830.73,342.77,829.22,342.83
829.36,342.83,829.22,342.83
830.73,342.77,831.04,342.76
831.25,341.51,829.96,341.48
831.49,341.41,829.96,341.48
813.33,381.97,813.13,381.52
813.38,379.68,813.00,379.72
813.87,382.39,813.58,382.27
814.31,382.53,813.58,382.27
814.01,382.40,813.58,382.27
814.31,382.53,813.87,382.39
813.74,378.63,813.58,378.47
814.41,382.03,814.15,382.30
814.89,382.15,814.15,382.30
814.62,382.44,814.15,382.30
814.01,378.33,813.87,378.38
814.89,382.15,814.41,382.03
814.31,378.24,813.87,378.38
814.31,378.24,814.15,378.49
815.11,381.69,814.61,381.60
814.74,381.05,814.61,381.60
815.11,381.69,814.74,381.05
814.62,378.36,814.15,378.49
814.62,378.36,814.41,378.79
814.79,380.43,814.74,381.05
815.11,379.16,814.41,378.79
814.89,378.68,814.41,378.79
815.25,379.77,814.79,380.43
813.58,378.47,813.42,379.00
813.62,379.07,813.87,378.38
814.15,378.49,813.87,378.38
814.15,378.49,813.62,379.07
813.79,379.28,814.15,378.49
814.41,378.79,814.15,378.49
812.78,380.35,812.82,379.93
812.95,380.34,812.82,379.93
812.95,380.34,813.00,379.72
813.33,378.74,813.58,378.47
813.33,378.74,813.22,379.05
813.05,379.24,813.22,379.05
812.91,379.54,812.82,379.93
813.00,379.72,812.82,379.93
812.91,379.54,813.00,379.72
813.13,379.17,813.33,378.74
813.13,379.17,813.05,379.24
812.91,379.54,813.05,379.24
814.41,378.79,813.79,379.28
813.93,379.59,814.41,378.79
814.61,379.24,814.41,378.79
814.61,379.24,813.93,379.59
814.02,379.99,814.61,379.24
814.74,379.81,814.61,379.24
814.74,379.81,814.02,379.99
814.06,380.42,814.74,379.81
814.79,380.43,814.74,379.81
814.79,380.43,814.06,380.42
814.02,380.85,814.79,380.43
814.74,381.05,814.79,380.43
813.93,381.23,814.74,381.05
814.61,381.60,814.74,381.05
814.41,382.03,814.61,381.60
814.41,382.03,813.79,381.53
813.87,382.39,814.15,382.30
813.87,382.39,813.42,381.77
813.22,381.70,813.87,382.39
813.58,382.27,813.87,382.39
813.58,382.27,813.22,381.70
813.33,381.97,813.58,382.27
812.82,380.78,812.78,380.35
813.33,381.97,813.05,381.49
813.13,381.52,813.33,381.97
812.82,380.78,813.00,380.96
813.13,381.52,812.82,380.78
813.38,381.00,814.37,381.00
814.32,380.33,814.37,381.00
813.38,381.00,814.32,380.33
813.34,380.33,813.38,381.00
814.51,381.60,814.73,382.08
813.38,379.68,814.37,379.68
813.38,379.68,813.34,380.33
814.01,382.40,815.00,382.40
814.01,382.40,814.73,382.08
814.51,379.09,814.37,379.68
813.38,379.68,814.51,379.09
814.31,382.53,815.30,382.53
815.00,382.40,815.30,382.53
814.31,382.53,815.00,382.40
814.73,378.63,814.51,379.09
813.52,379.09,814.73,378.63
815.30,382.53,815.61,382.44
814.31,382.53,815.30,382.53
815.00,378.33,814.73,378.63
813.74,378.63,815.00,378.33
814.01,378.33,815.00,378.33
814.01,378.33,813.74,378.63
814.89,382.15,815.88,382.15
815.61,382.44,815.88,382.15
814.89,382.15,815.61,382.44
814.62,382.44,815.61,382.44
814.01,378.33,815.30,378.24
814.31,378.24,815.30,378.24
814.31,378.24,814.01,378.33
815.88,382.15,816.10,381.69
814.89,382.15,815.88,382.15
815.61,378.36,815.30,378.24
816.10,381.69,816.24,381.10
815.11,381.69,816.10,381.69
815.88,378.68,815.61,378.36
814.89,378.68,814.62,378.36
815.11,379.16,816.10,379.16
815.11,379.16,814.89,378.68
815.25,379.77,816.24,379.77
816.29,380.44,816.24,379.77
814.62,382.44,815.61,382.44
815.25,379.77,816.29,380.44
815.30,380.44,816.29,380.44
815.11,379.16,816.10,379.16
816.24,379.77,816.10,379.16
815.11,379.16,816.24,379.77
815.25,379.77,816.24,379.77
815.11,379.16,815.25,379.77
817.89,380.06,817.89,380.62
814.76,380.51,816.01,371.53
814.76,380.51,815.50,371.33
817.89,379.25,819.01,371.33
814.76,356.20,815.31,371.30
814.76,356.20,815.92,367.02
819.70,367.02,815.92,367.02
814.76,356.20,819.70,367.02
816.09,367.19,816.57,367.54
819.92,367.54,816.57,367.54
816.09,367.19,819.92,367.54
819.60,367.19,819.92,367.54
816.09,367.19,819.60,367.19
819.92,367.54,819.60,367.19
819.01,371.33,819.92,367.54
819.36,371.53,819.92,367.54
819.01,371.33,819.36,371.53
814.76,380.51,818.10,380.51
816.09,367.19,816.57,367.54
816.01,371.53,816.09,367.19
815.50,371.33,816.09,367.19
816.01,371.53,815.50,371.33
837.16,380.06,817.89,380.06
817.97,379.22,837.16,380.06
811.02,379.21,810.94,380.06
814.13,380.06,810.94,380.06
814.21,379.22,814.13,380.06
815.31,371.30,814.21,379.22
811.02,379.21,815.31,371.30
812.78,371.30,815.31,371.30
837.25,379.22,819.09,371.30
819.70,367.02,819.09,371.30
837.74,371.30,819.09,371.30
840.15,356.20,819.70,367.02
817.89,380.06,817.89,380.62
814.13,380.06,814.12,380.61
814.13,380.06,814.32,380.49
814.32,380.07,814.32,380.49
814.21,379.22,814.13,380.06
814.32,380.07,814.13,380.06
814.21,379.22,814.32,380.07
814.40,379.25,814.32,380.07
817.89,379.25,817.81,380.07
817.89,380.06,817.81,380.07
814.40,379.25,814.21,379.22
815.31,371.30,814.40,379.25
815.50,371.33,814.40,379.25
815.92,367.02,815.31,371.30
815.50,371.33,815.31,371.30
815.92,367.02,815.50,371.33
816.09,367.19,815.50,371.33
815.92,367.02,816.09,367.19
819.70,367.02,815.92,367.02
816.09,367.19,815.92,367.02
819.70,367.02,816.09,367.19
819.70,367.02,816.09,367.19
819.60,367.19,816.09,367.19
819.70,367.02,819.60,367.19
819.01,371.33,817.89,379.25
817.97,379.22,817.89,379.25
819.01,371.33,817.97,379.22
814.76,380.51,818.10,380.51
819.36,371.53,814.76,380.51
816.01,371.53,814.76,380.51
816.57,367.54,819.92,367.54
816.01,371.53,816.57,367.54
819.36,371.53,816.01,371.53
826.41,382.96,827.03,383.20
817.81,380.07,817.89,380.62
827.25,383.43,827.03,383.20
826.41,382.96,827.25,383.43
826.60,383.18,827.25,383.43
827.25,383.43,830.38,383.61
832.54,383.56,830.38,383.61
832.54,383.56,827.25,383.43
832.54,383.56,829.55,383.42
826.60,383.18,827.25,383.43
829.55,383.42,827.25,383.43
819.36,371.53,818.10,380.51
830.15,383.38,830.38,383.61
829.29,381.19,828.99,380.58
827.88,382.16,827.44,381.99
827.88,382.16,827.71,381.75
828.14,381.91,827.71,381.75
827.03,380.67,828.99,380.58
828.80,379.82,827.03,380.67
827.03,383.20,827.88,382.16
829.29,381.19,827.33,381.32
827.03,380.67,827.33,381.32
827.03,381.52,827.33,381.32
826.70,380.82,827.03,381.52
825.86,382.33,826.41,382.96
827.03,381.52,827.44,381.99
826.60,383.18,826.41,382.96
825.86,382.33,826.60,383.18
826.02,382.52,826.60,383.18
826.60,383.18,828.71,383.17
827.49,382.51,826.60,383.18
814.40,381.22,814.93,381.91
814.92,381.97,814.37,381.25
829.55,383.42,833.86,386.91
828.14,381.91,827.88,382.16
829.66,381.59,827.71,381.75
828.14,381.91,829.66,381.59
830.07,381.74,829.66,381.59
828.74,378.99,828.80,379.82
825.86,382.33,827.03,381.52
814.40,381.22,814.37,381.25
816.10,381.68,814.93,381.91
815.21,382.44,816.10,381.68
815.88,382.14,816.10,381.68
815.21,382.44,814.93,381.91
815.22,382.54,814.93,381.91
814.92,381.97,814.93,381.91
830.39,382.03,830.15,382.28
830.39,382.03,828.14,381.91
832.28,381.85,830.07,381.74
813.80,380.77,813.50,380.88
824.57,381.44,814.37,381.25
825.86,382.33,826.02,382.52
837.15,380.90,817.89,380.06
826.02,382.52,826.10,381.52
816.28,380.43,816.24,381.09
823.95,389.36,825.66,388.90
814.98,382.85,815.61,382.43
815.22,382.76,815.88,382.14
829.68,386.64,832.27,389.37
825.66,388.90,832.27,389.37
826.77,378.99,826.84,379.87
826.77,378.99,826.50,379.94
826.43,378.98,826.50,379.94
826.50,379.94,826.70,380.82
826.50,379.94,825.38,381.29
824.57,381.44,813.50,380.88
824.03,381.44,826.10,381.52
816.28,380.43,813.80,380.77
816.28,380.43,814.08,380.86
822.40,390.93,823.95,389.36
822.40,390.93,824.15,389.53
815.00,382.39,815.30,382.51
815.00,382.39,814.98,382.85
814.52,382.72,814.98,382.85
826.84,378.11,827.03,377.32
826.84,378.11,826.71,377.17
827.33,376.70,827.03,377.32
829.29,376.85,827.33,376.70
813.36,380.62,813.51,380.77
813.36,380.62,813.50,380.88
813.30,380.67,813.50,380.88
826.77,378.99,826.84,378.11
826.50,378.03,826.43,378.98
823.81,381.21,825.38,381.29
825.56,381.52,825.38,381.29
821.41,393.57,820.66,396.72
837.92,396.72,821.41,393.57
838.70,393.57,821.41,393.57
822.62,391.08,822.40,390.93
821.17,393.46,822.62,391.08
821.41,393.57,822.62,391.08
821.17,393.46,821.41,393.57
814.52,382.72,815.00,382.39
814.98,382.85,815.22,382.76
814.51,381.59,814.73,382.07
813.87,382.36,814.73,382.07
814.51,381.59,813.87,382.36
813.07,381.81,813.87,382.36
827.03,376.50,826.71,377.17
827.33,376.70,827.03,376.50
813.31,380.45,813.30,380.67
823.81,371.65,826.50,378.03
823.81,381.21,826.50,378.03
826.43,378.98,826.50,378.03
816.24,379.77,816.28,380.43
813.30,379.66,813.36,380.44
824.35,364.27,822.92,364.55
815.41,359.59,815.98,359.95
820.56,396.84,820.41,396.68
819.44,396.58,820.56,396.84
820.66,396.72,837.82,396.84
830.39,382.03,828.14,381.91
820.56,396.84,837.82,396.84
820.66,396.72,820.56,396.84
814.52,382.72,814.98,382.85
816.45,385.75,829.68,386.64
814.98,382.99,815.24,382.89
828.14,376.19,830.07,376.37
827.71,376.31,827.44,376.07
814.38,380.99,814.51,381.59
813.07,381.81,814.51,381.59
814.38,380.99,813.07,381.81
812.21,381.10,813.07,381.81
823.81,381.21,813.30,380.67
813.31,380.45,813.30,380.67
816.24,379.77,813.30,379.66
813.14,378.95,816.24,379.77
813.31,380.45,813.36,380.44
813.30,379.66,813.36,380.44
813.30,379.66,813.31,380.45
815.84,360.25,815.31,360.00
815.31,360.00,815.98,359.95
824.35,364.27,822.92,364.55
824.35,364.27,822.88,364.15
824.19,363.93,822.88,364.15
824.35,364.27,824.19,363.93
815.41,359.59,815.23,360.09
815.41,359.59,815.31,360.00
816.07,359.57,815.41,359.59
819.22,396.48,819.59,396.75
819.09,396.34,819.59,396.75
819.59,396.75,819.44,396.58
820.56,396.84,837.82,396.84
814.48,382.84,814.52,382.72
813.77,382.45,814.48,382.84
827.44,376.07,827.03,376.50
823.81,371.65,827.03,376.50
827.88,375.94,827.44,376.07
847.61,366.58,815.29,366.09
811.16,380.76,811.24,380.65
816.10,379.17,813.14,378.95
813.25,379.63,813.30,379.66
815.66,360.44,815.84,360.25
815.17,360.32,815.84,360.25
815.17,360.32,815.31,360.00
815.07,360.44,815.31,360.00
815.07,360.44,815.23,360.09
822.62,364.29,822.88,364.15
815.07,365.91,847.43,364.91
815.07,365.91,847.43,366.39
815.07,360.44,822.62,361.71
815.07,360.44,815.23,360.09
822.88,361.88,822.88,364.15
822.62,364.29,822.88,364.15
822.88,361.88,822.62,364.29
822.88,361.88,822.62,364.29
822.62,361.71,822.62,364.29
822.88,361.88,822.62,361.71
824.35,364.27,824.35,361.74
824.19,362.08,824.35,364.27
824.19,363.93,824.35,364.27
824.19,362.08,824.19,363.93
824.19,363.93,822.88,364.15
824.19,363.93,822.88,361.88
822.78,361.37,822.62,361.71
815.34,359.64,822.62,361.71
815.37,359.15,815.34,359.64
815.44,359.15,815.34,359.64
815.44,359.15,815.41,359.59
815.41,358.70,815.44,359.15
816.10,359.15,815.44,359.15
815.41,358.70,816.10,359.15
816.07,358.73,816.10,359.15
818.95,395.84,819.22,396.48
827.33,376.70,828.99,377.43
812.21,381.10,812.16,380.74
812.07,381.13,812.01,380.76
812.16,380.74,812.01,380.76
812.94,381.86,813.07,381.81
812.07,381.13,812.94,381.86
823.81,371.65,827.88,375.94
823.81,371.65,839.84,376.40
816.41,366.46,816.60,366.22
816.41,366.46,816.11,368.81
815.99,368.41,816.11,368.81
816.41,366.46,815.99,368.41
815.29,366.09,816.41,366.46
815.11,366.34,816.41,366.46
815.29,366.09,815.11,366.34
815.29,366.09,847.61,366.58
814.33,380.34,814.38,380.99
811.07,380.50,811.24,380.65
811.93,380.71,811.07,380.50
812.56,378.00,812.88,378.37
815.88,378.69,812.88,378.37
812.56,378.00,815.88,378.69
813.08,378.88,813.14,378.95
815.47,360.51,814.98,360.52
815.47,360.51,815.66,360.44
814.98,360.52,815.66,360.44
815.07,360.44,815.17,360.32
815.07,360.44,822.62,364.29
822.78,364.63,822.62,364.29
815.07,360.44,822.78,364.63
824.19,362.08,824.35,361.74
815.41,358.70,815.37,359.15
815.44,359.15,815.37,359.15
815.41,358.70,815.44,359.15
816.07,358.73,815.41,358.70
815.31,358.30,816.07,358.73
832.41,389.54,825.84,389.08
811.16,380.76,811.24,380.65
812.01,380.76,811.16,380.76
836.15,395.84,819.22,396.48
819.59,396.75,820.56,396.84
816.45,385.75,818.85,395.75
816.45,385.75,818.95,395.84
816.57,385.73,818.95,395.84
811.43,381.56,816.45,385.75
814.80,368.93,816.11,368.81
815.99,368.41,814.80,368.93
815.99,368.41,814.80,368.93
812.16,380.74,811.93,380.71
811.07,380.50,810.92,380.55
810.91,380.32,810.92,380.55
810.91,380.32,811.07,380.50
812.20,377.86,812.56,378.00
815.61,378.38,812.56,378.00
812.20,377.86,815.61,378.38
815.30,378.26,815.61,378.38
812.20,377.86,815.30,378.26
812.81,378.29,812.88,378.37
827.88,375.94,827.44,376.07
812.56,378.00,812.88,378.37
828.14,376.19,827.71,376.31
812.48,377.90,812.81,378.29
814.57,360.52,814.78,360.59
815.28,360.44,814.78,360.59
815.28,360.44,815.47,360.51
814.64,360.75,814.98,360.52
814.64,360.75,814.87,360.67
822.78,361.37,822.62,361.71
823.04,361.55,822.78,361.37
822.88,361.88,823.04,361.55
815.23,358.20,815.34,358.65
815.41,358.70,815.34,358.65
815.31,358.30,815.41,358.70
815.17,357.98,815.31,358.30
815.98,358.35,815.31,358.30
815.17,357.98,815.98,358.35
815.84,358.05,815.98,358.35
811.35,380.73,811.16,380.76
810.53,380.73,811.16,380.76
816.57,385.73,818.95,395.84
836.15,395.84,818.95,395.84
816.45,385.75,816.57,385.73
811.59,381.59,816.57,385.73
812.07,381.13,812.01,380.76
811.35,380.73,812.07,381.13
814.80,368.93,823.83,369.14
823.81,369.38,823.83,369.14
823.81,369.38,814.80,368.93
814.68,368.54,815.99,368.41
815.11,366.34,815.29,366.09
815.11,366.34,815.07,365.91
811.11,379.55,811.05,380.33
814.38,379.68,811.05,380.33
814.38,379.68,814.33,380.34
811.05,380.33,814.33,380.34
811.85,377.97,815.30,378.26
812.48,377.90,812.11,377.75
810.95,371.38,812.81,378.29
812.48,377.90,812.81,378.29
810.07,380.38,810.36,380.59
810.53,380.73,810.36,380.59
810.07,380.38,810.53,380.73
814.39,360.31,814.57,360.52
815.10,360.25,814.57,360.52
814.41,360.67,814.64,360.75
815.31,358.30,815.23,358.20
814.98,357.77,815.17,357.98
815.84,358.05,815.17,357.98
815.10,360.25,815.28,360.44
815.66,357.85,815.84,358.05
815.47,357.79,814.57,357.77
815.47,357.79,815.28,357.86
810.53,380.73,810.21,380.49
811.35,380.73,810.53,380.73
811.06,380.49,811.35,380.73
814.39,368.71,814.68,368.54
814.80,368.93,814.68,368.54
814.51,369.10,814.80,368.93
814.51,369.10,823.81,371.65
810.95,371.38,823.81,371.65
814.89,366.17,815.11,366.34
814.68,368.54,815.11,366.34
814.89,366.17,814.68,368.54
814.39,368.71,814.68,368.54
814.89,366.17,814.39,368.71
811.27,378.86,811.11,379.55
814.51,379.10,814.38,379.68
811.11,379.55,814.38,379.68
811.11,379.55,811.05,380.33
810.91,380.32,811.05,380.33
811.11,379.55,810.91,380.32
815.00,378.35,811.85,377.97
811.85,377.97,812.20,377.86
811.85,377.97,812.11,377.75
812.88,378.37,813.14,378.95
814.39,357.98,814.57,357.77
815.28,357.86,814.57,357.77
812.81,378.29,813.08,378.88
815.10,358.05,815.28,357.86
814.15,358.70,814.24,358.30
814.24,360.00,814.39,360.31
814.97,359.95,814.39,360.31
814.97,359.95,815.10,360.25
814.39,360.31,815.10,360.25
814.21,360.44,814.57,360.52
814.41,360.67,814.57,360.52
812.67,363.20,814.64,360.75
814.41,360.67,814.64,360.75
815.07,357.85,815.23,358.20
812.88,378.37,813.08,378.88
814.39,357.98,815.28,357.86
790.81,384.06,791.93,384.43
814.87,357.62,815.07,357.85
814.98,357.77,815.17,357.98
828.97,426.40,829.34,425.69
810.93,380.90,836.70,381.59
814.73,378.64,811.53,378.31
788.40,382.20,787.80,378.09
811.27,378.86,811.11,379.55
810.97,379.51,811.11,379.55
787.86,383.48,786.68,382.54
809.88,379.84,810.07,380.38
785.68,377.54,785.64,378.04
814.39,357.98,814.41,357.62
786.03,377.70,785.64,378.04
814.21,357.85,814.41,357.62
816.85,354.62,815.49,355.53
814.24,358.30,815.10,358.05
825.70,410.62,826.21,410.98
814.97,358.35,815.10,358.05
814.15,358.70,814.04,358.21
814.15,358.70,814.24,358.30
793.93,378.08,794.17,378.03
794.00,377.87,792.84,377.81
814.12,359.15,814.15,358.70
814.88,358.73,814.15,358.70
814.12,359.15,814.88,358.73
814.85,359.15,814.88,358.73
814.88,359.57,814.24,360.00
793.95,378.43,794.06,378.46
814.88,359.57,814.97,359.95
816.79,384.18,794.42,382.89
814.24,360.00,814.39,360.31
790.24,382.63,790.03,382.30
814.04,360.09,814.39,360.31
790.24,382.63,789.60,382.48
814.04,360.09,814.21,360.44
814.78,357.70,814.98,357.77
814.87,357.62,814.78,357.70
814.87,357.62,814.64,357.54
823.53,348.42,825.32,348.84
818.89,367.59,817.95,369.05
810.21,380.49,810.84,379.91
831.05,357.86,831.25,357.85
811.93,368.41,812.67,363.20
815.34,359.64,815.23,360.09
814.62,351.44,813.38,352.89
812.74,363.24,811.93,368.41
812.74,363.24,812.03,368.26
812.03,368.26,811.55,368.25
811.62,368.25,811.55,368.25
811.55,368.25,812.03,368.26
811.37,368.39,812.03,368.26
811.27,378.86,811.53,378.31
811.40,378.22,811.14,378.79
809.88,379.84,809.98,379.91
814.58,346.58,817.01,346.25
814.24,358.30,814.04,358.21
809.62,371.05,811.37,371.18
814.21,357.85,814.04,358.21
823.53,348.42,825.32,348.84
814.24,358.30,814.21,357.85
813.90,359.15,813.94,358.65
814.85,359.15,814.12,359.15
827.60,352.54,828.64,354.24
814.15,359.59,814.85,359.15
814.15,359.59,814.24,360.00
813.94,359.64,814.24,360.00
822.91,309.04,828.55,308.32
810.94,380.06,810.84,380.88
823.90,347.73,825.74,348.86
812.74,363.24,812.70,368.26
815.56,371.89,815.55,371.74
811.62,368.25,811.37,368.39
807.10,357.83,806.93,360.00
823.85,352.40,825.05,352.31
809.98,379.91,810.84,379.91
825.55,344.71,825.71,344.77
814.04,358.21,813.18,356.19
814.15,359.59,814.12,359.15
809.87,349.73,808.36,351.03
807.30,350.28,806.06,351.98
783.40,369.88,784.88,369.88
811.40,347.73,812.65,348.77
812.16,368.25,812.99,362.36
815.17,360.32,815.31,360.00
811.08,371.30,809.99,379.21
831.20,341.68,832.37,341.78
825.68,392.12,827.43,390.88
812.22,362.29,813.05,356.42
812.44,362.35,812.22,362.29
792.70,378.33,794.29,378.41
812.36,362.14,812.22,362.29
813.18,356.19,835.39,355.75
812.16,368.25,811.48,368.37
812.23,368.37,811.48,368.37
811.48,368.37,810.95,371.38
795.96,384.21,794.67,383.22
811.08,371.30,810.84,379.23
812.78,371.30,810.84,379.23
813.05,356.42,813.18,356.19
813.33,355.97,836.85,355.75
805.38,366.25,809.58,368.16
787.30,373.20,787.42,373.31
812.99,362.36,812.16,368.25
799.30,373.52,799.24,373.61
811.08,371.30,812.78,371.30
799.07,375.66,799.03,375.57
811.22,358.11,813.93,359.05
813.11,362.15,814.76,356.20
815.88,378.69,816.10,379.17
794.73,383.03,795.12,382.93
815.63,354.33,836.85,355.75
812.88,378.37,816.10,379.17
795.37,384.85,795.29,385.16
800.35,353.83,803.94,355.75
800.32,374.06,800.18,374.10
800.23,373.56,800.09,373.64
814.76,356.20,812.23,368.37
785.60,373.58,784.14,373.53
814.76,356.20,813.11,362.15
804.04,370.42,803.69,370.33
814.75,355.97,813.33,355.97
814.75,355.97,813.19,356.20
814.76,356.20,813.19,356.20
827.00,336.19,831.13,335.79
814.40,379.25,815.50,371.33
815.78,354.33,814.75,355.97
794.91,382.59,794.29,378.41
815.78,354.33,814.76,356.20
805.64,376.40,807.72,376.40
831.11,350.72,830.93,351.17
815.78,354.33,840.15,356.20
816.52,352.83,815.63,354.33
816.67,352.83,815.78,354.33
821.17,393.46,820.41,396.68
830.99,350.72,817.49,351.45
787.25,377.61,786.16,377.56
816.10,379.17,816.24,379.77
812.16,380.74,814.38,380.99
790.81,384.06,789.58,383.35
816.67,352.83,815.78,354.33
839.67,354.33,815.78,354.33
814.98,357.77,815.07,357.85
816.67,352.83,816.52,352.83
831.11,350.72,830.99,350.72
798.21,377.77,797.89,377.72
831.74,349.89,830.99,350.72
796.52,377.66,797.89,377.72
818.50,371.18,818.49,371.02
831.82,349.94,831.11,350.72
790.76,383.88,789.42,383.80
817.67,351.45,816.67,352.83
817.67,351.45,839.22,352.83
794.06,378.46,793.95,378.43
819.05,350.21,817.67,351.45
838.62,351.45,817.67,351.45
819.05,350.21,818.77,350.20
822.83,350.96,823.31,350.91
818.77,350.20,820.42,349.25
833.30,348.91,820.42,349.25
827.74,418.31,827.97,418.34
828.71,440.88,828.58,440.83
820.72,349.29,819.05,350.21
833.30,348.91,820.42,349.25
820.15,348.24,833.30,348.91
820.15,348.24,820.42,349.25
832.63,347.87,820.19,348.07
832.61,347.68,820.19,348.07
796.54,384.17,796.67,384.41
820.37,348.05,820.30,348.21
820.37,348.05,820.15,348.24
827.11,328.73,827.18,328.65
763.08,353.89,760.98,352.82
837.35,348.21,820.37,348.05
821.34,347.09,820.19,348.07
821.13,347.19,820.19,348.07
821.13,347.19,832.94,346.92
818.68,371.89,818.84,371.68
824.41,344.94,822.43,346.19
793.47,384.44,794.79,383.68
834.68,344.66,822.43,346.19
821.34,347.09,837.38,348.05
797.90,378.09,798.22,378.14
822.43,346.19,821.13,347.19
828.39,329.84,828.21,330.58
750.00,353.56,750.18,353.80
825.69,344.05,834.68,344.66
819.27,372.15,818.67,371.13
824.41,344.94,822.43,346.19
824.49,345.00,822.39,346.29
799.94,377.85,800.10,377.69
825.69,344.05,824.41,344.94
810.84,379.23,809.98,379.91
825.69,344.05,824.49,345.00
822.39,346.29,821.34,347.09
825.97,344.02,824.49,345.00
755.45,356.99,754.72,358.41
813.80,380.77,813.51,380.77
755.45,356.99,760.92,356.94
836.08,343.63,827.18,342.91
817.49,351.45,816.52,352.83
810.36,380.59,810.92,380.55
827.14,343.19,825.97,344.02
810.36,380.59,811.16,380.76
827.14,343.19,836.67,344.02
827.14,343.19,835.52,343.19
827.18,342.91,835.52,343.19
827.18,342.91,825.69,344.05
827.18,342.91,825.97,344.02
800.88,382.83,800.62,382.39
815.92,372.15,816.01,371.53
830.77,325.59,827.54,325.83
815.55,371.74,815.38,371.18
801.08,377.71,799.87,377.66
815.55,371.74,815.32,371.13
793.24,383.38,794.68,382.63
818.67,371.74,815.38,371.18
796.67,384.41,796.62,384.64
793.24,383.38,794.42,382.45
818.67,371.74,818.50,371.18
818.84,371.68,818.50,371.18
819.27,372.15,819.36,371.53
818.66,370.97,819.18,367.25
819.38,371.38,819.97,367.27
795.41,384.53,795.42,384.80
818.66,370.97,819.18,367.25
818.66,370.97,819.01,367.34
796.57,383.80,797.94,383.88
818.49,371.02,819.01,367.34
794.89,384.06,792.28,384.33
795.08,377.99,794.59,382.20
815.36,371.02,815.88,367.34
794.89,384.06,796.11,383.35
815.36,371.02,819.01,367.34
815.36,371.02,815.83,367.25
816.03,371.38,816.61,367.27
822.99,308.64,823.00,309.18
820.68,399.42,822.31,399.29
814.47,379.24,815.50,371.86
824.82,399.70,824.87,399.67
818.10,380.45,818.85,371.86
828.61,349.15,830.24,350.15
811.74,377.86,811.85,377.97
814.01,382.40,815.00,382.40
818.10,380.45,819.25,372.30
783.26,374.98,783.26,380.93
817.81,379.24,818.68,371.89
801.85,377.76,801.65,377.54
814.47,379.24,815.50,371.86
791.97,384.11,790.73,384.50
815.31,370.97,816.03,371.38
821.60,398.02,821.91,398.00
825.69,344.05,827.18,342.91
815.31,370.97,816.01,371.53
815.36,371.02,815.31,370.97
815.36,371.02,815.32,371.13
818.49,371.02,815.38,371.18
818.66,370.97,818.49,371.02
818.66,370.97,818.50,371.18
815.31,370.97,815.83,367.25
815.56,371.89,818.68,371.89
811.62,368.25,811.55,368.25
815.56,371.89,818.67,371.74
815.49,371.68,815.55,371.74
796.96,377.56,797.20,377.34
815.83,367.25,819.18,367.25
815.83,367.25,819.97,367.27
817.57,380.32,814.45,380.32
817.57,380.32,814.39,380.43
817.57,380.06,817.57,380.32
817.73,380.07,817.73,380.43
815.88,367.34,819.01,367.34
815.88,367.34,819.18,367.25
817.82,342.04,817.23,340.79
820.11,362.01,820.11,356.14
811.74,377.86,812.11,377.75
816.33,362.74,819.33,360.92
816.33,362.74,819.76,362.76
819.31,355.18,816.99,355.18
819.24,362.01,819.30,362.48
805.78,376.03,807.89,376.03
819.67,362.95,819.46,362.82
818.42,360.71,818.42,355.35
823.16,362.97,823.38,362.85
805.78,379.86,808.07,379.86
819.99,362.97,823.38,362.85
820.19,348.07,820.37,348.05
819.99,362.97,820.20,362.85
823.38,362.85,820.20,362.85
823.54,362.51,820.36,362.51
815.98,356.18,816.75,356.17
816.49,355.31,816.12,355.68
813.46,378.25,817.52,378.43
817.76,355.17,817.26,355.30
816.49,355.31,817.26,355.30
803.95,382.59,802.94,378.33
819.47,355.64,820.25,355.63
819.67,362.95,823.16,362.97
823.53,355.13,821.13,355.13
814.37,376.29,807.89,376.03
823.53,355.13,823.60,355.34
816.03,362.37,816.15,362.63
811.79,379.10,815.83,379.30
804.24,383.03,804.41,382.78
816.33,362.74,816.31,362.82
804.24,383.03,804.76,382.89
816.33,362.74,816.15,362.63
811.40,378.57,815.45,378.76
819.99,362.97,819.76,362.76
819.94,362.66,819.76,362.76
819.99,362.97,819.94,362.66
819.99,362.97,820.20,362.85
816.93,355.33,816.87,355.29
820.11,362.01,820.36,362.51
820.07,362.40,820.36,362.51
811.79,377.39,815.83,377.57
816.10,356.21,815.98,361.99
816.10,362.01,815.98,361.99
820.11,356.14,820.42,356.16
820.25,355.63,820.54,355.74
816.92,355.38,816.49,355.31
814.54,378.25,814.54,376.69
819.24,355.38,819.31,355.18
816.99,355.18,819.31,355.18
807.72,377.94,807.90,379.47
821.25,355.34,820.83,355.45
820.62,355.26,820.83,355.45
821.25,355.34,823.60,355.34
821.35,355.14,823.53,355.13
788.21,383.94,787.58,384.67
819.33,360.92,821.35,360.92
811.63,376.39,812.23,376.29
789.15,384.63,788.19,384.71
818.76,355.17,821.35,355.14
818.76,355.17,821.35,360.92
818.76,355.17,818.76,360.91
816.56,360.71,816.56,355.56
821.51,324.57,821.04,324.08
818.47,357.54,816.95,357.52
816.56,360.71,818.47,357.54
816.56,360.71,818.90,360.72
821.70,338.73,821.01,338.73
818.70,357.08,818.70,355.53
829.96,341.48,829.86,341.60
818.90,360.72,818.90,355.53
819.19,355.16,818.81,355.27
819.37,355.15,818.81,355.27
818.70,355.53,819.01,355.26
813.02,377.39,816.79,377.42
790.51,377.76,790.65,378.28
818.90,355.53,819.01,355.26
818.70,355.53,818.90,355.53
817.03,355.18,816.67,355.29
804.66,379.49,811.09,379.81
816.56,355.56,816.67,355.29
813.26,377.63,813.02,377.39
816.87,355.29,816.67,355.29
816.56,355.56,816.87,355.29
823.54,347.88,825.41,348.33
813.94,358.65,814.04,358.21
816.56,355.56,816.76,355.56
817.31,357.37,816.89,357.37
819.09,357.36,818.67,357.36
818.74,357.07,819.09,357.36
819.72,321.87,819.73,321.73
817.03,357.49,818.54,357.48
816.15,362.48,816.31,362.82
818.96,357.48,817.44,357.49
814.54,376.69,814.37,376.29
817.25,355.23,817.26,355.18
817.25,355.23,819.19,355.16
814.56,380.19,814.73,379.81
816.93,355.33,817.26,355.18
817.25,355.23,817.26,355.18
812.23,380.19,812.44,379.81
816.83,355.57,816.87,355.29
805.19,376.12,811.09,376.67
816.83,355.57,816.93,355.33
805.19,376.12,804.66,376.39
788.55,384.59,787.58,384.67
816.83,355.57,816.76,355.56
811.09,379.81,811.49,379.51
816.89,357.37,816.76,357.10
816.89,357.37,816.83,357.09
816.95,357.52,816.82,357.40
810.66,379.38,811.14,379.16
817.03,357.49,816.82,357.40
810.85,378.25,810.28,378.24
818.47,357.54,816.95,357.52
818.67,357.36,818.54,357.48
818.63,357.40,818.47,357.54
804.16,377.46,803.96,377.35
818.70,355.53,818.82,355.31
818.70,355.53,818.81,355.27
818.70,357.08,818.72,355.54
818.70,355.53,818.72,355.54
804.71,376.70,804.66,376.39
818.74,357.07,818.70,357.08
818.74,357.07,818.63,357.40
835.39,327.40,822.85,327.52
818.42,355.35,818.42,360.71
790.86,384.74,789.89,384.83
835.39,327.52,822.85,327.52
818.42,355.35,816.59,360.71
816.59,355.57,816.59,360.71
819.08,355.31,819.41,355.21
805.64,379.47,805.78,379.86
818.41,355.18,818.51,355.33
818.41,355.18,820.86,355.30
818.41,355.18,820.76,355.15
803.87,377.94,804.08,377.94
820.86,355.30,818.51,355.33
803.96,378.53,804.16,378.41
818.96,360.78,820.86,360.78
819.37,355.15,820.76,355.15
819.41,355.21,820.75,355.21
817.03,355.18,817.01,355.24
820.86,360.78,820.83,360.72
818.35,355.24,818.41,355.18
818.42,355.35,818.35,355.24
816.59,355.57,816.69,355.34
799.54,373.20,799.81,373.10
816.56,355.56,816.69,355.34
799.54,373.20,799.30,373.52
816.56,355.56,816.67,355.29
804.23,379.07,804.66,379.49
816.56,360.71,816.59,355.57
788.84,384.50,789.89,384.83
816.56,355.56,816.59,355.57
804.23,379.07,804.71,379.17
816.56,360.71,816.56,355.56
816.59,360.71,818.51,360.77
799.07,375.66,799.25,376.00
818.90,360.72,818.96,360.78
816.62,360.77,818.96,360.78
816.56,360.71,816.62,360.77
818.90,360.72,816.56,360.71
818.98,360.72,818.90,355.53
818.98,360.72,818.98,355.54
819.15,355.21,817.25,355.23
819.09,357.36,819.15,357.07
817.31,357.37,819.09,357.36
820.67,334.10,820.13,332.99
831.25,341.51,831.49,341.41
820.66,343.11,819.77,343.45
812.91,379.54,813.05,379.24
792.28,384.33,791.37,384.41
813.42,380.35,813.05,379.24
813.42,380.35,813.22,379.05
813.42,380.35,813.42,379.00
813.42,380.35,813.62,379.07
812.91,381.17,812.82,380.78
813.42,380.35,812.82,380.78
812.78,380.35,812.82,380.78
813.42,380.35,812.78,380.35
812.82,379.93,812.78,380.35
813.42,380.35,812.91,379.54
812.91,379.54,812.82,379.93
814.02,379.99,813.93,379.59
822.66,337.10,822.52,335.18
813.42,380.35,814.02,379.99
814.02,380.85,814.06,380.42
813.42,380.35,814.02,380.85
813.42,380.35,813.93,381.23
813.79,381.53,813.93,381.23
813.42,380.35,813.79,381.53
813.62,381.72,813.79,381.53
813.42,380.35,813.62,381.72
813.42,381.77,813.62,381.72
813.22,381.70,813.42,381.77
813.42,380.35,813.22,381.70
812.91,381.17,813.42,380.35
812.91,381.17,813.05,381.49
817.81,380.07,817.89,379.25
792.02,384.95,792.99,385.03
818.10,380.51,817.89,379.25
818.10,380.51,817.81,380.49
818.10,380.51,817.81,380.07
814.32,380.49,814.32,380.07
828.99,380.58,828.80,379.82
830.07,379.06,828.80,379.82
829.68,386.64,829.55,383.42
828.80,378.17,828.74,378.99
830.07,379.06,828.74,378.99
828.99,377.43,828.80,378.17
829.68,386.64,827.49,382.51
830.07,381.74,829.66,381.59
830.07,379.06,830.07,381.74
824.57,381.44,826.10,381.52
829.68,386.64,824.57,381.44
818.42,355.35,818.35,355.24
813.42,380.35,813.79,379.28
814.08,380.86,813.80,380.77
841.67,343.18,818.88,343.18
814.03,380.88,813.80,380.77
813.42,380.35,813.93,379.59
814.08,380.86,814.03,380.88
822.63,320.93,828.65,319.92
815.22,382.54,814.92,381.97
830.07,381.74,832.28,381.85
830.07,379.06,830.07,381.74
822.64,320.33,822.82,320.48
830.07,379.06,829.29,376.85
829.68,386.64,815.24,382.89
815.22,382.54,815.24,382.89
829.68,386.64,815.22,382.54
825.66,388.90,829.68,386.64
819.77,343.45,820.66,343.11
829.66,376.49,830.07,376.37
830.07,379.06,830.07,376.37
819.77,343.45,820.24,342.76
829.66,376.49,830.07,379.06
826.50,379.94,826.43,378.98
823.81,381.21,826.50,379.94
819.44,396.58,820.41,396.68
820.56,396.84,820.41,396.68
820.66,396.72,820.41,396.68
820.56,396.84,820.66,396.72
821.10,324.57,821.04,325.06
819.09,396.34,819.44,396.58
821.17,393.46,819.44,396.58
821.17,393.46,822.40,390.93
827.68,302.94,827.78,303.00
815.47,359.15,815.84,360.25
815.66,360.44,815.84,360.25
816.10,362.01,819.30,362.48
818.85,395.75,816.45,385.75
821.17,393.46,816.45,385.75
818.85,395.75,821.17,393.46
814.98,382.99,816.45,385.75
814.48,382.84,816.45,385.75
823.81,371.65,813.31,380.45
815.47,359.15,816.07,358.73
814.48,382.84,816.45,385.75
813.77,382.45,816.45,385.75
814.48,382.84,813.77,382.45
823.81,371.65,813.25,379.63
815.47,359.15,815.47,360.51
830.92,343.39,829.96,343.06
815.28,360.44,815.47,360.51
815.47,359.15,815.98,358.35
811.43,381.56,812.07,381.13
813.08,378.88,823.81,371.65
812.81,378.29,813.08,378.88
813.94,359.64,812.22,362.29
815.10,360.25,815.28,360.44
818.66,370.97,819.97,367.27
815.07,365.91,815.07,360.44
822.78,361.37,815.37,359.15
815.66,357.85,815.84,358.05
810.07,380.38,810.91,380.32
814.64,357.54,814.87,357.62
815.47,359.15,815.28,357.86
818.84,371.68,818.67,371.13
820.54,355.74,820.83,355.45
815.10,358.05,815.28,357.86
815.07,365.91,814.87,360.67
814.87,360.67,814.64,360.75
815.23,358.20,815.34,358.65
818.76,360.91,817.76,355.17
815.47,359.15,815.66,357.85
818.76,360.91,816.75,360.91
815.47,359.15,815.47,357.79
815.66,357.85,815.47,357.79
814.85,359.15,814.88,358.73
810.84,380.88,811.35,380.73
810.95,371.38,812.11,377.75
814.88,359.57,815.47,359.15
816.45,385.75,822.40,390.93
814.85,359.15,814.88,359.57
814.21,360.44,812.67,363.20
815.07,357.85,835.13,355.96
826.36,390.88,827.43,390.88
811.06,380.49,810.84,380.88
811.06,380.49,810.84,379.91
795.21,384.64,796.13,384.72
809.87,379.24,811.14,378.79
820.96,344.95,837.69,344.95
810.97,379.51,811.14,378.79
809.87,379.24,810.97,379.51
810.95,371.38,811.74,377.86
810.95,371.38,811.40,378.22
818.76,355.17,821.35,355.14
811.40,377.92,815.39,378.43
820.07,362.40,820.20,362.85
814.21,357.85,813.18,356.19
813.05,356.42,814.04,358.21
812.70,368.26,811.62,368.25
812.16,368.25,811.62,368.25
812.70,368.26,812.16,368.25
813.90,359.15,813.05,356.42
812.67,363.20,814.39,368.71
813.94,358.65,813.05,356.42
812.44,362.35,812.99,362.36
810.84,379.23,810.84,379.91
836.08,343.63,825.69,344.05
822.78,361.37,815.34,358.65
817.73,380.43,817.73,380.07
816.50,355.50,816.21,355.79
819.24,362.01,816.21,355.79
816.10,356.21,816.21,355.79
819.24,362.01,819.24,355.38
816.92,355.38,819.24,355.38
819.24,362.01,816.10,362.01
819.24,362.01,816.10,356.21
821.25,355.34,820.83,355.45
823.60,362.04,820.54,355.74
823.60,362.04,821.25,355.34
819.33,360.92,819.76,362.76
820.07,362.40,819.33,360.92
820.11,362.01,819.33,360.92
816.75,360.91,816.03,362.37
816.15,362.63,816.33,362.74
816.92,355.38,819.24,362.01
820.42,362.04,823.60,362.04
820.42,356.16,820.42,362.04
816.89,355.67,817.26,355.30
813.42,379.00,813.22,379.05
818.76,360.91,817.26,355.30
818.76,355.17,817.76,355.17
819.84,355.27,819.47,355.64
821.35,360.92,819.47,355.64
819.33,356.15,819.47,355.64
821.35,360.92,821.35,355.14
820.34,355.14,821.35,355.14
819.33,356.15,819.33,360.92
816.75,356.17,818.76,360.91
816.89,355.67,816.75,356.17
820.34,355.14,821.35,360.92
819.84,355.27,820.34,355.14
820.96,324.00,820.87,323.74
818.90,360.72,818.47,357.54
818.63,357.40,818.47,357.54
818.70,357.08,818.63,357.40
816.75,360.91,819.33,360.92
818.90,360.72,818.70,357.08
816.76,357.10,816.56,360.71
818.82,355.31,819.15,357.07
818.72,355.54,818.82,355.31
816.83,355.57,817.25,357.09
816.83,357.09,817.25,357.09
816.59,360.71,816.62,360.77
818.98,360.72,818.96,360.78
818.90,360.72,818.96,360.78
818.98,360.72,818.90,360.72
818.98,355.54,820.83,355.32
819.08,355.31,818.98,355.54
818.41,355.18,817.26,355.18
817.03,355.18,817.26,355.18
818.41,355.18,817.03,355.18
816.59,355.57,818.42,355.35
821.08,386.88,822.13,386.97
816.69,355.34,818.42,355.35
816.56,360.71,816.95,357.52
816.59,355.57,816.69,355.34
825.15,401.31,825.64,401.09
825.64,401.09,832.87,401.09
825.15,401.31,825.64,401.09
832.89,401.31,825.15,401.31
810.97,379.51,810.91,380.32
825.12,400.73,825.63,400.75
825.68,398.91,825.12,400.73
825.18,398.81,825.68,398.91
825.87,397.13,825.18,398.81
825.37,396.95,825.18,398.81
825.37,396.95,825.87,397.13
826.19,395.43,825.87,397.13
826.19,395.43,825.37,396.95
825.71,395.19,825.37,396.95
825.71,395.19,826.19,395.43
824.05,344.74,824.20,345.15
826.63,393.88,825.71,395.19
826.17,393.56,826.63,393.88
827.19,392.49,826.63,393.88
827.19,392.49,826.17,393.56
826.75,392.12,826.17,393.56
823.81,371.65,823.81,381.21
826.75,392.12,827.19,392.49
827.84,391.32,826.75,392.12
827.43,390.88,827.84,391.32
828.21,389.90,828.59,390.37
829.40,389.69,828.59,390.37
805.64,376.40,807.72,376.40
829.40,389.69,828.21,389.90
829.06,389.19,829.40,389.69
830.26,389.29,829.40,389.69
829.95,388.76,829.06,389.19
829.95,388.76,830.26,389.29
763.52,364.95,765.13,365.21
814.15,359.59,813.94,359.64
831.15,389.17,830.26,389.29
814.15,359.59,813.90,359.15
831.15,389.17,829.95,388.76
830.88,388.64,829.95,388.76
830.88,388.64,831.15,389.17
832.04,389.35,830.88,388.64
831.81,388.82,830.88,388.64
831.81,388.82,832.04,389.35
824.10,401.76,825.12,400.73
825.15,401.31,832.89,401.31
833.97,401.76,825.15,401.31
824.10,401.76,825.15,401.31
824.06,400.73,825.12,400.73
824.06,400.73,825.18,398.81
824.11,398.81,825.18,398.81
824.11,398.81,825.37,396.95
829.96,343.06,831.27,343.49
824.31,396.95,825.37,396.95
824.64,395.19,825.71,395.19
826.17,393.56,825.71,395.19
826.75,392.12,826.17,393.56
818.76,360.91,816.75,360.91
825.68,392.12,826.75,392.12
827.43,390.88,826.75,392.12
826.36,390.88,828.21,389.90
826.40,331.95,826.26,331.37
827.14,389.90,829.06,389.19
817.13,357.51,818.19,356.51
750.57,354.13,752.54,355.56
827.98,389.19,829.95,388.76
824.19,363.93,824.19,362.08
817.76,366.49,818.85,367.43
828.88,388.76,829.95,388.76
812.16,368.25,812.70,368.26
830.88,388.64,829.95,388.76
826.05,411.10,829.03,410.21
826.05,411.10,836.01,411.10
825.63,400.75,832.87,401.09
825.68,398.91,832.86,400.75
832.91,398.91,825.68,398.91
833.10,397.13,825.87,397.13
826.19,395.43,833.10,397.13
840.15,356.20,814.76,356.20
833.43,395.43,826.19,395.43
815.78,354.33,839.67,354.33
834.44,392.49,827.19,392.49
815.78,354.33,815.63,354.33
823.97,309.66,826.63,307.27
832.41,304.42,827.35,304.64
832.02,302.29,831.76,302.17
823.62,409.97,829.77,406.21
822.99,308.64,822.91,309.04
831.67,406.78,829.77,406.21
823.86,410.62,823.62,409.97
827.46,304.17,827.56,304.21
824.71,410.98,823.86,410.62
824.71,410.98,827.50,409.87
824.71,410.98,828.09,410.12
826.05,411.10,824.71,410.98
826.05,411.10,829.03,410.21
825.70,390.89,823.68,391.69
822.70,391.32,823.68,391.69
826.17,391.29,824.58,392.69
824.58,392.69,823.68,391.69
810.11,361.83,809.50,361.92
826.17,391.29,823.68,391.69
812.81,378.29,823.81,371.65
823.73,392.18,821.73,391.61
832.41,389.54,825.66,388.90
820.81,373.88,820.90,373.80
825.70,390.89,822.70,391.32
817.65,373.77,820.81,373.88
824.91,391.20,821.73,391.61
828.92,422.04,829.66,421.30
826.52,392.35,825.29,394.23
826.52,392.35,824.58,392.69
822.47,393.73,820.86,392.53
819.75,395.84,820.18,393.99
814.88,363.05,815.47,364.48
826.86,396.03,825.94,398.26
822.62,391.08,824.15,389.53
826.05,402.49,824.66,403.69
824.66,403.69,825.36,402.23
830.96,440.13,831.34,440.43
826.05,402.49,825.36,402.23
819.80,351.23,820.11,351.84
825.25,404.04,823.78,404.59
825.25,404.04,824.66,403.69
828.58,436.94,829.40,437.30
824.30,405.00,823.78,404.59
828.59,436.04,829.41,435.77
823.28,405.28,821.83,404.45
828.62,368.03,826.30,368.97
828.16,435.71,829.08,435.25
822.29,404.85,820.95,403.43
814.15,359.59,814.88,359.57
821.42,403.76,820.24,401.89
820.24,401.89,820.95,403.43
810.90,347.84,809.08,348.96
814.15,359.59,814.12,359.15
821.42,403.76,820.95,403.43
829.59,431.24,829.85,430.76
820.95,402.13,820.24,401.89
811.02,379.21,814.21,379.22
819.78,399.99,819.61,397.91
822.72,393.37,823.40,393.63
816.67,352.83,839.67,354.33
824.15,393.83,824.77,394.06
822.28,396.67,820.66,396.52
825.34,394.70,823.40,393.63
823.40,393.63,824.77,394.06
821.43,394.21,822.04,393.57
822.04,393.57,824.15,393.83
823.54,394.01,824.15,393.83
822.04,393.57,823.54,394.01
824.52,395.40,824.02,394.33
817.65,379.22,818.68,371.89
824.02,394.33,825.34,394.70
820.96,395.23,821.43,394.21
822.99,394.58,821.43,394.21
823.08,308.77,823.25,308.29
822.56,395.50,822.99,394.58
824.85,396.74,824.52,395.40
826.08,396.87,824.52,395.40
826.08,396.87,825.79,395.66
822.28,396.67,822.56,395.50
824.97,398.21,824.85,396.74
826.11,399.51,824.97,398.21
824.97,398.21,826.19,398.20
827.06,304.89,827.35,304.64
825.83,400.69,824.87,399.67
824.87,399.67,826.11,399.51
824.08,401.98,824.57,400.97
825.39,401.60,824.57,400.97
824.57,400.97,825.83,400.69
824.08,401.98,825.39,401.60
822.79,402.80,823.47,402.61
822.79,402.80,824.22,402.34
837.25,379.22,817.97,379.22
821.00,400.74,821.49,401.81
822.60,400.49,821.49,401.81
822.60,400.49,823.04,401.45
815.99,337.37,816.09,336.00
817.25,357.09,816.89,357.37
820.56,397.96,822.28,396.67
817.99,342.19,817.32,341.49
816.83,357.09,816.89,357.37
837.74,371.30,819.70,367.02
822.20,397.97,822.28,396.67
822.99,308.64,822.91,309.04
820.68,399.42,822.20,397.97
827.68,302.94,827.80,302.72
823.31,393.53,823.56,391.79
822.60,391.43,823.31,393.53
823.56,391.79,824.44,392.78
823.95,394.25,824.44,392.78
829.09,307.66,828.62,307.91
823.56,391.79,823.31,393.53
814.61,381.60,813.93,381.23
820.78,392.62,821.64,391.71
821.92,393.47,821.64,391.71
813.79,381.53,814.61,381.60
821.30,394.12,821.92,393.47
821.64,391.71,822.60,391.43
822.61,393.27,822.60,391.43
821.64,391.71,822.61,393.27
821.92,393.47,822.61,393.27
814.74,379.81,814.61,379.24
825.15,394.29,824.44,392.78
800.36,384.85,799.43,384.93
824.46,395.34,824.44,392.78
824.46,395.34,823.95,394.25
824.44,392.78,823.95,394.25
820.12,394.05,820.78,392.62
821.30,394.12,820.78,392.62
813.87,378.38,813.42,379.00
820.81,395.16,821.30,394.12
820.86,400.80,820.18,401.83
824.79,396.71,825.15,394.29
819.69,395.88,820.12,394.05
820.81,395.16,820.12,394.05
819.69,395.88,820.81,395.16
820.51,396.48,820.81,395.16
819.69,395.88,820.51,396.48
813.05,379.24,813.33,378.74
825.79,398.26,825.61,396.18
835.71,344.31,824.20,345.15
824.91,398.21,825.61,396.18
824.91,398.21,824.79,396.71
825.61,396.18,824.79,396.71
826.63,307.27,826.98,307.04
825.79,398.26,825.65,400.32
825.79,398.26,824.82,399.70
827.41,324.24,827.41,306.97
827.13,307.73,827.51,307.51
824.91,398.21,824.82,399.70
826.86,396.03,825.77,396.15
812.95,380.34,813.00,380.96
825.79,398.26,824.91,398.21
813.23,367.16,813.38,367.11
826.86,398.27,825.80,400.36
813.00,379.72,812.95,380.34
824.50,401.03,825.22,402.16
814.21,360.44,814.41,360.67
831.74,349.89,831.82,349.94
820.42,366.57,823.30,367.94
826.60,400.51,825.36,402.23
825.65,400.32,824.50,401.03
813.58,382.27,813.33,381.97
824.82,399.70,824.50,401.03
814.15,382.30,813.87,382.39
824.50,401.03,824.01,402.07
813.58,378.47,813.33,378.74
825.22,402.16,824.50,401.03
824.53,403.60,823.66,404.49
813.87,378.38,813.58,378.47
823.38,402.71,823.66,404.49
814.61,381.60,814.41,382.03
824.01,402.07,823.38,402.71
814.15,382.30,813.62,381.72
826.64,305.26,827.01,304.77
798.73,385.02,797.82,384.83
822.70,404.74,823.66,404.49
822.69,402.90,823.66,404.49
813.62,381.72,814.41,382.03
822.69,402.90,823.38,402.71
814.41,378.79,814.15,378.49
823.66,404.49,823.38,402.71
814.61,379.24,814.41,378.79
821.99,402.62,821.74,404.35
822.70,404.74,821.99,402.62
822.70,404.74,822.69,402.90
812.78,380.35,812.95,380.34
820.87,403.34,821.74,404.35
821.36,401.89,821.74,404.35
813.22,379.05,813.42,379.00
821.36,401.89,821.99,402.62
813.62,379.07,813.42,379.00
821.74,404.35,821.99,402.62
820.87,403.34,820.18,401.83
820.87,403.34,820.86,400.80
823.01,321.16,823.61,320.32
821.36,401.89,820.86,400.80
820.87,403.34,821.36,401.89
820.51,396.48,819.69,395.88
820.53,399.44,820.18,401.83
820.41,397.96,819.56,397.91
820.53,399.44,820.41,397.96
823.31,393.53,822.61,393.27
814.02,379.99,813.93,379.59
822.61,393.27,822.72,393.37
821.92,393.47,822.61,393.27
823.95,394.25,823.40,393.63
814.06,380.42,814.02,379.99
823.31,393.53,823.40,393.63
814.37,379.68,814.32,380.33
823.95,394.25,823.31,393.53
813.34,380.33,814.37,379.68
821.30,394.12,821.92,393.47
820.56,397.96,820.66,396.52
821.43,394.21,821.92,393.47
818.88,343.18,818.08,342.34
821.43,394.21,822.04,393.57
813.93,381.23,814.02,380.85
823.95,394.25,824.02,394.33
813.79,381.53,813.93,381.23
821.43,394.21,821.30,394.12
824.79,396.71,824.52,395.40
813.62,381.72,813.79,381.53
824.46,395.34,824.52,395.40
813.42,381.77,813.62,381.72
826.65,305.10,827.01,304.77
829.75,320.41,829.54,319.69
798.75,384.75,797.82,384.83
824.79,396.71,824.85,396.74
824.82,399.70,824.97,398.21
813.22,381.70,813.42,381.77
824.91,398.21,824.97,398.21
824.82,399.70,824.91,398.21
813.05,381.49,813.22,381.70
824.50,401.03,824.87,399.67
813.05,381.49,813.58,382.27
824.50,401.03,824.82,399.70
812.91,381.17,813.05,381.49
823.38,402.71,824.08,401.98
824.01,402.07,824.08,401.98
812.91,381.17,813.33,381.97
823.38,402.71,824.01,402.07
822.69,402.90,823.47,402.61
822.40,390.93,823.95,389.36
823.38,402.71,823.47,402.61
821.99,402.62,822.79,402.80
822.69,402.90,822.79,402.80
821.36,401.89,822.11,402.52
821.99,402.62,822.11,402.52
815.30,378.24,815.00,378.33
821.36,401.89,821.99,402.62
820.66,396.52,820.81,395.16
813.38,381.00,814.37,381.00
820.96,395.23,820.81,395.16
787.67,383.68,785.10,382.63
819.05,350.21,838.62,351.45
820.86,400.80,821.49,401.81
821.36,401.89,821.49,401.81
787.67,383.68,786.42,382.71
819.05,350.21,837.59,350.21
820.86,400.80,821.36,401.89
820.41,397.96,820.51,396.48
820.41,397.96,820.56,397.96
820.68,399.42,820.56,397.96
820.41,397.96,820.68,399.42
824.46,395.34,824.02,394.33
820.53,399.44,820.68,399.42
820.41,397.96,820.53,399.44
821.64,391.71,822.70,391.32
813.38,379.68,814.37,379.68
822.60,391.43,822.70,391.32
820.42,349.25,819.05,350.21
823.68,391.69,822.70,391.32
813.52,379.09,813.38,379.68
824.58,392.69,823.56,391.79
823.68,391.69,823.56,391.79
819.61,397.91,819.78,399.99
820.78,392.62,821.73,391.61
821.64,391.71,821.73,391.61
813.52,379.09,814.51,379.09
824.58,392.69,824.44,392.78
830.15,382.28,830.15,383.38
820.18,393.99,820.86,392.53
820.78,392.62,820.86,392.53
825.77,396.15,825.15,394.29
813.79,379.28,813.62,379.07
825.29,394.23,825.15,394.29
825.77,396.15,825.29,394.23
825.79,398.26,825.61,396.18
825.94,398.26,825.61,396.18
813.74,378.63,814.73,378.63
825.77,396.15,825.61,396.18
794.80,383.48,795.99,382.54
819.05,350.21,817.67,351.45
825.80,400.36,825.79,398.26
825.80,400.36,825.65,400.32
824.53,403.60,825.22,402.16
813.52,381.60,814.37,381.00
814.01,378.33,815.00,378.33
825.36,402.23,825.22,402.16
823.78,404.59,824.53,403.60
824.66,403.69,824.53,403.60
813.74,382.08,814.73,382.08
822.81,404.85,823.66,404.49
813.74,382.08,813.52,381.60
814.31,378.24,815.30,378.24
820.53,399.44,820.86,400.80
822.81,404.85,822.70,404.74
814.62,378.36,814.31,378.24
817.81,380.49,814.76,380.51
820.95,403.43,821.74,404.35
821.83,404.45,821.74,404.35
819.69,395.88,820.18,393.99
820.12,394.05,820.18,393.99
813.52,379.09,814.51,379.09
819.73,399.96,820.18,401.83
820.24,401.89,820.18,401.83
819.56,397.91,819.73,399.96
819.61,397.91,819.73,399.96
819.78,399.99,819.73,399.96
814.31,382.53,814.01,382.40
814.89,378.68,815.88,378.68
819.75,395.84,819.61,397.91
825.29,394.23,824.44,392.78
819.69,395.88,819.75,395.84
823.91,392.14,825.11,391.16
831.82,303.90,831.86,303.74
824.91,391.20,825.70,390.89
825.90,390.84,824.91,391.20
826.07,390.70,825.90,390.84
814.62,382.44,814.31,382.53
825.11,391.16,825.90,390.84
761.18,355.12,760.98,352.82
825.25,391.02,825.11,391.16
814.12,380.61,817.81,380.49
820.86,400.11,821.11,397.90
826.74,392.31,826.17,391.29
826.42,391.26,826.17,391.29
821.04,400.13,820.95,402.13
822.47,393.73,823.91,392.14
823.73,392.18,823.91,392.14
826.96,393.96,826.52,392.35
814.89,382.15,814.62,382.44
826.74,392.31,826.52,392.35
830.15,382.28,827.88,382.16
821.99,399.00,822.21,399.91
827.17,393.91,826.74,392.31
789.14,384.21,790.46,384.33
826.95,392.21,826.74,392.31
819.01,371.33,819.60,367.19
826.86,396.03,826.73,393.98
815.11,381.69,816.10,381.69
827.10,396.01,826.73,393.98
826.96,393.96,826.73,393.98
827.31,395.98,826.96,393.96
826.86,398.27,826.86,396.03
815.11,381.69,814.89,382.15
827.10,396.01,826.86,396.03
827.31,395.98,827.10,396.01
814.62,378.36,815.61,378.36
817.81,380.49,818.10,380.51
826.60,400.51,826.86,398.27
826.85,400.54,826.86,398.27
827.11,398.28,826.86,398.27
826.05,402.49,826.60,400.51
812.77,346.93,814.86,346.42
807.30,350.28,805.89,351.92
812.16,368.25,813.42,363.24
790.46,384.33,791.93,384.43
825.62,404.29,826.29,402.55
784.73,377.94,785.33,382.02
826.45,402.68,826.29,402.55
810.95,371.38,811.14,378.79
814.89,378.68,815.88,378.68
824.30,405.00,825.25,404.04
814.31,378.24,815.61,378.36
820.66,396.52,820.96,395.23
824.51,405.09,825.25,404.04
811.40,378.22,811.14,378.79
825.48,404.12,825.25,404.04
823.28,405.28,824.30,405.00
824.51,405.09,824.30,405.00
784.06,383.45,785.23,383.57
824.60,405.31,824.51,405.09
822.11,402.52,823.60,402.09
783.40,369.88,783.53,371.05
822.53,405.13,823.48,405.37
822.48,404.93,822.29,404.85
819.09,371.30,819.60,367.19
831.65,389.31,830.73,388.82
821.11,397.90,821.82,395.72
821.63,403.87,821.42,403.76
821.21,402.27,821.63,403.87
814.12,380.61,817.89,380.62
820.86,400.11,821.29,397.91
821.11,397.90,821.29,397.91
821.13,402.17,821.04,400.13
813.41,377.92,813.26,377.63
816.99,355.18,816.49,355.31
821.12,400.19,821.13,402.17
805.64,376.40,805.14,376.48
831.11,350.72,830.79,351.17
822.60,391.43,822.61,393.27
824.02,392.03,825.25,391.02
825.28,414.54,826.14,414.57
821.29,401.12,821.73,408.58
824.60,405.31,822.53,405.13
787.63,373.21,787.30,373.20
822.53,405.13,823.56,405.58
823.54,394.01,824.15,393.83
826.98,391.16,826.07,390.70
826.63,391.20,826.07,390.70
826.95,392.21,827.17,393.91
788.15,375.90,787.93,375.99
826.95,392.21,829.21,391.72
827.19,389.51,825.25,391.02
828.14,376.19,827.71,376.31
799.81,373.10,800.05,373.22
819.70,346.51,821.90,346.90
826.07,390.70,825.25,391.02
827.31,395.98,827.17,393.91
784.66,383.49,785.96,384.24
782.06,368.80,783.36,369.89
829.83,394.65,827.17,393.91
809.62,348.95,811.37,348.81
822.81,369.07,823.54,367.97
803.66,360.00,803.82,362.13
821.92,350.45,823.30,352.06
822.78,393.66,822.59,394.71
821.37,397.94,821.89,395.79
822.69,402.90,823.38,402.71
821.53,398.22,821.37,397.94
828.24,388.85,827.40,389.10
796.61,369.88,796.27,369.89
828.09,388.87,829.07,388.69
824.40,366.13,823.45,367.99
811.22,358.11,814.48,359.05
826.98,391.16,828.92,390.59
827.40,389.10,826.31,389.81
787.16,375.16,787.19,374.59
801.25,368.68,801.55,368.80
827.19,389.51,825.55,390.58
792.71,377.96,792.84,377.81
826.64,389.67,825.38,390.42
827.05,390.20,828.66,389.72
829.65,388.90,828.24,388.85
794.06,378.46,794.17,378.03
828.51,388.79,829.80,388.64
828.88,388.76,829.80,388.64
830.83,390.22,828.66,389.72
825.47,390.67,825.38,390.42
829.80,388.64,829.07,388.69
830.25,389.42,830.83,390.22
824.04,393.46,825.10,393.56
823.32,400.54,823.48,400.36
831.93,392.62,829.21,391.72
819.36,371.53,819.92,367.54
825.81,390.83,824.36,391.80
827.14,389.90,826.36,390.88
821.63,403.87,822.29,404.85
829.65,388.90,830.25,389.42
829.83,394.65,829.52,393.08
823.61,321.15,823.61,320.32
831.93,392.62,829.52,393.08
824.86,392.04,824.36,391.80
819.36,371.53,816.57,367.54
825.81,390.83,826.36,390.88
817.81,380.07,817.81,380.49
831.14,403.71,832.21,405.53
820.96,395.23,821.30,394.12
822.66,398.21,822.83,400.28
823.06,397.96,823.10,397.97
828.34,404.50,831.14,403.71
822.59,394.71,823.40,393.16
825.38,390.42,826.31,389.81
824.86,392.04,825.68,392.12
823.09,348.69,824.79,349.73
801.73,364.87,802.32,366.57
804.58,355.78,804.08,357.86
830.00,395.58,832.64,395.08
804.58,355.78,804.55,355.74
830.00,395.58,833.91,403.20
826.05,411.10,836.03,410.21
822.54,395.64,822.72,395.59
822.94,397.94,822.61,395.89
822.01,409.33,821.73,408.58
823.06,397.96,822.61,395.89
823.86,410.62,821.73,408.58
823.62,409.97,821.73,408.58
821.37,397.94,821.29,397.91
823.37,395.06,821.97,396.41
823.86,410.62,822.01,409.33
822.85,396.81,821.53,398.22
822.85,396.81,821.97,396.41
824.31,396.95,824.64,395.19
822.85,396.81,824.64,395.19
823.37,395.06,824.64,395.19
822.85,396.81,823.37,395.06
828.85,320.45,828.63,319.70
824.71,410.98,826.05,411.10
821.30,400.10,822.51,398.66
822.85,396.81,824.31,396.95
816.15,362.48,816.03,362.37
806.03,365.76,806.52,368.03
821.29,401.12,822.36,401.60
787.30,373.20,787.53,373.10
818.67,357.36,818.47,357.54
822.51,398.66,824.11,398.81
824.06,400.73,824.10,401.76
822.36,401.60,824.06,400.73
822.36,401.60,822.34,400.57
822.72,395.59,822.82,395.47
822.70,395.72,822.57,395.86
823.60,400.38,823.23,400.00
831.40,391.30,829.21,391.72
823.60,400.38,823.48,400.36
822.32,395.79,822.07,396.18
822.38,328.41,822.56,327.90
819.76,362.76,819.94,362.66
763.52,355.04,765.13,354.79
822.31,395.98,822.18,396.17
822.56,395.55,822.32,395.79
825.81,390.83,825.47,390.67
822.38,395.81,822.56,395.55
823.56,405.58,823.48,405.37
822.54,395.64,822.56,395.55
822.38,395.81,822.54,395.64
821.89,395.79,821.82,395.72
820.12,394.05,820.86,392.53
823.14,400.58,823.10,400.70
823.36,400.63,823.14,400.58
823.36,400.63,823.32,400.54
823.06,397.96,823.41,400.19
822.94,397.94,823.41,400.19
822.94,397.94,823.26,400.00
811.08,371.30,809.87,379.24
823.41,400.19,823.26,400.00
768.19,355.78,761.18,355.12
822.93,398.08,823.32,400.54
814.12,380.61,817.89,380.62
824.86,392.04,825.81,390.83
823.14,400.58,823.32,400.54
822.83,400.28,823.02,400.45
824.94,398.17,823.70,398.14
822.54,395.64,822.72,395.59
823.10,397.97,822.72,395.59
822.54,395.64,823.10,397.97
814.32,380.49,814.76,380.51
827.56,333.61,827.11,332.75
764.47,361.58,764.72,360.00
823.10,400.70,822.73,400.31
823.36,400.63,823.60,400.38
825.05,367.69,825.27,367.52
831.34,440.43,831.67,440.95
822.63,395.84,822.57,395.86
822.18,396.17,822.50,398.22
822.31,395.98,822.18,396.17
822.54,395.64,822.38,395.81
782.07,368.63,785.26,370.75
818.41,355.18,817.03,355.18
822.93,398.08,822.54,395.64
822.76,398.19,822.93,398.08
823.86,410.62,823.62,409.97
823.06,397.96,822.94,397.94
820.30,348.21,837.35,348.21
824.64,395.19,825.10,393.56
822.56,395.55,822.82,395.47
823.28,399.94,823.60,400.38
822.36,401.60,822.01,409.33
829.93,328.44,830.14,328.42
822.94,397.94,822.57,395.86
822.70,395.72,822.72,395.59
821.64,395.70,822.66,393.71
823.41,400.19,823.06,397.96
816.52,352.83,815.63,354.33
822.40,398.24,822.18,396.17
824.63,396.24,824.86,397.16
824.63,396.24,825.72,397.11
830.07,381.74,828.14,381.91
824.29,395.51,824.63,396.24
828.74,378.99,828.80,378.17
828.91,333.76,828.43,333.95
824.71,401.38,825.16,400.92
823.70,398.14,823.64,397.44
828.91,333.76,828.93,333.88
766.74,355.04,765.13,354.79
823.70,398.14,824.86,397.16
823.41,400.19,823.26,400.00
830.00,395.58,831.14,403.71
822.67,399.06,822.90,400.02
825.73,399.24,824.94,398.17
825.80,398.17,824.94,398.17
814.03,380.88,813.50,380.88
829.98,331.60,829.75,332.58
823.25,396.30,823.49,396.81
829.70,332.50,829.75,332.58
769.35,356.94,768.19,355.78
824.29,395.51,823.49,396.81
823.49,396.81,824.63,396.24
825.11,395.35,824.29,395.51
830.38,383.61,827.25,383.43
829.92,331.57,829.98,331.60
770.09,358.39,769.35,356.94
823.86,395.02,825.11,395.35
825.73,399.24,824.87,399.17
826.10,381.52,827.49,382.51
829.39,327.80,829.75,328.53
822.96,395.96,823.25,396.30
829.70,328.61,829.75,328.53
769.35,363.06,770.09,361.61
823.86,395.02,823.25,396.30
825.16,400.92,824.67,400.06
815.88,382.14,815.61,382.43
826.88,329.70,827.11,328.73
823.66,394.79,824.16,394.65
826.77,378.99,828.74,378.99
829.39,333.36,828.93,333.88
824.94,398.17,824.86,397.16
822.51,395.42,822.92,394.98
829.39,333.36,828.91,333.76
761.18,355.12,759.59,354.87
822.51,395.42,823.66,394.79
829.75,332.58,829.35,333.26
762.61,355.85,761.18,355.12
823.44,401.32,824.71,401.38
830.15,383.38,827.03,383.20
822.21,399.91,821.81,399.35
822.18,396.12,823.22,395.26
829.56,333.48,829.08,334.02
823.72,401.32,824.21,401.52
829.93,332.66,829.56,333.48
821.79,396.72,822.02,396.24
829.75,332.58,829.39,333.36
821.97,397.00,822.18,396.12
829.75,332.58,829.93,332.66
821.97,397.00,822.87,396.00
830.18,331.64,829.93,332.66
822.65,396.94,822.87,396.00
811.53,378.31,811.74,377.86
829.98,331.60,830.18,331.64
822.34,400.20,823.44,401.32
823.72,401.32,822.97,401.14
829.98,329.47,830.06,330.53
821.97,397.00,822.18,396.12
829.98,329.47,830.18,329.42
821.97,397.00,821.79,396.72
824.33,400.76,824.67,400.06
829.93,328.44,830.18,329.42
821.65,397.34,821.79,396.72
822.65,396.94,821.97,397.00
829.75,328.53,829.98,329.47
825.16,400.92,825.51,400.18
821.91,398.00,821.97,397.00
829.75,328.53,829.93,328.44
821.91,398.00,822.65,396.94
829.56,327.67,829.93,328.44
822.58,397.99,822.65,396.94
829.39,327.80,829.56,327.67
822.05,399.86,822.97,401.14
815.22,382.76,815.21,382.44
826.80,330.76,826.88,329.70
821.99,399.00,821.91,398.00
827.18,328.65,827.56,327.83
822.21,399.91,822.55,400.65
826.94,331.77,826.88,331.82
760.18,358.39,759.92,360.00
822.67,399.06,821.99,399.00
830.07,379.06,829.29,381.19
821.99,399.00,821.91,398.00
830.07,379.06,828.80,378.17
814.93,381.91,814.40,381.22
830.26,330.53,830.18,331.64
832.41,394.16,829.52,393.08
827.47,333.49,827.92,333.95
821.99,399.00,821.60,398.02
827.51,333.38,827.92,333.95
821.66,398.72,821.60,398.02
827.51,333.38,827.47,333.49
821.66,398.72,821.81,399.35
826.02,415.32,825.70,415.76
817.73,380.43,814.76,380.45
812.65,371.23,811.14,369.76
825.02,415.24,826.02,415.32
826.90,332.69,827.21,332.77
821.21,402.27,821.73,408.58
825.21,414.98,826.14,414.57
820.72,344.44,822.77,342.68
826.02,413.80,826.14,414.57
825.21,414.09,826.02,413.80
814.45,380.06,814.45,380.32
813.41,372.07,813.34,372.99
825.21,414.09,825.71,413.30
825.31,413.27,825.71,413.30
817.57,380.06,817.57,380.32
825.03,413.79,825.31,413.27
824.99,413.71,825.31,413.27
824.80,413.77,825.31,413.27
814.96,373.47,815.35,372.53
823.02,400.45,823.14,400.58
824.80,413.77,824.99,413.71
816.07,359.57,815.98,359.95
804.08,357.86,804.55,355.74
829.99,351.71,831.18,353.11
828.97,426.40,829.53,425.99
810.93,380.90,811.59,381.59
824.87,414.46,824.99,413.71
793.24,383.38,794.42,382.45
814.53,379.22,814.45,380.06
824.61,414.03,824.99,413.71
793.24,383.38,793.94,382.35
814.53,379.22,817.57,380.06
824.61,414.03,824.87,414.46
824.54,414.47,824.87,414.46
817.01,373.75,817.10,373.64
824.54,414.47,824.99,415.23
824.61,414.92,824.99,415.23
823.70,398.14,823.64,397.44
824.61,414.92,825.30,415.72
829.97,362.15,829.76,363.13
828.30,414.04,827.97,414.48
827.29,413.96,827.97,414.48
786.68,374.35,785.48,373.74
818.90,355.53,819.01,355.26
815.53,362.84,816.08,364.17
827.29,413.96,828.30,414.04
784.14,377.84,785.48,373.74
818.98,355.54,819.01,355.26
827.48,413.70,828.30,414.04
830.14,360.00,829.97,362.15
828.30,412.51,828.42,413.29
827.56,413.25,828.42,413.29
830.61,360.00,830.45,362.13
827.98,412.01,828.30,412.51
816.27,365.80,817.27,366.97
827.49,412.80,828.30,412.51
822.63,395.84,822.96,395.96
827.49,412.80,827.98,412.01
794.89,384.06,794.63,383.26
814.39,380.07,814.39,380.43
814.62,368.55,816.06,369.79
822.90,397.92,822.96,395.96
827.30,412.50,827.98,412.01
794.89,384.06,793.41,383.97
814.39,380.07,814.45,380.32
822.90,397.92,823.51,399.45
827.30,412.50,827.59,411.98
830.35,360.00,830.18,362.15
827.26,412.42,827.59,411.98
823.04,361.55,824.35,361.74
814.64,369.82,816.27,370.81
826.88,412.74,827.26,412.42
826.88,412.74,827.14,413.17
824.03,381.44,813.30,380.67
827.26,413.94,827.14,413.17
824.35,361.74,823.04,361.55
816.27,370.81,818.07,371.15
827.98,389.19,827.13,389.34
826.87,413.64,827.26,413.94
827.98,389.19,827.66,389.00
826.87,413.64,827.58,414.44
822.88,361.88,824.35,361.74
817.83,371.67,819.70,372.12
827.06,413.93,827.58,414.44
820.90,373.80,821.62,372.27
829.78,412.40,830.60,412.74
829.78,412.40,830.73,411.99
820.81,373.88,820.90,373.80
829.86,411.95,830.73,411.99
820.81,373.88,823.06,373.63
829.86,411.95,830.61,411.21
830.28,410.71,830.61,411.21
822.98,373.70,825.10,373.20
829.79,411.50,830.28,410.71
822.59,356.08,820.36,353.35
829.55,411.12,829.88,410.67
803.82,357.87,803.66,360.00
829.43,411.88,829.55,411.12
815.25,381.10,814.74,381.05
823.21,360.00,822.52,360.00
829.55,412.65,829.43,411.88
822.40,398.24,821.65,397.34
829.09,411.89,829.43,411.88
822.40,398.24,822.05,399.86
829.09,411.89,829.55,412.65
821.99,341.91,821.99,328.18
823.39,394.84,822.82,395.47
829.87,413.15,829.55,412.65
829.66,381.59,829.29,381.19
828.79,368.09,832.03,368.16
825.46,419.57,826.37,420.12
829.54,353.48,830.74,353.53
825.69,419.60,826.37,420.12
825.69,419.60,826.69,419.69
829.69,366.08,832.83,366.07
826.81,418.94,826.69,419.69
810.90,360.00,811.22,358.11
825.88,419.34,826.69,419.69
809.64,360.00,810.90,360.00
831.22,353.04,831.67,354.62
825.95,418.90,826.81,418.94
825.95,418.90,826.70,418.17
825.88,418.45,826.70,418.17
825.88,418.45,826.38,417.66
788.09,376.02,787.93,375.99
826.98,391.16,829.21,391.72
809.79,361.90,810.11,361.83
755.56,350.51,758.64,352.45
825.70,418.15,826.38,417.66
833.88,393.88,826.63,393.88
815.47,359.15,816.10,359.15
825.70,418.15,825.98,417.62
825.47,418.13,825.98,417.62
825.47,418.13,825.66,418.06
809.95,363.79,810.54,363.62
825.28,418.39,825.66,418.06
825.28,418.39,825.54,418.81
825.97,420.08,825.66,419.58
825.46,419.57,825.97,420.08
832.27,389.37,825.66,388.90
824.91,391.20,822.70,391.32
827.74,418.31,828.65,418.87
828.98,418.43,828.65,418.87
827.97,418.34,828.65,418.87
811.37,372.17,809.55,371.14
827.97,418.34,828.98,418.43
829.10,417.67,828.98,418.43
811.57,371.30,811.37,372.17
828.16,418.08,829.10,417.67
828.98,416.90,829.10,417.67
832.03,368.16,830.62,369.81
828.24,417.64,828.98,416.90
828.66,416.39,828.98,416.90
812.88,372.97,813.41,372.07
827.38,369.73,825.74,371.14
828.17,417.18,828.66,416.39
832.09,303.99,831.85,304.23
828.26,416.35,828.66,416.39
827.98,416.88,828.26,416.35
827.13,389.34,826.31,389.81
827.94,416.80,828.26,416.35
814.86,373.57,814.96,373.47
827.74,416.86,827.94,416.80
827.66,389.00,827.40,389.10
827.81,417.55,827.94,416.80
816.69,355.34,818.35,355.24
827.55,417.12,827.81,417.55
827.93,418.32,827.81,417.55
830.73,388.82,832.73,389.31
824.08,350.83,823.13,350.91
827.48,417.56,827.93,418.32
794.73,383.03,794.42,382.89
789.81,384.20,788.21,383.94
828.09,388.87,828.24,388.85
828.25,418.83,827.93,418.32
824.08,349.78,823.13,350.91
827.55,418.02,827.93,418.32
814.58,373.42,812.45,373.59
824.08,349.78,823.13,349.85
825.09,371.12,823.26,372.25
827.55,418.02,828.25,418.83
830.18,357.85,830.35,360.00
829.65,367.43,828.42,368.18
831.29,417.15,830.96,417.59
830.27,417.06,831.29,417.15
831.41,416.39,831.29,417.15
830.47,416.80,831.29,417.15
822.40,398.24,822.07,396.18
830.47,416.80,831.41,416.39
831.29,415.61,831.41,416.39
830.54,416.36,831.29,415.61
830.97,415.11,831.29,415.61
830.47,415.90,830.97,415.11
830.56,415.07,830.97,415.11
830.28,415.60,830.56,415.07
830.24,415.51,830.56,415.07
830.04,415.58,830.24,415.51
818.04,337.26,819.72,339.80
830.11,416.27,830.24,415.51
829.85,415.84,830.11,416.27
816.85,354.62,816.10,355.84
821.25,347.93,821.31,347.02
823.45,367.99,822.06,369.61
814.24,358.30,814.39,357.98
830.23,417.05,830.11,416.27
829.78,416.29,830.11,416.27
829.78,416.29,830.23,417.05
829.85,416.74,830.55,417.55
830.04,417.04,830.55,417.55
826.13,423.95,827.04,424.50
826.36,423.98,827.04,424.50
826.36,423.98,827.36,424.07
826.55,423.72,827.36,424.07
826.63,423.28,827.49,423.32
826.63,423.28,827.37,422.54
825.22,350.91,824.26,350.84
826.56,422.82,827.37,422.54
826.37,422.53,827.05,422.04
825.95,422.76,826.33,422.43
825.95,422.76,826.21,423.18
825.88,423.20,826.21,423.18
825.95,423.65,826.33,423.95
826.13,423.95,826.65,424.46
813.34,380.33,814.32,380.33
820.66,396.52,820.96,395.23
823.66,404.49,824.53,403.60
826.84,379.87,827.03,380.67
828.72,431.34,828.84,432.13
798.44,356.08,800.46,356.50
828.93,423.22,829.33,423.26
828.42,422.71,829.33,423.26
828.65,422.74,829.33,423.26
814.91,360.00,814.99,360.95
828.84,421.58,829.34,420.79
828.42,421.25,828.94,420.75
810.90,372.15,811.57,371.30
828.23,421.51,828.62,421.18
831.39,440.48,831.67,440.95
828.23,421.51,828.49,421.93
828.16,421.95,828.49,421.93
828.16,421.95,828.61,422.71
828.93,423.22,828.61,422.71
831.97,421.57,831.65,422.01
826.84,379.87,826.70,380.82
823.81,381.21,825.38,381.29
830.96,421.48,831.97,421.57
814.83,370.64,816.45,369.96
820.42,353.42,819.98,353.69
814.87,357.62,814.98,357.77
814.48,373.34,812.37,373.51
831.15,421.22,832.10,420.82
829.87,413.15,830.27,413.19
818.04,337.26,820.12,337.14
831.66,419.52,831.98,420.03
811.37,371.18,813.12,371.05
831.16,420.32,831.66,419.52
831.25,419.48,831.66,419.52
830.92,419.92,831.25,419.48
830.79,420.68,830.92,419.92
828.39,437.20,828.67,437.67
830.54,420.25,830.79,420.68
830.92,421.46,830.79,420.68
831.24,421.97,830.92,421.46
830.53,421.16,830.92,421.46
830.72,421.46,831.24,421.97
825.90,390.84,825.70,390.89
828.05,426.94,828.17,427.72
829.35,442.10,829.76,442.17
828.84,441.60,829.76,442.17
830.08,441.74,829.76,442.17
829.07,441.63,829.76,442.17
829.07,441.63,830.08,441.74
830.21,440.99,830.08,441.74
829.26,441.38,830.08,441.74
826.84,348.42,825.06,348.05
829.26,441.38,830.21,440.99
825.97,420.08,826.37,420.12
830.09,440.21,830.21,440.99
829.77,439.68,830.09,440.21
829.27,440.48,830.09,440.21
829.27,440.48,829.77,439.68
829.65,367.43,828.42,368.18
829.36,439.62,829.77,439.68
825.16,373.12,827.19,370.93
829.08,440.17,829.77,439.68
829.08,440.17,829.36,439.62
806.59,372.07,811.22,371.31
829.04,440.05,829.36,439.62
828.84,440.14,829.36,439.62
828.65,440.39,829.04,440.05
830.70,436.02,830.98,436.50
828.65,440.39,828.91,440.79
803.05,370.27,804.57,369.15
829.03,441.58,828.91,440.79
828.58,440.83,828.91,440.79
828.58,440.83,829.03,441.58
829.35,442.10,829.03,441.58
819.61,365.44,820.86,366.08
828.84,441.60,829.35,442.10
831.39,440.48,832.08,441.01
830.49,365.44,830.59,365.32
831.40,439.01,832.09,438.52
822.88,361.88,822.62,361.71
810.77,372.25,810.90,372.15
831.16,438.98,832.09,438.52
822.88,361.88,822.78,361.37
831.16,438.98,831.68,438.46
830.96,439.23,831.68,438.46
826.09,367.14,827.24,367.42
831.22,439.64,831.35,438.89
830.96,440.13,831.22,439.64
831.15,440.44,831.34,440.43
821.56,353.15,820.53,353.78
820.42,366.57,819.98,366.31
828.39,437.20,829.07,437.73
828.59,350.51,830.36,351.42
810.21,380.49,810.07,380.38
828.66,436.50,829.40,437.30
827.29,367.67,828.46,367.19
829.53,436.55,829.40,437.30
828.66,436.50,829.53,436.55
828.40,435.74,829.41,435.77
827.97,436.86,828.23,436.37
828.16,437.16,828.35,437.15
820.86,353.92,824.00,353.93
828.16,437.16,828.67,437.67
828.14,381.91,827.71,381.75
828.35,437.15,828.67,437.67
827.02,400.61,826.85,400.54
821.64,395.70,821.82,395.72
830.98,436.50,831.39,436.55
826.68,389.79,825.38,390.42
818.19,356.51,817.73,357.62
830.89,435.77,831.39,436.55
818.89,367.59,817.61,368.69
818.62,347.89,821.26,346.93
810.21,380.49,811.06,380.49
831.71,436.12,831.39,436.55
830.89,435.77,831.71,436.12
830.97,435.32,831.71,436.12
830.90,434.86,831.84,435.37
827.71,376.31,827.33,376.70
830.71,434.55,831.72,434.58
830.47,434.52,831.40,434.06
830.07,364.21,829.26,366.24
819.10,354.30,818.28,355.26
814.41,357.62,814.57,357.77
830.47,434.52,830.99,434.01
830.28,434.78,830.99,434.01
830.66,434.44,830.99,434.01
830.20,435.22,830.66,434.44
822.51,395.42,822.32,395.79
830.54,435.19,830.66,434.44
815.10,358.05,814.39,357.98
830.20,435.22,830.54,435.19
830.27,435.68,830.54,435.19
830.66,435.97,830.98,436.50
817.26,355.18,816.87,355.29
816.24,381.09,814.93,381.91
820.96,325.13,821.03,324.56
827.99,433.25,828.39,433.30
827.71,432.77,828.39,433.30
815.30,380.44,814.79,380.43
817.98,370.27,820.36,366.64
827.36,424.07,827.04,424.50
818.83,364.52,819.96,365.32
827.90,432.52,828.39,433.30
822.67,400.33,823.10,400.70
797.82,360.00,800.46,363.49
828.72,432.87,828.39,433.30
827.90,432.52,828.72,432.87
827.81,333.82,828.29,333.95
827.49,423.32,827.36,424.07
827.98,432.08,828.72,432.87
828.80,379.82,828.99,380.58
830.05,367.98,828.73,368.79
828.84,432.13,828.72,432.87
825.30,415.72,825.70,415.76
827.37,422.54,827.49,423.32
811.96,367.13,813.19,368.58
825.21,414.98,825.02,415.24
827.91,431.62,828.84,432.13
827.05,422.04,827.37,422.54
825.28,414.54,825.21,414.98
827.72,431.32,828.72,431.34
827.49,431.29,828.01,430.78
818.57,342.83,817.82,342.04
826.33,422.43,826.66,421.99
825.03,413.79,825.21,414.09
827.30,431.54,828.01,430.78
811.16,380.76,812.01,380.76
827.30,431.54,827.68,431.21
829.57,366.22,829.69,366.08
826.21,423.18,826.33,422.43
824.80,413.77,825.03,413.79
827.22,431.98,827.68,431.21
827.56,431.96,827.68,431.21
827.22,431.98,827.56,431.96
826.33,423.95,826.21,423.18
824.61,414.03,824.80,413.77
827.29,432.44,827.56,431.96
824.61,414.92,824.54,414.47
827.48,432.74,827.68,432.74
828.79,351.91,830.62,350.19
815.49,373.60,817.65,373.77
827.48,432.74,827.99,433.25
827.68,432.74,827.99,433.25
827.32,333.02,827.66,332.88
829.66,422.83,829.33,423.26
824.67,414.50,824.61,414.92
830.01,431.58,830.70,432.11
828.64,354.24,829.73,353.80
824.79,415.22,824.61,414.92
830.21,431.32,830.70,432.11
829.78,422.07,829.66,422.83
824.79,415.22,824.67,414.50
830.21,431.32,831.03,431.68
827.58,414.44,827.97,414.48
829.66,421.30,829.78,422.07
830.28,430.88,831.15,430.92
829.40,356.08,830.07,355.78
830.21,430.42,831.15,430.92
831.24,421.97,831.65,422.01
831.03,430.14,831.15,430.92
829.34,420.79,829.66,421.30
827.48,413.70,827.29,413.96
830.21,430.42,831.03,430.14
828.94,420.75,829.34,420.79
827.56,413.25,827.48,413.70
830.02,430.11,830.71,429.62
830.36,356.87,830.33,356.87
819.23,373.47,821.31,372.97
829.78,430.08,830.71,429.62
828.62,421.18,828.94,420.75
827.49,412.80,827.56,413.25
829.78,430.08,830.31,429.57
828.49,421.93,828.62,421.18
821.11,397.90,819.75,395.84
827.30,412.50,827.49,412.80
821.31,372.97,823.26,372.25
829.59,430.34,829.98,430.00
830.50,365.70,830.49,365.44
829.85,430.76,829.98,430.00
820.95,402.13,819.78,399.99
829.59,431.24,829.97,431.54
822.95,352.85,825.01,353.31
829.78,431.54,830.30,432.06
816.45,350.03,818.50,347.97
811.40,378.22,811.53,378.31
829.97,431.54,830.30,432.06
830.22,356.87,829.86,358.01
827.04,428.37,827.32,428.85
830.73,388.82,829.65,388.90
827.32,428.85,827.72,428.90
821.46,325.02,821.31,325.35
822.51,395.42,822.56,395.55
827.73,426.43,828.05,426.94
815.20,358.57,815.54,357.17
826.62,428.04,826.88,427.56
829.17,411.44,829.36,411.18
826.62,428.04,827.00,428.34
826.80,428.34,827.00,428.34
831.90,363.49,831.97,363.41
827.00,428.34,827.32,428.85
829.33,427.15,829.61,427.63
813.94,359.64,813.05,356.42
829.61,427.63,830.01,427.68
790.96,380.65,790.23,380.61
823.54,362.51,823.38,362.85
811.70,367.21,813.40,368.29
829.52,426.89,830.01,427.68
781.58,381.46,780.91,380.80
823.54,362.51,820.20,362.85
829.52,426.89,830.34,427.24
804.24,383.03,804.41,382.78
819.84,355.27,819.47,355.64
810.93,380.90,811.59,381.59
812.95,368.67,814.41,369.92
829.60,426.45,830.34,427.24
830.35,425.71,830.47,426.49
829.53,425.99,830.35,425.71
824.67,414.50,825.21,414.98
813.39,373.09,815.49,373.60
829.10,425.66,830.02,425.20
824.67,414.50,825.28,414.54
829.10,425.66,829.62,425.15
829.30,425.59,829.62,425.15
829.17,426.34,829.30,425.59
802.75,383.76,803.74,382.93
816.12,355.68,815.98,356.18
821.64,395.70,820.18,393.99
828.84,426.36,829.17,426.34
820.31,370.93,816.45,369.96
829.10,427.12,829.29,427.12
820.64,323.62,820.87,323.74
810.84,379.91,810.84,380.88
826.63,423.28,826.55,423.72
820.31,370.93,818.50,372.03
829.10,427.12,829.61,427.63
829.29,427.12,829.61,427.63
819.19,364.42,822.34,364.41
812.22,362.29,812.67,363.20
831.50,445.78,830.07,445.67
821.11,397.90,819.61,397.91
819.19,355.16,819.15,355.21
818.85,367.43,820.06,366.53
824.34,411.68,833.62,440.93
821.69,371.73,821.62,372.27
797.66,360.00,747.97,360.00
797.66,360.00,748.52,356.57
826.48,413.09,834.54,413.09
822.06,340.84,822.29,341.33
830.67,446.03,826.48,413.09
826.48,413.09,830.67,446.03
822.70,369.75,823.30,369.79
828.47,445.37,829.46,445.87
825.12,412.92,829.46,445.87
828.40,444.58,828.47,445.37
824.44,412.44,828.47,445.37
830.24,369.85,828.61,370.85
828.40,444.58,824.44,412.44
824.34,411.68,824.44,412.44
824.34,411.68,828.40,444.58
832.02,424.02,831.64,425.53
831.18,366.89,831.55,367.21
821.51,324.57,821.46,324.13
832.36,425.67,831.64,425.53
815.47,364.48,816.08,364.17
813.87,382.36,814.48,382.84
830.00,446.33,831.09,446.48
830.67,446.03,831.09,446.48
830.00,446.33,830.67,446.03
829.68,386.64,828.71,383.17
813.77,382.45,813.87,382.36
829.46,445.87,830.67,446.03
822.51,395.42,822.07,396.18
829.06,445.86,830.00,446.33
828.99,445.11,833.85,442.72
828.99,445.11,829.06,445.86
828.99,445.11,828.47,445.37
828.99,445.11,828.40,444.58
755.56,369.49,754.21,366.10
826.21,410.98,827.20,411.10
828.88,388.76,830.88,388.64
814.99,360.95,815.16,360.95
823.17,372.10,824.08,370.22
824.44,412.44,825.12,412.92
824.34,411.68,825.70,410.62
825.53,371.54,827.29,370.81
831.45,407.59,831.95,406.21
825.16,373.12,823.54,372.12
825.77,409.97,824.34,411.68
828.34,404.50,827.29,398.28
814.38,380.99,812.21,381.10
823.24,392.70,824.24,391.44
826.85,389.87,827.98,389.19
824.02,392.03,824.24,391.44
816.08,364.17,816.83,365.40
827.05,390.20,827.19,389.51
827.31,395.98,827.29,398.28
828.34,404.50,821.73,408.58
819.32,371.58,819.43,371.51
828.96,371.23,829.01,371.16
821.56,366.85,822.95,367.15
821.73,408.58,824.60,405.31
819.32,371.58,821.18,372.02
821.73,408.58,821.72,404.11
823.60,402.09,823.04,401.45
828.34,404.50,827.02,400.61
797.96,383.67,797.94,383.88
815.55,371.74,815.38,371.18
827.21,330.65,827.52,332.65
826.45,402.68,827.02,400.61
831.73,368.55,830.05,367.98
815.53,362.84,817.62,363.66
826.63,391.20,826.98,391.16
819.88,371.99,821.69,371.73
817.13,362.49,817.62,363.66
826.95,392.21,826.98,391.16
822.78,393.66,823.24,392.70
815.47,364.48,816.27,365.80
824.02,392.03,823.24,392.70
817.27,366.97,818.45,367.98
822.78,393.66,824.02,392.03
827.11,372.36,827.16,372.29
817.55,370.85,819.32,371.58
829.83,394.65,827.31,395.98
816.27,370.81,818.03,371.54
830.73,352.86,831.82,353.31
830.00,395.58,829.83,394.65
827.21,330.65,826.90,328.65
823.77,372.17,825.74,371.14
826.45,402.68,828.34,404.50
829.29,376.85,828.99,377.43
827.21,330.65,826.62,328.98
826.45,402.68,825.62,404.29
821.12,400.19,821.21,402.27
821.29,401.12,821.21,402.27
814.89,356.96,814.53,358.46
823.06,373.63,823.54,372.12
821.12,400.19,821.29,401.12
823.06,373.63,825.16,373.12
821.12,400.19,821.30,400.10
812.21,381.10,813.07,381.81
829.59,352.58,830.73,352.86
824.15,393.83,824.77,394.06
824.19,398.08,824.77,394.06
812.21,381.10,812.94,381.86
824.15,393.83,824.19,398.08
810.96,365.51,811.24,365.32
822.99,394.58,823.54,394.01
813.42,380.35,814.06,380.42
824.19,398.08,823.54,394.01
822.99,394.58,824.19,398.08
823.54,394.01,824.19,398.08
825.34,394.70,825.79,395.66
824.19,398.08,825.79,395.66
822.56,395.50,822.99,394.58
822.56,395.50,824.19,398.08
817.10,373.64,817.01,373.75
825.79,395.66,826.08,396.87
824.19,398.08,826.08,396.87
825.79,395.66,824.19,398.08
822.28,396.67,822.56,395.50
827.21,330.65,827.80,328.89
824.19,398.08,822.56,395.50
822.28,396.67,824.19,398.08
824.19,398.08,826.19,398.20
822.70,369.75,823.30,369.79
824.19,398.08,826.11,399.51
826.19,398.20,824.19,398.08
826.11,399.51,825.83,400.69
828.74,378.99,828.80,379.82
824.19,398.08,825.83,400.69
828.71,383.17,829.55,383.42
826.11,399.51,824.19,398.08
825.80,350.29,825.22,350.24
825.83,400.69,825.39,401.60
825.83,400.69,824.19,398.08
825.03,349.85,825.03,350.91
825.39,401.60,824.84,402.17
824.19,398.08,824.84,402.17
824.84,402.17,824.22,402.34
824.84,402.17,824.19,398.08
824.22,402.34,824.19,398.08
823.04,401.45,824.19,398.08
830.56,364.22,829.40,363.92
822.20,397.97,822.28,396.67
824.19,398.08,822.28,396.67
822.20,397.97,824.19,398.08
822.60,400.49,822.31,399.29
824.19,398.08,822.31,399.29
822.60,400.49,824.19,398.08
824.19,398.08,822.20,397.97
818.28,355.26,819.61,354.56
826.64,389.67,827.13,389.34
803.94,364.25,804.12,364.21
814.78,357.70,814.98,357.77
827.66,389.00,827.13,389.34
816.85,354.62,818.28,355.26
828.09,388.87,827.66,389.00
829.60,426.45,829.52,426.89
811.14,369.76,812.95,368.67
814.78,357.70,815.66,357.85
815.29,366.09,816.60,366.22
826.68,389.79,826.64,389.67
815.49,355.53,816.10,355.84
828.51,388.79,828.09,388.87
827.98,389.19,828.09,388.87
826.85,389.87,826.68,389.79
827.98,389.19,826.68,389.79
828.88,388.76,828.51,388.79
827.98,389.19,828.51,388.79
827.98,389.19,828.88,388.76
809.79,361.90,811.05,361.90
826.85,389.87,827.14,389.90
827.98,389.19,827.14,389.90
822.72,395.59,822.82,395.47
822.70,395.72,822.82,395.47
822.72,395.59,822.70,395.72
825.62,404.29,824.60,405.31
823.48,400.36,823.41,400.19
828.34,404.50,824.60,405.31
823.60,400.38,823.41,400.19
823.48,400.36,823.60,400.38
822.38,395.81,822.32,395.79
823.10,400.70,823.14,400.58
823.02,400.45,823.10,400.70
831.42,360.00,831.05,362.14
822.90,397.92,823.70,398.14
823.66,398.84,823.70,398.14
816.45,369.96,818.50,372.03
823.51,399.45,823.66,398.84
827.07,412.48,827.59,411.98
815.92,369.85,817.55,370.85
823.28,399.94,823.51,399.45
784.14,377.84,784.14,382.15
818.76,355.17,816.99,355.18
822.90,397.92,822.57,395.86
784.14,377.84,781.01,374.95
818.76,355.17,817.76,355.17
828.92,422.04,829.78,422.07
821.28,371.95,823.13,370.14
822.90,397.92,822.63,395.84
828.84,421.58,829.66,421.30
823.28,399.94,822.90,397.92
823.32,350.24,823.31,350.91
822.02,396.24,822.07,396.18
817.95,369.05,817.61,368.69
822.40,398.24,822.73,400.31
822.40,398.24,822.67,400.33
831.74,349.89,831.11,350.72
813.23,367.16,813.19,368.58
828.42,422.71,828.93,423.22
820.86,353.92,825.01,353.31
822.34,400.20,822.67,400.33
822.40,398.24,821.79,396.72
826.50,379.94,826.70,380.82
813.40,368.29,814.80,369.49
831.15,421.22,831.97,421.57
824.08,349.78,824.08,350.83
822.05,399.86,822.34,400.20
826.70,380.82,827.03,381.52
831.23,420.78,832.10,420.82
825.03,349.85,824.08,349.78
821.60,398.02,821.65,397.34
825.38,381.29,825.86,382.33
814.80,369.49,816.37,370.45
811.37,371.18,814.48,373.34
831.16,420.32,831.98,420.03
821.81,399.35,822.05,399.86
830.97,420.02,831.66,419.52
825.80,350.29,825.22,350.24
821.66,398.72,821.60,398.02
822.40,398.24,821.60,398.02
829.91,416.32,829.78,416.29
824.79,415.22,825.02,415.24
828.59,390.37,827.43,390.88
816.24,381.10,816.29,380.44
824.44,392.78,823.56,391.79
825.88,418.45,825.95,418.90
824.67,414.50,825.03,413.79
815.99,368.41,816.41,366.46
829.73,366.20,828.62,368.03
824.67,414.50,824.80,413.77
817.57,373.66,817.65,373.77
824.67,414.50,824.61,414.03
814.89,378.68,816.10,379.16
825.15,394.29,824.44,392.78
831.30,304.47,831.85,304.23
825.29,394.23,824.58,392.69
829.52,430.78,829.85,430.76
827.07,412.48,827.30,412.50
827.23,428.11,828.04,428.46
818.48,352.04,819.80,351.23
827.06,413.93,826.87,413.64
827.06,413.93,826.94,413.22
828.29,421.99,828.16,421.95
829.35,412.64,829.59,412.66
829.23,411.92,829.78,412.40
829.23,411.92,829.86,411.95
830.47,415.90,830.54,416.36
829.23,411.92,829.60,411.20
801.30,383.88,799.94,384.85
820.30,348.21,820.72,349.29
814.64,360.75,814.78,360.59
829.23,411.92,829.36,411.18
829.16,412.34,829.09,411.89
829.23,411.92,829.09,411.89
807.10,360.00,809.50,358.08
829.35,412.64,829.16,412.34
829.23,411.92,829.16,412.34
825.88,419.34,825.69,419.60
830.74,364.25,829.91,366.25
825.95,418.90,825.88,419.34
829.46,445.87,826.48,413.09
825.34,418.86,825.88,419.34
825.34,418.86,825.95,418.90
828.64,365.76,828.62,368.03
825.70,418.15,825.88,418.45
826.56,422.82,826.63,423.28
817.95,369.05,816.45,369.96
825.34,418.86,825.70,418.15
827.60,367.46,826.74,369.64
825.28,418.39,825.47,418.13
825.34,418.86,825.47,418.13
825.21,418.83,825.28,418.39
825.34,418.86,825.28,418.39
826.73,369.72,825.12,371.04
825.27,419.28,825.21,418.83
817.81,380.49,817.89,380.62
823.73,392.18,825.11,391.16
816.10,355.84,817.13,357.51
828.16,418.08,827.97,418.34
814.32,380.49,817.81,380.49
826.52,392.35,826.17,391.29
828.24,417.64,828.16,418.08
814.12,380.61,814.32,380.49
826.74,392.31,826.42,391.26
814.53,358.46,815.16,359.05
826.94,413.22,827.30,412.50
828.17,417.18,828.24,417.64
827.61,417.60,828.24,417.64
822.66,393.71,823.91,392.14
812.48,377.90,812.20,377.86
827.98,416.88,828.17,417.18
827.61,417.60,828.17,417.18
820.11,351.84,821.44,351.29
828.84,421.58,828.92,422.04
827.61,417.60,827.98,416.88
826.73,393.98,826.52,392.35
827.55,417.12,827.74,416.86
820.11,351.84,821.44,351.29
827.61,417.60,827.74,416.86
814.32,380.49,814.12,380.61
826.96,393.96,826.74,392.31
827.48,417.56,827.55,417.12
820.11,351.84,821.23,350.64
827.61,417.60,827.55,417.12
827.55,418.02,827.48,417.56
823.54,347.88,823.53,348.42
827.61,417.60,827.48,417.56
815.22,382.54,814.92,381.97
827.74,418.31,827.55,418.02
822.91,309.04,828.56,318.83
811.22,361.89,813.93,360.95
827.61,417.60,827.55,418.02
784.21,373.36,782.83,373.58
817.81,379.24,818.85,371.86
811.50,363.76,811.66,363.74
827.74,418.31,827.61,417.60
816.84,358.74,817.13,357.51
830.47,416.80,830.27,417.06
810.96,365.51,811.96,367.13
830.54,416.36,830.47,416.80
829.91,416.32,830.47,416.80
811.70,367.21,812.95,368.67
830.28,415.60,830.47,415.90
830.04,415.58,830.28,415.60
831.16,420.32,831.23,420.78
829.91,416.32,830.28,415.60
829.91,416.32,830.04,415.58
824.67,414.50,825.02,415.24
813.39,373.09,816.52,373.20
829.85,416.74,829.78,416.29
829.95,356.87,830.36,356.87
830.04,417.04,829.85,416.74
815.43,373.49,815.49,373.60
829.91,416.32,829.85,416.74
826.55,423.72,826.36,423.98
826.01,423.24,826.55,423.72
821.42,403.76,822.29,404.85
826.37,422.53,826.56,422.82
819.60,367.19,819.70,367.02
821.63,403.87,822.48,404.93
823.81,381.21,825.56,381.52
819.17,373.57,821.31,372.97
826.14,422.50,826.37,422.53
819.01,371.33,819.60,367.19
821.29,397.91,821.82,395.72
825.95,422.76,826.14,422.50
819.09,371.30,819.01,371.33
821.11,397.90,821.64,395.70
818.62,372.11,823.26,372.25
825.88,423.20,825.95,422.76
812.20,353.11,811.96,352.86
826.13,423.95,825.95,423.65
826.01,423.24,825.95,423.65
821.04,400.13,821.29,397.91
826.13,423.95,826.01,423.24
828.84,422.48,828.65,422.74
830.27,435.68,830.20,435.22
828.29,421.99,828.65,422.74
812.11,377.75,812.20,377.86
828.29,421.99,828.84,422.48
824.57,381.44,814.03,380.88
828.29,421.99,828.92,422.04
828.42,421.25,828.66,421.28
831.59,439.32,831.66,439.78
828.29,421.99,828.66,421.28
828.16,421.95,828.23,421.51
827.35,432.03,827.22,431.98
830.72,421.46,830.96,421.48
830.60,420.73,831.15,421.22
830.25,389.42,828.66,389.72
828.59,436.04,828.66,436.50
830.60,420.73,830.97,420.02
828.84,440.14,829.08,440.17
830.90,434.86,830.97,435.32
828.71,440.88,829.08,440.17
827.60,352.54,828.13,351.98
828.84,441.60,828.65,441.29
826.62,428.04,826.55,427.58
831.03,439.72,831.39,440.48
831.03,439.72,831.58,440.23
827.91,431.62,827.98,432.08
831.03,439.72,831.40,439.01
830.96,439.23,831.16,438.98
816.27,349.19,817.55,349.15
831.03,439.72,831.16,438.98
829.91,416.32,830.27,417.06
830.96,440.13,830.89,439.67
830.04,417.04,830.27,417.06
816.27,349.19,814.64,350.18
831.03,439.72,830.89,439.67
831.03,439.72,830.96,440.13
831.15,440.44,831.03,439.72
821.90,358.32,822.42,358.25
828.97,426.40,828.84,426.36
828.16,437.16,828.39,437.20
828.58,436.94,828.39,437.20
814.96,373.47,817.33,372.69
828.91,426.82,828.84,426.36
828.03,436.45,828.39,437.20
828.66,436.50,828.58,436.94
813.87,382.36,814.52,382.72
814.96,373.47,817.10,373.64
828.03,436.45,828.58,436.94
825.38,355.80,829.26,353.76
828.03,436.45,828.59,436.04
827.90,436.40,827.97,435.96
826.13,423.95,826.36,423.98
804.08,362.14,803.88,360.00
828.03,436.45,827.90,436.40
828.03,436.45,827.97,436.86
830.97,435.32,830.89,435.77
832.63,347.87,820.15,348.24
830.71,434.55,830.90,434.86
830.47,434.52,830.71,434.55
830.28,434.78,830.47,434.52
827.48,432.74,827.71,432.77
803.67,363.13,803.94,364.25
827.35,432.03,827.91,431.62
823.54,352.04,822.31,352.33
822.51,398.66,822.85,396.81
827.49,431.29,827.72,431.32
829.53,425.99,829.60,426.45
812.65,371.23,812.79,371.16
827.35,432.03,827.72,431.32
817.89,379.25,817.89,380.06
831.97,302.09,831.76,302.17
824.10,401.76,823.12,409.81
827.30,431.54,827.49,431.29
831.25,362.15,830.74,364.25
827.48,432.74,827.35,432.03
829.40,363.92,828.64,365.76
830.21,431.32,830.01,431.58
828.71,440.88,829.07,441.63
829.59,431.24,829.52,430.78
819.80,346.40,820.81,346.12
826.80,428.34,827.04,428.37
826.68,427.62,827.23,428.11
828.97,426.40,829.60,426.45
810.93,380.90,837.15,380.90
828.97,426.40,829.10,425.66
827.22,369.66,825.74,371.14
829.06,445.86,830.00,446.33
830.46,435.99,830.70,436.02
824.34,411.68,831.68,427.16
828.93,333.88,828.43,334.08
823.91,401.20,824.33,400.76
825.11,395.35,825.48,396.13
817.79,353.53,818.28,355.26
817.79,353.53,816.85,354.62
836.05,408.10,827.20,411.10
766.74,355.04,759.59,354.87
829.35,333.26,829.39,333.36
768.19,355.78,766.74,355.04
815.49,371.68,815.32,371.13
769.35,356.94,762.61,355.85
763.74,356.99,769.35,356.94
770.09,358.39,763.74,356.99
764.47,358.41,770.09,358.39
830.00,330.54,830.06,330.53
823.66,398.84,824.94,398.17
770.34,360.00,770.09,358.39
770.34,360.00,764.47,358.41
829.98,329.47,830.00,330.54
764.72,360.00,764.47,358.41
764.72,360.00,770.34,360.00
829.92,329.52,829.98,329.47
770.09,361.61,770.34,360.00
764.47,361.58,770.09,361.61
769.35,363.06,764.47,361.58
763.74,363.01,769.35,363.06
829.35,327.91,829.39,327.80
768.19,364.21,769.35,363.06
768.19,364.21,763.74,363.01
828.93,327.34,829.35,327.91
762.61,364.15,763.74,363.01
762.61,364.15,768.19,364.21
810.93,380.90,814.13,380.06
828.91,327.47,828.93,327.34
766.74,364.95,768.19,364.21
766.74,364.95,762.61,364.15
828.43,327.22,828.91,327.47
761.18,364.88,762.61,364.15
761.18,364.88,766.74,364.95
827.92,327.42,828.43,327.35
759.59,365.13,761.18,364.88
759.59,365.13,765.13,365.21
827.94,327.55,827.92,327.42
763.52,364.95,765.13,365.21
763.52,364.95,759.59,365.13
827.47,327.95,827.94,327.55
758.01,364.88,759.59,365.13
825.34,394.70,824.77,394.06
758.01,364.88,763.52,364.95
827.51,328.05,827.47,327.95
762.07,364.21,763.52,364.95
824.02,394.33,823.40,393.63
827.75,333.63,827.37,332.86
762.07,364.21,758.01,364.88
827.11,328.73,827.51,328.05
756.58,364.15,758.01,364.88
827.56,333.61,827.18,332.84
756.58,364.15,762.07,364.21
827.16,328.80,827.11,328.73
822.92,394.98,824.16,394.65
760.92,363.06,762.07,364.21
760.92,363.06,756.58,364.15
826.88,329.70,827.16,328.80
755.45,363.01,756.58,364.15
750.57,365.87,751.47,362.33
755.45,363.01,760.92,363.06
824.34,411.68,834.02,422.36
826.94,329.74,826.88,329.70
760.18,361.61,760.92,363.06
824.34,411.68,831.45,407.59
760.18,361.61,755.45,363.01
826.80,330.76,826.94,329.74
821.99,399.00,822.58,397.99
754.72,361.58,755.45,363.01
754.72,361.58,760.18,361.61
826.86,330.76,826.80,330.76
759.92,360.00,760.18,361.61
759.92,360.00,754.72,361.58
826.88,331.82,826.86,330.76
754.47,360.00,754.72,361.58
822.67,399.06,822.21,399.91
760.18,358.39,754.47,360.00
827.11,332.75,826.94,331.77
754.72,358.41,754.47,360.00
754.72,358.41,760.18,358.39
827.16,332.67,827.11,332.75
760.92,356.94,760.18,358.39
760.92,356.94,754.72,358.41
825.25,391.02,823.91,392.14
827.92,333.95,827.94,333.82
762.07,355.78,760.92,356.94
814.53,379.22,815.50,371.86
822.18,396.12,822.51,395.42
762.07,355.78,755.45,356.99
756.58,355.85,762.07,355.78
822.87,396.00,823.22,395.26
763.52,355.04,762.07,355.78
756.58,355.85,763.52,355.04
821.66,398.72,822.21,399.91
758.01,355.12,763.52,355.04
826.84,378.11,828.80,378.17
754.47,360.00,759.92,360.00
758.64,350.02,758.64,352.45
760.98,352.82,758.64,352.45
830.36,351.42,829.99,351.71
758.64,350.02,760.98,352.82
761.73,350.51,760.98,352.82
763.08,353.89,760.98,352.82
831.03,431.68,830.70,432.11
761.73,350.51,763.08,353.89
829.46,445.35,830.07,445.67
764.51,351.92,763.08,353.89
764.75,355.56,763.08,353.89
766.72,354.13,764.75,355.56
826.02,382.52,827.49,382.51
765.82,357.67,764.75,355.56
822.68,333.17,822.33,333.12
768.14,356.91,765.82,357.67
823.39,394.84,823.86,395.02
766.19,360.00,765.82,357.67
824.91,398.21,824.85,396.74
768.63,360.00,766.19,360.00
824.16,394.65,824.66,394.84
765.82,362.33,766.19,360.00
824.91,398.21,824.79,396.71
768.63,360.00,765.82,362.33
768.14,363.08,765.82,362.33
823.51,399.45,823.66,398.84
764.75,364.43,765.82,362.33
768.14,363.08,764.75,364.43
824.67,400.06,824.87,399.17
763.08,366.10,764.75,364.43
766.72,365.87,763.08,366.10
760.98,367.18,763.08,366.10
758.64,367.55,760.98,367.18
761.73,369.49,758.64,367.55
825.68,392.12,826.36,390.88
823.32,400.54,823.48,400.36
758.64,369.98,758.64,367.55
758.64,369.98,756.31,367.18
754.21,366.10,756.31,367.18
829.54,353.48,828.54,353.15
752.78,368.07,754.21,366.10
751.47,362.33,752.54,364.43
751.10,360.00,751.47,362.33
815.22,382.76,815.61,382.43
751.47,357.67,751.10,360.00
816.93,355.33,817.25,355.23
748.66,360.00,751.47,357.67
752.54,355.56,751.47,357.67
814.32,380.07,814.76,380.51
754.21,353.89,752.54,355.56
825.03,413.79,825.71,413.30
750.57,354.13,754.21,353.89
830.30,368.67,828.83,369.92
752.78,351.92,754.21,353.89
822.67,399.06,822.58,397.99
756.31,352.82,754.21,353.89
752.78,351.92,756.31,352.82
827.47,327.95,827.56,327.83
821.81,399.35,822.55,400.65
760.98,352.82,758.64,352.45
759.59,354.87,758.64,352.45
760.98,352.82,759.59,354.87
827.47,333.49,827.11,332.75
763.08,353.89,761.18,355.12
826.94,329.66,827.11,328.73
762.61,355.85,761.18,355.12
826.88,329.70,826.94,329.66
764.75,355.56,763.08,353.89
827.51,333.38,827.16,332.67
762.61,355.85,763.08,353.89
764.75,355.56,762.61,355.85
826.80,330.76,826.86,330.77
765.82,357.67,764.75,355.56
763.74,356.99,764.75,355.56
765.82,357.67,763.74,356.99
827.33,381.32,827.44,381.99
826.94,331.87,826.80,330.76
764.47,358.41,763.74,356.99
821.74,404.35,822.70,404.74
812.44,362.35,812.36,362.45
826.88,331.82,826.94,331.87
766.19,360.00,765.82,357.67
764.47,358.41,765.82,357.67
766.19,360.00,764.47,358.41
827.11,332.75,827.18,332.84
765.82,362.33,766.19,360.00
765.82,362.33,764.72,360.00
820.78,392.62,821.92,393.47
827.47,333.49,827.56,333.61
764.75,364.43,765.82,362.33
764.47,361.58,765.82,362.33
764.75,364.43,764.47,361.58
763.74,363.01,764.47,361.58
828.55,334.23,828.43,334.08
763.08,366.10,764.75,364.43
763.74,363.01,764.75,364.43
763.08,366.10,763.74,363.01
828.03,334.09,828.55,334.23
762.61,364.15,763.74,363.01
827.92,333.95,828.03,334.09
760.98,367.18,763.08,366.10
762.61,364.15,763.08,366.10
760.98,367.18,762.61,364.15
761.18,364.88,762.61,364.15
828.29,333.95,828.43,333.95
758.64,367.55,760.98,367.18
761.18,364.88,760.98,367.18
758.64,367.55,761.18,364.88
813.58,378.47,813.87,378.38
824.79,396.71,824.46,395.34
759.59,365.13,758.64,367.55
825.61,396.18,825.15,394.29
756.31,367.18,759.59,365.13
829.35,333.26,828.78,333.76
758.01,364.88,759.59,365.13
829.21,333.26,829.35,333.26
754.21,366.10,756.31,367.18
758.01,364.88,756.31,367.18
754.21,366.10,758.01,364.88
829.70,332.50,829.21,333.26
756.58,364.15,758.01,364.88
829.56,332.50,829.70,332.50
752.54,364.43,754.21,366.10
822.90,400.02,822.55,400.65
756.58,364.15,754.21,366.10
752.54,364.43,756.58,364.15
829.92,331.57,829.56,332.50
755.45,363.01,756.58,364.15
829.79,331.57,829.92,331.57
751.47,362.33,752.54,364.43
821.91,398.00,821.97,397.00
755.45,363.01,752.54,364.43
821.60,398.02,821.65,397.34
751.47,362.33,755.45,363.01
830.00,330.54,829.79,331.57
754.72,361.58,755.45,363.01
829.86,330.54,830.00,330.54
751.10,360.00,751.47,362.33
754.72,361.58,751.47,362.33
829.68,386.64,826.10,381.52
751.10,360.00,754.72,361.58
829.92,329.52,829.86,330.54
754.47,360.00,754.72,361.58
754.47,360.00,751.10,360.00
829.70,328.61,829.79,329.52
754.72,358.41,754.47,360.00
829.56,328.61,829.70,328.61
752.54,355.56,751.47,357.67
754.72,358.41,751.47,357.67
829.35,327.91,829.56,328.61
820.30,348.21,820.37,348.05
755.45,356.99,754.72,358.41
755.45,356.99,752.54,355.56
814.15,358.70,813.94,358.65
758.01,355.12,759.59,354.87
828.62,368.03,827.22,369.66
822.29,404.85,821.83,404.45
826.10,381.52,825.56,381.52
828.29,327.35,828.78,327.47
758.01,355.12,758.64,352.45
824.57,381.44,826.10,381.52
827.94,327.55,828.43,327.35
756.31,352.82,754.21,353.89
756.58,355.85,754.21,353.89
827.94,327.55,828.29,327.35
756.31,352.82,756.58,355.85
756.31,352.82,758.01,355.12
814.01,382.40,813.74,382.08
814.62,378.36,815.61,378.36
820.95,403.43,820.87,403.34
758.64,350.02,761.96,349.98
823.53,371.58,821.62,372.27
758.70,349.46,762.24,349.59
820.18,401.83,820.87,403.34
758.70,349.46,761.96,349.98
822.34,364.41,823.11,365.31
759.08,348.89,762.51,349.44
819.78,399.99,820.18,401.83
816.27,365.80,816.83,365.40
758.86,349.05,762.24,349.59
764.90,351.47,761.73,350.51
807.10,362.17,807.27,362.16
814.04,360.09,814.24,360.00
813.38,381.00,812.95,380.34
813.51,380.77,813.80,380.77
764.51,351.92,761.73,350.51
827.16,328.80,827.37,328.05
762.24,349.59,761.96,349.98
829.85,444.93,833.81,448.49
827.98,328.68,829.21,327.91
765.30,351.14,761.96,349.98
764.90,351.47,761.96,349.98
827.92,333.95,827.47,333.49
762.24,349.59,762.51,349.44
826.81,329.74,827.03,328.80
765.60,351.02,762.24,349.59
764.90,351.47,764.51,351.92
826.86,330.76,826.81,329.74
765.30,351.14,764.90,351.47
765.30,351.14,765.60,351.02
826.81,331.77,826.73,330.76
768.06,353.47,765.30,351.14
768.14,356.91,766.72,354.13
826.66,328.78,827.37,328.05
769.27,356.62,767.23,353.80
828.90,370.68,805.23,378.43
769.64,356.57,768.06,353.47
767.72,353.56,768.06,353.47
769.64,356.57,767.72,353.56
769.24,360.00,768.14,356.91
827.51,333.38,827.94,333.82
769.27,356.62,768.72,356.74
826.25,329.99,826.81,329.74
769.81,360.00,768.72,356.74
769.27,356.62,769.64,356.57
839.96,391.08,822.62,391.08
770.18,360.00,769.27,356.62
769.24,360.00,768.63,360.00
828.78,333.76,827.32,333.02
769.81,360.00,769.24,360.00
769.81,360.00,770.18,360.00
768.72,363.26,768.14,363.08
767.23,366.19,768.14,363.08
766.72,365.87,768.14,363.08
768.06,366.53,769.64,363.43
769.27,363.38,769.64,363.43
828.39,331.31,828.23,331.98
768.06,366.53,769.27,363.38
767.23,366.19,766.72,365.87
764.90,368.52,766.72,365.87
824.03,381.44,813.50,380.88
829.86,330.54,828.39,331.31
767.72,366.43,767.23,366.19
765.60,368.98,768.06,366.53
824.03,381.44,825.56,381.52
767.72,366.43,768.06,366.53
828.39,329.84,828.44,330.57
827.27,384.07,826.05,385.10
765.60,368.98,767.72,366.43
764.90,368.52,764.51,368.07
827.34,384.58,825.98,385.63
761.73,369.49,764.51,368.07
813.38,381.00,813.00,380.96
829.56,328.61,828.39,329.84
765.30,368.86,764.90,368.52
813.52,381.60,813.13,381.52
762.51,370.56,765.60,368.98
813.38,381.00,813.13,381.52
765.30,368.86,765.60,368.98
827.98,328.68,828.23,329.18
822.59,394.71,821.89,395.79
762.51,370.56,765.30,368.86
761.96,370.02,761.73,369.49
758.70,370.54,761.73,369.49
828.78,327.47,827.98,328.68
762.24,370.41,761.96,370.02
759.08,371.10,762.51,370.56
762.24,370.41,762.51,370.56
827.32,328.27,827.66,328.36
759.08,371.10,762.24,370.41
758.70,370.54,758.64,369.98
827.81,327.55,827.32,328.27
758.86,370.95,758.70,370.54
755.64,370.56,759.08,371.10
758.86,370.95,759.08,371.10
826.66,328.78,826.97,328.42
755.64,370.56,758.86,370.95
755.48,370.41,758.86,370.95
755.45,370.02,755.56,369.49
752.51,368.52,755.56,369.49
827.03,328.80,826.66,328.78
755.48,370.41,755.45,370.02
752.51,368.52,755.45,370.02
752.55,368.98,755.64,370.56
827.37,333.38,827.03,332.67
755.48,370.41,755.64,370.56
826.25,329.99,826.41,329.32
752.55,368.98,755.48,370.41
752.51,368.52,752.78,368.07
750.18,366.19,752.78,368.07
810.84,380.88,810.93,380.90
750.57,365.87,752.78,368.07
826.73,330.76,826.25,329.99
752.42,368.86,752.51,368.52
750.09,366.53,752.55,368.98
837.15,380.90,817.89,380.62
826.25,331.46,826.20,330.73
750.09,366.53,752.42,368.86
750.18,366.19,750.57,365.87
748.68,363.26,750.57,365.87
749.15,363.08,750.57,365.87
827.03,332.67,826.25,331.46
750.00,366.43,750.18,366.19
748.52,363.43,750.09,366.53
826.66,332.61,826.41,332.11
748.52,363.43,750.00,366.43
769.64,356.57,768.06,353.47
748.16,360.00,749.15,363.08
827.81,333.82,827.37,333.38
748.66,360.00,749.15,363.08
826.97,332.93,826.66,332.61
748.45,363.38,748.68,363.26
748.16,360.00,748.68,363.26
747.97,360.00,748.45,363.38
748.16,360.00,748.66,360.00
827.98,332.53,827.52,332.65
747.91,360.00,748.16,360.00
826.40,331.95,826.41,332.11
748.45,356.62,748.16,360.00
792.13,384.35,790.86,384.74
811.48,368.37,811.37,368.39
748.68,356.74,748.16,360.00
828.02,331.84,827.80,332.33
748.52,356.57,747.91,360.00
748.45,356.62,747.91,360.00
755.64,370.56,759.08,371.10
750.18,353.80,749.15,356.91
813.74,382.08,813.13,381.52
826.62,332.40,826.66,332.61
750.00,353.56,748.68,356.74
828.21,330.58,828.17,331.24
750.09,353.47,748.45,356.62
752.42,351.14,750.18,353.80
810.69,354.43,809.95,356.21
811.37,368.39,811.55,368.25
813.38,379.68,813.13,379.17
752.55,351.02,750.09,353.47
828.02,329.34,828.17,329.92
752.55,351.02,750.00,353.56
755.45,349.98,752.78,351.92
755.45,349.98,752.51,351.47
755.64,349.44,752.55,351.02
752.42,351.14,752.55,351.02
826.50,378.03,826.77,378.99
755.48,349.59,752.42,351.14
827.21,328.53,827.52,328.61
758.86,349.05,758.70,349.46
827.21,328.53,827.32,328.27
758.86,349.05,755.45,349.98
758.70,349.46,758.64,350.02
827.32,328.27,827.52,328.61
755.56,350.51,758.70,349.46
755.45,349.98,758.70,349.46
826.66,328.78,826.97,328.42
755.48,349.59,758.86,349.05
759.08,348.89,758.86,349.05
755.64,349.44,759.08,348.89
826.68,427.62,826.55,427.58
831.15,440.44,831.39,440.48
806.48,347.86,759.08,348.89
820.50,323.48,820.24,323.65
827.30,369.39,828.73,368.79
814.38,347.86,762.51,349.44
817.93,349.67,768.06,353.47
768.06,353.47,765.60,351.02
820.76,352.49,769.64,356.57
820.76,352.49,768.06,353.47
830.47,426.49,830.34,427.24
822.57,356.05,770.18,360.00
822.57,356.05,769.64,356.57
770.18,360.00,769.64,356.57
825.07,321.38,821.03,324.56
823.20,360.00,770.18,360.00
769.64,363.43,770.18,360.00
822.57,363.94,768.06,366.53
822.57,363.94,769.64,363.43
768.06,366.53,769.64,363.43
748.68,356.74,748.66,360.00
765.60,368.98,768.06,366.53
817.93,370.33,762.51,370.56
817.93,370.33,765.60,368.98
762.51,370.56,765.60,368.98
814.38,372.14,759.08,371.10
801.30,383.88,800.00,384.63
820.30,348.21,820.42,349.25
829.33,427.15,830.01,427.68
812.20,366.89,813.40,368.29
829.23,411.92,829.17,411.44
759.08,371.10,762.51,370.56
830.15,341.09,829.29,341.71
810.43,372.77,759.08,371.10
806.48,372.14,752.55,368.98
806.48,372.14,755.64,370.56
810.97,379.51,810.91,380.32
813.94,359.64,814.04,360.09
752.55,368.98,755.64,370.56
828.66,370.78,830.05,367.98
802.93,370.33,750.09,366.53
829.68,386.64,814.92,381.97
813.13,379.17,813.00,379.72
825.65,400.32,824.82,399.70
802.93,370.33,752.55,368.98
750.09,366.53,752.55,368.98
813.33,378.74,813.13,379.17
824.01,402.07,824.53,403.60
800.10,367.50,748.52,363.43
748.52,363.43,750.09,366.53
825.22,402.16,824.01,402.07
798.29,363.94,747.97,360.00
825.22,402.16,824.53,403.60
798.29,363.94,748.52,363.43
752.51,351.47,750.57,354.13
747.97,360.00,748.52,363.43
748.52,356.57,747.97,360.00
798.29,356.05,750.09,353.47
798.29,356.05,748.52,356.57
800.10,352.49,752.55,351.02
758.01,355.12,756.58,355.85
800.10,352.49,750.09,353.47
752.55,351.02,750.09,353.47
806.48,347.86,755.64,349.44
802.93,349.67,752.55,351.02
755.64,349.44,752.55,351.02
818.98,355.54,818.98,360.72
827.71,376.31,829.66,376.49
822.54,337.35,821.52,335.56
803.22,360.00,803.82,362.13
807.72,349.25,811.22,348.69
823.13,349.85,823.32,350.24
825.09,371.12,823.26,372.25
822.67,400.33,822.73,400.31
810.52,347.30,807.72,349.25
814.71,349.25,811.22,348.69
810.52,347.30,811.22,348.69
817.86,350.85,814.71,349.25
813.50,380.88,813.51,380.77
829.70,332.50,829.35,333.26
824.21,401.52,824.71,401.38
824.29,395.51,824.63,396.24
814.44,347.92,814.71,349.25
823.73,392.18,824.91,391.20
820.36,353.35,817.86,350.85
816.09,338.74,815.99,337.37
830.18,357.85,829.97,357.85
820.79,352.54,817.86,350.85
821.97,356.50,820.36,353.35
755.48,349.59,755.45,349.98
822.52,360.00,821.97,356.50
821.97,363.49,822.52,360.00
818.04,337.26,819.26,340.81
822.59,363.92,822.52,360.00
820.36,366.64,821.97,363.49
818.04,337.26,816.38,339.97
824.80,368.07,824.26,369.20
822.59,363.92,821.97,363.49
817.86,369.15,820.36,366.64
814.71,370.75,817.86,369.15
817.82,342.04,817.23,340.79
825.79,369.75,825.69,369.07
814.44,372.07,817.86,369.15
826.97,332.93,828.29,333.95
817.98,370.27,817.86,369.15
814.71,370.75,811.22,371.31
826.45,367.43,829.59,367.42
814.44,372.07,814.71,370.75
807.72,370.75,811.22,371.31
804.57,369.15,807.72,370.75
827.30,369.39,825.79,369.75
827.43,367.32,827.60,367.15
803.05,370.27,807.72,370.75
802.07,366.64,804.57,369.15
800.25,367.46,804.57,369.15
798.44,363.92,802.07,366.64
800.25,367.46,802.07,366.64
799.91,360.00,800.46,363.49
798.44,363.92,800.46,363.49
831.68,365.40,830.50,365.70
798.44,356.08,799.91,360.00
832.49,304.64,827.64,306.93
797.82,360.00,799.91,360.00
802.07,353.35,800.46,356.50
828.42,421.25,828.62,421.18
803.05,349.73,802.07,353.35
830.74,366.49,829.65,367.43
800.25,352.54,802.07,353.35
806.59,347.92,807.72,349.25
826.62,332.40,826.40,331.95
804.57,350.85,807.72,349.25
832.87,401.09,825.64,401.09
803.05,349.73,804.57,350.85
828.23,422.41,828.93,423.22
810.52,347.30,814.44,347.92
810.43,347.23,814.44,347.92
832.86,400.75,825.63,400.75
827.68,432.74,827.56,431.96
810.43,347.23,814.38,347.86
817.98,349.73,814.44,347.92
829.91,416.32,829.85,415.84
826.97,332.93,827.32,333.02
814.38,347.86,814.44,347.92
817.98,349.73,814.38,347.86
817.93,349.67,814.38,347.86
820.79,352.54,817.98,349.73
817.93,349.67,817.98,349.73
822.57,356.05,820.76,352.49
813.52,379.09,813.13,379.17
823.21,360.00,822.59,356.08
822.57,356.05,822.59,356.08
823.21,360.00,822.57,356.05
828.44,330.57,828.39,331.31
756.31,352.82,758.64,352.45
822.59,363.92,823.21,360.00
822.59,363.92,823.20,360.00
755.48,349.59,752.51,351.47
822.57,363.94,823.20,360.00
826.01,423.24,825.95,422.76
820.79,367.46,822.57,363.94
820.76,367.50,820.79,367.46
821.13,402.17,821.63,403.87
828.03,334.09,828.75,334.26
817.98,370.27,820.76,367.50
828.22,334.11,828.75,334.26
817.93,370.33,820.76,367.50
814.44,372.07,817.98,370.27
817.93,370.33,817.98,370.27
814.44,372.07,817.93,370.33
810.52,372.69,814.44,372.07
814.38,372.14,814.44,372.07
810.52,372.69,814.38,372.14
810.43,372.77,814.38,372.14
821.37,397.94,821.04,400.13
810.52,372.69,810.43,372.77
806.59,372.07,810.52,372.69
810.43,372.77,810.52,372.69
825.55,390.58,825.25,391.02
806.59,372.07,810.43,372.77
828.29,421.99,828.23,421.51
806.48,372.14,806.59,372.07
803.05,370.27,806.48,372.14
800.25,367.46,803.05,370.27
802.93,370.33,803.05,370.27
800.25,367.46,802.93,370.33
800.10,367.50,802.93,370.33
798.44,363.92,800.25,367.46
828.43,389.14,827.40,389.10
800.10,367.50,800.25,367.46
798.44,363.92,800.10,367.50
798.29,363.94,800.10,367.50
803.43,377.84,803.29,378.34
797.82,360.00,798.44,363.92
798.29,363.94,798.44,363.92
829.21,391.72,828.92,390.59
797.82,360.00,798.29,363.94
798.44,356.08,797.82,360.00
797.66,360.00,797.82,360.00
798.44,356.08,797.66,360.00
798.29,356.05,797.66,360.00
830.25,389.42,828.43,389.14
830.60,420.73,830.73,419.99
800.25,352.54,798.44,356.08
823.28,399.94,823.23,400.00
798.29,356.05,798.44,356.08
830.60,420.73,830.54,420.25
800.25,352.54,798.29,356.05
830.73,388.82,829.80,388.64
803.05,349.73,800.25,352.54
800.10,352.49,800.25,352.54
803.05,349.73,800.10,352.49
802.93,349.67,800.10,352.49
802.93,349.67,803.05,349.73
815.84,358.05,815.98,358.35
813.74,378.63,813.13,379.17
806.48,347.86,802.93,349.67
824.36,391.80,825.47,390.67
806.48,347.86,810.43,347.23
810.52,347.30,810.43,347.23
813.74,378.63,813.33,378.74
806.48,347.86,810.52,347.30
806.59,347.92,810.52,347.30
806.48,347.86,806.59,347.92
827.95,302.83,828.03,302.64
829.77,406.21,832.21,405.53
821.10,325.49,820.89,325.39
804.91,351.20,802.50,353.61
804.91,351.20,802.07,353.35
832.23,365.80,831.23,366.97
804.57,350.85,802.07,353.35
800.46,356.50,802.07,353.35
802.50,353.61,802.07,353.35
800.46,356.50,802.50,353.61
828.71,440.88,828.84,440.14
800.96,356.64,802.50,353.61
831.93,392.62,831.40,391.30
799.91,360.00,800.46,356.50
828.71,440.88,828.65,440.39
800.96,356.64,800.46,356.50
799.91,360.00,800.96,356.64
800.43,360.00,800.96,356.64
800.96,363.36,800.43,360.00
800.96,363.36,800.46,363.49
802.07,366.64,800.96,363.36
807.72,370.75,804.57,369.15
827.94,333.82,828.43,334.08
807.72,370.75,804.91,368.79
837.92,396.72,820.66,396.72
807.94,370.34,807.72,370.75
816.27,349.19,815.92,350.15
831.03,439.72,830.96,439.23
827.71,381.75,827.33,381.32
811.30,370.87,807.94,370.34
827.03,381.52,826.41,382.96
817.86,369.15,814.71,370.75
817.86,369.15,814.66,370.34
814.04,360.09,814.21,360.44
821.17,393.46,822.40,390.93
817.69,368.79,817.86,369.15
820.36,366.64,817.69,368.79
820.09,366.39,817.69,368.79
821.97,363.49,820.36,366.64
820.09,366.39,820.36,366.64
825.84,389.08,832.41,389.54
821.97,363.49,820.09,366.39
814.73,382.07,814.52,382.72
822.52,360.00,821.64,363.36
813.87,382.36,814.52,382.72
822.17,360.00,821.64,363.36
821.97,356.50,822.17,360.00
814.62,382.44,813.87,382.39
821.64,356.64,822.17,360.00
820.36,353.35,821.64,356.64
820.09,353.61,820.36,353.35
817.86,350.85,820.09,353.61
817.69,351.20,817.86,350.85
814.71,349.25,817.69,351.20
814.66,349.66,814.71,349.25
830.34,435.27,830.28,434.78
811.22,348.69,814.66,349.66
804.57,350.85,807.72,349.25
804.91,351.20,807.94,349.66
804.57,350.85,804.91,351.20
822.51,398.66,821.53,398.22
830.33,356.87,830.22,356.87
829.76,356.87,830.33,356.87
830.36,356.87,830.33,356.87
803.60,363.13,804.04,363.13
803.67,363.13,803.86,363.13
826.65,424.46,827.04,424.50
831.72,434.58,831.84,435.37
804.12,364.21,803.86,363.13
813.19,368.58,814.47,368.61
750.57,365.87,752.54,364.43
802.32,366.57,803.47,367.91
804.04,356.87,803.82,357.87
805.26,356.08,803.82,357.87
805.26,356.08,804.80,358.01
817.25,355.23,819.15,355.21
830.45,362.13,829.40,363.92
829.86,361.98,829.40,363.92
802.93,370.33,806.48,372.14
817.73,362.38,818.58,363.41
828.17,417.18,828.98,416.90
821.79,372.99,823.09,371.30
827.38,369.73,830.62,369.81
830.22,356.87,830.33,356.87
822.77,327.40,835.76,324.66
826.70,418.17,826.81,418.94
818.50,372.03,818.62,372.11
829.65,430.83,829.78,430.08
828.85,308.43,828.56,318.83
816.27,349.19,814.64,350.18
830.07,355.78,830.33,356.87
830.09,364.25,830.36,363.13
803.06,362.15,803.60,363.13
803.06,362.15,803.29,363.13
813.05,356.42,813.33,355.97
803.82,362.13,804.04,363.13
802.89,360.00,803.38,362.15
827.81,333.82,828.29,333.95
803.66,360.00,803.82,362.13
788.10,373.64,788.75,373.78
812.36,362.14,812.44,362.35
815.11,381.69,814.41,382.03
817.98,349.73,814.71,349.25
803.06,357.85,803.22,360.00
799.52,355.83,800.35,353.83
829.95,356.87,830.18,357.85
803.66,360.00,803.22,360.00
832.02,424.02,824.34,411.68
826.68,427.62,827.04,426.92
803.29,356.87,803.60,356.87
826.68,427.62,826.81,426.89
803.29,356.87,803.38,357.85
822.50,398.22,822.83,400.28
804.04,356.87,803.60,356.87
803.67,356.87,804.04,356.87
813.18,356.19,835.13,355.96
804.04,356.87,803.86,356.87
823.36,327.60,835.60,327.60
829.76,363.13,830.22,363.13
825.30,415.72,824.99,415.23
829.97,362.15,829.76,363.13
830.45,362.13,829.76,363.13
816.92,384.58,817.57,384.07
816.67,355.29,817.01,355.24
816.67,355.29,817.03,355.18
829.97,362.15,829.95,363.13
830.61,360.00,829.97,362.15
827.59,411.98,827.98,412.01
830.14,360.00,829.97,362.15
819.72,334.53,819.26,333.57
830.14,360.00,830.18,362.15
824.03,381.44,813.50,380.88
826.25,367.60,827.43,367.32
829.97,357.85,830.14,360.00
830.45,357.87,830.61,360.00
829.97,357.85,830.35,360.00
813.36,380.44,816.28,380.43
816.09,336.00,816.38,334.74
830.22,356.87,829.76,356.87
831.64,425.53,831.68,427.16
803.38,357.85,803.22,360.00
820.79,352.54,820.36,353.35
830.18,357.85,829.76,356.87
828.69,366.70,830.73,367.14
822.91,321.15,822.91,320.32
829.93,328.44,830.18,329.42
822.94,397.94,822.61,395.89
816.83,340.93,816.38,339.97
829.76,327.65,830.14,328.42
822.90,397.92,822.57,395.86
829.59,367.42,830.73,367.14
818.04,341.72,818.68,341.48
827.60,367.15,830.73,367.14
828.54,366.85,829.69,366.08
828.54,366.85,828.69,366.70
827.09,368.74,827.29,367.67
829.69,366.08,828.69,366.70
815.11,379.16,814.74,379.81
825.20,369.14,825.79,369.75
830.59,365.32,832.83,366.07
825.27,367.52,828.41,367.51
826.25,367.60,827.60,367.15
826.45,367.43,827.60,367.15
827.18,328.65,827.37,328.63
822.66,398.21,822.38,395.81
829.57,366.22,830.59,365.32
821.61,333.69,821.00,332.44
830.47,323.64,830.73,323.78
829.54,366.53,828.54,366.85
825.27,367.52,828.41,367.51
826.25,367.60,826.45,367.43
825.05,367.69,826.45,367.43
831.36,364.42,830.59,365.32
830.49,365.44,829.57,366.22
829.54,366.53,830.49,365.44
816.72,337.41,816.85,335.61
829.65,367.43,828.46,367.19
829.40,437.30,829.07,437.73
818.04,337.26,819.72,334.53
824.80,368.07,826.25,367.60
818.04,337.26,818.04,332.79
824.80,368.07,825.05,367.69
826.25,367.60,825.05,367.69
823.85,367.60,825.27,367.52
828.42,368.18,828.46,367.19
823.30,369.14,824.26,369.20
827.29,367.67,828.42,368.18
829.41,435.77,829.53,436.55
830.55,417.55,830.96,417.59
827.09,368.74,828.42,368.18
823.21,360.00,821.97,356.50
819.41,337.26,820.24,342.76
810.52,372.69,811.22,371.31
829.73,309.86,829.74,318.84
830.05,367.98,828.73,368.79
825.01,366.69,826.09,367.14
822.95,367.15,826.09,367.14
817.23,333.98,817.82,332.65
822.95,367.15,825.01,366.69
821.20,369.39,821.41,368.74
823.85,367.60,824.10,367.43
822.67,367.32,824.10,367.43
828.04,428.46,827.72,428.90
822.95,367.15,824.10,367.43
828.17,427.72,828.04,428.46
823.85,367.60,825.05,367.69
824.80,368.07,825.05,367.69
824.80,368.07,823.85,367.60
825.20,369.14,824.80,368.07
832.61,302.64,828.03,302.64
825.29,394.23,824.58,392.69
825.69,369.07,827.09,368.74
822.40,324.66,835.76,324.66
824.33,400.76,823.60,400.38
828.73,368.79,828.42,368.18
823.13,350.91,823.13,349.85
821.79,396.72,822.02,396.24
825.17,321.23,819.72,321.87
806.59,347.92,804.57,350.85
830.34,427.24,830.01,427.68
831.33,364.74,831.27,364.52
831.33,364.74,831.90,363.49
817.82,332.65,818.57,331.78
830.50,365.70,830.74,366.49
831.23,366.97,830.05,367.98
829.65,367.43,830.05,367.98
820.05,324.08,819.98,324.65
821.86,366.70,825.01,366.69
818.04,337.26,815.99,337.37
821.86,366.70,824.00,366.07
822.67,367.32,823.85,367.60
823.54,367.97,823.85,367.60
814.80,368.93,816.11,368.81
823.30,369.14,824.80,368.07
822.13,337.10,821.99,335.30
824.26,369.20,824.80,368.07
814.80,368.93,823.83,369.14
823.30,369.14,824.26,369.20
826.96,320.08,825.17,321.23
825.69,369.07,827.09,368.74
825.79,369.75,827.09,368.74
827.30,369.39,827.09,368.74
825.79,369.75,827.30,369.39
822.34,400.57,824.06,400.73
826.84,379.87,827.03,380.67
830.96,421.48,831.65,422.01
824.08,350.83,825.03,350.91
821.65,397.34,821.79,396.72
831.99,363.66,831.90,363.49
831.99,363.66,831.33,364.74
831.33,364.74,831.68,365.40
816.85,339.19,816.72,337.41
831.23,366.97,830.74,366.49
826.70,380.82,825.86,382.33
813.12,371.05,814.48,373.34
831.23,420.78,831.98,420.03
831.68,365.40,830.74,366.49
822.29,341.33,822.33,341.53
831.68,365.40,831.23,366.97
786.42,382.71,785.10,382.63
815.78,354.33,814.76,356.20
830.97,420.02,831.25,419.48
821.66,398.72,821.81,399.35
823.11,365.31,824.00,366.07
830.73,419.99,831.25,419.48
827.30,350.64,825.80,350.29
822.40,398.24,821.81,399.35
820.86,366.08,824.00,366.07
821.56,366.85,821.86,366.70
818.95,395.84,818.85,395.75
822.34,355.59,821.72,356.59
820.53,366.22,821.86,366.70
818.89,367.59,819.28,367.91
830.73,419.99,830.92,419.92
822.40,398.24,821.66,398.72
820.86,366.08,821.86,366.70
817.23,340.79,816.85,339.19
825.20,369.14,824.26,369.20
815.30,380.44,814.74,381.05
824.08,369.20,825.20,369.14
820.67,334.10,820.13,332.99
829.72,341.59,829.86,341.60
825.03,369.13,825.20,369.14
822.40,324.66,821.99,328.18
824.08,369.20,825.03,369.13
825.20,369.14,825.20,369.79
829.39,333.36,828.93,333.88
822.18,396.12,822.51,395.42
806.59,372.07,807.72,370.75
825.03,370.14,825.03,369.13
825.20,369.79,825.20,369.14
821.10,324.61,821.10,325.49
831.64,425.53,831.68,427.16
827.30,369.39,828.73,368.79
828.66,370.78,828.73,368.79
828.66,370.78,827.30,369.39
825.98,417.62,826.38,417.66
817.76,360.00,821.00,358.83
821.34,354.92,824.40,353.87
811.27,378.86,811.53,378.31
821.97,396.41,821.37,397.94
826.38,417.66,826.70,418.17
825.97,344.02,825.69,344.05
822.39,346.29,822.43,346.19
837.43,344.44,820.72,344.44
825.54,418.81,825.66,418.06
819.72,343.36,820.24,325.60
831.68,365.40,832.23,365.80
830.28,369.79,830.05,367.98
814.47,379.24,815.90,372.30
830.28,369.79,828.66,370.78
830.24,369.85,828.66,370.78
819.96,365.32,823.11,365.31
822.70,395.72,822.61,395.89
818.04,337.26,817.40,333.05
819.96,365.32,822.34,364.41
821.72,404.11,822.48,404.93
752.54,364.43,754.21,366.10
833.42,448.96,829.46,445.35
819.96,365.32,820.86,366.08
822.31,367.67,822.67,367.32
822.31,367.67,821.56,366.85
823.54,367.97,822.31,367.67
821.16,337.42,821.30,335.51
822.81,369.07,821.41,368.74
799.49,382.59,799.96,378.19
809.99,379.21,809.98,379.91
824.08,369.20,824.26,369.20
823.30,369.14,824.08,369.20
823.30,369.14,823.13,369.13
827.47,327.95,827.92,327.42
821.81,399.35,822.05,399.86
830.15,382.28,827.88,382.16
824.08,370.22,824.08,369.20
823.30,369.79,823.30,369.14
817.35,370.42,817.45,371.42
827.13,389.34,825.38,390.42
823.13,370.14,823.13,369.13
823.30,369.14,823.13,370.14
823.30,369.14,823.30,369.79
825.03,370.14,825.20,369.79
803.38,357.85,803.66,360.00
830.18,357.85,829.95,356.87
815.23,360.09,822.62,361.71
825.06,371.95,825.79,369.75
816.92,384.58,794.42,382.89
826.85,389.87,825.47,390.67
828.61,370.85,828.66,370.78
826.91,371.51,828.66,370.78
825.38,364.20,830.18,362.15
830.27,435.68,830.66,435.97
830.46,435.99,830.66,435.97
831.73,368.55,832.23,365.80
830.24,369.85,831.73,368.55
830.24,369.85,827.29,370.81
821.72,363.41,822.34,364.41
826.06,367.97,826.25,367.60
819.19,364.42,821.72,363.41
823.04,401.45,822.60,400.49
819.61,365.44,819.96,365.32
819.19,364.42,819.96,365.32
820.53,366.22,821.56,366.85
821.14,367.19,821.56,366.85
821.14,367.19,822.31,367.67
823.78,404.59,823.66,404.49
822.98,373.70,820.81,373.88
820.08,368.18,822.31,367.67
821.41,368.74,822.31,367.67
822.70,369.75,822.81,369.07
823.13,370.14,823.13,369.13
820.66,396.72,837.92,396.72
824.08,369.20,823.13,369.13
830.50,365.70,829.54,366.53
823.13,370.14,824.08,369.20
830.74,366.49,829.54,366.53
828.35,437.15,828.23,436.37
824.08,370.22,824.08,369.20
823.13,370.14,824.08,370.22
752.54,355.56,754.72,358.41
821.28,371.95,823.30,369.79
826.77,378.99,826.84,379.87
825.03,370.14,824.08,370.22
782.29,379.35,783.02,379.39
819.46,362.82,819.30,362.48
825.70,410.62,826.21,410.98
825.06,371.95,825.03,370.14
815.16,360.95,814.48,360.95
826.84,371.58,826.91,371.51
813.42,380.35,813.42,381.77
826.84,371.58,825.06,371.95
827.29,370.81,828.61,370.85
823.67,371.99,825.53,371.54
814.99,360.95,814.48,360.95
810.96,365.51,812.20,366.89
826.80,428.34,827.32,428.85
827.35,304.64,827.06,304.89
828.25,418.83,828.65,418.87
831.69,368.61,830.24,369.85
827.03,377.32,828.80,378.17
830.15,341.09,830.68,339.52
828.59,369.49,827.29,370.81
821.10,324.61,820.74,325.08
823.77,372.17,821.90,373.09
818.58,363.41,821.72,363.41
818.58,363.41,821.27,362.32
818.83,364.52,819.19,364.42
802.33,382.49,802.94,378.33
820.62,355.26,820.25,355.63
821.10,324.61,820.69,324.64
821.20,369.39,822.70,369.75
818.58,363.41,819.19,364.42
819.61,365.44,820.53,366.22
817.57,380.06,817.73,380.43
820.06,366.53,819.61,365.44
818.85,367.43,821.14,367.19
820.08,368.18,821.14,367.19
818.85,367.43,820.08,368.18
823.95,389.36,825.84,389.08
820.08,368.18,821.41,368.74
803.03,383.99,804.24,383.03
812.73,379.25,816.79,379.45
802.71,382.67,803.17,378.38
819.99,362.97,823.16,362.97
824.15,389.53,825.84,389.08
819.77,368.79,821.41,368.74
824.08,370.22,823.13,370.14
821.28,371.95,824.08,370.22
811.40,378.22,811.74,377.86
823.08,372.17,825.06,371.95
825.06,371.95,823.17,372.10
828.23,436.37,828.36,435.62
825.77,409.97,831.95,406.21
824.98,372.02,826.84,371.58
813.05,381.49,813.22,381.70
825.53,371.54,826.84,371.58
827.29,370.81,827.02,370.45
825.32,371.15,827.29,370.81
829.68,386.64,814.37,381.25
813.86,360.00,814.91,360.00
831.90,356.51,831.36,355.58
819.41,337.26,816.85,335.61
830.36,368.58,831.69,368.61
812.73,377.24,816.79,377.42
820.11,356.14,820.42,362.04
815.09,360.00,815.16,359.05
832.93,367.16,830.36,368.58
814.99,359.05,815.09,360.00
830.36,368.58,828.59,369.49
828.91,369.82,828.59,369.49
813.02,377.39,817.09,377.57
820.25,355.63,820.42,356.16
828.14,376.19,827.88,375.94
829.01,371.16,827.16,372.29
814.99,359.05,814.91,360.00
830.36,368.58,828.91,369.82
828.83,369.92,827.19,370.93
818.12,362.32,821.27,362.32
830.07,376.37,830.07,379.06
822.82,320.48,822.63,320.93
818.12,362.32,821.00,361.17
821.25,372.07,823.09,371.30
818.19,363.49,818.58,363.41
818.12,362.32,818.58,363.41
819.10,365.70,819.61,365.44
822.78,364.63,822.92,364.55
819.10,365.70,820.06,366.53
818.85,367.43,820.08,368.18
829.59,412.66,830.27,413.19
819.77,368.79,820.08,368.18
749.15,363.08,751.10,360.00
821.20,369.39,822.70,369.75
821.28,371.95,821.20,369.39
821.28,371.95,823.17,372.10
823.08,372.17,823.17,372.10
787.19,374.59,787.18,374.06
824.24,391.44,826.31,389.81
823.08,372.17,824.98,372.02
823.77,372.17,823.90,372.27
829.36,411.18,829.88,410.67
821.78,372.14,823.67,371.99
823.67,371.99,825.53,371.54
799.03,375.57,799.19,375.88
827.05,390.20,828.92,390.59
829.16,412.34,829.55,412.65
820.96,325.13,819.72,343.36
825.32,371.15,825.53,371.54
825.41,371.67,827.19,370.93
829.69,353.92,833.72,354.69
814.91,360.00,814.99,359.05
814.61,370.21,814.83,370.64
831.27,355.48,831.36,355.58
813.93,359.05,813.86,360.00
830.36,368.58,829.99,368.29
816.69,355.34,817.01,355.24
828.59,369.49,828.83,369.92
829.99,368.29,828.59,369.49
828.83,369.92,827.19,370.93
829.01,371.16,827.19,370.93
829.85,444.93,829.46,445.35
819.32,372.53,817.33,372.69
817.85,361.18,821.00,361.17
821.66,335.53,821.53,337.38
817.85,361.18,820.91,360.00
811.02,379.21,810.84,379.91
824.19,363.93,822.88,361.88
818.19,363.49,818.83,364.52
818.28,364.74,819.10,365.70
827.97,435.96,828.16,435.71
816.83,365.40,819.10,365.70
817.76,366.49,819.10,365.70
824.19,362.08,822.88,361.88
816.83,365.40,817.76,366.49
826.01,423.24,826.36,423.98
827.97,436.86,827.90,436.40
817.27,366.97,818.85,367.43
818.45,367.98,818.85,367.43
819.77,368.79,821.20,369.39
830.01,431.58,830.30,432.06
816.63,373.12,817.83,371.67
817.68,370.78,821.20,369.39
818.64,373.70,818.74,373.63
819.32,371.58,821.28,371.95
821.18,372.02,823.08,372.17
830.89,435.77,830.70,436.02
819.88,371.99,823.08,372.17
821.78,372.14,823.08,372.17
833.42,448.96,829.85,444.93
819.88,371.99,821.78,372.14
821.69,371.73,823.53,371.58
823.67,371.99,821.69,371.73
830.07,379.06,832.28,381.85
821.78,372.14,821.69,371.73
823.67,371.99,821.78,372.14
830.20,435.22,830.28,434.78
823.53,371.58,825.32,371.15
819.41,337.26,817.82,332.65
825.41,371.67,825.32,371.15
825.86,382.33,826.41,382.96
823.53,371.58,825.41,371.67
830.34,435.27,830.27,435.68
827.16,372.29,827.19,370.93
825.41,371.67,827.19,370.93
830.46,435.99,830.34,435.27
828.69,353.30,832.83,353.93
807.77,364.26,809.50,361.92
830.49,354.56,830.59,354.68
826.02,382.52,826.60,383.18
829.69,353.92,830.59,354.68
827.98,432.08,827.90,432.52
828.64,365.76,827.60,367.46
828.03,436.45,828.40,435.74
830.21,430.42,830.28,430.88
832.14,365.32,831.18,366.89
822.61,395.89,822.70,395.72
822.56,395.55,822.82,395.47
827.21,330.65,826.21,330.72
832.59,365.51,831.18,366.89
831.60,367.13,831.18,366.89
829.99,368.29,830.30,368.67
829.01,371.16,830.30,368.67
828.96,371.23,827.16,372.29
825.77,409.97,831.95,406.21
817.36,360.00,817.85,361.18
823.81,381.21,826.43,378.98
818.19,363.49,817.73,362.38
817.57,373.66,817.65,373.77
817.13,362.49,818.19,363.49
831.73,351.44,830.05,352.04
817.62,363.66,818.19,363.49
827.23,428.11,827.04,428.37
817.62,363.66,818.28,364.74
815.21,382.44,814.93,381.91
819.41,337.26,818.57,331.78
816.83,365.40,818.28,364.74
816.10,355.84,815.54,357.17
827.30,427.67,827.23,428.11
817.27,366.97,817.76,366.49
816.83,365.40,817.27,366.97
819.32,371.58,817.68,370.78
819.88,371.99,821.18,372.02
821.69,371.73,821.78,372.14
819.86,371.58,821.69,371.73
821.62,372.27,823.54,372.12
823.53,371.58,821.69,371.73
812.16,380.74,812.01,380.76
831.59,439.32,832.41,439.04
825.10,373.20,827.16,372.29
831.33,355.26,830.49,354.56
827.21,330.65,826.40,329.46
819.70,372.12,821.62,372.27
828.96,371.23,830.65,369.76
814.85,359.15,815.47,359.15
828.96,371.23,827.11,372.36
823.90,372.27,828.96,371.23
822.31,367.67,823.85,367.60
821.27,357.68,821.00,358.83
800.33,358.25,799.03,357.89
816.74,360.00,817.45,361.20
817.45,358.80,817.76,360.00
816.08,364.17,817.62,363.66
826.63,391.20,826.95,392.21
815.53,362.84,816.08,364.17
823.62,409.97,828.34,404.50
823.48,400.36,823.41,400.19
828.64,365.76,829.73,366.20
815.47,364.48,816.83,365.40
828.91,333.76,828.29,333.95
759.59,365.13,761.18,364.88
829.35,412.64,829.23,411.92
814.62,368.55,818.45,367.98
822.90,397.92,822.94,397.94
827.60,367.46,828.13,368.02
816.06,369.79,818.45,367.98
828.78,333.76,828.91,333.76
756.31,367.18,758.64,367.55
815.92,369.85,817.68,370.78
825.16,373.12,825.41,371.67
816.06,369.79,817.68,370.78
823.26,400.00,823.23,400.00
826.73,369.72,826.74,369.64
830.00,395.58,827.31,395.98
816.27,370.81,819.32,371.58
818.03,371.54,819.32,371.58
764.51,368.07,760.98,367.18
819.88,371.99,819.86,371.58
822.38,395.81,822.31,395.98
836.42,396.48,819.22,396.48
830.49,354.56,829.69,353.92
818.07,371.15,819.86,371.58
827.33,376.70,827.03,377.32
836.42,396.48,819.59,396.75
830.49,354.56,831.27,355.48
825.62,404.29,828.34,404.50
818.07,371.15,819.88,371.99
817.31,357.37,818.96,357.48
822.18,396.17,822.07,396.18
816.10,355.84,817.62,356.34
831.33,355.26,831.99,356.34
819.86,371.58,821.69,371.73
822.83,400.28,822.50,398.22
818.10,380.45,817.81,379.24
821.30,400.10,821.29,401.12
820.90,373.80,823.54,372.12
822.50,398.22,822.40,398.24
814.53,358.46,815.20,358.57
820.90,373.80,821.62,372.27
823.54,372.12,821.62,372.27
822.73,400.31,822.83,400.28
815.54,357.17,814.89,356.96
825.10,373.20,825.16,373.12
830.39,382.03,830.07,381.74
825.10,373.20,823.06,373.63
829.79,329.52,829.92,329.52
751.47,357.67,751.10,360.00
825.46,419.57,825.34,418.86
821.90,373.09,827.11,372.36
812.07,381.13,812.16,380.74
823.90,372.27,827.11,372.36
822.76,398.19,822.66,398.21
822.78,361.37,823.04,361.55
823.85,352.40,822.95,352.85
826.94,413.22,827.48,413.70
826.45,352.57,830.73,352.86
813.93,359.05,814.48,359.05
827.60,352.85,830.73,352.86
828.54,353.15,827.60,352.85
828.54,353.15,828.69,353.30
823.14,400.58,822.76,398.19
813.93,359.05,813.86,360.00
827.60,352.85,828.69,353.30
823.02,400.45,823.14,400.58
829.57,353.78,830.49,354.56
831.33,355.26,831.67,354.62
830.00,395.58,827.29,398.28
783.40,369.88,783.40,370.83
825.10,346.80,827.16,347.70
822.53,405.13,822.48,404.93
817.10,373.64,817.33,372.69
832.06,368.11,830.65,369.76
828.24,417.64,829.10,417.67
830.62,369.81,830.65,369.76
830.62,369.81,828.96,371.23
825.74,371.14,830.62,369.81
810.95,371.38,809.87,379.24
825.74,371.14,823.90,372.27
821.10,324.61,821.31,323.82
826.48,413.09,834.54,413.09
818.12,357.68,821.72,356.59
814.98,382.99,815.24,382.89
801.73,355.12,800.74,356.54
817.73,357.62,817.85,358.82
824.02,392.03,825.55,390.58
799.59,385.47,822.13,386.97
816.84,361.26,816.74,360.00
815.16,360.95,816.74,360.00
829.09,307.66,831.53,304.60
826.63,393.88,833.43,395.43
810.33,373.42,817.01,373.75
815.16,360.95,815.09,360.00
787.22,384.63,788.19,384.71
816.84,361.26,817.13,362.49
793.76,377.90,794.00,369.80
815.20,361.44,817.13,362.49
815.53,362.84,817.13,362.49
814.62,368.55,816.27,365.80
815.92,369.85,814.62,368.55
816.27,370.81,817.55,370.85
829.59,412.66,830.60,412.74
823.13,350.91,823.31,350.91
825.12,371.04,823.29,372.15
819.70,372.12,821.62,372.27
820.90,373.80,819.70,372.12
823.06,373.63,820.90,373.80
811.05,361.90,811.50,363.76
819.80,373.60,825.10,373.20
829.60,411.20,829.88,410.67
825.03,349.85,825.03,350.91
821.90,373.09,823.90,372.27
822.40,398.24,822.34,400.20
816.17,369.57,816.45,369.96
828.41,352.49,829.59,352.58
825.27,352.48,829.59,352.58
827.43,352.68,826.45,352.57
827.43,352.68,827.60,352.85
826.45,352.57,827.60,352.85
829.54,353.48,829.57,353.78
816.30,354.21,816.85,354.62
828.54,353.15,829.57,353.78
829.54,353.48,830.50,354.30
831.22,353.04,832.22,354.21
831.67,354.62,832.22,354.21
827.38,369.73,832.03,368.16
818.28,364.74,819.61,365.44
825.38,364.20,830.36,363.13
825.59,371.05,825.74,371.14
829.77,406.21,828.34,404.50
824.79,370.26,823.09,371.30
818.58,356.59,822.34,355.59
813.23,367.16,814.62,368.55
811.27,378.86,814.51,379.10
828.97,426.40,829.52,426.89
817.73,357.62,818.12,357.68
818.58,356.59,818.12,357.68
817.45,358.80,817.36,360.00
838.70,393.57,822.62,391.08
823.45,367.99,829.26,366.24
814.91,360.00,814.99,360.95
822.60,391.43,823.56,391.79
815.20,361.44,815.16,360.95
814.52,361.54,815.16,360.95
827.18,328.65,827.47,327.95
761.18,355.12,759.59,354.87
814.52,361.54,814.48,360.95
822.61,393.27,823.31,393.53
814.98,382.85,815.22,382.76
823.67,371.99,826.84,371.58
814.99,360.95,815.16,360.95
797.78,383.46,796.54,384.17
820.19,348.07,820.15,348.24
814.48,360.95,815.16,360.95
805.78,376.03,805.14,376.48
820.86,360.78,820.86,355.30
830.99,350.72,830.79,351.17
825.77,409.97,831.45,407.59
813.93,360.95,814.48,360.95
814.99,360.95,813.93,360.95
823.31,393.53,823.95,394.25
814.52,361.54,815.20,361.44
814.51,369.10,823.81,369.38
814.88,363.05,815.53,362.84
813.38,367.11,816.27,365.80
814.47,368.61,814.62,368.55
824.79,415.22,825.70,415.76
813.19,368.58,815.92,369.85
814.80,369.49,816.37,370.45
816.37,370.45,818.07,371.15
817.83,371.67,818.07,371.15
819.80,373.60,822.98,373.70
821.79,372.99,821.90,373.09
823.09,371.30,823.77,372.17
835.39,342.69,822.77,342.68
826.45,367.43,828.41,367.51
816.54,372.84,818.50,372.03
829.40,356.08,829.86,358.01
824.10,352.57,828.41,352.49
825.27,352.48,828.41,352.49
826.25,352.40,825.27,352.48
830.33,363.13,830.36,363.13
826.25,352.40,826.45,352.57
830.09,364.25,830.36,363.13
825.27,352.48,826.45,352.57
830.07,364.21,830.09,364.25
827.43,352.68,828.54,353.15
828.46,352.82,829.54,353.48
815.09,360.00,815.16,360.95
828.42,351.84,829.54,353.48
828.42,351.84,829.64,352.59
829.64,352.59,831.22,353.04
830.05,352.04,831.22,353.04
823.60,362.04,820.83,355.45
828.79,368.09,833.17,366.30
820.42,356.16,820.54,355.74
814.68,368.54,814.80,368.93
827.22,369.66,827.38,369.73
828.79,368.09,827.38,369.73
815.99,368.41,814.68,368.54
823.31,350.91,824.26,350.84
826.30,368.97,824.79,370.26
825.59,371.05,824.79,370.26
827.02,400.61,827.29,398.28
823.31,350.91,824.80,351.94
826.30,368.97,825.59,371.05
809.79,358.10,811.05,358.09
827.22,369.66,825.59,371.05
823.11,354.69,822.34,355.59
828.84,440.14,829.04,440.05
819.19,355.58,822.34,355.59
819.19,355.58,823.11,354.69
818.19,356.51,818.58,356.59
828.59,350.51,828.83,350.07
819.19,355.58,818.58,356.59
817.73,357.62,817.45,358.80
817.13,357.51,817.45,358.80
830.54,420.25,830.92,419.92
791.94,371.08,803.69,371.42
816.84,358.74,817.45,358.80
816.74,360.00,815.09,360.00
816.84,358.74,816.74,360.00
814.99,359.05,815.16,359.05
829.99,368.29,828.59,369.49
814.91,360.00,815.09,360.00
814.97,359.95,815.10,360.25
809.87,370.26,809.54,371.05
828.66,421.28,829.34,420.79
813.86,360.00,814.99,360.95
813.93,360.95,814.99,360.95
828.66,421.28,828.94,420.75
813.86,360.00,813.93,360.95
812.39,365.49,815.47,364.48
812.39,365.49,814.88,363.05
812.39,365.49,813.38,367.11
813.23,367.16,812.39,365.49
817.45,361.20,818.12,362.32
813.23,367.16,814.47,368.61
814.78,360.59,815.47,360.51
811.96,367.13,813.19,368.58
814.87,360.67,814.98,360.52
813.19,368.58,814.80,369.49
816.60,366.22,815.29,366.09
816.37,370.45,816.05,370.93
814.41,369.92,816.05,370.93
814.41,369.92,816.37,370.45
816.05,370.93,817.83,371.67
811.57,348.69,809.87,349.73
816.52,373.20,818.74,373.63
816.63,373.12,818.74,373.63
818.64,373.70,820.81,373.88
813.42,380.35,812.82,379.93
817.65,373.77,820.81,373.88
812.39,354.51,816.30,354.21
819.70,373.49,819.80,373.60
811.50,356.24,812.39,354.51
819.32,372.53,821.79,372.99
821.25,372.07,821.79,372.99
821.31,372.97,823.29,372.15
823.29,372.15,823.09,371.30
826.09,352.86,827.24,352.58
825.05,352.31,826.25,352.40
829.86,358.01,830.45,357.87
827.29,352.33,827.43,352.68
821.10,324.61,820.89,323.86
826.25,352.40,827.43,352.68
827.29,352.33,826.25,352.40
828.42,351.84,828.46,352.82
827.29,352.33,828.46,352.82
827.29,352.33,828.42,351.84
827.09,351.29,828.42,351.84
831.58,440.23,832.08,441.01
808.36,368.97,807.91,369.66
828.42,351.84,829.64,352.59
828.73,351.23,829.64,352.59
828.73,351.23,830.05,352.04
829.64,352.59,830.05,352.04
831.22,353.04,832.22,354.21
831.73,351.44,832.22,354.21
829.91,366.25,834.01,364.29
816.76,357.10,816.76,355.56
828.62,368.03,828.79,368.09
829.73,366.20,828.79,368.09
826.30,368.97,827.22,369.66
828.40,435.74,829.08,435.25
823.67,348.01,824.98,347.97
827.60,367.46,826.30,368.97
827.03,376.50,826.71,377.17
826.74,369.64,825.12,371.04
824.79,370.26,825.12,371.04
825.27,367.52,827.24,367.42
823.13,350.91,823.32,350.24
825.12,371.04,823.26,372.25
830.45,357.87,830.14,360.00
825.01,353.31,824.00,353.93
824.00,353.93,823.11,354.69
819.96,354.68,824.00,353.93
821.41,393.57,822.62,391.08
830.09,364.25,829.26,366.24
815.09,360.00,814.99,360.95
818.83,355.48,819.19,355.58
819.96,354.68,819.19,355.58
817.13,357.51,817.73,357.62
813.93,359.05,814.99,359.05
814.88,358.73,814.97,358.35
805.64,376.40,807.89,376.03
831.11,350.72,832.43,350.45
813.93,360.95,814.48,360.95
814.52,361.54,814.48,360.95
804.94,366.19,806.06,368.02
811.22,361.89,814.52,361.54
826.30,351.03,827.60,352.54
814.80,350.51,813.40,351.71
811.22,361.89,814.88,363.05
812.23,365.53,812.39,365.49
832.06,368.11,830.30,368.67
812.23,365.53,813.23,367.16
811.96,367.13,813.23,367.16
813.19,368.58,813.40,368.29
814.41,369.92,814.80,369.49
825.32,348.84,825.41,348.33
813.40,368.29,814.41,369.92
827.49,431.29,828.40,430.83
825.21,414.09,825.28,414.54
812.95,368.67,814.41,369.92
811.57,348.69,813.41,347.93
804.80,350.95,804.43,349.07
812.79,371.16,816.05,370.93
814.41,369.92,816.05,370.93
816.52,373.20,816.63,373.12
816.52,373.20,818.64,373.70
815.49,373.60,818.64,373.70
831.73,368.55,831.23,366.97
817.57,373.66,817.33,372.69
830.24,369.85,830.28,369.79
817.85,361.18,818.12,362.32
819.32,372.53,817.57,373.66
819.70,373.49,817.57,373.66
819.32,372.53,819.70,373.49
830.02,430.11,831.03,430.14
819.32,372.53,821.25,372.07
819.23,373.47,821.25,372.07
821.31,372.97,821.25,372.07
828.84,422.48,829.78,422.07
823.73,392.18,820.86,392.53
829.52,430.78,829.98,430.00
830.18,357.85,830.35,360.00
821.26,373.07,823.26,372.25
829.59,430.34,830.31,429.57
821.31,372.97,823.29,372.15
823.26,372.25,823.29,372.15
812.20,377.86,812.56,378.00
815.20,358.57,815.16,359.05
822.95,352.85,826.09,352.86
821.41,368.74,822.70,369.75
825.01,353.31,826.09,352.86
828.13,351.98,829.26,353.76
807.10,357.83,807.27,357.84
823.85,352.40,824.10,352.57
829.25,341.13,829.29,340.54
814.38,372.14,762.51,370.56
814.37,381.25,814.03,380.88
829.78,431.54,829.97,431.54
822.01,363.46,825.21,364.17
822.95,352.85,824.10,352.57
812.77,373.07,812.88,372.97
828.23,422.41,828.61,422.71
813.41,372.07,815.35,372.53
804.12,355.78,805.26,356.08
823.54,352.04,825.05,352.31
812.16,380.74,811.93,380.71
829.29,376.85,828.99,377.43
826.73,393.98,825.29,394.23
824.82,399.70,825.65,400.32
826.56,422.82,827.05,422.04
825.22,350.91,824.80,351.94
822.47,393.73,820.18,393.99
822.62,391.08,824.15,389.53
752.78,368.07,752.54,364.43
829.54,353.48,829.64,352.59
826.06,352.04,824.80,351.94
803.29,363.13,803.67,363.13
826.06,352.04,827.29,352.33
825.70,350.96,827.29,352.33
825.70,350.96,827.09,351.29
827.29,352.33,827.09,351.29
829.78,412.40,829.59,412.66
827.09,351.29,828.73,351.23
826.81,426.89,827.33,426.38
831.73,351.44,831.22,353.04
829.86,411.95,829.78,412.40
830.05,352.04,831.22,353.04
822.92,364.55,822.88,364.15
818.83,364.52,819.61,365.44
822.62,364.29,822.92,364.55
817.76,366.49,820.06,366.53
829.79,411.50,829.86,411.95
829.36,411.18,829.60,411.20
824.67,414.50,825.21,414.09
806.03,365.76,805.40,366.20
829.73,366.20,829.91,366.25
829.73,366.20,830.74,364.25
828.64,365.76,827.60,367.46
824.19,362.08,824.35,361.74
828.62,368.03,827.60,367.46
826.74,369.64,826.30,368.97
828.91,426.82,829.29,427.12
827.60,367.46,826.30,368.97
826.73,369.72,825.09,371.12
825.12,371.04,825.09,371.12
818.74,373.63,819.70,372.12
818.62,372.11,825.09,371.12
821.86,353.30,820.86,353.92
815.16,359.05,816.74,360.00
821.56,353.15,820.86,353.92
819.61,354.56,819.96,354.68
804.04,370.42,816.23,370.66
820.53,353.78,819.96,354.68
831.33,355.26,831.90,356.51
804.04,370.42,805.53,370.42
820.53,353.78,820.86,353.92
819.96,354.68,820.86,353.92
821.56,353.15,822.95,352.85
818.28,355.26,818.19,356.51
815.54,357.17,817.13,357.51
814.48,359.05,815.16,359.05
826.85,400.54,826.60,400.51
815.41,359.59,815.34,359.64
814.48,359.05,815.16,359.05
814.99,359.05,815.16,359.05
820.34,355.14,819.84,355.27
814.48,359.05,814.99,359.05
816.50,355.50,816.49,355.31
821.13,355.13,819.84,355.27
813.93,359.05,814.99,359.05
814.48,359.05,813.93,359.05
831.58,304.15,827.30,304.52
824.15,393.83,822.72,393.37
765.13,360.00,769.35,363.06
811.07,360.00,813.93,360.95
824.77,394.06,825.34,394.70
811.50,363.76,811.22,361.89
823.08,372.17,823.17,372.10
810.96,365.51,812.23,365.53
826.55,427.58,827.01,426.81
811.50,363.76,810.96,365.51
829.69,353.92,832.83,353.93
812.20,366.89,811.96,367.13
827.14,413.17,827.26,412.42
811.24,365.32,812.20,366.89
821.13,355.13,821.25,355.34
811.40,378.57,815.60,379.06
819.99,362.97,816.53,362.95
827.29,398.28,827.11,398.28
831.99,356.34,831.90,356.51
813.40,368.29,812.95,368.67
829.78,416.29,829.85,415.84
814.51,372.36,814.63,372.29
822.56,395.50,820.96,395.23
811.40,372.27,816.52,373.20
827.46,325.98,826.93,336.04
766.72,354.13,765.82,357.67
830.04,417.04,829.91,416.32
815.35,372.53,817.57,373.66
820.95,402.13,820.86,400.11
819.59,396.75,819.22,396.48
819.23,373.47,817.10,373.64
825.59,371.05,823.09,371.30
817.33,372.69,817.10,373.64
819.23,373.47,817.33,372.69
819.32,372.53,817.33,372.69
819.23,373.47,819.32,372.53
816.65,372.92,823.26,372.25
816.59,360.71,818.42,360.71
823.47,402.61,824.08,401.98
821.56,353.15,821.86,353.30
823.47,402.61,824.84,402.17
829.01,371.16,828.83,369.92
824.80,351.94,824.26,350.84
823.54,352.04,824.80,351.94
829.26,353.76,829.25,353.81
825.80,350.29,827.09,351.29
815.23,360.09,815.31,360.00
821.00,361.17,821.27,362.32
817.45,361.20,817.85,361.18
827.09,351.29,827.30,350.64
818.03,348.46,818.07,348.84
828.73,351.23,830.05,352.04
824.66,403.69,825.36,402.23
820.51,396.48,820.81,395.16
750.00,366.43,750.09,366.53
830.28,350.21,830.05,352.04
830.28,350.21,831.73,351.44
812.08,377.24,816.13,377.42
816.21,355.79,815.98,356.18
799.33,373.78,799.45,374.18
814.62,351.44,816.30,354.21
830.24,350.15,831.73,351.44
831.69,351.39,831.73,351.44
831.03,439.72,831.59,439.32
830.36,351.42,832.93,352.84
748.68,363.26,749.15,363.08
831.03,439.72,831.66,439.78
810.23,363.75,810.96,365.51
830.36,351.42,831.60,352.86
822.62,364.29,822.78,364.63
817.76,366.49,818.85,367.43
826.07,390.70,827.19,389.51
827.72,431.32,827.91,431.62
831.18,353.11,832.59,354.49
820.68,399.42,821.00,400.74
831.18,353.11,832.14,354.67
818.45,367.98,819.77,368.79
827.48,432.74,827.29,432.44
826.74,350.35,826.30,351.03
748.68,356.74,749.15,356.91
813.34,372.99,815.35,372.53
821.04,325.06,820.76,325.56
816.10,359.15,816.07,359.57
828.39,331.31,828.02,331.84
748.45,356.62,748.68,356.74
815.35,372.53,817.33,372.69
830.56,364.22,830.74,364.25
820.42,349.25,818.77,350.20
823.67,371.99,825.32,371.15
830.56,364.22,828.64,365.76
821.64,391.71,822.60,391.43
750.18,353.80,750.57,354.13
829.25,366.19,828.13,368.02
825.41,371.67,827.02,370.45
825.71,357.89,825.38,355.80
829.25,366.19,827.60,367.46
750.00,353.56,750.09,353.47
828.13,368.02,826.74,369.64
828.13,368.02,826.73,369.72
752.51,351.47,752.78,351.92
816.65,372.92,818.62,372.11
820.44,370.99,825.09,371.12
829.73,353.80,828.79,351.91
824.67,414.50,824.54,414.47
814.80,350.51,814.64,350.18
826.73,369.72,825.09,371.12
820.44,370.99,818.62,372.11
818.28,355.26,818.83,355.48
818.28,355.26,817.62,356.34
818.28,355.26,816.10,355.84
829.68,386.64,833.86,386.91
816.85,354.62,816.10,355.84
830.34,435.27,830.90,434.86
815.49,355.53,815.54,357.17
755.56,350.51,755.45,349.98
830.34,435.27,830.97,435.32
815.49,355.53,814.89,356.96
815.54,357.17,815.20,358.57
813.94,359.64,813.90,359.15
814.04,360.09,812.22,362.29
830.59,354.68,831.36,355.58
813.42,363.24,812.99,362.36
807.61,355.71,808.60,353.73
811.07,360.00,813.86,360.00
826.80,413.19,826.88,412.74
826.81,426.89,827.04,426.92
811.07,360.00,813.93,359.05
817.95,369.05,816.45,369.96
826.87,413.64,826.80,413.19
826.62,427.14,826.81,426.89
811.05,361.90,811.22,361.89
799.19,375.88,799.07,375.66
810.90,360.00,811.22,361.89
811.07,360.00,811.22,361.89
824.66,403.69,825.22,402.16
826.94,413.22,826.87,413.64
826.55,427.58,826.62,427.14
809.79,361.90,811.50,363.76
830.74,353.53,831.33,355.26
810.23,363.75,811.50,363.76
809.79,361.90,810.23,363.75
826.68,427.62,826.62,428.04
810.54,363.62,811.24,365.32
811.24,365.32,812.20,366.89
815.66,357.85,814.98,357.77
811.24,365.32,811.70,367.21
814.78,357.70,815.47,357.79
811.14,369.76,812.79,371.16
827.35,432.03,827.49,431.29
812.65,371.23,814.51,372.36
814.32,380.49,814.76,380.51
820.87,403.34,821.74,404.35
829.34,425.69,829.53,425.99
811.40,372.27,814.51,372.36
815.17,357.98,815.07,357.85
811.40,372.27,813.39,373.09
817.81,380.49,814.32,380.49
820.95,403.43,821.83,404.45
829.09,411.89,829.17,411.44
829.10,425.66,829.34,425.69
813.34,372.99,813.39,373.09
819.80,351.23,821.23,350.64
813.41,372.07,815.35,372.53
813.34,372.99,815.43,373.49
820.24,401.89,820.87,403.34
827.21,330.65,828.21,330.58
818.12,357.68,821.27,357.68
819.17,373.57,817.01,373.75
827.21,330.65,828.17,329.92
818.12,357.68,817.85,358.82
819.17,373.57,817.10,373.64
819.17,373.57,821.26,373.07
823.09,348.69,823.77,347.83
822.67,352.68,823.85,352.40
824.71,410.98,823.12,409.81
816.11,368.81,816.60,366.22
825.03,350.91,825.22,350.91
825.03,350.91,824.26,350.84
825.80,350.29,825.22,350.91
825.22,350.24,825.22,350.91
825.22,350.24,825.03,350.91
800.46,363.49,802.07,366.64
828.66,349.22,828.73,351.23
803.70,367.59,803.47,367.91
827.30,350.64,828.73,351.23
828.66,349.22,827.30,350.64
830.24,350.15,828.66,349.22
812.39,365.49,816.27,365.80
814.51,379.10,814.73,378.64
830.24,350.15,830.28,350.21
828.66,349.22,830.28,350.21
813.25,379.63,813.31,380.45
800.46,356.50,799.91,360.00
799.53,355.80,803.67,356.87
830.24,350.15,831.69,351.39
811.35,380.73,812.01,380.76
830.24,350.15,830.36,351.42
828.91,350.18,830.36,351.42
830.36,351.42,831.18,353.11
804.80,358.01,804.08,357.86
830.36,351.42,831.60,352.86
804.80,358.01,803.82,357.87
831.18,353.11,832.14,354.67
831.55,352.79,832.14,354.67
829.99,351.71,831.18,353.11
831.42,360.00,831.25,362.15
801.41,365.08,802.32,366.57
821.12,400.19,821.53,398.22
822.59,356.08,820.79,352.54
805.78,376.03,814.37,376.29
819.67,362.95,816.31,362.82
822.90,397.92,823.49,396.81
822.48,404.93,823.28,405.28
831.05,362.14,830.56,364.22
823.20,360.00,822.57,356.05
817.55,349.15,818.03,348.46
829.40,363.92,828.64,365.76
823.20,360.00,823.21,360.00
829.40,363.92,829.25,366.19
802.32,366.57,801.44,367.94
830.07,364.21,829.25,366.19
829.27,440.48,829.34,440.94
826.01,423.24,826.37,422.53
831.25,357.85,831.42,360.00
829.26,366.24,828.14,368.08
826.01,423.24,826.14,422.50
820.79,367.46,822.59,363.92
829.26,366.24,828.13,368.02
826.50,378.03,826.84,378.11
822.57,363.94,822.59,363.92
829.25,366.19,828.13,368.02
822.06,369.61,826.73,369.72
820.76,367.50,822.57,363.94
828.14,368.08,826.73,369.72
820.31,370.93,820.44,370.99
821.13,402.17,821.42,403.76
817.98,370.27,820.79,367.46
822.06,369.61,820.44,370.99
823.53,348.42,823.67,348.01
812.20,366.89,813.19,368.58
825.62,404.29,825.48,404.12
830.07,364.21,829.25,366.19
819.10,354.30,819.61,354.56
814.38,372.14,817.93,370.33
811.08,371.30,812.23,368.37
818.19,356.51,818.12,357.68
807.92,349.36,809.62,348.95
812.22,362.29,812.36,362.45
828.29,421.99,828.84,421.58
823.54,352.04,823.85,352.40
814.88,358.73,814.97,358.35
823.26,347.75,823.29,347.84
819.28,367.91,817.95,369.05
814.89,356.96,814.53,358.46
811.22,358.11,814.53,358.46
810.90,360.00,809.79,361.90
810.11,361.83,810.54,363.62
809.95,363.79,810.69,365.57
810.54,363.62,811.24,365.32
811.00,369.81,811.14,369.76
811.00,369.81,812.65,371.23
830.60,420.73,831.23,420.78
809.50,358.08,809.35,360.00
809.55,371.14,812.65,371.23
813.41,372.07,814.96,373.47
803.86,356.87,803.67,356.87
814.96,373.47,817.10,373.64
806.52,368.03,808.36,368.97
814.86,373.57,817.10,373.64
812.45,373.59,817.01,373.75
809.54,371.05,811.57,371.30
809.08,371.04,810.77,372.25
816.54,372.84,816.65,372.92
828.71,440.88,829.34,440.94
830.56,355.78,829.86,358.01
814.83,370.64,818.50,372.03
817.61,368.69,816.17,369.57
822.67,352.68,821.56,353.15
781.94,369.82,783.89,369.83
814.96,346.53,817.01,346.25
821.14,352.82,821.56,353.15
814.96,346.53,817.10,346.36
821.14,352.82,822.67,352.68
812.88,372.97,814.86,373.57
822.31,352.33,822.67,352.68
827.75,333.63,828.22,334.11
825.80,398.17,824.86,397.16
823.13,349.85,823.13,350.91
831.74,349.89,820.42,349.25
824.56,366.17,823.45,367.99
819.23,346.53,819.32,347.47
822.73,350.29,823.31,350.91
824.56,366.17,830.09,364.25
822.73,350.29,823.32,350.24
823.31,350.91,823.32,350.24
824.04,393.46,825.68,392.12
823.23,400.00,822.90,397.92
817.55,370.85,817.68,370.78
836.81,396.75,819.59,396.75
818.03,371.54,819.88,371.99
819.09,357.36,818.96,357.48
825.03,349.85,824.08,350.83
812.11,377.75,812.20,377.86
814.53,358.46,814.48,359.05
826.94,413.22,827.07,412.48
826.66,328.78,826.90,328.65
755.48,349.59,759.08,348.89
791.37,384.41,792.85,384.50
825.06,348.05,825.22,350.24
810.91,380.32,810.36,380.59
825.03,349.85,825.22,350.24
818.10,380.45,817.73,380.07
827.29,349.19,830.24,350.15
830.30,368.67,828.83,369.92
802.61,366.31,802.32,366.57
827.29,349.19,828.91,350.18
814.39,380.07,814.47,379.24
830.24,350.15,828.91,350.18
828.91,350.18,830.36,351.42
828.59,350.51,829.99,351.71
830.30,351.32,831.55,352.79
805.26,356.08,804.58,355.78
829.99,351.71,831.55,352.79
799.53,355.80,803.29,356.87
799.93,373.33,800.23,373.56
817.27,366.97,818.45,367.98
817.55,349.15,819.32,348.42
819.70,373.49,821.90,373.09
829.86,361.98,831.05,362.14
828.16,437.16,828.03,436.45
819.43,371.51,821.20,369.39
831.22,360.00,831.05,362.14
819.43,371.51,821.28,371.95
831.22,360.00,829.86,361.98
830.02,360.00,829.86,361.98
830.07,364.21,830.33,363.13
830.22,363.13,830.07,364.21
829.40,363.92,830.07,364.21
830.22,363.13,829.40,363.92
822.88,361.88,823.04,361.55
829.26,366.24,829.25,366.19
823.45,367.99,828.14,368.08
817.95,369.05,820.31,370.93
829.77,406.21,832.21,405.53
824.95,409.98,826.05,411.10
824.26,350.84,823.31,350.91
816.30,354.21,815.49,355.53
821.92,369.55,820.31,370.93
824.26,350.84,823.13,350.91
814.15,358.70,814.97,358.35
821.92,369.55,817.95,369.05
823.12,409.81,824.95,409.98
824.08,350.83,823.13,350.91
810.90,360.00,811.07,360.00
820.06,353.48,819.10,354.30
817.79,353.53,819.10,354.30
815.47,357.79,815.28,357.86
822.06,350.39,825.09,348.88
810.90,360.00,811.05,361.90
820.06,353.48,817.79,353.53
822.51,398.66,824.31,396.95
821.44,351.29,822.73,350.29
814.61,370.21,816.17,369.57
824.11,398.81,824.31,396.95
812.23,354.47,812.39,354.51
814.83,370.64,816.17,369.57
819.28,352.09,821.92,350.45
814.83,370.64,816.45,369.96
816.41,366.46,816.60,366.22
825.80,350.29,825.70,350.96
809.79,361.90,810.54,363.62
818.88,352.59,817.30,353.04
817.79,353.53,816.85,354.62
818.48,352.04,817.30,353.04
817.30,353.04,816.85,354.62
822.83,350.96,821.44,351.29
824.95,409.98,823.12,409.81
814.63,347.70,812.79,348.83
817.30,353.04,816.30,354.21
824.10,401.76,824.95,409.98
815.49,355.53,814.89,356.96
812.39,354.51,814.89,356.96
827.22,431.98,827.30,431.54
810.54,356.37,810.11,358.16
823.17,347.90,825.06,348.05
811.66,356.26,814.89,356.96
822.34,400.57,824.11,398.81
830.60,420.73,830.96,421.48
827.29,432.44,827.22,431.98
811.05,358.09,811.22,358.11
792.89,384.78,792.99,385.03
811.50,356.24,811.22,358.11
824.06,400.73,824.11,398.81
810.54,356.37,809.79,358.10
811.66,356.26,811.22,358.11
822.34,400.57,822.51,398.66
824.98,347.97,826.84,348.42
811.05,358.09,810.90,360.00
827.35,432.03,827.29,432.44
823.67,348.01,826.84,348.42
810.11,358.16,809.96,360.00
809.79,358.10,810.90,360.00
822.36,401.60,824.10,401.76
810.11,358.16,809.35,360.00
809.79,358.10,809.64,360.00
825.53,348.46,827.29,349.19
807.27,362.16,809.50,361.92
811.50,356.24,809.79,358.10
809.96,360.00,810.11,361.83
807.27,362.16,807.77,364.26
809.96,360.00,809.79,361.90
830.28,430.88,830.21,431.32
810.11,358.16,809.96,360.00
805.38,366.25,808.44,366.30
827.02,349.55,828.59,350.51
810.11,361.83,810.54,363.62
805.38,366.25,806.51,368.09
810.11,361.83,809.95,363.79
822.56,395.55,822.72,395.59
830.02,430.11,830.21,430.42
827.21,330.65,826.26,331.37
830.65,350.24,832.06,351.89
809.96,360.00,810.11,361.83
808.60,366.26,810.69,365.57
807.77,364.26,810.69,365.57
806.52,368.03,807.91,369.66
809.95,363.79,810.69,365.57
807.07,367.46,808.36,368.97
808.60,366.26,809.73,368.11
828.84,422.48,829.66,422.83
809.58,368.16,808.60,366.26
826.90,332.69,826.62,332.40
831.55,367.21,829.99,368.29
808.36,368.97,809.87,370.26
809.58,368.16,811.00,369.81
806.51,368.09,811.00,369.81
829.59,430.34,829.78,430.08
831.18,366.89,829.99,368.29
829.91,353.75,830.74,355.74
807.45,369.64,809.87,370.26
807.91,369.73,811.00,369.81
822.38,395.81,822.32,395.79
807.45,369.64,809.08,371.04
807.91,369.73,809.55,371.14
815.25,381.10,816.24,381.10
826.29,402.55,826.60,400.51
796.27,385.25,797.66,385.34
807.91,369.66,809.55,371.14
812.78,371.30,814.76,356.20
829.52,430.78,829.59,430.34
809.54,371.05,809.55,371.14
820.96,395.23,821.43,394.21
808.93,371.12,810.77,372.25
830.56,355.78,831.05,357.86
809.87,370.26,811.57,371.30
820.81,395.16,821.30,394.12
809.08,371.04,810.90,372.15
809.54,371.05,811.37,372.17
829.78,431.54,829.65,430.83
817.45,361.20,817.73,362.38
825.12,371.04,823.29,372.15
808.25,372.92,812.77,373.07
810.90,372.15,813.41,372.07
823.36,400.63,823.10,400.70
808.25,372.92,810.33,373.42
810.90,372.15,812.88,372.97
809.62,371.05,811.37,371.18
812.77,373.07,814.86,373.57
810.26,373.34,812.37,373.51
812.88,372.97,814.96,373.47
814.86,373.57,817.01,373.75
830.34,435.27,830.71,434.55
827.23,427.22,827.30,427.67
826.07,390.70,827.05,390.20
816.83,365.40,817.76,366.49
820.86,364.87,819.98,366.31
824.40,366.13,820.42,366.57
812.45,373.59,817.01,373.75
827.04,426.92,827.23,427.22
832.14,365.32,831.18,366.89
816.27,365.80,817.27,366.97
812.37,373.51,812.45,373.59
823.39,394.84,822.57,395.86
831.55,367.21,830.30,368.67
818.45,367.98,819.77,368.79
821.28,348.05,822.73,350.29
814.48,373.34,814.58,373.42
821.28,348.05,823.17,347.90
814.48,373.34,816.54,372.84
814.83,370.64,816.54,372.84
813.12,371.05,814.83,370.64
809.98,379.91,810.84,379.91
819.28,367.91,817.95,369.05
821.44,351.29,822.31,352.33
821.14,352.82,821.44,351.29
829.01,348.83,830.65,350.24
823.13,349.85,823.32,350.24
822.73,350.29,823.32,350.24
817.97,379.22,817.89,380.06
828.03,302.64,831.76,302.17
822.50,398.22,822.66,398.21
823.17,347.90,823.13,349.85
813.12,371.05,814.83,370.64
824.08,349.78,825.03,349.85
825.06,348.05,824.08,349.78
830.84,342.73,830.57,343.04
811.35,380.73,811.43,381.56
829.73,353.80,829.91,353.75
826.84,348.42,826.91,348.49
812.39,354.51,811.66,356.26
825.53,348.46,827.29,349.19
809.79,358.10,809.96,360.00
828.83,350.07,829.99,351.71
829.40,356.08,830.22,356.87
809.79,358.10,809.64,360.00
828.83,350.07,830.30,351.32
832.06,351.89,830.30,351.32
807.77,364.26,809.95,363.79
816.37,349.55,818.07,348.84
813.05,356.42,813.18,356.19
816.89,355.67,818.76,360.91
830.74,355.74,833.17,353.70
822.38,341.54,822.36,341.40
820.30,348.21,833.92,348.68
830.74,355.74,831.25,357.85
823.25,396.30,823.49,396.81
819.17,373.57,817.01,373.75
820.86,364.87,820.42,366.57
824.56,366.17,829.26,366.24
825.38,364.20,830.09,364.25
811.40,378.22,811.27,378.86
823.30,367.94,821.92,369.55
826.01,423.24,825.88,423.20
827.06,413.93,827.29,413.96
823.30,367.94,819.28,367.91
821.31,347.02,821.26,346.93
820.42,366.57,819.28,367.91
820.06,353.48,821.14,352.82
809.79,361.90,810.23,363.75
818.88,352.59,817.79,353.53
819.33,360.92,819.33,356.15
820.11,362.01,819.33,356.15
832.04,389.35,831.15,389.17
812.98,370.60,814.83,370.64
791.66,370.93,800.84,369.07
818.98,360.72,818.90,360.72
824.98,347.97,825.06,348.05
812.98,370.60,814.61,370.21
823.67,348.01,825.53,348.46
801.08,363.32,800.74,363.46
816.30,354.21,815.49,355.53
818.72,355.54,819.15,357.07
807.07,352.54,806.52,351.97
811.50,356.24,811.05,358.09
810.23,356.25,809.79,358.10
814.12,359.15,813.94,358.65
814.12,359.15,814.15,358.70
819.15,357.07,817.25,355.23
815.47,359.15,815.84,358.05
821.10,325.49,820.89,325.39
817.73,380.07,817.81,379.24
830.30,351.32,831.55,352.79
809.35,360.00,809.50,361.92
816.07,358.73,816.10,359.15
798.86,360.00,803.06,357.85
807.77,364.26,808.60,366.26
799.03,362.11,798.86,360.00
808.44,366.30,809.58,368.16
784.32,377.98,784.78,382.34
811.37,368.39,811.93,368.41
807.91,369.66,806.51,368.09
800.33,361.75,799.03,362.11
830.45,357.87,830.02,360.00
806.51,368.09,807.91,369.73
814.39,380.07,814.76,380.45
829.86,358.01,830.02,360.00
807.91,369.66,807.91,369.73
831.05,357.86,831.22,360.00
818.89,352.41,819.28,352.09
808.36,368.97,809.87,370.26
825.38,364.20,824.56,366.17
809.08,371.04,810.90,372.15
809.62,371.05,812.37,373.51
809.87,370.26,810.90,372.15
830.18,362.15,829.95,363.13
809.87,370.26,811.57,371.30
822.31,395.98,822.07,396.18
810.77,372.25,812.88,372.97
821.34,365.08,820.42,366.57
810.77,372.25,812.77,373.07
810.33,373.42,814.86,373.57
810.33,373.42,812.45,373.59
798.94,375.12,798.99,374.58
810.26,373.34,812.45,373.59
812.37,373.51,812.45,373.59
816.75,360.91,815.98,361.99
816.15,362.63,816.03,362.37
816.15,362.63,816.75,360.91
833.70,385.73,816.57,385.73
827.61,417.60,828.16,418.08
819.98,366.31,818.89,367.59
830.46,420.70,830.92,421.46
821.23,350.64,821.44,351.29
817.85,358.82,821.27,357.68
819.80,351.23,821.23,350.64
823.17,347.90,824.08,349.78
820.42,356.16,823.60,362.04
796.95,377.54,796.81,378.04
823.13,349.85,824.08,349.78
798.43,374.60,798.47,375.06
821.28,348.05,823.13,349.85
799.16,373.51,799.33,373.78
788.36,375.21,788.31,375.61
823.08,347.82,825.06,348.05
817.76,355.17,817.26,355.30
826.84,348.42,825.53,348.46
809.35,360.00,809.50,361.92
825.32,348.84,827.29,349.19
825.32,348.84,827.02,349.55
804.94,353.81,806.03,354.24
827.02,349.55,828.83,350.07
825.18,398.81,825.12,400.73
798.58,373.75,798.47,374.14
829.01,348.83,830.30,351.32
832.03,351.84,830.65,350.24
811.62,368.25,812.03,368.26
809.35,360.00,810.11,361.83
809.50,361.92,809.95,363.79
803.06,357.85,803.29,356.87
829.91,353.75,833.17,353.70
809.58,368.16,809.73,368.11
808.44,366.30,808.60,366.26
830.56,355.78,830.74,355.74
830.61,360.00,829.86,361.98
806.51,368.09,809.58,368.16
830.45,357.87,830.61,360.00
830.02,360.00,830.61,360.00
829.86,358.01,831.05,357.86
820.79,352.54,817.93,349.67
831.05,362.14,831.25,362.15
825.38,364.20,829.95,363.13
787.63,373.21,788.39,373.41
823.24,392.70,824.36,391.80
824.10,367.43,825.27,367.52
824.40,366.13,824.56,366.17
824.40,366.13,825.38,364.20
820.96,324.00,820.76,323.61
818.90,360.72,818.63,357.40
810.90,372.15,812.88,372.97
815.43,346.51,815.35,347.47
824.40,366.13,823.30,367.94
828.21,389.90,827.43,390.88
826.01,423.24,826.63,423.28
819.80,351.23,818.88,352.59
816.82,357.40,816.56,360.71
830.04,417.04,830.96,417.59
818.48,352.04,818.88,352.59
819.80,351.23,818.48,352.04
811.37,371.18,811.30,370.74
819.15,357.07,818.74,357.07
815.24,382.89,815.21,382.44
812.98,370.60,811.37,371.18
748.66,360.00,751.10,360.00
815.22,382.76,815.21,382.44
813.12,371.05,811.37,371.18
812.98,370.60,813.12,371.05
804.66,376.39,804.23,376.82
820.42,362.04,820.36,362.51
821.04,400.13,820.86,400.11
809.64,360.00,809.79,361.90
817.30,353.04,816.30,354.21
816.27,349.19,818.03,348.46
813.38,352.89,816.30,354.21
828.92,422.04,828.84,422.48
813.38,352.89,812.39,354.51
812.23,354.47,811.50,356.24
810.96,354.49,811.50,356.24
810.23,356.25,811.50,356.24
828.66,421.28,828.84,421.58
810.96,354.49,810.23,356.25
809.79,358.10,810.11,358.16
809.73,368.11,811.70,367.21
810.23,356.25,809.79,358.10
816.59,360.71,816.56,360.71
809.35,360.00,809.96,360.00
829.23,411.92,829.59,412.66
828.23,422.41,828.16,421.95
804.94,366.19,806.03,365.76
828.42,422.71,828.23,422.41
788.28,374.10,788.38,374.63
807.10,360.00,809.50,361.92
828.29,421.99,828.23,422.41
828.42,422.71,828.29,421.99
827.19,349.07,828.83,350.07
807.61,364.29,807.77,364.26
807.61,364.29,807.27,362.16
807.61,364.29,808.44,366.30
831.15,421.22,830.96,421.48
787.79,373.22,788.04,373.56
805.40,366.20,806.51,368.09
828.83,350.07,830.30,351.32
806.52,368.03,806.51,368.09
828.43,389.14,828.24,388.85
831.23,420.78,831.15,421.22
819.08,355.31,820.83,355.32
830.97,420.02,831.16,420.32
809.08,371.04,809.87,370.26
830.73,419.99,830.97,420.02
830.46,420.70,830.54,420.25
830.54,420.25,830.73,419.99
825.34,418.86,825.69,419.60
830.53,421.16,830.46,420.70
811.57,371.30,813.41,372.07
810.77,372.25,812.77,373.07
825.46,419.57,825.69,419.60
818.03,348.46,819.32,348.42
830.60,420.73,830.46,420.70
810.26,373.34,808.25,372.92
830.60,420.73,830.53,421.16
830.72,421.46,830.53,421.16
810.26,373.34,810.33,373.42
830.72,421.46,830.60,420.73
811.37,371.18,812.37,373.51
819.09,371.30,817.97,379.22
831.65,389.31,830.25,389.42
821.34,365.08,820.42,366.57
811.66,363.74,812.39,365.49
821.28,348.05,821.23,350.64
819.17,346.42,819.23,346.53
823.08,347.82,823.17,347.90
829.08,440.17,829.27,440.48
823.08,347.82,824.98,347.97
811.06,380.49,810.53,380.73
828.65,440.39,828.84,440.14
810.84,379.91,811.06,380.49
823.08,347.82,823.67,348.01
821.78,347.86,823.67,348.01
827.97,435.96,828.36,435.62
826.30,368.97,824.79,370.26
825.53,348.46,825.32,348.84
823.67,348.01,825.53,348.46
827.02,349.55,827.19,349.07
827.19,349.07,828.83,350.07
827.44,381.99,827.71,381.75
828.34,404.50,832.21,405.53
831.58,440.23,831.39,440.48
826.95,392.21,829.52,393.08
831.35,438.89,831.68,438.46
829.54,366.53,829.57,366.22
830.28,434.78,830.66,434.44
830.22,356.87,830.45,357.87
827.03,380.67,827.03,381.52
814.71,370.75,811.22,371.31
825.21,364.17,825.38,364.20
811.30,370.87,811.22,371.31
825.88,362.12,825.38,364.20
821.34,365.08,824.40,366.13
814.71,370.75,811.30,370.87
800.19,360.00,798.86,360.00
825.21,364.17,824.40,366.13
814.87,360.67,815.07,360.44
814.66,370.34,814.71,370.75
822.01,363.46,821.34,365.08
817.69,368.79,814.66,370.34
818.48,352.04,817.30,353.04
827.30,427.67,828.17,427.72
814.62,351.44,818.48,352.04
811.30,370.74,811.37,371.18
814.39,357.98,814.21,357.85
809.62,370.60,811.30,370.74
814.24,358.30,814.39,357.98
813.23,352.84,813.38,352.89
828.03,436.45,828.16,435.71
828.71,383.17,827.25,383.43
821.64,363.36,820.09,366.39
813.23,352.84,812.23,354.47
810.96,354.49,812.23,354.47
828.03,436.45,827.97,435.96
828.71,383.17,829.55,383.42
821.64,363.36,821.97,363.49
813.23,352.84,810.96,354.49
814.73,382.07,815.00,382.39
822.52,360.00,821.97,363.49
811.96,352.86,810.96,354.49
810.96,354.49,810.23,356.25
810.54,356.37,810.23,356.25
821.97,356.50,822.52,360.00
814.63,347.70,816.63,346.87
810.96,354.49,810.54,356.37
822.17,360.00,822.52,360.00
811.24,354.67,810.54,356.37
810.11,358.16,809.50,358.08
814.88,359.57,814.85,359.15
809.95,356.21,809.50,358.08
822.43,332.26,822.49,332.23
820.36,353.35,821.97,356.50
809.95,356.21,810.11,358.16
821.64,356.64,821.97,356.50
818.50,347.97,816.65,347.07
810.54,356.37,810.11,358.16
822.58,332.49,822.43,332.26
820.09,353.61,821.64,356.64
809.50,358.08,809.35,360.00
807.10,360.00,809.35,360.00
830.07,379.06,828.99,380.58
814.01,378.33,813.58,378.47
817.86,350.85,820.36,353.35
807.10,360.00,807.27,362.16
817.69,351.20,820.09,353.61
811.93,380.71,811.24,380.65
807.10,362.17,807.61,364.29
812.23,368.37,813.11,362.15
804.05,362.15,807.61,364.29
811.57,348.69,811.37,347.83
804.55,364.25,807.61,364.29
805.40,366.20,804.55,364.25
814.71,349.25,817.86,350.85
811.57,348.69,809.54,348.95
804.55,364.25,805.38,366.25
814.66,349.66,817.69,351.20
805.40,366.20,806.52,368.03
807.07,367.46,806.52,368.03
830.34,435.27,830.47,434.52
811.22,348.69,814.71,349.25
806.03,365.76,807.07,367.46
807.72,349.25,811.22,348.69
806.06,368.02,807.45,369.64
811.30,349.13,814.66,349.66
807.07,367.46,808.36,368.97
807.45,369.64,808.36,368.97
822.37,342.36,822.51,342.13
807.94,349.66,811.30,349.13
807.45,369.64,809.08,371.04
823.12,409.81,822.01,409.33
807.30,369.72,809.08,371.04
808.93,371.12,809.08,371.04
807.30,369.72,808.93,371.12
804.57,350.85,807.94,349.66
808.93,371.12,810.77,372.25
814.87,357.62,835.13,355.96
804.47,370.99,810.77,372.25
808.19,372.84,810.26,373.34
809.62,371.05,810.26,373.34
814.47,351.39,813.23,352.84
807.92,370.64,809.62,371.05
822.01,363.46,821.34,365.08
822.01,363.46,820.86,364.87
829.76,356.87,830.36,356.87
821.51,363.32,820.86,364.87
822.31,395.98,822.66,398.21
822.36,401.60,823.12,409.81
819.43,348.49,821.23,350.64
824.50,401.03,824.57,400.97
809.73,351.89,812.95,351.32
819.43,348.49,819.80,351.23
821.18,347.97,821.28,348.05
827.35,432.03,827.30,431.54
803.86,363.13,804.04,363.13
819.43,348.49,821.28,348.05
812.48,377.90,812.56,378.00
821.18,347.97,819.43,348.49
810.96,365.51,811.96,367.13
823.08,347.82,821.78,347.86
821.78,347.86,823.67,348.01
821.78,347.86,823.53,348.42
821.69,348.27,823.53,348.42
823.54,347.88,825.32,348.84
814.83,349.36,816.54,347.15
825.41,348.33,827.19,349.07
825.16,346.87,827.19,349.07
827.16,347.70,827.19,349.07
828.96,348.77,829.01,348.83
803.29,363.13,803.60,363.13
827.16,347.70,829.01,348.83
827.38,350.26,830.62,350.19
809.87,349.73,811.57,348.69
828.96,348.77,830.62,350.19
828.62,351.97,829.73,353.80
803.06,362.15,803.38,362.15
828.62,351.97,828.64,354.24
803.82,362.13,803.38,362.15
829.25,353.81,829.40,356.08
803.38,357.85,803.60,356.87
825.71,362.11,825.21,364.17
823.10,397.97,823.48,400.36
803.06,357.85,803.38,357.85
814.83,349.36,814.61,349.79
822.42,361.75,822.01,363.46
823.06,397.96,822.70,395.72
822.66,398.21,823.02,400.45
803.60,356.87,803.38,357.85
814.47,351.39,814.62,351.44
828.74,378.99,826.84,379.87
831.84,435.37,831.71,436.12
814.75,355.97,814.76,356.20
815.92,350.15,814.62,351.44
807.98,370.21,809.62,370.60
803.82,357.87,804.04,356.87
822.95,352.85,827.24,352.58
814.48,346.66,812.45,346.41
807.92,370.64,809.62,370.60
803.82,357.87,803.60,356.87
807.92,370.64,809.62,371.05
829.52,426.89,829.33,427.15
813.19,351.42,813.23,352.84
824.49,345.00,822.43,346.19
818.58,356.59,821.72,356.59
826.62,427.14,827.01,426.81
811.96,352.86,813.23,352.84
810.96,354.49,811.24,354.67
813.33,355.97,835.39,355.75
808.93,348.88,809.08,348.96
812.20,353.11,811.24,354.67
806.30,350.03,806.24,347.97
807.61,355.71,807.77,355.73
803.06,362.15,803.29,363.13
812.20,353.11,810.96,354.49
809.95,356.21,810.54,356.37
828.91,425.92,829.10,425.66
810.69,354.43,809.95,356.21
828.97,426.40,828.91,425.92
807.27,357.84,809.50,358.08
816.10,356.21,815.98,356.18
807.77,355.73,809.50,358.08
807.27,357.84,807.10,360.00
806.93,360.00,807.27,357.84
816.21,355.79,816.12,355.68
803.88,360.00,807.10,362.17
804.05,362.15,807.10,362.17
825.87,360.00,822.42,361.75
804.94,366.19,807.07,367.46
814.39,357.98,814.57,357.77
815.11,366.34,816.41,366.46
806.06,368.02,807.07,367.46
830.61,360.00,830.14,360.00
804.94,366.19,806.06,368.02
830.35,360.00,830.14,360.00
805.89,368.08,807.30,369.72
810.33,346.58,812.77,346.93
806.06,368.02,807.45,369.64
807.30,369.72,807.45,369.64
814.64,350.18,813.19,351.42
804.47,370.99,808.93,371.12
813.19,368.58,814.64,369.82
806.24,372.03,804.47,370.99
829.97,357.85,829.76,356.87
804.47,370.99,806.28,372.11
815.47,359.15,815.10,358.05
806.24,372.03,806.28,372.11
815.47,359.15,814.88,358.73
828.99,445.11,829.06,445.86
827.81,333.82,828.43,333.95
830.45,357.87,829.97,357.85
808.93,348.88,810.77,347.75
806.24,372.03,808.19,372.84
827.94,333.82,828.43,333.95
830.22,356.87,829.97,357.85
806.30,369.96,808.19,372.84
807.92,370.64,808.19,372.84
814.88,359.57,814.97,359.95
814.44,347.92,811.22,348.69
830.22,356.87,830.45,357.87
806.30,369.96,807.92,370.64
822.01,363.46,821.51,363.32
817.98,349.73,817.86,350.85
803.06,357.85,802.89,360.00
829.76,356.87,829.97,357.85
801.73,355.12,801.41,354.92
821.90,361.68,822.01,363.46
829.95,356.87,829.76,356.87
819.32,348.42,819.43,348.49
814.76,356.20,814.75,355.97
794.00,369.80,793.07,369.81
765.13,360.00,766.74,355.04
817.55,349.15,819.43,348.49
819.88,348.01,821.18,347.97
815.98,361.99,816.75,356.17
831.64,425.53,824.34,411.68
825.06,371.95,827.30,369.39
818.03,348.46,819.88,348.01
830.73,367.14,831.82,366.69
811.37,348.81,811.30,349.26
819.86,348.42,821.69,348.27
810.26,346.66,808.25,347.07
821.69,348.27,823.53,348.42
821.69,348.27,823.54,347.88
821.25,372.07,823.09,371.30
825.16,346.87,823.54,347.88
821.92,333.87,821.52,335.56
828.41,367.51,829.59,367.42
825.16,346.87,825.41,348.33
802.82,350.45,804.47,349.00
805.26,363.92,804.94,366.19
825.74,348.86,828.96,348.77
822.43,332.26,818.08,332.37
827.11,347.64,828.96,348.77
811.06,380.49,810.21,380.49
825.74,348.86,827.11,347.64
825.74,348.86,827.38,350.26
827.22,350.34,825.74,348.86
817.82,332.65,818.57,331.78
828.62,351.97,827.60,352.54
802.84,350.39,801.46,352.01
820.81,346.12,820.90,346.20
802.89,360.00,803.06,362.15
814.80,350.51,813.19,351.42
826.30,351.03,828.62,351.97
814.64,350.18,813.19,351.42
827.22,350.34,828.62,351.97
829.25,353.81,828.64,354.24
828.13,351.98,829.25,353.81
830.07,355.78,830.09,355.75
813.40,351.71,811.70,352.79
829.26,353.76,830.07,355.78
812.95,351.32,811.70,352.79
829.25,353.81,830.07,355.78
823.29,347.84,825.12,348.96
820.42,353.42,820.86,355.12
820.15,332.30,819.46,332.30
830.09,355.75,830.36,356.87
804.08,362.14,804.55,364.25
825.38,355.80,829.95,356.87
824.95,409.98,836.01,411.10
803.70,367.59,804.80,369.05
803.29,363.13,803.60,363.13
825.12,348.96,826.73,350.28
815.49,346.40,817.65,346.23
825.87,360.00,825.71,362.11
824.95,409.98,835.27,409.98
791.72,383.49,790.42,384.24
804.77,353.76,804.12,355.78
803.26,368.68,784.37,368.25
824.24,391.44,824.36,391.80
818.07,348.84,819.86,348.42
822.56,360.00,822.42,361.75
800.69,358.32,800.19,360.00
765.13,360.00,770.34,360.00
819.86,348.42,821.69,348.27
815.92,350.15,816.06,350.21
800.69,358.32,800.56,360.00
765.13,360.00,770.09,361.61
804.55,355.74,807.61,355.71
824.40,353.87,822.01,356.54
829.95,356.87,830.36,356.87
819.32,347.47,821.25,347.93
815.92,350.15,814.47,351.39
755.56,350.51,756.31,352.82
830.50,354.30,830.49,354.56
811.37,348.81,812.37,346.49
807.30,369.72,808.93,371.12
815.92,350.15,813.19,351.42
792.36,378.38,792.37,378.01
830.49,365.44,831.36,364.42
804.12,364.21,804.77,366.24
818.64,346.29,820.81,346.12
806.42,369.57,807.92,370.64
813.19,351.42,811.96,352.86
793.29,382.24,792.96,382.53
813.19,351.42,812.20,353.11
811.24,354.67,810.69,354.43
811.70,352.79,810.69,354.43
830.39,329.41,830.47,330.53
824.63,396.24,823.64,397.44
827.20,411.10,834.86,411.10
826.30,351.03,827.60,352.54
811.70,352.79,811.24,354.67
812.20,353.11,811.24,354.67
826.21,410.98,827.20,411.10
807.92,349.36,809.62,348.95
812.65,348.77,814.63,347.70
790.42,384.24,789.15,384.63
807.77,355.73,809.95,356.21
823.29,347.84,823.09,348.69
836.05,408.10,826.21,410.98
817.32,333.18,818.00,333.18
790.47,384.02,789.23,384.40
766.72,365.87,764.75,364.43
802.93,349.67,755.64,349.44
807.61,355.71,807.27,357.84
799.62,368.80,796.96,369.89
790.42,384.24,789.23,384.40
806.24,347.97,806.28,347.89
807.91,350.26,811.00,350.19
828.14,351.92,829.26,353.76
807.77,355.73,807.27,357.84
790.47,384.02,791.73,383.29
804.43,349.07,804.47,349.00
800.74,363.46,801.41,365.08
829.26,353.76,830.09,355.75
803.88,360.00,806.93,360.00
825.77,409.97,836.05,408.10
807.91,350.34,806.52,351.97
801.08,363.32,801.73,364.87
803.88,360.00,804.05,362.15
825.12,348.96,825.09,348.88
825.70,410.62,836.05,408.10
817.40,333.05,817.99,332.41
813.34,347.01,811.40,347.73
825.38,355.80,825.88,357.87
804.08,362.14,804.05,362.15
805.26,363.92,804.12,364.21
825.74,371.14,828.96,371.23
792.70,378.33,792.71,377.96
792.91,382.36,792.53,382.26
816.84,361.26,815.16,360.95
806.03,354.24,805.26,356.08
805.26,363.92,806.03,365.76
823.83,369.14,816.11,368.81
792.28,384.33,791.37,384.41
823.54,367.97,824.80,368.07
805.89,368.08,806.06,368.02
815.16,359.05,816.84,358.74
803.94,355.75,803.86,356.87
810.28,378.24,810.38,377.64
785.77,371.11,783.53,371.05
804.77,366.24,805.89,368.08
822.65,328.35,822.85,327.87
799.52,364.17,800.33,366.13
827.60,352.54,829.25,353.81
827.16,332.67,826.81,331.77
767.72,353.56,767.23,353.80
801.46,367.99,807.30,369.72
802.84,369.61,804.47,370.99
813.36,380.44,813.51,380.77
802.82,369.55,804.47,370.99
821.82,395.72,822.66,393.71
804.43,370.93,806.24,372.03
821.73,408.58,828.34,404.50
821.64,395.70,822.47,393.73
810.90,347.84,813.41,347.93
804.80,369.05,806.30,369.96
808.25,347.07,812.77,346.93
823.54,352.04,823.31,350.91
819.28,352.09,820.42,353.42
811.70,352.79,810.69,354.43
822.56,360.00,821.90,361.68
831.68,438.46,832.09,438.52
830.36,368.58,830.24,369.85
820.69,324.64,820.74,325.08
792.22,371.30,788.69,370.98
819.86,348.42,819.88,348.01
826.65,319.82,820.83,320.39
822.56,342.18,822.98,342.36
830.18,329.42,830.26,330.53
791.73,383.29,791.57,383.07
803.91,360.00,804.80,361.98
820.72,320.87,822.40,320.87
815.43,373.49,817.65,373.77
803.47,352.09,803.70,352.41
819.70,347.88,821.62,347.73
815.98,358.35,816.07,358.73
830.18,329.42,830.39,329.41
810.77,347.75,812.77,346.93
819.70,347.88,821.69,348.27
820.87,325.44,821.10,325.49
807.98,370.21,807.92,370.64
824.16,394.65,823.39,394.84
830.14,328.42,830.18,329.42
821.62,347.73,823.54,347.88
820.90,346.20,823.54,347.88
822.43,346.19,833.66,345.79
790.35,383.77,790.47,384.02
792.22,371.30,788.95,371.21
804.80,361.98,804.04,363.13
807.92,349.36,807.98,349.79
823.06,346.37,823.54,347.88
823.31,393.53,822.72,393.37
822.98,346.29,825.16,346.87
792.22,371.30,790.51,377.76
823.06,346.37,825.16,346.87
824.33,400.76,824.67,400.06
829.56,327.67,829.76,327.65
826.30,351.03,827.22,350.34
837.38,348.05,820.37,348.05
829.08,327.20,829.56,327.67
794.15,382.02,792.74,381.94
814.64,357.54,814.41,357.62
806.42,350.43,804.98,351.31
825.59,348.95,827.22,350.34
829.08,327.20,829.28,327.18
825.59,348.95,826.30,351.03
828.55,327.07,829.08,327.20
793.69,377.56,793.45,377.51
766.74,355.04,765.13,354.79
826.74,350.35,828.13,351.98
790.35,383.77,791.57,383.07
792.96,382.53,791.11,383.45
796.96,369.89,796.61,370.83
821.13,347.19,821.34,347.09
828.03,327.28,828.55,327.07
793.33,377.87,793.56,377.92
769.35,356.94,768.19,355.78
828.13,351.98,829.25,353.81
828.03,327.28,828.22,327.26
827.37,328.63,827.75,327.81
825.71,344.77,820.96,344.95
770.09,361.61,770.34,360.00
825.71,357.89,825.88,357.87
784.06,383.45,785.36,384.20
814.64,350.18,815.92,350.15
784.02,382.87,785.23,383.57
821.90,361.68,822.42,361.75
800.33,361.75,799.52,364.17
800.19,360.00,800.33,361.75
827.18,332.84,827.37,332.86
804.98,368.69,806.42,369.57
806.42,369.57,806.30,369.96
828.16,437.16,827.97,436.86
804.80,361.98,804.08,362.14
822.58,397.99,821.91,398.00
763.74,356.99,762.61,355.85
829.98,331.60,829.70,332.50
804.77,366.24,805.89,368.08
821.04,325.06,820.87,325.44
800.35,366.17,805.89,368.08
830.38,383.61,827.03,383.20
813.80,380.77,814.03,380.88
823.86,395.02,824.29,395.51
829.92,331.57,829.70,332.50
791.76,383.86,792.98,383.16
803.70,367.59,804.98,368.69
803.29,363.13,803.67,363.13
808.25,347.07,810.77,347.75
801.46,367.99,805.89,368.08
791.72,383.49,791.11,383.45
795.12,382.93,793.31,382.49
812.98,349.39,814.61,349.79
809.54,348.95,809.55,348.86
801.46,367.99,802.84,369.61
830.15,383.38,827.88,382.16
824.66,394.84,825.11,395.35
830.06,330.53,829.98,331.60
791.97,384.11,791.76,383.86
817.33,347.31,819.32,347.47
809.73,351.89,811.70,352.79
802.82,369.55,802.84,369.61
822.55,400.65,822.05,399.86
830.15,383.38,827.03,383.20
764.47,358.41,763.74,356.99
830.06,330.53,829.92,331.57
809.73,351.89,808.60,353.73
802.82,369.55,804.43,370.93
826.06,352.04,826.25,352.40
823.66,398.84,823.70,398.14
830.00,330.54,829.92,331.57
808.44,353.70,808.60,353.73
830.36,356.87,829.76,356.87
803.47,367.91,804.43,370.93
804.80,369.05,804.43,370.93
828.42,422.71,828.65,422.74
830.34,435.27,830.20,435.22
822.56,360.00,822.03,360.00
826.84,378.11,828.74,378.99
822.90,400.02,822.21,399.91
804.08,357.86,803.91,360.00
821.90,358.32,822.56,360.00
816.37,349.55,818.07,348.84
823.53,355.13,821.13,355.13
821.92,350.45,820.44,349.00
816.27,349.19,818.07,348.84
830.33,363.13,830.09,364.25
784.37,368.25,784.32,368.42
805.89,351.92,804.77,353.76
802.32,366.57,803.70,367.59
820.90,346.20,821.62,347.73
819.72,343.36,819.72,321.87
799.53,355.80,799.03,357.87
809.58,351.84,808.44,353.70
821.90,346.90,825.10,346.80
818.88,352.59,820.06,353.48
813.41,347.93,814.96,346.53
765.13,360.00,760.18,358.39
826.73,350.28,828.13,351.98
762.07,355.78,760.92,356.94
824.56,353.83,829.26,353.76
814.58,346.58,819.17,346.42
820.81,346.12,822.98,346.29
822.01,356.54,822.42,358.25
816.37,349.55,814.80,350.51
827.20,411.10,834.86,411.10
810.38,378.84,810.28,378.24
801.66,371.21,799.81,373.10
821.71,341.01,821.30,339.31
816.63,346.87,818.74,346.37
814.41,350.07,813.40,351.71
822.33,328.39,822.53,327.83
830.61,411.21,830.73,411.99
822.54,337.35,821.52,335.56
827.60,367.15,829.59,367.42
818.04,341.72,818.04,337.26
798.43,371.11,798.55,377.61
824.34,411.68,824.44,412.44
804.55,355.74,804.05,357.85
804.64,360.00,803.91,360.00
823.60,355.34,821.25,355.34
823.30,369.14,823.54,367.97
804.64,360.00,803.82,362.13
826.80,428.34,826.62,428.04
803.82,362.13,804.80,361.98
827.35,432.03,827.98,432.08
803.67,363.13,804.12,364.21
826.84,348.42,828.66,349.22
799.53,364.20,804.77,366.24
794.78,369.82,793.12,369.81
823.02,400.45,822.73,400.31
804.99,377.69,803.68,377.64
800.35,366.17,801.46,367.99
800.33,366.13,801.46,367.99
804.43,349.07,802.82,350.45
800.74,363.46,801.73,364.87
801.44,367.94,801.46,367.99
770.18,360.00,769.64,356.57
816.05,349.07,817.83,348.33
816.37,349.55,817.83,348.33
823.95,389.36,825.66,388.90
769.81,360.00,769.27,356.62
831.85,303.57,831.86,303.74
819.61,397.91,819.75,395.84
787.25,377.61,787.43,377.77
818.64,346.29,820.90,346.20
824.79,349.73,826.30,351.03
829.76,363.13,829.95,363.13
819.80,346.40,821.90,346.90
804.98,351.31,803.70,352.41
821.79,347.01,823.09,348.69
822.38,328.41,835.77,328.41
804.80,361.98,805.26,363.92
825.71,357.89,822.56,360.00
816.45,385.75,813.77,382.45
830.97,435.32,831.84,435.37
823.45,352.01,826.73,350.28
798.75,373.50,798.96,373.41
806.28,347.89,808.93,348.88
824.40,353.87,824.56,353.83
798.96,374.62,798.96,373.41
817.57,346.34,819.32,347.47
823.45,352.01,824.56,353.83
830.90,434.86,831.72,434.58
824.40,353.87,823.45,352.01
827.58,414.44,827.26,413.94
816.37,349.55,814.80,350.51
816.37,349.55,814.41,350.07
816.37,349.55,816.05,349.07
803.38,357.85,803.22,360.00
787.25,377.61,787.04,374.01
811.14,350.24,812.95,351.32
797.90,378.09,797.89,377.72
812.79,348.83,812.95,351.32
819.41,337.26,821.00,332.44
788.75,375.49,788.15,375.90
827.60,367.15,828.69,366.70
826.69,419.69,826.37,420.12
803.66,360.00,803.82,357.87
804.64,360.00,804.80,358.01
803.66,360.00,804.64,360.00
803.94,364.25,803.67,363.13
828.69,353.30,831.82,353.31
811.24,354.67,809.95,356.21
803.91,360.00,803.88,360.00
800.33,366.13,801.44,367.94
831.15,440.44,831.67,440.95
809.95,356.21,809.50,358.08
828.58,436.94,829.07,437.73
822.01,356.54,821.51,356.68
804.58,364.22,805.40,366.20
822.77,342.68,835.39,342.56
804.12,364.21,804.94,366.19
818.64,346.29,818.74,346.37
805.53,370.42,805.23,370.33
819.17,346.42,821.31,347.02
802.61,353.69,801.73,355.12
818.64,346.29,816.63,346.87
804.58,364.22,806.03,365.76
819.70,346.51,817.65,346.23
822.36,342.36,822.22,342.46
819.32,347.47,821.25,347.93
798.43,371.11,796.61,370.83
819.32,347.47,821.79,347.01
830.61,360.00,830.45,362.13
794.42,382.89,793.95,378.43
798.66,370.89,796.61,370.83
819.70,346.51,821.79,347.01
788.55,384.59,788.21,383.94
827.66,389.00,828.24,388.85
826.70,380.82,827.03,380.67
822.32,395.79,822.56,395.55
830.00,446.33,831.09,446.48
801.66,371.21,798.66,370.89
821.25,347.93,823.29,347.84
816.92,384.58,816.79,384.18
801.92,370.98,798.66,370.89
768.19,355.78,766.74,355.04
821.31,347.02,823.29,347.84
822.16,341.86,821.99,341.91
822.42,358.25,822.56,360.00
823.26,347.75,825.09,348.88
823.26,347.75,825.12,348.96
770.09,358.39,769.35,356.94
823.29,347.84,825.12,348.96
825.09,348.88,826.73,350.28
799.65,375.90,799.49,376.12
821.92,350.45,823.45,352.01
817.68,371.27,817.69,370.24
814.41,350.07,812.95,351.32
822.06,350.39,823.45,352.01
816.05,349.07,814.41,350.07
824.34,411.68,832.70,423.17
820.90,346.20,823.06,346.37
812.79,348.83,814.41,350.07
765.13,365.21,766.74,364.95
812.79,348.83,816.05,349.07
819.32,348.42,819.88,348.01
822.98,346.29,825.10,346.80
814.63,347.70,816.05,349.07
812.65,348.77,811.14,350.24
812.79,348.83,811.14,350.24
819.86,348.42,821.78,347.86
804.58,355.78,804.80,358.01
823.09,348.69,825.59,348.95
801.73,364.87,802.61,366.31
788.28,374.10,788.23,374.05
807.91,350.26,809.58,351.84
821.51,356.68,821.90,358.32
765.13,360.00,759.92,360.00
826.73,350.28,828.14,351.92
809.55,371.14,811.40,372.27
805.40,353.80,806.51,351.91
823.48,400.36,823.10,397.97
825.12,348.96,826.74,350.35
759.92,360.00,760.18,361.61
806.51,351.91,805.38,353.75
799.99,368.63,799.60,368.25
806.30,350.03,807.92,349.36
805.26,356.08,804.04,356.87
799.03,362.12,802.89,360.00
827.29,432.44,827.68,432.74
801.41,365.08,800.33,366.13
801.46,352.01,800.35,353.83
816.65,347.07,818.62,347.89
820.86,355.12,821.34,354.92
803.60,356.87,803.29,356.87
819.98,353.69,820.86,355.12
812.45,346.41,814.86,346.42
816.52,346.80,814.63,347.70
814.39,380.07,814.39,380.43
825.88,357.87,826.04,360.00
816.52,346.80,818.64,346.29
817.57,346.34,815.49,346.40
811.85,377.97,812.20,377.86
809.58,351.84,808.60,353.73
819.32,347.47,819.70,346.51
817.55,349.15,817.68,349.22
803.47,352.09,801.44,352.06
826.06,367.97,825.69,369.07
821.31,347.02,823.26,347.75
804.80,358.01,803.91,360.00
825.20,369.14,825.69,369.07
802.82,350.45,801.44,352.06
821.26,346.93,823.26,347.75
805.00,371.30,801.66,371.21
792.68,382.21,792.35,382.49
804.64,360.00,804.80,361.98
820.44,349.00,822.06,350.39
822.81,369.07,823.30,369.14
821.92,350.45,820.42,353.42
830.39,329.41,830.26,330.53
824.63,396.24,824.86,397.16
808.19,347.15,809.62,348.95
814.51,347.64,814.63,347.70
812.65,348.77,811.00,350.19
793.87,377.42,793.45,377.51
797.56,382.63,798.12,382.51
821.34,347.09,820.37,348.05
806.51,351.91,808.44,353.70
800.06,375.16,800.00,375.70
809.55,348.86,811.00,350.19
790.47,384.02,791.72,383.49
816.17,350.43,817.95,350.95
824.79,349.73,826.30,351.03
809.73,368.11,811.14,369.76
801.73,364.87,801.41,365.08
825.70,410.62,825.77,409.97
806.28,347.89,808.25,347.07
804.08,362.14,804.58,364.22
765.13,360.00,762.07,364.21
808.36,351.03,807.07,352.54
806.52,351.97,806.51,351.91
829.83,394.65,832.41,394.16
803.70,352.41,802.61,353.69
822.01,356.54,822.42,358.25
815.16,360.95,815.20,361.44
807.07,352.54,806.03,354.24
832.06,368.11,831.55,367.21
792.82,382.67,792.36,378.38
794.00,369.80,793.07,369.81
765.13,360.00,760.18,361.61
806.52,351.97,806.03,354.24
765.13,360.00,760.92,363.06
806.52,351.97,805.40,353.80
818.74,346.37,819.70,347.88
825.21,355.83,825.38,355.80
829.28,334.05,828.75,334.26
794.56,382.78,794.29,378.41
792.74,381.94,793.07,382.11
804.12,355.78,803.86,356.87
811.00,350.19,809.58,351.84
802.84,369.61,807.30,369.72
801.44,352.06,801.46,352.01
803.06,357.85,802.89,360.00
804.43,370.93,804.47,370.99
825.70,350.96,826.06,352.04
802.32,353.42,800.33,353.87
798.86,360.00,799.03,362.12
634.41,372.27,614.47,230.02
798.86,360.00,799.03,362.11
799.03,362.11,799.03,362.12
804.80,369.05,806.42,369.57
810.90,347.84,812.88,347.02
804.80,369.05,806.24,372.03
799.03,362.11,799.52,364.17
811.37,348.81,813.12,348.95
800.33,361.75,800.74,363.46
821.81,337.12,821.13,337.12
817.95,350.95,818.89,352.41
818.89,352.41,819.98,353.69
813.39,346.90,814.51,347.64
813.41,347.93,815.43,346.51
801.55,368.80,803.53,368.80
813.39,346.90,815.49,346.40
787.58,384.67,788.19,384.71
813.34,347.01,815.49,346.40
815.43,346.51,815.49,346.40
826.86,330.77,827.05,330.77
823.39,394.84,823.86,395.02
803.83,369.08,801.55,368.80
815.35,347.47,817.33,347.31
801.91,369.08,801.55,368.80
814.96,346.53,817.10,346.36
815.43,346.51,817.33,347.31
817.57,346.34,817.33,347.31
801.91,369.08,803.83,369.08
815.43,346.51,817.57,346.34
823.01,321.16,823.01,320.33
830.14,328.42,830.39,329.41
790.47,384.02,791.73,383.29
802.82,350.45,802.84,350.39
817.10,346.36,819.23,346.53
819.17,346.42,821.26,346.93
819.17,346.42,821.26,346.93
794.15,382.02,793.94,382.35
803.69,370.33,805.53,370.42
800.33,353.87,799.52,355.83
818.50,347.97,820.31,349.07
818.62,347.89,823.26,347.75
828.22,334.11,828.03,334.09
823.28,399.94,823.51,399.45
792.74,381.94,793.94,382.35
804.04,370.42,805.53,370.42
821.26,346.93,823.26,347.75
816.45,350.03,817.95,350.95
801.41,354.92,800.74,356.54
820.31,349.07,820.44,349.00
818.50,347.97,820.44,349.00
817.65,346.23,819.80,346.40
814.64,357.54,814.57,357.77
806.42,350.43,804.80,350.95
825.59,348.95,825.74,348.86
803.69,370.33,804.04,370.42
809.87,349.73,808.36,351.03
818.50,347.97,817.95,350.95
818.62,347.89,820.44,349.00
809.08,348.96,807.45,350.35
820.31,349.07,821.92,350.45
813.12,348.95,814.83,349.36
811.37,347.83,811.40,347.73
783.41,369.89,784.85,369.89
817.95,350.95,819.28,352.09
793.33,377.87,793.45,377.51
809.87,349.73,807.91,350.34
783.40,369.88,783.41,369.89
811.40,347.73,814.51,347.64
828.93,333.88,828.43,333.95
823.91,401.20,825.16,400.92
793.33,377.87,793.69,377.56
823.66,394.79,822.92,394.98
828.22,327.26,828.55,327.07
812.70,368.26,813.42,363.24
809.55,348.86,807.91,350.26
810.33,346.58,814.86,346.42
784.88,369.89,783.40,369.88
807.91,350.34,807.91,350.26
800.19,360.00,800.69,361.68
800.35,353.83,804.77,353.76
800.69,361.68,800.74,363.46
827.56,327.83,827.75,327.81
812.37,346.49,813.12,348.95
765.13,360.00,763.52,364.95
809.87,379.24,809.99,379.21
808.36,351.03,806.52,351.97
791.76,383.86,790.35,383.77
826.94,329.66,827.18,328.65
806.06,351.98,804.94,353.81
824.21,401.52,823.44,401.32
827.13,329.65,827.18,328.65
807.07,352.54,804.94,353.81
822.76,398.19,822.38,395.81
827.13,329.65,827.37,328.63
816.28,380.43,814.40,381.22
790.35,383.77,791.57,383.07
807.07,352.54,806.03,354.24
783.17,377.42,783.03,377.56
788.16,382.82,787.86,382.51
830.65,350.24,830.30,351.32
803.94,355.75,804.12,355.78
814.74,381.05,814.02,380.85
815.47,359.15,816.07,359.57
812.88,347.02,814.96,346.53
813.12,348.95,814.83,349.36
817.95,350.95,819.28,352.09
821.58,337.38,821.72,335.50
823.54,352.04,822.83,350.96
817.61,351.31,818.89,352.41
829.69,342.78,829.47,342.33
826.30,336.73,826.84,325.45
827.56,333.61,828.22,334.11
793.62,377.37,794.61,377.42
814.86,346.42,817.01,346.25
813.34,347.01,813.39,346.90
797.30,384.98,798.60,385.38
813.39,346.90,816.52,346.80
813.41,347.93,815.35,347.47
824.29,395.51,825.48,396.13
828.43,333.95,828.43,334.08
815.35,347.47,817.10,346.36
805.23,370.33,804.95,370.24
800.74,356.54,800.69,358.32
817.10,346.36,819.17,346.42
821.46,325.02,821.10,324.61
822.51,395.42,822.92,394.98
801.46,352.01,805.89,351.92
816.65,347.07,821.26,346.93
816.65,347.07,819.17,346.42
817.95,350.95,820.31,349.07
822.12,340.91,821.72,339.24
817.65,346.23,820.81,346.12
806.42,350.43,806.30,350.03
803.94,364.25,804.77,366.24
822.12,340.91,821.66,339.21
808.36,351.03,807.91,350.34
794.75,377.94,794.74,377.57
823.86,395.02,824.29,395.51
829.70,328.61,829.92,329.52
784.32,368.42,784.88,369.89
800.56,360.00,800.69,361.68
837.48,345.00,824.49,345.00
825.86,382.33,825.38,381.29
825.51,400.18,825.73,399.24
829.75,328.53,829.98,329.47
794.74,377.57,795.07,377.63
800.19,360.00,800.33,361.75
811.14,378.79,811.27,378.86
800.69,361.68,800.33,361.75
831.22,360.00,830.02,360.00
820.81,373.88,818.74,373.63
823.65,310.29,823.62,319.50
822.56,342.18,822.38,341.75
807.45,350.35,807.07,352.54
823.01,342.46,822.53,342.26
812.94,381.86,813.77,382.45
820.42,353.42,821.34,354.92
819.70,347.88,821.62,347.73
782.45,368.42,784.32,368.42
806.06,351.98,804.77,353.76
800.74,356.54,800.33,358.25
806.06,351.98,804.94,353.81
804.77,353.76,804.94,353.81
805.38,353.75,804.55,355.74
803.94,364.25,804.77,366.24
823.77,347.83,823.90,347.73
782.46,368.25,803.26,368.68
799.03,357.89,798.86,360.00
817.95,350.95,817.61,351.31
819.28,367.91,821.92,369.55
825.07,321.38,825.17,321.23
812.45,346.41,817.01,346.25
783.15,369.81,783.39,369.83
816.45,350.03,817.95,350.95
812.74,363.24,812.67,363.20
813.34,347.01,813.41,347.93
815.54,357.17,814.53,358.46
811.37,347.83,813.34,347.01
817.10,346.36,817.01,346.25
827.51,333.38,827.03,332.67
769.27,356.62,767.72,353.56
825.17,321.23,826.95,325.32
804.76,377.92,803.49,377.86
798.99,374.58,798.95,374.59
808.25,372.92,814.86,373.57
815.49,346.40,820.81,346.12
814.48,346.66,816.65,347.07
809.54,348.95,811.37,347.83
826.21,410.98,826.48,413.09
814.57,360.52,814.78,360.59
818.83,355.48,818.58,356.59
812.95,351.32,811.70,352.79
823.13,370.14,823.30,369.79
825.12,412.92,826.48,413.09
817.35,370.42,815.87,370.42
809.62,349.39,811.30,349.26
809.87,349.73,807.45,350.35
794.78,369.82,796.27,369.89
825.06,371.95,826.91,371.51
825.70,410.62,824.44,412.44
809.55,348.86,812.65,348.77
807.45,350.35,806.06,351.98
801.66,371.21,800.10,377.69
800.33,361.75,800.74,363.46
805.89,351.92,804.77,353.76
767.72,366.43,769.27,363.38
821.30,400.10,822.34,400.57
800.35,353.83,805.89,351.92
800.74,356.54,799.03,357.89
828.90,370.68,817.24,371.65
784.37,368.25,782.45,368.42
814.61,349.79,816.17,350.43
767.72,353.56,765.30,351.14
813.41,347.93,812.88,347.02
768.72,356.74,767.23,353.80
814.96,346.53,814.86,346.42
803.67,363.13,803.86,363.13
827.35,432.03,827.90,432.52
814.48,346.66,816.54,347.15
814.48,346.66,814.83,349.36
792.35,369.83,787.87,369.83
803.60,363.13,803.67,363.13
819.88,348.01,823.08,347.82
817.57,346.34,819.70,346.51
823.45,352.01,828.14,351.92
809.08,348.96,807.30,350.28
769.27,363.38,769.81,360.00
807.30,350.28,807.45,350.35
816.54,347.15,816.45,350.03
817.10,346.36,819.23,346.53
800.74,356.54,800.33,358.25
794.93,377.47,795.07,377.63
818.68,371.89,818.85,371.86
802.84,350.39,805.89,351.92
818.50,347.97,818.62,347.89
803.69,370.33,805.23,370.33
800.33,353.87,800.35,353.83
830.24,369.85,828.91,369.82
827.19,389.51,828.43,389.14
787.91,375.06,788.02,375.46
801.44,352.06,800.35,353.83
817.35,370.42,815.87,370.42
829.65,430.83,830.28,430.88
830.15,341.09,830.68,342.60
828.90,370.68,815.87,370.42
801.41,354.92,799.52,355.83
822.98,346.29,820.90,346.20
829.65,430.83,830.21,430.42
803.29,356.87,803.67,356.87
803.38,362.15,803.60,363.13
830.15,341.09,830.89,342.17
828.90,370.68,817.35,370.42
765.30,368.86,767.72,366.43
786.02,378.07,786.03,377.70
813.33,355.97,813.18,356.19
803.38,362.15,803.60,363.13
828.90,370.68,826.72,370.66
784.88,369.88,784.85,369.89
809.54,348.95,811.40,347.73
812.98,349.39,814.83,349.36
830.92,343.39,830.60,343.06
817.83,348.33,819.70,347.88
769.35,363.06,770.09,361.61
810.90,347.84,812.77,346.93
810.93,380.90,817.89,380.62
750.00,366.43,752.42,368.86
810.33,346.58,812.45,346.41
828.91,350.18,828.59,350.51
803.82,362.13,804.04,363.13
752.78,368.07,755.56,369.49
806.93,360.00,807.10,360.00
801.08,356.68,800.74,356.54
819.88,371.99,821.78,372.14
816.06,350.21,814.62,351.44
819.41,337.26,821.61,333.69
825.38,381.29,825.56,381.52
824.67,400.06,824.87,399.17
829.92,329.52,830.00,330.54
804.08,357.86,804.05,357.85
821.90,358.32,822.03,360.00
805.14,376.48,805.19,376.12
805.40,353.80,805.38,353.75
824.79,349.73,826.74,350.35
812.70,368.26,812.03,368.26
750.57,354.13,749.15,356.91
748.45,363.38,750.00,366.43
802.20,370.84,805.57,370.93
762.07,355.78,765.13,360.00
817.83,348.33,819.70,347.88
824.56,353.83,825.38,355.80
811.93,368.41,811.37,368.39
752.78,351.92,750.57,354.13
799.43,384.93,798.50,384.85
829.10,427.12,828.97,426.40
819.86,371.58,821.62,372.27
831.33,355.26,832.42,355.84
805.23,370.33,803.35,370.24
802.32,353.42,801.41,354.92
816.74,360.00,817.36,360.00
830.33,363.13,830.07,364.21
835.17,342.36,822.98,342.36
747.97,360.00,748.52,363.43
811.00,350.19,811.14,350.24
821.90,346.90,823.90,347.73
749.15,356.91,748.66,360.00
802.32,353.42,801.44,352.06
827.64,306.93,827.51,307.51
811.70,352.79,812.20,353.11
806.30,369.96,807.92,370.64
804.80,350.95,806.30,350.03
823.90,347.73,827.11,347.64
812.74,363.24,812.03,368.26
822.33,341.53,822.38,341.54
820.72,349.29,836.20,349.29
800.35,366.17,804.77,366.24
806.24,347.97,804.47,349.00
817.30,353.04,817.79,353.53
818.74,346.37,820.90,346.20
825.21,355.83,825.71,357.89
752.51,351.47,750.18,353.80
799.48,385.22,798.51,385.13
827.22,350.34,827.38,350.26
803.47,352.09,802.82,350.45
801.44,367.94,802.82,369.55
804.43,349.07,803.47,352.09
829.49,309.55,829.47,318.84
829.69,342.78,829.42,342.24
802.32,366.57,802.82,369.55
804.80,350.95,803.47,352.09
809.62,349.39,809.62,348.95
822.57,395.86,822.61,395.89
782.49,382.21,781.17,369.80
802.84,350.39,807.30,350.28
807.92,349.36,809.62,349.39
807.92,349.36,808.19,347.15
822.03,360.00,821.90,361.68
806.24,347.97,807.92,349.36
804.16,378.41,803.87,377.94
818.42,360.71,818.51,360.77
825.95,423.65,825.88,423.20
826.94,413.22,827.29,413.96
787.12,373.52,787.30,373.20
815.49,346.40,816.52,346.80
826.94,413.22,827.56,413.25
807.61,355.71,807.10,357.83
806.30,350.03,804.43,349.07
813.90,359.15,813.94,359.64
804.77,366.24,806.06,368.02
814.12,359.15,813.90,359.15
826.94,413.22,827.49,412.80
818.03,348.46,819.88,348.01
806.30,350.03,804.80,350.95
822.12,333.79,822.29,333.32
782.63,377.90,783.09,382.24
787.59,376.00,787.86,376.12
782.63,377.90,782.49,382.21
803.67,356.87,803.29,356.87
804.98,351.31,803.47,352.09
820.86,360.78,820.83,360.72
804.80,350.95,803.47,352.09
823.09,348.69,824.79,349.73
803.60,356.87,803.67,356.87
806.42,350.43,807.98,349.79
787.12,373.52,787.04,374.01
818.90,355.53,818.90,360.72
806.42,350.43,807.92,349.36
814.78,357.70,814.57,357.77
806.42,369.57,807.98,370.21
804.98,351.31,804.80,350.95
829.23,411.92,829.79,411.50
765.13,360.00,768.19,355.78
765.13,360.00,769.35,356.94
817.20,369.08,817.35,368.80
765.13,360.00,770.09,358.39
825.38,355.80,830.09,355.75
770.34,360.00,770.09,358.39
819.75,395.84,820.18,393.99
828.43,389.14,828.66,389.72
819.69,395.88,820.12,394.05
823.30,352.06,821.34,354.92
768.19,364.21,769.35,363.06
811.14,350.24,809.73,351.89
766.74,364.95,768.19,364.21
762.07,364.21,763.52,364.95
825.34,418.86,825.88,418.45
823.77,347.83,825.59,348.95
760.92,363.06,762.07,364.21
805.40,353.80,804.58,355.78
760.18,358.39,759.92,360.00
799.53,364.20,803.94,364.25
804.12,355.78,804.04,356.87
763.52,355.04,765.13,360.00
830.36,363.13,829.95,363.13
829.76,363.13,830.36,363.13
815.47,359.15,815.66,360.44
822.73,350.29,823.13,349.85
787.72,383.86,786.32,383.77
821.12,400.19,821.37,397.94
811.40,347.73,809.55,348.86
801.41,365.08,802.32,366.57
829.83,394.65,832.64,395.08
824.40,353.87,825.21,355.83
829.95,356.87,829.76,356.87
825.12,400.73,825.15,401.31
825.37,396.95,825.18,398.81
829.91,416.32,830.47,415.90
803.47,352.09,802.32,353.42
826.06,367.97,825.20,369.14
806.06,351.98,807.07,352.54
804.12,355.78,803.86,356.87
828.14,351.92,829.26,353.76
821.29,401.12,822.01,409.33
826.01,423.24,826.56,422.82
829.06,389.19,828.21,389.90
815.35,347.47,814.96,346.53
803.94,355.75,803.67,356.87
801.41,354.92,800.74,356.54
815.16,359.05,815.20,358.57
812.65,348.77,812.79,348.83
813.42,363.24,812.99,362.36
829.95,388.76,829.06,389.19
816.84,358.74,815.20,358.57
821.89,395.79,821.29,397.91
801.44,352.06,800.33,353.87
825.22,350.91,826.06,352.04
831.81,388.82,830.88,388.64
802.32,353.42,801.41,354.92
825.70,350.96,825.22,350.91
816.80,340.38,816.46,338.97
787.19,374.59,787.05,374.58
803.26,368.68,803.53,368.80
817.23,333.98,817.45,333.77
816.38,339.97,816.46,338.97
827.19,389.51,827.40,389.10
787.16,375.16,787.05,374.58
801.25,368.68,803.53,368.80
816.38,339.97,816.09,338.74
754.21,353.89,752.54,355.56
811.93,380.71,811.16,380.76
809.87,349.73,809.54,348.95
813.34,347.01,815.43,346.51
803.83,369.08,803.53,368.80
756.31,352.82,758.64,352.45
807.45,350.35,808.36,351.03
817.33,347.31,819.32,347.47
803.35,370.24,801.91,369.08
788.02,373.75,788.39,374.62
803.69,370.33,803.35,370.24
797.96,383.67,799.15,382.73
814.57,360.52,815.28,360.44
816.84,358.74,815.54,357.17
765.30,351.14,762.24,349.59
809.64,360.00,809.79,361.90
811.57,371.30,813.34,372.99
784.88,369.89,784.88,369.88
767.23,353.80,764.90,351.47
816.17,350.43,816.45,350.03
765.13,360.00,768.19,364.21
783.36,369.89,783.40,369.88
830.15,341.09,830.15,342.99
829.46,445.87,830.00,446.33
799.52,355.83,799.53,355.80
784.32,368.42,783.36,369.89
824.03,381.44,825.56,381.52
813.19,351.42,814.47,351.39
782.45,368.42,783.36,369.89
814.58,373.42,819.17,373.57
823.28,405.28,822.81,404.85
829.91,366.25,828.79,368.09
828.59,436.04,829.53,436.55
818.74,346.37,817.83,348.33
828.40,444.58,828.47,445.37
799.03,357.89,799.03,357.87
782.46,368.25,784.37,368.25
768.72,363.26,769.24,360.00
827.21,332.77,827.52,332.65
781.55,369.81,783.15,369.81
783.89,369.83,783.15,369.81
827.71,376.31,829.29,376.85
830.71,434.55,831.40,434.06
764.90,368.52,767.23,366.19
826.04,360.00,825.88,362.12
800.74,356.54,799.52,355.83
761.96,370.02,764.90,368.52
816.06,350.21,818.48,352.04
812.88,347.02,812.77,346.93
816.29,370.74,815.36,370.68
821.75,370.72,817.00,370.72
817.26,368.68,817.35,368.80
817.26,368.68,819.34,368.80
799.75,376.02,799.49,376.12
819.27,368.68,819.34,368.80
758.64,369.98,761.73,369.49
755.45,370.02,758.64,369.98
810.90,347.84,808.93,348.88
827.20,411.10,834.54,413.09
810.38,378.84,803.87,377.94
815.92,370.33,816.09,370.24
819.70,373.49,821.79,372.99
821.69,348.27,821.62,347.73
796.27,369.89,796.14,371.05
817.46,370.33,816.09,370.24
826.48,413.09,827.20,411.10
817.46,370.33,817.69,370.24
829.99,351.71,830.30,351.32
825.85,344.39,825.71,344.77
795.14,369.88,794.83,369.89
812.16,368.25,812.23,368.37
796.61,369.88,794.83,369.89
752.42,368.86,755.48,370.41
801.41,354.92,800.33,353.87
796.61,369.88,796.27,369.89
795.44,369.89,795.14,369.88
750.18,366.19,752.51,368.52
806.03,365.76,807.07,367.46
812.98,349.39,813.12,348.95
796.96,369.89,796.61,369.88
787.25,377.61,787.05,374.58
799.23,368.42,795.44,369.89
799.23,368.42,796.96,369.89
822.56,360.00,825.87,360.00
799.60,368.25,797.36,368.42
822.53,342.26,822.56,342.18
822.43,332.26,821.71,333.77
797.69,368.25,817.26,368.68
799.60,368.25,797.69,368.25
813.19,351.42,813.40,351.71
799.33,375.49,799.16,375.74
793.07,369.81,787.87,369.83
800.33,358.25,800.19,360.00
793.07,369.81,787.31,369.81
794.00,369.80,793.12,369.81
823.10,400.70,822.73,400.31
794.00,369.80,793.12,369.81
794.78,369.82,794.00,369.80
829.65,430.83,830.21,431.32
830.15,341.09,830.43,342.89
812.99,362.36,812.44,362.35
828.90,370.68,826.72,370.66
817.01,346.25,819.17,346.42
825.21,355.83,822.42,358.25
824.24,391.44,825.47,390.67
815.87,370.42,826.72,370.66
752.42,351.14,750.00,353.56
811.50,363.76,812.39,365.49
802.61,353.69,802.32,353.42
814.58,373.42,816.65,372.92
800.74,363.46,799.52,364.17
826.51,370.72,826.72,370.66
827.49,382.51,828.71,383.17
829.35,412.64,830.27,413.19
828.71,440.88,829.27,440.48
804.77,366.24,804.94,366.19
798.75,373.50,798.96,374.62
828.55,370.74,826.72,370.66
830.26,389.29,829.06,389.19
806.24,347.97,808.19,347.15
828.55,370.74,828.90,370.68
788.28,374.10,788.86,374.18
813.19,356.20,813.05,356.42
822.42,370.74,821.75,370.72
794.78,369.82,793.87,369.83
823.02,400.45,822.83,400.28
812.22,362.29,813.05,356.42
803.22,360.00,803.38,362.15
826.51,370.72,821.75,370.72
809.96,360.00,809.64,360.00
822.53,327.83,823.01,327.62
812.78,371.30,812.23,368.37
804.43,349.07,806.24,347.97
813.19,356.20,812.22,362.29
822.42,370.74,826.51,370.72
822.56,327.90,823.01,327.62
827.29,398.28,831.14,403.71
825.09,348.88,826.73,350.28
803.67,363.13,803.60,363.13
803.47,367.91,804.80,369.05
812.36,362.14,812.22,362.29
802.89,360.00,803.06,362.15
828.55,370.74,826.51,370.72
822.38,328.41,822.33,328.39
800.10,377.69,798.55,377.61
800.33,358.25,800.19,360.00
822.65,341.69,822.85,342.17
787.05,374.58,787.04,374.01
813.11,362.15,812.99,362.36
822.51,342.13,821.92,340.90
788.78,377.69,787.86,376.12
819.41,337.26,819.41,331.43
809.58,351.84,809.73,351.89
788.75,375.49,788.58,375.74
810.95,371.38,811.93,368.41
805.00,371.30,817.24,371.65
792.68,382.21,792.35,382.49
788.39,375.83,788.58,375.74
815.49,371.68,816.01,371.53
799.94,384.85,799.88,384.00
814.53,379.22,815.56,371.89
788.39,375.83,788.15,375.90
793.07,369.81,791.69,381.95
788.86,375.10,788.75,375.49
820.44,349.00,823.26,347.75
822.22,327.63,822.77,327.40
788.86,375.10,788.31,375.61
823.22,395.26,822.51,395.42
822.93,398.08,823.14,400.58
814.08,380.86,814.37,381.25
787.70,375.88,788.39,375.83
822.36,327.72,822.85,327.52
807.91,350.26,806.51,351.91
805.26,356.08,804.80,358.01
787.93,375.99,788.39,375.83
811.27,378.86,814.73,378.64
828.97,426.40,829.33,427.15
794.78,369.82,793.90,377.40
788.02,375.46,788.19,375.73
829.10,427.12,829.33,427.15
787.47,375.57,788.19,375.73
820.07,362.40,820.11,362.01
813.33,355.97,835.39,355.75
829.52,393.08,827.17,393.91
822.93,398.08,823.10,397.97
787.70,375.88,788.19,375.73
787.47,375.57,787.70,375.88
827.27,384.07,828.55,370.74
788.86,374.18,788.90,374.64
788.86,374.18,788.38,374.63
828.13,351.98,828.14,351.92
822.42,370.74,827.27,384.07
788.28,374.10,788.38,374.63
787.31,369.81,785.23,383.57
787.29,375.12,788.02,375.46
816.33,362.74,816.75,360.91
787.47,375.57,788.02,375.46
787.31,369.81,782.93,381.95
827.46,384.18,827.27,384.07
787.29,375.12,787.47,375.57
830.45,362.13,830.22,363.13
811.70,367.21,812.95,368.67
815.47,357.79,815.66,357.85
823.20,360.00,769.64,363.43
827.34,384.58,827.46,384.18
788.75,373.78,788.86,374.18
798.96,374.62,798.47,375.06
826.05,385.10,827.27,384.07
787.19,374.59,787.91,375.06
829.65,430.83,829.59,430.34
828.85,308.43,828.86,318.85
816.27,349.19,814.80,350.51
822.42,370.74,826.05,385.10
787.31,369.81,781.55,369.81
788.58,373.51,788.75,373.78
828.84,441.60,829.07,441.63
829.65,430.83,829.52,430.78
816.27,349.19,816.37,349.55
787.31,369.81,782.93,381.95
822.42,370.74,824.72,385.87
788.58,373.51,788.10,373.64
787.87,373.33,788.10,373.64
787.91,374.14,787.87,374.60
801.50,369.48,803.34,371.27
790.35,383.77,789.24,384.14
796.96,369.89,796.61,369.88
787.18,374.06,787.87,374.60
813.40,351.71,812.95,351.32
781.01,380.73,781.61,381.33
787.18,374.06,787.19,374.59
825.17,321.23,828.73,324.14
829.97,357.85,830.14,360.00
788.39,373.41,788.58,373.51
783.89,369.83,784.85,369.89
788.58,373.51,787.87,373.33
785.48,381.94,784.14,382.15
788.02,373.75,787.91,374.14
787.26,373.61,787.91,374.14
781.61,374.35,781.01,374.95
798.47,374.14,799.06,374.06
787.26,373.61,787.18,374.06
788.19,373.50,788.39,373.41
787.42,373.31,787.63,373.21
798.55,377.61,799.10,374.01
822.29,333.32,822.33,333.12
825.69,344.05,835.25,344.14
799.81,373.10,800.05,373.22
829.86,358.01,830.02,360.00
812.03,368.26,811.93,368.41
799.88,375.61,799.65,375.90
799.33,375.49,799.65,375.90
799.33,375.49,799.16,375.74
799.41,375.99,799.65,375.90
793.87,369.83,796.27,369.89
798.96,375.83,799.65,375.90
804.12,364.21,803.86,363.13
820.79,367.46,821.97,363.49
822.22,327.63,821.99,328.18
829.69,366.08,831.82,366.69
818.98,355.54,819.08,355.31
784.14,377.84,786.68,374.35
798.96,375.83,799.16,375.74
825.85,344.39,828.21,337.92
822.42,370.74,822.42,386.37
800.06,375.16,799.88,375.61
799.45,375.10,799.88,375.61
787.28,374.95,784.14,377.84
799.45,375.10,799.33,375.49
807.91,350.34,809.55,348.86
790.87,376.56,791.09,377.96
799.19,375.88,799.41,375.99
798.96,375.83,799.41,375.99
799.19,375.88,798.96,375.83
790.87,379.35,790.87,376.56
798.75,375.73,798.96,375.83
797.94,383.88,799.20,382.90
800.13,377.71,800.10,377.69
803.47,367.91,802.82,369.55
782.29,379.35,782.07,377.96
800.16,374.63,800.06,375.16
829.91,416.32,830.54,416.36
799.49,374.64,800.06,375.16
800.06,375.16,799.45,375.10
827.29,352.33,828.54,353.15
782.29,376.56,782.29,379.35
818.07,348.84,817.83,348.33
825.05,367.69,825.27,367.52
811.14,377.33,810.92,377.77
800.18,374.10,800.16,374.63
799.45,374.18,800.16,374.63
819.41,343.08,818.57,342.83
827.24,367.42,828.41,367.51
810.92,377.77,810.85,378.25
799.45,374.18,799.49,374.64
827.19,389.51,828.66,389.72
800.16,374.63,799.49,374.64
798.96,374.62,799.49,374.64
811.49,376.99,811.14,377.33
798.94,375.12,799.03,375.57
828.66,349.22,830.05,352.04
798.94,375.12,798.58,375.46
827.43,367.32,828.54,366.85
811.92,376.77,811.49,376.99
798.47,375.06,798.58,375.46
836.70,381.59,811.59,381.59
821.90,346.90,822.98,346.29
800.09,373.64,800.18,374.10
822.91,309.04,822.91,319.50
799.33,373.78,800.18,374.10
815.41,359.59,815.31,360.00
823.77,347.83,821.90,346.90
811.92,379.73,812.44,379.81
798.95,374.59,798.94,375.12
794.00,369.80,792.35,369.83
765.13,360.00,765.13,354.79
816.46,335.80,817.14,335.80
820.13,332.99,820.15,332.30
798.47,375.06,798.94,375.12
798.95,374.59,798.47,375.06
811.49,379.51,811.92,379.73
803.47,352.09,802.61,353.69
816.84,361.26,815.20,361.44
758.01,355.12,765.13,354.79
818.04,332.79,819.46,332.30
799.93,373.33,800.09,373.64
811.43,381.56,811.59,381.59
824.79,349.73,825.12,348.96
811.14,379.16,812.41,378.25
823.81,371.65,827.44,376.07
820.13,332.99,819.46,332.30
799.16,373.51,800.09,373.64
824.10,401.76,835.27,409.98
819.26,333.57,818.68,332.97
810.92,378.73,811.14,379.16
799.06,374.06,798.95,374.59
824.95,409.98,835.27,409.98
798.43,374.60,798.95,374.59
824.10,401.76,833.97,401.76
799.06,374.06,798.43,374.60
828.99,445.11,833.85,442.72
826.73,350.28,826.74,350.35
798.47,374.14,798.43,374.60
824.62,332.28,824.44,332.27
798.96,373.41,799.16,373.51
817.32,333.18,817.99,332.41
804.71,376.70,804.38,377.04
799.24,373.61,799.06,374.06
826.64,305.26,827.06,304.89
822.70,404.74,821.74,404.35
829.15,320.42,828.94,319.70
799.24,373.61,798.47,374.14
798.75,373.50,799.71,373.21
820.83,355.32,819.41,355.21
817.40,333.05,818.04,332.79
805.14,376.48,805.64,376.40
798.75,373.50,798.96,373.41
799.71,373.21,798.96,373.41
822.78,393.66,823.40,393.16
798.58,373.75,799.24,373.61
799.47,373.31,798.58,373.75
816.24,379.77,813.36,380.44
798.75,373.50,798.58,373.75
799.47,373.31,798.75,373.50
787.72,383.86,788.83,384.23
787.30,373.20,787.12,373.52
787.42,373.31,787.12,373.52
822.40,324.66,835.76,324.66
787.04,374.01,787.12,373.52
787.04,374.01,787.26,373.61
798.55,377.61,799.96,378.19
787.18,374.06,787.26,373.61
804.95,370.24,801.91,369.08
787.05,374.58,787.04,374.01
817.01,346.25,819.17,346.42
817.33,347.31,819.23,346.53
803.35,370.24,804.95,370.24
829.75,320.41,831.19,323.80
830.60,420.73,831.16,420.32
826.65,424.46,826.33,423.95
822.42,370.74,816.29,370.74
787.70,375.88,787.47,375.57
806.03,354.24,805.40,353.80
811.37,372.17,813.34,372.99
806.24,347.97,808.25,347.07
809.54,348.95,807.91,350.34
784.88,369.88,783.41,369.89
787.86,376.12,787.59,376.00
811.57,371.30,813.41,372.07
787.93,375.99,787.70,375.88
827.48,413.70,828.42,413.29
814.88,363.05,815.47,364.48
788.09,376.02,787.86,376.12
804.55,355.74,807.10,357.83
811.08,371.30,811.48,368.37
812.88,372.97,814.96,373.47
765.13,360.00,766.74,364.95
812.37,346.49,812.45,346.41
783.36,369.89,784.88,369.89
813.23,352.84,812.39,354.51
788.27,375.70,788.09,376.02
820.72,320.87,820.59,320.91
811.35,380.73,812.01,380.76
804.08,357.86,803.88,360.00
823.51,399.45,824.87,399.17
788.15,375.90,788.09,376.02
815.37,359.15,815.34,359.64
806.59,347.92,803.05,349.73
814.86,373.57,817.01,373.75
783.41,369.89,784.85,369.89
788.31,375.61,788.15,375.90
827.07,412.48,827.26,412.42
815.92,369.85,816.27,370.81
788.36,375.21,788.27,375.70
812.45,373.59,819.17,373.57
788.39,375.16,788.31,375.61
813.41,378.57,817.47,378.76
826.93,336.04,831.13,326.67
803.06,377.96,803.30,378.01
787.44,384.14,789.74,384.30
826.80,413.19,827.26,413.94
816.37,370.45,818.07,371.15
788.34,374.63,788.36,375.21
792.68,382.21,794.00,369.80
795.96,384.21,794.67,383.22
788.39,375.16,788.36,375.21
821.71,341.01,821.30,339.31
830.04,320.46,824.42,321.12
788.38,374.63,788.39,375.16
801.25,368.68,803.26,368.68
813.11,362.15,813.19,356.20
818.07,371.15,819.86,371.58
788.23,374.05,788.34,374.63
812.36,362.14,813.19,356.20
830.04,320.46,824.41,324.44
788.38,374.63,788.34,374.63
813.11,362.15,812.36,362.14
799.71,373.21,799.93,373.33
788.23,374.05,788.38,374.63
788.04,373.56,788.23,374.05
835.59,327.90,822.98,327.73
788.04,373.56,788.28,374.10
822.56,342.18,835.59,342.18
825.10,393.56,826.17,393.56
822.56,327.90,822.98,327.73
804.55,364.25,808.44,366.30
788.10,373.64,788.28,374.10
787.53,373.10,787.79,373.22
787.53,373.10,787.87,373.33
830.70,436.02,831.39,436.55
781.17,369.80,783.15,369.81
820.67,340.19,821.01,338.73
787.63,373.21,787.87,373.33
767.23,366.19,768.72,363.26
800.69,358.32,800.33,358.25
810.43,347.23,759.08,348.89
821.08,386.88,822.42,386.37
781.17,369.80,783.89,369.83
817.99,342.19,817.40,341.53
820.67,340.19,820.02,338.53
799.03,362.12,803.29,363.13
787.63,373.21,787.42,373.31
830.04,320.46,831.19,323.80
810.43,347.23,762.51,349.44
781.17,369.80,781.94,369.82
804.04,370.42,815.36,370.68
823.61,321.15,823.58,324.46
799.10,374.01,799.30,373.52
823.61,321.15,824.41,324.44
799.10,374.01,799.06,374.06
815.36,370.68,816.23,370.66
798.99,374.58,799.10,374.01
815.44,359.15,816.07,359.57
789.21,382.59,789.10,378.22
819.68,369.07,819.53,369.48
817.00,370.72,815.36,370.68
798.94,375.12,798.95,374.59
816.29,370.74,817.00,370.72
798.98,375.16,798.99,374.58
809.62,370.60,811.37,371.18
819.12,369.08,817.20,369.08
822.91,321.15,828.85,320.45
799.25,376.00,799.07,375.66
822.39,346.29,821.34,347.09
822.91,321.15,830.30,323.81
799.25,376.00,799.19,375.88
809.88,379.84,810.21,380.49
799.65,375.90,799.41,375.99
809.98,379.91,810.21,380.49
799.49,376.12,799.41,375.99
828.96,348.77,830.65,350.24
799.75,376.02,799.65,375.90
800.16,374.63,800.06,375.16
822.21,399.91,822.55,400.65
811.37,372.17,813.39,373.09
800.16,374.63,800.20,375.21
796.61,369.88,795.14,369.88
824.49,345.00,837.72,346.29
800.31,374.63,800.20,375.21
813.31,380.45,813.36,380.62
800.18,374.10,800.16,374.63
822.90,400.02,823.26,400.80
813.36,380.44,813.36,380.62
800.31,374.63,800.16,374.63
800.18,374.10,800.31,374.63
824.71,410.98,822.01,409.33
796.96,369.89,795.44,369.89
800.32,374.06,800.31,374.63
800.09,373.64,800.18,374.10
821.91,398.00,821.65,397.34
800.09,373.64,800.32,374.06
796.27,369.89,794.83,369.89
800.23,373.56,800.32,374.06
812.16,368.25,811.62,368.25
816.52,352.83,838.26,352.44
797.69,368.25,797.36,368.42
823.00,309.18,823.01,319.51
800.05,373.22,800.23,373.56
799.47,373.31,799.54,373.20
822.98,342.36,822.56,342.18
823.30,352.06,824.40,353.87
818.07,348.84,819.70,347.88
828.02,331.84,827.80,332.33
825.07,321.38,820.50,323.48
794.59,382.20,794.42,382.45
799.81,373.10,799.47,373.31
791.93,384.70,792.99,385.03
830.07,376.37,829.66,376.49
800.05,373.22,799.93,373.33
817.65,379.22,817.57,380.06
794.80,383.48,793.53,384.21
786.41,383.94,787.31,384.01
822.98,373.70,823.06,373.63
829.79,411.50,830.61,411.21
787.22,384.63,788.19,384.71
786.62,384.59,788.19,384.71
826.05,385.10,824.72,385.87
787.35,384.40,788.29,384.48
797.83,382.82,798.12,382.51
788.83,384.23,789.74,384.30
788.34,384.21,789.74,384.30
817.31,357.37,817.44,357.49
828.90,324.09,827.13,320.03
789.79,384.58,788.83,384.23
798.98,375.16,798.94,375.12
821.18,347.97,823.17,347.90
788.71,373.70,787.31,373.48
788.92,384.74,789.89,384.83
822.85,342.17,823.33,342.37
812.41,378.25,811.92,379.73
790.25,384.83,791.23,384.91
788.92,384.74,791.23,384.91
789.89,384.83,791.23,384.91
826.62,427.14,827.33,426.38
791.33,384.68,790.38,384.60
791.93,384.43,792.85,384.50
830.25,389.42,832.52,390.09
830.89,339.93,831.01,340.46
819.72,321.87,820.24,323.65
790.46,384.33,792.85,384.50
827.06,304.89,827.64,306.93
819.72,321.87,820.50,323.48
790.46,384.33,791.37,384.41
805.89,351.92,806.06,351.98
792.89,384.78,791.93,384.43
792.02,384.95,792.99,385.03
791.93,384.70,792.89,384.78
813.93,359.05,814.91,360.00
814.76,380.51,814.40,379.25
793.37,385.04,794.35,385.12
803.96,378.53,804.38,378.84
793.50,384.80,794.46,384.89
803.47,367.91,804.80,369.05
808.44,353.70,807.61,355.71
794.35,385.12,794.46,384.89
788.39,374.62,788.39,373.41
818.82,355.31,819.15,355.21
824.98,372.02,825.06,371.95
825.77,409.97,825.70,410.62
801.66,371.21,798.43,371.11
813.19,356.20,813.33,355.97
794.49,384.61,796.13,384.72
830.15,382.28,828.14,381.91
824.08,370.22,825.03,369.13
795.21,384.92,796.27,385.25
820.96,320.33,820.83,320.39
796.17,385.00,796.27,385.25
824.08,370.22,825.03,370.14
795.21,384.92,796.17,385.00
796.67,385.26,797.76,385.10
814.98,357.77,815.84,358.05
815.63,354.33,837.54,354.02
797.66,385.34,797.76,385.10
813.74,382.08,813.33,381.97
750.00,353.56,748.45,356.62
827.11,347.64,827.16,347.70
804.47,349.00,806.28,347.89
835.86,344.73,824.56,345.32
796.67,385.26,797.66,385.34
816.67,355.29,816.69,355.34
796.17,385.00,795.21,384.92
793.74,377.92,794.00,377.87
797.76,385.10,796.80,385.02
786.62,384.59,787.58,384.67
796.89,384.75,799.43,384.93
797.82,384.83,799.43,384.93
822.91,320.32,823.01,320.33
796.89,384.75,797.82,384.83
799.48,385.22,798.50,384.85
798.60,385.38,799.59,385.47
820.86,392.53,821.73,391.61
818.88,331.43,818.08,332.37
811.05,380.33,811.07,380.50
802.71,382.67,802.82,382.78
797.82,384.83,796.89,384.75
793.93,378.08,794.17,378.03
798.51,385.13,799.59,385.47
799.48,385.22,799.59,385.47
800.84,369.07,801.14,369.20
827.90,432.52,827.71,432.77
831.27,355.48,831.90,356.51
801.50,369.48,801.14,369.20
826.86,330.77,826.94,329.66
793.94,382.35,794.42,382.45
814.98,382.99,815.22,382.76
804.77,353.76,803.94,355.75
814.87,357.62,815.07,357.85
819.73,343.51,819.73,321.73
800.84,369.07,801.14,369.20
815.34,359.64,815.23,360.09
803.74,382.93,803.95,382.59
810.84,380.88,811.43,381.56
812.79,371.16,814.63,372.29
829.53,425.99,830.47,426.49
800.84,369.07,801.55,368.80
811.59,381.59,833.70,385.73
811.53,378.31,815.00,378.35
801.50,369.48,801.14,369.20
823.78,404.59,824.66,403.69
814.73,378.64,815.00,378.35
801.91,369.08,801.14,369.20
811.66,356.26,814.53,358.46
825.88,357.87,830.18,357.85
801.55,368.80,801.14,369.20
814.48,382.84,814.98,382.99
760.18,361.61,760.92,363.06
804.04,370.42,804.19,371.65
800.74,363.46,800.33,366.13
821.79,347.01,821.90,346.90
803.69,371.42,804.19,371.65
810.26,346.66,812.45,346.41
787.19,374.59,787.87,374.60
804.05,357.85,806.93,360.00
804.04,370.42,803.69,371.42
803.69,370.33,803.69,371.42
818.74,346.37,821.62,347.73
783.41,369.89,783.53,371.05
786.32,383.77,787.44,384.14
783.36,370.69,783.40,370.83
783.03,377.56,783.36,377.51
783.36,369.89,783.40,370.83
783.36,369.89,783.40,369.88
822.65,341.69,836.07,342.17
787.26,373.61,788.02,373.75
823.00,309.18,823.65,310.29
827.44,376.07,827.03,376.50
788.95,371.21,785.77,371.11
817.01,355.24,818.35,355.24
812.44,379.81,814.56,380.19
788.41,370.84,788.69,370.98
824.57,400.97,824.87,399.67
790.65,378.28,790.79,378.30
788.41,370.84,791.94,371.08
785.33,382.02,785.54,382.35
792.22,371.30,788.95,371.21
819.70,373.49,817.65,373.77
791.94,371.08,788.69,370.98
824.19,398.08,825.34,394.70
803.34,371.27,801.50,369.48
801.91,369.08,801.50,369.48
799.88,375.61,799.33,375.49
803.34,371.27,801.91,369.08
824.40,353.87,825.38,355.80
803.35,370.24,801.91,369.08
803.34,371.27,803.35,370.24
817.05,339.31,816.91,337.42
782.06,368.80,783.36,370.69
814.48,373.34,816.65,372.92
783.36,369.89,783.36,370.69
822.90,397.92,823.25,396.30
802.82,369.55,801.46,367.99
824.24,391.44,825.55,390.58
799.49,374.64,799.45,375.10
816.85,339.19,816.72,337.41
830.15,342.99,830.57,343.04
831.73,307.43,832.15,307.51
829.99,309.23,827.13,307.73
787.31,369.81,781.55,369.81
782.45,368.42,783.36,369.89
767.23,353.80,766.72,354.13
781.94,369.82,783.53,371.05
829.08,334.02,828.55,334.23
785.77,371.11,784.17,377.47
819.76,362.76,816.33,362.74
793.80,377.92,793.95,378.43
822.78,393.66,821.89,395.79
803.69,371.42,804.19,371.65
824.19,398.08,824.15,393.83
791.94,371.08,804.19,371.65
792.22,371.30,804.19,371.65
798.75,375.73,799.19,375.88
791.94,371.08,792.22,371.30
818.57,331.78,819.41,331.43
787.51,374.89,789.90,374.98
803.34,371.27,803.69,371.42
791.66,370.93,791.94,371.08
782.07,368.63,782.06,368.80
825.34,394.70,824.19,398.08
782.46,368.25,782.06,368.80
782.45,368.42,782.06,368.80
824.19,398.08,822.99,394.58
824.50,310.18,829.99,309.23
800.84,369.07,782.07,368.63
799.60,368.25,819.27,368.68
792.76,383.10,791.12,382.70
791.11,383.45,789.40,383.57
800.18,374.10,799.45,374.18
814.32,380.07,814.40,379.25
824.50,310.18,824.74,309.88
800.84,369.07,782.46,368.25
800.84,369.07,801.25,368.68
786.41,383.94,786.62,384.59
785.36,384.20,786.41,383.94
816.38,334.74,816.80,334.35
818.67,332.41,818.72,332.10
800.09,373.64,799.33,373.78
785.23,383.57,786.41,383.94
785.23,383.57,785.36,384.20
785.96,384.24,787.22,384.63
815.07,357.85,815.23,358.20
784.66,383.49,785.96,384.24
826.08,396.87,824.19,398.08
815.17,357.98,815.23,358.20
784.06,383.45,785.96,384.24
791.73,383.29,792.96,382.53
815.17,357.98,815.31,358.30
784.06,383.45,785.36,384.20
817.82,342.04,817.45,341.01
786.32,383.77,786.11,384.02
783.42,382.53,784.66,383.49
784.06,383.45,784.66,383.49
786.32,383.77,784.85,383.29
783.42,382.53,784.06,383.45
813.36,380.44,813.80,380.77
784.02,382.87,784.06,383.45
815.31,358.30,815.34,358.65
786.33,383.38,786.50,383.16
784.66,383.49,783.42,382.53
825.71,357.89,825.87,360.00
810.77,347.75,812.77,346.93
804.80,361.98,804.58,364.22
827.03,376.50,827.03,377.32
827.90,436.40,828.36,435.62
826.74,369.64,824.79,370.26
787.60,384.11,786.50,383.16
784.85,383.29,783.42,382.53
787.60,384.11,786.33,383.38
784.85,383.29,783.67,382.36
783.67,382.36,783.42,382.53
811.22,358.11,811.07,360.00
824.19,398.08,825.39,401.60
782.49,382.21,783.09,382.24
787.35,384.40,787.22,384.63
787.05,374.58,787.18,374.06
818.57,342.83,818.08,342.34
785.96,384.24,787.22,384.63
787.29,375.12,787.16,375.16
786.11,384.02,784.66,383.49
809.73,351.89,810.69,354.43
812.23,368.37,812.78,371.30
787.86,376.12,787.70,375.88
783.51,382.11,783.67,382.36
829.81,309.52,829.99,309.23
783.51,382.11,784.16,382.26
811.48,368.37,812.23,368.37
823.39,394.84,824.66,394.84
818.50,372.03,816.65,372.92
822.96,395.96,823.25,396.30
815.53,362.84,815.47,364.48
787.93,375.99,787.86,376.12
783.95,381.94,784.16,382.26
817.68,370.78,819.77,368.79
830.65,369.76,830.30,368.67
782.93,381.95,781.55,369.81
815.98,358.35,816.07,358.73
784.85,383.29,784.16,382.26
783.95,381.94,783.51,382.11
821.43,386.28,822.42,386.37
783.95,381.94,784.16,382.26
787.53,373.10,787.30,373.20
824.43,310.51,824.50,310.18
783.95,381.94,785.54,382.35
783.51,382.11,783.09,382.24
782.49,382.21,783.09,382.24
813.19,356.20,814.76,356.20
815.20,361.44,815.53,362.84
793.76,377.90,792.68,382.21
818.28,385.63,816.92,384.58
788.34,374.63,788.39,375.16
782.63,377.90,782.49,382.21
782.63,377.90,781.17,369.80
787.44,384.14,787.35,384.40
768.14,363.08,768.63,360.00
827.38,350.26,828.79,351.91
809.08,348.96,809.87,349.73
820.44,370.99,826.73,369.72
822.31,399.29,822.20,397.97
830.66,435.97,830.54,435.19
814.38,347.86,765.60,351.02
814.48,346.66,814.58,346.58
781.17,369.80,783.15,369.81
794.68,382.63,796.04,382.71
792.98,383.16,792.53,382.26
822.31,399.29,824.19,398.08
784.85,383.29,786.11,384.02
836.85,355.75,814.75,355.97
787.79,373.22,788.10,373.64
818.74,357.07,818.67,357.36
785.26,370.75,785.54,370.89
824.74,309.88,827.13,307.73
785.11,383.07,784.85,383.29
820.76,367.50,768.06,366.53
785.11,383.07,784.16,382.26
820.72,344.44,820.59,344.40
786.50,383.16,784.16,382.26
823.74,309.96,823.97,309.66
785.54,382.35,784.16,382.26
804.24,383.03,804.51,383.22
820.72,344.44,820.72,320.87
786.50,383.16,785.54,382.35
815.36,370.68,816.23,370.66
799.06,374.06,799.24,373.61
783.35,377.87,783.03,377.92
783.03,377.56,783.03,377.92
799.06,374.06,799.30,373.52
783.35,377.87,783.03,377.56
830.27,417.06,830.96,417.59
783.35,377.87,783.36,377.51
788.02,373.75,787.91,374.14
829.26,353.76,830.09,355.75
813.40,351.71,812.20,353.11
799.03,375.57,798.94,375.12
830.28,415.60,830.97,415.11
785.11,383.07,786.32,383.77
799.03,375.57,798.98,375.16
787.72,383.86,785.11,383.07
829.85,415.84,830.24,415.51
787.72,383.86,786.50,383.16
814.15,378.49,813.87,378.38
824.53,403.60,824.01,402.07
788.05,382.39,788.40,382.20
786.50,383.16,785.54,382.35
792.09,384.64,790.76,383.88
814.78,360.59,814.98,360.52
786.33,383.38,785.54,382.35
829.85,416.74,830.23,417.05
785.15,382.45,785.54,382.35
786.33,383.38,785.15,382.45
800.33,366.13,799.53,364.20
811.59,381.59,816.57,385.73
811.53,378.31,811.85,377.97
784.38,377.63,784.62,377.57
784.62,377.57,783.35,377.87
784.62,377.57,784.73,377.94
783.35,377.87,784.73,377.94
784.78,382.34,785.10,382.63
783.35,377.87,783.95,381.94
784.78,382.34,785.15,382.45
822.40,398.24,822.02,396.24
824.03,381.44,823.81,381.21
822.54,337.35,821.52,339.25
816.38,334.74,816.83,333.73
784.99,382.20,785.15,382.45
826.55,423.72,827.49,423.32
784.99,382.20,785.33,382.02
823.10,397.97,823.32,400.54
822.85,327.52,822.77,327.40
814.74,379.81,814.79,380.43
822.69,402.90,821.99,402.62
789.34,383.97,790.46,384.33
801.25,368.68,801.55,368.80
784.73,377.94,784.99,382.20
790.81,384.06,790.46,384.33
784.50,377.99,784.99,382.20
817.99,342.19,817.32,341.49
800.06,375.16,799.88,375.61
823.49,396.81,823.64,397.44
783.36,377.51,783.49,377.37
824.60,405.31,825.48,404.12
821.75,370.72,816.29,370.74
784.45,377.42,783.49,377.37
826.14,422.50,826.66,421.99
783.36,377.51,784.45,377.42
826.14,422.50,826.33,422.43
783.36,377.51,784.62,377.57
811.63,380.09,811.92,379.73
816.83,357.09,816.76,355.56
818.81,355.27,818.82,355.31
820.62,355.26,820.54,355.74
804.23,379.07,804.66,379.49
792.67,384.00,792.65,383.78
790.79,378.30,790.92,377.87
811.43,381.56,813.77,382.45
787.86,383.48,786.68,382.54
783.03,377.56,783.03,377.92
825.88,423.20,826.33,423.95
782.63,377.90,783.03,377.92
816.83,357.09,816.83,355.57
819.09,396.34,819.44,396.58
790.79,378.30,790.66,377.93
791.29,382.58,791.64,382.39
783.03,377.56,782.63,377.90
788.21,382.63,788.05,382.39
783.49,377.37,783.36,377.51
827.37,333.38,827.81,333.82
768.63,360.00,768.14,356.91
789.42,378.17,791.04,378.25
783.17,377.42,783.36,377.51
827.96,307.43,827.51,307.51
827.84,302.88,832.58,302.99
788.84,384.50,788.83,384.23
787.72,383.86,788.83,384.23
827.49,382.51,828.71,383.17
827.52,332.65,827.21,332.77
822.91,309.04,823.01,319.51
823.23,400.00,822.90,397.92
787.60,384.11,788.84,384.50
823.23,400.00,823.28,399.94
787.60,384.11,787.72,383.86
786.50,383.16,787.72,383.86
796.15,382.29,796.35,382.41
817.67,351.45,816.67,352.83
800.25,352.54,800.46,356.50
786.33,383.38,785.15,382.45
829.56,332.50,827.98,332.53
769.27,363.38,768.72,363.26
786.33,383.38,785.10,382.63
786.35,383.60,785.10,382.63
784.50,377.99,784.62,377.57
825.87,397.13,825.68,398.91
832.43,364.17,831.33,364.74
784.50,377.99,784.38,377.63
814.73,382.08,815.00,382.40
824.52,395.40,824.02,394.33
792.45,384.17,793.58,384.53
785.10,382.63,784.78,382.34
826.63,393.88,826.19,395.43
786.11,382.41,784.78,382.34
811.49,379.51,811.92,379.73
791.12,382.70,792.50,382.78
784.32,377.98,784.99,382.20
827.19,392.49,826.63,393.88
784.99,382.20,784.78,382.34
827.84,391.32,827.19,392.49
786.02,378.07,785.64,378.04
790.74,384.55,789.42,383.80
786.11,382.41,786.02,378.07
821.25,372.07,823.29,372.15
829.34,440.94,830.21,440.99
784.45,377.42,784.62,377.57
829.34,440.94,830.09,440.21
784.45,377.42,784.38,377.63
784.19,377.47,784.38,377.63
784.45,377.42,783.49,377.37
796.14,371.05,795.43,377.47
816.63,346.87,817.83,348.33
814.41,350.07,812.95,351.32
823.32,308.41,826.64,305.26
829.40,389.69,828.59,390.37
783.17,377.42,783.49,377.37
784.45,377.42,783.17,377.42
831.11,350.72,832.43,350.45
784.19,377.47,783.17,377.42
818.51,360.77,818.51,355.33
810.43,372.77,755.64,370.56
830.15,341.09,829.42,342.24
783.17,377.42,783.03,377.56
831.15,389.17,830.26,389.29
782.67,377.40,783.03,377.56
827.52,328.61,827.66,328.36
805.19,377.92,805.23,378.43
752.42,368.86,755.45,370.02
826.50,378.03,826.71,377.17
830.15,341.09,829.62,342.65
783.17,377.42,782.67,377.40
787.65,384.35,788.92,384.74
832.04,389.35,831.15,389.17
788.84,384.50,788.92,384.74
816.10,356.21,816.10,362.01
821.14,352.82,822.31,352.33
787.65,384.35,788.84,384.50
827.27,384.07,828.90,370.68
787.60,384.11,788.84,384.50
818.81,355.27,819.15,355.21
823.41,400.19,823.23,400.00
822.01,356.54,825.21,355.83
826.68,427.62,827.23,427.22
788.15,375.90,788.58,375.74
787.60,384.11,786.33,383.38
827.46,304.17,831.86,303.74
786.35,383.60,786.33,383.38
788.02,373.75,788.19,373.50
818.81,355.27,819.19,355.16
804.80,358.01,804.64,360.00
787.60,384.11,786.35,383.60
787.65,384.35,786.35,383.60
787.60,384.11,787.65,384.35
819.41,355.21,819.37,355.15
822.68,341.44,822.33,341.53
805.78,376.03,807.89,376.03
786.42,382.71,786.11,382.41
799.57,378.17,801.22,378.25
797.56,382.63,797.73,382.39
793.87,377.42,793.69,377.56
786.51,382.29,786.11,382.41
826.21,330.72,826.20,330.73
747.91,360.00,748.68,363.26
786.94,382.11,786.34,378.02
807.90,379.47,808.07,379.86
818.85,395.75,819.09,396.34
794.07,384.27,793.58,384.53
786.51,382.29,786.34,378.02
792.83,383.56,794.07,384.27
794.07,384.27,795.21,384.64
786.51,382.29,786.02,378.07
816.03,362.37,815.98,361.99
788.38,374.63,788.90,374.64
831.30,304.47,827.01,304.77
786.35,377.66,786.48,377.51
786.35,377.66,787.51,377.56
816.07,359.57,815.98,359.95
786.35,377.66,787.68,377.72
828.21,337.92,828.38,337.97
820.87,325.44,820.50,325.73
786.48,377.51,786.35,377.66
829.33,340.50,829.42,340.00
822.68,337.31,822.06,340.84
828.54,337.57,828.38,337.97
820.76,325.56,820.50,325.73
786.16,377.56,786.35,377.66
787.19,374.59,787.29,375.12
827.97,436.86,828.35,437.15
822.70,369.75,823.30,369.14
801.05,382.58,801.22,378.25
784.38,377.63,784.50,377.99
825.12,412.92,826.48,413.09
822.81,369.07,823.30,369.14
795.29,385.16,796.27,385.25
785.68,377.54,786.03,377.70
784.17,377.47,784.50,377.99
787.87,374.60,787.91,375.06
795.29,385.16,797.66,385.34
784.17,377.47,784.32,377.98
818.42,360.71,818.51,355.33
821.03,324.56,821.04,324.08
819.84,355.27,820.62,355.26
804.24,383.03,803.95,382.59
810.93,380.90,811.43,381.56
829.60,426.45,830.47,426.49
800.23,373.56,800.05,373.22
818.42,360.71,818.51,360.77
786.03,377.70,786.02,378.07
798.58,375.46,798.75,375.73
799.03,362.12,799.53,364.20
819.80,346.40,822.98,346.29
815.31,358.30,815.41,358.70
785.64,378.04,786.02,378.07
798.47,375.06,798.58,375.46
800.74,363.46,801.41,365.08
821.79,347.01,823.77,347.83
823.25,308.29,828.62,307.91
784.78,382.34,786.11,382.41
785.64,378.04,784.78,382.34
793.37,385.04,794.35,385.12
796.17,385.00,795.21,384.64
784.32,377.98,784.78,382.34
826.74,350.35,828.13,351.98
806.03,354.24,805.26,356.08
760.92,356.94,760.18,358.39
783.94,377.26,784.17,377.47
783.40,370.83,783.53,371.05
783.94,377.26,784.38,377.63
765.13,360.00,760.92,356.94
784.19,377.47,784.38,377.63
796.14,371.05,796.27,369.89
792.36,378.38,792.37,378.01
787.18,374.06,787.91,374.14
783.40,369.88,783.41,369.89
784.19,377.47,783.17,377.42
798.47,374.14,798.43,374.60
815.49,346.40,818.64,346.29
825.12,348.96,826.74,350.35
828.39,329.84,828.44,330.57
825.69,344.05,824.41,344.94
811.74,377.86,812.11,377.75
782.86,377.21,783.17,377.42
819.61,354.56,819.19,355.58
784.19,377.47,782.86,377.21
783.94,377.26,782.86,377.21
798.96,374.62,798.47,374.14
826.68,389.79,825.47,390.67
784.19,377.47,783.94,377.26
814.48,373.34,812.45,373.59
812.77,373.07,814.86,373.57
817.33,347.31,817.10,346.36
787.42,373.31,788.19,373.50
788.98,384.44,790.25,384.83
787.42,373.31,788.02,373.75
788.98,384.44,788.92,384.74
787.42,373.31,787.26,373.61
827.71,376.31,827.33,376.70
788.69,370.98,785.54,370.89
788.98,384.44,787.65,384.35
786.35,383.60,787.65,384.35
788.69,370.98,788.95,371.21
788.98,384.44,786.35,383.60
788.98,384.44,787.67,383.68
826.94,413.22,826.88,412.74
755.48,349.59,755.64,349.44
825.06,348.05,825.80,350.29
787.67,383.68,786.42,382.71
831.97,302.09,831.76,302.17
786.68,382.54,786.42,382.71
827.71,432.77,827.99,433.25
783.09,382.24,783.67,382.36
786.51,382.29,786.94,382.11
762.51,349.44,759.08,348.89
787.15,382.45,786.94,382.11
765.60,351.02,762.51,349.44
782.93,380.61,783.26,380.93
804.90,378.08,804.99,377.69
786.68,382.54,786.51,382.29
786.42,382.71,786.51,382.29
788.40,382.20,787.80,378.09
788.40,382.20,786.34,378.02
827.95,302.83,827.84,302.88
787.43,377.77,787.68,377.72
798.58,375.46,798.75,375.73
787.51,377.56,787.43,377.77
799.03,375.57,798.75,375.73
790.38,384.60,790.46,384.33
787.25,377.61,787.43,377.77
829.60,411.20,829.79,411.50
787.80,378.09,787.68,377.72
827.88,375.94,827.71,376.31
812.56,378.00,812.81,378.29
787.43,377.77,787.68,377.72
787.56,378.14,787.43,377.77
798.58,375.46,799.03,375.57
782.46,368.25,782.45,368.42
787.51,377.56,786.48,377.51
826.05,411.10,828.09,410.12
822.40,320.87,822.82,320.48
829.66,376.49,829.29,376.85
782.86,377.21,783.94,377.26
820.25,325.13,820.41,325.48
793.97,384.95,792.99,385.03
831.82,349.94,831.11,350.72
787.51,377.56,787.25,377.61
820.86,392.53,821.73,391.61
785.64,378.04,784.32,377.98
817.68,371.27,817.45,371.42
784.17,377.47,784.32,377.98
829.86,361.98,829.40,363.92
803.29,363.13,803.94,364.25
784.17,377.47,785.64,378.04
816.06,350.21,817.68,349.22
801.30,383.88,800.00,384.63
785.68,377.54,785.64,378.04
783.03,377.92,783.95,381.94
789.14,384.21,790.38,384.60
832.46,302.83,827.95,302.83
820.18,393.99,820.86,392.53
790.25,384.83,790.38,384.60
825.77,396.15,825.29,394.23
789.14,384.21,790.25,384.83
786.62,384.59,787.22,384.63
788.98,384.44,790.25,384.83
799.16,373.51,799.93,373.33
785.36,384.20,786.62,384.59
787.86,383.48,789.14,384.21
788.98,384.44,789.14,384.21
785.36,384.20,785.96,384.24
831.85,303.57,831.69,302.38
787.86,383.48,788.98,384.44
831.85,303.57,832.00,302.41
787.86,383.48,787.67,383.68
814.62,382.44,815.30,382.53
815.25,379.77,815.30,380.44
825.11,391.16,824.91,391.20
794.00,384.76,792.67,384.00
782.67,377.40,782.63,377.90
787.15,382.45,786.94,382.11
826.42,391.26,825.90,390.84
793.95,384.52,792.67,384.00
789.42,378.17,789.43,377.80
788.61,382.53,786.94,382.11
827.46,304.17,827.68,302.94
788.40,382.20,786.94,382.11
793.95,384.52,794.00,384.76
789.42,378.17,789.11,377.85
788.61,382.53,788.40,382.20
823.32,308.41,826.65,305.10
822.20,397.97,820.56,397.96
790.23,380.61,789.90,380.93
814.87,360.67,815.07,360.44
789.21,382.59,788.75,378.19
783.51,382.11,783.67,382.36
811.14,378.79,811.11,379.55
788.05,382.39,787.80,378.09
827.40,304.35,827.46,304.17
787.56,378.14,787.80,378.09
836.81,396.75,820.56,396.84
792.76,383.10,791.40,383.02
811.14,378.79,810.97,379.51
788.05,382.39,787.56,378.14
815.35,347.47,817.33,347.31
804.95,370.24,803.83,369.08
765.13,365.21,761.18,364.88
827.13,320.03,826.81,319.76
789.58,383.35,790.81,384.06
787.01,377.40,787.25,377.61
828.43,327.35,828.43,327.22
765.13,365.21,766.74,364.95
827.13,320.03,826.65,319.82
787.01,377.40,787.43,377.77
826.96,320.08,826.65,319.82
787.25,377.61,787.43,377.77
787.26,373.61,787.12,373.52
782.49,382.21,783.42,382.53
811.05,380.33,811.93,380.71
787.56,378.14,787.43,377.77
782.49,382.21,782.82,382.49
811.05,380.33,812.16,380.74
787.56,378.14,787.25,377.61
787.56,378.14,787.40,378.12
813.18,356.19,814.64,357.54
828.90,370.68,827.46,384.18
829.75,320.41,830.61,323.80
787.25,377.61,786.16,377.56
811.93,380.71,811.24,380.65
822.72,393.37,824.77,394.06
785.88,377.34,786.16,377.56
787.25,377.61,785.88,377.34
787.25,377.61,787.01,377.40
812.99,362.36,813.11,362.15
787.59,376.00,787.47,375.57
789.14,384.21,790.38,384.60
794.59,382.20,794.15,382.02
787.22,384.63,788.29,384.48
789.34,383.97,788.12,383.26
789.14,384.21,789.34,383.97
827.06,304.89,827.30,304.52
788.61,382.53,787.15,382.45
790.48,377.77,790.74,377.71
789.58,383.35,788.61,382.53
826.19,398.20,826.08,396.87
831.58,304.15,832.09,303.99
787.40,378.12,787.56,378.14
790.74,384.55,793.37,385.04
788.05,382.39,787.40,378.12
824.87,399.67,824.97,398.21
782.46,368.25,801.25,368.68
769.24,360.00,768.72,356.74
756.58,355.85,758.01,355.12
790.81,384.06,791.93,384.43
786.11,384.02,787.35,384.40
790.81,384.06,789.34,383.97
825.83,400.69,826.11,399.51
788.12,383.26,789.34,383.97
817.44,357.49,817.31,357.37
818.63,357.40,818.70,357.08
812.44,376.69,814.54,376.69
783.36,370.69,783.40,370.83
820.24,325.60,820.05,325.21
827.29,367.67,828.54,366.85
786.11,384.02,787.44,384.14
812.16,380.74,812.21,381.10
790.81,384.06,788.12,383.26
824.57,400.97,824.87,399.67
813.14,378.95,813.30,379.66
789.58,383.35,788.12,383.26
805.26,363.92,804.58,364.22
824.71,401.38,823.91,401.20
827.75,327.81,828.03,327.28
789.58,383.35,788.61,382.53
827.56,327.83,828.03,327.28
790.65,384.23,789.24,384.14
823.53,348.42,825.53,348.46
810.21,380.49,809.98,379.91
789.40,383.58,788.61,382.53
816.62,360.77,818.51,360.77
824.84,402.17,825.39,401.60
822.63,320.93,822.65,324.33
813.25,379.63,813.31,380.45
788.21,382.63,788.61,382.53
810.90,347.84,812.88,347.02
822.42,358.25,822.56,360.00
815.84,360.25,815.98,359.95
788.21,382.63,787.86,382.51
804.94,366.19,804.12,364.21
824.22,402.34,824.84,402.17
822.67,352.68,822.95,352.85
815.61,378.38,815.88,378.69
787.86,382.51,788.05,382.39
824.86,392.04,826.36,390.88
788.78,377.69,788.75,378.19
823.60,402.09,824.22,402.34
791.93,384.70,791.93,384.43
830.73,388.82,831.81,388.82
824.43,310.51,823.74,309.96
783.95,381.94,785.33,382.02
822.11,402.52,822.79,402.80
790.81,384.06,791.93,384.70
816.54,347.15,816.65,347.07
816.23,370.66,805.53,370.42
790.68,384.31,791.93,384.70
823.08,308.77,823.00,309.18
790.68,384.31,790.81,384.06
823.04,401.45,823.60,402.09
827.74,418.31,828.25,418.83
787.31,369.81,783.39,369.83
783.36,377.51,783.03,377.56
823.08,308.77,823.32,308.41
790.68,384.31,789.58,383.35
821.49,401.81,822.11,402.52
815.43,373.49,813.39,373.09
828.40,444.58,833.62,440.93
789.40,383.58,789.58,383.35
790.68,384.31,789.40,383.58
812.41,379.30,812.73,379.25
789.40,383.58,788.21,382.63
802.94,378.33,804.56,378.03
812.41,379.30,816.46,379.50
789.40,383.58,788.16,382.82
830.92,343.39,829.69,342.78
830.77,325.59,829.07,324.43
816.13,379.45,816.46,379.50
789.42,383.80,788.16,382.82
822.31,399.29,822.60,400.49
789.21,382.59,787.86,382.51
830.04,415.58,830.56,415.07
786.50,383.16,785.11,383.07
822.31,399.29,821.00,400.74
790.23,380.61,789.97,381.65
814.87,360.67,815.17,360.32
789.21,382.59,787.40,378.12
786.34,378.02,786.02,378.07
821.12,400.19,821.04,400.13
788.78,377.69,788.75,378.19
791.45,382.83,791.86,382.73
789.11,377.85,788.75,378.19
786.34,378.02,786.35,377.66
789.11,377.85,789.10,378.22
794.04,384.09,795.37,384.85
786.16,377.56,786.03,377.70
789.56,377.66,789.43,377.80
789.11,377.85,789.43,377.80
794.23,383.88,794.04,384.09
789.24,377.71,789.11,377.85
799.88,375.61,799.75,376.02
790.74,384.55,791.93,384.70
817.35,370.42,817.46,370.33
818.67,342.19,818.00,341.49
800.00,375.70,799.75,376.02
790.68,384.31,791.93,384.70
816.09,336.00,816.80,334.35
842.61,331.07,819.77,331.07
818.67,342.19,817.32,341.49
809.73,368.11,812.95,368.67
800.00,375.70,799.88,375.61
790.68,384.31,789.40,383.58
789.42,383.80,789.40,383.58
826.37,422.53,826.66,421.99
784.62,377.57,784.45,377.42
786.51,382.29,786.02,378.07
790.68,384.31,789.42,383.80
829.09,307.66,828.91,308.01
823.56,391.79,823.95,394.25
790.68,384.31,790.74,384.55
811.79,377.39,811.55,377.63
783.03,377.92,783.51,382.11
791.69,381.95,794.00,369.80
788.16,382.82,787.86,382.51
782.63,377.90,783.51,382.11
789.50,382.90,787.86,382.51
823.53,355.13,821.25,355.34
816.13,377.42,815.83,377.57
789.50,382.90,789.21,382.59
812.08,377.24,811.79,377.39
815.44,359.15,815.41,359.59
789.21,382.59,788.75,378.19
789.10,378.22,788.75,378.19
811.07,380.50,811.16,380.76
823.53,371.58,825.32,371.15
816.46,377.37,816.13,377.42
816.10,359.15,816.07,359.57
789.60,382.48,789.10,378.22
794.00,377.87,792.51,377.86
789.24,377.71,789.11,377.85
812.73,377.24,816.46,377.37
794.00,377.87,794.17,378.03
789.24,377.71,788.78,377.69
825.32,371.15,827.02,370.45
788.98,377.49,788.78,377.69
819.31,355.18,818.76,355.17
827.01,426.81,827.33,426.38
824.00,366.07,825.01,366.69
819.72,321.87,819.98,324.65
789.10,378.22,789.11,377.85
790.51,377.76,792.03,378.34
813.02,377.39,812.73,377.24
789.43,377.80,789.56,377.66
811.79,377.39,815.60,377.81
821.35,360.92,818.76,360.91
827.00,428.34,826.88,427.56
789.43,377.80,790.74,377.71
788.21,383.94,787.31,384.01
819.33,360.92,818.76,360.91
826.97,332.93,827.32,333.02
790.92,377.87,790.74,377.71
801.30,383.88,802.50,382.93
790.74,377.71,789.24,377.71
828.34,404.50,831.14,403.71
789.42,383.80,788.16,382.82
831.66,439.78,831.58,440.23
825.06,348.05,825.03,349.85
830.62,350.19,832.03,351.84
790.76,383.88,788.16,382.82
789.40,383.58,788.21,382.63
817.67,351.45,817.49,351.45
789.42,378.17,789.10,378.22
792.24,384.41,793.58,384.53
786.42,382.71,784.78,382.34
829.66,381.59,829.29,381.19
811.22,371.31,811.30,370.87
790.48,377.77,789.24,377.71
788.98,377.49,789.24,377.71
813.74,382.08,814.73,382.08
824.46,395.34,823.95,394.25
792.24,384.41,793.50,384.80
786.42,382.71,786.11,382.41
831.15,440.44,830.96,440.13
830.35,360.00,830.18,362.15
790.48,377.77,788.98,377.49
782.29,379.35,782.93,375.31
797.35,384.48,798.50,384.85
790.26,377.54,788.98,377.49
789.79,384.58,789.89,384.83
789.42,378.17,789.43,377.80
790.92,377.87,789.43,377.80
789.42,378.17,790.92,377.87
826.86,398.27,825.94,398.26
791.04,378.25,790.92,377.87
814.39,360.31,814.57,360.52
789.42,378.17,791.04,378.25
791.23,384.91,791.33,384.68
790.66,377.93,790.92,377.87
793.37,385.04,792.02,384.95
830.26,389.29,829.40,389.69
784.45,377.42,784.19,377.47
788.05,382.39,787.56,378.14
790.74,384.55,792.02,384.95
790.25,384.83,791.33,384.68
822.53,327.83,822.56,327.90
813.19,356.20,812.36,362.14
803.22,360.00,803.38,362.15
822.42,370.74,828.55,370.74
792.09,384.64,793.37,385.04
792.99,385.03,794.35,385.12
792.09,384.64,790.74,384.55
789.42,383.80,790.74,384.55
792.09,384.64,789.42,383.80
832.42,341.04,831.20,341.68
790.76,383.88,789.50,382.90
814.15,359.59,814.24,360.00
790.76,383.88,789.76,382.73
831.25,341.04,832.42,341.04
798.93,370.75,801.92,370.98
790.96,383.67,789.76,382.73
789.60,382.48,790.03,382.30
832.37,340.29,831.25,341.04
831.20,340.41,832.37,340.29
789.76,382.73,789.60,382.48
792.07,377.84,792.03,378.34
818.54,357.48,817.03,357.49
804.66,379.49,811.63,380.09
790.03,382.30,789.42,378.17
831.63,338.78,831.95,339.11
794.00,384.76,795.21,384.92
790.66,377.93,790.26,377.54
816.76,357.10,816.76,355.56
791.04,378.25,790.92,377.87
787.51,377.56,786.48,377.51
792.24,384.41,793.50,384.80
787.68,377.72,787.51,377.56
792.09,384.64,793.37,385.04
812.91,381.17,812.82,380.78
819.56,397.91,819.69,395.88
790.96,383.67,792.24,384.41
813.13,379.17,813.00,379.72
819.56,397.91,820.51,396.48
790.96,383.67,792.09,384.64
790.76,383.88,792.09,384.64
789.76,382.73,790.24,382.63
831.18,353.11,831.55,352.79
835.60,342.44,823.36,342.44
812.37,346.49,814.48,346.66
808.36,351.03,807.07,352.54
765.13,360.00,765.13,365.21
811.09,376.67,810.66,377.10
791.21,383.46,790.24,382.63
830.18,340.40,829.47,339.92
812.94,381.86,813.77,382.45
790.24,382.63,790.03,382.30
825.03,350.91,825.22,350.91
829.33,340.50,829.47,339.92
791.86,382.73,790.03,382.30
816.52,352.83,830.79,351.17
829.33,340.50,830.18,340.40
812.44,376.69,811.92,376.77
791.86,382.73,791.64,382.39
818.74,357.07,818.72,355.54
825.22,350.24,825.03,349.85
829.28,341.13,829.33,340.50
791.29,382.58,791.04,378.25
823.40,393.63,822.72,393.37
790.79,378.30,791.04,378.25
829.28,341.13,830.12,341.14
791.29,382.58,790.79,378.30
824.02,394.33,823.40,393.63
790.79,378.30,790.66,377.93
826.73,350.28,828.14,351.92
793.50,384.80,793.58,384.53
792.45,384.17,791.21,383.46
831.06,342.27,830.84,342.73
792.83,383.56,791.86,382.73
831.25,341.04,831.20,341.68
791.29,382.58,790.65,378.28
813.00,380.96,812.78,380.35
824.01,402.07,824.50,401.03
829.68,386.64,833.86,386.91
811.40,378.22,811.74,377.86
793.74,377.92,792.51,377.86
786.34,378.02,787.80,378.09
813.00,380.96,812.95,380.34
824.01,402.07,824.57,400.97
793.74,377.92,792.27,377.64
823.47,402.61,824.08,401.98
787.67,383.68,786.68,382.54
793.55,377.69,793.74,377.92
813.13,381.52,813.00,380.96
822.79,402.80,823.47,402.61
787.15,382.45,786.51,382.29
815.36,370.68,816.29,370.74
835.24,342.46,823.01,342.46
805.57,370.93,817.45,371.42
784.38,377.63,784.17,377.47
817.57,384.07,815.36,370.68
829.77,406.21,831.67,406.78
816.79,384.18,815.36,370.68
752.42,368.86,752.55,368.98
801.25,368.68,782.46,368.25
821.49,401.81,822.11,402.52
818.85,395.75,819.22,396.48
794.07,384.27,792.45,384.17
825.80,350.29,827.30,350.64
791.21,383.46,792.45,384.17
794.07,384.27,791.21,383.46
782.86,377.21,783.53,371.05
787.56,378.14,787.68,377.72
792.83,383.56,791.21,383.46
792.83,383.56,791.86,382.73
788.75,373.78,788.28,374.10
792.65,383.78,791.86,382.73
816.10,362.01,816.15,362.48
792.65,383.78,791.45,382.83
791.45,382.83,791.12,382.70
791.12,382.70,791.29,382.58
785.96,384.24,786.62,384.59
792.03,378.34,792.50,382.78
815.84,360.25,815.98,359.95
820.56,397.96,820.51,396.48
787.67,383.68,788.98,384.44
792.03,378.34,791.12,382.70
790.65,378.28,791.12,382.70
792.03,378.34,790.65,378.28
811.37,348.81,812.98,349.39
823.31,350.91,822.83,350.96
748.45,356.62,748.52,356.57
830.56,364.22,829.73,366.20
792.70,378.33,792.71,377.96
792.03,378.34,792.07,377.84
787.87,369.83,783.39,369.83
811.43,381.56,812.94,381.86
791.69,381.95,793.07,369.81
792.37,378.01,792.07,377.84
815.47,359.15,814.97,358.35
792.70,378.33,792.37,378.01
792.03,378.34,792.37,378.01
814.62,378.36,815.88,378.68
821.73,391.61,822.70,391.32
792.51,377.86,792.84,377.81
820.72,349.29,819.05,350.21
819.41,337.26,821.00,341.90
792.71,377.96,792.84,377.81
792.51,377.86,792.71,377.96
820.42,349.25,820.72,349.29
823.68,391.69,822.60,391.43
792.37,378.01,792.71,377.96
792.51,377.86,792.37,378.01
782.82,382.49,783.42,382.53
811.02,379.21,814.13,380.06
819.78,399.99,820.24,401.89
814.33,380.34,812.16,380.74
787.40,378.12,787.25,377.61
797.82,384.83,796.80,385.02
818.88,331.43,822.43,332.26
798.51,385.13,799.48,385.22
793.93,378.08,794.00,377.87
793.93,378.08,793.74,377.92
818.57,342.83,817.82,342.04
785.96,384.24,787.35,384.40
794.06,378.46,793.93,378.08
816.67,352.83,839.22,352.83
787.01,377.40,785.88,377.34
794.06,378.46,793.80,377.92
793.95,378.43,793.80,377.92
825.61,396.18,825.15,394.29
793.93,378.08,793.55,377.69
794.42,382.89,793.95,378.43
815.36,370.68,793.95,378.43
804.99,377.69,803.68,377.64
818.77,350.20,817.49,351.45
794.07,384.27,795.21,384.64
818.77,350.20,817.67,351.45
825.65,400.32,825.79,398.26
794.07,384.27,795.21,384.92
787.70,375.88,787.59,376.00
825.79,395.66,825.34,394.70
822.68,333.17,822.33,328.39
787.86,383.48,788.12,383.26
814.53,358.46,814.48,359.05
819.59,396.75,820.56,396.84
793.95,384.52,795.21,384.92
829.58,309.23,829.77,308.94
794.63,383.26,795.59,382.45
784.16,382.26,783.67,382.36
825.79,395.66,824.02,394.33
787.86,383.48,789.34,383.97
826.88,412.74,827.07,412.48
793.95,384.52,794.07,384.27
825.80,400.36,825.94,398.26
787.86,383.48,789.14,384.21
825.36,402.23,825.65,400.32
793.95,384.52,792.83,383.56
825.22,402.16,825.65,400.32
792.65,383.78,792.83,383.56
813.52,381.60,814.51,381.60
825.36,402.23,825.80,400.36
805.26,363.92,803.86,363.13
793.95,384.52,792.65,383.78
836.27,328.35,822.85,327.87
792.65,383.78,791.45,382.83
791.40,383.02,791.45,382.83
836.27,328.35,822.65,328.35
822.42,386.37,822.13,386.97
792.65,383.78,791.40,383.02
792.67,384.00,791.40,383.02
812.77,346.93,814.96,346.53
791.40,383.02,791.12,382.70
823.78,404.59,824.66,403.69
792.50,382.78,791.12,382.70
781.17,369.80,782.49,382.21
792.50,382.78,792.03,378.34
826.11,399.51,826.19,398.20
813.42,363.24,812.36,362.45
821.83,404.45,822.70,404.74
792.50,382.78,792.36,378.38
792.82,382.67,792.36,378.38
813.42,363.24,812.74,363.24
821.83,404.45,822.81,404.85
792.50,382.78,792.82,382.67
794.00,377.87,792.84,377.81
790.35,383.77,791.73,383.29
792.96,382.53,791.72,383.49
792.71,377.96,794.00,377.87
761.96,370.02,764.51,368.07
785.26,370.75,788.69,370.98
824.67,400.06,823.51,399.45
829.76,327.65,829.93,328.44
825.10,346.80,827.11,347.64
793.80,377.92,815.36,370.68
820.24,401.89,820.95,403.43
823.28,399.94,824.67,400.06
824.94,398.17,824.86,397.16
794.06,378.46,793.93,378.08
792.02,384.95,794.35,385.12
819.78,399.99,820.24,401.89
818.77,350.20,817.49,351.45
807.30,350.28,805.89,351.92
819.26,333.57,820.13,332.99
796.14,371.05,796.61,370.83
794.56,382.78,793.95,378.43
829.54,366.53,829.65,367.43
780.91,374.89,781.01,380.73
817.57,384.07,818.78,385.10
820.12,385.87,821.43,386.28
820.83,355.32,820.83,360.72
820.12,385.87,821.08,386.88
832.24,350.86,830.93,351.17
786.32,383.77,788.83,384.23
826.42,391.26,825.70,390.89
825.46,419.57,825.27,419.28
790.51,377.76,790.26,377.54
793.95,384.52,795.21,384.92
831.27,364.52,831.97,363.41
793.31,382.49,792.70,378.33
792.67,384.00,791.40,383.02
825.56,381.52,826.02,382.52
829.98,329.47,830.06,330.53
824.87,399.17,824.94,398.17
794.91,382.59,792.70,378.33
794.04,384.09,791.40,383.02
794.04,384.09,792.76,383.10
823.01,321.16,823.61,321.15
795.94,383.99,794.73,383.03
793.03,382.93,792.82,382.67
494.17,483.16,451.56,344.81
792.76,383.10,792.82,382.67
823.61,321.15,823.58,324.46
794.73,383.03,794.56,382.78
792.76,383.10,792.50,382.78
799.60,368.25,799.23,368.42
793.31,382.49,792.70,378.33
792.82,382.67,792.70,378.33
792.70,378.33,792.36,378.38
792.70,378.33,794.17,378.03
819.68,369.07,819.27,368.68
794.29,378.41,794.17,378.03
827.66,389.00,826.31,389.81
794.91,382.59,794.29,378.41
815.11,381.69,815.88,382.15
827.10,396.01,826.96,393.96
794.06,378.46,794.29,378.41
794.56,382.78,794.06,378.46
817.65,379.22,818.68,371.89
827.11,398.28,827.10,396.01
794.42,382.89,794.56,382.78
824.41,324.44,824.42,321.12
795.96,384.21,816.92,384.58
812.79,371.16,814.41,369.92
829.85,415.84,830.04,415.58
819.70,386.45,818.28,385.63
815.25,381.10,816.10,381.69
826.29,402.55,826.85,400.54
824.20,329.41,824.56,329.24
818.78,385.10,818.28,385.63
788.78,377.69,789.11,377.85
825.48,404.12,826.05,402.49
822.68,341.44,822.33,341.77
819.70,386.45,818.78,385.10
816.01,371.53,816.57,367.54
825.25,404.04,826.05,402.49
820.12,385.87,818.78,385.10
793.53,382.83,793.31,382.49
819.70,386.45,798.60,385.38
796.96,369.89,795.14,369.88
810.95,371.38,811.37,368.39
819.27,368.68,799.60,368.25
799.71,373.21,800.05,373.22
822.59,356.08,820.76,352.49
819.56,397.91,819.69,395.88
831.53,304.60,831.85,304.23
812.88,378.37,813.14,378.95
795.37,384.85,796.67,385.26
795.37,384.85,794.04,384.09
793.03,382.93,792.76,383.10
791.76,383.86,792.98,383.16
794.23,383.88,793.03,382.93
792.82,382.67,793.31,382.49
790.03,382.30,789.42,378.17
793.53,382.83,793.31,382.49
793.53,382.83,792.82,382.67
793.03,382.93,792.82,382.67
790.23,375.31,790.96,375.34
824.56,386.45,823.18,386.88
831.55,341.52,831.49,341.41
788.39,374.62,788.02,375.46
813.74,378.63,814.73,378.63
824.42,321.12,829.82,319.71
795.12,382.93,794.91,382.59
824.85,396.74,824.52,395.40
790.96,383.67,792.24,384.41
786.11,382.41,785.64,378.04
824.79,396.71,824.46,395.34
793.41,383.97,792.28,384.33
798.50,384.85,799.43,384.93
817.26,355.18,816.67,355.29
794.67,383.22,794.73,383.03
795.94,383.99,794.67,383.22
794.74,377.57,793.33,377.87
790.66,377.93,790.74,377.71
828.23,421.51,828.42,421.25
819.70,386.45,797.30,384.98
790.66,377.93,790.48,377.77
816.89,357.37,816.82,357.40
816.50,355.50,816.12,355.68
819.70,386.45,795.96,384.21
821.92,340.90,821.30,339.31
825.10,346.80,825.16,346.87
806.30,350.03,807.92,349.36
814.80,350.51,813.40,351.71
811.63,380.09,812.23,380.19
816.50,355.50,816.21,355.79
819.70,386.45,818.28,385.63
793.58,384.53,796.13,384.72
790.38,384.60,791.33,384.68
825.55,390.58,826.31,389.81
831.55,341.52,831.04,342.76
813.02,379.10,817.09,379.30
802.55,383.10,802.82,382.78
798.51,385.13,798.60,385.38
791.40,383.02,791.12,382.70
797.30,384.98,798.51,385.13
820.83,355.45,820.54,355.74
822.68,341.44,822.68,341.75
795.53,384.63,796.67,385.26
794.23,383.88,795.53,384.63
789.76,382.73,789.50,382.90
789.24,377.71,789.43,377.80
794.23,383.88,795.37,384.85
805.19,379.76,812.23,380.19
828.90,324.09,830.51,323.87
821.66,339.21,821.72,339.24
826.02,344.43,825.71,344.77
794.29,378.41,794.17,378.03
796.61,370.83,796.14,371.05
794.51,383.66,793.53,382.83
796.61,370.83,796.61,369.88
794.51,383.66,793.03,382.93
831.06,339.84,831.20,340.41
791.64,382.39,791.04,378.25
794.23,383.88,793.03,382.93
819.09,371.30,819.70,367.02
831.65,389.31,829.65,388.90
797.30,384.98,795.96,384.21
798.51,385.13,798.50,384.85
797.35,384.48,798.50,384.85
829.87,342.91,830.15,342.99
793.93,378.08,793.74,377.92
797.24,384.74,798.51,385.13
827.61,417.60,827.97,418.34
828.65,441.29,828.58,440.83
795.75,384.38,796.89,384.75
822.06,333.85,822.29,333.32
795.53,384.63,796.89,384.75
798.75,375.73,798.96,375.83
827.21,330.65,828.02,331.84
815.34,358.65,815.37,359.15
784.50,377.99,784.32,377.98
820.72,349.29,837.59,350.21
828.71,440.88,828.65,441.29
820.42,366.57,818.89,367.59
825.41,348.33,827.19,349.07
795.53,384.63,796.80,385.02
799.49,374.64,799.45,375.10
828.84,441.60,828.71,440.88
825.32,348.84,827.02,349.55
827.14,389.90,825.81,390.83
794.23,383.88,794.51,383.66
795.75,384.38,794.51,383.66
822.13,386.97,799.59,385.47
794.51,383.66,793.53,382.83
796.10,383.76,793.53,382.83
830.99,350.72,830.79,351.17
821.25,347.93,823.09,348.69
795.12,382.93,793.53,382.83
787.63,373.21,787.87,373.33
796.10,383.76,795.12,382.93
796.10,383.76,797.35,384.48
795.94,383.99,796.10,383.76
795.75,384.38,796.89,384.75
813.33,355.97,814.75,355.97
788.19,373.50,787.63,373.21
823.74,309.96,823.97,309.66
785.77,371.11,783.53,371.05
796.89,384.75,798.50,384.85
790.87,379.35,790.23,380.61
794.51,383.66,795.75,384.38
797.35,384.48,794.51,383.66
797.35,384.48,796.10,383.76
821.03,324.56,820.96,324.00
787.58,384.67,787.31,384.01
811.48,368.37,811.08,371.30
787.31,369.81,787.87,369.83
787.31,384.01,787.58,384.67
788.55,384.59,788.19,384.71
825.68,398.91,825.63,400.75
821.21,402.27,821.13,402.17
784.62,377.57,784.73,377.94
820.42,349.25,820.72,349.29
824.04,393.46,822.59,394.71
788.29,384.48,788.19,384.71
809.62,349.39,811.37,348.81
789.23,384.40,788.29,384.48
807.61,364.29,808.60,366.26
789.23,384.40,788.29,384.48
826.60,400.51,825.80,400.36
825.65,400.32,825.22,402.16
789.23,384.40,788.34,384.21
830.22,363.13,830.33,363.13
789.24,384.14,788.34,384.21
805.61,377.94,804.38,377.04
789.24,384.14,788.34,384.21
831.22,360.00,831.42,360.00
789.74,384.30,788.34,384.21
794.93,377.47,794.14,377.21
812.22,362.29,812.67,363.20
805.61,377.94,804.71,376.70
789.24,384.14,789.74,384.30
827.98,389.19,829.06,389.19
798.43,371.11,796.95,377.54
790.65,384.23,789.74,384.30
788.27,375.70,788.15,375.90
794.79,383.68,796.04,382.71
832.61,302.64,827.95,302.83
790.73,384.50,789.79,384.58
789.89,384.83,789.79,384.58
794.79,383.68,794.68,382.63
790.73,384.50,789.89,384.83
788.31,375.61,788.27,375.70
795.59,382.45,795.80,382.11
793.44,383.60,794.68,382.63
790.86,384.74,789.89,384.83
791.23,384.91,789.89,384.83
792.20,384.83,791.23,384.91
828.23,329.18,828.39,329.84
821.47,332.13,820.66,331.31
792.20,384.83,791.23,384.91
828.23,329.18,829.56,328.61
821.99,335.30,822.52,335.18
821.47,332.13,820.24,331.66
792.20,384.83,791.33,384.68
829.21,327.91,829.56,328.61
797.56,382.63,797.83,382.82
821.00,332.44,820.24,331.66
792.28,384.60,791.33,384.68
824.71,410.98,824.95,409.98
791.37,384.41,791.33,384.68
818.88,352.59,817.79,353.53
792.85,384.50,791.37,384.41
804.23,376.82,810.38,377.64
793.76,384.43,792.85,384.50
792.89,384.78,792.85,384.50
804.23,376.82,803.96,377.35
793.76,384.43,792.89,384.78
792.99,385.03,792.89,384.78
793.80,377.92,793.55,377.69
788.90,374.64,788.86,375.10
812.65,348.77,814.51,347.64
822.06,333.85,822.29,333.32
788.90,374.64,788.39,375.16
820.25,325.13,820.24,325.60
793.97,384.95,794.35,385.12
825.59,348.95,824.79,349.73
793.90,377.40,794.00,369.80
788.38,374.63,788.39,375.16
820.05,325.21,820.24,325.60
795.33,385.04,794.35,385.12
794.46,384.89,794.35,385.12
826.84,378.11,826.77,378.99
824.87,399.17,824.94,398.17
829.35,333.26,828.91,333.76
823.22,395.26,823.66,394.79
795.42,384.80,794.46,384.89
795.42,384.80,794.49,384.61
825.73,399.24,825.80,398.17
829.75,332.58,829.39,333.36
823.44,401.32,823.91,401.20
800.35,353.83,799.53,355.80
800.69,361.68,801.08,363.32
795.41,384.53,794.49,384.61
795.41,384.53,794.49,384.61
809.50,361.92,809.95,363.79
796.13,384.72,794.49,384.61
819.72,334.53,819.26,333.57
820.25,324.15,820.41,323.78
784.14,377.84,782.81,373.74
805.14,379.39,805.64,379.47
795.41,384.53,796.13,384.72
799.47,373.31,799.24,373.61
831.25,341.51,831.55,341.52
820.67,334.10,819.26,333.57
797.05,384.64,796.13,384.72
804.94,353.81,805.26,356.08
820.59,320.91,820.83,320.39
797.05,384.64,796.13,384.72
796.17,385.00,796.13,384.72
793.07,382.11,792.53,382.26
808.93,348.88,807.30,350.28
807.98,349.79,809.62,349.39
804.94,353.81,804.12,355.78
801.55,378.30,801.54,377.93
826.93,336.04,826.30,336.73
797.05,384.64,796.17,385.00
799.88,384.00,798.55,384.76
827.46,325.98,826.30,336.73
797.13,384.92,796.17,385.00
825.94,398.26,825.77,396.15
798.65,385.26,797.66,385.34
797.82,384.83,797.76,385.10
750.09,353.47,748.52,356.57
828.51,388.79,829.07,388.69
786.68,382.54,787.15,382.45
824.86,397.16,823.64,397.44
798.75,384.75,797.82,384.83
799.43,384.93,797.82,384.83
819.56,397.91,819.61,397.91
798.75,384.75,799.43,384.93
799.48,385.22,799.43,384.93
800.36,384.85,799.48,385.22
800.46,385.13,799.48,385.22
799.59,385.47,799.48,385.22
800.46,385.13,799.59,385.47
825.71,344.77,820.83,344.89
827.37,328.63,827.56,327.83
800.59,385.38,799.59,385.47
800.59,385.38,799.59,385.47
800.59,385.38,822.13,386.97
823.18,386.88,822.13,386.97
819.75,369.20,819.53,369.48
820.83,355.32,820.75,355.21
822.31,395.98,822.50,398.22
825.06,348.05,826.91,348.49
786.62,384.59,787.58,384.67
819.75,369.20,819.34,368.80
819.12,369.08,819.75,369.20
816.83,355.57,816.83,357.09
820.53,366.22,820.86,366.08
817.69,370.24,817.46,370.33
828.84,426.36,828.91,425.92
828.69,353.30,829.69,353.92
820.15,348.24,820.30,348.21
817.35,370.42,817.46,370.33
811.50,356.24,811.66,356.26
829.73,353.80,830.56,355.78
826.84,348.42,827.29,349.19
817.45,371.42,817.46,370.33
818.35,355.24,817.01,355.24
831.40,391.30,828.92,390.59
822.76,398.19,822.38,395.81
827.29,349.19,828.59,350.51
804.47,349.00,808.93,348.88
822.62,364.29,822.62,361.71
819.23,346.53,821.31,347.02
802.32,353.42,801.73,355.12
796.61,369.88,796.14,371.05
823.06,397.96,822.70,395.72
832.06,351.89,831.55,352.79
782.81,381.94,781.61,381.33
796.96,370.69,796.61,370.83
796.96,370.69,798.66,370.89
820.41,323.78,820.05,324.08
824.02,392.03,823.91,392.14
796.96,370.69,796.61,370.83
795.21,384.92,795.29,385.16
798.93,370.75,798.66,370.89
801.66,371.21,798.43,371.11
825.03,370.14,825.03,369.13
795.29,385.16,796.27,385.25
802.20,370.84,805.29,371.08
820.72,344.44,820.83,344.89
802.20,370.84,801.92,370.98
805.29,371.08,801.92,370.98
819.12,369.08,817.35,368.80
805.00,371.30,801.92,370.98
829.86,358.01,831.22,360.00
801.66,371.21,801.92,370.98
822.73,350.29,822.83,350.96
832.89,401.31,825.64,401.09
813.34,380.33,813.00,379.72
758.70,370.54,761.96,370.02
813.12,348.95,814.48,346.66
819.12,369.08,819.34,368.80
818.70,357.08,818.70,355.53
817.03,357.49,816.89,357.37
790.65,384.23,789.74,384.30
832.61,347.68,820.19,348.07
819.12,369.08,817.69,370.24
817.68,371.27,819.12,369.08
819.53,369.48,819.12,369.08
823.10,400.70,823.36,400.63
803.47,352.09,802.32,353.42
817.68,371.27,819.53,369.48
827.29,349.19,828.61,349.15
804.64,360.00,804.80,361.98
796.96,370.69,796.96,369.89
787.72,383.86,788.84,384.50
794.14,377.21,795.23,377.26
793.24,383.38,793.44,383.60
798.43,371.11,795.43,377.47
822.67,367.32,822.95,367.15
792.09,384.64,792.24,384.41
815.32,371.13,815.31,370.97
822.97,401.14,823.44,401.32
830.26,330.53,830.18,331.64
796.52,377.66,796.70,377.51
805.00,371.30,801.66,371.21
813.07,381.81,813.77,382.45
794.17,378.03,792.71,377.96
824.42,321.12,824.42,320.30
820.12,394.05,820.78,392.62
805.29,371.08,805.00,371.30
825.71,395.19,825.37,396.95
806.03,354.24,804.58,355.78
799.60,368.25,799.62,368.80
789.21,382.59,787.86,382.51
799.99,368.63,799.62,368.80
789.81,384.20,788.55,384.59
815.92,350.15,817.55,349.15
794.61,377.42,794.74,377.57
790.60,382.87,789.40,383.57
814.64,357.54,814.78,357.70
799.03,357.87,803.06,357.85
812.88,347.02,814.96,346.53
819.27,368.68,817.26,368.68
805.64,379.47,807.72,377.94
799.71,373.21,799.47,373.31
819.27,368.68,797.69,368.25
815.47,364.48,816.27,365.80
828.17,331.24,828.02,331.84
799.71,373.21,799.93,373.33
792.76,383.10,792.50,382.78
823.62,319.50,823.01,319.51
791.11,383.45,789.81,384.20
810.84,379.23,809.99,379.21
792.35,369.83,793.12,369.81
792.35,382.49,791.11,383.45
821.92,369.55,823.45,367.99
748.52,356.57,747.97,360.00
793.07,369.81,792.35,369.83
823.02,400.45,822.76,398.19
829.57,353.78,828.69,353.30
796.10,383.76,795.12,382.93
790.60,382.87,791.11,383.45
820.11,351.84,818.88,352.59
835.77,333.12,822.36,333.26
831.27,326.60,832.58,324.41
791.73,383.29,792.91,382.36
807.77,355.73,810.69,354.43
817.68,370.78,819.43,371.51
830.65,369.76,829.01,371.16
782.93,381.95,781.17,369.80
792.98,383.16,793.24,383.38
791.72,383.49,792.96,382.53
792.68,382.21,792.96,382.53
828.59,390.37,827.84,391.32
832.41,304.21,827.48,304.42
788.12,383.26,787.15,382.45
790.74,377.71,790.92,377.87
800.10,367.50,750.09,366.53
816.49,355.31,816.12,355.68
818.28,385.63,795.96,384.21
790.47,384.02,790.42,384.24
824.53,403.60,823.38,402.71
795.53,384.63,796.80,385.02
792.74,381.94,792.53,382.26
801.85,377.76,801.66,371.21
799.52,355.83,799.03,357.89
821.23,350.64,822.73,350.29
792.68,382.21,794.00,369.80
810.94,380.06,810.93,380.90
791.57,383.07,792.53,382.26
819.44,396.58,820.41,396.68
818.95,395.84,819.22,396.48
790.96,383.67,790.76,383.88
829.28,327.18,829.76,327.65
792.74,381.94,792.53,382.26
803.43,377.84,803.30,378.01
793.76,377.90,793.07,382.11
793.76,377.90,793.29,382.24
829.76,333.50,829.28,334.05
793.07,382.11,793.29,382.24
793.03,382.93,793.53,382.83
790.65,384.23,789.79,384.58
798.96,373.41,799.16,373.51
798.43,371.11,796.14,371.05
830.14,332.68,829.76,333.50
829.47,339.92,829.62,339.57
793.76,377.90,792.68,382.21
793.76,377.90,793.29,382.24
788.95,371.21,787.53,373.10
829.34,440.94,829.26,441.38
797.24,384.74,795.94,383.99
790.47,384.02,789.24,384.14
790.47,384.02,789.23,384.40
788.95,371.21,788.34,374.63
797.35,384.48,798.51,385.13
792.98,383.16,793.94,382.35
792.68,382.21,791.69,381.95
805.00,371.30,801.85,377.76
829.56,327.67,829.93,328.44
792.53,382.26,793.94,382.35
827.98,389.19,826.64,389.67
822.42,358.25,825.71,357.89
788.10,373.64,788.28,374.10
817.14,338.97,816.35,337.39
791.57,383.07,792.53,382.26
821.35,355.14,821.13,355.13
814.63,372.29,816.63,373.12
829.01,348.83,827.19,349.07
815.90,372.30,815.92,372.15
793.33,377.87,792.74,381.94
805.19,377.92,828.90,370.68
822.82,395.47,822.57,395.86
788.02,373.75,788.19,373.50
823.08,308.77,823.32,308.41
785.54,370.89,783.40,370.83
794.59,382.20,794.42,382.45
828.22,327.26,828.75,327.04
793.56,377.92,793.69,377.56
798.43,374.60,798.47,375.06
820.67,334.10,820.82,332.99
829.72,341.59,829.96,341.48
816.46,338.97,817.14,338.97
790.35,383.77,789.24,384.14
829.65,430.83,830.01,431.58
823.29,347.84,824.79,349.73
818.04,337.26,820.02,338.53
790.65,378.28,790.51,377.76
794.04,384.09,792.76,383.10
837.66,347.09,821.34,347.09
790.35,383.77,790.65,384.23
790.79,378.30,790.51,377.76
831.16,438.98,831.40,439.01
828.64,354.24,830.56,355.78
789.76,382.73,789.60,382.48
797.24,384.74,797.35,384.48
791.76,383.86,790.65,384.23
790.79,378.30,790.65,378.28
797.24,384.74,796.10,383.76
826.94,331.87,826.86,330.77
793.33,377.87,794.75,377.94
823.00,309.18,823.74,309.96
827.44,376.07,827.33,376.70
788.95,371.21,785.54,370.89
825.03,370.14,825.20,369.79
796.81,378.04,796.64,378.07
794.74,377.57,794.75,377.94
787.67,383.68,786.35,383.60
794.74,377.57,793.33,377.87
824.97,398.21,824.85,396.74
791.86,382.73,790.24,382.63
799.16,375.74,799.65,375.90
810.66,377.10,811.14,377.33
818.96,357.48,818.54,357.48
793.84,384.70,792.89,384.78
793.45,377.51,793.33,377.87
788.92,384.74,789.89,384.83
811.14,379.16,811.49,379.51
795.00,382.34,794.42,382.45
827.80,332.33,827.52,332.65
795.00,382.34,794.68,382.63
823.17,372.10,825.03,370.14
824.44,412.44,826.21,410.98
793.97,384.95,792.99,385.03
823.32,400.54,823.60,400.38
823.37,395.06,822.59,394.71
826.21,410.98,825.12,412.92
793.84,384.70,792.89,384.78
794.75,377.94,794.15,382.02
793.45,377.51,794.74,377.57
812.36,362.14,812.99,362.36
802.32,366.57,803.47,367.91
793.45,377.51,794.61,377.42
793.45,377.51,793.62,377.37
793.56,377.92,793.76,377.90
837.72,346.29,822.39,346.29
822.68,328.36,822.53,327.83
793.45,377.51,793.69,377.56
804.76,382.89,805.23,378.43
805.19,377.92,804.99,377.69
816.92,384.58,818.28,385.63
793.62,377.37,793.45,377.51
786.16,377.56,786.48,377.51
817.99,342.19,818.67,342.19
791.97,384.11,790.73,384.50
822.11,402.52,822.79,402.80
786.94,382.11,786.34,378.02
793.58,384.53,795.21,384.64
791.76,383.86,790.73,384.50
791.76,383.86,790.65,384.23
821.99,402.62,822.69,402.90
792.45,384.17,793.58,384.53
812.44,376.69,814.54,376.69
791.97,384.11,793.24,383.38
812.44,376.69,814.54,378.25
791.97,384.11,792.98,383.16
803.74,382.93,802.33,382.49
787.51,374.89,786.85,374.22
792.28,384.60,791.37,384.41
791.37,384.41,790.38,384.60
786.03,377.70,786.35,377.66
796.62,384.64,797.94,383.88
793.44,383.60,794.68,382.63
795.94,383.99,795.12,382.93
794.42,382.45,794.68,382.63
792.13,384.35,790.86,384.74
825.97,344.02,824.49,345.00
836.67,344.02,825.97,344.02
795.08,377.99,795.07,377.63
825.97,344.02,837.48,345.00
795.08,377.99,794.74,377.57
828.90,324.09,826.96,320.08
813.31,380.45,823.81,381.21
789.79,384.58,788.84,384.50
785.77,371.11,785.88,377.34
798.99,374.58,799.10,374.01
825.97,344.02,836.67,344.02
795.08,377.99,794.75,377.94
829.77,406.21,833.37,406.31
796.64,378.07,796.77,377.70
817.57,384.07,816.29,370.74
796.40,378.02,796.77,377.70
796.40,378.02,796.52,377.66
826.02,382.52,825.56,381.52
828.93,327.34,829.39,327.80
796.77,377.70,796.52,377.66
835.74,342.91,827.18,342.91
814.40,381.22,816.24,381.09
828.43,327.22,828.93,327.34
795.00,382.34,796.35,382.41
825.84,389.08,825.66,388.90
827.47,327.95,827.92,327.42
796.37,383.58,796.57,383.80
796.35,382.41,796.81,378.04
783.42,382.53,783.09,382.24
815.25,381.10,816.24,381.10
824.58,392.69,823.68,391.69
793.74,377.92,792.51,377.86
794.61,377.42,794.74,377.57
827.14,343.19,835.52,343.19
827.11,328.73,827.47,327.95
819.12,369.08,819.34,368.80
795.07,377.63,794.74,377.57
822.33,341.77,822.33,341.53
817.68,371.27,817.46,370.33
793.87,377.42,794.93,377.47
794.61,377.42,793.87,377.42
815.21,382.44,815.88,382.14
826.94,329.74,827.16,328.80
793.62,377.37,793.87,377.42
794.61,377.42,793.62,377.37
804.42,377.87,804.76,377.92
793.87,377.42,793.69,377.56
786.11,384.02,784.85,383.29
797.66,385.34,796.27,385.25
792.13,384.35,790.73,384.50
825.94,398.26,825.77,396.15
795.21,384.92,795.21,384.64
833.87,449.31,830.07,445.67
815.31,370.97,815.32,371.13
791.97,384.11,792.13,384.35
833.87,449.31,829.46,445.35
827.47,333.49,827.16,332.67
818.10,380.51,819.36,371.53
791.97,384.11,793.44,383.60
794.61,377.42,794.93,377.47
819.01,367.34,815.88,367.34
818.10,380.51,819.01,371.33
791.97,384.11,793.24,383.38
815.83,367.25,815.88,367.34
815.83,367.25,816.61,367.27
796.04,382.71,796.15,382.29
801.54,377.93,801.65,377.54
802.55,383.10,802.50,382.93
822.54,337.35,822.58,332.49
828.14,376.19,829.66,376.49
799.03,362.11,799.53,364.20
799.60,368.25,799.23,368.42
812.77,346.93,814.86,346.42
828.51,319.76,828.65,319.92
818.85,395.75,819.09,396.34
795.99,382.54,796.15,382.29
816.01,371.53,816.03,371.38
796.40,378.02,796.64,378.07
827.35,432.03,827.71,432.77
805.19,377.92,804.99,377.69
797.90,378.09,797.89,377.72
761.18,355.12,766.74,355.04
820.72,320.87,820.96,320.33
825.20,369.14,824.26,369.20
798.39,384.52,798.19,384.27
796.40,378.02,797.89,377.72
796.40,378.02,796.52,377.66
810.53,380.73,811.16,380.76
797.75,377.56,797.89,377.72
822.34,400.20,822.67,400.33
829.98,331.60,829.75,332.58
796.70,377.51,797.75,377.56
815.36,371.02,815.38,371.18
823.26,400.80,823.72,401.32
830.18,329.42,830.26,330.53
796.52,377.66,796.77,377.70
815.38,371.18,815.36,371.02
795.08,377.99,795.46,377.98
823.40,393.16,824.36,391.80
781.55,369.81,781.17,369.80
787.87,373.33,788.10,373.64
814.45,380.06,817.57,380.32
795.43,377.47,795.46,377.98
787.87,373.33,787.79,373.22
795.43,377.47,795.08,377.99
823.97,309.66,826.63,307.27
786.32,383.77,785.11,383.07
796.77,377.70,796.95,377.54
795.07,377.63,795.08,377.99
822.55,400.65,822.97,401.14
829.08,327.20,829.56,327.67
796.35,382.41,795.00,382.34
818.66,370.97,818.67,371.13
828.55,327.07,829.08,327.20
795.43,377.47,795.07,377.63
819.56,397.91,819.75,395.84
821.08,386.88,821.43,386.28
796.70,377.51,796.96,377.56
819.38,371.38,818.66,370.97
818.68,371.89,818.67,371.74
794.93,377.47,795.23,377.26
819.38,371.38,818.67,371.13
830.47,415.90,831.29,415.61
786.32,383.77,787.44,384.14
793.95,384.52,792.65,383.78
793.47,384.44,790.86,384.74
817.25,357.09,817.31,357.37
813.36,380.44,813.36,380.62
821.72,404.11,821.63,403.87
828.62,307.91,828.55,308.32
814.78,360.59,814.98,360.52
787.40,378.12,787.86,382.51
813.22,379.05,813.05,379.24
816.83,340.93,816.80,340.38
793.47,384.44,792.20,384.83
826.88,329.70,827.11,328.73
792.13,384.35,793.44,383.60
818.84,371.68,818.85,371.86
827.33,381.32,828.99,380.58
826.86,330.77,826.94,329.66
793.47,384.44,792.13,384.35
827.33,381.32,827.71,381.75
826.94,331.87,826.86,330.77
796.04,382.71,795.99,382.54
825.71,362.11,822.01,363.46
828.90,370.68,828.55,370.74
795.59,382.45,796.15,382.29
822.91,321.15,823.01,324.46
809.55,371.14,814.51,372.36
805.40,353.80,804.55,355.74
800.20,375.21,800.06,375.16
793.53,384.21,792.28,384.60
797.75,377.56,798.21,377.77
796.27,369.89,794.83,369.89
822.91,321.15,822.90,324.45
800.20,375.21,800.00,375.70
797.75,377.56,797.89,377.72
793.47,384.44,794.79,383.68
815.55,371.74,815.56,371.89
815.50,371.86,815.49,371.68
797.89,377.72,798.21,377.77
826.85,400.54,827.11,398.28
816.92,384.58,794.67,383.22
798.21,377.77,798.55,377.61
815.90,372.30,815.50,371.86
795.33,385.04,794.46,384.89
816.82,357.40,816.95,357.52
817.73,380.43,818.10,380.45
797.75,377.56,798.07,377.61
815.92,372.15,815.49,371.68
819.97,367.27,819.18,367.25
829.35,333.26,828.91,333.76
822.40,320.87,822.64,320.33
821.92,340.90,821.52,339.25
796.95,377.54,795.43,377.47
827.23,427.22,828.05,426.94
827.09,351.29,828.42,351.84
815.99,368.41,816.11,368.81
795.43,377.47,796.81,378.04
830.53,421.16,831.24,421.97
795.43,377.47,795.46,377.98
815.83,367.25,816.61,367.27
829.70,332.50,829.35,333.26
796.81,378.04,795.46,377.98
820.53,399.44,820.86,400.80
823.41,386.28,822.42,386.37
814.76,380.45,814.39,380.43
818.82,355.31,819.15,355.21
829.92,331.57,829.70,332.50
792.28,384.60,792.20,384.83
837.59,350.21,819.05,350.21
822.29,404.85,823.28,405.28
820.96,344.95,837.69,344.95
794.00,384.76,795.29,385.16
814.76,380.45,814.39,380.43
822.73,400.31,822.40,398.24
790.42,384.24,788.55,384.59
821.21,402.27,821.72,404.11
825.21,414.98,826.02,415.32
817.73,380.43,814.39,380.43
793.53,384.21,792.28,384.60
816.15,362.48,816.15,362.63
822.48,404.93,823.48,405.37
792.67,384.00,794.00,384.76
792.37,378.01,792.71,377.96
826.05,411.10,836.01,411.10
791.11,383.45,789.81,384.20
817.57,380.32,817.73,380.43
794.80,383.48,794.79,383.68
817.25,357.09,817.25,355.23
749.15,356.91,751.47,357.67
830.00,330.54,829.92,331.57
819.70,386.45,821.08,386.88
791.11,383.45,790.42,384.24
816.83,355.57,816.93,355.33
822.31,395.98,822.32,395.79
825.28,414.54,826.02,413.80
794.80,383.48,793.47,384.44
814.53,379.22,817.65,379.22
829.35,327.91,829.70,328.61
795.80,382.11,797.29,382.20
823.60,400.38,823.23,400.00
799.81,378.22,799.94,377.85
797.08,382.53,795.80,382.11
796.13,384.72,795.21,384.64
801.15,383.02,802.55,383.10
797.29,382.20,797.90,378.09
794.89,384.06,796.11,383.35
798.07,377.61,798.21,377.77
816.53,362.95,816.31,362.82
815.63,354.33,814.75,355.97
789.23,384.40,789.15,384.63
798.35,377.40,798.21,377.77
827.56,413.25,828.30,412.51
817.81,379.24,817.73,380.07
798.35,377.40,798.55,377.61
798.22,378.14,798.55,377.61
795.96,384.21,797.30,384.98
819.18,367.25,819.01,367.34
798.07,377.61,798.35,377.40
817.73,380.43,817.57,380.32
827.51,328.05,827.94,327.55
797.20,377.34,798.35,377.40
794.73,383.03,794.91,382.59
790.42,384.24,791.72,383.49
798.07,377.61,797.20,377.34
814.45,380.06,814.39,380.07
827.16,328.80,827.51,328.05
798.07,377.61,796.96,377.56
814.47,379.24,814.53,379.22
784.14,377.84,785.48,381.94
826.94,329.74,827.16,328.80
792.28,384.33,792.28,384.60
820.76,355.15,818.41,355.18
817.73,380.43,814.39,380.43
793.53,384.21,792.28,384.33
805.38,353.75,808.44,353.70
788.31,375.61,788.15,375.90
829.99,309.23,832.10,307.09
794.68,382.63,795.00,382.34
796.11,383.35,797.08,382.53
827.16,332.67,826.94,331.77
795.59,382.45,797.08,382.53
821.46,324.13,821.31,323.82
830.36,363.13,830.22,363.13
787.31,369.81,793.07,369.81
788.39,375.16,788.31,375.61
800.10,377.69,799.49,376.12
823.60,402.09,824.19,398.08
797.56,382.63,797.73,382.39
799.69,377.80,799.94,377.85
816.52,352.83,815.78,354.33
756.58,355.85,755.45,356.99
829.74,318.84,829.82,319.71
829.49,309.55,829.58,309.23
797.56,382.63,797.29,382.20
814.03,380.88,814.37,381.25
788.19,375.73,788.39,375.83
797.08,382.53,797.29,382.20
811.59,381.59,816.45,385.75
798.12,382.51,798.59,378.12
823.90,347.73,825.10,346.80
814.08,380.86,814.40,381.22
787.70,375.88,787.93,375.99
827.21,330.65,828.17,331.24
824.19,398.08,822.60,400.49
797.73,382.39,798.59,378.12
832.24,350.86,830.93,351.17
797.73,382.39,798.22,378.14
825.10,393.56,826.75,392.12
800.46,363.49,799.91,360.00
787.25,377.61,787.40,378.12
830.74,353.53,831.67,354.62
825.88,419.34,826.81,418.94
794.89,384.06,793.76,384.43
800.46,363.49,800.43,360.00
831.01,341.64,831.20,341.68
827.00,336.19,831.27,335.94
787.25,377.61,788.75,378.19
790.66,377.93,790.92,377.87
794.75,377.94,794.59,382.20
793.41,383.97,792.28,384.33
831.27,326.60,831.13,326.67
813.08,378.88,813.25,379.63
795.96,384.21,795.94,383.99
829.21,333.26,828.78,333.76
822.01,356.54,821.90,358.32
809.73,368.11,810.69,365.57
825.27,419.28,825.66,419.58
796.37,383.58,797.56,382.63
829.56,332.50,829.21,333.26
830.47,323.64,828.94,320.17
797.08,382.53,797.56,382.63
810.97,379.51,809.88,379.84
825.27,419.28,825.97,420.08
799.94,377.85,799.69,377.80
796.37,383.58,797.08,382.53
822.13,386.97,822.42,386.37
809.87,379.24,809.88,379.84
796.11,383.35,797.08,382.53
828.42,413.29,828.30,414.04
830.18,362.15,829.95,363.13
787.29,375.12,787.91,375.06
828.16,418.08,828.98,418.43
826.63,307.27,827.13,307.73
797.83,382.82,798.12,382.51
826.26,331.37,826.21,330.72
800.10,377.69,799.96,378.19
827.98,328.68,828.02,329.34
752.42,351.14,752.51,351.47
819.61,354.56,818.83,355.48
816.63,346.87,816.05,349.07
798.55,377.61,798.59,378.12
781.58,374.22,780.91,374.89
801.13,383.66,802.11,382.83
791.64,382.39,790.03,382.30
794.23,383.88,795.75,384.38
795.09,384.31,793.84,384.70
830.84,339.39,831.95,339.11
828.54,337.57,833.11,337.32
795.53,384.63,795.75,384.38
794.89,384.06,793.84,384.70
794.89,384.06,793.76,384.43
829.86,330.54,829.79,331.57
793.84,384.70,793.76,384.43
794.23,383.88,795.53,384.63
820.69,324.64,820.25,325.13
829.80,388.64,830.88,388.64
795.09,384.31,796.37,383.58
829.79,329.52,829.86,330.54
796.11,383.35,796.37,383.58
795.09,384.31,796.11,383.35
820.69,324.64,820.74,324.20
829.80,388.64,831.81,388.82
827.29,367.67,827.43,367.32
829.56,328.61,829.79,329.52
795.09,384.31,794.89,384.06
796.57,383.80,797.83,382.82
797.29,382.20,797.90,378.09
796.37,383.58,797.83,382.82
797.29,382.20,796.40,378.02
795.41,384.53,797.05,384.64
796.37,383.58,797.56,382.63
824.86,392.04,823.40,393.16
797.24,384.74,795.94,383.99
791.76,383.86,791.57,383.07
830.31,429.57,830.71,429.62
831.27,364.52,831.36,364.42
799.49,382.59,799.96,378.19
799.94,377.85,799.81,378.22
800.40,382.73,800.88,382.83
800.10,377.69,799.96,378.19
800.00,384.63,799.94,384.85
796.96,377.56,796.52,377.66
800.13,377.71,799.94,377.85
819.84,355.27,821.35,360.92
815.66,360.44,815.17,360.32
791.69,381.95,790.60,382.87
827.37,328.05,827.81,327.55
820.06,366.53,821.56,366.85
830.68,342.60,830.43,342.89
791.21,383.46,790.24,382.63
799.87,377.66,799.69,377.80
823.08,372.17,821.28,371.95
801.21,377.87,801.08,377.71
795.09,384.31,793.84,384.70
795.25,384.55,793.84,384.70
827.03,328.80,827.37,328.05
793.97,384.95,793.84,384.70
826.81,329.74,827.03,328.80
796.57,383.80,795.25,384.55
812.36,362.14,813.11,362.15
815.90,372.30,815.49,371.68
787.51,377.56,787.68,377.72
798.22,378.14,797.89,377.72
826.93,336.04,826.40,336.84
799.20,382.90,798.12,382.51
803.24,377.81,803.06,377.96
799.32,382.48,799.81,378.22
805.57,370.93,805.29,371.08
787.44,384.14,788.34,384.21
799.49,382.59,799.81,378.22
823.44,401.32,823.91,401.20
831.90,363.49,831.27,364.52
827.03,332.67,826.81,331.77
799.96,378.19,799.81,378.22
790.42,384.24,789.15,384.63
830.09,355.75,829.95,356.87
814.62,368.55,817.27,366.97
822.90,397.92,823.66,398.84
793.87,377.42,793.90,377.40
804.42,377.87,803.49,377.86
800.35,377.49,800.10,377.69
800.13,377.71,799.94,377.85
828.65,422.74,829.66,422.83
812.44,376.69,811.92,376.77
822.63,395.84,822.57,395.86
795.59,382.45,795.80,382.11
799.57,378.17,799.94,377.85
817.65,379.22,815.56,371.89
799.57,378.17,799.69,377.80
819.98,324.65,820.05,325.21
831.23,366.97,829.65,367.43
801.21,377.87,801.08,377.71
799.69,377.80,801.08,377.71
820.05,324.08,819.72,321.87
821.86,366.70,822.95,367.15
810.21,380.49,810.53,380.73
799.87,377.66,801.08,377.71
829.08,334.02,829.28,334.05
823.02,400.45,822.66,398.21
817.55,349.15,816.06,350.21
805.19,377.92,805.23,378.43
799.69,377.80,799.87,377.66
804.91,378.46,805.19,377.92
801.40,377.77,800.13,377.71
801.08,377.71,800.13,377.71
827.98,332.53,827.66,332.88
799.87,377.66,800.13,377.71
813.30,380.67,813.50,380.88
816.83,333.73,817.40,333.05
798.39,384.52,799.88,384.00
797.94,383.88,799.20,382.90
824.99,415.23,824.87,414.46
798.39,384.52,799.68,383.78
797.94,383.88,797.83,382.82
823.81,381.21,813.30,380.67
820.02,335.76,819.72,334.53
802.11,382.83,803.74,382.93
796.57,383.80,797.83,382.82
828.39,331.31,828.23,331.98
799.32,382.48,799.49,382.59
799.57,378.17,799.81,378.22
801.40,377.77,800.35,377.49
800.13,377.71,800.35,377.49
794.35,385.12,792.99,385.03
800.36,384.85,799.43,384.93
799.57,378.17,801.22,378.25
828.23,329.18,828.39,329.84
801.21,377.87,801.22,378.25
799.57,378.17,801.21,377.87
823.36,342.44,822.53,342.26
799.75,376.02,799.49,376.12
827.98,328.68,828.23,329.18
799.57,378.17,799.69,377.80
794.49,384.61,794.46,384.89
822.39,346.29,821.13,347.19
801.54,377.93,801.40,377.77
827.66,328.36,827.98,328.68
801.08,377.71,801.40,377.77
793.80,377.92,793.93,378.08
796.62,384.64,795.33,385.04
795.25,384.55,795.33,385.04
811.43,381.56,816.45,385.75
795.25,384.55,793.97,384.95
826.97,328.42,827.32,328.27
795.33,385.04,793.97,384.95
796.27,385.25,796.17,385.00
822.67,400.33,822.73,400.31
796.62,384.64,797.94,383.88
826.41,329.32,826.66,328.78
796.62,384.64,795.25,384.55
826.45,367.43,825.27,367.52
823.54,352.04,822.67,352.68
830.39,331.65,830.14,332.68
828.65,441.29,829.03,441.58
797.94,383.88,799.15,382.73
822.42,361.75,825.71,362.11
828.65,441.29,829.35,442.10
800.62,382.39,799.57,378.17
826.25,331.46,826.20,330.73
826.41,332.11,826.25,331.46
801.65,377.54,801.40,377.77
797.26,385.16,796.27,385.25
801.21,377.87,801.54,377.93
820.64,325.59,820.24,325.60
781.94,369.82,781.17,369.80
782.46,368.25,782.45,368.42
801.55,378.30,801.21,377.87
801.22,378.25,801.21,377.87
826.90,332.69,827.21,332.77
796.62,384.64,795.33,385.04
813.74,382.08,814.51,381.60
820.53,399.44,821.00,400.74
822.81,404.85,823.78,404.59
810.69,365.57,811.70,367.21
794.14,377.21,796.14,371.05
792.36,378.38,792.03,378.34
796.67,384.41,795.33,385.04
796.52,377.66,797.75,377.56
796.67,384.41,795.42,384.80
825.41,348.33,827.02,349.55
821.44,351.29,822.83,350.96
803.96,378.53,803.87,377.94
788.95,371.21,785.77,371.11
797.96,383.67,796.62,384.64
797.96,383.67,796.67,384.41
828.16,435.71,828.68,435.19
797.96,383.67,799.15,382.73
797.78,383.46,799.15,382.73
823.25,308.29,831.30,304.47
800.40,382.73,800.62,382.39
800.40,382.73,798.96,382.30
827.90,436.40,828.23,436.37
798.75,382.63,798.96,382.30
801.05,382.58,801.55,378.30
801.22,378.25,801.55,378.30
800.62,382.39,801.22,378.25
828.59,350.51,829.99,351.71
795.23,377.26,795.07,377.63
801.55,378.30,801.89,378.28
813.39,373.09,818.64,373.70
827.21,330.65,827.21,328.53
796.67,384.41,795.41,384.53
827.35,304.64,827.64,306.93
799.43,383.56,800.40,382.73
798.75,382.63,800.40,382.73
797.78,383.46,798.75,382.63
827.98,432.08,828.84,432.13
800.88,382.83,801.05,382.58
800.62,382.39,801.05,382.58
827.72,431.32,828.40,430.83
801.05,382.58,801.89,378.28
814.21,360.44,814.39,360.31
810.07,380.38,810.36,380.59
804.04,356.87,803.86,356.87
801.05,382.58,801.55,378.30
826.66,332.61,826.41,332.11
801.85,377.76,803.29,378.34
827.91,431.62,828.72,431.34
800.40,382.73,800.62,382.39
827.33,381.32,827.03,380.67
826.86,330.77,826.88,329.70
763.74,356.99,762.61,355.85
801.85,377.76,801.89,378.28
784.21,382.32,782.83,382.10
804.90,378.08,804.76,377.92
823.26,400.00,822.94,397.94
819.68,369.07,799.60,368.25
796.15,382.29,796.40,378.02
798.19,384.27,795.41,384.53
823.26,400.00,822.90,397.92
819.68,369.07,799.99,368.63
798.19,384.27,799.43,383.56
797.78,383.46,799.43,383.56
798.19,384.27,797.78,383.46
798.19,384.27,796.54,384.17
823.18,386.88,822.42,386.37
801.43,382.70,801.05,382.58
831.05,357.86,831.42,360.00
800.88,382.83,801.05,382.58
758.86,349.05,762.51,349.44
785.88,377.34,785.68,377.54
787.28,380.73,786.68,381.33
800.88,382.83,801.43,382.70
786.16,377.56,785.68,377.54
801.15,383.02,801.43,382.70
821.51,324.57,821.46,324.13
803.29,378.34,802.82,382.78
825.48,396.13,825.72,397.11
821.72,404.11,822.53,405.13
792.96,382.53,792.35,382.49
804.42,377.87,803.24,377.81
816.65,372.92,821.26,373.07
784.14,373.53,782.81,373.74
803.17,378.38,803.30,378.01
821.04,324.08,820.87,323.74
830.74,353.53,831.67,354.62
792.91,382.36,792.96,382.53
825.07,321.38,826.84,325.45
803.49,377.86,803.30,378.01
803.49,377.86,803.06,377.96
792.68,382.21,793.29,382.24
804.90,378.08,804.76,377.92
791.72,383.49,791.73,383.29
804.91,378.46,805.23,378.43
813.80,380.77,814.08,380.86
827.37,328.05,827.81,327.55
826.62,328.98,826.66,328.78
797.29,382.20,797.73,382.39
792.98,383.16,793.94,382.35
829.75,320.41,829.15,320.42
828.90,370.68,804.76,382.89
822.47,393.73,822.66,393.71
831.67,440.95,832.08,441.01
796.67,385.26,796.80,385.02
798.39,384.52,797.13,384.92
798.19,384.27,797.13,384.92
824.22,402.34,823.60,402.09
790.25,384.83,791.23,384.91
798.19,384.27,797.05,384.64
821.72,356.59,821.27,357.68
793.07,382.11,792.91,382.36
817.65,379.22,817.73,380.07
794.80,383.48,793.41,383.97
798.39,384.52,799.68,383.78
817.65,379.22,817.81,379.24
826.94,331.77,826.86,330.76
794.80,383.48,794.63,383.26
798.39,384.52,799.43,383.56
819.30,362.48,816.15,362.48
781.58,374.22,781.01,374.95
799.88,384.00,801.15,383.02
781.61,374.35,781.01,374.95
799.68,383.78,801.15,383.02
815.36,370.68,794.42,382.89
800.88,382.83,801.15,383.02
815.25,381.10,815.11,381.69
826.29,402.55,826.05,402.49
764.51,351.92,764.75,355.56
828.67,437.67,829.07,437.73
824.20,329.41,835.90,328.38
819.46,362.82,816.15,362.48
801.15,383.02,801.43,382.70
815.30,380.44,816.24,381.10
823.48,405.37,824.51,405.09
795.29,385.16,796.67,385.26
782.29,376.56,783.02,376.60
803.06,377.96,804.42,377.87
825.98,385.63,827.34,384.58
819.76,362.76,816.53,362.95
790.23,375.31,791.61,376.60
785.60,373.58,787.31,373.48
803.17,378.38,803.30,378.01
803.30,378.01,803.06,377.96
785.48,373.74,784.14,373.53
804.91,378.46,804.90,378.08
804.56,378.03,804.90,378.08
810.92,380.55,811.16,380.76
786.85,374.22,785.60,373.58
804.57,378.41,804.56,378.03
820.07,362.40,819.94,362.66
820.36,362.51,823.54,362.51
801.89,384.98,800.59,385.38
804.76,382.89,805.23,378.43
811.07,380.50,810.92,380.55
816.52,373.20,814.63,372.29
786.68,374.35,785.48,373.74
804.41,382.78,805.23,378.43
801.91,369.08,801.55,368.80
787.51,374.89,786.68,374.35
827.34,384.58,827.46,384.18
811.55,377.63,815.45,378.11
816.10,362.01,816.03,362.37
817.33,372.69,817.57,373.66
804.51,383.22,804.76,382.89
803.34,371.27,803.69,371.42
824.72,385.87,823.18,386.88
790.51,377.76,790.66,377.93
829.74,318.84,829.82,319.71
798.39,384.52,797.13,384.92
797.26,385.16,797.13,384.92
822.66,398.21,822.31,395.98
827.18,328.65,827.56,327.83
825.55,344.71,820.83,344.89
791.57,383.07,792.98,383.16
818.96,360.78,820.86,360.78
798.39,384.52,798.55,384.76
793.90,377.40,793.76,377.90
794.80,383.48,795.99,382.54
822.65,324.33,822.79,324.48
831.97,363.41,831.36,364.42
793.29,382.24,792.96,382.53
828.78,327.47,829.21,327.91
798.59,378.12,799.96,378.19
829.91,366.25,833.17,366.30
793.69,377.56,793.56,377.92
797.08,382.53,797.29,382.20
799.68,383.78,799.88,384.00
822.95,352.85,821.86,353.30
801.28,384.09,802.55,383.10
799.88,384.00,801.15,383.02
815.31,371.30,814.21,379.22
825.55,390.58,827.40,389.10
831.55,341.52,830.73,342.77
802.55,383.10,802.71,382.67
802.50,382.93,802.71,382.67
802.94,378.33,803.17,378.38
819.99,362.97,819.67,362.95
802.71,382.67,802.94,378.33
816.53,362.95,819.67,362.95
802.33,382.49,802.94,378.33
804.57,378.41,804.56,378.03
820.62,355.26,820.25,355.63
828.66,389.72,828.92,390.59
795.37,384.85,795.53,384.63
803.06,377.96,804.56,378.03
817.40,341.53,816.83,340.93
823.39,394.84,822.92,394.98
804.41,382.78,804.91,378.46
804.57,378.41,804.91,378.46
804.41,382.78,804.57,378.41
825.98,385.63,826.05,385.10
822.43,342.39,822.51,342.13
824.56,386.45,825.98,385.63
812.41,377.19,812.08,377.24
828.83,369.92,827.02,370.45
788.78,377.69,788.34,374.63
798.55,384.76,797.26,385.16
794.07,384.27,792.83,383.56
828.59,369.49,827.02,370.45
816.27,370.81,816.37,370.45
799.94,384.85,797.26,385.16
821.92,369.55,822.06,369.61
791.33,384.68,791.23,384.91
814.63,372.29,816.05,370.93
799.94,384.85,798.65,385.26
814.92,381.97,814.37,381.25
799.94,384.85,801.28,384.09
828.23,331.98,827.98,332.53
797.83,382.82,799.20,382.90
817.32,377.81,817.47,378.11
801.28,384.09,802.50,382.93
819.33,356.15,820.11,356.14
802.11,382.83,802.71,382.67
798.96,382.30,799.57,378.17
802.11,382.83,802.33,382.49
802.71,382.67,802.33,382.49
794.46,384.89,793.50,384.80
807.72,377.94,807.72,376.40
822.92,394.98,823.39,394.84
827.16,328.80,827.51,328.05
822.38,341.75,822.38,341.54
819.53,369.48,819.75,369.20
794.93,377.47,795.07,377.63
801.54,377.93,801.08,377.71
829.29,341.71,829.25,341.13
810.43,372.77,759.08,371.10
824.56,386.45,825.98,385.63
755.56,350.51,758.64,350.02
827.32,328.27,827.66,328.36
801.54,377.93,801.21,377.87
824.56,386.45,803.23,384.21
782.07,377.96,782.80,377.99
782.83,373.58,781.61,374.35
801.73,384.74,800.46,385.13
805.89,368.08,807.30,369.72
813.50,380.88,814.03,380.88
828.78,327.47,829.21,327.91
754.21,353.89,755.45,356.99
782.83,373.58,781.58,374.22
801.89,384.98,800.46,385.13
786.85,381.46,786.68,381.33
801.89,384.98,800.59,385.38
819.37,355.15,820.76,355.15
814.39,368.71,811.93,368.41
796.62,384.64,796.57,383.80
799.94,384.85,798.65,385.26
828.51,319.76,822.64,320.33
800.00,384.63,798.65,385.26
819.97,367.27,819.18,367.25
827.11,332.75,826.88,331.82
790.86,384.74,790.73,384.50
800.00,384.63,798.73,385.02
827.16,332.67,826.94,331.77
801.30,383.88,801.28,384.09
826.25,329.99,826.41,329.32
823.32,400.54,823.14,400.58
823.61,321.15,824.42,320.30
799.20,382.90,799.15,382.73
801.30,383.88,802.50,382.93
801.13,383.66,802.11,382.83
824.56,386.45,800.59,385.38
803.74,382.93,803.95,382.59
831.95,339.11,831.06,339.84
811.57,348.69,813.41,347.93
767.23,353.80,764.51,351.92
802.11,382.83,802.33,382.49
819.99,362.97,816.53,362.95
790.87,379.35,790.96,380.65
814.48,382.84,814.98,382.99
788.21,382.63,788.40,382.20
832.03,368.16,830.65,369.76
816.89,355.67,816.75,356.17
803.03,383.99,804.24,383.03
801.73,384.74,801.89,384.98
816.10,362.01,816.15,362.48
811.55,377.63,811.40,377.92
818.72,342.41,820.15,342.13
801.43,382.70,801.89,378.28
803.03,383.99,803.23,384.21
825.71,344.77,837.69,344.95
788.95,371.21,788.78,377.69
815.07,365.91,815.29,366.09
826.74,369.64,825.12,371.04
800.46,385.13,800.36,384.85
818.72,342.41,819.46,342.13
818.76,360.91,821.35,360.92
812.41,377.19,816.13,377.42
800.00,384.63,798.73,385.02
818.72,342.41,818.68,341.48
818.83,355.48,818.19,356.51
800.00,384.63,798.75,384.75
822.78,393.66,822.66,393.71
782.49,382.21,782.93,381.95
792.07,377.84,790.51,377.76
787.63,373.21,787.53,373.10
819.73,399.96,820.41,397.96
784.66,374.34,783.26,374.98
802.75,383.76,803.74,382.93
828.43,327.22,828.93,327.34
795.23,377.26,795.43,377.47
801.55,378.30,801.85,377.76
799.20,382.90,799.32,382.48
801.73,384.74,803.03,383.99
830.02,360.00,829.86,361.98
794.67,383.22,794.42,382.89
798.43,371.11,796.14,371.05
789.90,380.93,789.97,381.65
801.50,384.48,800.36,384.85
798.43,371.11,798.66,370.89
798.60,385.38,822.13,386.97
797.96,383.67,796.67,384.41
801.50,384.48,798.75,384.75
819.27,372.15,819.25,372.30
792.20,384.83,790.86,384.74
799.89,384.38,798.75,384.75
828.55,308.32,828.85,308.43
820.19,324.65,820.25,325.13
782.93,375.31,784.66,374.34
824.10,367.43,826.09,367.14
818.50,372.03,820.44,370.99
824.43,310.51,829.81,309.52
821.72,339.24,821.53,337.38
811.06,380.49,811.35,380.73
818.08,332.37,817.45,333.77
782.93,375.31,783.26,374.98
758.86,370.95,762.24,370.41
817.69,370.24,819.12,369.08
785.33,382.02,785.54,382.35
803.29,378.34,803.43,377.84
785.60,373.58,784.21,373.36
783.26,380.93,780.91,380.80
797.24,384.74,798.51,385.13
799.53,364.20,800.35,366.17
804.05,357.85,807.10,357.83
820.36,362.51,820.20,362.85
784.66,381.65,780.91,380.80
829.25,353.81,830.07,355.78
820.68,399.42,821.00,400.74
790.96,380.65,789.97,381.65
801.55,378.30,801.89,378.28
783.26,374.98,780.91,380.80
780.91,374.89,780.91,380.80
815.07,365.91,822.78,364.63
787.51,380.80,787.51,374.89
818.96,357.48,817.03,357.49
811.09,376.67,810.66,377.10
789.90,380.93,787.51,380.80
819.23,373.47,821.31,372.97
831.58,304.15,831.82,303.90
803.43,377.84,803.68,377.64
784.66,381.65,783.26,380.93
819.17,373.57,821.26,373.07
827.01,304.77,827.30,304.52
781.58,381.46,784.66,381.65
830.92,343.39,831.27,343.49
785.92,382.29,784.66,381.65
797.75,377.56,796.96,377.56
795.80,382.11,796.40,378.02
796.54,384.17,795.41,384.53
782.83,382.10,781.58,381.46
828.91,333.76,828.43,333.95
797.75,377.56,796.70,377.51
782.83,382.10,785.92,382.29
796.54,384.17,797.78,383.46
782.83,382.10,787.31,382.51
784.21,382.32,787.31,382.51
801.54,377.93,801.40,377.77
782.83,382.10,784.21,382.32
816.87,355.29,817.26,355.18
805.19,379.76,805.78,379.86
784.21,382.32,787.31,382.51
825.70,350.96,827.09,351.29
820.72,320.87,820.59,344.40
785.60,382.10,784.21,382.32
822.50,398.22,822.18,396.17
788.55,384.59,789.15,384.63
821.56,366.85,822.67,367.32
785.60,382.10,788.71,382.29
829.86,330.54,829.79,331.57
793.53,384.21,793.47,384.44
803.29,378.34,801.43,382.70
789.97,381.65,785.60,382.10
816.82,357.40,816.76,357.10
803.96,378.53,810.66,379.38
781.58,374.22,784.66,374.34
817.57,380.06,814.45,380.06
829.70,328.61,829.92,329.52
795.99,382.54,795.59,382.45
786.85,381.46,789.97,381.65
786.85,381.46,789.90,380.93
817.03,357.49,816.89,357.37
811.14,377.33,810.92,377.77
787.51,380.80,789.90,380.93
818.54,357.48,816.95,357.52
818.96,357.48,819.09,357.36
810.66,377.10,810.38,377.64
786.85,381.46,787.51,380.80
803.49,377.86,803.24,377.81
787.31,373.48,785.92,373.70
793.47,384.44,792.20,384.83
814.39,380.43,814.45,380.32
822.38,341.54,822.36,341.40
812.67,363.20,815.07,365.91
828.91,327.47,829.35,327.91
784.21,373.36,785.92,373.70
818.78,385.10,817.57,384.07
782.83,373.58,785.92,373.70
794.14,377.21,793.90,377.40
804.76,377.92,803.49,377.86
822.42,386.37,821.43,386.28
822.66,337.10,822.52,335.18
822.13,337.10,821.99,335.30
818.72,355.54,818.82,355.31
811.63,376.39,811.09,376.67
822.66,337.10,821.99,335.30
784.21,373.36,787.31,373.48
804.56,378.03,804.42,377.87
822.52,335.18,822.11,333.47
788.84,384.50,789.79,384.58
785.60,373.58,784.21,373.36
812.23,376.29,814.54,376.69
805.57,370.93,817.68,371.27
789.97,374.34,786.85,374.22
814.45,380.32,814.39,380.43
822.43,346.19,832.94,346.92
798.22,378.14,798.21,377.77
817.49,351.45,816.52,352.83
791.64,382.39,791.04,378.25
830.12,341.14,829.33,340.50
812.23,376.29,811.63,376.39
822.38,328.41,822.38,333.12
789.97,374.34,788.71,373.70
804.90,378.08,804.56,378.03
842.61,343.45,820.66,343.11
819.41,355.21,820.75,355.21
812.44,376.69,811.63,376.39
822.33,328.39,822.38,333.12
786.85,374.22,788.71,373.70
785.60,373.58,788.71,373.70
786.85,374.22,785.60,373.58
789.90,374.98,789.97,374.34
781.61,381.33,781.01,380.73
824.04,393.46,823.40,393.16
799.99,368.63,805.57,370.93
812.44,379.81,814.73,379.81
780.91,380.80,781.01,380.73
781.58,381.46,780.91,380.80
796.04,382.71,796.35,382.41
797.13,384.92,797.05,384.64
822.52,339.03,822.66,337.10
819.72,321.87,819.73,343.51
782.81,381.94,781.61,381.33
811.92,379.73,812.44,379.81
781.58,381.46,781.61,381.33
811.63,380.09,812.23,380.19
842.61,343.45,819.77,343.45
822.52,339.03,822.13,337.10
782.81,381.94,781.58,381.46
841.67,343.18,819.77,343.45
821.99,338.92,822.13,337.10
782.83,382.10,781.58,381.46
782.83,382.10,782.81,381.94
796.14,371.05,795.23,377.26
811.14,379.16,811.49,379.51
781.01,380.73,780.91,380.80
820.06,353.48,820.53,353.78
810.66,379.38,811.09,379.81
781.01,374.95,781.01,380.73
780.91,374.89,781.01,374.95
829.93,332.66,829.56,333.48
814.51,369.10,814.39,368.71
832.23,365.80,831.23,366.97
825.71,362.11,825.38,364.20
820.96,325.13,821.03,324.56
785.48,381.94,784.14,382.15
784.21,382.32,784.14,382.15
793.33,377.87,792.74,381.94
798.22,378.14,798.59,378.12
829.72,341.59,830.73,342.77
785.48,381.94,784.21,382.32
781.58,374.22,783.26,374.98
781.01,374.95,780.91,374.89
792.28,384.33,793.76,384.43
824.10,352.57,827.24,352.58
802.82,382.78,803.17,378.38
789.24,384.14,789.23,384.40
785.77,371.11,787.04,374.01
786.68,381.33,785.48,381.94
828.78,333.76,828.29,333.95
794.63,383.26,796.11,383.35
785.77,371.11,787.53,373.10
816.15,362.48,819.30,362.48
786.68,381.33,785.60,382.10
804.66,376.39,804.23,376.82
799.43,383.56,800.40,382.73
781.61,374.35,781.58,374.22
797.24,384.74,797.30,384.98
792.24,384.41,793.37,385.04
821.27,362.32,821.72,363.41
821.41,368.74,822.81,369.07
782.81,373.74,781.61,374.35
810.92,378.73,811.14,379.16
818.96,360.78,818.51,360.77
805.19,376.12,804.66,376.39
828.55,334.23,829.08,334.02
787.28,380.73,786.85,381.46
805.14,376.48,804.71,376.70
828.43,334.08,829.08,334.02
787.51,380.80,786.85,381.46
827.23,427.22,828.17,427.72
823.41,386.28,823.18,386.88
817.45,341.01,817.05,339.31
813.86,360.00,813.93,360.95
827.04,426.92,828.05,426.94
805.78,379.86,808.07,379.86
782.83,373.58,784.66,374.34
802.55,383.10,801.43,382.70
816.31,362.82,816.15,362.48
804.91,378.46,804.56,378.03
785.48,373.74,785.60,373.58
805.64,379.47,807.90,379.47
819.46,362.82,816.31,362.82
809.62,370.60,809.62,371.05
827.04,426.92,827.73,426.43
786.85,374.22,785.48,373.74
817.23,340.79,816.85,339.19
826.81,426.89,827.73,426.43
826.84,371.58,828.61,370.85
805.14,379.39,805.64,379.47
816.31,362.82,819.46,362.82
787.28,374.95,786.68,374.35
824.72,385.87,823.41,386.28
787.51,380.80,787.28,380.73
804.16,377.46,804.08,377.94
821.35,334.10,820.82,332.99
820.66,343.11,821.00,341.90
803.29,378.34,803.30,378.01
820.20,362.85,823.38,362.85
787.51,374.89,787.51,380.80
824.77,331.94,824.44,332.27
804.38,377.04,804.16,377.46
799.71,373.21,799.16,373.51
818.00,333.18,818.67,332.41
787.28,374.95,787.51,374.89
831.60,367.13,830.36,368.58
828.61,349.15,828.66,349.22
790.87,376.56,790.23,380.61
788.39,374.62,788.39,375.83
825.88,362.12,830.18,362.15
782.29,376.56,782.93,375.31
796.35,382.41,796.64,378.07
797.96,383.67,797.78,383.46
801.50,384.48,801.13,383.66
798.60,385.38,799.59,385.47
797.96,383.67,796.54,384.17
801.50,384.48,802.75,383.76
814.24,358.30,814.97,358.35
830.07,379.06,828.99,377.43
782.29,379.35,782.93,380.61
830.26,343.15,830.15,342.99
787.53,373.10,787.79,373.22
826.41,329.32,826.66,328.78
795.25,384.55,793.97,384.95
828.91,426.82,829.17,426.34
820.62,355.26,819.47,355.64
789.90,374.98,789.90,380.93
804.71,379.17,805.14,379.39
821.01,335.53,820.67,334.10
788.04,373.56,787.79,373.22
798.96,374.62,799.16,373.51
803.03,383.99,803.74,382.93
816.89,355.67,815.98,356.18
801.28,384.09,801.15,383.02
790.23,380.61,789.90,380.93
798.58,373.75,798.47,374.14
817.26,355.30,816.89,355.67
789.90,374.98,790.23,380.61
804.16,378.41,805.61,377.94
822.85,327.87,823.33,327.67
817.48,334.35,818.00,333.18
787.28,374.95,787.28,380.73
817.26,355.30,816.12,355.68
789.90,374.98,790.23,375.31
816.83,333.73,817.40,333.05
817.76,355.17,816.99,355.18
831.69,368.61,831.73,368.55
783.02,379.39,782.93,380.61
813.18,356.19,835.13,355.96
836.27,328.35,822.65,341.69
817.32,333.18,817.99,332.41
816.99,355.18,816.49,355.31
782.93,380.61,783.66,380.65
820.02,335.76,819.72,334.53
788.36,375.21,788.34,374.63
787.31,369.81,789.40,383.57
782.80,377.99,782.29,379.35
804.51,383.22,827.34,384.58
787.31,369.81,788.21,383.94
782.80,377.99,783.02,379.39
821.01,335.53,820.67,334.10
818.88,343.18,818.08,342.34
830.36,368.58,828.91,369.82
831.33,364.74,830.50,365.70
827.37,333.38,827.03,332.67
824.56,386.45,826.05,385.10
816.15,362.63,816.31,362.82
783.02,376.60,782.07,377.96
818.90,360.72,816.62,360.77
787.16,375.16,787.05,374.58
819.41,343.08,820.24,342.76
829.65,367.43,828.73,368.79
821.13,337.12,821.01,335.53
829.72,341.59,829.36,342.83
820.25,355.63,819.33,356.15
816.46,335.80,816.80,334.35
783.02,376.60,783.66,375.34
822.54,337.35,821.52,339.25
798.65,385.26,797.26,385.16
819.77,368.79,821.20,369.39
790.87,379.35,790.23,380.61
820.12,337.14,820.02,335.76
821.01,338.73,821.13,337.12
791.61,379.39,790.87,379.35
828.58,440.83,828.65,440.39
802.82,350.45,801.46,352.01
793.90,377.40,793.76,377.90
822.82,395.47,822.57,395.86
822.87,396.00,822.18,396.12
827.17,393.91,826.96,393.96
815.92,369.85,816.06,369.79
821.70,338.73,821.81,337.12
820.34,355.14,821.13,355.13
824.56,386.45,823.18,386.88
791.09,377.96,791.61,379.39
822.51,342.13,822.54,337.35
798.55,384.76,799.88,384.00
805.64,379.47,807.90,379.47
791.83,377.99,791.61,379.39
815.49,371.68,815.32,371.13
799.94,384.85,798.55,384.76
790.87,376.56,791.09,377.96
817.03,337.39,817.14,335.80
794.78,369.82,794.14,377.21
791.83,377.99,791.09,377.96
816.35,337.39,816.46,335.80
817.25,357.09,817.25,355.23
799.30,373.52,799.10,374.01
790.87,376.56,791.83,377.99
782.29,376.56,782.07,377.96
816.53,362.95,816.31,362.82
791.61,376.60,791.83,377.99
821.01,338.73,821.13,337.12
825.53,371.54,827.29,370.81
820.67,340.19,821.01,338.73
798.98,375.16,798.99,374.58
810.54,363.62,810.96,365.51
827.78,303.00,827.80,302.72
820.20,362.85,819.94,362.66
799.32,382.48,799.81,378.22
803.95,382.59,804.41,382.78
807.91,369.66,809.54,371.05
799.07,375.66,798.98,375.16
821.29,401.12,822.34,400.57
817.47,378.76,817.52,378.43
799.69,377.80,801.21,377.87
813.41,378.57,817.52,378.43
803.23,384.21,825.98,385.63
817.09,379.30,817.32,379.06
801.89,384.98,803.23,384.21
815.98,356.18,815.98,361.99
813.02,379.10,813.26,378.87
824.56,386.45,801.89,384.98
791.66,370.93,803.34,371.27
816.10,356.21,816.10,362.01
816.79,379.45,817.09,379.30
812.73,379.25,817.09,379.30
822.37,342.36,821.71,341.01
820.13,341.36,820.67,340.19
816.12,355.68,815.98,356.18
803.03,383.99,804.51,383.22
812.73,379.25,813.02,379.10
827.30,350.64,828.73,351.23
800.59,385.38,800.46,385.13
816.21,355.79,816.10,356.21
822.78,393.66,821.82,395.72
816.46,379.50,816.79,379.45
812.41,379.30,816.79,379.45
817.48,340.38,817.14,338.97
781.01,374.95,781.01,380.73
798.73,385.02,798.65,385.26
816.09,338.74,816.35,337.39
785.26,370.75,783.36,370.69
816.46,338.97,816.35,337.39
799.94,384.85,801.28,384.09
820.11,356.14,820.11,362.01
815.83,379.30,816.13,379.45
820.13,341.36,820.67,340.19
820.42,366.57,819.28,367.91
818.35,355.24,817.03,355.18
788.41,370.84,785.26,370.75
812.08,379.25,816.13,379.45
787.28,380.73,786.68,381.33
819.46,342.13,820.13,341.36
802.50,382.93,802.11,382.83
823.60,362.04,823.54,362.51
784.14,377.84,784.14,373.53
815.45,378.76,815.60,379.06
820.42,362.04,820.36,362.51
810.95,371.38,814.51,369.10
820.76,355.15,819.19,355.16
787.28,374.95,787.28,380.73
811.40,378.57,811.55,378.87
802.33,382.49,803.95,382.59
815.39,378.43,815.45,378.76
816.92,355.38,816.50,355.50
811.35,378.25,815.45,378.76
797.26,385.16,797.66,385.34
803.23,384.21,801.89,384.98
785.77,371.11,787.25,377.61
815.98,361.99,816.03,362.37
815.60,377.81,815.45,378.11
815.11,366.34,814.68,368.54
828.13,368.02,826.74,369.64
822.40,324.66,822.22,327.63
801.73,384.74,803.03,383.99
815.83,377.57,815.60,377.81
829.97,431.54,829.85,430.76
811.55,377.63,815.60,377.81
826.97,332.93,826.62,332.40
812.08,377.24,815.83,377.57
798.75,384.75,798.73,385.02
815.30,378.26,812.20,377.86
817.62,356.34,817.13,357.51
813.36,380.62,813.30,380.67
819.26,333.57,818.68,332.97
799.89,384.38,800.00,384.63
819.31,355.18,821.35,355.14
816.79,377.42,816.46,377.37
819.98,324.65,820.05,324.08
816.10,355.84,815.54,357.17
817.40,333.05,818.04,332.79
801.13,383.66,799.89,384.38
812.73,377.24,812.41,377.19
820.19,324.65,820.25,324.15
801.30,383.88,801.13,383.66
831.27,326.60,831.27,335.94
817.09,377.57,816.79,377.42
820.87,325.44,820.64,325.59
812.41,378.25,812.44,376.69
817.32,377.81,817.09,377.57
829.33,341.77,829.28,341.13
826.95,325.32,829.07,324.43
813.26,377.63,817.09,377.57
793.55,377.69,792.27,377.64
788.55,384.59,787.58,384.67
812.41,378.25,812.44,379.81
801.85,377.76,801.89,378.28
801.54,377.93,801.85,377.76
816.76,355.56,816.87,355.29
813.41,377.92,817.47,378.11
793.80,377.92,793.55,377.69
788.19,375.73,788.39,375.83
819.01,355.26,818.81,355.27
814.73,379.81,814.54,378.25
820.96,325.13,821.10,324.57
812.44,379.81,814.73,379.81
829.86,361.98,830.56,364.22
831.30,304.47,831.58,304.15
822.59,356.08,821.97,356.50
816.38,339.97,816.09,338.74
799.89,384.38,801.13,383.66
786.35,383.60,785.10,382.63
813.52,381.60,813.38,381.00
821.00,400.74,821.49,401.81
805.61,377.94,807.72,376.40
816.35,337.39,816.46,335.80
788.58,373.51,788.75,373.78
804.38,378.84,804.71,379.17
808.07,379.86,814.56,380.19
816.92,384.58,818.78,385.10
811.93,368.41,812.03,368.26
828.91,425.92,829.62,425.15
815.43,373.49,817.57,373.66
783.26,374.98,780.91,374.89
812.36,362.45,812.74,363.24
810.38,377.64,810.28,378.24
788.39,374.62,788.58,373.51
794.93,377.47,793.87,377.42
812.22,362.29,812.74,363.24
819.15,355.21,819.19,355.16
803.96,377.35,810.28,378.24
803.96,377.35,810.38,377.64
811.63,376.39,811.09,376.67
805.78,376.03,812.23,376.29
804.23,379.07,811.09,379.81
795.46,377.98,794.59,382.20
796.96,377.56,796.77,377.70
801.43,382.70,801.89,378.28
802.82,382.78,801.43,382.70
803.96,378.53,810.38,378.84
826.90,332.69,827.32,333.02
810.85,378.25,810.92,377.77
828.91,308.01,828.85,308.43
820.41,325.48,820.25,325.13
783.66,375.34,784.66,374.34
816.50,355.50,816.92,355.38
804.90,378.08,804.42,377.87
842.61,343.45,819.77,343.45
818.67,371.74,818.50,371.18
817.05,335.51,817.45,333.77
812.23,376.29,814.37,376.29
818.96,360.78,816.62,360.77
810.92,378.73,810.66,379.38
801.43,382.70,802.82,382.78
810.38,378.84,810.28,378.24
814.08,380.86,814.40,381.22
764.51,368.07,763.08,366.10
762.61,355.85,768.19,355.78
822.76,398.19,823.14,400.58
804.08,377.94,803.96,377.35
820.15,348.24,820.42,349.25
804.91,378.46,805.23,378.43
821.47,342.19,822.11,340.79
784.21,373.36,782.83,373.58
818.74,357.07,818.67,357.36
820.83,355.32,820.75,355.21
805.14,376.48,804.71,376.70
819.41,342.41,818.72,342.41
817.40,333.05,818.72,332.10
818.08,342.34,817.45,341.01
803.96,378.53,804.23,379.07
827.44,381.99,827.03,383.20
827.18,332.84,826.88,331.82
764.72,360.00,764.47,358.41
788.95,371.21,788.23,374.05
819.41,343.08,820.24,342.76
826.85,389.87,825.81,390.83
826.64,305.26,827.06,304.89
826.10,381.52,827.49,382.51
787.25,377.61,787.05,374.58
820.19,348.07,820.15,348.24
789.79,384.58,789.74,384.30
816.08,364.17,816.83,365.40
788.27,375.70,788.36,375.21
813.13,381.52,812.91,381.17
820.41,397.96,820.51,396.48
823.18,386.88,822.13,386.97
788.71,382.29,784.21,382.32
788.78,377.69,788.36,375.21
817.14,335.80,817.48,334.35
831.34,440.43,831.22,439.64
783.66,375.34,782.93,375.31
787.35,375.66,787.16,375.16
827.55,417.12,827.94,416.80
823.65,310.29,823.74,309.96
799.43,383.56,798.75,382.63
801.66,371.21,800.05,373.22
823.60,402.09,822.79,402.80
823.00,309.18,822.91,309.04
801.66,371.21,800.23,373.56
816.09,338.74,816.46,338.97
789.90,374.98,787.51,374.89
801.66,371.21,800.32,374.06
821.35,360.92,821.35,355.14
813.26,377.63,817.32,377.81
827.34,409.41,823.62,409.97
798.43,371.11,799.10,374.01
794.14,377.21,794.78,369.82
810.66,379.38,811.09,379.81
826.96,320.08,826.65,319.82
798.43,371.11,799.81,373.10
788.31,375.61,788.75,375.49
829.99,309.23,829.77,308.94
796.11,383.35,795.59,382.45
798.55,377.61,798.98,375.16
798.55,377.61,799.49,376.12
798.55,377.61,799.25,376.00
793.41,383.97,794.63,383.26
815.36,371.02,815.88,367.34
798.55,377.61,799.07,375.66
836.85,355.75,814.75,355.97
788.39,375.16,788.86,375.10
800.10,377.69,800.00,375.70
827.02,349.55,828.59,350.51
817.24,371.65,817.45,371.42
793.80,377.92,804.19,371.65
805.61,377.94,804.71,379.17
821.70,335.53,821.35,334.10
816.12,355.68,816.89,355.67
790.23,375.31,790.23,380.61
822.88,327.80,823.36,327.60
785.77,371.11,785.68,377.54
787.91,374.14,787.87,374.60
785.88,377.34,785.68,377.54
762.24,370.41,765.30,368.86
815.25,379.77,814.74,379.81
825.20,369.79,825.79,369.75
788.39,374.62,788.86,375.10
813.26,378.87,817.32,379.06
792.82,382.67,792.50,382.78
827.13,331.87,826.86,330.77
788.39,374.62,787.91,375.06
788.39,374.62,788.75,373.78
818.54,357.48,818.67,357.36
803.96,377.35,803.87,377.94
810.36,380.59,810.92,380.55
788.39,374.62,787.91,374.14
798.55,384.76,797.13,384.92
830.84,339.39,830.89,339.93
805.78,376.03,805.19,376.12
820.86,360.78,820.83,355.32
804.66,379.49,805.19,379.76
826.55,427.58,826.88,427.56
827.34,384.58,804.76,382.89
787.51,374.89,787.28,374.95
787.31,369.81,784.02,382.87
815.29,366.09,847.43,366.39
782.93,381.95,782.82,382.49
829.39,327.80,829.70,328.61
763.74,363.01,764.47,361.58
796.81,378.04,796.35,382.41
829.96,339.14,830.15,339.19
780.91,374.89,783.26,374.98
816.76,355.56,816.87,355.29
817.45,358.80,817.85,358.82
804.66,379.49,805.19,379.76
835.71,336.33,824.05,336.99
828.47,445.37,829.46,445.87
781.17,369.80,782.63,377.90
828.40,444.58,833.27,442.19
781.94,369.82,782.86,377.21
829.28,341.13,829.33,340.50
820.50,323.48,820.76,323.61
820.83,344.89,820.59,344.40
822.42,370.74,817.57,384.07
818.42,355.35,818.41,355.18
804.38,378.84,804.71,379.17
829.28,341.13,829.29,340.54
786.68,381.33,785.48,381.94
822.42,370.74,816.29,370.74
816.80,334.35,817.48,334.35
233.50,461.38,394.29,368.27
822.42,370.74,817.57,384.07
822.07,396.18,822.32,395.79
829.69,342.78,829.47,342.33
790.60,382.87,789.40,383.57
789.97,374.34,787.51,374.89
819.37,355.15,819.19,355.16
822.42,370.74,821.43,386.28
820.89,325.39,820.41,325.48
836.07,327.87,823.33,327.67
822.42,370.74,820.12,385.87
791.93,384.70,792.02,384.95
788.21,383.94,787.31,384.01
823.41,386.28,822.42,386.37
829.79,331.57,829.56,332.50
809.99,379.21,809.98,379.91
798.12,382.51,797.73,382.39
830.57,339.11,830.68,339.52
781.61,381.33,780.91,380.80
812.23,380.19,814.56,380.19
798.93,370.75,799.62,368.80
830.68,342.60,830.84,342.73
822.56,327.90,822.98,327.73
797.20,377.34,796.95,377.54
762.07,355.78,763.52,355.04
817.57,380.32,814.45,380.32
818.84,371.68,818.67,371.13
798.96,374.62,798.96,375.83
807.91,369.73,812.65,371.23
783.40,370.83,783.53,371.05
798.96,374.62,798.75,375.73
788.92,384.74,790.25,384.83
827.29,349.19,827.02,349.55
798.96,374.62,799.33,373.78
830.22,363.13,830.33,363.13
799.53,364.20,803.29,363.13
819.08,355.31,819.37,355.15
818.98,355.54,818.90,355.53
818.51,355.33,818.41,355.18
788.27,375.70,788.09,376.02
830.36,363.13,830.33,363.13
787.31,369.81,791.69,381.95
817.44,357.49,818.96,357.48
800.32,374.06,800.23,373.56
821.01,338.73,821.81,337.12
804.08,377.94,804.16,377.46
794.00,369.80,793.76,377.90
822.42,370.74,828.55,370.74
817.32,379.06,817.47,378.76
819.72,343.36,819.73,343.51
815.99,337.37,816.46,335.80
816.62,360.77,816.56,360.71
822.42,370.74,827.27,384.07
824.72,385.87,823.41,386.28
822.42,370.74,823.41,386.28
824.44,412.44,825.12,412.92
799.75,376.02,800.00,375.70
784.14,377.84,781.61,381.33
800.84,369.07,801.50,369.48
820.13,341.36,821.35,340.19
814.41,357.62,814.64,357.54
784.14,377.84,781.01,380.73
782.06,368.80,783.36,370.69
821.13,355.13,820.83,355.45
819.72,343.36,819.73,343.51
814.47,379.24,814.45,380.06
819.19,355.16,817.26,355.18
785.26,370.75,782.06,368.80
819.41,331.43,820.66,331.31
820.13,341.36,819.72,339.80
788.41,370.84,782.07,368.63
782.81,373.74,781.61,374.35
821.72,335.50,822.06,333.85
835.13,355.96,822.78,361.37
784.14,377.84,786.68,381.33
826.20,330.73,826.25,329.99
799.32,382.48,798.96,382.30
784.14,373.53,782.81,373.74
817.31,357.37,817.25,357.09
784.17,377.47,783.53,371.05
785.48,373.74,784.14,373.53
820.66,331.31,819.77,331.07
817.32,341.49,816.80,340.38
828.83,320.03,828.94,320.17
823.60,362.04,820.36,362.51
784.14,377.84,787.28,380.73
787.01,377.40,787.25,377.61
790.87,379.35,791.09,377.96
793.37,385.04,793.50,384.80
797.24,384.74,795.96,384.21
830.67,325.75,830.77,325.59
820.08,368.18,821.41,368.74
782.07,377.96,782.29,379.35
782.83,373.58,781.58,374.22
836.45,342.16,822.43,342.39
782.29,376.56,782.07,377.96
825.88,357.87,829.95,356.87
819.41,332.10,820.15,332.30
816.52,346.80,816.63,346.87
822.92,394.98,822.56,395.55
823.37,395.06,824.04,393.46
822.85,342.17,823.33,342.37
822.51,342.13,822.43,342.39
825.39,401.60,825.83,400.69
812.41,378.25,810.85,378.25
818.68,332.97,819.46,332.30
829.66,376.49,829.29,376.85
830.56,355.78,829.40,356.08
812.41,378.25,811.92,376.77
817.99,332.41,818.67,332.41
821.31,347.02,823.29,347.84
822.83,350.96,822.31,352.33
818.04,332.79,818.72,332.10
820.44,349.00,825.09,348.88
812.41,378.25,811.49,379.51
792.22,371.30,793.55,377.69
788.16,382.82,788.21,382.63
805.61,377.94,804.08,377.94
805.61,377.94,805.14,376.48
816.05,370.93,817.83,371.67
788.75,373.78,788.86,374.18
818.88,331.43,819.77,331.07
805.61,377.94,805.64,379.47
813.41,377.92,813.46,378.25
805.61,377.94,805.14,379.39
756.31,367.18,758.64,367.55
821.72,339.24,821.58,337.38
818.08,332.37,821.71,333.77
794.15,382.02,793.94,382.35
829.07,388.69,828.24,388.85
817.45,333.77,821.71,333.77
829.65,388.90,828.43,389.14
817.05,335.51,821.30,335.51
829.65,388.90,829.07,388.69
800.10,352.49,798.29,356.05
821.16,337.42,817.05,335.51
831.40,391.30,830.83,390.22
821.30,339.31,821.16,337.42
831.27,335.94,831.13,335.79
821.30,339.31,816.91,337.42
828.97,426.40,828.91,426.82
804.80,361.98,805.26,363.92
821.34,354.92,822.01,356.54
815.24,382.89,815.22,382.76
806.59,347.92,802.93,349.67
817.05,339.31,816.91,337.42
805.26,363.92,806.03,365.76
822.85,342.56,822.77,342.68
817.05,339.31,821.30,339.31
822.78,361.37,815.34,359.64
821.71,341.01,817.05,339.31
817.45,341.01,817.05,339.31
822.12,333.79,822.36,333.26
821.71,341.01,817.45,341.01
794.49,384.61,793.50,384.80
787.31,384.01,786.41,383.94
812.41,378.25,811.14,377.33
827.98,332.53,829.21,333.26
818.08,342.34,821.71,341.01
831.58,304.15,831.82,303.90
824.84,402.17,824.08,401.98
822.63,320.93,830.47,323.64
829.01,348.83,828.83,350.07
836.68,332.22,822.49,332.23
830.93,351.17,830.79,351.17
798.95,374.59,799.06,374.06
821.10,324.57,821.04,325.06
822.58,332.49,822.49,332.23
823.30,352.06,823.45,352.01
818.07,348.84,819.86,348.42
824.44,332.27,824.39,344.33
822.58,332.49,821.92,333.87
821.52,335.56,821.92,333.87
828.79,351.91,832.03,351.84
821.71,333.77,821.92,333.87
804.91,368.79,802.50,366.39
821.52,335.56,821.71,333.77
821.30,335.51,821.71,333.77
815.98,361.99,815.98,356.18
831.64,425.53,832.02,424.02
758.01,355.12,759.59,354.87
811.22,371.31,807.72,370.75
821.38,337.41,821.52,335.56
794.56,382.78,794.91,382.59
789.60,382.48,789.10,378.22
821.30,335.51,821.52,335.56
811.22,371.31,807.94,370.34
821.38,337.41,821.30,335.51
819.88,348.01,821.78,347.86
814.41,357.62,813.18,356.19
820.41,323.78,820.25,324.15
830.07,379.06,829.66,381.59
821.16,337.42,821.30,335.51
824.62,344.34,824.62,332.28
819.68,369.07,819.75,369.20
821.52,339.25,821.38,337.41
797.35,384.48,796.89,384.75
821.16,337.42,821.38,337.41
835.60,344.34,824.62,344.34
821.30,339.31,821.16,337.42
781.94,369.82,783.41,369.89
812.22,362.29,814.21,360.44
822.51,342.13,821.92,340.90
830.89,339.93,831.06,339.84
811.02,379.21,810.94,380.06
828.40,435.74,828.59,436.04
822.37,342.36,821.71,341.01
822.37,342.36,818.08,342.34
821.00,332.44,821.47,332.13
794.61,377.42,795.07,377.63
827.92,333.95,828.43,334.08
807.94,370.34,804.91,368.79
818.88,343.18,822.37,342.36
825.72,397.11,824.86,397.16
822.43,342.39,822.37,342.36
822.54,337.35,822.51,342.13
836.45,342.16,822.51,342.13
828.46,367.19,828.54,366.85
821.99,341.91,820.72,320.87
787.18,374.06,787.04,374.01
822.40,324.66,822.40,320.87
782.46,368.25,782.07,368.63
821.17,393.46,819.09,396.34
787.51,377.56,786.16,377.56
824.33,400.76,823.91,401.20
825.07,321.38,826.95,325.32
782.63,377.90,783.09,382.24
799.88,384.00,801.28,384.09
823.17,372.10,824.08,370.22
791.09,377.96,790.87,379.35
821.99,328.18,820.72,320.87
822.77,327.40,835.39,327.40
822.76,398.19,822.54,395.64
827.29,349.19,828.91,350.18
817.35,370.42,817.24,371.65
819.23,346.53,821.31,347.02
804.47,349.00,802.84,350.39
826.20,330.73,826.26,330.06
837.43,344.44,822.77,342.68
825.03,369.13,824.08,369.20
817.40,341.53,817.32,341.49
822.36,327.72,822.85,327.87
811.30,349.13,811.22,348.69
807.07,367.46,807.45,369.64
823.33,327.67,822.85,327.87
807.72,349.25,811.30,349.13
822.85,327.52,822.36,327.72
822.85,327.52,823.33,327.67
823.60,362.04,823.60,355.34
807.94,349.66,807.72,349.25
835.58,327.67,823.33,327.67
817.99,342.19,818.04,341.72
831.27,355.48,830.59,354.68
835.58,327.67,822.85,327.52
806.28,372.11,808.25,372.92
790.86,384.74,791.23,384.91
790.23,375.31,790.87,376.56
799.41,375.99,799.19,375.88
818.85,371.86,819.27,372.15
828.03,302.64,827.80,302.72
822.65,328.35,822.85,327.87
823.26,400.80,822.97,401.14
799.41,375.99,799.25,376.00
818.85,371.86,818.84,371.68
826.94,329.66,827.18,328.65
793.44,383.60,794.79,383.68
822.65,328.35,822.36,327.72
817.69,370.24,816.09,370.24
799.49,376.12,799.25,376.00
822.31,395.98,822.38,395.81
785.33,382.02,785.15,382.45
822.16,328.22,822.36,327.72
804.04,363.13,803.60,363.13
823.33,342.37,835.58,342.37
812.21,381.10,812.07,381.13
817.76,360.00,820.91,360.00
822.85,342.56,823.33,342.37
821.00,358.83,820.91,360.00
828.59,369.49,827.02,370.45
830.15,341.09,830.89,339.93
829.78,431.54,829.59,431.24
822.36,342.36,822.85,342.17
826.04,360.00,830.35,360.00
822.65,341.69,822.36,342.36
831.27,326.60,830.77,325.59
822.16,341.86,822.36,342.36
826.04,360.00,830.18,357.85
822.65,341.69,822.65,328.35
822.16,328.22,822.65,328.35
822.65,341.69,822.16,328.22
822.65,341.69,822.16,341.86
782.67,377.40,782.86,377.21
822.36,327.72,822.77,327.40
819.46,342.13,820.13,341.36
812.08,379.25,816.46,379.50
816.92,355.38,816.99,355.18
811.35,378.25,815.39,378.43
826.19,395.43,825.87,397.13
786.03,377.70,786.35,377.66
817.25,357.09,816.93,355.33
749.15,356.91,752.54,355.56
822.16,328.22,822.36,327.72
830.84,339.39,831.06,339.84
828.54,337.57,831.27,335.94
830.45,362.13,829.97,362.15
804.58,364.22,804.55,364.25
822.77,342.68,835.39,342.69
827.37,332.86,827.13,331.87
814.86,346.42,817.01,346.25
798.86,360.00,798.86,360.00
812.11,377.75,812.48,377.90
822.85,342.56,835.39,342.56
824.05,336.99,835.71,344.31
822.36,342.36,822.85,342.56
821.99,341.91,822.36,342.36
828.64,354.24,829.40,356.08
828.38,337.97,825.85,344.39
822.16,341.86,822.36,342.36
822.16,341.86,822.16,328.22
822.65,341.69,822.85,342.17
831.73,368.55,830.28,369.79
785.60,382.10,784.21,382.32
822.65,328.35,822.65,341.69
823.00,309.18,823.01,319.51
819.73,321.73,820.59,344.40
824.42,320.30,829.82,319.71
818.88,343.18,822.43,342.39
798.22,378.14,798.59,378.12
817.73,380.07,817.57,380.06
793.41,383.97,793.53,384.21
826.86,330.76,826.94,329.74
829.47,318.84,829.74,318.84
823.54,347.88,825.41,348.33
822.43,342.39,836.61,342.40
764.47,361.58,764.72,360.00
829.75,328.53,829.92,329.52
819.72,343.36,819.98,324.65
799.53,355.80,803.94,355.75
816.17,350.43,817.61,351.31
797.73,382.39,797.90,378.09
826.14,414.57,826.02,415.32
819.41,332.10,819.46,332.30
798.96,374.62,799.33,375.49
818.72,332.10,819.46,332.30
820.24,342.76,821.00,341.90
804.99,377.69,805.00,371.30
820.13,332.99,819.46,332.30
818.67,332.41,819.41,332.10
798.96,374.62,799.45,375.10
825.87,360.00,826.04,360.00
818.72,332.10,819.41,332.10
817.99,332.41,818.72,332.10
824.20,345.15,824.56,345.32
763.52,355.04,765.13,354.79
818.72,332.10,819.46,332.30
799.45,375.10,799.33,375.49
820.86,355.30,820.83,355.32
805.14,379.39,805.19,379.76
804.66,379.49,805.14,379.39
820.13,332.99,818.68,332.97
829.54,366.53,828.46,367.19
820.82,332.99,820.13,332.99
798.58,373.75,798.75,373.50
817.47,378.11,813.46,378.25
817.47,378.11,817.52,378.43
798.58,373.75,798.96,374.62
817.48,334.35,817.32,333.18
821.01,335.53,819.72,334.53
821.13,337.12,821.70,335.53
810.95,371.38,811.37,368.39
826.65,319.82,819.73,321.73
817.14,335.80,816.80,334.35
810.90,347.84,810.77,347.75
811.24,354.67,810.54,356.37
800.33,366.13,800.35,366.17
821.13,337.12,820.02,335.76
804.71,376.70,804.38,377.04
817.36,360.00,817.76,360.00
813.40,368.29,814.80,369.49
785.77,371.11,787.12,373.52
816.45,385.75,823.95,389.36
794.78,369.82,794.00,369.80
817.03,337.39,816.46,335.80
825.02,415.24,825.70,415.76
822.88,361.88,824.19,362.08
817.83,371.67,819.86,371.58
821.01,338.73,820.12,337.14
800.20,375.21,800.31,374.63
820.02,338.53,820.12,337.14
831.25,341.51,829.72,341.59
821.35,340.19,821.70,338.73
822.70,404.74,823.66,404.49
814.02,380.85,814.06,380.42
822.04,393.57,821.92,393.47
827.78,303.00,827.84,302.88
827.34,384.58,827.27,384.07
819.41,342.41,818.67,342.19
820.67,340.19,821.70,338.73
814.39,368.71,814.89,366.17
804.05,362.15,804.55,364.25
818.08,342.34,817.45,341.01
819.72,339.80,820.02,338.53
822.22,342.46,822.85,342.56
819.70,346.51,819.80,346.40
817.48,340.38,816.46,338.97
806.06,368.02,807.30,369.72
821.99,328.18,822.16,328.22
821.25,347.93,823.09,348.69
816.80,340.38,816.46,338.97
782.07,368.63,782.06,368.80
816.09,338.74,815.99,337.37
815.47,359.15,814.97,359.95
835.58,342.37,823.33,342.37
822.06,350.39,826.73,350.28
829.95,363.13,830.36,363.13
824.72,385.87,826.05,385.10
819.26,340.81,819.72,339.80
803.23,384.21,827.34,384.58
811.55,378.87,815.60,379.06
818.00,341.49,817.48,340.38
829.55,383.42,832.54,383.56
787.63,373.21,788.58,373.51
784.14,382.15,782.81,381.94
795.37,384.85,796.67,385.26
784.14,382.15,782.81,381.94
783.26,380.93,783.26,374.98
784.14,382.15,782.83,382.10
819.46,342.13,819.26,340.81
818.68,341.48,819.26,340.81
795.42,384.80,795.33,385.04
801.73,384.74,803.23,384.21
819.41,342.41,820.15,342.13
822.68,328.36,822.88,327.80
788.78,377.69,787.25,377.61
798.65,385.26,797.66,385.34
818.72,342.41,819.46,342.13
817.32,341.49,816.80,340.38
815.47,359.15,815.28,360.44
822.85,327.87,836.07,327.87
818.04,341.72,818.68,341.48
814.51,379.10,811.11,379.55
827.02,400.61,827.11,398.28
784.85,383.29,783.67,382.36
787.25,377.61,787.04,374.01
820.86,355.30,818.51,360.77
804.23,376.82,803.96,377.35
830.28,430.88,831.03,431.68
785.60,382.10,785.48,381.94
809.87,379.24,809.88,379.84
818.04,337.26,816.38,334.74
823.13,369.13,824.08,369.20
819.41,342.41,817.99,342.19
787.28,380.73,787.51,380.80
784.14,373.53,784.21,373.36
819.41,337.26,817.23,340.79
823.30,369.79,823.13,370.14
836.48,337.35,822.58,332.49
825.79,369.75,825.20,369.79
819.77,331.07,820.66,331.31
805.19,379.76,805.78,379.86
826.84,371.58,827.29,370.81
804.41,382.78,804.91,378.46
786.68,374.35,786.85,374.22
819.41,331.43,820.24,331.66
788.19,384.71,788.29,384.48
793.07,382.11,792.91,382.36
827.66,328.36,827.98,328.68
798.12,382.51,798.59,378.12
822.33,333.12,822.33,328.39
823.32,308.41,826.63,307.27
829.29,340.54,829.33,340.50
843.55,331.31,819.77,331.07
825.69,369.07,827.29,367.67
820.24,342.76,821.00,341.90
787.28,374.95,787.51,380.80
822.36,333.26,835.50,333.79
822.11,333.47,821.47,332.13
827.56,333.61,827.18,332.84
796.40,378.02,797.90,378.09
804.76,377.92,803.68,377.64
822.11,333.47,821.00,332.44
817.85,358.82,821.00,358.83
817.24,371.65,805.00,371.30
821.61,333.69,821.00,332.44
815.31,371.30,815.92,367.02
823.10,397.97,822.72,395.59
817.13,362.49,817.45,361.20
805.29,371.08,817.24,371.65
828.96,348.77,827.16,347.70
821.47,332.13,820.66,331.31
817.45,371.42,817.24,371.65
827.18,342.91,835.74,342.91
805.61,377.94,805.64,376.40
817.45,371.42,805.29,371.08
827.38,350.26,828.96,348.77
818.08,332.37,818.88,331.43
798.07,377.61,798.21,377.77
817.82,332.65,818.88,331.43
818.57,331.78,818.88,331.43
823.48,400.36,823.06,397.96
799.62,368.80,799.23,368.42
821.61,333.69,822.11,333.47
820.66,396.52,822.56,395.50
824.51,405.09,825.48,404.12
798.60,385.38,821.08,386.88
822.52,335.18,821.61,333.69
815.31,370.97,815.83,367.25
817.82,332.65,818.08,332.37
816.80,334.35,817.32,333.18
821.73,408.58,822.01,409.33
841.67,331.43,818.88,331.43
822.49,332.23,818.88,331.43
822.68,337.31,821.66,339.21
824.05,343.33,819.72,343.36
830.55,417.55,830.23,417.05
830.46,435.99,830.98,436.50
819.41,337.26,818.57,342.83
809.58,351.84,811.14,350.24
788.39,374.62,788.58,375.74
823.44,401.32,822.67,400.33
827.37,332.86,826.94,331.87
815.07,357.85,822.78,361.37
821.66,335.53,822.06,333.85
804.80,369.05,806.30,369.96
788.39,374.62,788.75,375.49
819.28,352.09,820.42,353.42
806.28,372.11,810.77,372.25
816.85,335.61,817.45,333.77
816.85,335.61,817.23,333.98
822.13,337.10,822.66,337.10
798.19,384.27,797.05,384.64
796.15,382.29,796.64,378.07
799.43,383.56,799.68,383.78
821.31,323.82,821.10,323.72
813.42,381.77,814.15,382.30
829.75,320.41,828.94,319.70
826.73,330.76,826.81,329.74
794.63,383.26,793.41,383.97
818.67,371.74,818.68,371.89
821.35,360.92,819.33,360.92
827.44,381.99,827.88,382.16
827.18,332.84,826.94,331.87
796.15,382.29,795.80,382.11
788.39,374.62,787.87,374.60
798.19,384.27,799.43,383.56
820.87,323.74,820.64,323.62
780.91,374.89,780.91,380.80
816.72,337.41,817.05,335.51
813.62,379.07,813.42,379.00
816.75,356.17,816.75,360.91
816.85,335.61,817.05,335.51
822.11,340.79,821.99,338.92
803.29,378.34,803.17,378.38
817.45,333.77,818.08,332.37
821.61,340.58,821.99,338.92
823.72,401.32,823.44,401.32
798.95,374.59,799.10,374.01
825.34,418.86,825.21,418.83
790.66,377.93,790.48,377.77
794.00,384.76,795.29,385.16
821.10,324.57,821.46,325.02
822.58,332.49,836.68,332.22
795.12,382.93,794.91,382.59
824.05,343.33,819.73,343.51
814.06,380.42,814.02,379.99
797.78,383.46,798.75,382.63
822.88,361.88,822.88,364.15
817.73,362.38,818.12,362.32
825.07,321.38,820.96,324.00
822.51,342.13,821.71,341.01
814.98,382.85,815.30,382.51
827.66,332.88,827.32,333.02
831.73,307.43,827.96,307.43
829.99,309.23,832.10,307.09
816.85,339.19,816.91,337.42
822.65,324.33,822.63,320.93
813.93,381.23,814.02,380.85
792.89,384.78,791.93,384.70
816.72,337.41,816.91,337.42
824.80,351.94,825.05,352.31
827.23,428.11,827.72,428.90
821.00,341.90,821.61,340.58
818.57,331.78,819.77,331.07
817.23,340.79,817.05,339.31
819.68,369.07,819.75,369.20
821.47,342.19,822.11,340.79
829.25,341.13,829.28,341.13
804.16,378.41,804.08,377.94
815.47,359.15,815.10,360.25
814.51,372.36,816.52,373.20
829.34,425.69,830.35,425.71
782.93,375.31,783.26,374.98
829.34,425.69,830.02,425.20
782.93,375.31,783.26,380.93
814.45,380.06,814.45,380.32
820.24,342.76,820.66,343.11
822.43,346.19,821.13,347.19
827.09,368.74,828.42,368.18
826.73,330.76,826.81,329.74
795.09,384.31,796.37,383.58
821.99,341.91,822.22,342.46
826.80,413.19,827.14,413.17
784.14,377.84,782.81,381.94
817.82,342.04,818.08,342.34
819.41,343.08,818.57,342.83
831.90,356.51,831.97,356.59
829.36,411.18,829.55,411.12
819.77,343.45,819.41,343.08
820.96,325.13,821.04,325.06
829.17,411.44,829.43,411.88
818.88,343.18,819.77,343.45
829.16,412.34,829.87,413.15
827.43,367.32,828.69,366.70
822.91,321.15,823.01,321.16
819.77,343.45,818.88,343.18
820.74,324.20,820.89,323.86
820.74,324.20,820.41,323.78
824.79,415.22,825.30,415.72
817.23,340.79,817.45,341.01
821.62,347.73,823.54,347.88
806.51,351.91,809.58,351.84
820.56,397.96,820.66,396.52
820.89,325.39,820.74,325.08
823.01,321.16,823.01,324.46
787.47,375.57,787.29,375.12
821.26,373.07,821.31,372.97
828.83,320.03,828.51,319.76
812.23,368.37,812.16,368.25
825.86,382.33,825.56,381.52
825.51,400.18,824.87,399.17
787.35,375.66,787.29,375.12
828.94,320.17,828.51,319.76
810.69,365.57,811.70,367.21
787.35,375.66,787.16,375.16
792.85,384.50,791.93,384.43
828.94,320.17,828.65,319.92
821.10,323.72,820.89,323.86
820.41,323.78,820.89,323.86
821.00,341.90,821.47,342.19
828.91,369.82,827.29,370.81
820.64,323.62,820.41,323.78
811.09,379.81,811.63,380.09
821.31,323.82,820.64,323.62
820.64,323.62,821.10,323.72
797.20,377.34,796.95,377.54
830.47,323.64,830.73,323.78
822.79,324.48,830.47,323.64
819.68,369.07,819.34,368.80
828.99,377.43,828.80,378.17
828.91,369.82,827.29,370.81
822.65,324.33,830.47,323.64
822.79,324.48,822.65,324.33
829.47,318.84,829.54,319.69
828.94,320.17,830.47,323.64
830.47,323.64,822.65,324.33
828.86,318.85,828.94,319.70
828.65,319.92,828.94,320.17
829.47,318.84,829.54,319.69
826.68,427.62,827.30,427.67
802.61,366.31,803.70,367.59
795.09,384.31,796.57,383.80
822.82,320.48,828.65,319.92
830.60,412.74,830.27,413.19
799.47,373.31,799.24,373.61
829.47,318.84,829.82,319.71
822.63,320.93,822.82,320.48
832.46,302.83,827.95,302.83
824.42,319.47,824.42,320.30
822.64,320.33,828.65,319.92
824.42,319.47,823.61,320.32
822.64,320.33,828.51,319.76
823.62,319.50,823.01,320.33
820.25,325.13,820.74,325.08
823.01,319.51,822.91,320.32
820.74,324.20,820.25,324.15
828.73,324.14,828.90,324.09
832.58,302.99,827.78,303.00
822.91,319.50,822.91,320.32
820.19,324.65,820.74,324.20
827.64,306.93,826.98,307.04
831.20,341.68,831.06,342.27
815.34,358.65,815.37,359.15
820.64,325.59,820.41,325.48
822.38,328.41,822.53,327.83
761.73,369.49,760.98,367.18
826.40,336.84,826.30,336.73
831.20,341.68,830.89,342.17
820.64,325.59,820.89,325.39
829.25,366.19,828.64,365.76
831.01,341.64,830.89,342.17
820.86,366.08,823.11,365.31
811.40,377.92,811.35,378.25
821.46,324.13,820.87,323.74
818.88,352.59,820.11,351.84
811.48,368.37,811.37,368.39
804.47,349.00,807.30,350.28
788.34,374.63,788.23,374.05
829.87,342.91,830.26,343.15
820.87,323.74,821.31,323.82
811.66,363.74,814.88,363.05
812.94,381.86,812.07,381.13
810.96,365.51,813.23,367.16
784.17,377.47,783.94,377.26
820.15,342.13,820.82,341.36
830.47,323.64,828.83,320.03
783.53,371.05,783.94,377.26
819.46,342.13,820.82,341.36
815.11,379.16,814.61,379.24
825.20,369.14,825.69,369.07
824.41,324.44,823.58,324.46
812.41,378.25,811.49,376.99
830.51,323.87,828.83,320.03
794.91,382.59,793.31,382.49
821.23,350.64,822.73,350.29
820.96,320.33,820.83,320.39
813.38,367.11,814.62,368.55
828.21,330.58,828.17,331.24
826.81,319.76,820.83,320.39
826.81,319.76,828.83,320.03
794.04,384.09,792.67,384.00
805.19,379.76,811.63,380.09
800.10,377.69,799.75,376.02
769.64,363.43,770.18,360.00
803.87,377.94,803.96,377.35
801.85,377.76,801.65,377.54
797.36,368.42,795.44,369.89
826.81,319.76,828.51,319.76
828.16,435.71,828.40,435.74
818.28,364.74,818.83,364.52
826.81,319.76,820.96,320.33
828.51,319.76,820.96,320.33
822.64,320.33,820.96,320.33
820.86,360.78,818.51,360.77
829.87,342.91,829.62,342.65
782.86,377.21,782.67,377.40
820.72,320.87,820.59,320.91
820.25,324.15,820.05,324.08
821.10,325.49,820.64,325.59
820.24,325.60,820.41,325.48
794.63,383.26,795.99,382.54
821.13,347.19,832.61,347.68
814.39,368.71,814.80,368.93
815.53,362.84,815.20,361.44
819.36,371.53,818.67,371.13
827.92,327.42,828.43,327.22
793.87,377.42,794.14,377.21
821.10,324.57,821.04,324.08
822.68,328.36,822.33,328.39
821.04,324.08,821.46,324.13
819.38,371.38,819.36,371.53
827.56,327.83,828.03,327.28
827.21,330.65,827.52,328.61
796.67,384.41,795.42,384.80
789.81,384.20,789.40,383.57
820.59,344.40,820.59,320.91
788.71,382.29,787.31,382.51
831.11,350.72,832.24,350.86
805.64,376.40,805.78,376.03
786.68,382.54,786.51,382.29
820.76,323.61,820.87,323.74
796.04,382.71,795.00,382.34
796.54,384.17,795.41,384.53
829.46,445.87,830.67,446.03
799.25,376.00,799.49,376.12
830.73,323.78,830.51,323.87
816.56,360.71,816.59,360.71
832.37,341.78,831.06,342.27
827.13,320.03,830.51,323.87
835.52,324.48,822.79,324.48
814.24,360.00,814.97,359.95
827.13,320.03,828.83,320.03
818.04,332.79,818.68,332.97
830.51,323.87,828.83,320.03
817.85,358.82,817.76,360.00
820.96,344.95,837.43,344.44
813.93,360.95,814.52,361.54
826.81,319.76,826.65,319.82
791.66,370.93,801.50,369.48
829.64,352.59,830.74,353.53
820.82,341.36,821.35,340.19
820.64,323.62,820.41,323.78
820.24,323.65,820.41,323.78
814.80,369.49,814.64,369.82
829.73,353.80,830.74,355.74
820.64,323.62,820.24,323.65
802.94,378.33,804.57,378.41
799.20,382.90,799.49,382.59
820.50,323.48,820.24,323.65
820.64,323.62,820.50,323.48
824.34,411.68,831.45,407.59
830.34,435.27,830.89,435.77
822.04,393.57,822.72,393.37
819.73,321.73,820.83,320.39
819.34,368.80,817.35,368.80
799.07,375.66,798.98,375.16
819.72,339.80,820.67,340.19
788.39,374.62,788.19,375.73
785.36,384.20,786.62,384.59
826.65,319.82,820.83,320.39
815.36,370.68,816.79,384.18
788.95,371.21,788.98,377.49
816.83,340.93,816.38,339.97
830.89,439.67,831.35,438.89
793.69,377.56,793.76,377.90
822.40,320.87,822.63,320.93
822.65,324.33,822.40,320.87
830.18,331.64,829.93,332.66
793.29,382.24,792.68,382.21
802.82,382.78,802.71,382.67
781.58,374.22,780.91,374.89
831.06,342.27,830.84,342.73
822.40,324.66,822.40,320.87
812.78,371.30,810.84,379.23
815.35,372.53,815.43,373.49
822.65,324.33,822.40,324.66
814.89,366.17,815.07,365.91
822.64,320.33,820.96,320.33
802.55,383.10,802.82,382.78
786.85,381.46,785.60,382.10
822.56,342.18,822.33,341.77
823.65,310.29,824.42,319.47
811.37,348.81,813.12,348.95
807.45,350.35,806.06,351.98
822.64,320.33,820.72,320.87
798.43,371.11,798.35,377.40
829.91,353.75,832.03,351.84
815.10,358.05,814.97,358.35
820.19,324.65,820.25,325.13
822.38,341.54,835.77,341.54
820.05,325.21,820.25,325.13
827.22,369.66,828.79,368.09
820.19,324.65,820.05,325.21
823.13,350.91,823.31,350.91
830.57,339.11,830.84,339.39
789.97,381.65,788.71,382.29
819.98,324.65,820.05,325.21
831.27,338.68,831.63,338.78
820.19,324.65,819.98,324.65
796.96,377.56,796.77,377.70
830.84,339.39,831.06,339.84
787.31,369.81,786.41,383.94
799.99,368.63,819.68,369.07
835.74,333.26,822.36,333.26
813.41,347.93,815.35,347.47
824.08,350.83,824.26,350.84
830.92,338.82,831.27,338.68
821.31,325.35,820.87,325.44
821.92,350.45,822.06,350.39
828.47,445.37,829.06,445.86
829.73,309.86,829.47,318.84
821.04,325.06,821.31,325.35
829.26,441.38,829.07,441.63
820.76,323.61,820.50,323.48
829.49,309.55,829.47,318.84
813.34,380.33,814.32,380.33
820.66,396.52,820.51,396.48
821.46,325.02,821.31,325.35
831.25,341.04,831.20,341.68
826.06,367.97,824.80,368.07
822.40,320.87,820.72,320.87
813.79,379.28,813.62,379.07
785.77,371.11,783.40,370.83
790.96,383.67,791.21,383.46
819.41,337.26,817.82,342.04
825.20,369.14,825.03,369.13
794.59,382.20,795.00,382.34
794.15,382.02,794.42,382.45
829.42,340.00,829.47,339.92
820.87,325.44,820.64,325.59
823.62,409.97,831.67,406.78
787.65,384.35,788.92,384.74
790.96,383.67,792.45,384.17
797.35,384.48,795.75,384.38
822.64,320.33,822.40,320.87
814.41,360.67,814.78,360.59
785.54,370.89,785.77,371.11
823.49,396.81,823.64,397.44
821.35,334.10,820.67,334.10
787.87,374.60,787.91,375.06
818.57,331.78,819.41,331.43
814.58,346.58,816.65,347.07
825.22,350.24,825.22,350.91
830.34,339.72,830.60,339.18
821.46,325.02,821.04,325.06
816.54,347.15,818.50,347.97
829.47,339.92,829.69,339.45
821.51,324.57,821.46,325.02
814.83,349.36,816.45,350.03
830.18,340.40,830.34,339.72
822.68,337.31,822.68,333.17
821.10,324.57,821.51,324.57
782.81,373.74,782.83,373.58
818.42,355.35,818.51,355.33
804.38,378.84,804.23,379.07
821.10,324.57,821.04,324.08
821.47,342.19,821.61,340.58
826.94,413.22,826.80,413.19
827.04,428.37,827.72,428.90
802.94,378.33,803.06,377.96
784.21,373.36,782.81,373.74
788.19,384.71,787.58,384.67
796.15,382.29,796.64,378.07
795.09,384.31,795.25,384.55
804.16,378.41,804.38,378.84
821.03,324.56,820.96,324.00
823.26,347.75,825.09,348.88
821.58,337.38,821.72,335.50
821.81,337.12,821.70,335.53
820.11,351.84,820.06,353.48
835.77,333.12,822.38,333.12
830.34,342.54,830.18,341.88
829.06,389.19,828.21,389.90
820.59,344.40,820.59,320.91
827.33,426.38,827.73,426.43
830.99,350.72,818.77,350.20
820.76,325.56,820.87,325.44
813.23,352.84,814.62,351.44
828.55,308.32,828.56,318.83
831.18,366.89,829.99,368.29
816.63,373.12,816.05,370.93
821.04,325.06,820.87,325.44
824.56,386.45,824.72,385.87
803.95,382.59,804.57,378.41
783.02,376.60,782.80,377.99
829.17,411.44,829.55,411.12
823.08,372.17,821.78,372.14
818.88,343.18,819.41,343.08
825.94,398.26,825.79,398.26
820.96,325.13,820.76,325.56
790.73,384.50,790.65,384.23
822.42,370.74,818.78,385.10
811.07,380.50,811.24,380.65
824.43,310.51,824.42,319.47
822.53,342.26,822.33,341.77
822.43,332.26,821.92,333.87
830.15,341.09,829.42,340.00
830.89,342.17,830.68,342.60
826.04,360.00,830.18,362.15
821.03,324.56,821.10,324.57
815.49,371.68,815.50,371.86
796.96,377.56,798.07,377.61
829.64,352.59,830.74,353.53
818.88,331.43,842.61,331.07
825.48,396.13,824.63,396.24
835.24,342.46,823.01,342.46
813.40,351.71,812.20,353.11
818.04,337.26,816.09,336.00
823.77,347.83,825.74,348.86
829.22,324.37,832.41,324.09
819.32,372.53,821.25,372.07
831.73,307.43,832.15,307.51
831.20,340.41,831.25,341.04
824.56,353.83,828.14,351.92
816.52,352.83,837.54,354.02
822.40,398.24,822.07,396.18
830.57,339.11,830.84,339.39
829.22,324.37,832.26,324.16
829.07,324.43,832.26,324.16
831.06,339.84,831.20,340.41
826.96,320.08,827.13,320.03
822.81,369.07,822.31,367.67
821.30,339.31,821.52,339.25
817.99,332.41,818.72,332.10
789.81,384.20,788.55,384.59
830.26,339.03,830.57,339.11
828.73,324.14,826.96,320.08
799.03,357.89,798.86,360.00
804.23,376.82,810.66,377.10
819.33,360.92,816.75,360.91
810.66,377.10,810.38,377.64
817.49,351.45,816.67,352.83
825.07,321.38,819.72,321.87
817.68,349.22,818.48,352.04
801.73,355.12,801.08,356.68
816.27,370.81,818.03,371.54
816.46,335.80,816.80,334.35
819.15,357.07,819.15,355.21
791.61,376.60,790.87,376.56
820.72,344.44,820.59,344.40
819.01,367.34,819.18,367.25
827.14,389.90,828.21,389.90
793.44,383.60,792.13,384.35
816.09,336.00,816.38,334.74
816.33,362.74,816.53,362.95
790.96,375.34,791.61,376.60
830.15,341.09,830.15,339.19
797.76,385.10,797.66,385.34
819.19,355.16,818.41,355.18
826.94,329.74,827.03,328.80
784.14,377.84,781.61,374.35
820.96,344.95,820.83,344.89
823.36,348.68,833.92,348.68
829.33,341.77,829.28,341.13
820.72,349.29,823.36,348.68
829.47,342.33,829.33,341.77
829.22,324.37,828.90,324.09
822.91,319.50,828.63,319.70
820.19,324.65,820.69,324.64
828.73,324.14,829.22,324.37
829.42,342.24,829.29,341.71
829.07,324.43,829.22,324.37
828.73,324.14,829.07,324.43
828.40,430.83,828.72,431.34
832.26,324.16,829.07,324.43
820.06,366.53,820.53,366.22
816.57,385.73,836.15,395.84
827.22,350.34,828.79,351.91
804.51,383.22,804.76,382.89
782.29,376.56,782.93,375.31
814.15,382.30,814.41,382.03
798.73,385.02,797.76,385.10
826.96,320.08,828.73,324.14
820.12,337.14,821.13,337.12
494.17,483.16,634.41,372.27
820.02,335.76,821.01,335.53
820.72,344.44,837.43,344.44
790.51,377.76,788.95,371.21
831.74,349.89,818.77,350.20
826.95,325.32,828.73,324.14
751.47,357.67,754.47,360.00
826.93,336.04,831.13,335.79
829.07,324.43,828.73,324.14
822.16,341.86,822.16,328.22
811.79,379.10,816.13,379.45
830.67,325.75,827.54,325.83
820.42,356.16,820.42,362.04
810.95,371.38,812.48,377.90
831.60,367.13,830.36,368.58
812.08,379.25,812.41,379.30
824.43,310.51,823.65,310.29
832.85,306.80,827.51,307.51
781.17,369.80,782.67,377.40
806.30,369.96,806.24,372.03
828.61,422.71,828.49,421.93
828.43,334.08,828.93,333.88
804.76,382.89,827.46,384.18
827.30,427.67,828.04,428.46
822.11,340.79,822.52,339.03
820.72,320.87,820.83,320.39
821.58,337.38,821.66,335.53
808.60,353.73,810.69,354.43
817.69,370.24,817.20,369.08
823.36,342.44,822.88,342.24
814.21,357.85,814.41,357.62
819.73,343.51,820.83,344.89
820.86,355.30,820.75,355.21
819.22,396.48,819.09,396.34
825.16,373.12,827.16,372.29
810.26,346.66,812.37,346.49
794.75,377.94,794.15,382.02
818.49,371.02,815.36,371.02
826.40,329.46,826.62,328.98
820.76,367.50,765.60,368.98
819.72,343.36,823.95,343.18
822.22,327.63,822.36,327.72
821.30,400.10,821.53,398.22
803.91,360.00,804.08,362.14
755.45,370.02,758.70,370.54
826.94,329.66,827.13,329.65
826.84,325.45,826.95,325.32
827.54,325.83,826.95,325.32
803.66,360.00,804.80,358.01
820.11,362.01,820.42,362.04
827.46,325.98,827.54,325.83
821.13,337.12,821.01,335.53
805.40,366.20,805.38,366.25
812.74,363.24,812.67,363.20
765.60,351.02,762.51,349.44
801.13,383.66,802.50,382.93
814.78,357.70,814.57,357.77
799.03,357.89,799.53,355.80
811.37,372.17,811.40,372.27
828.71,440.88,829.26,441.38
813.26,378.87,817.47,378.76
830.67,325.75,831.13,326.67
821.18,347.97,823.08,347.82
822.36,327.72,822.85,327.87
788.86,374.18,788.90,374.64
829.29,427.12,829.17,426.34
784.02,382.87,782.93,381.95
823.36,348.68,836.20,349.29
799.81,373.10,799.54,373.20
825.63,400.75,825.64,401.09
785.10,382.63,785.15,382.45
817.23,333.98,818.08,332.37
826.40,329.46,826.41,329.32
748.45,363.38,750.18,366.19
818.85,367.43,819.77,368.79
824.79,370.26,823.29,372.15
828.64,354.24,829.40,356.08
822.85,342.56,822.36,342.36
821.34,354.92,822.01,356.54
819.23,346.53,821.25,347.93
824.05,343.33,823.95,343.18
810.66,379.38,810.38,378.84
829.52,393.08,829.21,391.72
826.30,336.73,823.95,343.18
834.68,344.66,824.41,344.94
827.05,330.77,827.13,329.65
804.94,353.81,804.12,355.78
820.82,332.99,820.15,332.30
829.15,320.42,830.30,323.81
830.62,350.19,830.65,350.24
820.72,344.44,821.99,341.91
824.05,343.33,828.21,337.92
818.67,371.13,818.66,370.97
828.03,327.28,828.55,327.07
794.14,377.21,795.23,377.26
800.43,360.00,799.91,360.00
827.18,332.84,826.94,331.87
812.45,346.41,814.58,346.58
800.19,360.00,799.03,362.11
809.88,379.84,810.07,380.38
830.18,362.15,829.97,362.15
822.22,342.46,822.77,342.68
789.50,382.90,789.60,382.48
826.19,398.20,824.85,396.74
831.58,304.15,831.85,304.23
813.90,359.15,813.94,358.65
825.85,344.39,826.02,344.43
810.84,379.91,810.94,380.06
827.00,336.19,828.54,337.57
828.21,337.92,828.54,337.57
827.00,336.19,828.21,337.92
814.04,360.09,813.94,359.64
826.40,336.84,828.21,337.92
827.00,336.19,826.40,336.84
816.82,357.40,816.76,357.10
788.95,371.21,787.79,373.22
813.42,363.24,812.44,362.35
831.25,341.51,830.73,342.77
803.23,384.21,804.51,383.22
828.70,337.63,833.28,337.38
828.70,337.63,833.11,337.32
826.91,348.49,827.30,350.64
828.54,337.57,833.11,337.32
828.38,337.97,828.70,337.63
783.09,382.24,783.42,382.53
814.98,360.52,815.17,360.32
788.75,378.19,787.40,378.12
823.01,319.51,822.91,319.50
820.91,360.00,821.00,361.17
820.76,325.56,820.50,325.73
818.49,371.02,819.01,367.34
829.96,343.06,830.26,343.15
817.03,357.49,817.31,357.37
830.26,343.15,831.27,343.49
824.87,399.17,823.66,398.84
830.14,332.68,829.56,333.48
830.89,342.17,831.06,342.27
830.15,341.09,829.29,340.54
831.95,343.01,830.57,343.04
830.89,439.67,831.22,439.64
832.20,342.46,830.84,342.73
812.67,363.20,811.93,368.41
832.00,302.41,831.69,302.38
827.46,304.17,827.68,302.94
828.54,337.57,828.70,337.63
811.02,379.21,810.84,379.23
831.06,342.27,832.20,342.46
812.78,371.30,811.02,379.21
819.41,337.26,821.99,338.92
747.91,360.00,748.45,363.38
819.41,337.26,816.72,337.41
787.25,377.61,787.59,376.00
827.21,330.65,828.02,329.34
819.17,373.57,819.23,373.47
819.33,360.92,819.94,362.66
792.35,382.49,791.69,381.95
803.43,377.84,801.85,377.76
830.68,339.52,830.84,339.39
832.20,339.63,831.20,340.41
824.74,309.88,827.13,307.73
830.26,343.15,830.57,343.04
830.09,364.25,829.26,366.24
791.64,382.39,789.42,378.17
831.06,339.84,832.20,339.63
787.25,377.61,787.16,375.16
823.44,401.32,823.10,400.70
829.86,361.98,830.45,362.13
822.38,341.54,835.74,341.40
831.63,338.78,830.84,339.39
830.57,339.11,831.63,338.78
831.27,338.68,830.57,339.11
816.35,337.39,817.03,337.39
830.26,339.03,831.27,338.68
812.65,371.23,814.63,372.29
800.33,358.25,798.86,360.00
788.78,377.69,788.09,376.02
830.92,338.82,830.26,339.03
829.96,339.14,830.92,338.82
827.80,302.72,831.76,302.17
826.91,371.51,827.30,369.39
795.08,377.99,794.59,382.20
830.34,339.72,829.69,339.45
820.96,324.00,821.04,324.08
817.49,351.45,830.79,351.17
830.12,341.14,830.18,340.40
827.81,327.55,828.29,327.35
799.96,378.19,799.81,378.22
829.33,341.77,829.25,341.13
803.96,378.53,803.87,377.94
829.33,341.77,830.18,341.88
830.34,342.54,829.33,341.77
830.36,351.42,831.69,351.39
829.47,342.33,829.33,341.77
820.82,341.36,820.13,341.36
830.60,343.06,830.34,342.54
829.47,342.33,830.34,342.54
831.60,352.86,831.18,353.11
829.69,342.78,830.60,343.06
830.74,353.53,830.50,354.30
795.46,377.98,795.00,382.34
796.96,377.56,796.95,377.54
828.59,390.37,827.84,391.32
825.12,400.73,825.15,401.31
814.83,349.36,816.45,350.03
810.91,380.32,810.92,380.55
823.01,327.62,835.24,327.62
827.54,325.83,829.07,324.43
830.99,350.72,831.74,349.89
830.84,342.73,830.43,342.89
819.73,399.96,819.56,397.91
831.69,302.38,827.80,302.72
810.38,378.84,810.66,379.38
831.06,342.27,830.68,342.60
816.38,339.97,816.80,340.38
827.96,307.43,827.51,307.51
831.25,341.04,831.01,341.64
828.13,368.02,828.14,368.08
831.06,341.05,831.01,341.64
818.68,341.48,819.46,342.13
831.06,341.05,831.25,341.04
831.56,306.93,827.64,306.93
831.20,340.41,831.06,341.05
831.01,340.46,831.06,341.05
828.38,337.97,826.02,344.43
831.01,340.46,831.20,340.41
794.63,383.26,795.59,382.45
821.13,347.19,820.19,348.07
809.99,379.21,809.88,379.84
818.72,342.41,817.99,342.19
819.61,354.56,820.53,353.78
830.89,339.93,831.01,340.46
796.70,377.51,796.52,377.66
831.13,335.79,831.27,335.94
830.68,339.52,830.89,339.93
781.94,369.82,784.85,369.89
816.83,340.93,817.32,341.49
814.01,382.40,813.33,381.97
820.76,352.49,817.93,349.67
819.72,321.87,819.73,321.73
818.04,341.72,817.40,341.53
819.73,343.51,820.59,344.40
796.77,377.70,796.64,378.07
830.54,416.36,831.41,416.39
787.44,384.14,788.83,384.23
819.09,371.30,817.97,379.22
826.17,391.29,825.70,390.89
825.34,418.86,825.27,419.28
804.16,378.41,804.08,377.94
809.58,368.16,811.14,369.76
830.43,339.26,830.57,339.11
796.77,377.70,796.81,378.04
819.01,355.26,819.37,355.15
830.26,339.03,830.43,339.26
795.46,377.98,795.00,382.34
819.08,355.31,819.41,355.21
830.15,339.19,830.26,339.03
829.69,339.45,829.87,339.29
836.48,337.35,822.54,337.35
829.47,339.92,829.69,339.45
799.54,373.20,799.30,373.52
829.62,339.57,829.69,339.45
829.62,342.65,829.42,342.24
816.10,379.16,815.88,378.68
820.78,392.62,821.64,391.71
824.54,414.47,824.61,414.03
829.78,430.08,830.02,430.11
828.14,368.08,826.73,369.72
816.45,385.75,815.24,382.89
822.49,332.23,822.43,332.26
827.24,352.58,828.41,352.49
823.10,400.70,823.91,401.20
829.96,343.06,830.26,343.15
829.78,431.54,830.01,431.58
829.87,342.91,830.15,342.99
799.16,373.51,799.33,373.78
820.95,402.13,821.42,403.76
790.23,375.31,789.90,374.98
816.05,349.07,814.41,350.07
785.68,377.54,784.17,377.47
818.00,341.49,816.80,340.38
820.75,355.21,820.76,355.15
822.88,327.80,823.01,327.62
828.44,330.57,828.39,331.31
814.92,381.97,814.40,381.22
825.16,400.92,824.33,400.76
828.75,327.04,829.08,327.20
822.12,340.91,822.36,341.40
794.49,384.61,793.58,384.53
812.41,378.25,810.92,377.77
815.21,382.44,815.22,382.54
769.64,363.43,769.81,360.00
827.98,332.53,827.66,332.88
825.63,400.75,825.64,401.09
829.96,343.06,829.69,342.78
822.53,327.83,823.01,327.62
824.10,367.43,827.24,367.42
822.06,340.84,822.36,341.40
822.06,340.84,822.29,341.33
829.87,339.29,830.15,339.19
822.06,340.84,822.68,341.44
822.68,337.31,822.68,341.44
828.63,319.70,822.91,320.32
827.34,409.41,831.67,406.78
823.25,308.29,828.81,307.57
808.36,368.97,809.54,371.05
822.53,342.26,822.88,342.24
823.01,342.46,822.53,342.26
831.15,430.92,831.03,431.68
820.83,320.39,820.59,320.91
818.10,380.45,817.73,380.43
822.88,342.24,822.68,341.75
822.38,341.54,822.38,341.75
820.18,401.83,820.86,400.80
822.38,341.54,835.77,341.75
830.46,435.99,830.27,435.68
823.33,327.67,822.36,327.72
811.92,376.77,811.49,376.99
811.92,376.77,811.09,376.67
822.38,333.12,822.38,328.41
820.59,320.91,819.73,321.73
835.77,333.12,822.38,328.41
830.77,325.59,831.13,326.67
768.14,356.91,766.19,360.00
792.22,371.30,792.07,377.84
821.61,340.58,821.99,338.92
794.80,383.48,793.53,384.21
829.92,329.52,830.00,330.54
831.30,304.47,826.65,305.10
822.36,333.26,822.12,333.79
822.12,340.91,821.72,339.24
830.89,439.67,830.96,439.23
829.40,356.08,829.86,358.01
789.60,382.48,789.42,378.17
820.41,325.48,820.74,325.08
821.31,325.35,821.10,325.49
822.12,340.91,835.50,340.91
818.28,364.74,818.19,363.49
835.74,341.40,822.12,340.91
822.36,341.40,822.12,340.91
822.38,328.41,835.59,327.90
822.38,328.41,822.56,327.90
826.94,331.87,827.13,331.87
798.86,360.00,802.89,360.00
799.03,357.87,798.86,360.00
821.72,335.50,822.12,333.79
813.08,378.88,813.25,379.63
788.39,373.41,788.58,373.51
810.93,380.90,810.94,380.06
828.91,327.47,829.35,327.91
819.72,343.36,820.05,325.21
819.31,355.18,823.53,355.13
803.87,377.94,810.28,378.24
825.55,344.71,819.73,343.51
821.79,396.72,822.18,396.12
821.53,337.38,821.66,335.53
799.52,364.17,799.53,364.20
827.60,352.54,828.64,354.24
830.43,342.89,830.15,342.99
822.33,328.39,822.33,333.12
810.90,347.84,809.08,348.96
829.42,340.00,829.62,339.57
838.39,329.24,824.56,329.24
817.31,357.37,819.15,357.07
823.36,327.60,835.24,327.62
821.04,324.08,820.87,323.74
827.13,307.73,827.51,307.51
783.36,370.69,785.54,370.89
811.08,371.30,809.99,379.21
824.56,345.32,838.39,345.32
614.47,230.02,451.56,344.81
816.83,333.73,817.32,333.18
830.46,420.70,830.79,420.68
815.16,359.05,815.09,360.00
747.91,360.00,747.97,360.00
827.34,384.58,826.05,385.10
815.30,380.44,816.29,380.44
814.13,380.06,814.12,380.61
823.48,405.37,824.30,405.00
824.05,329.82,824.20,329.41
818.49,371.02,818.50,371.18
791.73,383.29,792.91,382.36
796.81,378.04,796.64,378.07
823.08,308.77,823.97,309.66
835.26,328.99,824.05,329.82
831.85,303.57,831.69,302.38
827.80,302.72,831.76,302.17
829.87,339.29,829.96,339.14
831.55,367.21,830.30,368.67
824.05,336.99,824.05,344.74
828.81,307.57,831.30,304.47
811.53,378.31,811.85,377.97
830.30,323.81,828.85,320.45
800.13,377.71,799.69,377.80
803.17,378.38,802.71,382.67
822.11,340.79,822.52,339.03
822.54,337.35,836.45,342.16
822.90,324.45,830.30,323.81
826.25,329.99,826.40,329.46
826.63,391.20,825.90,390.84
818.89,352.41,820.42,353.42
803.38,362.15,804.04,363.13
822.85,342.56,835.39,342.56
824.10,352.57,825.27,352.48
802.82,382.78,803.29,378.34
817.23,333.98,817.82,332.65
822.52,339.03,822.66,337.10
803.24,377.81,804.42,377.87
817.36,360.00,817.45,361.20
814.64,369.82,815.92,369.85
785.77,371.11,787.30,373.20
824.44,332.27,824.62,344.34
824.71,410.98,823.86,410.62
824.62,332.28,824.62,344.34
820.66,343.11,821.47,342.19
815.30,382.51,815.61,382.43
831.22,353.04,830.74,353.53
831.27,326.60,831.13,335.79
821.53,398.22,821.97,396.41
824.44,332.27,824.62,332.28
808.19,372.84,808.25,372.92
824.62,332.28,824.77,331.94
811.08,371.30,810.95,371.38
835.76,331.94,824.62,332.28
807.92,370.64,810.26,373.34
835.60,332.28,824.62,332.28
829.76,356.87,830.22,356.87
824.77,331.94,824.44,332.27
799.15,382.73,798.75,382.63
817.62,356.34,818.19,356.51
799.89,384.38,798.75,384.75
828.94,319.70,829.54,319.69
822.16,341.86,821.99,328.18
793.56,377.92,793.07,382.11
820.64,325.59,820.41,325.48
813.94,358.65,814.04,358.21
829.75,320.41,829.54,319.69
827.56,304.21,827.78,303.00
816.80,340.38,817.48,340.38
822.16,328.22,822.22,327.63
821.51,324.57,821.10,324.61
798.96,382.30,800.62,382.39
821.73,408.58,822.53,405.13
820.19,324.65,820.05,324.08
801.30,383.88,799.89,384.38
829.82,319.71,829.54,319.69
821.00,400.74,822.60,400.49
828.91,308.01,828.55,308.32
830.04,320.46,829.82,319.71
829.39,333.36,829.56,333.48
822.18,396.12,822.02,396.24
825.03,370.14,825.20,369.14
830.04,320.46,829.82,319.71
819.70,347.88,819.86,348.42
787.93,375.99,788.15,375.90
820.72,349.29,820.30,348.21
829.47,342.33,829.29,341.71
785.64,378.04,786.11,382.41
822.85,342.17,835.58,342.37
831.33,364.74,830.49,365.44
822.54,337.35,821.38,337.41
827.78,303.00,832.58,302.99
823.62,319.50,823.61,320.32
825.71,362.11,826.04,360.00
823.86,410.62,827.34,409.41
832.43,306.88,827.51,307.51
828.29,421.99,828.42,421.25
806.48,372.14,810.43,372.77
823.61,321.15,823.61,320.32
823.32,308.41,826.64,305.26
825.03,370.14,825.79,369.75
829.69,339.45,830.60,339.18
821.66,339.21,821.53,337.38
824.02,392.03,822.66,393.71
822.98,327.73,835.17,327.73
803.05,370.27,806.59,372.07
813.22,379.05,813.58,378.47
823.01,321.16,823.01,320.33
823.01,319.51,823.01,320.33
789.74,384.30,788.83,384.23
785.88,377.34,787.01,377.40
800.31,374.63,800.32,374.06
805.61,377.94,807.72,377.94
823.81,371.65,823.81,369.38
822.91,321.15,823.01,320.33
828.62,307.91,828.55,308.32
822.91,321.15,822.91,320.32
793.56,377.92,792.74,381.94
828.86,318.85,829.47,318.84
829.49,309.55,828.86,318.85
828.85,308.43,828.86,318.85
793.80,377.92,792.22,371.30
810.92,378.73,812.41,378.25
814.83,349.36,816.17,350.43
804.77,353.76,803.94,355.75
822.98,346.29,823.06,346.37
820.42,353.42,823.30,352.06
824.43,310.51,824.42,319.47
824.19,398.08,823.04,401.45
829.73,309.86,824.42,319.47
755.64,349.44,759.08,348.89
829.74,318.84,824.42,319.47
825.80,398.17,825.72,397.11
794.56,382.78,794.06,378.46
829.57,366.22,828.54,366.85
824.42,319.47,823.62,319.50
817.00,370.72,816.23,370.66
821.64,391.71,821.92,393.47
823.00,309.18,823.62,319.50
812.99,362.36,812.23,368.37
787.59,376.00,787.35,375.66
825.17,321.23,819.73,321.73
826.84,379.87,828.80,379.82
823.36,400.63,823.60,400.38
828.62,351.97,828.79,351.91
822.91,319.50,828.56,318.83
826.40,336.84,823.95,343.18
805.78,376.03,805.19,376.12
825.55,344.71,820.83,344.89
818.70,355.53,818.81,355.27
805.78,379.86,812.23,380.19
829.40,356.08,830.33,356.87
828.55,308.32,828.56,318.83
828.91,440.79,829.04,440.05
821.10,323.72,820.89,323.86
830.61,323.80,831.19,323.80
829.96,343.06,829.69,342.78
829.15,320.42,830.61,323.80
816.72,337.41,816.85,335.61
830.60,339.18,830.92,338.82
820.50,325.73,820.64,325.59
830.04,320.46,831.49,323.82
824.42,321.12,824.41,324.44
804.76,382.89,804.41,382.78
822.58,332.49,836.52,332.46
816.83,333.73,817.99,332.41
817.76,355.17,816.49,355.31
783.02,379.39,783.66,380.65
782.29,379.35,782.93,380.61
822.39,346.29,837.66,347.09
830.06,330.53,829.98,331.60
822.55,400.65,822.97,401.14
822.91,321.15,822.90,324.45
828.86,318.85,829.54,319.69
823.01,321.16,823.01,324.46
827.40,304.35,831.82,303.90
829.15,320.42,830.61,323.80
799.03,362.12,803.06,362.15
783.53,371.05,783.41,369.89
787.28,374.95,786.68,374.35
830.83,390.22,828.92,390.59
797.66,360.00,798.29,363.94
821.30,335.51,817.45,333.77
828.63,319.70,828.56,318.83
815.88,367.34,815.83,367.25
830.57,343.04,831.63,343.36
817.05,335.51,817.45,333.77
824.31,396.95,825.71,395.19
813.19,368.58,814.64,369.82
828.02,329.34,828.17,329.92
828.94,319.70,828.56,318.83
814.98,382.99,814.98,382.85
823.30,369.14,823.13,369.13
828.86,318.85,828.56,318.83
788.39,374.62,788.90,374.64
814.64,369.82,816.27,370.81
829.15,320.42,828.85,320.45
825.16,346.87,827.16,347.70
827.71,381.75,829.29,381.19
823.65,310.29,823.62,319.50
820.86,400.80,821.00,400.74
815.47,359.15,815.98,359.95
829.15,320.42,828.63,319.70
813.26,378.87,813.41,378.57
828.81,307.57,831.53,304.60
788.75,378.19,789.10,378.22
827.13,331.87,827.05,330.77
788.39,374.62,788.86,374.18
829.15,320.42,828.94,319.70
811.55,378.87,815.83,379.30
811.49,379.51,811.63,380.09
828.21,330.58,828.44,330.57
758.86,370.95,761.96,370.02
821.92,369.55,820.44,370.99
829.87,339.29,830.15,339.19
821.08,386.88,822.13,386.97
798.43,371.11,799.54,373.20
826.64,305.26,826.98,307.04
811.55,378.87,811.79,379.10
827.06,304.89,826.98,307.04
811.35,378.25,811.40,378.57
830.60,339.18,829.96,339.14
814.58,373.42,821.26,373.07
804.66,376.39,810.66,377.10
829.77,308.94,832.10,306.55
781.17,369.80,781.55,369.81
832.10,306.55,831.85,304.23
829.65,430.83,829.59,431.24
831.53,304.60,831.85,304.23
822.97,401.14,823.44,401.32
823.61,321.15,824.42,321.12
829.77,308.94,832.10,306.55
819.08,355.31,819.01,355.26
805.78,379.86,807.90,379.47
828.09,410.12,824.71,410.98
829.09,307.66,832.10,306.55
822.73,400.31,822.50,398.22
790.42,384.24,789.81,384.20
803.29,378.34,801.89,378.28
826.62,328.98,826.90,328.65
795.25,384.55,796.57,383.80
832.10,306.55,831.53,304.60
829.58,309.23,829.49,309.55
824.64,395.19,826.17,393.56
822.98,327.73,835.17,327.73
830.43,342.89,830.57,343.04
828.91,308.01,829.49,309.55
828.91,308.01,828.85,308.43
831.36,355.58,831.97,356.59
820.83,344.89,820.96,344.95
822.99,308.64,828.55,308.32
829.09,307.66,829.77,308.94
829.58,309.23,829.77,308.94
829.09,307.66,829.58,309.23
828.91,308.01,829.58,309.23
798.96,374.62,799.16,375.74
829.09,307.66,828.91,308.01
814.52,382.72,814.98,382.99
788.61,382.53,788.40,382.20
836.42,396.48,819.22,396.48
819.80,373.60,821.90,373.09
823.32,308.41,823.97,309.66
826.98,391.16,827.05,390.20
821.31,325.35,821.10,325.49
811.05,380.33,811.07,380.50
792.22,371.30,792.27,377.64
818.90,360.72,818.70,355.53
824.42,319.47,824.42,320.30
824.05,343.33,826.40,336.84
823.08,308.77,823.74,309.96
823.00,309.18,823.08,308.77
827.92,327.42,828.43,327.22
800.00,375.70,800.20,375.21
817.99,342.19,818.72,342.41
796.81,378.04,795.00,382.34
829.96,339.14,830.26,339.03
817.89,380.62,817.81,380.49
822.47,393.73,823.73,392.18
827.74,416.86,827.98,416.88
821.31,323.82,821.10,323.72
830.50,354.30,831.33,355.26
824.77,394.06,824.19,398.08
827.13,307.73,832.43,306.88
825.07,321.38,819.72,343.36
748.45,363.38,748.52,363.43
816.05,349.07,817.83,348.33
815.00,378.35,815.30,378.26
805.38,353.75,807.61,355.71
821.97,396.41,821.89,395.79
787.31,382.51,785.92,382.29
805.78,376.03,811.63,376.39
820.11,362.01,820.07,362.40
821.13,402.17,820.95,402.13
827.13,307.73,832.10,307.09
807.91,350.34,806.51,351.91
826.17,393.56,825.71,395.19
822.68,341.44,822.29,341.33
826.84,325.45,823.95,343.18
831.73,307.43,827.96,307.43
830.72,421.46,831.65,422.01
830.47,330.53,830.39,331.65
832.85,306.80,827.96,307.43
816.93,355.33,817.25,355.23
811.09,379.81,811.63,380.09
821.92,333.87,822.58,332.49
803.60,363.13,803.86,363.13
819.88,348.01,821.78,347.86
817.57,346.34,817.65,346.23
809.62,348.95,811.37,348.81
809.08,348.96,807.45,350.35
818.04,337.26,816.83,333.73
796.04,382.71,796.35,382.41
823.39,394.84,822.96,395.96
806.28,347.89,810.77,347.75
808.93,348.88,807.30,350.28
829.81,309.52,829.99,309.23
791.73,383.29,792.53,382.26
817.68,370.78,818.45,367.98
798.43,371.11,799.30,373.52
824.74,309.88,829.99,309.23
827.06,413.93,827.97,414.48
782.82,382.49,784.06,383.45
829.81,309.52,829.73,309.86
824.50,310.18,829.81,309.52
824.43,310.51,824.50,310.18
827.13,307.73,826.98,307.04
821.53,337.38,821.58,337.38
822.63,395.84,822.96,395.96
830.26,330.53,830.47,330.53
818.03,348.46,819.86,348.42
792.22,371.30,804.19,371.65
782.93,381.95,781.55,369.81
827.51,307.51,826.98,307.04
824.77,331.94,824.62,332.28
818.00,333.18,817.99,332.41
823.86,410.62,827.50,409.87
832.12,302.25,831.76,302.17
831.56,306.93,827.96,307.43
782.82,382.49,784.06,383.45
784.85,383.29,784.66,383.49
831.73,307.43,832.18,307.06
825.80,400.36,825.94,398.26
798.73,385.02,797.76,385.10
831.56,306.93,832.18,307.06
782.82,382.49,784.02,382.87
831.73,307.43,831.56,306.93
827.94,333.82,827.81,333.82
830.15,341.09,829.25,341.13
810.38,378.84,810.85,378.25
829.77,308.94,832.10,307.09
799.68,383.78,800.88,382.83
799.68,383.78,800.40,382.73
829.58,309.23,829.99,309.23
758.64,350.02,761.73,350.51
804.38,377.04,804.16,377.46
788.34,384.21,787.35,384.40
829.81,309.52,829.58,309.23
830.93,351.17,830.79,351.17
829.49,309.55,829.81,309.52
829.73,309.86,829.81,309.52
829.49,309.55,829.73,309.86
793.56,377.92,793.07,382.11
824.74,309.88,826.63,307.27
816.85,339.19,817.05,339.31
817.93,349.67,765.60,351.02
788.78,377.69,788.27,375.70
831.19,323.80,831.49,323.82
824.50,310.18,824.74,309.88
823.97,309.66,824.74,309.88
828.43,327.35,828.91,327.47
827.98,416.88,828.66,416.39
824.50,310.18,823.97,309.66
829.75,320.41,831.19,323.80
804.71,379.17,805.14,379.39
794.79,383.68,795.99,382.54
827.74,416.86,828.26,416.35
823.74,309.96,824.50,310.18
827.94,327.55,828.43,327.35
819.72,343.36,820.50,325.73
823.67,371.99,823.53,371.58
827.84,302.88,827.95,302.83
827.50,409.87,827.34,409.41
831.76,302.17,832.02,302.29
828.54,337.57,828.21,337.92
814.41,360.67,814.21,360.44
806.93,360.00,807.27,362.16
830.18,331.64,830.39,331.65
826.95,392.21,826.42,391.26
835.59,342.18,822.38,341.75
827.84,302.88,832.46,302.83
830.96,439.23,831.35,438.89
828.46,352.82,828.54,353.15
832.18,307.06,831.56,306.93
830.84,342.73,831.95,343.01
826.64,305.26,826.63,307.27
813.42,363.24,812.70,368.26
750.18,353.80,748.68,356.74
809.62,348.95,810.26,346.66
826.50,378.03,826.71,377.17
822.22,342.46,822.77,342.68
827.29,398.28,827.10,396.01
815.30,380.44,815.25,381.10
823.48,405.37,823.28,405.28
803.06,377.96,803.24,377.81
825.05,352.31,825.27,352.48
826.90,328.65,827.21,328.53
827.11,398.28,826.86,396.03
814.51,347.64,816.52,346.80
825.87,397.13,832.91,398.91
830.30,323.81,830.61,323.80
825.95,423.65,826.65,424.46
827.84,302.88,827.78,303.00
827.84,302.88,832.58,302.99
824.56,345.32,836.23,344.90
830.43,339.26,830.68,339.52
815.38,371.18,815.32,371.13
817.95,369.05,816.17,369.57
827.84,302.88,832.56,302.87
822.79,324.48,835.76,324.66
782.07,368.63,791.66,370.93
825.06,348.05,827.30,350.64
827.48,304.42,827.35,304.64
822.33,341.53,822.33,341.77
830.30,432.06,830.70,432.11
802.94,378.33,803.06,377.96
827.19,392.49,833.88,393.88
832.49,304.64,827.35,304.64
820.30,348.21,823.36,348.68
829.29,341.71,829.33,341.77
832.41,304.21,827.56,304.21
827.84,391.32,834.44,392.49
804.04,363.13,803.86,363.13
827.48,304.42,827.56,304.21
818.03,371.54,819.88,371.99
792.37,378.01,792.51,377.86
828.59,390.37,835.11,391.32
829.65,430.83,830.02,430.11
830.15,341.09,831.01,341.64
827.46,304.17,831.69,302.38
830.60,343.06,829.47,342.33
815.50,371.86,815.56,371.89
828.03,334.09,827.56,333.61
829.96,343.06,829.87,342.91
831.86,303.74,831.82,303.90
835.60,332.28,824.62,344.34
827.40,304.35,827.30,304.52
831.86,303.74,831.85,303.57
786.16,377.56,786.03,377.70
827.92,333.95,828.55,334.23
822.88,364.15,822.92,364.55
823.53,371.58,823.54,372.12
827.40,304.35,831.86,303.74
785.77,371.11,787.01,377.40
827.03,377.32,826.84,378.11
830.15,341.09,829.87,339.29
827.46,304.17,827.40,304.35
804.04,370.42,815.36,370.68
821.99,338.92,822.13,337.10
801.65,377.54,800.35,377.49
827.01,304.77,831.58,304.15
828.03,302.64,827.84,302.88
831.30,304.47,831.58,304.15
817.81,379.24,818.85,371.86
826.65,305.10,827.01,304.77
823.33,342.37,835.39,342.56
786.34,378.02,786.03,377.70
822.33,341.53,822.29,341.33
814.76,380.45,814.47,379.24
822.33,341.77,822.53,342.26
817.35,370.42,815.92,370.33
787.31,369.81,787.31,384.01
828.62,307.91,828.81,307.57
788.90,374.64,788.86,375.10
813.14,378.95,813.30,379.66
791.45,382.83,791.64,382.39
822.92,394.98,822.82,395.47
823.37,395.06,825.10,393.56
793.84,384.70,792.99,385.03
822.38,341.75,822.33,341.53
822.99,308.64,828.62,307.91
812.41,378.25,814.54,378.25
788.02,375.46,788.19,375.73
798.55,377.61,798.59,378.12
820.66,396.72,821.17,393.46
828.43,327.35,828.91,327.47
823.25,308.29,822.99,308.64
803.49,377.86,803.68,377.64
828.03,302.64,831.97,302.09
823.62,409.97,827.34,409.41
832.61,302.64,828.03,302.64
830.15,342.99,830.43,342.89
828.55,334.23,828.75,334.26
823.25,396.30,824.29,395.51
829.28,334.05,828.55,334.23
831.18,366.89,830.36,368.58
826.91,348.49,828.66,349.22
784.02,382.87,785.23,383.57
824.66,394.84,823.86,395.02
829.76,333.50,829.08,334.02
815.83,367.25,819.18,367.25
827.03,332.67,826.81,331.77
825.48,404.12,826.29,402.55
819.70,386.45,820.12,385.87
789.40,383.57,788.21,383.94
828.03,302.64,827.80,302.72
821.70,335.53,821.01,335.53
812.79,371.16,812.95,368.67
831.95,343.01,831.63,343.36
825.51,400.18,824.67,400.06
830.39,331.65,829.93,332.66
824.15,389.53,823.95,389.36
827.37,333.38,827.94,333.82
827.50,409.87,823.86,410.62
768.72,356.74,766.72,354.13
830.84,342.73,830.57,343.04
828.09,410.12,827.50,409.87
822.33,341.77,822.38,341.75
831.20,341.68,831.06,342.27
828.40,444.58,833.85,442.72
781.94,369.82,782.67,377.40
829.03,410.21,828.09,410.12
828.81,307.57,831.30,304.47
790.51,377.76,790.26,377.54
831.69,302.38,831.76,302.17
819.23,373.47,817.10,373.64
831.20,340.41,831.25,341.04
821.73,391.61,822.70,391.32
793.47,384.44,793.44,383.60
790.87,376.56,790.23,375.31
827.96,307.43,827.64,306.93
822.99,394.58,823.54,394.01
834.94,337.38,821.72,335.50
823.61,320.32,824.42,320.30
790.73,384.50,789.79,384.58
827.56,304.21,827.78,303.00
791.37,384.41,790.46,384.33
792.28,384.60,791.33,384.68
825.03,350.91,824.08,350.83
829.96,339.14,830.26,339.03
823.10,397.97,822.70,395.72
821.90,373.09,825.10,373.20
829.60,411.20,830.28,410.71
823.67,371.99,824.98,372.02
820.69,324.64,820.74,325.08
816.09,336.00,816.46,335.80
813.11,362.15,812.23,368.37
823.01,321.16,823.58,324.46
787.47,375.57,787.35,375.66
821.43,394.21,823.54,394.01
789.34,383.97,790.46,384.33
828.47,445.37,825.12,412.92
831.82,303.90,832.17,303.78
824.60,405.31,823.56,405.58
818.96,357.48,818.67,357.36
818.67,357.36,818.63,357.40
812.23,376.29,812.44,376.69
805.57,370.93,819.53,369.48
822.81,404.85,823.78,404.59
827.56,304.21,827.68,302.94
815.50,371.86,815.55,371.74
828.03,334.09,827.47,333.49
801.55,378.30,801.54,377.93
801.73,384.74,802.75,383.76
816.69,355.34,817.01,355.24
823.01,320.33,823.61,320.32
816.45,385.75,829.68,386.64
827.48,304.42,827.56,304.21
825.22,350.91,825.70,350.96
829.69,339.45,829.96,339.14
831.27,364.52,830.49,365.44
799.49,382.59,798.12,382.51
828.29,327.35,828.78,327.47
818.07,371.15,818.03,371.54
821.83,404.45,822.81,404.85
820.02,338.53,821.01,338.73
822.02,396.24,822.51,395.42
827.05,330.77,826.94,329.66
830.74,366.49,829.65,367.43
795.99,382.54,796.15,382.29
816.45,385.75,825.66,388.90
820.95,403.43,821.83,404.45
827.48,304.42,827.46,304.17
818.19,363.49,819.19,364.42
815.35,372.53,817.33,372.69
828.84,426.36,829.30,425.59
827.30,304.52,827.40,304.35
828.91,425.92,829.30,425.59
827.35,304.64,827.40,304.35
813.13,379.17,812.91,379.54
827.35,304.64,827.48,304.42
788.29,384.48,787.35,384.40
827.30,304.52,827.35,304.64
816.80,334.35,817.32,333.18
804.38,378.84,804.16,378.41
810.95,371.38,814.39,368.71
787.25,377.61,787.35,375.66
819.26,340.81,820.13,341.36
804.38,377.04,804.23,376.82
827.75,333.63,827.18,332.84
821.65,397.34,821.97,397.00
824.26,350.84,825.22,350.91
826.19,398.20,826.11,399.51
788.34,384.21,787.44,384.14
824.52,395.40,825.79,395.66
827.01,304.77,827.30,304.52
804.90,378.08,805.19,377.92
814.37,381.00,814.51,381.60
819.73,399.96,820.18,401.83
831.69,302.38,831.76,302.17
818.51,360.77,820.86,360.78
822.68,333.17,822.29,333.32
804.66,376.39,804.38,377.04
801.65,377.54,800.35,377.49
817.13,362.49,817.73,362.38
827.06,304.89,827.01,304.77
781.94,369.82,783.53,371.05
826.97,332.93,826.90,332.69
828.85,320.45,830.30,323.81
831.40,439.01,831.59,439.32
789.50,382.90,789.21,382.59
816.74,360.00,817.45,358.80
788.10,373.64,788.04,373.56
810.92,378.73,810.85,378.25
822.68,333.17,822.68,328.36
817.32,341.49,818.00,341.49
824.85,396.74,826.08,396.87
831.85,304.23,832.09,303.99
817.35,370.42,817.24,371.65
817.40,341.53,816.83,340.93
819.73,321.73,820.59,320.91
830.43,339.26,830.68,339.52
799.93,373.33,800.09,373.64
820.24,323.65,820.05,324.08
830.15,341.09,831.06,341.05
824.22,402.34,823.47,402.61
826.65,305.10,826.64,305.26
804.56,378.03,804.42,377.87
835.17,342.36,823.01,342.46
818.72,342.41,818.04,341.72
830.15,339.19,830.43,339.26
821.71,341.01,821.92,340.90
797.26,385.16,796.27,385.25
791.66,370.93,803.69,371.42
829.69,339.45,829.96,339.14
824.30,405.00,822.81,404.85
793.76,384.43,792.85,384.50
799.33,373.78,799.45,374.18
803.43,377.84,803.49,377.86
820.11,351.84,821.14,352.82
827.52,328.61,827.80,328.89
821.49,401.81,823.04,401.45
829.57,353.78,829.69,353.92
820.96,395.23,822.99,394.58
822.99,308.64,823.25,308.29
822.54,337.35,822.58,332.49
799.54,373.20,799.24,373.61
810.54,363.62,810.23,363.75
829.62,339.57,829.87,339.29
814.52,361.54,815.53,362.84
790.96,375.34,789.97,374.34
829.62,342.65,829.42,342.24
819.41,337.26,821.99,335.30
814.76,380.45,815.90,372.30
823.08,308.77,822.99,308.64
830.04,320.46,829.54,319.69
826.81,331.77,826.73,330.76
798.12,382.51,799.49,382.59
811.24,365.32,810.69,365.57
829.42,340.00,829.62,339.57
820.24,331.66,820.66,331.31
829.33,340.50,829.47,339.92
835.50,328.56,824.20,329.41
820.68,399.42,820.56,397.96
822.40,320.87,822.63,320.93
827.80,328.89,827.98,328.68
828.81,307.57,828.62,307.91
810.84,379.23,810.84,379.91
829.29,340.54,829.42,340.00
821.01,335.53,821.35,334.10
816.59,355.57,816.59,360.71
813.50,380.88,813.51,380.77
755.56,350.51,752.78,351.92
788.04,373.56,788.23,374.05
813.19,351.42,811.96,352.86
820.42,353.42,821.34,354.92
811.30,349.26,812.98,349.39
818.04,337.26,816.09,338.74
828.62,307.91,828.91,308.01
827.18,342.91,827.14,343.19
826.88,331.82,826.80,330.76
824.49,345.00,824.41,344.94
793.69,377.56,793.90,377.40
788.41,370.84,791.66,370.93
825.63,400.75,825.15,401.31
784.50,377.99,784.99,382.20
816.38,334.74,817.32,333.18
842.61,331.07,819.77,331.07
829.09,307.66,831.53,304.60
812.74,363.24,813.42,363.24
750.09,353.47,748.52,356.57
796.80,385.02,797.76,385.10
820.96,325.13,820.76,325.56
829.56,333.48,829.08,334.02
788.75,375.49,788.58,375.74
782.07,368.63,800.84,369.07
829.25,341.13,829.29,340.54
800.59,385.38,823.18,386.88
823.54,372.12,825.41,371.67
808.25,347.07,810.33,346.58
821.13,355.13,820.62,355.26
799.68,383.78,800.88,382.83
822.31,399.29,822.20,397.97
831.53,304.60,831.30,304.47
819.19,355.16,817.26,355.18
805.19,376.12,811.63,376.39
829.47,339.92,830.34,339.72
813.07,381.81,813.87,382.36
790.96,383.67,789.76,382.73
829.56,333.48,829.76,333.50
821.90,361.68,821.51,363.32
820.12,394.05,821.30,394.12
818.85,371.86,819.25,372.30
827.80,332.33,827.98,332.53
825.59,371.05,823.77,372.17
811.57,348.69,813.34,347.01
821.10,324.61,821.10,323.72
829.93,332.66,830.14,332.68
835.71,329.87,824.05,329.82
799.32,382.48,799.57,378.17
789.60,382.48,789.21,382.59
826.63,391.20,826.42,391.26
822.96,395.96,823.86,395.02
822.56,342.18,822.38,341.75
830.47,330.53,830.18,331.64
798.75,382.63,798.96,382.30
816.37,370.45,817.83,371.67
826.90,328.65,827.21,328.53
839.22,352.83,816.67,352.83
810.95,371.38,809.87,379.24
789.24,377.71,789.56,377.66
813.13,381.52,813.00,380.96
801.40,377.77,800.13,377.71
829.62,342.65,829.69,342.78
825.21,418.83,825.54,418.81
802.50,366.39,800.96,363.36
820.96,324.00,820.76,323.61
818.04,337.26,820.02,335.76
814.64,357.54,835.13,355.96
788.12,383.26,787.15,382.45
823.39,394.84,822.63,395.84
810.84,379.91,810.84,380.88
820.79,367.46,820.36,366.64
829.96,343.06,829.62,342.65
823.30,367.94,823.45,367.99
829.87,342.91,829.62,342.65
830.15,341.09,830.43,339.26
827.46,304.17,831.85,303.57
822.38,333.12,822.33,333.12
803.96,378.53,804.23,379.07
825.66,419.58,825.54,418.81
831.23,366.97,830.05,367.98
827.94,333.82,828.43,333.95
822.40,324.66,820.72,320.87
828.23,331.98,827.98,332.53
816.83,357.09,816.76,357.10
804.23,379.07,810.66,379.38
800.10,377.69,800.31,374.63
820.96,344.95,820.72,344.44
822.29,333.32,822.38,333.12
823.81,371.65,826.71,377.17
814.52,361.54,814.88,363.05
790.96,375.34,789.90,374.98
824.05,343.33,825.85,344.39
817.03,357.49,816.95,357.52
811.14,377.33,810.38,377.64
825.15,394.29,824.46,395.34
812.39,354.51,815.49,355.53
822.36,341.40,822.29,341.33
826.97,328.42,827.21,328.53
811.63,376.39,811.92,376.77
829.99,368.29,828.83,369.92
796.10,383.76,794.51,383.66
792.35,382.49,791.11,383.45
798.96,374.62,799.45,374.18
805.61,377.94,804.16,377.46
794.67,383.22,794.42,382.89
799.99,368.63,799.62,368.80
826.63,307.27,826.98,307.04
781.94,369.82,783.41,369.89
831.01,341.64,830.89,342.17
786.34,378.02,786.35,377.66
822.33,341.77,822.88,342.24
764.72,360.00,766.19,360.00
788.95,371.21,788.04,373.56
822.53,342.26,822.88,342.24
802.20,370.84,799.99,368.63
816.59,360.71,818.42,360.71
811.92,379.73,812.23,380.19
824.08,369.20,824.26,369.20
830.04,320.46,829.75,320.41
827.56,333.61,828.03,334.09
789.15,384.63,788.19,384.71
822.90,397.92,823.64,397.44
822.22,342.46,821.99,341.91
820.86,355.30,818.51,355.33
821.14,352.82,820.53,353.78
811.14,379.16,811.09,379.81
823.01,342.46,823.36,342.44
820.76,355.15,820.86,355.30
814.89,366.17,815.07,365.91
820.06,353.48,819.61,354.56
798.65,385.26,797.76,385.10
835.60,342.44,823.01,342.46
827.56,333.61,827.75,333.63
830.67,325.75,827.46,325.98
810.90,347.84,811.57,348.69
801.50,384.48,800.36,384.85
820.86,400.11,819.61,397.91
804.66,376.39,811.09,376.67
810.52,372.69,811.22,371.31
831.68,365.40,830.74,366.49
826.41,332.11,826.25,331.46
823.26,400.80,822.55,400.65
820.86,355.30,820.86,360.78
804.23,376.82,804.16,377.46
816.62,360.77,818.51,360.77
826.73,393.98,825.77,396.15
783.35,377.87,785.33,382.02
827.81,333.82,826.66,332.61
796.67,385.26,797.66,385.34
805.19,376.12,804.71,376.70
819.41,337.26,821.61,340.58
820.50,325.73,820.24,325.60
802.75,383.76,803.03,383.99
820.12,337.14,820.02,335.76
807.89,376.03,807.72,376.40
827.80,332.33,827.52,332.65
822.21,399.91,821.99,399.00
795.94,383.99,794.73,383.03
827.51,333.38,827.16,332.67
823.01,327.62,823.36,327.60
801.73,384.74,801.50,384.48
820.02,338.53,820.12,337.14
805.00,371.30,803.68,377.64
813.41,377.92,817.32,377.81
801.50,384.48,802.75,383.76
801.13,383.66,802.75,383.76
819.26,340.81,819.72,339.80
822.38,341.75,835.77,341.75
801.50,384.48,799.89,384.38
818.68,341.48,819.26,340.81
828.17,329.92,828.21,330.58
821.66,398.72,821.99,399.00
789.58,383.35,787.15,382.45
831.40,439.01,832.41,439.04
798.96,382.30,799.57,378.17
826.26,330.06,826.40,329.46
818.04,337.26,818.68,341.48
795.37,384.85,794.00,384.76
822.06,340.84,821.66,339.21
825.85,344.39,825.55,344.71
813.12,371.05,816.54,372.84
827.51,328.05,827.94,327.55
780.91,380.80,783.26,380.93
818.04,341.72,817.40,341.53
799.45,374.18,799.49,374.64
827.80,328.89,828.02,329.34
786.34,378.02,787.68,377.72
822.56,342.18,835.17,342.36
820.89,325.39,820.74,325.08
828.68,435.19,829.08,435.25
826.62,332.40,826.40,331.95
818.96,360.78,820.83,360.72
822.79,324.48,830.73,323.78
811.93,380.71,812.01,380.76
828.65,319.92,822.82,320.48
829.74,318.84,824.42,320.30
822.68,337.31,821.53,337.38
827.48,417.56,827.81,417.55
394.29,368.27,274.70,298.84
822.42,361.75,822.01,363.46
822.85,342.17,836.07,342.17
826.90,332.69,827.21,330.65
823.62,319.50,823.61,320.32
812.23,376.29,814.37,376.29
818.51,355.33,818.51,360.77
824.15,389.53,825.84,389.08
821.66,335.53,822.06,333.85
826.80,428.34,826.68,427.62
816.63,373.12,819.70,372.12
819.32,348.42,821.18,347.97
823.33,327.67,835.58,327.67
827.14,343.19,825.97,344.02
826.86,330.76,826.94,329.74
823.56,405.58,824.51,405.09
821.72,335.50,835.08,335.50
821.72,335.50,822.12,333.79
826.84,371.58,828.66,370.78
822.65,341.69,836.27,341.69
798.22,378.14,798.21,377.77
826.94,331.77,826.86,330.76
821.58,337.38,834.94,337.38
810.93,380.90,814.12,380.61
830.18,331.64,829.75,332.58
816.50,355.50,819.24,362.01
810.28,378.24,810.92,377.77
799.20,382.90,799.49,382.59
819.15,357.07,819.09,357.36
819.96,354.68,823.11,354.69
828.56,318.83,828.63,319.70
821.72,339.24,821.58,337.38
828.79,351.91,829.91,353.75
824.24,391.44,825.38,390.42
820.86,355.30,820.76,355.15
811.96,352.86,810.96,354.49
810.26,346.66,810.33,346.58
793.87,369.83,794.83,369.89
835.08,339.24,821.58,337.38
816.84,361.26,817.45,361.20
822.56,327.90,835.59,327.90
835.71,329.87,824.05,336.99
828.93,333.88,829.08,334.02
819.41,355.21,820.76,355.15
822.06,333.85,822.12,333.79
829.93,332.66,829.39,333.36
826.66,332.61,826.40,331.95
815.32,371.13,816.01,371.53
816.08,364.17,818.28,364.74
830.09,355.75,830.36,356.87
822.36,342.36,822.85,342.17
759.59,354.87,765.13,354.79
824.56,345.32,836.23,344.90
826.97,332.93,826.66,332.61
821.66,335.53,821.72,335.50
830.26,330.53,829.98,331.60
820.07,362.40,819.94,362.66
830.06,330.53,830.26,330.53
805.19,377.92,817.24,371.65
830.18,329.42,830.06,330.53
788.09,376.02,787.86,376.12
819.15,357.07,817.25,357.09
818.50,371.18,815.38,371.18
799.53,355.80,803.06,357.85
811.37,371.18,812.37,373.51
829.56,327.67,829.75,328.53
822.05,399.86,822.34,400.20
829.39,327.80,829.75,328.53
828.93,327.34,829.08,327.20
828.85,308.43,829.49,309.55
812.41,377.19,816.46,377.37
822.77,327.40,822.22,327.63
828.03,334.09,828.55,334.23
828.55,327.07,828.93,327.34
791.45,382.83,791.29,382.58
822.36,341.40,835.74,341.40
789.11,377.85,789.43,377.80
822.52,335.18,822.11,333.47
813.52,381.60,814.51,381.60
822.04,393.57,822.61,393.27
821.99,335.30,821.61,333.69
755.56,369.49,756.31,367.18
792.07,377.84,792.27,377.64
835.11,391.32,827.84,391.32
832.41,304.42,827.48,304.42
818.67,371.74,818.84,371.68
818.76,360.91,818.76,355.17
826.80,330.76,826.88,329.70
822.43,342.39,836.61,342.40
800.10,377.69,800.20,375.21
822.98,342.36,822.53,342.26
817.81,380.07,817.81,380.49
819.27,368.68,819.34,368.80
793.53,384.21,792.20,384.83
815.63,354.33,814.75,355.97
823.01,342.46,822.98,342.36
823.54,372.12,825.41,371.67
829.26,366.24,828.14,368.08
823.25,308.29,826.65,305.10
821.46,324.13,821.31,323.82
817.97,379.22,817.89,380.06
832.52,390.09,830.83,390.22
824.33,400.76,823.36,400.63
803.23,384.21,804.51,383.22
831.69,302.38,827.68,302.94
821.35,360.92,819.33,356.15
815.55,371.74,818.67,371.74
826.41,382.96,827.03,383.20
827.11,332.75,826.88,331.82
831.05,357.86,830.74,355.74
827.92,333.95,828.43,334.08
827.46,384.18,828.90,370.68
826.07,390.70,825.11,391.16
787.59,376.00,787.35,375.66
826.40,331.95,826.26,331.37
829.56,333.48,828.93,333.88
820.86,364.87,821.34,365.08
815.45,378.11,815.39,378.43
820.36,362.51,820.20,362.85
803.67,356.87,803.86,356.87
816.85,335.61,817.23,333.98
816.61,367.27,819.97,367.27
828.99,377.43,827.03,377.32
829.21,333.26,828.78,333.76
814.04,358.21,814.21,357.85
803.95,382.59,804.57,378.41
819.47,355.64,819.33,356.15
816.27,349.19,818.03,348.46
829.29,341.71,829.25,341.13
826.84,348.42,828.61,349.15
828.81,307.57,829.09,307.66
803.34,371.27,803.69,370.33
818.10,380.45,814.76,380.45
818.72,355.54,818.74,357.07
829.79,331.57,829.56,332.50
811.40,347.73,813.39,346.90
806.28,372.11,812.77,373.07
832.28,381.85,830.39,382.03
829.79,329.52,829.86,330.54
817.65,379.22,817.57,380.06
826.50,379.94,826.84,379.87
829.56,328.61,829.79,329.52
825.21,418.83,825.66,419.58
822.04,393.57,822.72,393.37
830.77,325.59,832.26,324.16
788.86,375.10,788.75,375.49
825.38,381.29,826.70,380.82
829.21,327.91,829.56,328.61
819.37,355.15,819.01,355.26
787.91,375.06,788.02,375.46
814.53,379.22,814.45,380.06
813.51,380.77,813.36,380.62
827.03,328.80,827.37,328.05
836.68,332.22,822.49,332.23
822.33,341.53,822.36,341.40
827.37,328.05,827.51,328.05
829.72,341.59,829.22,342.83
802.50,382.93,802.71,382.67
820.25,355.63,820.11,356.14
769.27,363.38,769.24,360.00
826.25,331.46,826.81,331.77
788.39,374.62,788.19,373.50
826.81,329.74,826.94,329.74
830.68,342.60,830.43,342.89
830.67,325.75,826.93,336.04
785.23,383.57,786.41,383.94
826.94,331.77,826.73,330.76
826.73,330.76,826.86,330.76
827.03,332.67,827.16,332.67
799.15,382.73,799.32,382.48
827.37,333.38,827.51,333.38
826.45,402.68,826.85,400.54
788.39,375.83,788.58,375.74
821.00,341.90,821.61,340.58
828.78,333.76,828.29,333.95
818.98,355.54,820.83,360.72
819.70,386.45,821.08,386.88
826.06,367.97,827.29,367.67
832.09,303.99,831.82,303.90
831.69,302.38,832.02,302.29
835.71,329.87,824.05,336.99
829.06,445.86,829.46,445.87
782.67,377.40,782.63,377.90
802.07,366.64,800.46,363.49
820.50,325.73,820.24,325.60
827.32,333.02,828.29,333.95
806.24,372.03,808.25,372.92
788.12,383.26,786.68,382.54
827.66,332.88,828.78,333.76
829.21,333.26,827.66,332.88
817.14,338.97,817.03,337.39
813.46,378.25,817.52,378.43
816.29,370.74,817.57,384.07
817.57,384.07,816.79,384.18
829.79,331.57,828.23,331.98
818.04,337.26,818.68,332.97
810.38,377.64,810.92,377.77
816.92,384.58,816.79,384.18
823.28,399.94,824.33,400.76
797.30,384.98,798.60,385.38
829.28,327.18,829.56,327.67
822.63,320.93,828.94,320.17
824.57,381.44,814.03,380.88
828.39,331.31,829.79,331.57
826.74,350.35,827.60,352.54
828.55,327.07,828.75,327.04
820.12,385.87,821.43,386.28
824.08,401.98,824.57,400.97
792.51,377.86,792.27,377.64
829.79,329.52,828.44,330.57
830.18,341.88,829.28,341.13
783.36,377.51,783.35,377.87
820.36,366.64,817.86,369.15
812.23,380.19,808.07,379.86
802.89,360.00,803.22,360.00
830.07,355.78,830.36,356.87
825.36,402.23,825.80,400.36
821.62,372.27,821.69,371.73
827.27,384.07,828.55,370.74
822.36,333.26,822.38,333.12
827.21,330.65,827.80,332.33
829.21,327.91,828.23,329.18
793.29,382.24,792.91,382.36
822.40,324.66,822.79,324.48
819.41,337.26,817.23,333.98
819.53,369.48,817.68,371.27
805.19,377.92,805.00,371.30
828.17,331.24,828.02,331.84
812.20,366.89,813.40,368.29
785.11,383.07,784.16,382.26
828.29,327.35,827.66,328.36
825.10,393.56,825.68,392.12
796.96,370.69,799.62,368.80
767.72,353.56,764.90,351.47
827.32,328.27,828.29,327.35
828.02,331.84,828.23,331.98
762.24,370.41,764.90,368.52
824.04,393.46,824.86,392.04
821.78,347.86,821.69,348.27
831.05,362.14,830.74,364.25
802.84,369.61,808.93,371.12
820.83,320.39,819.73,321.73
798.93,370.75,799.99,368.63
826.97,328.42,827.81,327.55
802.20,370.84,798.93,370.75
827.37,328.05,826.97,328.42
795.43,377.47,795.23,377.26
803.74,382.93,804.24,383.03
819.24,355.38,816.99,355.18
826.41,332.11,826.26,331.37
821.99,328.18,822.22,327.63
819.24,355.38,816.92,355.38
822.58,332.49,822.49,332.23
826.41,329.32,827.03,328.80
826.81,329.74,826.41,329.32
794.78,369.82,796.14,371.05
830.73,323.78,822.79,324.48
827.09,368.74,828.73,368.79
826.20,330.73,826.25,329.99
835.17,342.36,822.98,342.36
804.71,379.17,804.66,379.49
797.13,384.92,796.17,385.00
803.94,355.75,803.67,356.87
794.79,383.68,796.04,382.71
783.03,377.92,783.51,382.11
823.74,309.96,823.65,310.29
829.08,327.20,829.39,327.80
829.29,381.19,828.99,380.58
804.04,363.13,805.26,363.92
817.44,357.49,817.03,357.49
819.73,343.51,820.83,344.89
831.01,340.46,831.06,341.05
823.08,372.17,823.67,371.99
818.88,343.18,818.57,342.83
818.88,331.43,819.77,331.07
830.02,425.20,830.35,425.71
794.73,383.03,794.56,382.78
825.39,401.60,824.19,398.08
813.19,356.20,813.33,355.97
816.38,334.74,816.83,333.73
826.41,329.32,826.62,328.98
789.40,383.57,788.21,383.94
827.03,377.32,826.71,377.17
826.26,330.06,826.40,329.46
826.26,330.06,826.25,329.99
796.80,385.02,796.89,384.75
822.78,361.37,815.23,358.20
791.69,381.95,790.60,382.87
787.31,369.81,790.60,382.87
826.21,330.72,826.26,330.06
826.26,331.37,826.21,330.72
827.51,328.05,827.81,327.55
817.68,349.22,819.43,348.49
816.91,337.42,817.05,335.51
815.07,365.91,814.64,360.75
828.43,327.22,828.55,327.07
827.56,327.83,827.92,327.42
798.35,377.40,797.20,377.34
799.47,373.31,799.71,373.21
829.86,341.60,829.36,342.83
782.93,375.31,782.93,380.61
823.91,401.20,823.36,400.63
832.14,365.32,831.55,367.21
821.79,347.01,821.25,347.93
768.72,363.26,768.63,360.00
827.21,332.77,827.66,332.88
810.90,347.84,809.87,349.73
781.55,369.81,783.39,369.83
801.50,384.48,800.46,385.13
825.71,357.89,826.04,360.00
820.86,400.11,819.78,399.99
820.76,325.56,819.72,343.36
826.43,378.98,826.77,378.99
755.64,349.44,752.42,351.14
784.38,377.63,784.62,377.57
829.95,363.13,829.76,363.13
831.33,355.26,831.27,355.48
820.86,355.12,821.51,356.68
749.15,363.08,751.47,362.33
793.90,377.40,794.14,377.21
821.26,373.07,823.26,372.25
785.92,382.29,781.58,381.46
829.10,427.12,828.91,426.82
806.93,360.00,807.10,362.17
820.86,355.12,822.01,356.54
816.76,357.10,816.56,355.56
797.73,382.39,798.22,378.14
793.55,377.69,792.27,377.64
820.76,352.49,820.79,352.54
800.46,385.13,799.48,385.22
822.06,333.85,822.68,333.17
827.97,435.96,828.68,435.19
823.25,308.29,826.65,305.10
826.68,427.62,826.62,427.14
803.29,356.87,803.06,357.85
817.68,349.22,819.80,351.23
835.39,327.40,822.77,327.40
817.68,371.27,817.45,371.42
827.75,327.81,828.22,327.26
823.24,392.70,823.40,393.16
824.43,310.51,829.73,309.86
818.67,371.13,818.50,371.18
828.93,327.34,829.39,327.80
782.93,380.61,783.26,380.93
804.05,357.85,803.88,360.00
755.56,369.49,758.64,369.98
810.77,347.75,808.93,348.88
784.99,382.20,785.15,382.45
825.21,364.17,821.34,365.08
788.34,384.21,788.29,384.48
814.53,379.22,815.56,371.89
795.80,382.11,796.40,378.02
798.93,370.75,796.96,370.69
826.97,328.42,827.32,328.27
770.09,361.61,764.72,360.00
796.95,377.54,796.81,378.04
815.47,360.51,815.66,360.44
804.57,350.85,802.07,353.35
827.03,381.52,827.44,381.99
826.88,331.82,826.80,330.76
790.26,377.54,790.48,377.77
828.23,331.98,829.56,332.50
823.01,327.62,835.24,327.62
789.15,384.63,788.29,384.48
822.22,342.46,820.72,344.44
808.19,347.15,810.26,346.66
825.56,381.52,826.10,381.52
829.35,327.91,829.70,328.61
819.41,337.26,820.24,331.66
822.40,324.66,822.77,327.40
825.71,413.30,826.02,413.80
818.04,332.79,818.68,332.97
764.51,368.07,766.72,365.87
819.80,373.60,817.65,373.77
835.71,344.31,824.05,344.74
822.91,309.04,822.91,319.50
811.22,361.89,811.66,363.74
815.99,337.37,816.09,336.00
826.81,331.77,826.20,330.73
791.61,379.39,790.96,380.65
813.74,378.63,813.52,379.09
824.42,321.12,824.42,320.30
822.88,327.80,822.53,327.83
810.23,363.75,810.96,365.51
748.68,363.26,750.18,366.19
824.80,351.94,826.25,352.40
828.17,329.92,828.39,329.84
798.96,375.83,799.16,375.74
820.83,355.32,820.83,360.72
805.19,379.76,805.64,379.47
811.48,368.37,811.62,368.25
799.23,368.42,797.36,368.42
792.83,383.56,790.24,382.63
824.87,399.67,824.97,398.21
831.49,323.82,824.41,324.44
821.99,341.91,821.99,328.18
799.71,373.21,799.81,373.10
812.74,363.24,812.36,362.45
766.72,354.13,764.51,351.92
817.65,373.77,822.98,373.70
826.21,330.72,826.26,330.06
811.40,377.92,815.45,378.11
826.63,393.88,826.19,395.43
784.73,377.94,785.33,382.02
750.00,366.43,752.51,368.52
826.90,328.65,826.97,328.42
829.62,339.57,829.87,339.29
808.60,353.73,807.77,355.73
828.03,436.45,828.66,436.50
816.09,370.24,817.20,369.08
827.37,333.38,826.41,332.11
835.90,328.38,824.56,329.24
828.75,327.04,829.28,327.18
820.31,349.07,819.28,352.09
835.39,327.52,822.85,327.52
822.43,342.39,822.37,342.36
787.80,378.09,787.68,377.72
818.04,337.26,816.83,340.93
830.73,411.99,830.60,412.74
818.04,337.26,817.40,341.53
830.15,341.09,829.62,339.57
792.24,384.41,792.45,384.17
818.84,371.68,819.27,372.15
827.11,328.73,827.47,327.95
798.96,374.62,798.58,375.46
821.92,340.90,822.54,337.35
804.57,369.15,802.07,366.64
823.62,409.97,829.77,406.21
805.57,370.93,819.68,369.07
820.19,324.65,820.25,324.15
827.66,328.36,828.78,327.47
826.68,427.62,827.04,428.37
787.31,369.81,791.69,381.95
825.87,397.13,825.68,398.91
829.87,342.91,830.15,341.09
790.26,377.54,788.98,377.49
782.93,381.95,784.02,382.87
823.58,324.46,823.01,324.46
825.55,344.71,825.85,344.39
821.38,337.41,821.52,335.56
827.21,330.65,826.40,331.95
814.98,360.52,815.17,360.32
792.35,382.49,790.60,382.87
826.66,332.61,827.37,333.38
767.72,366.43,768.72,363.26
817.67,351.45,838.62,351.45
789.50,382.90,788.16,382.82
795.37,384.85,792.67,384.00
786.85,381.46,785.60,382.10
827.51,333.38,827.94,333.82
785.92,373.70,784.66,374.34
816.46,338.97,816.35,337.39
826.90,332.69,826.62,332.40
811.09,376.67,811.49,376.99
791.21,383.46,789.76,382.73
826.45,352.57,829.59,352.58
789.90,380.93,789.90,374.98
819.41,337.26,822.13,337.10
825.66,418.06,825.98,417.62
827.84,391.32,827.19,392.49
821.66,339.21,822.06,340.84
820.54,355.74,820.42,356.16
811.79,379.10,812.08,379.25
827.64,306.93,831.56,306.93
813.41,378.57,813.46,378.25
828.63,319.70,828.85,320.45
821.99,335.30,821.61,333.69
788.19,373.50,788.39,373.41
827.43,390.88,826.75,392.12
821.53,337.38,821.66,339.21
820.25,355.63,820.11,356.14
815.60,379.06,815.83,379.30
826.98,307.04,827.64,306.93
828.02,329.34,828.23,329.18
755.48,370.41,758.70,370.54
828.21,389.90,827.43,390.88
821.66,335.53,822.68,337.31
822.53,327.83,822.33,328.39
811.50,363.76,812.23,365.53
798.75,384.75,800.36,384.85
819.72,339.80,820.02,338.53
824.19,398.08,823.60,402.09
793.58,384.53,794.49,384.61
829.73,309.86,829.74,318.84
819.86,371.58,819.70,372.12
827.40,304.35,827.48,304.42
823.56,391.79,822.60,391.43
820.74,324.20,820.89,323.86
826.41,382.96,827.44,381.99
812.70,368.26,812.03,368.26
788.98,377.49,788.78,377.69
803.60,356.87,804.04,356.87
815.49,373.60,820.81,373.88
831.63,343.36,830.26,343.15
821.30,335.51,821.71,333.77
820.74,324.20,820.69,324.64
822.68,337.31,822.06,333.85
829.56,332.50,829.21,333.26
823.12,409.81,822.01,409.33
824.62,344.34,824.39,344.33
821.10,324.61,820.89,325.39
831.40,434.06,831.72,434.58
830.51,323.87,830.73,323.78
824.03,381.44,824.57,381.44
827.81,327.55,828.29,327.35
822.36,333.26,822.38,333.12
820.15,342.13,819.46,342.13
826.66,421.99,827.05,422.04
830.99,434.01,831.40,434.06
830.47,323.64,830.51,323.87
812.44,362.35,812.36,362.45
790.76,383.88,789.50,382.90
821.10,324.61,821.46,324.13
804.98,368.69,804.80,369.05
803.82,357.87,803.38,357.85
810.38,378.84,810.92,378.73
798.35,377.40,798.55,377.61
826.93,336.04,827.00,336.19
822.97,401.14,822.34,400.20
821.13,355.13,820.62,355.26
828.01,430.78,828.40,430.83
823.01,319.51,823.01,320.33
821.00,332.44,820.24,331.66
814.41,350.07,814.80,350.51
815.07,365.91,847.43,366.39
782.49,382.21,782.82,382.49
822.98,327.73,835.24,327.62
804.19,371.65,815.36,370.68
819.15,357.07,819.15,355.21
815.24,382.89,815.22,382.54
812.98,370.60,811.30,370.74
814.47,368.61,815.92,369.85
828.17,329.92,828.21,330.58
831.58,440.23,832.41,440.59
798.75,382.63,799.32,382.48
820.66,396.72,821.41,393.57
756.58,355.85,755.45,356.99
768.72,356.74,768.14,356.91
801.73,384.74,800.46,385.13
799.19,375.88,799.03,375.57
822.54,337.35,821.92,333.87
826.88,427.56,827.01,426.81
787.42,373.31,787.26,373.61
822.12,333.79,835.50,333.79
792.07,377.84,792.27,377.64
826.20,330.73,826.73,330.76
810.97,379.51,810.07,380.38
824.05,329.82,824.05,336.99
825.07,321.38,820.76,323.61
835.90,328.38,824.56,329.24
801.28,384.09,802.55,383.10
826.65,319.82,825.17,321.23
823.04,401.45,822.11,402.52
827.60,352.85,831.82,353.31
823.25,308.29,823.32,308.41
816.03,371.38,815.83,367.25
832.41,304.21,827.78,303.00
820.64,323.62,820.76,323.61
829.88,410.67,830.28,410.71
819.41,331.43,820.24,331.66
828.40,444.58,833.27,442.19
801.66,371.21,800.31,374.63
829.62,425.15,830.02,425.20
830.77,325.59,832.58,324.41
794.04,384.09,793.03,382.93
824.44,332.27,824.39,344.33
788.95,371.21,790.26,377.54
798.43,371.11,797.20,377.34
827.68,431.21,828.01,430.78
822.40,324.66,822.65,324.33
816.75,360.91,816.75,356.17
799.23,368.42,796.96,369.89
815.11,366.34,815.99,368.41
825.47,418.13,825.70,418.15
814.41,360.67,812.67,363.20
795.33,385.04,794.35,385.12
820.59,344.40,820.83,344.89
828.44,330.57,829.86,330.54
825.18,398.81,825.12,400.73
829.42,342.24,829.29,341.71
813.93,379.59,813.79,379.28
821.99,338.92,822.52,339.03
822.06,369.61,828.14,368.08
786.85,374.22,787.51,374.89
813.93,379.59,813.79,379.28
819.73,399.96,820.53,399.44
802.75,383.76,802.11,382.83
827.02,370.45,827.19,370.93
816.24,381.09,816.10,381.68
820.96,325.13,825.07,321.38
830.45,362.13,830.22,363.13
822.29,333.32,822.36,333.26
825.32,371.15,827.02,370.45
802.94,378.33,803.30,378.01
804.91,378.46,804.90,378.08
801.65,377.54,801.66,371.21
820.05,324.08,820.24,323.65
824.05,343.33,825.55,344.71
815.92,370.33,815.87,370.42
826.84,325.45,827.54,325.83
821.92,340.90,821.52,339.25
830.22,363.13,829.76,363.13
801.41,365.08,801.44,367.94
804.91,368.79,804.57,369.15
831.06,339.84,831.01,340.46
828.21,337.92,825.85,344.39
810.52,372.69,814.71,370.75
826.41,332.11,827.03,332.67
798.55,384.76,797.26,385.16
826.08,396.87,826.19,398.20
818.78,385.10,820.12,385.87
818.98,360.72,820.83,360.72
810.84,380.88,811.43,381.56
822.64,320.33,822.82,320.48
828.39,329.84,829.79,329.52
827.68,302.94,827.80,302.72
827.29,367.67,826.25,367.60
783.66,380.65,783.26,380.93
822.43,332.26,821.71,333.77
821.38,337.41,821.52,339.25
830.34,435.27,830.70,436.02
800.35,377.49,800.10,377.69
818.04,337.26,819.26,333.57
801.66,371.21,800.35,377.49
827.52,332.65,827.66,332.88
765.30,368.86,767.23,366.19
830.89,342.17,830.68,342.60
829.54,353.48,830.49,354.56
821.10,324.61,820.74,324.20
803.35,370.24,803.69,370.33
793.37,385.04,794.46,384.89
827.81,333.82,826.97,332.93
831.06,341.05,831.01,341.64
819.41,343.08,819.41,337.26
819.41,337.26,816.85,339.19
830.18,341.88,830.12,341.14
827.21,330.65,827.21,332.77
827.92,327.42,828.03,327.28
818.47,357.54,818.54,357.48
811.49,376.99,810.66,377.10
828.23,329.18,828.17,329.92
830.15,341.09,831.01,340.46
817.35,370.42,828.90,370.68
830.68,339.52,830.89,339.93
793.12,369.81,793.87,369.83
809.95,363.79,811.24,365.32
787.29,375.12,787.19,374.59
824.19,398.08,824.22,402.34
786.11,384.02,785.96,384.24
822.02,396.24,822.07,396.18
822.12,340.91,822.06,340.84
824.77,331.94,835.76,331.94
828.03,327.28,828.43,327.22
828.73,351.23,828.42,351.84
795.42,384.80,794.46,384.89
826.26,331.37,826.25,331.46
828.85,320.45,822.91,320.32
803.43,377.84,803.68,377.64
802.50,366.39,802.07,366.64
828.23,331.98,827.80,332.33
830.15,339.19,830.43,339.26
817.76,360.00,817.85,361.18
824.79,370.26,823.09,371.30
822.85,342.56,822.85,342.17
805.00,371.30,803.43,377.84
804.57,369.15,802.50,366.39
828.83,320.03,828.51,319.76
828.44,330.57,828.17,331.24
787.25,377.61,787.86,376.12
813.05,381.49,813.42,380.35
821.61,340.58,822.11,340.79
829.29,340.54,829.42,340.00
828.94,319.70,828.86,318.85
821.34,347.09,820.37,348.05
825.68,398.91,825.63,400.75
820.66,343.11,821.47,342.19
819.32,371.58,819.88,371.99
792.07,377.84,792.51,377.86
821.28,371.95,822.70,369.75
814.88,363.05,814.52,361.54
759.59,354.87,765.13,354.79
814.80,369.49,816.27,370.81
827.52,328.61,827.80,328.89
801.08,356.68,800.69,358.32
821.18,372.02,821.28,371.95
797.13,384.92,796.27,385.25
830.26,339.03,830.57,339.11
799.49,382.59,798.59,378.12
810.26,346.66,811.37,348.81
825.71,362.11,825.88,362.12
827.03,328.80,827.16,328.80
823.01,327.62,822.98,327.73
803.30,378.01,803.49,377.86
827.66,328.36,827.80,328.89
822.33,333.12,822.29,333.32
835.60,332.28,824.62,332.28
790.74,377.71,789.56,377.66
822.11,333.47,821.47,332.13
820.06,366.53,821.14,367.19
782.29,376.56,783.66,375.34
823.01,324.46,822.90,324.45
826.81,331.77,826.94,331.77
758.64,352.45,759.59,354.87
792.28,384.33,792.85,384.50
813.34,380.33,812.95,380.34
828.17,331.24,828.39,331.31
233.50,461.38,274.70,298.84
784.50,377.99,784.73,377.94
761.96,349.98,761.73,350.51
799.94,377.85,799.96,378.19
830.57,343.04,830.26,343.15
827.84,302.88,827.80,302.72
827.46,325.98,826.84,325.45
830.71,429.62,831.03,430.14
821.10,324.61,821.31,325.35
835.08,335.50,822.12,333.79
822.91,319.50,822.91,320.32
813.02,379.10,817.32,379.06
821.72,339.24,835.08,339.24
790.48,377.77,789.24,377.71
827.81,327.55,827.94,327.55
829.42,342.24,829.47,342.33
814.62,351.44,817.30,353.04
812.23,380.19,814.56,380.19
830.07,355.78,830.33,356.87
494.17,483.16,614.47,230.02
823.85,352.40,825.27,352.48
798.96,374.62,798.43,374.60
827.47,333.49,827.11,332.75
786.41,383.94,787.58,384.67
815.99,337.37,816.35,337.39
819.68,369.07,819.53,369.48
804.38,378.84,805.61,377.94
814.66,370.34,811.30,370.87
821.52,339.25,821.16,337.42
829.98,430.00,830.31,429.57
821.46,325.02,821.51,324.57
800.62,382.39,801.22,378.25
818.74,373.63,820.90,373.80
826.40,329.46,826.62,328.98
808.19,347.15,808.25,347.07
827.32,333.02,827.21,332.77
820.64,323.62,820.89,323.86
822.56,360.00,822.42,361.75
827.80,328.89,828.02,329.34
819.72,334.53,820.67,334.10
811.70,367.21,812.20,366.89
831.63,343.36,831.27,343.49
811.49,376.99,811.14,377.33
794.78,369.82,796.27,369.89
821.86,353.30,825.01,353.31
825.07,321.38,823.95,343.18
821.97,396.41,822.59,394.71
817.46,370.33,815.92,370.33
799.88,375.61,799.65,375.90
790.74,384.55,792.02,384.95
828.69,366.70,831.82,366.69
799.62,368.80,796.96,370.69
831.13,335.79,831.13,326.67
822.54,337.35,821.92,340.90
819.41,331.43,819.77,331.07
824.20,345.15,835.86,344.73
819.73,343.51,820.59,344.40
804.04,370.42,804.19,371.65
799.15,382.73,799.32,382.48
811.16,380.76,810.92,380.55
817.83,371.67,819.70,372.12
826.62,328.98,826.90,328.65
827.21,328.53,827.52,328.61
835.76,331.94,824.77,331.94
828.94,319.70,828.63,319.70
814.47,379.24,814.39,380.07
821.64,395.70,819.75,395.84
800.56,360.00,800.19,360.00
786.11,384.02,787.35,384.40
829.21,327.91,829.35,327.91
830.04,320.46,831.49,323.82
804.99,377.69,804.76,377.92
789.90,380.93,787.51,374.89
818.98,360.72,820.83,360.72
810.92,378.73,810.85,378.25
816.91,337.42,821.16,337.42
830.59,365.32,829.69,366.08
791.86,382.73,791.64,382.39
812.67,363.20,814.89,366.17
828.91,327.47,829.21,327.91
829.08,435.25,829.41,435.77
788.21,382.63,788.05,382.39
768.06,353.47,765.60,351.02
821.79,372.99,823.77,372.17
813.14,378.95,813.25,379.63
791.45,382.83,791.29,382.58
820.41,396.68,821.17,393.46
828.78,327.47,828.91,327.47
790.74,377.71,789.56,377.66
826.25,331.46,826.21,330.72
821.35,355.14,820.34,355.14
793.33,377.87,794.15,382.02
829.35,412.64,829.87,413.15
824.05,329.82,835.50,328.56
830.73,388.82,829.07,388.69
816.91,337.42,817.05,335.51
783.35,377.87,783.95,381.94
822.79,324.48,835.52,324.48
829.93,328.44,829.98,329.47
812.41,378.25,814.73,379.81
791.29,382.58,790.79,378.30
828.43,327.35,828.78,327.47
825.10,373.20,827.11,372.36
822.33,341.77,822.68,341.75
828.36,435.62,828.68,435.19
787.86,382.51,787.40,378.12
827.21,330.65,826.62,332.40
827.30,304.52,831.82,303.90
794.17,378.03,794.00,377.87
783.66,380.65,784.66,381.65
827.21,330.65,826.26,330.06
821.35,340.19,820.67,340.19
835.50,340.91,821.72,339.24
798.55,377.61,798.99,374.58
791.12,382.70,790.65,378.28
828.29,327.35,828.43,327.35
