830.58,384.49,822.47,384.01
831.57,386.62,831.57,387.57
831.44,385.58,831.07,384.79
829.07,376.59,828.72,378.48
830.58,384.49,822.17,383.80
830.58,384.49,822.47,384.01
822.17,383.80,822.47,384.01
828.75,378.60,830.04,376.71
831.57,387.57,831.47,387.54
829.12,376.54,829.07,376.59
829.12,376.54,830.04,376.71
830.10,376.66,830.04,376.71
827.60,378.59,827.03,378.80
828.81,376.35,827.03,378.80
828.81,376.35,827.60,378.59
829.12,376.54,830.10,376.66
831.07,384.79,830.58,384.49
830.85,384.53,830.58,384.49
830.85,384.53,830.30,384.18
830.30,384.18,822.17,383.80
830.30,384.18,827.05,378.91
832.57,379.17,827.05,378.91
827.60,378.59,827.63,378.70
827.05,378.91,827.63,378.70
827.03,378.80,827.05,378.91
827.60,378.59,827.03,378.80
833.64,376.80,830.10,376.66
833.64,376.80,828.75,378.60
833.64,378.82,828.75,378.60
828.72,378.48,828.75,378.60
827.63,378.70,828.75,378.60
828.72,378.48,827.63,378.70
827.60,378.59,827.63,378.70
828.72,378.48,827.60,378.59
829.07,376.59,828.81,376.35
828.87,376.31,828.81,376.35
828.87,376.31,829.07,376.59
829.12,376.54,829.07,376.59
831.57,386.62,831.47,387.54
831.57,387.57,831.47,387.54
831.44,385.58,831.07,384.79
830.85,384.53,831.07,384.79
831.26,385.43,830.85,384.53
827.63,378.70,828.75,378.60
833.64,378.82,828.75,378.60
832.77,378.94,827.63,378.70
831.47,387.54,832.45,387.69
829.12,376.54,828.87,376.31
832.57,376.45,829.12,376.54
832.77,376.68,829.12,376.54
831.44,385.58,831.26,385.43
831.41,386.59,831.26,385.43
831.44,385.58,831.41,386.59
831.44,385.58,831.57,386.62
832.57,379.17,827.05,378.91
823.57,373.72,832.57,374.02
831.26,385.43,832.57,386.24
831.26,385.43,831.41,386.59
830.07,387.50,830.99,388.86
835.17,386.77,828.46,385.36
829.95,387.32,827.84,387.17
829.95,387.32,827.97,386.31
835.17,386.77,827.97,386.31
829.22,384.60,828.46,385.36
829.95,387.32,830.89,388.87
830.17,384.11,829.22,384.60
831.25,389.59,830.89,388.87
831.23,383.94,830.17,384.11
832.02,390.35,831.25,389.59
827.92,387.17,827.84,387.17
828.05,386.36,827.92,387.17
828.05,386.36,827.97,386.31
828.52,385.45,828.05,386.36
830.07,387.50,827.97,387.35
827.84,387.17,827.97,387.35
830.07,387.50,827.84,387.17
829.95,387.32,827.84,387.17
829.22,384.60,828.46,385.36
828.52,385.45,828.46,385.36
829.22,384.60,828.52,385.45
829.24,384.73,828.52,385.45
830.99,388.86,830.07,387.50
829.95,387.32,830.07,387.50
830.99,388.86,829.95,387.32
830.89,388.87,829.95,387.32
830.17,384.11,829.22,384.60
829.24,384.73,829.22,384.60
830.17,384.11,829.24,384.73
830.14,384.27,829.24,384.73
831.31,389.48,830.99,388.86
830.89,388.87,830.99,388.86
831.31,389.48,830.89,388.87
831.25,389.59,830.89,388.87
830.14,384.27,830.17,384.11
831.16,384.11,830.14,384.27
832.04,390.21,831.31,389.48
832.04,390.21,831.25,389.59
832.02,390.35,831.25,389.59
831.16,384.11,831.23,383.94
827.97,387.35,827.92,387.17
822.17,383.80,827.03,378.80
827.05,378.91,827.03,378.80
822.17,383.80,827.05,378.91
832.45,387.69,831.47,387.54
831.41,386.59,831.47,387.54
830.85,384.53,830.30,384.18
823.57,373.72,828.87,376.31
828.81,376.35,828.87,376.31
832.45,387.69,831.41,386.59
832.57,379.17,830.85,384.53
830.85,384.53,831.26,385.43
827.84,387.17,827.92,387.17
828.52,385.45,828.05,386.36
834.32,387.13,828.05,386.36
827.92,387.17,828.05,386.36
829.24,384.73,828.52,385.45
830.14,384.27,829.24,384.73
831.16,384.11,830.14,384.27
820.12,379.14,825.17,373.25
825.05,372.35,820.12,379.14
820.06,378.29,820.12,379.14
825.05,372.35,820.06,378.29
825.05,372.35,825.17,373.25
825.78,373.80,820.70,379.71
825.17,373.25,825.78,373.80
825.78,373.80,820.70,379.71
820.12,379.14,820.70,379.71
825.78,373.80,820.12,379.14
825.17,373.25,820.12,379.14
825.78,373.80,825.17,373.25
813.80,342.53,812.33,342.59
822.38,342.53,820.87,342.59
812.47,342.60,820.56,342.60
814.57,341.15,820.09,341.22
820.05,341.34,820.56,342.60
820.87,342.59,820.56,342.60
812.98,341.34,820.05,341.34
812.98,341.34,820.09,341.22
813.08,341.22,820.09,341.22
812.47,342.60,812.33,342.59
812.84,341.34,812.47,342.60
812.98,341.34,812.47,342.60
821.87,341.26,822.38,342.53
822.23,342.52,822.38,342.53
821.87,341.26,822.23,342.52
821.72,341.26,822.23,342.52
821.62,341.15,820.09,341.22
821.62,341.15,820.36,341.34
821.87,341.26,820.36,341.34
814.57,341.15,821.62,341.15
814.57,341.15,821.72,341.26
814.62,341.26,821.72,341.26
813.80,342.53,814.11,342.52
814.62,341.26,813.80,342.53
811.06,342.65,809.61,342.71
819.07,341.38,818.09,342.71
819.58,342.65,818.09,342.71
809.75,342.72,817.79,342.72
810.26,341.47,817.79,342.72
811.88,341.39,819.44,342.65
811.37,342.65,819.44,342.65
817.28,341.47,817.79,342.72
818.09,342.71,817.79,342.72
817.59,341.46,818.09,342.71
810.26,341.47,817.28,341.47
810.26,341.47,817.32,341.35
810.12,341.46,809.75,342.72
810.26,341.47,809.75,342.72
819.07,341.38,819.58,342.65
819.07,341.38,819.44,342.65
818.93,341.39,819.44,342.65
818.83,341.28,817.32,341.35
819.07,341.38,817.59,341.46
811.83,341.28,818.93,341.39
811.88,341.39,818.93,341.39
811.88,341.39,811.37,342.65
811.06,342.65,811.37,342.65
811.88,341.39,811.06,342.65
811.58,341.38,811.06,342.65
824.11,340.80,825.15,342.03
825.15,342.03,823.59,342.10
823.74,342.10,832.05,342.10
825.94,340.62,831.57,340.69
826.00,340.73,833.82,342.03
825.47,342.03,833.82,342.03
831.53,340.81,832.05,342.10
824.26,340.81,831.57,340.69
824.36,340.69,831.57,340.69
824.11,340.80,823.59,342.10
823.74,342.10,823.59,342.10
824.11,340.80,823.74,342.10
824.26,340.81,823.74,342.10
825.94,340.62,833.19,340.62
825.94,340.62,833.30,340.73
826.00,340.73,833.30,340.73
826.00,340.73,825.47,342.03
825.15,342.03,825.47,342.03
825.69,340.72,825.15,342.03
825.69,340.72,824.36,340.69
826.65,341.97,835.03,341.97
827.18,340.67,835.03,341.97
828.88,340.48,834.55,340.55
827.18,340.67,834.50,340.67
827.18,340.67,834.55,340.55
827.28,340.55,834.55,340.55
827.03,340.67,826.50,341.97
826.65,341.97,826.50,341.97
827.03,340.67,826.65,341.97
827.18,340.67,826.65,341.97
828.94,340.59,828.41,341.90
828.09,341.90,828.41,341.90
828.94,340.59,828.09,341.90
828.63,340.58,828.09,341.90
828.63,340.58,827.03,340.67
828.63,340.58,827.28,340.55
818.40,341.07,819.39,342.28
827.58,340.99,826.54,342.35
828.09,342.28,826.54,342.35
818.54,341.08,826.23,342.35
820.18,340.89,825.75,340.96
820.23,341.00,827.95,342.28
819.71,342.28,827.95,342.28
825.71,341.08,826.23,342.35
826.54,342.35,826.23,342.35
826.03,341.07,826.54,342.35
818.54,341.08,825.71,341.08
818.54,341.08,825.75,340.96
818.64,340.96,825.75,340.96
818.03,342.35,817.88,342.35
818.40,341.07,818.03,342.35
827.58,340.99,828.09,342.28
827.95,342.28,828.09,342.28
827.33,340.89,825.75,340.96
827.33,340.89,826.03,341.07
820.18,340.89,827.33,340.89
820.18,340.89,827.43,341.00
820.23,341.00,819.71,342.28
819.39,342.28,819.71,342.28
819.93,340.99,819.39,342.28
819.93,340.99,818.40,341.07
819.93,340.99,818.64,340.96
822.25,342.16,820.71,342.22
830.49,340.86,829.44,342.22
821.38,340.95,829.12,342.23
823.04,340.75,828.64,340.83
823.09,340.87,830.86,342.15
822.57,342.15,830.86,342.15
828.60,340.95,829.12,342.23
821.38,340.95,828.64,340.83
821.23,340.94,820.71,342.22
820.86,342.23,820.71,342.22
821.23,340.94,820.86,342.23
821.38,340.95,820.86,342.23
830.49,340.86,831.01,342.16
830.86,342.15,831.01,342.16
830.49,340.86,830.86,342.15
830.34,340.87,830.86,342.15
830.24,340.75,828.92,340.94
823.04,340.75,830.24,340.75
823.04,340.75,830.34,340.87
823.09,340.87,830.34,340.87
823.09,340.87,822.57,342.15
822.25,342.16,822.57,342.15
822.79,340.86,822.25,342.16
823.04,340.75,821.48,340.83
808.36,342.77,806.93,342.83
816.32,341.51,815.36,342.83
816.82,342.77,815.36,342.83
807.58,341.60,815.05,342.83
809.17,341.52,816.68,342.76
814.55,341.60,815.05,342.83
814.55,341.60,815.36,342.83
807.58,341.60,814.59,341.48
807.67,341.48,814.59,341.48
807.43,341.59,806.93,342.83
807.07,342.83,806.93,342.83
807.43,341.59,807.07,342.83
807.58,341.60,807.07,342.83
816.32,341.51,816.82,342.77
816.32,341.51,816.68,342.76
816.17,341.52,816.68,342.76
816.07,341.41,814.85,341.59
809.12,341.41,816.07,341.41
809.12,341.41,816.17,341.52
809.17,341.52,816.17,341.52
809.17,341.52,808.67,342.76
808.36,342.77,808.67,342.76
809.17,341.52,808.36,342.77
808.88,341.51,808.36,342.77
808.88,341.51,807.43,341.59
829.99,340.53,831.07,341.77
831.07,341.77,829.46,341.84
829.99,340.53,829.46,341.84
829.61,341.84,829.46,341.84
829.99,340.53,829.61,341.84
830.14,340.53,829.61,341.84
831.07,341.77,831.40,341.77
831.93,340.45,831.07,341.77
831.61,340.44,829.99,340.53
831.87,340.33,830.25,340.41
824.70,341.12,823.69,342.47
825.22,342.41,823.69,342.47
815.74,341.21,823.37,342.48
817.35,341.02,822.90,341.09
816.89,342.40,825.07,342.40
822.86,341.21,823.37,342.48
823.69,342.47,823.37,342.48
822.86,341.21,823.69,342.47
823.17,341.21,823.69,342.47
815.74,341.21,822.86,341.21
815.74,341.21,822.90,341.09
815.84,341.09,822.90,341.09
815.23,342.48,815.08,342.47
815.74,341.21,815.23,342.48
824.70,341.12,825.22,342.41
825.07,342.40,825.22,342.41
824.55,341.13,825.07,342.40
824.45,341.02,822.90,341.09
824.45,341.02,823.17,341.21
824.70,341.12,823.17,341.21
817.35,341.02,824.45,341.02
817.35,341.02,824.55,341.13
816.58,342.41,816.89,342.40
817.41,341.13,816.58,342.41
817.11,341.12,816.58,342.41
817.11,341.12,815.84,341.09
817.35,341.02,815.84,341.09
791.51,381.00,791.12,380.96
791.51,381.00,791.08,380.34
791.44,381.97,791.24,381.52
791.12,379.72,791.08,380.34
791.68,382.27,791.44,381.97
792.11,382.40,791.44,381.97
791.24,379.17,791.12,379.72
791.51,379.68,791.24,379.17
791.94,382.39,791.68,382.27
792.11,382.40,791.68,382.27
791.44,378.74,791.24,379.17
791.64,379.09,791.24,379.17
792.21,382.30,791.94,382.39
792.39,382.53,791.94,382.39
791.68,378.47,791.44,378.74
791.85,378.63,791.44,378.74
791.85,378.63,791.68,378.47
792.45,382.03,792.21,382.30
792.94,382.15,792.21,382.30
792.68,382.44,792.21,382.30
791.94,378.38,791.68,378.47
792.11,378.33,791.94,378.38
792.65,381.60,792.45,382.03
792.21,378.49,791.94,378.38
792.39,378.24,791.94,378.38
792.39,378.24,792.21,378.49
793.14,381.69,792.65,381.60
792.77,381.05,792.65,381.60
793.14,381.69,792.77,381.05
792.45,378.79,792.21,378.49
792.68,378.36,792.21,378.49
792.68,378.36,792.45,378.79
793.32,380.44,792.77,381.05
793.28,381.10,792.77,381.05
828.69,330.05,802.65,331.94
824.40,328.22,823.54,328.45
792.94,378.68,792.45,378.79
790.90,380.35,790.93,379.93
791.08,380.34,790.93,379.93
791.44,378.74,791.31,379.05
791.01,379.54,791.12,379.72
816.68,380.49,815.87,380.49
791.24,379.17,791.44,378.74
791.24,379.17,791.14,379.24
792.65,379.24,792.45,378.79
792.77,379.81,792.65,379.24
792.81,380.43,792.77,379.81
792.81,380.43,792.10,380.42
792.07,380.85,792.81,380.43
791.98,381.23,792.77,381.05
792.65,381.60,792.77,381.05
792.45,382.03,792.65,381.60
791.94,382.39,792.21,382.30
789.33,378.73,789.25,378.25
791.68,382.27,791.94,382.39
791.44,381.97,791.68,382.27
820.89,359.59,820.92,359.15
790.93,380.78,790.90,380.35
791.24,381.52,790.93,380.78
812.19,355.75,811.94,355.96
791.51,381.00,792.50,381.00
821.33,392.53,821.46,392.62
791.51,379.68,792.50,379.68
826.25,396.15,825.84,394.29
792.11,382.40,792.84,382.08
825.84,402.23,826.34,400.32
792.39,382.53,793.09,382.40
791.64,379.09,792.84,378.63
792.94,382.15,793.67,382.44
820.86,401.83,820.72,401.89
792.39,378.24,793.38,378.24
792.39,378.24,792.11,378.33
792.94,378.68,792.68,378.36
793.14,379.16,792.94,378.68
793.14,379.16,794.27,379.77
822.58,340.53,822.50,340.30
797.89,347.47,800.34,347.01
796.10,380.06,796.10,380.62
792.95,380.51,794.13,371.53
815.68,389.19,813.79,389.90
796.10,379.25,797.15,371.33
792.79,356.20,793.46,371.30
826.39,331.61,826.62,330.91
833.33,329.01,824.40,328.22
792.79,356.20,794.03,367.02
794.66,367.54,798.01,367.54
792.79,356.20,797.81,367.02
797.15,371.33,798.01,367.54
789.23,379.21,793.46,371.30
818.18,356.20,797.81,367.02
796.10,380.06,796.10,380.62
792.34,380.06,792.33,380.61
792.53,380.07,792.53,380.49
796.10,380.06,796.02,380.07
793.46,371.30,792.60,379.25
793.65,371.33,792.60,379.25
828.11,348.42,826.47,349.44
813.45,336.07,812.84,335.46
794.03,367.02,793.46,371.30
793.65,371.33,793.46,371.30
797.81,367.02,794.03,367.02
817.27,368.37,817.50,368.25
797.15,371.33,796.18,379.22
817.91,371.38,818.01,368.37
797.48,371.53,792.95,380.51
817.60,371.30,818.01,368.37
794.13,371.53,792.95,380.51
732.27,365.87,734.48,368.07
819.19,384.16,807.46,383.61
816.83,382.67,817.74,383.18
814.00,396.81,816.34,398.22
816.83,382.67,817.24,382.24
803.69,382.96,804.28,383.20
829.33,355.26,829.70,355.63
820.11,379.66,820.17,380.44
803.69,382.96,804.50,383.43
803.89,383.18,804.50,383.43
809.62,383.56,807.46,383.61
789.09,371.38,788.07,379.24
794.03,336.00,794.42,335.80
764.25,377.47,764.42,377.63
809.62,383.56,804.50,383.43
731.77,366.53,734.23,368.98
809.62,383.56,806.80,383.42
803.89,383.18,804.50,383.43
829.16,386.94,827.58,389.46
834.83,383.57,819.19,384.16
819.19,384.16,819.83,383.99
809.90,347.87,798.14,348.07
819.63,379.66,817.88,380.57
819.56,380.51,817.88,380.57
828.17,358.27,825.97,358.28
817.68,381.39,819.56,380.51
810.84,398.91,810.79,400.75
822.85,395.59,822.97,395.72
817.00,382.42,817.38,382.02
791.06,362.36,790.52,362.35
816.56,383.94,816.80,384.17
805.09,382.16,804.67,381.99
805.34,381.91,804.94,381.75
827.46,389.54,827.58,389.46
811.02,397.13,803.79,397.13
831.27,383.17,831.73,383.42
804.09,395.43,811.02,397.13
823.66,353.88,822.95,355.65
817.68,379.16,818.21,379.81
804.87,389.34,804.05,389.81
818.51,382.38,817.74,383.18
817.68,379.16,818.08,379.24
818.51,382.38,818.04,383.37
778.24,377.40,777.14,377.34
831.32,382.51,831.27,383.17
807.23,382.28,816.38,382.80
790.14,348.69,791.90,347.01
816.56,383.94,816.38,382.80
807.23,382.28,816.56,383.94
807.23,383.38,816.56,383.94
806.52,381.19,804.58,381.32
794.32,366.46,794.50,366.22
804.29,380.67,804.58,381.32
793.03,366.34,794.32,366.46
803.97,380.82,804.28,381.52
803.17,382.33,803.69,382.96
793.20,366.09,793.03,366.34
804.28,381.52,804.67,381.99
803.17,382.33,803.89,383.18
798.72,403.43,799.55,404.45
792.94,381.97,792.38,381.25
825.12,386.64,829.24,386.91
819.00,381.22,818.14,381.91
817.77,378.68,817.85,379.67
817.88,378.75,817.94,379.67
807.27,381.74,806.88,381.59
806.01,378.99,806.07,379.82
793.25,382.44,792.95,381.91
793.26,382.54,792.95,381.91
827.46,389.54,821.14,388.90
817.43,382.54,818.27,381.97
800.40,364.55,800.37,364.15
817.33,382.44,818.14,381.91
821.85,356.32,821.85,369.38
810.34,302.83,810.69,302.72
816.59,382.54,817.00,382.42
810.34,302.83,810.49,302.64
816.59,382.54,818.70,382.24
807.23,382.28,816.38,382.80
807.47,382.03,807.23,382.28
791.82,380.77,791.52,380.88
817.50,330.84,828.21,330.06
802.00,381.44,792.38,381.25
826.54,348.85,829.96,348.76
803.17,382.33,803.34,382.52
794.31,380.43,794.26,381.09
793.28,382.76,793.93,382.14
821.53,355.20,821.36,355.39
823.49,361.48,800.52,361.55
807.11,386.64,809.56,389.37
821.65,355.12,821.36,355.39
803.31,388.90,809.56,389.37
825.12,386.64,827.68,389.37
816.67,382.76,816.47,382.14
819.16,381.25,819.54,380.88
816.87,380.43,819.00,381.22
802.00,381.44,791.52,380.88
794.31,380.43,791.82,380.77
816.68,342.76,816.82,342.77
794.31,380.43,792.09,380.86
815.85,396.72,816.59,393.57
817.79,391.08,819.45,389.36
825.25,359.58,825.21,359.56
817.79,391.08,819.30,389.53
825.27,360.93,825.41,360.91
800.22,390.93,801.69,389.36
800.22,390.93,801.89,389.53
786.03,350.35,784.64,351.98
824.87,359.58,824.73,359.59
793.10,382.39,793.38,382.51
792.62,382.72,793.06,382.85
816.72,382.89,817.33,382.44
791.35,373.07,791.46,372.97
777.86,357.89,777.70,360.00
816.67,382.76,817.33,382.44
815.59,382.39,816.21,382.85
783.49,376.70,783.15,377.04
820.30,380.67,820.07,380.88
816.87,380.43,819.38,380.86
830.68,332.37,830.52,332.01
804.11,378.11,804.29,377.32
830.68,332.37,830.72,332.14
826.72,332.70,826.37,332.76
804.11,378.11,803.97,377.17
804.58,376.70,804.29,377.32
820.37,395.88,820.79,394.05
817.56,377.77,817.77,378.68
818.29,382.35,818.29,379.59
824.40,342.65,824.20,342.24
791.38,380.62,791.52,380.77
824.40,342.65,824.92,341.09
822.84,338.68,822.79,338.24
820.72,403.76,821.42,403.43
791.38,380.62,791.52,380.88
791.31,380.67,791.52,380.88
804.05,378.99,804.11,378.11
803.78,378.03,803.71,378.98
801.24,381.21,802.72,381.29
799.30,393.57,798.59,396.72
816.59,393.57,799.30,393.57
825.05,372.35,825.17,373.25
795.86,379.22,796.83,371.89
815.85,396.72,816.59,393.57
816.59,393.57,816.70,393.46
817.79,391.08,816.59,393.57
800.44,391.08,800.22,390.93
799.30,393.57,800.44,391.08
799.06,393.46,799.30,393.57
821.30,379.71,821.20,381.12
792.62,382.72,793.10,382.39
819.94,378.95,816.68,379.17
818.04,383.37,817.45,383.99
791.98,382.36,792.84,382.07
792.64,381.59,791.98,382.36
816.67,382.76,816.72,382.89
815.97,382.72,815.59,382.39
815.32,382.07,815.97,382.72
788.12,361.90,789.76,363.76
821.20,378.29,821.30,379.71
830.77,381.44,820.07,380.88
789.52,369.76,791.29,368.67
831.00,381.21,830.77,381.44
814.62,341.26,822.23,342.52
789.95,372.27,792.89,372.36
820.15,380.62,820.30,380.67
813.53,362.32,813.08,363.41
820.31,380.45,820.30,380.67
820.31,380.45,820.15,380.62
817.38,377.25,817.24,377.05
800.90,369.75,801.50,369.79
816.59,376.66,817.00,376.82
824.91,360.71,824.88,355.33
807.27,379.06,818.29,379.59
823.33,372.32,818.81,378.29
791.32,380.45,791.31,380.67
822.42,405.02,823.64,406.11
801.24,381.21,803.78,378.03
791.32,379.66,791.37,380.44
797.69,371.51,799.54,371.95
827.21,440.48,826.66,441.01
828.81,364.27,829.92,364.55
827.17,439.01,826.61,438.52
801.82,364.27,800.40,364.55
826.99,440.44,826.30,440.95
803.75,371.67,805.53,370.93
826.81,440.13,826.00,440.43
788.09,371.05,788.11,371.14
828.07,444.16,818.62,444.48
798.50,396.84,798.34,396.68
829.32,354.92,829.23,355.10
797.42,396.58,798.50,396.84
798.59,396.72,815.75,396.84
770.75,383.67,772.04,384.41
807.47,382.03,805.34,381.91
789.49,372.15,791.98,372.07
798.50,396.84,815.75,396.84
798.59,396.72,798.50,396.84
815.10,381.59,815.98,382.36
766.38,383.60,765.13,382.63
814.99,396.58,815.95,396.68
792.62,382.72,793.06,382.85
794.60,385.75,807.11,386.64
816.72,382.89,812.12,385.75
815.97,382.72,816.21,382.85
815.97,382.72,816.21,382.99
829.92,364.55,828.81,364.27
823.00,340.58,823.39,338.92
821.53,444.04,826.99,444.04
816.82,379.77,816.87,380.43
821.53,444.04,820.06,444.15
816.82,379.77,820.17,380.44
769.22,377.80,769.34,377.66
807.27,376.37,818.29,376.83
804.94,376.31,804.67,376.07
791.20,381.81,792.64,381.59
826.26,355.67,825.47,355.68
790.35,381.10,791.20,381.81
791.32,380.45,791.31,380.67
794.26,379.77,791.32,379.66
796.87,370.33,799.70,367.50
791.16,378.95,794.26,379.77
767.27,378.12,767.43,378.14
797.08,352.59,795.50,353.04
791.32,379.66,791.37,380.44
793.31,372.14,796.87,370.33
791.32,379.66,791.32,380.45
822.07,360.00,821.34,359.95
826.84,331.46,826.78,330.73
790.65,354.51,793.69,355.53
776.72,377.70,776.60,378.07
821.20,360.25,822.07,360.00
821.92,360.32,822.07,360.00
827.00,332.11,826.84,331.46
776.77,378.04,775.04,382.34
793.76,360.25,793.22,360.00
827.25,332.61,827.20,331.95
800.40,364.55,823.73,364.73
829.79,364.29,829.70,361.88
829.79,364.29,829.79,361.71
828.65,362.08,828.81,361.74
829.70,361.88,828.65,363.93
769.55,382.73,769.30,382.90
781.55,377.76,782.91,378.34
822.20,359.15,821.43,359.57
801.82,364.27,800.40,364.55
801.67,363.93,800.37,364.15
801.82,364.27,801.67,363.93
793.31,359.59,793.14,360.09
793.31,359.59,793.22,360.00
808.74,365.32,807.84,366.08
812.00,423.32,814.42,422.46
797.23,396.48,797.58,396.75
820.07,341.49,820.94,340.93
828.11,423.32,814.42,422.46
806.70,366.85,807.84,366.08
797.10,396.34,797.58,396.75
797.58,396.75,797.42,396.58
798.50,396.84,815.75,396.84
806.72,333.26,806.30,333.76
814.64,396.34,814.99,396.58
806.75,333.36,806.32,333.88
814.43,396.48,814.80,396.75
814.99,396.58,814.80,396.75
791.89,382.45,792.58,382.84
807.26,329.52,807.33,330.54
816.28,381.86,815.98,382.45
813.23,329.69,813.68,335.72
813.23,335.90,813.68,335.72
816.82,379.84,817.01,380.38
831.00,371.65,831.00,381.21
820.11,379.66,816.82,379.77
820.31,380.45,820.17,380.44
808.55,326.60,809.87,324.41
820.11,379.66,820.31,380.45
815.78,320.39,821.53,319.82
820.25,379.63,820.31,380.45
817.82,380.50,817.67,380.65
801.26,369.14,823.73,369.67
801.26,369.14,824.96,369.53
794.04,368.81,824.96,369.53
801.24,371.65,804.28,376.50
805.09,375.94,804.67,376.07
817.59,439.21,819.99,438.68
794.04,368.81,824.96,366.72
789.30,380.76,789.38,380.65
829.95,364.63,829.79,364.29
829.79,364.29,829.79,361.71
822.10,360.44,822.07,360.00
821.03,360.44,821.20,360.25
784.28,382.89,784.75,378.43
821.03,360.44,821.92,360.32
793.08,360.32,793.76,360.25
793.08,360.32,793.22,360.00
810.64,362.49,811.18,362.84
792.98,360.44,793.14,360.09
800.12,364.29,800.37,364.15
800.27,364.63,823.55,364.91
792.98,365.91,823.55,364.91
792.98,360.44,800.12,361.71
793.24,358.65,793.27,359.15
792.98,360.44,793.14,360.09
822.38,359.64,829.79,361.71
822.38,359.64,822.17,359.59
783.83,356.08,782.40,357.87
822.20,359.15,821.46,359.15
800.37,361.88,800.12,361.71
801.82,364.27,801.82,361.74
801.67,363.93,801.82,364.27
801.67,362.08,801.67,363.93
773.36,383.97,773.48,384.21
800.27,361.37,800.12,361.71
793.24,359.64,800.12,361.71
792.11,378.33,793.38,378.24
793.27,359.15,793.24,359.64
793.34,359.15,793.24,359.64
793.34,359.15,793.31,359.59
809.80,394.16,806.97,393.08
793.93,382.15,794.13,381.69
793.31,358.70,793.34,359.15
793.31,358.70,794.00,359.15
792.94,382.15,793.93,382.15
793.97,358.73,794.00,359.15
796.98,395.84,797.23,396.48
804.58,376.70,806.25,377.43
814.43,396.48,814.80,396.75
814.64,396.34,814.43,396.48
814.17,395.84,814.64,396.34
790.35,381.10,790.30,380.74
808.56,335.94,808.42,335.79
790.21,381.13,791.07,381.86
816.28,381.86,816.26,381.81
816.79,381.10,816.28,381.86
800.23,395.42,799.78,396.18
796.75,350.20,795.66,351.45
816.82,380.76,816.79,380.74
812.19,355.75,811.94,355.96
796.02,380.49,796.28,380.51
799.87,333.87,799.50,335.56
828.02,347.69,828.00,347.84
820.97,366.22,821.98,366.09
821.38,319.76,821.53,319.82
819.94,378.95,820.25,379.63
817.80,336.02,827.90,335.42
817.00,380.71,817.67,380.65
817.00,380.71,817.82,380.50
817.83,380.33,817.82,380.50
816.79,380.74,816.79,381.10
800.08,395.81,800.23,395.64
801.24,371.65,805.09,375.94
796.02,380.07,796.10,379.25
801.24,371.65,816.38,376.40
823.33,372.32,816.38,376.40
801.24,369.38,823.73,369.67
792.14,359.05,793.20,359.05
823.04,392.21,823.27,391.72
793.93,368.41,794.04,368.81
794.32,366.46,793.93,368.41
793.20,366.09,794.32,366.46
823.12,372.32,822.69,372.06
793.20,366.09,823.73,366.58
818.99,371.85,819.31,371.23
792.46,380.34,792.50,380.99
814.61,345.69,814.71,346.84
795.87,337.26,793.93,337.37
789.21,380.50,789.38,380.65
814.71,346.84,814.41,347.55
793.93,378.69,790.92,378.37
791.10,378.88,791.16,378.95
821.92,360.32,822.10,360.44
816.38,376.40,817.00,376.82
804.05,378.99,803.78,379.94
821.90,360.67,821.92,360.32
821.73,360.52,821.03,360.44
820.83,360.51,821.03,360.44
820.83,360.51,821.73,360.52
793.41,360.51,792.91,360.52
816.79,380.74,814.96,380.99
793.41,360.51,793.59,360.44
792.98,360.44,793.08,360.32
792.98,360.44,800.12,364.29
830.39,355.76,829.02,359.57
800.27,364.63,800.12,364.29
792.98,360.44,800.27,364.63
828.75,378.60,828.72,378.48
829.70,361.88,829.79,361.71
817.78,380.35,817.40,379.24
822.17,358.70,822.20,359.15
817.78,380.35,817.58,379.05
822.17,358.70,822.41,359.15
764.97,383.29,763.79,382.36
822.07,358.30,822.17,358.70
823.76,361.64,800.52,361.55
801.67,362.08,801.82,361.74
800.77,327.87,813.99,327.87
793.31,358.70,793.27,359.15
793.34,359.15,793.27,359.15
746.21,351.92,743.43,350.51
793.31,358.70,793.34,359.15
793.97,358.73,793.31,358.70
763.47,377.87,763.48,377.51
793.22,358.30,793.97,358.73
809.71,389.54,803.49,389.08
780.93,378.25,780.92,377.87
789.30,380.76,789.38,380.65
814.17,395.84,797.23,396.48
797.58,396.75,798.50,396.84
822.62,395.55,822.67,395.64
814.17,395.84,814.43,396.48
793.41,373.42,795.48,372.92
794.60,385.75,796.87,395.75
794.72,385.73,796.98,395.84
789.63,381.56,794.60,385.75
815.98,382.45,812.12,385.75
817.00,380.71,817.68,380.76
816.82,380.76,817.68,380.76
817.31,380.59,817.88,380.55
819.35,378.00,819.68,378.37
730.14,356.62,730.38,356.74
819.81,378.29,820.08,378.88
819.68,378.37,819.94,378.95
817.87,380.32,817.88,380.55
794.64,355.67,794.50,356.17
817.87,380.32,817.82,380.50
793.78,356.18,794.50,356.17
817.83,380.33,817.82,380.50
814.91,380.34,816.79,380.74
817.83,380.33,816.79,380.74
731.88,353.80,732.27,354.13
817.83,380.33,817.00,380.71
809.02,427.16,810.85,440.93
823.55,369.85,823.33,372.32
801.24,371.65,823.55,369.85
790.30,380.74,790.07,380.71
827.46,389.54,820.97,389.08
789.21,380.50,789.07,380.55
797.95,355.14,798.69,355.13
789.05,380.32,789.21,380.50
795.16,357.49,794.75,357.49
790.28,377.86,790.62,378.00
793.67,378.38,790.62,378.00
805.09,375.94,804.67,376.07
817.30,444.67,818.43,444.22
790.62,378.00,790.92,378.37
805.34,376.19,804.94,376.31
808.42,335.79,808.42,326.67
797.95,355.14,798.96,355.14
790.53,377.90,790.85,378.29
823.17,345.93,823.10,346.50
821.73,360.52,821.90,360.67
773.98,377.42,773.56,377.51
820.64,360.44,820.83,360.51
818.11,449.50,811.71,449.38
820.64,360.44,821.52,360.59
737.33,370.56,740.76,371.10
821.32,360.52,821.52,360.59
731.77,366.53,734.23,368.98
792.52,360.52,792.71,360.59
793.23,360.44,792.71,360.59
734.23,368.98,737.33,370.56
793.23,360.44,793.41,360.51
792.58,360.75,792.91,360.52
729.65,360.00,730.20,363.43
792.58,360.75,792.79,360.67
816.82,381.13,816.79,381.10
825.11,355.31,824.90,355.50
822.38,358.65,822.17,358.70
821.20,358.05,821.34,358.35
800.52,361.55,800.27,361.37
800.37,361.88,800.52,361.55
823.58,397.92,824.33,397.44
793.14,358.20,793.24,358.65
793.31,358.70,793.24,358.65
775.28,377.26,775.11,377.63
793.22,358.30,793.31,358.70
746.21,368.07,742.68,367.18
793.08,357.98,793.22,358.30
793.89,358.35,793.22,358.30
774.25,377.21,775.28,377.26
817.19,378.36,817.87,378.79
793.08,357.98,793.89,358.35
793.76,358.05,793.89,358.35
789.53,380.73,789.30,380.76
824.07,370.03,824.15,370.44
788.70,380.73,789.30,380.76
814.17,395.84,796.98,395.84
794.60,385.75,794.72,385.73
826.32,435.37,826.22,436.12
804.99,342.91,813.34,343.19
789.53,380.73,790.21,381.13
812.12,385.75,811.85,385.73
814.91,381.59,812.12,385.75
816.15,380.73,817.68,380.76
817.68,380.76,816.82,380.76
800.40,356.68,800.79,358.32
821.49,368.93,821.36,368.54
812.73,310.51,812.72,319.47
792.65,379.24,792.45,378.79
797.12,346.37,798.04,347.88
819.47,377.90,819.81,378.29
799.49,408.58,802.21,405.31
819.35,378.00,819.68,378.37
798.35,346.40,801.36,346.29
819.81,378.29,819.68,378.37
800.34,347.01,802.32,347.83
817.83,380.33,814.91,380.34
820.15,380.62,820.07,380.88
814.96,379.68,814.91,380.34
817.88,379.55,817.83,380.33
816.56,329.41,827.65,328.56
815.59,378.35,815.89,378.26
803.70,348.96,805.32,350.35
818.99,377.86,819.09,377.75
819.35,378.00,818.99,377.86
802.28,352.01,806.72,351.92
819.47,377.90,819.35,378.00
792.73,368.93,801.26,369.14
816.56,345.15,828.01,344.73
801.24,369.38,801.26,369.14
801.24,369.38,792.73,368.93
792.63,368.54,793.93,368.41
790.26,371.18,791.20,373.51
793.03,366.34,793.20,366.09
783.30,349.00,785.88,350.28
793.03,366.34,792.98,365.91
789.25,379.55,789.20,380.33
795.61,361.20,796.27,362.32
792.50,379.68,789.20,380.33
783.49,379.17,783.43,379.49
792.50,379.68,792.46,380.34
789.20,380.33,792.46,380.34
789.94,377.97,793.38,378.26
790.53,377.90,790.18,377.75
800.29,401.60,799.84,409.33
789.09,371.38,790.85,378.29
788.70,380.73,788.54,380.59
821.43,360.67,821.66,360.75
821.32,360.52,821.52,360.59
822.82,405.28,823.29,404.85
766.98,373.52,767.15,373.20
821.13,360.31,821.32,360.52
792.35,360.31,792.52,360.52
768.16,375.21,768.14,374.63
822.08,356.76,824.94,362.87
793.06,360.25,792.52,360.52
820.72,403.76,820.72,401.89
792.36,360.67,792.58,360.75
820.83,357.79,820.64,357.86
804.33,328.65,804.63,328.53
821.92,357.98,822.07,358.30
804.07,328.98,804.33,328.65
818.72,338.90,819.29,338.52
822.10,357.85,822.27,358.20
830.88,358.04,830.80,358.40
821.73,357.77,821.20,358.05
821.73,357.77,821.92,357.98
823.49,361.48,823.76,361.64
793.22,358.30,793.14,358.20
789.09,373.34,787.08,372.92
792.91,357.77,793.08,357.98
793.76,358.05,793.08,357.98
822.79,338.24,823.10,338.32
793.06,360.25,793.23,360.44
788.51,371.05,789.09,373.34
793.59,357.85,793.76,358.05
794.33,355.57,794.43,355.34
793.41,357.79,792.52,357.77
788.70,380.73,788.41,380.49
789.53,380.73,788.70,380.73
789.26,380.49,789.53,380.73
816.97,380.73,817.31,380.59
817.01,380.38,816.97,380.73
821.80,366.34,820.79,366.46
821.36,368.54,821.80,366.34
824.19,435.71,824.41,435.74
821.80,366.34,821.98,366.09
822.10,365.91,821.98,366.09
821.80,366.34,822.10,365.91
824.05,436.86,823.97,436.40
831.00,369.38,830.98,369.14
824.57,436.45,823.97,436.40
821.49,368.93,830.98,369.14
831.00,369.38,821.49,368.93
817.87,380.32,817.83,380.33
817.88,379.55,817.87,380.32
820.09,397.91,820.22,395.84
824.22,437.16,824.05,436.86
817.93,379.51,817.87,380.32
817.88,379.55,814.96,379.68
821.61,443.77,820.01,443.89
815.10,379.10,814.96,379.68
818.05,378.86,817.88,379.55
818.31,378.31,815.59,378.35
818.63,377.97,815.59,378.35
778.27,385.26,777.28,385.34
818.71,377.86,819.09,377.75
821.92,357.98,822.07,358.30
822.51,393.57,821.15,394.01
776.96,385.16,777.28,385.34
826.23,434.52,826.45,434.55
818.63,377.97,819.09,377.75
806.00,383.17,806.80,383.42
821.92,357.98,821.34,358.35
776.96,385.16,775.97,385.25
818.63,377.97,818.99,377.86
819.09,377.75,818.99,377.86
792.73,368.93,792.63,368.54
792.45,369.10,801.24,371.65
827.65,353.71,827.71,353.78
792.81,366.17,793.03,366.34
792.63,368.54,793.03,366.34
792.81,366.17,792.63,368.54
792.34,368.71,792.63,368.54
792.81,366.17,792.34,368.71
819.39,342.28,817.88,342.35
789.40,378.86,789.25,379.55
826.18,337.63,826.48,338.84
792.64,379.10,792.50,379.68
789.25,379.55,792.50,379.68
826.35,336.38,826.81,336.29
789.25,379.55,789.20,380.33
789.05,380.32,789.20,380.33
826.35,336.38,827.02,337.55
789.25,379.55,789.05,380.32
793.10,378.35,789.94,377.97
823.34,362.80,822.96,371.87
789.94,377.97,790.28,377.86
789.94,377.97,790.18,377.75
823.43,400.69,823.70,399.51
820.46,358.05,820.64,357.86
823.51,432.74,823.33,432.44
821.13,357.98,820.64,357.86
815.49,332.37,815.71,331.68
821.32,357.77,820.64,357.86
825.05,400.97,825.35,399.67
821.13,357.98,821.32,357.77
821.43,360.67,821.66,360.75
810.56,423.70,810.00,424.44
819.66,363.20,821.66,360.75
821.32,360.52,821.43,360.67
790.07,380.71,789.21,380.50
824.56,401.98,825.05,400.97
821.22,360.44,821.32,360.52
817.27,388.82,816.37,388.64
820.23,358.73,820.32,358.35
790.62,378.00,790.92,378.37
768.41,384.48,767.47,384.40
820.32,359.95,820.46,360.25
803.78,379.94,803.97,380.82
790.62,378.00,793.93,378.69
820.32,359.95,821.13,360.31
800.60,397.94,800.25,395.86
790.92,378.37,791.16,378.95
792.35,357.98,792.52,357.77
793.23,357.86,792.52,357.77
823.41,360.91,823.41,369.86
790.85,378.29,791.10,378.88
793.06,358.05,793.23,357.86
792.12,358.70,792.21,358.30
782.91,378.34,782.44,382.78
792.21,360.00,792.35,360.31
816.09,353.46,818.49,353.50
792.93,359.95,792.35,360.31
792.35,360.31,793.06,360.25
792.17,360.44,792.52,360.52
769.28,384.63,768.31,384.71
792.36,360.67,792.52,360.52
822.36,343.86,814.54,346.23
790.72,363.20,792.58,360.75
792.36,360.67,792.58,360.75
822.10,357.85,829.95,361.37
804.67,381.99,804.28,383.20
821.73,357.77,821.03,357.85
821.52,357.70,821.73,357.77
821.73,357.77,821.92,357.98
822.10,357.85,821.92,357.98
821.73,357.77,822.10,357.85
792.98,357.85,793.14,358.20
792.91,357.77,793.08,357.98
814.91,381.59,789.79,381.59
793.31,359.59,793.22,360.00
815.36,380.90,814.91,381.59
789.63,381.56,789.79,381.59
815.87,380.49,816.68,380.49
815.20,381.56,814.91,381.59
821.36,368.54,821.41,368.71
821.92,366.17,821.36,368.54
821.92,366.17,821.80,366.34
817.48,323.86,817.69,323.72
821.41,368.71,821.36,368.54
801.01,308.77,801.17,308.29
813.43,335.51,813.83,333.77
817.91,371.38,831.00,371.65
821.53,369.10,831.00,369.38
818.05,378.86,817.88,379.55
815.32,378.64,815.10,379.10
818.05,378.86,818.31,378.31
764.49,377.84,764.49,382.15
818.37,378.22,818.71,377.86
818.31,378.31,818.71,377.86
791.24,379.17,791.01,379.54
818.31,378.31,818.63,377.97
818.71,377.86,818.63,377.97
792.34,368.71,792.81,366.17
792.84,378.64,789.64,378.31
800.27,364.63,823.55,364.91
824.70,402.07,825.19,401.03
789.64,378.31,789.83,377.86
788.18,379.91,788.41,380.49
821.22,357.85,821.43,357.62
821.43,357.62,821.32,357.77
820.46,358.05,820.32,358.35
820.89,358.70,820.98,358.30
821.13,360.31,821.22,360.44
820.85,359.15,820.89,358.70
820.98,360.00,820.32,359.95
792.35,357.98,792.52,357.77
793.06,358.05,792.35,357.98
792.21,358.30,792.93,358.35
814.11,390.88,812.38,392.12
792.12,358.70,792.01,358.21
792.85,358.73,792.12,358.70
792.09,359.15,792.85,358.73
792.82,359.15,792.85,358.73
807.96,420.73,808.51,420.32
792.85,359.57,792.21,360.00
792.21,360.00,792.93,359.95
792.17,360.44,792.35,360.31
821.52,357.70,821.66,357.54
821.90,357.62,821.52,357.70
821.90,357.62,821.73,357.77
792.71,357.70,792.91,357.77
792.58,357.54,792.71,357.70
816.82,379.84,816.68,380.49
816.47,379.91,816.68,380.49
819.66,363.20,818.91,368.41
801.51,392.18,802.64,391.20
821.41,368.71,819.66,363.20
818.34,368.39,818.72,368.26
820.86,342.23,829.12,342.23
789.83,377.86,790.18,377.75
818.91,368.41,818.72,368.26
818.04,368.26,818.72,368.26
823.80,338.68,824.15,338.78
818.04,368.25,818.72,368.26
807.07,342.83,815.05,342.83
819.33,308.43,819.32,318.85
790.79,363.24,790.12,368.26
790.12,368.26,789.67,368.25
789.74,368.25,789.67,368.25
789.74,368.25,790.12,368.26
789.67,368.25,790.12,368.26
797.23,371.30,796.18,379.22
789.49,368.39,790.12,368.26
789.40,378.86,789.64,378.31
789.27,378.79,789.40,378.86
789.52,378.22,789.27,378.79
788.08,379.84,788.18,379.91
821.22,357.85,821.13,357.98
821.06,358.21,821.22,357.85
820.46,358.05,820.64,357.86
820.98,358.30,821.06,358.21
819.44,363.24,819.66,363.20
811.20,448.49,810.86,448.96
819.05,362.45,819.44,363.24
793.06,358.05,793.23,357.86
820.95,358.65,820.89,358.70
793.41,357.79,793.23,357.86
820.98,360.00,821.06,360.09
821.46,359.15,821.43,359.57
780.62,364.87,780.30,365.08
820.89,359.59,820.98,360.00
816.88,382.53,815.59,382.40
819.38,380.86,819.16,381.25
820.20,359.15,820.23,359.57
820.85,359.15,820.20,359.15
818.77,363.24,819.44,363.24
791.88,359.15,791.92,358.65
792.09,359.15,791.92,358.65
815.23,342.48,823.37,342.48
792.12,358.70,791.92,358.65
792.09,359.15,792.12,358.70
792.82,359.15,792.09,359.15
819.16,411.68,816.58,412.44
792.12,359.59,792.85,359.57
792.12,359.59,792.21,360.00
791.92,359.64,792.21,360.00
818.37,378.22,818.10,378.79
826.55,337.57,827.02,337.55
789.11,379.51,789.05,380.32
791.92,359.64,792.01,360.09
790.29,362.29,790.72,363.20
790.43,362.45,790.79,363.24
778.79,374.62,778.79,375.83
790.79,363.24,790.43,362.45
825.40,344.19,825.07,343.73
821.66,357.54,821.90,357.62
791.20,356.19,811.94,355.96
792.58,357.54,792.79,357.62
789.05,380.88,789.14,380.90
789.15,380.06,789.14,380.90
789.05,379.91,789.05,380.88
764.49,377.84,761.35,380.73
824.11,372.63,823.42,372.40
789.09,371.38,792.45,369.10
816.47,379.91,816.68,380.49
815.37,380.06,815.36,380.90
818.04,368.25,818.23,368.25
818.04,368.25,818.34,368.39
818.01,368.37,818.34,368.39
821.41,368.71,818.91,368.41
817.91,371.38,818.10,378.79
819.44,363.24,818.72,368.26
790.79,368.26,790.12,368.26
791.47,363.24,790.79,368.26
790.79,363.24,791.47,363.24
790.02,368.41,789.49,368.39
813.71,341.54,813.71,341.75
789.52,378.22,789.27,378.79
789.04,379.23,789.05,379.91
821.06,358.21,821.22,357.85
798.97,324.61,798.77,325.39
792.01,358.21,792.17,357.85
792.12,359.59,792.09,359.15
766.44,383.77,764.97,383.29
738.23,355.85,737.10,356.99
827.34,355.79,825.61,359.58
740.55,370.95,743.66,370.02
803.54,392.12,805.26,390.88
816.49,379.21,816.47,379.91
827.72,333.26,827.28,333.76
815.64,379.23,815.64,379.91
828.20,332.50,827.85,333.26
817.60,371.30,816.81,379.24
790.28,368.25,790.79,368.26
731.69,366.43,734.21,368.52
764.50,377.42,764.42,377.63
789.22,371.30,788.07,379.24
820.95,359.64,820.92,359.15
820.95,359.64,820.04,356.42
791.92,359.64,791.88,359.15
806.32,333.88,805.84,334.08
814.80,396.75,815.75,396.84
790.52,362.35,790.29,362.29
730.14,363.38,731.69,366.43
812.19,355.75,821.46,355.65
812.19,355.75,822.95,355.65
792.98,360.44,793.22,360.00
785.07,347.97,786.81,349.36
813.66,355.75,822.95,355.65
811.57,353.73,810.89,354.43
791.20,356.19,811.94,355.96
811.57,353.73,812.40,355.73
791.20,356.19,812.19,355.75
811.85,385.73,814.17,395.84
812.39,355.71,812.40,355.73
791.35,355.97,812.19,355.75
815.89,350.99,817.07,349.68
815.89,350.99,811.89,350.63
811.27,351.10,811.89,350.63
808.65,355.78,808.91,356.87
815.06,352.44,815.89,350.99
815.06,352.44,825.24,350.78
783.69,350.95,782.35,352.09
824.40,352.26,825.24,350.78
826.47,349.44,817.07,349.68
806.42,426.40,806.30,426.36
828.11,348.42,818.68,348.68
817.07,349.68,814.22,348.81
818.68,348.68,814.22,348.81
818.01,368.37,818.04,368.25
825.94,334.11,826.47,334.26
790.28,368.25,789.74,368.25
789.61,368.37,789.74,368.25
790.36,368.37,789.61,368.37
789.22,371.30,789.09,371.38
789.61,368.37,789.22,371.30
789.22,371.30,788.19,379.21
789.04,379.23,788.19,379.21
798.23,366.53,799.71,366.85
820.04,356.42,820.18,356.19
820.04,356.42,819.89,355.97
819.75,356.20,819.21,362.29
804.51,400.61,804.59,398.28
820.04,356.42,819.21,362.29
818.33,362.36,818.90,362.14
791.35,355.97,791.20,356.19
791.07,356.42,791.35,355.97
791.22,356.20,791.35,355.97
791.22,356.20,790.29,362.29
790.43,362.14,790.29,362.29
791.22,356.20,790.43,362.14
791.18,362.15,791.06,362.36
790.43,362.14,791.18,362.15
819.89,355.97,818.49,355.97
813.66,355.75,792.77,355.97
807.27,379.06,807.27,381.74
791.35,355.97,813.66,355.75
812.19,355.75,813.66,355.75
791.35,355.97,812.19,355.75
824.57,344.03,827.57,343.91
813.66,355.75,822.95,355.65
813.66,355.75,823.66,353.88
824.40,352.26,823.66,353.88
819.16,411.68,825.48,407.59
814.35,354.02,823.66,353.88
815.06,352.44,824.40,352.26
812.98,350.37,812.38,350.79
811.94,350.63,812.98,350.37
831.30,349.60,832.04,350.37
812.66,349.85,811.94,350.63
813.71,349.60,812.98,350.37
831.03,348.83,831.17,348.81
832.66,349.85,831.03,348.83
795.89,357.62,796.27,357.68
779.38,383.78,779.58,384.00
815.89,371.30,817.27,368.37
818.15,362.15,818.33,362.36
790.36,368.37,790.28,368.25
791.06,362.36,790.36,368.37
831.93,340.45,831.40,341.77
791.18,362.15,790.36,368.37
790.36,368.37,790.93,371.30
819.75,356.20,818.90,362.14
818.15,362.15,819.75,356.20
818.18,356.20,819.75,356.20
781.68,350.39,785.88,350.28
818.15,362.15,818.18,356.20
780.62,355.12,779.98,356.68
818.89,391.20,822.20,391.61
791.22,356.20,792.79,356.20
781.21,353.42,779.17,353.87
791.18,362.15,790.43,362.14
781.82,360.00,781.99,362.15
790.26,348.81,792.01,348.95
813.66,355.75,792.77,355.97
793.64,354.33,792.77,355.97
833.70,351.10,830.30,351.17
830.25,351.17,832.24,350.79
829.21,350.86,832.24,350.79
830.25,351.17,829.21,350.86
811.33,351.10,811.27,351.10
809.48,350.86,808.18,351.17
831.03,348.83,832.66,349.85
831.30,349.60,831.03,348.83
813.85,346.79,813.52,347.57
831.30,349.60,829.96,348.76
813.71,349.60,812.66,349.85
814.29,348.83,813.71,349.60
815.06,348.76,813.71,349.60
814.29,348.83,815.06,348.76
811.94,350.63,811.89,350.63
818.86,340.38,818.53,338.97
831.74,347.73,831.17,348.81
818.86,340.38,819.20,338.97
831.74,347.73,831.03,348.83
808.50,438.98,808.72,439.01
817.97,347.62,828.11,348.42
817.27,368.37,818.15,362.15
821.33,392.53,822.20,391.61
815.89,371.30,817.27,368.37
790.93,371.30,790.36,368.37
790.93,371.30,792.79,356.20
818.49,355.97,819.89,355.97
819.75,356.20,818.49,355.97
816.59,382.54,816.38,382.80
818.18,356.20,818.49,355.97
819.75,356.20,818.18,356.20
791.22,356.20,791.35,355.97
792.77,355.97,791.22,356.20
792.79,356.20,791.22,356.20
824.96,332.30,825.28,331.97
817.61,352.83,818.07,354.33
815.06,352.44,814.35,354.02
825.15,403.69,825.84,402.23
794.51,352.83,814.35,354.02
792.91,357.77,793.76,358.05
793.64,354.33,814.35,354.02
825.15,403.69,825.90,402.16
794.51,352.83,793.64,354.33
805.32,369.72,803.70,371.04
779.54,373.21,779.31,373.31
794.51,352.83,815.06,352.44
829.21,350.86,832.24,350.79
802.46,398.21,802.34,396.71
828.62,350.45,829.21,350.86
803.28,398.26,803.12,396.18
812.98,350.37,812.38,350.79
798.77,400.74,800.36,400.49
828.11,348.42,818.68,348.68
809.48,350.86,812.38,350.79
809.69,350.45,809.48,350.86
831.30,349.60,832.04,350.37
794.72,385.73,796.98,395.84
809.69,350.45,812.98,350.37
811.85,385.73,814.17,395.84
810.42,349.68,809.69,350.45
779.89,384.85,779.01,385.22
830.58,347.73,829.96,348.76
831.03,348.83,829.96,348.76
785.53,347.92,783.47,350.85
820.46,360.25,820.64,360.44
793.06,360.25,793.23,360.44
831.85,347.76,831.87,347.57
831.85,347.76,831.74,347.73
831.76,347.58,831.85,347.76
824.51,343.06,823.80,343.49
818.57,379.71,818.45,378.16
813.54,347.76,817.97,347.62
792.45,369.10,801.24,369.38
817.95,347.43,813.54,347.76
813.52,347.57,813.54,347.76
817.95,347.43,813.52,347.57
814.29,348.83,815.06,348.76
782.17,383.10,782.44,382.78
802.29,370.22,803.24,370.14
814.43,347.73,815.06,348.76
782.17,383.10,781.12,382.70
814.43,347.73,814.29,348.83
790.92,378.37,794.13,379.17
813.56,347.58,813.58,347.73
813.52,347.57,813.54,347.76
817.69,354.33,818.49,355.97
817.69,354.33,818.18,356.20
818.49,355.97,818.18,356.20
791.28,346.41,795.60,346.25
832.19,370.64,830.53,370.45
792.60,379.25,793.65,371.33
793.79,354.33,792.77,355.97
820.07,380.88,819.98,380.77
792.79,356.20,792.77,355.97
830.25,351.17,830.30,351.17
829.63,350.72,830.25,351.17
783.47,350.85,780.97,353.35
829.21,350.86,830.25,351.17
829.63,350.72,829.21,350.86
828.62,350.45,829.21,350.86
808.18,351.17,808.05,351.17
809.48,350.86,808.18,351.17
809.48,350.86,809.69,350.45
829.96,348.76,826.54,348.85
805.71,327.35,806.17,327.47
827.17,347.83,829.96,348.76
830.58,347.73,829.96,348.76
815.63,344.49,814.58,345.65
815.06,348.76,811.77,348.85
811.14,347.83,811.77,348.85
765.94,382.10,768.88,382.29
818.18,356.20,818.15,362.15
811.14,347.83,815.06,348.76
814.77,332.37,814.81,332.59
831.76,347.58,831.74,347.73
831.74,347.73,830.58,347.73
816.15,380.73,815.20,381.56
831.76,347.58,831.87,347.57
831.53,346.79,831.87,347.57
817.95,347.43,827.38,347.32
827.70,343.32,827.17,342.71
814.41,347.55,814.43,347.73
814.41,347.55,813.58,347.73
813.56,347.58,813.58,347.73
813.56,347.58,813.52,347.57
793.32,373.34,791.20,373.51
813.85,346.79,813.56,347.58
818.18,356.20,792.79,356.20
826.55,362.04,829.67,362.51
793.79,354.33,818.18,356.20
829.73,362.04,829.67,362.51
817.69,354.33,818.18,356.20
826.55,362.04,826.49,362.51
793.79,354.33,817.69,354.33
817.69,354.33,818.07,354.33
817.22,352.83,817.69,354.33
804.51,392.21,806.97,393.08
794.51,352.83,793.64,354.33
793.79,354.33,793.64,354.33
794.67,352.83,793.79,354.33
792.07,360.00,792.14,360.95
829.68,350.72,817.03,351.45
764.79,383.49,763.54,382.53
821.34,358.35,821.43,358.73
804.59,398.28,804.59,396.01
827.89,349.68,828.62,350.45
828.92,349.94,828.62,350.45
810.12,341.46,811.06,342.65
822.38,358.65,822.41,359.15
804.35,398.27,804.36,396.03
828.92,349.94,829.63,350.72
825.99,344.66,816.01,346.19
828.62,350.45,829.63,350.72
789.76,363.76,789.92,363.74
808.26,350.72,808.05,351.17
796.75,350.20,795.47,351.45
808.38,350.72,809.69,350.45
827.31,348.93,826.54,348.85
809.23,304.15,805.19,304.52
827.89,349.68,827.31,348.93
828.92,349.94,827.31,348.93
827.89,349.68,828.92,349.94
810.42,349.68,811.77,348.85
810.70,348.93,810.42,349.68
809.09,349.94,810.42,349.68
830.58,347.73,827.17,347.83
827.92,335.72,813.68,335.72
790.84,376.69,790.05,376.39
827.18,347.65,830.58,347.73
812.69,309.66,810.38,307.73
817.95,347.43,813.52,347.57
818.28,346.64,813.52,347.57
811.13,347.65,811.14,347.83
811.13,347.65,814.43,347.73
762.98,382.49,764.22,383.45
817.69,354.33,793.79,354.33
794.67,352.83,817.69,354.33
790.07,380.71,789.38,380.65
825.92,431.32,825.75,431.58
821.22,360.44,821.43,360.67
763.11,381.95,764.20,382.87
817.22,352.83,817.69,354.33
825.98,430.88,825.92,431.32
821.13,360.31,821.32,360.52
794.67,352.83,817.22,352.83
817.22,352.83,817.61,352.83
817.03,351.45,817.61,352.83
817.03,351.45,817.22,352.83
792.91,357.77,792.98,357.85
814.92,303.99,814.79,303.77
794.67,352.83,794.51,352.83
829.63,350.72,829.68,350.72
828.93,349.89,829.63,350.72
808.38,350.72,808.26,350.72
809.01,349.89,808.38,350.72
827.31,348.93,826.54,348.85
827.17,347.83,827.31,348.93
828.00,347.84,827.31,348.93
811.14,347.83,810.70,348.93
803.90,350.96,805.29,351.29
831.43,346.82,830.60,347.55
831.43,346.82,831.53,346.79
818.28,346.64,817.95,347.43
827.68,346.37,827.36,347.13
827.72,333.26,827.41,333.76
815.64,379.23,816.47,379.91
814.41,347.55,813.56,347.58
817.22,352.83,794.67,352.83
795.66,351.45,817.22,352.83
816.61,351.45,817.22,352.83
795.66,351.45,816.61,351.45
813.71,341.75,813.71,341.54
816.61,351.45,817.03,351.45
816.10,350.20,816.61,351.45
828.92,349.94,827.31,348.93
820.95,359.64,821.06,360.09
819.08,377.39,819.37,378.02
828.92,349.94,827.38,348.91
793.08,360.32,793.22,360.00
828.20,328.61,828.06,328.61
764.50,377.42,764.66,377.57
789.22,371.30,788.19,379.21
808.69,351.42,809.93,352.86
817.38,377.25,819.37,378.02
828.93,349.89,827.38,348.91
782.44,382.78,781.12,382.70
792.93,359.95,793.06,360.25
820.95,359.64,820.98,360.00
828.92,349.94,828.93,349.89
780.43,369.48,780.07,369.20
810.57,348.91,810.70,348.93
792.35,360.31,792.52,360.52
809.09,349.94,810.70,348.93
810.57,348.91,809.09,349.94
783.05,377.84,782.91,378.01
792.17,360.44,792.36,360.67
810.48,354.67,811.63,356.21
809.01,349.89,809.09,349.94
810.57,348.91,809.01,349.89
810.01,347.84,811.14,347.83
811.13,347.65,810.01,347.84
809.99,347.69,810.01,347.84
794.60,385.75,796.98,395.84
830.60,347.55,827.18,347.65
828.68,357.86,828.62,358.06
806.40,324.09,808.01,323.87
787.97,368.16,789.52,369.76
796.45,355.26,794.30,355.84
830.80,345.65,830.71,345.69
825.69,331.84,825.27,332.30
829.66,344.55,830.80,345.65
815.65,344.55,814.61,345.69
814.71,346.84,813.89,346.82
822.17,358.70,821.46,359.15
823.97,436.40,823.11,436.37
818.87,362.35,819.05,362.45
816.61,351.45,795.66,351.45
815.58,350.21,814.74,349.25
813.99,327.87,813.51,327.67
814.17,349.29,814.74,349.25
814.19,328.35,800.57,341.69
812.90,357.83,812.91,357.84
814.74,349.25,827.38,348.91
798.39,349.25,796.75,350.20
820.98,360.00,821.13,360.31
797.04,350.21,796.75,350.20
820.20,359.15,820.23,358.73
798.39,349.25,797.04,350.21
798.70,349.29,797.04,350.21
798.39,349.25,798.70,349.29
805.78,421.99,806.14,421.28
820.89,359.59,820.98,360.00
807.97,363.92,807.83,366.19
810.57,348.91,798.39,349.25
807.83,366.19,806.72,368.02
764.77,377.94,765.37,382.02
827.38,348.91,827.31,348.93
810.57,348.91,810.70,348.93
798.23,353.48,798.68,353.78
810.01,347.84,810.57,348.91
827.70,346.95,827.18,347.65
827.70,346.95,828.02,347.69
827.18,347.65,828.02,347.69
800.32,395.50,798.73,395.23
814.41,347.55,814.43,347.73
810.31,346.95,811.13,347.65
809.99,347.69,811.13,347.65
829.66,344.55,830.71,345.69
806.88,342.24,806.76,341.71
789.92,356.26,792.73,358.46
829.66,344.55,829.65,345.79
830.31,346.84,826.90,346.96
828.23,344.33,824.57,344.03
824.57,344.03,827.57,343.91
825.30,344.88,824.83,344.45
823.76,418.08,823.60,418.34
825.30,344.88,828.23,344.33
811.05,396.95,810.86,398.81
828.70,344.74,828.23,344.33
810.76,302.94,810.69,302.72
829.75,344.49,830.80,345.65
819.12,339.75,822.43,339.58
819.03,345.48,827.68,346.37
812.92,363.76,812.19,365.53
826.63,434.86,826.19,434.58
818.77,339.33,818.72,338.90
815.63,344.49,819.03,345.48
819.43,339.51,819.62,339.60
815.65,344.55,814.61,345.69
826.07,434.78,825.24,434.44
815.37,345.79,814.61,345.69
804.07,332.40,803.86,331.95
819.43,339.51,819.12,339.75
815.65,344.55,815.37,345.79
804.63,330.65,803.86,331.95
818.92,339.64,819.12,339.75
816.32,344.74,815.37,345.79
815.37,345.79,814.71,346.84
794.04,368.81,824.96,369.53
811.41,346.96,814.71,346.84
798.98,358.83,798.88,360.00
815.58,350.21,797.04,350.21
827.38,348.91,814.74,349.25
794.28,364.17,796.45,364.74
810.57,348.91,798.39,349.25
781.24,377.93,780.79,377.71
828.02,347.69,828.00,347.84
795.94,370.78,797.97,368.79
809.90,347.87,810.01,347.84
820.11,379.66,820.17,380.44
798.21,371.99,800.11,372.14
829.65,345.79,826.23,345.90
826.99,345.83,827.70,346.95
826.23,345.90,826.90,346.96
829.08,344.04,829.66,344.55
828.70,344.74,829.08,344.04
805.50,369.39,803.99,369.75
822.10,360.44,822.27,360.09
828.23,344.33,829.08,344.04
822.37,391.16,819.82,390.70
806.92,370.78,805.50,369.39
821.92,360.32,822.07,360.00
828.70,344.74,828.23,344.33
813.81,358.83,813.53,357.68
821.73,360.52,821.92,360.32
828.86,444.22,830.65,439.75
806.83,353.30,809.80,353.31
829.19,343.99,829.75,344.49
807.31,342.91,807.57,342.99
793.59,360.44,793.76,360.25
790.84,376.69,792.95,376.69
808.65,354.56,807.84,353.92
829.08,344.04,829.19,343.99
796.01,332.37,796.76,331.43
828.47,345.12,819.03,345.48
772.31,378.33,771.98,378.01
828.75,355.15,829.12,355.26
829.49,344.01,819.03,345.48
795.74,332.65,796.45,331.78
828.75,355.15,828.91,355.27
829.49,344.01,828.47,345.12
812.66,349.85,812.98,350.37
819.55,331.43,820.44,331.07
816.23,344.04,815.65,344.55
816.32,344.74,815.65,344.55
816.23,344.04,816.32,344.74
816.78,344.33,816.32,344.74
819.55,331.43,820.44,331.07
816.20,343.99,815.63,344.49
831.87,347.57,831.85,347.76
815.65,344.55,815.63,344.49
816.23,344.04,815.65,344.55
822.78,333.47,822.14,332.13
816.78,344.33,817.05,343.91
813.00,344.88,816.78,344.33
768.07,383.26,767.11,382.45
821.49,368.93,820.48,368.81
815.37,345.79,812.08,345.90
813.00,344.88,812.08,345.90
768.07,383.26,766.63,382.54
815.37,345.79,813.00,344.88
816.32,344.74,813.00,344.88
815.37,345.79,816.32,344.74
811.02,345.83,811.41,346.96
814.74,349.25,814.17,349.29
798.39,349.25,798.70,349.29
811.33,351.10,811.89,350.63
815.81,348.07,815.70,348.24
811.33,351.10,811.27,351.10
783.30,370.99,787.52,371.12
831.74,347.73,831.03,348.83
815.81,348.07,828.04,347.87
785.88,369.72,787.52,371.12
830.58,347.73,831.03,348.83
828.06,347.68,828.04,347.87
815.81,348.07,828.06,347.68
809.90,347.87,798.10,348.24
798.14,348.07,798.10,348.24
817.94,379.67,817.88,380.57
809.88,347.68,798.14,348.07
819.63,379.66,819.56,380.51
809.90,347.87,809.88,347.68
822.59,401.32,821.82,401.52
827.70,346.95,828.02,347.69
827.74,346.92,828.02,347.69
828.02,347.69,828.06,347.68
825.80,332.04,825.96,332.21
810.21,346.92,809.99,347.69
809.88,347.68,809.99,347.69
807.40,343.06,807.68,343.15
826.99,345.83,826.23,345.90
821.20,368.62,822.08,362.85
825.30,344.88,826.23,345.90
825.30,344.88,826.99,345.83
802.94,418.39,803.33,418.06
825.97,344.71,826.99,345.83
827.74,346.92,827.70,346.95
826.99,345.83,827.70,346.95
829.92,354.45,829.92,351.71
825.07,343.73,824.57,344.03
824.83,344.45,825.07,343.73
821.88,351.93,822.29,351.71
825.40,344.19,825.07,343.73
824.83,344.45,825.40,344.19
825.30,344.88,824.83,344.45
824.41,393.91,823.15,392.31
792.64,381.59,792.84,382.07
825.40,344.19,824.83,344.45
825.30,344.88,825.40,344.19
791.20,381.81,791.98,382.36
825.97,344.71,825.40,344.19
825.30,344.88,825.97,344.71
828.35,343.60,827.57,343.91
824.57,344.03,828.35,343.60
801.54,321.15,802.33,320.30
825.07,343.73,828.35,343.60
828.23,344.33,827.57,343.91
828.35,343.60,828.23,344.33
829.08,344.04,828.23,344.33
828.35,343.60,829.08,344.04
819.56,378.80,819.63,379.66
797.60,343.45,798.44,343.11
816.54,343.60,817.05,343.91
816.78,344.33,816.23,344.04
817.61,352.83,818.07,354.33
820.07,344.33,815.63,344.49
769.02,377.71,768.90,377.85
810.21,346.92,810.31,346.95
811.02,345.83,810.21,346.92
790.93,371.30,789.04,379.23
816.54,343.60,817.05,343.91
821.64,342.76,822.40,341.90
814.12,344.03,817.05,343.91
816.54,343.60,814.12,344.03
819.21,342.04,818.61,340.79
805.34,376.19,816.59,376.66
813.36,343.73,814.12,344.03
818.75,342.34,818.12,341.01
816.54,343.60,813.36,343.73
789.79,381.59,794.72,385.73
813.00,344.88,812.08,345.90
811.02,345.83,812.08,345.90
798.32,348.05,798.10,348.24
801.45,360.00,804.71,360.00
816.00,347.19,828.06,347.68
827.74,346.92,828.06,347.68
809.88,347.68,798.14,348.07
820.80,337.26,821.64,331.66
826.99,345.83,827.01,345.79
825.99,344.66,826.99,345.83
828.35,343.60,828.39,343.51
770.75,383.67,769.55,382.73
829.49,344.01,820.07,344.33
821.13,343.37,820.07,344.33
821.13,343.37,829.49,344.01
809.35,302.38,805.68,302.72
811.95,344.66,811.02,345.83
825.83,405.53,824.97,405.15
812.08,345.90,814.71,346.84
811.95,344.66,810.93,345.79
817.51,343.36,817.51,321.87
813.58,347.73,814.22,348.81
813.48,344.45,814.12,344.03
813.36,343.73,812.61,344.19
821.43,360.67,819.66,363.20
812.61,344.19,813.48,344.45
825.79,358.27,825.78,358.06
813.00,344.88,813.48,344.45
812.61,344.19,813.00,344.88
812.61,344.19,812.04,344.71
798.26,348.21,815.31,348.21
821.48,340.83,828.64,340.83
815.58,347.09,815.34,348.05
770.75,383.67,769.55,382.73
815.81,348.07,815.34,348.05
801.51,392.18,801.70,392.14
816.00,347.19,815.81,348.07
802.91,381.52,803.34,382.52
817.60,371.30,816.49,379.21
771.56,382.73,771.35,382.39
798.14,348.07,798.32,348.05
799.26,347.09,798.14,348.07
804.31,392.31,804.08,392.35
799.04,347.19,798.14,348.07
822.70,418.83,822.40,418.32
816.01,346.19,816.00,347.19
770.99,382.58,770.49,378.30
827.74,346.92,816.00,347.19
799.04,347.19,810.21,346.92
831.41,333.48,831.76,333.43
800.31,346.19,799.04,347.19
816.01,346.19,827.01,345.79
825.09,343.63,825.07,343.73
825.41,344.14,825.09,343.63
792.98,357.85,811.94,355.96
825.09,343.63,825.07,343.73
828.35,343.60,825.07,343.73
771.00,383.46,770.03,382.63
825.09,343.63,828.35,343.60
828.39,343.51,828.35,343.60
825.09,343.63,828.39,343.51
770.82,382.70,770.35,378.28
816.54,343.60,813.36,343.73
813.34,343.63,813.36,343.73
816.54,343.60,813.34,343.63
816.50,343.51,813.34,343.63
816.54,343.60,816.50,343.51
800.31,346.19,810.93,345.79
812.04,344.71,811.95,344.66
812.52,344.14,811.95,344.66
779.29,374.64,779.26,375.10
812.52,344.14,812.04,344.71
815.34,348.05,798.32,348.05
778.88,375.57,779.04,375.88
799.26,347.09,815.34,348.05
816.00,347.19,815.58,347.09
779.26,374.18,779.29,374.64
816.01,346.19,816.00,347.19
800.92,308.64,806.17,308.32
800.29,346.29,799.04,347.19
825.99,344.66,815.75,344.94
811.95,344.66,802.24,344.94
800.01,395.98,799.88,396.17
812.52,344.14,811.95,344.66
813.34,343.63,813.36,343.73
812.61,344.19,813.36,343.73
813.34,343.63,812.61,344.19
796.68,352.04,797.08,352.59
792.95,380.51,793.65,371.33
812.52,344.14,812.61,344.19
813.34,343.63,812.52,344.14
818.81,381.12,818.51,382.38
800.29,346.29,799.26,347.09
800.29,346.29,815.58,347.09
814.26,302.09,810.49,302.64
815.32,345.00,816.01,346.19
778.60,373.50,779.54,373.21
831.76,331.30,831.75,331.25
802.33,345.00,800.31,346.19
818.03,342.34,832.28,341.71
744.78,366.10,746.45,364.43
813.34,343.63,816.50,343.51
822.15,356.32,823.24,369.39
802.33,345.00,800.29,346.29
815.61,346.29,800.29,346.29
822.15,356.32,822.15,369.38
802.33,345.00,815.61,346.29
815.32,345.00,815.61,346.29
830.71,345.69,831.43,346.82
779.86,375.16,779.69,375.61
811.95,344.66,810.93,345.79
815.04,344.05,815.75,344.94
814.49,344.02,815.32,345.00
813.54,347.76,814.22,348.81
813.56,342.91,823.60,342.48
799.26,347.09,798.32,348.05
767.16,375.12,767.02,375.16
802.00,367.60,803.42,367.52
814.83,342.48,818.03,342.34
821.12,369.36,821.09,356.33
823.60,342.48,818.03,342.34
818.03,342.34,826.86,342.34
804.29,371.14,809.00,369.81
789.04,379.23,788.18,379.91
831.76,333.43,832.07,333.27
803.51,344.05,802.33,345.00
804.99,342.91,814.83,342.48
815.32,345.00,802.33,345.00
803.79,344.02,815.32,345.00
818.04,324.13,817.89,323.82
809.43,364.52,809.50,364.42
814.49,344.02,815.32,345.00
818.54,324.08,818.37,323.74
803.79,344.02,814.49,344.02
795.47,351.45,794.51,352.83
818.04,368.25,817.50,368.25
814.83,342.48,804.99,342.91
802.98,366.69,804.07,367.14
813.56,342.91,804.99,342.91
803.67,399.51,803.41,400.69
795.47,351.45,794.67,352.83
802.00,367.60,802.24,367.43
814.83,342.48,813.56,342.91
801.10,367.15,802.24,367.43
823.60,342.48,813.56,342.91
802.00,367.60,803.21,367.69
814.83,342.48,823.60,342.48
789.40,378.86,789.64,378.31
788.54,380.59,789.07,380.55
790.79,368.26,790.28,368.25
804.96,343.19,803.79,344.02
789.40,378.86,792.84,378.64
788.54,380.59,789.30,380.76
804.96,343.19,814.49,344.02
813.34,343.19,814.49,344.02
804.96,343.19,813.34,343.19
815.61,346.29,815.58,347.09
804.96,343.19,813.34,343.19
813.56,342.91,813.34,343.19
820.89,382.38,820.42,383.37
815.75,344.94,816.01,346.19
821.06,360.09,820.95,359.64
804.99,342.91,813.56,342.91
821.06,360.09,819.21,362.29
804.99,342.91,803.51,344.05
824.87,440.21,824.99,440.99
800.29,346.29,800.31,346.19
803.79,344.02,803.51,344.05
804.99,342.91,803.79,344.02
809.50,364.74,809.43,364.52
804.96,343.19,803.79,344.02
804.99,342.91,804.96,343.19
818.10,360.25,818.07,360.25
796.99,371.68,796.83,371.13
822.11,428.85,822.47,428.90
796.99,371.68,796.66,371.18
802.24,344.94,800.31,346.19
815.06,352.44,811.27,351.10
797.40,372.15,796.83,371.13
830.31,346.84,830.60,347.55
815.06,352.44,815.89,350.99
797.40,372.15,797.48,371.53
798.05,367.27,797.31,367.25
797.14,367.34,797.31,367.25
819.45,389.36,821.14,388.90
796.65,371.02,797.14,367.34
802.69,321.38,798.37,323.48
821.83,320.08,823.58,324.14
793.96,367.25,794.01,367.34
793.53,371.02,793.96,367.25
793.96,367.25,794.69,367.27
794.15,371.38,794.69,367.27
794.15,371.38,793.96,367.25
793.47,370.97,793.96,367.25
792.67,379.24,794.03,372.30
792.11,382.40,793.09,382.40
796.29,380.45,797.38,372.30
792.74,379.22,793.71,371.89
817.31,380.59,817.68,380.76
802.27,344.33,828.35,333.40
827.60,331.61,827.54,331.98
795.86,379.22,796.83,371.89
794.13,371.53,794.15,371.38
793.47,370.97,794.13,371.53
793.48,371.13,794.13,371.53
789.05,379.91,789.15,380.06
793.53,371.02,793.47,370.97
793.48,371.13,793.47,370.97
793.53,371.02,793.48,371.13
793.54,371.18,793.48,371.13
793.53,371.02,793.54,371.18
793.54,371.18,793.53,371.02
796.65,371.02,793.54,371.18
828.93,349.89,829.68,350.72
796.66,371.18,793.54,371.18
828.92,349.94,829.63,350.72
796.65,371.02,796.66,371.18
796.82,370.97,796.65,371.02
796.82,370.97,796.66,371.18
796.83,371.13,796.66,371.18
796.82,370.97,796.83,371.13
796.83,371.13,796.82,370.97
797.50,371.38,796.83,371.13
797.48,371.53,796.83,371.13
797.50,371.38,797.48,371.53
815.64,379.23,815.45,379.22
797.00,371.86,797.38,372.30
797.40,372.15,797.38,372.30
797.00,371.86,797.40,372.15
823.24,369.39,823.24,356.32
814.83,342.48,818.03,342.34
795.89,357.62,795.99,358.82
796.99,371.68,797.40,372.15
797.00,371.86,796.99,371.68
815.32,345.00,815.75,344.94
796.99,371.68,797.00,371.86
802.24,344.94,800.31,346.19
796.83,371.89,796.99,371.68
796.82,371.74,796.99,371.68
821.68,343.33,817.51,343.36
793.47,370.97,793.96,367.25
793.71,371.89,796.83,371.89
796.82,371.74,796.83,371.89
820.64,413.77,820.85,413.79
789.74,368.25,789.67,368.25
772.24,384.60,771.29,384.68
793.71,371.89,796.82,371.74
811.87,400.73,810.81,400.73
793.70,371.74,796.82,371.74
789.74,368.25,789.49,368.39
772.24,384.60,771.33,384.41
793.71,371.89,793.70,371.74
794.51,352.83,808.05,351.17
793.65,371.86,793.71,371.89
793.65,371.86,793.70,371.74
793.64,371.68,793.70,371.74
793.65,371.86,793.64,371.68
771.15,382.83,770.82,382.70
804.60,428.37,804.90,428.85
825.45,421.97,825.82,422.01
793.64,371.68,793.65,371.86
810.30,304.21,805.38,304.42
810.93,345.79,810.21,346.92
813.56,342.91,814.49,344.02
794.03,372.30,793.64,371.68
820.50,369.06,820.50,356.62
813.34,343.19,814.49,344.02
794.05,372.15,793.64,371.68
798.05,367.27,797.31,367.25
793.96,367.25,798.05,367.27
794.69,367.27,798.05,367.27
793.96,367.25,794.69,367.27
792.94,380.45,792.59,380.43
795.94,380.43,792.94,380.45
796.29,380.45,792.94,380.45
792.66,380.06,792.66,380.32
822.06,426.38,822.42,426.43
796.99,371.68,796.83,371.13
795.78,380.32,792.66,380.32
795.78,380.06,795.78,380.32
795.78,380.06,792.66,380.06
795.86,379.22,795.78,380.06
792.74,379.22,795.86,379.22
795.78,380.32,792.66,380.32
795.78,380.32,792.59,380.43
767.02,375.16,767.06,374.59
821.12,369.36,821.09,369.36
798.96,355.14,797.95,355.14
823.60,342.48,826.86,342.34
792.66,380.32,792.59,380.43
792.66,380.06,792.66,380.32
808.95,304.47,804.55,305.10
830.74,332.34,830.35,332.71
815.58,347.09,815.34,348.05
795.94,380.43,795.78,380.32
795.94,380.07,795.94,380.43
797.63,343.36,797.65,343.51
792.67,379.24,792.60,380.07
792.66,380.06,792.60,380.07
792.67,379.24,792.66,380.06
792.74,379.22,792.66,380.06
792.67,379.24,792.74,379.22
795.86,379.22,795.78,380.06
795.86,379.22,795.94,380.07
795.86,379.22,796.01,379.24
794.01,367.34,797.14,367.34
794.01,367.34,797.31,367.25
808.55,326.60,808.56,335.94
793.96,367.25,797.31,367.25
794.01,367.34,793.96,367.25
829.68,350.72,830.30,351.17
815.94,381.00,816.58,381.52
816.58,381.52,816.45,380.96
815.94,381.00,816.41,380.34
816.41,380.34,816.45,380.96
816.79,381.97,816.58,381.52
791.14,377.24,790.81,377.19
815.89,380.33,816.45,379.72
816.45,379.72,816.41,380.34
816.57,382.40,816.79,381.97
817.04,382.27,816.79,381.97
815.94,379.68,816.58,379.17
816.58,379.17,816.45,379.72
813.04,344.73,802.37,345.32
801.26,369.14,823.73,369.67
816.88,382.53,817.04,382.27
828.47,345.12,827.68,346.37
817.33,382.39,817.04,382.27
816.08,379.09,816.58,379.17
819.29,339.25,818.72,338.90
764.21,377.47,764.35,377.98
816.79,378.74,816.58,379.17
816.88,382.53,817.33,382.39
822.38,395.79,822.51,395.81
817.19,382.44,817.33,382.39
817.61,382.30,817.33,382.39
831.40,332.37,831.82,331.79
825.79,358.27,825.90,358.21
816.30,378.63,817.04,378.47
817.04,378.47,816.79,378.74
817.87,382.03,817.61,382.30
796.51,355.53,796.62,355.26
817.33,378.38,817.04,378.47
817.68,381.69,817.87,382.03
796.60,355.54,796.69,355.31
818.08,381.60,817.87,382.03
817.68,381.69,818.21,381.05
817.68,381.69,818.08,381.60
817.87,378.79,817.61,378.49
809.73,340.29,808.62,341.04
817.82,381.10,818.21,381.05
817.87,380.44,818.21,381.05
818.25,380.43,818.21,381.05
817.68,379.16,817.87,378.79
818.08,379.24,817.87,378.79
817.87,380.44,818.25,380.43
795.78,380.06,795.78,380.32
818.21,379.81,818.25,380.43
807.33,413.15,807.02,412.65
795.78,380.06,795.94,380.43
818.21,379.81,818.08,379.24
815.58,347.09,815.81,348.07
805.06,423.32,804.94,424.07
817.04,378.47,817.33,378.38
817.04,378.47,817.78,379.00
817.61,378.49,817.33,378.38
788.26,380.38,788.54,380.59
803.51,344.05,812.52,344.14
814.61,346.78,814.79,347.16
817.97,379.07,817.33,378.38
804.60,426.92,805.28,426.43
800.29,346.29,799.26,347.09
814.48,302.17,814.44,302.30
803.79,344.02,802.33,345.00
817.78,379.00,817.33,378.38
771.08,376.56,771.30,377.96
788.26,380.38,788.70,380.73
817.97,379.07,817.78,379.00
819.21,362.29,819.66,363.20
817.87,378.79,817.61,378.49
817.97,379.07,817.61,378.49
818.15,379.28,817.97,379.07
810.12,341.46,809.61,342.71
816.41,380.34,817.17,379.93
817.13,380.35,817.17,379.93
825.80,332.04,825.53,332.55
810.21,346.92,809.88,347.68
816.79,378.74,817.58,379.05
817.26,379.54,817.17,379.93
792.94,380.45,792.67,379.24
816.58,379.17,817.26,379.54
805.35,304.17,805.56,302.94
815.75,344.94,816.01,346.19
817.40,379.24,817.26,379.54
816.58,379.17,817.40,379.24
816.79,378.74,817.40,379.24
802.04,391.44,803.27,390.67
818.08,379.24,817.87,378.79
817.78,379.00,817.58,379.05
818.30,379.59,817.87,378.79
818.10,365.40,818.07,365.40
779.98,374.10,780.11,374.63
796.82,371.74,796.66,371.18
818.15,379.28,817.87,378.79
818.30,379.59,818.15,379.28
818.21,379.81,818.08,379.24
818.30,379.59,818.08,379.24
806.92,369.49,805.35,370.45
818.39,379.99,818.30,379.59
817.17,379.93,817.13,380.35
818.42,380.42,818.21,379.81
806.92,369.49,805.62,370.81
818.39,379.99,818.21,379.81
818.39,380.85,818.42,380.42
818.08,381.60,818.21,381.05
818.30,381.23,818.39,380.85
817.87,382.03,818.08,381.60
818.30,381.23,818.08,381.60
818.15,381.53,818.30,381.23
817.61,382.30,817.87,382.03
818.15,381.53,817.87,382.03
814.58,345.65,813.89,346.82
817.97,381.72,818.15,381.53
805.78,384.18,807.21,370.68
816.15,380.73,816.82,380.76
817.33,382.39,817.61,382.30
813.89,346.82,813.56,347.58
817.78,381.77,817.97,381.72
817.78,381.77,817.61,382.30
817.97,381.72,817.61,382.30
816.97,380.73,817.68,380.76
813.89,346.82,814.41,347.55
817.78,381.77,817.97,381.72
817.04,382.27,817.33,382.39
817.40,381.49,817.58,381.70
817.58,381.70,817.33,382.39
817.78,381.77,817.33,382.39
817.58,381.70,817.78,381.77
816.79,381.97,817.04,382.27
817.58,381.70,817.04,382.27
817.40,381.49,817.58,381.70
816.45,380.96,817.13,380.35
819.21,362.29,819.44,363.24
806.52,440.05,806.83,439.62
816.58,381.52,816.79,381.97
798.06,369.08,798.69,369.20
829.61,355.74,829.32,355.45
816.58,381.52,817.26,381.17
803.85,423.18,803.97,422.43
816.79,378.74,817.04,378.47
817.17,380.78,817.26,381.17
816.58,381.52,817.17,380.78
803.96,423.95,803.85,423.18
816.58,379.17,816.45,379.72
796.62,370.24,796.39,370.33
816.45,380.96,817.17,380.78
816.58,381.52,816.45,380.96
829.04,360.92,829.66,362.66
809.83,439.83,809.71,440.59
816.08,381.60,814.96,381.00
815.09,381.60,814.96,381.00
829.04,360.92,829.48,362.76
816.08,381.60,815.09,381.60
815.89,380.33,814.91,380.33
815.94,381.00,814.91,380.33
814.96,381.00,814.91,380.33
815.94,381.00,814.96,381.00
816.30,382.08,816.08,381.60
811.02,345.83,810.31,346.95
815.09,381.60,816.08,381.60
825.78,362.63,825.66,362.37
816.30,382.08,815.09,381.60
810.93,345.79,810.21,346.92
815.31,382.08,815.09,381.60
825.78,362.63,825.96,362.74
816.30,382.08,815.31,382.08
815.94,379.68,815.89,380.33
815.89,380.33,814.96,379.68
815.89,380.33,814.91,380.33
814.43,347.73,811.14,347.83
796.82,370.97,797.31,367.25
816.57,382.40,816.30,382.08
815.31,382.08,816.30,382.08
796.82,370.97,798.05,367.27
806.56,435.25,806.87,435.77
816.57,382.40,815.31,382.08
807.85,353.76,807.83,353.81
815.34,348.05,815.70,348.24
827.97,387.35,827.84,387.17
796.82,370.97,797.14,367.34
815.94,379.68,815.09,379.09
815.94,379.68,814.96,379.68
815.59,382.40,816.57,382.40
815.89,382.53,815.59,382.40
816.30,378.63,816.08,379.09
794.19,350.15,795.82,349.15
810.21,346.92,809.88,347.68
816.08,379.09,815.31,378.63
815.09,379.09,815.31,378.63
807.63,440.99,807.51,441.74
817.40,381.49,817.04,382.27
816.08,379.09,815.09,379.09
816.10,350.20,817.03,351.45
825.30,356.21,825.19,355.79
807.21,439.68,807.51,440.21
817.17,380.78,817.13,380.35
815.89,382.53,816.88,382.53
806.83,439.62,807.21,439.68
816.45,380.96,816.41,380.34
816.20,382.44,815.89,382.53
812.73,310.51,817.89,318.84
815.31,378.63,815.59,378.33
817.46,382.15,817.19,382.44
816.88,378.24,816.57,378.33
816.57,378.33,815.89,378.24
815.59,378.33,815.89,378.24
816.57,378.33,815.59,378.33
816.88,378.24,816.20,378.36
815.89,378.24,816.20,378.36
816.88,378.24,815.89,378.24
817.82,381.10,817.68,381.69
816.69,381.69,817.68,381.69
830.31,346.84,830.60,347.55
808.11,429.62,808.42,430.14
817.82,381.10,816.69,381.69
812.04,344.71,811.02,345.83
816.83,381.10,816.69,381.69
827.26,367.46,828.71,360.92
797.50,371.38,798.05,367.27
817.82,381.10,816.83,381.10
817.19,378.36,816.47,378.68
810.04,324.35,809.87,324.41
801.67,362.08,801.82,361.74
816.20,378.36,816.47,378.68
822.67,402.62,823.37,402.90
814.91,381.59,811.85,385.73
817.19,378.36,816.20,378.36
817.87,380.44,817.82,381.10
823.48,400.76,823.06,401.20
828.04,347.87,827.38,348.91
817.87,380.44,816.83,381.10
816.88,380.44,816.83,381.10
817.87,380.44,816.88,380.44
817.46,378.68,816.69,379.16
737.33,349.44,740.76,348.89
788.07,379.24,788.08,379.84
816.47,378.68,816.69,379.16
771.86,383.29,772.64,382.26
816.88,380.44,817.87,380.44
817.19,382.44,816.88,382.53
817.82,379.77,816.88,380.44
825.41,344.14,825.99,344.66
814.02,329.84,814.79,331.42
816.83,379.77,816.88,380.44
767.48,369.81,771.86,381.95
825.40,344.19,825.97,344.71
808.06,434.44,808.37,434.01
817.19,382.44,815.89,382.53
817.82,379.77,816.83,379.77
817.68,379.16,816.83,379.77
817.68,379.16,816.69,379.16
829.84,362.01,829.84,356.14
824.30,416.27,824.40,415.51
829.84,362.01,829.04,356.15
829.04,360.92,829.04,356.15
813.46,333.79,813.68,333.26
807.59,435.22,807.94,435.19
826.40,360.91,826.40,356.17
829.93,372.64,833.07,372.64
825.61,361.99,826.40,356.17
767.91,373.64,768.08,374.10
825.61,361.99,825.61,356.18
779.17,366.13,780.29,367.99
823.91,324.43,827.06,324.16
826.40,360.91,829.04,360.92
798.47,399.42,800.08,399.29
822.23,355.18,824.61,355.18
822.21,362.48,825.36,362.48
825.30,362.01,825.36,362.48
825.30,362.01,822.21,362.48
809.35,302.38,809.42,302.17
822.16,362.01,822.21,362.48
825.36,362.48,825.52,362.82
825.74,362.95,825.52,362.82
822.37,362.82,825.52,362.82
822.59,362.95,822.37,362.82
811.13,347.65,811.14,347.83
826.33,362.85,829.50,362.85
830.71,345.69,831.43,346.82
829.50,362.85,829.67,362.51
817.19,378.36,816.88,378.24
826.49,362.51,829.50,362.85
829.65,345.79,830.31,346.84
826.33,362.85,829.50,362.85
826.49,362.51,829.67,362.51
816.87,380.43,819.68,380.77
825.47,355.68,825.61,356.18
826.40,356.17,825.61,356.18
804.47,325.32,806.23,324.14
825.89,355.30,825.47,355.68
804.47,325.32,806.55,324.43
793.82,362.37,793.78,361.99
825.89,355.30,826.26,355.67
833.95,365.49,827.79,365.32
798.10,348.24,810.57,348.91
825.39,355.17,825.11,355.31
828.90,355.64,829.04,356.15
829.84,356.14,829.04,356.15
829.70,355.63,829.84,356.14
828.53,355.27,828.90,355.64
829.33,355.26,829.70,355.63
811.65,363.75,810.92,365.51
816.49,379.21,816.82,379.84
828.03,355.14,828.53,355.27
812.92,363.76,810.92,365.51
816.81,379.24,816.82,379.84
828.83,355.13,828.53,355.27
793.64,371.68,793.48,371.13
829.33,355.26,828.53,355.27
822.59,362.95,825.74,362.95
828.82,360.92,827.82,365.41
826.99,345.83,826.90,346.96
826.10,362.97,822.59,362.95
828.83,355.13,828.03,355.14
825.36,362.48,825.78,362.63
829.79,362.40,829.50,362.85
829.67,362.51,829.50,362.85
825.96,362.74,825.78,362.63
809.67,302.29,809.78,302.25
815.89,371.30,818.18,356.20
825.52,362.82,825.78,362.63
825.74,362.95,825.52,362.82
825.74,362.95,825.96,362.74
829.28,362.97,829.66,362.66
801.06,394.84,800.25,395.86
829.28,362.97,829.48,362.76
825.30,362.01,825.36,362.48
825.66,362.37,825.36,362.48
796.26,357.40,796.11,357.54
825.30,362.01,825.66,362.37
790.54,366.89,790.29,367.13
814.35,354.02,824.40,352.26
825.61,361.99,825.66,362.37
814.43,396.48,797.23,396.48
829.67,362.51,829.79,362.40
798.10,348.24,798.39,349.25
821.98,448.64,820.96,449.08
775.20,384.53,775.83,384.72
829.73,362.04,829.67,362.51
823.39,337.57,827.90,337.32
825.30,356.21,825.30,362.01
830.80,345.65,831.53,346.79
825.61,361.99,825.30,362.01
825.30,356.21,825.61,361.99
823.57,373.72,822.17,383.80
791.82,377.92,791.87,378.25
825.61,356.18,825.61,361.99
825.19,355.79,825.30,356.21
825.61,356.18,825.30,356.21
825.47,355.68,825.61,356.18
824.90,355.50,825.19,355.79
780.79,377.71,781.11,377.77
809.90,347.87,810.57,348.91
817.10,335.51,817.10,330.57
817.68,379.16,816.69,379.16
825.47,355.68,825.19,355.79
825.11,355.31,825.47,355.68
809.99,347.69,810.01,347.84
829.84,356.14,829.73,362.04
801.24,369.38,823.55,369.85
829.73,356.16,829.73,362.04
829.70,355.63,829.84,356.14
775.13,385.04,773.84,384.95
809.88,347.68,809.90,347.87
829.73,356.16,829.84,356.14
829.70,355.63,829.73,356.16
829.61,355.74,829.73,356.16
792.74,379.22,793.65,371.86
829.61,355.74,829.70,355.63
829.32,355.45,829.61,355.74
828.83,355.13,829.33,355.26
824.48,355.38,824.90,355.50
815.37,345.79,814.71,346.84
824.48,355.38,825.11,355.31
829.02,357.08,828.96,357.40
811.41,346.96,811.13,347.65
824.61,355.18,825.11,355.31
811.41,346.96,814.41,347.55
824.61,355.18,824.48,355.38
789.05,380.32,789.07,380.55
801.11,401.32,800.76,400.70
822.16,355.38,822.23,355.18
828.83,355.13,829.33,355.26
829.32,355.45,829.33,355.26
828.83,355.13,829.32,355.45
828.90,355.34,829.32,355.45
828.90,355.34,828.83,355.13
826.48,355.13,828.90,355.34
826.55,355.34,828.90,355.34
827.18,347.65,827.17,347.83
826.48,355.13,826.55,355.34
829.79,362.40,829.66,362.66
827.02,355.14,824.39,355.17
822.23,355.18,827.02,355.14
826.48,355.13,827.02,355.14
822.23,355.18,826.48,355.13
824.39,360.91,827.02,360.92
829.04,360.92,824.39,360.91
829.04,360.92,826.40,360.91
827.02,360.92,824.39,360.91
824.39,355.17,827.02,360.92
827.02,355.14,827.02,360.92
824.39,355.17,827.02,355.14
828.79,357.54,827.23,357.52
823.24,437.15,823.54,437.67
828.51,355.16,828.91,355.27
829.12,355.26,829.23,355.53
826.54,355.18,826.92,355.29
817.75,324.15,817.92,323.78
826.54,355.18,826.72,355.29
807.35,320.41,807.15,319.69
826.83,355.56,826.92,355.29
826.72,355.29,826.92,355.29
807.35,320.41,806.54,319.70
826.83,355.56,826.72,355.29
827.69,424.39,827.35,424.05
826.59,357.09,827.06,357.37
827.01,357.09,827.06,357.37
823.64,406.11,826.30,420.72
827.19,357.49,826.64,357.37
827.06,357.37,826.64,357.37
779.13,383.56,780.11,382.73
778.27,385.26,777.28,385.34
828.52,357.07,828.46,357.36
828.92,357.07,828.46,357.36
734.48,368.07,734.24,364.43
827.19,357.49,826.78,357.49
828.33,357.48,827.19,357.49
825.66,362.37,825.78,362.63
828.33,357.48,828.75,357.48
828.52,355.21,828.51,355.16
828.91,355.27,828.52,355.21
815.38,344.44,800.71,342.68
818.47,381.04,818.18,382.24
828.51,355.16,828.52,355.21
799.70,335.50,800.08,333.79
819.82,389.51,818.45,389.10
826.59,355.23,828.51,355.16
812.12,385.75,825.12,386.64
817.78,380.66,817.57,381.54
826.54,355.18,828.51,355.16
807.21,370.68,806.85,370.74
811.02,345.83,810.31,346.95
826.59,355.23,826.54,355.18
827.01,355.57,826.91,355.33
826.92,355.29,826.91,355.33
827.01,355.57,826.92,355.29
827.03,355.56,826.92,355.29
827.01,357.09,827.01,355.57
827.03,355.56,827.01,355.57
827.03,357.10,827.03,355.56
794.32,366.46,794.50,366.22
827.03,357.10,827.01,357.09
827.06,357.37,827.03,357.10
827.09,357.40,827.06,357.37
827.19,357.49,827.09,357.40
827.23,357.52,827.09,357.40
828.75,357.48,827.19,357.49
793.20,366.09,794.50,366.22
827.23,357.52,827.19,357.49
828.79,357.54,827.23,357.52
828.96,357.40,828.79,357.54
800.59,324.33,800.73,324.48
828.79,357.54,828.75,357.48
814.58,345.65,813.85,346.79
829.02,355.53,828.91,355.27
828.85,355.31,828.91,355.27
829.02,357.08,829.02,355.53
795.87,337.26,794.03,336.00
828.94,355.54,829.02,355.53
827.60,353.78,827.65,353.71
828.92,357.07,828.94,355.54
828.96,357.40,828.89,357.36
828.92,357.07,828.96,357.40
828.92,357.07,829.02,357.08
824.98,355.24,826.32,355.24
826.74,360.71,824.91,360.71
828.77,355.21,827.43,355.21
824.98,355.18,827.37,355.15
827.26,355.30,827.37,355.15
824.88,355.33,827.26,355.30
828.51,355.16,826.54,355.18
828.51,355.16,824.98,355.18
827.37,355.15,824.98,355.18
829.20,355.54,829.20,360.72
827.35,360.72,829.20,360.72
829.20,355.54,827.35,360.72
827.26,355.30,827.26,360.78
824.88,360.77,827.26,360.78
824.88,355.33,824.88,360.77
827.26,355.30,824.88,355.33
824.88,360.77,826.77,360.77
829.17,360.78,824.88,360.77
827.26,360.78,824.88,360.77
829.17,360.78,827.26,360.78
828.77,355.21,827.43,355.21
827.37,355.15,827.43,355.21
828.77,355.21,827.37,355.15
828.89,357.36,828.75,357.48
828.75,355.15,827.37,355.15
828.89,357.36,828.79,357.54
828.75,355.15,828.77,355.21
827.79,442.72,828.17,442.05
826.72,355.29,826.36,355.18
826.32,355.24,826.36,355.18
813.85,346.79,813.52,347.57
770.03,382.63,769.39,382.48
829.20,355.54,829.12,355.26
827.35,355.32,827.26,355.30
827.35,360.72,827.35,355.32
827.26,360.78,827.35,360.72
824.98,355.18,824.98,355.24
824.88,355.33,824.91,355.35
824.91,360.71,824.88,360.77
826.83,355.56,826.72,355.29
826.83,355.56,826.65,355.34
826.74,355.57,826.65,355.34
826.74,355.57,826.83,355.56
776.25,383.58,777.70,382.82
826.74,360.71,826.74,355.57
769.30,382.90,769.01,382.59
826.74,360.71,824.91,360.71
769.30,382.90,769.39,382.48
826.74,360.71,824.88,360.77
779.73,377.85,779.60,378.22
829.23,360.72,826.77,360.77
829.17,360.78,826.77,360.77
800.37,361.88,800.52,361.55
779.73,377.85,779.75,378.19
829.23,360.72,829.17,360.78
827.35,360.72,827.26,360.78
825.97,344.71,826.99,345.83
829.17,360.78,827.35,360.72
829.20,360.72,827.35,360.72
829.23,360.72,829.23,355.53
829.20,360.72,829.23,360.72
823.43,405.15,823.95,405.53
826.64,357.37,826.78,357.49
828.52,357.07,826.59,355.23
826.59,357.09,826.59,355.23
774.98,385.16,777.28,385.34
828.52,357.07,828.46,357.36
780.13,377.49,779.90,377.69
826.59,357.09,828.52,357.07
794.10,362.74,797.34,362.76
797.10,355.18,794.78,355.18
794.10,362.82,797.24,362.82
810.78,336.83,827.77,337.38
822.10,365.91,829.95,364.63
794.30,362.95,794.10,362.82
797.57,362.97,797.77,362.85
817.69,324.61,817.89,323.82
800.95,362.85,797.77,362.85
801.10,362.51,797.92,362.51
812.23,360.00,812.08,361.92
829.54,371.27,833.06,372.50
801.16,362.04,801.10,362.51
811.76,360.00,811.61,361.83
797.98,362.04,797.92,362.51
795.00,355.30,794.64,355.67
818.81,381.12,818.51,382.38
827.35,355.32,827.43,355.21
790.07,380.71,789.38,380.65
793.91,355.68,794.64,355.67
813.53,327.90,813.11,327.73
794.28,355.31,793.91,355.68
813.53,327.90,800.92,327.73
794.28,355.31,795.00,355.30
795.51,355.17,794.28,355.31
794.78,355.18,794.28,355.31
824.98,355.18,826.36,355.18
795.51,355.17,794.78,355.18
797.81,355.63,796.94,356.15
797.95,355.14,797.44,355.27
778.94,382.73,779.11,382.48
797.45,362.95,800.74,362.97
778.75,382.30,779.36,378.17
797.57,362.97,794.30,362.95
767.06,374.59,766.92,374.58
801.09,355.13,798.69,355.13
767.02,375.16,766.92,374.58
798.96,355.14,798.69,355.13
815.36,380.90,815.20,381.56
793.95,362.48,793.94,362.63
831.01,438.68,831.44,439.21
797.63,362.40,797.52,362.66
794.10,362.74,794.30,362.95
797.52,362.66,797.34,362.76
797.57,362.97,797.52,362.66
797.77,362.85,797.52,362.66
797.57,362.97,797.77,362.85
777.75,383.67,778.94,382.73
793.95,362.48,793.82,362.37
778.54,382.63,778.75,382.30
797.63,362.40,797.92,362.51
795.94,349.22,796.68,352.04
797.68,362.01,797.63,362.40
793.78,356.18,793.78,361.99
780.32,382.39,780.93,378.25
793.89,362.01,793.78,361.99
829.23,360.72,829.23,355.53
793.89,356.21,793.89,362.01
793.91,355.68,793.78,356.18
793.89,356.21,793.78,356.18
794.01,355.79,793.89,356.21
778.42,377.61,779.75,378.19
827.25,426.13,826.99,424.79
794.28,355.31,793.91,355.68
794.01,355.79,793.91,355.68
797.68,356.14,797.68,362.01
798.09,355.74,797.98,356.16
797.68,356.14,797.98,356.16
797.81,355.63,797.68,356.14
785.65,357.84,785.48,360.00
798.38,355.45,798.09,355.74
797.81,355.63,798.09,355.74
785.32,360.00,785.49,362.17
798.18,355.26,797.81,355.63
794.72,355.38,794.28,355.31
798.69,355.13,797.44,355.27
778.35,385.02,777.38,385.10
777.57,383.46,778.54,382.63
825.15,372.38,823.36,372.10
794.29,355.50,794.28,355.31
780.58,382.83,780.75,382.58
794.72,355.38,794.29,355.50
794.78,355.18,797.10,355.18
797.04,355.38,794.78,355.18
797.04,355.38,794.72,355.38
798.69,355.13,798.38,355.45
798.18,355.26,798.38,355.45
798.69,355.13,798.18,355.26
798.81,355.34,801.16,355.34
798.96,355.14,801.09,355.13
797.10,355.18,798.96,355.14
797.10,355.18,796.51,355.17
798.96,360.92,798.96,355.14
796.51,355.17,798.96,360.92
796.51,355.17,796.51,360.91
824.22,437.16,824.57,436.45
794.49,357.10,794.30,355.56
794.49,357.10,794.49,355.56
794.30,360.71,796.11,357.54
824.57,436.45,824.41,435.74
796.51,360.72,796.32,355.53
782.28,371.27,782.62,371.42
817.28,324.64,817.75,325.13
796.81,355.16,796.43,355.27
796.98,355.15,796.62,355.26
796.62,355.26,796.43,355.27
796.32,355.53,796.62,355.26
796.32,355.53,796.51,355.53
794.30,355.56,794.60,355.29
794.30,355.56,794.49,355.56
775.20,384.53,775.21,384.80
794.98,357.09,795.04,357.37
795.04,357.37,794.62,357.37
794.75,357.49,795.04,357.37
796.17,357.48,796.30,357.36
796.37,357.07,796.30,357.36
796.72,357.36,796.30,357.36
826.70,435.32,826.65,435.77
815.32,378.64,815.59,378.35
796.37,357.07,796.72,357.36
796.77,357.07,796.72,357.36
796.59,357.48,794.75,357.49
807.17,351.97,807.21,354.24
793.95,362.48,794.10,362.82
796.59,357.48,795.16,357.49
796.43,355.27,796.77,355.21
798.34,396.68,799.06,393.46
796.81,355.16,796.77,355.21
796.81,355.16,795.00,355.18
794.98,355.23,796.81,355.16
794.98,355.23,796.77,355.21
794.60,355.29,795.00,355.18
794.98,355.23,795.00,355.18
794.66,355.33,794.98,355.23
794.49,355.56,794.60,355.29
795.94,349.22,798.00,351.23
797.68,362.01,797.92,362.51
794.66,355.33,794.60,355.29
794.49,357.10,794.49,355.56
794.56,357.09,794.56,355.57
794.55,357.40,794.49,357.10
794.56,357.09,794.49,357.10
794.62,357.37,794.56,357.09
794.67,357.52,794.55,357.40
826.83,426.03,826.99,424.79
794.29,355.50,793.91,355.68
794.62,357.37,794.55,357.40
794.75,357.49,794.62,357.37
796.17,357.48,794.67,357.52
794.75,357.49,794.67,357.52
796.11,357.54,796.17,357.48
796.30,357.36,796.17,357.48
783.69,369.05,785.18,369.96
796.26,357.40,796.11,357.54
796.35,355.54,796.45,355.31
796.32,355.53,796.43,355.27
796.37,357.07,796.35,355.54
808.94,363.13,808.56,363.13
827.02,355.14,828.83,355.13
796.32,357.08,796.35,355.54
796.32,355.53,796.35,355.54
810.49,424.05,810.30,424.38
794.75,357.49,794.62,357.37
832.57,376.45,828.87,376.31
796.32,357.08,796.32,355.53
815.85,396.72,816.70,393.46
812.00,423.32,810.49,424.05
795.16,357.49,795.04,357.37
796.26,357.40,796.32,357.08
796.37,357.07,796.26,357.40
811.85,423.62,812.00,423.32
796.59,357.48,796.30,357.36
796.30,357.36,796.26,357.40
796.37,357.07,796.30,357.36
796.17,355.35,796.09,355.24
794.43,355.34,796.09,355.24
794.76,355.24,796.09,355.24
794.43,355.34,794.76,355.24
807.57,341.09,807.84,339.26
794.33,360.71,796.17,360.71
798.44,355.32,798.36,355.21
799.18,394.21,799.63,393.47
798.44,355.32,797.02,355.21
770.77,384.50,769.83,384.58
796.69,355.31,797.02,355.21
798.47,355.30,796.25,355.33
796.15,355.18,798.47,355.30
798.37,355.15,798.47,355.30
819.69,440.91,828.20,440.91
798.37,355.15,796.15,355.18
796.81,355.16,796.15,355.18
796.81,355.16,795.00,355.18
798.44,355.32,798.44,360.72
796.60,355.54,798.44,360.72
796.60,360.72,798.44,360.72
796.60,355.54,796.60,360.72
796.25,360.77,796.25,355.33
798.47,355.30,796.25,360.77
798.47,360.78,796.25,360.77
798.47,355.30,798.47,360.78
813.16,409.98,815.52,409.81
831.43,346.82,831.76,347.58
796.25,360.77,798.47,360.78
813.59,340.84,813.82,341.33
794.36,360.77,796.25,360.77
798.44,355.32,798.36,355.21
798.47,355.30,798.36,355.21
798.47,355.30,798.37,355.15
770.03,382.63,769.82,382.30
829.20,355.54,829.10,355.31
796.98,355.15,798.37,355.15
797.02,355.21,798.37,355.15
798.36,355.21,798.37,355.15
769.55,382.73,769.39,382.48
816.23,344.04,816.20,343.99
829.23,355.53,829.12,355.26
797.02,355.21,798.36,355.21
796.62,355.26,796.98,355.15
813.89,346.82,813.56,347.58
791.74,351.71,790.54,353.11
797.02,355.21,796.98,355.15
796.69,355.31,797.02,355.21
794.43,355.34,794.76,355.24
794.77,355.18,794.76,355.24
794.41,355.29,794.77,355.18
796.69,355.31,796.62,355.26
798.47,360.78,798.44,360.72
798.44,355.32,798.44,360.72
829.63,350.72,828.62,350.45
782.46,360.00,783.37,361.98
798.47,355.30,798.44,355.32
796.09,355.24,796.15,355.18
782.53,364.25,783.35,366.24
796.17,355.35,796.09,355.24
815.67,333.47,815.32,333.41
796.17,360.71,796.25,355.33
800.74,362.97,800.95,362.85
815.67,333.47,815.27,333.05
796.17,360.71,796.17,355.35
800.27,328.39,800.27,333.12
794.33,355.57,794.43,355.34
794.41,355.29,794.43,355.34
794.30,360.71,794.33,360.71
794.33,355.57,794.33,360.71
797.24,343.08,796.45,342.83
794.36,360.77,796.25,360.77
797.60,343.45,797.24,343.08
794.33,360.71,796.17,360.71
794.36,360.77,796.57,360.78
800.46,346.90,802.45,347.73
796.51,360.72,794.36,360.77
794.30,360.71,794.36,360.77
796.51,360.72,794.30,360.71
799.26,366.64,796.58,368.79
796.57,360.78,798.44,360.72
798.47,360.78,798.44,360.72
796.57,360.78,798.47,360.78
780.74,383.66,782.12,382.93
805.32,350.28,806.72,351.98
796.60,360.72,796.51,355.53
821.15,394.01,821.76,393.83
796.69,355.31,796.98,355.15
805.32,350.35,806.72,351.98
796.60,355.54,796.51,355.53
796.60,360.72,796.60,355.54
796.72,357.36,796.59,357.48
795.04,357.37,796.59,357.48
795.16,357.49,796.59,357.48
816.30,382.08,816.58,381.52
821.22,402.09,821.80,398.08
795.04,357.37,795.16,357.49
794.98,357.09,794.98,355.23
796.77,357.07,794.98,355.23
796.77,355.21,794.98,355.23
796.77,357.07,796.77,355.21
795.04,357.37,796.77,357.07
796.72,357.36,796.77,357.07
827.60,353.78,826.63,357.87
826.69,358.06,828.62,358.06
809.69,425.67,809.72,427.09
826.69,358.06,828.68,357.86
814.40,337.35,813.79,340.90
769.35,384.40,768.41,384.48
826.63,357.87,828.68,357.86
821.88,351.93,821.97,351.80
825.60,339.84,825.78,340.46
820.11,355.40,820.07,355.45
820.05,355.55,820.11,355.40
828.68,369.71,829.05,371.27
817.46,382.15,817.87,382.03
820.14,355.52,820.18,355.31
820.14,355.52,828.20,355.31
804.51,393.88,803.62,395.19
750.33,360.00,747.52,362.33
816.57,378.33,817.33,378.38
805.60,329.18,805.75,329.84
828.16,355.52,828.20,355.31
818.80,353.27,819.24,353.52
820.12,356.15,822.86,356.05
820.28,355.22,820.18,355.31
823.12,353.27,819.24,353.52
785.42,347.86,737.33,349.44
768.22,374.62,767.87,375.46
828.30,355.22,820.18,355.31
786.83,353.70,786.98,353.73
828.20,355.31,820.18,355.31
821.78,351.87,821.95,351.64
821.29,418.17,821.42,418.94
836.13,351.58,821.95,351.64
770.21,377.76,769.97,377.54
770.68,384.06,771.81,384.43
818.29,376.83,818.29,379.59
836.13,351.58,827.08,353.31
819.54,334.35,820.07,333.18
826.99,353.20,827.08,353.31
817.06,389.00,816.54,389.34
836.31,351.34,821.95,351.64
790.84,376.69,790.33,376.77
827.18,347.65,827.17,347.83
822.35,351.52,821.95,351.64
836.55,351.22,822.35,351.52
821.78,351.87,821.78,354.49
823.89,341.77,824.03,341.13
826.99,353.20,821.78,354.49
826.99,353.20,826.90,353.32
812.10,358.10,812.25,360.00
821.69,359.36,825.78,358.06
795.87,337.26,797.02,333.57
821.69,359.36,835.65,359.33
811.65,356.25,812.10,358.10
828.20,358.05,827.08,353.31
817.58,337.42,817.71,335.51
801.54,321.15,801.54,320.32
821.78,354.49,826.90,353.32
800.90,356.54,801.31,358.25
821.78,354.49,825.78,358.06
827.14,368.22,827.57,366.32
833.06,372.50,829.78,372.50
805.88,437.20,806.17,437.67
821.65,355.12,825.78,358.06
827.14,368.22,833.90,366.42
821.65,355.12,821.78,354.49
828.16,359.36,820.14,359.36
820.14,355.52,828.16,359.36
828.16,355.52,828.16,359.36
796.09,355.24,794.76,355.24
820.14,355.52,828.16,355.52
828.25,359.54,829.92,359.54
829.73,356.16,826.55,362.04
820.23,359.54,829.92,359.54
820.23,359.54,821.88,359.54
828.30,355.22,820.28,355.22
829.57,355.20,828.30,355.22
749.74,353.47,746.99,351.14
766.54,383.16,765.23,383.07
835.84,359.53,821.88,359.54
765.23,383.07,766.44,383.77
821.88,359.54,829.92,359.54
821.53,355.20,829.57,355.20
829.82,354.98,821.53,355.20
821.77,354.98,829.82,354.98
829.92,354.45,829.82,354.98
829.92,354.45,821.77,354.98
807.21,354.24,807.97,356.08
821.88,354.45,821.77,354.98
820.11,355.40,820.18,355.31
820.23,359.54,828.25,359.54
828.16,359.36,828.25,359.54
820.23,359.54,828.16,359.36
820.14,359.36,828.16,359.36
820.23,359.54,820.14,359.36
820.14,359.36,820.14,355.52
821.53,355.20,820.28,355.22
820.05,355.55,820.14,355.52
820.14,359.36,820.05,355.55
814.91,380.34,814.96,380.99
820.05,359.36,820.05,355.55
820.14,359.36,820.05,359.36
820.05,359.36,820.23,359.54
821.69,359.36,820.05,359.36
816.20,343.99,820.07,344.33
820.28,355.22,820.11,355.40
821.53,355.20,820.28,355.22
821.69,359.36,821.88,359.54
835.84,359.53,821.69,359.36
835.65,359.33,821.69,359.36
821.77,354.98,821.53,355.20
821.78,354.49,821.65,355.12
821.14,388.90,827.68,389.37
821.77,354.98,821.65,355.12
821.78,354.49,821.77,354.98
821.88,354.45,821.78,351.87
821.78,354.49,821.78,351.87
826.47,349.44,825.24,350.78
821.88,354.45,821.78,354.49
822.35,351.52,821.95,351.64
821.97,351.80,821.95,351.64
822.35,351.52,821.97,351.80
822.29,351.71,821.97,351.80
822.29,351.71,822.35,351.52
830.01,351.52,822.29,351.71
830.01,351.52,829.92,351.71
826.64,358.00,826.63,357.87
825.90,358.06,826.64,358.00
825.90,358.21,826.64,358.00
825.90,358.06,825.90,358.21
820.05,355.55,820.07,355.45
825.90,358.21,826.69,358.06
820.14,355.52,820.07,355.45
801.86,398.08,803.00,401.60
821.97,351.80,821.88,351.93
825.97,358.28,826.69,358.06
825.90,358.21,825.97,358.28
828.62,358.06,826.69,358.06
825.97,358.28,828.62,358.06
828.17,358.27,828.62,358.06
825.97,358.28,828.17,358.27
827.60,353.78,827.65,353.71
789.95,372.27,794.90,373.20
827.06,353.31,827.60,353.78
827.06,353.31,827.00,353.39
827.00,353.39,827.60,353.78
831.40,332.37,832.08,332.59
816.30,378.63,816.58,379.17
827.00,353.39,826.63,357.87
825.90,358.06,826.63,357.87
827.00,353.39,825.90,358.06
828.17,358.27,828.62,358.06
828.68,357.99,828.62,358.06
828.17,358.27,828.68,357.99
795.48,372.92,801.84,372.25
828.23,358.20,828.68,357.99
827.12,353.39,827.65,353.71
827.06,353.31,827.65,353.71
829.75,344.49,830.80,345.65
827.12,353.39,827.06,353.31
828.68,357.86,828.68,357.99
828.23,358.05,828.68,357.86
827.71,353.78,828.68,357.86
828.23,358.05,827.71,353.78
828.23,358.05,827.71,353.78
828.23,358.05,827.12,353.39
803.09,401.31,803.57,401.09
825.88,358.37,825.79,358.27
800.83,309.04,800.83,319.50
818.18,382.24,817.24,382.24
825.97,358.28,825.90,358.21
825.88,358.37,825.97,358.28
828.11,358.36,825.88,358.37
819.37,381.27,819.56,380.51
828.11,358.36,825.97,358.28
813.89,309.04,813.89,319.50
828.11,358.36,828.17,358.27
828.20,358.26,828.11,358.36
828.17,358.27,828.11,358.36
828.20,358.26,828.17,358.27
828.23,358.20,828.20,358.26
817.46,382.15,817.61,382.30
828.20,358.05,828.23,358.20
828.23,358.05,828.23,358.20
806.52,381.19,806.25,380.58
828.20,358.05,828.23,358.05
828.30,355.22,828.20,355.31
749.84,356.91,747.89,360.00
825.90,358.06,825.79,358.27
825.78,358.06,825.79,358.27
825.69,331.84,825.80,332.04
829.66,344.55,830.71,345.69
821.52,357.70,820.83,357.79
825.90,358.06,825.78,358.06
827.08,353.31,828.20,358.05
828.23,358.05,828.20,358.05
827.08,353.31,828.23,358.05
827.08,353.31,827.12,353.39
827.12,353.39,827.08,353.31
784.55,376.03,786.66,376.03
826.99,353.20,827.12,353.39
827.06,353.31,827.12,353.39
784.55,379.86,786.84,379.86
825.78,358.06,825.90,358.06
827.00,353.39,825.78,358.06
826.90,353.32,825.78,358.06
827.00,353.39,826.90,353.32
826.90,353.32,826.99,353.20
826.90,353.32,827.06,353.31
827.00,353.39,827.06,353.31
826.90,353.32,827.00,353.39
820.05,341.34,820.09,341.22
812.84,341.34,812.98,341.34
812.84,341.34,813.08,341.22
821.62,341.15,821.87,341.26
821.62,341.15,821.72,341.26
814.33,341.26,814.57,341.15
814.33,341.26,814.62,341.26
817.32,341.35,817.59,341.46
810.12,341.46,810.26,341.47
810.36,341.35,810.26,341.47
810.12,341.46,810.36,341.35
818.83,341.28,819.07,341.38
818.83,341.28,818.93,341.39
811.88,341.39,811.83,341.28
831.53,340.81,831.85,340.80
816.82,379.84,817.01,380.38
831.57,340.69,831.85,340.80
806.56,388.76,808.52,388.64
824.11,340.80,824.26,340.81
209.06,461.38,371.31,368.27
824.36,340.69,824.26,340.81
827.03,340.67,827.18,340.67
827.28,340.55,827.18,340.67
827.03,340.67,827.28,340.55
828.63,340.58,828.88,340.48
828.63,340.58,828.94,340.59
825.71,341.08,826.03,341.07
825.75,340.96,826.03,341.07
824.05,436.86,824.57,436.45
794.30,360.71,794.30,355.56
825.71,341.08,825.75,340.96
818.40,341.07,818.54,341.08
818.64,340.96,818.54,341.08
818.40,341.07,818.64,340.96
827.33,340.89,827.58,340.99
827.43,341.00,827.58,340.99
827.33,340.89,827.43,341.00
819.93,340.99,820.18,340.89
820.23,341.00,820.18,340.89
819.93,340.99,820.23,341.00
828.60,340.95,828.92,340.94
828.64,340.83,828.92,340.94
828.60,340.95,828.64,340.83
821.23,340.94,821.38,340.95
821.48,340.83,821.38,340.95
821.23,340.94,821.48,340.83
830.24,340.75,830.49,340.86
830.34,340.87,830.49,340.86
830.24,340.75,830.34,340.87
822.79,340.86,823.04,340.75
823.09,340.87,823.04,340.75
805.67,334.11,806.17,334.26
822.79,340.86,823.09,340.87
814.82,303.57,814.60,302.38
814.55,341.60,814.85,341.59
814.59,341.48,814.85,341.59
825.41,360.91,825.27,360.93
824.57,436.45,824.58,436.04
796.51,360.72,796.51,355.53
804.91,304.77,805.19,304.52
807.67,341.48,807.58,341.60
816.07,341.41,816.17,341.52
809.17,341.52,809.12,341.41
829.99,340.53,830.25,340.41
819.07,307.57,811.16,305.10
831.93,340.45,831.87,340.33
822.90,341.09,823.17,341.21
822.86,341.21,822.90,341.09
815.84,341.09,815.74,341.21
824.45,341.02,824.55,341.13
817.41,341.13,817.35,341.02
791.31,379.05,791.14,379.24
791.50,379.00,791.31,379.05
791.68,379.07,791.50,379.00
834.32,387.13,827.92,387.17
791.85,379.28,791.68,379.07
791.01,381.17,790.93,380.78
790.90,380.35,790.93,380.78
790.93,379.93,790.90,380.35
791.01,379.54,790.93,379.93
791.98,379.59,791.85,379.28
803.48,346.80,805.54,347.70
792.07,379.99,791.98,379.59
828.93,355.79,828.27,359.57
792.10,380.42,792.07,379.99
791.50,380.35,792.10,380.42
797.63,321.87,797.65,321.73
792.07,380.85,792.10,380.42
820.00,320.03,819.68,319.76
791.98,381.23,792.07,380.85
791.85,381.53,791.98,381.23
791.50,380.35,791.85,381.53
791.68,381.72,791.85,381.53
791.50,381.77,791.68,381.72
791.31,381.70,791.50,381.77
791.50,380.35,791.31,381.70
791.01,381.17,791.50,380.35
791.14,381.49,791.50,380.35
791.01,381.17,791.14,381.49
796.02,380.07,796.02,380.49
796.28,380.51,796.02,380.07
825.93,355.83,825.25,359.58
792.53,380.49,792.95,380.51
825.89,355.82,825.25,359.58
792.53,380.07,792.95,380.51
792.53,380.49,792.53,380.07
809.97,383.57,819.19,384.16
809.62,383.56,809.97,383.57
827.36,347.13,817.95,347.43
819.56,380.51,819.63,379.66
825.41,344.14,825.99,344.66
806.25,380.58,806.07,379.82
829.66,362.66,829.50,362.85
807.27,379.06,806.07,379.82
807.11,386.64,806.80,383.42
831.27,383.17,831.73,383.42
831.32,382.51,831.27,383.17
819.56,378.80,819.63,379.66
819.37,381.27,819.56,380.51
818.29,379.59,819.56,380.51
806.52,381.19,806.25,380.58
806.07,378.17,806.01,378.99
791.50,380.35,791.98,381.23
809.56,389.37,809.71,389.54
809.81,389.46,809.56,389.37
827.68,389.37,827.58,389.46
827.46,389.54,827.68,389.37
828.17,358.27,828.23,358.20
825.12,386.64,831.32,382.51
829.54,354.46,829.78,353.23
818.29,379.59,819.56,378.80
828.06,334.85,827.67,335.69
819.08,381.87,819.37,381.27
794.32,379.45,794.65,379.50
799.14,349.07,800.75,350.45
807.11,386.64,804.81,382.51
799.14,349.07,798.17,352.09
792.98,365.91,800.27,364.63
807.11,386.64,792.38,381.25
818.27,381.97,819.16,381.25
831.95,378.99,832.01,379.82
789.81,378.57,793.63,378.76
825.12,386.64,830.24,381.44
789.81,378.57,789.96,378.87
825.12,386.64,831.79,381.52
819.08,377.39,819.37,378.02
818.29,379.59,819.37,378.02
818.70,382.24,819.08,381.87
807.27,381.74,806.88,381.59
807.27,379.06,806.25,377.43
802.00,381.44,803.44,381.52
791.50,380.35,791.98,379.59
791.85,378.63,791.24,379.17
792.09,380.86,792.04,380.88
807.11,386.64,792.94,381.97
825.12,386.64,818.27,381.97
817.43,382.54,818.27,381.97
809.50,355.58,813.08,356.59
832.01,378.17,831.95,378.99
819.38,380.86,819.68,380.77
818.70,376.99,819.08,377.39
818.29,379.59,819.08,377.39
818.70,382.24,818.29,382.35
818.29,379.59,818.29,382.35
818.29,379.59,818.70,382.24
807.27,381.74,809.35,381.85
807.27,379.06,807.27,381.74
818.81,378.29,823.33,372.32
819.45,389.36,821.14,388.90
806.36,390.37,805.66,391.32
801.69,389.36,803.31,388.90
807.11,386.64,793.26,382.54
816.58,412.44,823.72,444.58
794.60,385.75,807.11,386.64
803.79,391.29,802.15,392.69
803.31,388.90,807.11,386.64
825.12,386.64,821.14,388.90
816.72,382.89,817.43,382.54
818.29,376.83,818.70,376.99
818.29,379.59,818.70,376.99
804.21,364.20,808.94,363.13
818.29,376.83,818.29,379.59
807.27,379.06,807.27,376.37
821.43,359.57,821.34,359.95
797.42,396.58,798.34,396.68
815.75,396.84,815.95,396.68
798.50,396.84,798.59,396.72
763.15,377.92,763.63,382.11
817.91,390.93,819.45,389.36
812.12,385.75,819.45,389.36
800.22,390.93,801.69,389.36
794.60,385.75,801.69,389.36
817.24,377.05,817.56,377.77
821.20,360.25,821.34,359.95
793.76,360.25,793.89,359.95
780.29,352.01,784.48,351.92
816.70,393.46,814.99,396.58
780.29,352.01,779.18,353.83
816.70,393.46,817.91,390.93
802.54,410.98,801.66,410.62
799.06,393.46,800.22,390.93
806.25,377.43,806.07,378.17
823.33,372.32,817.24,377.05
783.96,379.76,784.55,379.86
823.33,372.32,826.21,372.35
821.03,360.44,821.20,360.25
793.59,360.44,793.76,360.25
821.43,358.73,821.46,359.15
820.83,359.15,821.46,359.15
799.06,393.46,797.10,396.34
814.40,395.75,814.64,396.34
812.12,385.75,816.70,393.46
801.03,350.96,801.51,350.91
799.06,393.46,794.60,385.75
796.87,395.75,799.06,393.46
792.58,382.84,793.06,382.99
823.33,372.32,816.83,376.57
816.38,376.40,816.83,376.57
825.07,343.82,825.29,343.49
823.33,372.32,816.38,376.40
826.09,435.68,825.14,435.19
801.24,371.65,791.32,380.45
793.41,360.51,793.59,360.44
820.83,359.15,821.43,358.73
793.41,359.15,793.97,358.73
779.79,369.07,780.43,369.48
793.89,358.35,793.97,358.73
823.33,432.44,822.40,431.96
792.58,382.84,794.60,385.75
825.92,431.32,825.21,432.11
815.96,382.84,815.98,382.45
825.92,431.32,825.50,431.68
815.96,382.84,812.12,385.75
819.00,337.89,818.78,338.03
817.31,380.59,817.88,380.55
796.01,332.37,795.41,333.77
825.29,430.78,824.52,430.00
816.79,380.74,817.00,380.71
828.70,344.74,829.66,344.55
825.35,430.34,824.52,430.00
816.82,380.76,817.00,380.71
825.29,430.78,824.42,430.76
816.79,380.74,816.82,380.76
790.81,378.25,792.95,378.25
823.22,427.67,822.84,427.72
790.30,380.74,790.15,380.76
788.54,380.59,789.07,380.55
829.95,361.37,822.38,359.64
793.27,359.15,793.24,359.64
793.41,359.15,793.89,358.35
793.76,358.05,793.89,358.35
789.63,381.56,791.07,381.86
789.63,381.56,790.21,381.13
822.14,332.13,821.33,331.31
791.07,381.86,790.21,381.13
819.96,331.78,820.80,331.43
816.28,381.86,816.82,381.13
826.83,426.03,827.25,426.13
815.20,381.56,816.82,381.13
815.20,381.56,816.28,381.86
821.49,368.93,830.98,369.14
816.32,344.74,816.78,344.33
820.48,368.81,830.98,369.14
831.00,371.65,820.25,379.63
790.85,378.29,801.24,371.65
790.85,378.29,791.10,378.88
831.57,386.62,831.57,387.57
798.12,325.60,797.94,325.21
788.26,380.38,788.54,380.59
789.45,347.30,786.62,349.25
821.90,360.67,822.10,360.44
822.10,365.91,822.10,360.44
820.83,359.15,820.64,360.44
793.41,359.15,793.23,360.44
792.98,365.91,792.98,360.44
821.34,358.35,821.43,358.73
792.79,360.67,792.98,360.44
824.73,417.55,824.43,417.05
792.58,357.54,811.94,355.96
818.29,379.59,819.08,381.87
812.47,309.88,812.65,310.18
820.83,357.79,820.64,357.86
800.27,361.37,793.27,359.15
824.91,355.35,826.74,360.71
793.24,358.65,793.27,359.15
805.97,327.07,806.47,327.20
793.41,359.15,793.76,358.05
793.59,357.85,793.76,358.05
817.87,380.32,817.31,380.59
793.41,357.79,793.23,357.86
819.81,378.29,820.08,378.88
806.07,379.82,806.25,380.58
831.00,371.65,820.08,378.88
826.05,360.91,825.78,360.91
814.99,396.58,815.95,396.68
824.83,344.45,824.57,344.03
804.11,379.87,804.29,380.67
819.81,378.29,831.00,371.65
788.26,380.38,789.05,380.32
820.83,359.15,820.64,357.86
821.90,360.67,821.66,360.75
822.10,365.91,821.90,360.67
820.23,358.73,820.32,358.35
790.28,377.86,793.67,378.38
820.83,359.15,820.46,360.25
793.41,359.15,793.23,357.86
819.55,331.43,814.57,332.26
792.85,358.73,792.93,358.35
793.41,359.15,793.06,360.25
819.28,402.27,819.47,402.17
792.79,360.67,792.58,360.75
800.83,321.15,800.83,320.32
822.27,358.20,822.38,358.65
829.95,361.37,822.27,358.20
792.79,360.67,792.91,360.52
807.10,445.87,804.35,413.09
835.65,356.22,828.20,358.26
782.78,378.38,782.33,382.67
820.83,359.15,820.83,357.79
800.27,361.37,793.14,358.20
793.14,358.20,793.24,358.65
793.59,357.85,793.41,357.79
789.05,380.88,789.63,381.56
782.55,378.33,782.78,378.38
815.61,380.88,815.20,381.56
806.88,342.24,806.76,341.71
817.93,379.51,817.01,380.38
831.53,340.81,831.57,340.69
819.09,377.75,819.47,377.90
771.86,381.95,770.77,382.87
832.37,372.76,828.38,372.63
790.72,363.20,792.81,366.17
789.09,371.38,790.53,377.90
824.11,340.80,824.36,340.69
832.99,372.74,829.74,372.64
790.18,377.75,790.53,377.90
584.37,230.02,418.78,344.81
788.08,379.84,788.26,380.38
829.17,360.78,827.26,360.78
820.46,358.05,820.32,358.35
826.74,355.57,826.74,360.71
803.30,400.36,803.28,398.26
826.17,372.18,825.55,372.40
820.83,359.15,820.32,358.35
802.89,402.23,802.75,402.16
793.41,359.15,792.93,358.35
793.41,359.15,792.85,358.73
819.12,338.00,818.92,338.13
820.25,379.63,820.31,380.45
793.41,359.15,792.93,359.95
792.85,359.57,792.93,359.95
823.49,361.48,800.27,361.37
789.05,380.88,789.53,380.73
806.62,351.84,807.84,352.59
819.66,363.20,821.92,366.17
822.10,365.91,821.92,366.17
806.62,351.84,807.71,353.48
819.66,363.20,822.10,365.91
818.71,377.86,819.09,377.75
764.49,377.84,761.95,381.33
789.09,371.38,792.34,368.71
792.45,369.10,792.34,368.71
794.10,362.74,796.94,360.92
789.83,377.86,790.18,377.75
821.43,360.67,821.22,360.44
820.83,359.15,820.23,359.57
792.82,359.15,793.41,359.15
779.17,353.87,779.18,353.83
812.12,385.75,817.91,390.93
792.85,359.57,793.41,359.15
780.30,354.92,778.36,355.83
794.60,385.75,800.22,390.93
792.82,359.15,792.85,359.57
792.36,360.67,790.72,363.20
792.17,360.44,790.72,363.20
827.01,345.79,827.74,346.92
792.36,360.67,792.17,360.44
821.90,357.62,822.10,357.85
820.18,356.19,821.66,357.54
823.49,361.48,821.27,355.85
811.94,355.96,823.49,361.48
792.79,357.62,811.94,355.96
772.54,383.56,770.03,382.63
792.79,357.62,792.98,357.85
789.26,380.49,789.05,379.91
815.87,380.49,815.61,380.88
815.64,379.91,815.87,380.49
824.78,369.42,824.78,356.31
817.91,371.38,821.53,369.10
821.41,368.71,821.53,369.10
817.91,371.38,821.41,368.71
799.06,393.46,797.42,396.58
818.10,378.79,817.93,379.51
816.81,379.24,818.10,378.79
818.71,377.86,818.37,378.22
817.91,371.38,818.71,377.86
788.07,379.24,789.11,379.51
789.52,378.22,789.83,377.86
789.09,371.38,789.52,378.22
820.18,356.19,821.43,357.62
816.83,376.57,817.24,377.05
821.22,357.85,820.18,356.19
792.17,357.85,792.36,357.62
791.07,356.42,792.01,358.21
811.89,350.63,812.65,349.79
817.07,349.68,812.65,349.79
789.09,371.38,789.27,378.79
811.89,350.63,817.07,349.68
818.04,368.26,817.50,368.25
818.04,368.26,818.04,368.25
790.28,368.25,789.74,368.25
820.92,359.15,820.95,358.65
820.04,356.42,820.95,358.65
820.92,359.15,820.04,356.42
791.88,359.15,791.07,356.42
790.72,363.20,792.34,368.71
791.92,358.65,791.07,356.42
791.88,359.15,791.92,358.65
792.01,360.09,790.29,362.29
791.92,359.64,790.29,362.29
792.01,360.09,791.92,359.64
791.47,363.24,791.06,362.36
790.52,362.35,791.06,362.36
791.47,363.24,790.52,362.35
809.88,365.40,809.43,366.97
789.04,379.23,789.05,379.91
789.23,379.21,789.05,379.91
815.89,350.99,811.27,351.10
815.89,371.30,815.45,379.22
815.89,371.30,815.64,379.23
818.80,372.32,823.12,372.32
829.95,361.37,822.41,359.15
817.03,351.45,817.61,352.83
830.30,351.17,817.61,352.83
817.03,351.45,830.30,351.17
827.35,355.32,828.77,355.21
795.47,351.45,794.51,352.83
816.70,393.46,815.95,396.68
829.68,350.72,828.93,349.89
830.24,381.44,819.54,380.88
816.10,350.20,828.93,349.89
829.68,350.72,816.10,350.20
808.26,350.72,796.75,350.20
814.17,349.29,815.31,348.21
811.88,348.68,815.31,348.21
821.68,343.33,824.03,336.84
814.17,349.29,811.88,348.68
798.70,349.29,798.26,348.21
829.19,343.99,828.39,343.51
821.13,343.37,830.58,343.01
825.41,344.14,815.04,344.05
825.09,343.63,825.41,344.14
813.34,343.63,812.52,344.14
802.75,402.16,803.15,400.32
820.20,359.15,820.23,358.73
817.58,379.05,817.78,379.00
813.34,343.63,803.51,344.05
792.60,380.07,792.59,380.43
792.94,380.45,792.59,380.43
810.48,354.67,811.18,356.37
815.45,379.22,815.37,380.06
796.29,380.45,795.94,380.07
798.44,396.52,798.73,395.23
800.27,361.37,793.24,358.65
795.94,380.43,795.94,380.07
796.29,380.45,795.94,380.43
792.60,380.07,792.67,379.24
792.60,380.07,792.94,380.45
817.26,379.54,817.40,379.24
817.97,379.07,817.78,379.00
827.30,327.34,827.72,327.91
817.78,380.35,817.17,380.78
814.03,341.86,814.03,328.22
803.86,371.54,805.62,370.81
817.78,380.35,817.13,380.35
792.98,365.91,792.79,360.67
818.30,381.23,818.21,381.05
818.39,379.99,818.30,379.59
807.27,379.06,806.01,378.99
818.42,380.42,818.39,379.99
818.15,381.53,818.08,381.60
818.39,380.85,818.42,380.42
817.78,380.35,818.42,380.42
818.30,381.23,818.39,380.85
817.78,380.35,818.39,380.85
817.78,380.35,818.30,381.23
817.97,381.72,818.15,381.53
817.78,380.35,818.15,381.53
817.58,381.70,817.78,381.77
817.78,380.35,817.58,381.70
817.26,381.17,817.40,381.49
829.68,350.72,830.30,351.17
817.78,380.35,817.40,381.49
825.88,333.38,825.54,332.67
822.16,362.01,822.16,355.38
825.88,333.38,826.30,333.95
798.63,369.07,798.28,368.80
825.17,416.29,824.43,417.05
822.16,362.01,825.30,356.21
825.88,333.38,825.85,333.49
825.17,416.29,824.30,416.27
822.16,362.01,825.30,362.01
825.30,356.21,825.30,362.01
797.27,365.70,798.23,366.53
822.29,423.98,821.76,424.50
829.73,356.16,829.61,355.74
806.51,441.58,806.40,440.79
828.90,355.34,829.32,355.45
813.06,339.24,799.57,337.38
831.00,371.65,820.31,380.45
826.55,362.04,829.61,355.74
825.42,417.04,824.73,417.55
796.98,364.52,797.77,365.44
826.55,362.04,829.32,355.45
827.75,333.36,827.30,333.88
826.55,362.04,826.55,355.34
796.62,371.27,796.38,371.42
828.90,355.34,826.55,355.34
826.55,362.04,828.90,355.34
829.79,362.40,829.66,362.66
829.79,362.40,829.84,362.01
829.04,360.92,829.84,362.01
829.79,362.40,829.04,360.92
802.12,405.09,802.81,404.04
792.36,357.62,792.58,357.54
801.91,405.00,802.81,404.04
791.20,356.19,792.58,357.54
826.40,360.91,825.96,362.74
825.78,362.63,826.40,360.91
824.90,355.50,824.48,355.38
806.92,369.49,805.35,370.45
822.16,362.01,824.48,355.38
824.90,355.50,822.16,362.01
816.57,382.40,815.59,382.40
798.26,346.51,800.46,346.90
829.73,356.16,829.73,362.04
826.55,362.04,829.73,362.04
826.26,355.67,825.89,355.30
825.39,355.17,825.89,355.30
748.93,353.80,748.42,354.13
824.39,360.91,825.89,355.30
824.39,360.91,826.40,360.91
819.54,380.88,819.16,381.25
824.39,355.17,825.39,355.17
824.39,360.91,824.39,355.17
827.02,360.92,828.90,355.64
827.02,360.92,827.02,355.14
826.26,355.67,826.40,356.17
828.53,355.27,827.02,360.92
828.96,357.40,829.02,357.08
827.09,357.40,826.83,360.71
827.01,355.57,826.91,355.33
768.01,369.83,763.54,369.83
792.93,359.95,793.06,360.25
826.59,357.09,826.59,355.23
744.78,366.10,745.39,363.01
817.78,380.35,818.39,379.99
828.94,355.54,828.52,357.07
826.59,357.09,827.01,357.09
826.83,360.71,826.77,360.77
826.74,360.71,826.83,360.71
829.17,360.78,829.23,360.72
814.02,329.84,815.48,331.20
829.20,360.72,829.17,360.78
827.02,360.92,829.04,356.15
827.35,355.32,829.20,355.54
829.10,355.31,827.35,355.32
798.66,344.44,798.54,344.40
824.98,355.18,826.36,355.18
826.54,355.18,826.36,355.18
826.74,355.57,826.65,355.34
824.91,355.35,826.65,355.34
826.74,355.57,824.91,355.35
828.75,355.15,827.37,355.15
828.51,355.16,827.37,355.15
820.04,356.42,820.18,356.19
828.75,355.15,828.51,355.16
808.59,360.00,808.43,361.98
797.94,342.13,798.57,341.36
794.29,355.50,794.01,355.79
797.04,362.01,794.01,355.79
824.05,336.73,821.71,343.18
793.89,356.21,794.01,355.79
825.07,343.82,825.29,344.26
797.04,362.01,797.04,355.38
822.10,365.91,821.66,360.75
809.80,357.85,809.97,360.00
794.72,355.38,797.04,355.38
824.05,336.73,824.59,325.45
793.89,356.21,793.89,362.01
825.32,331.77,825.24,330.76
797.04,362.01,793.89,362.01
825.32,331.77,825.38,330.76
825.07,343.82,825.29,343.49
797.04,362.01,793.89,356.21
821.41,368.71,821.92,366.17
798.81,355.34,798.38,355.45
814.03,341.86,814.11,341.91
817.78,380.35,817.17,379.93
828.94,355.54,828.92,357.07
828.87,376.31,832.57,376.45
826.49,362.51,829.67,362.51
798.09,355.74,798.38,355.45
818.74,325.13,818.54,325.56
817.01,380.38,817.31,380.59
801.16,362.04,798.38,355.45
825.67,332.67,825.45,331.77
801.16,362.04,798.09,355.74
815.01,333.26,815.32,333.41
817.93,379.51,816.82,379.84
804.19,390.88,805.26,390.88
826.59,357.09,826.91,355.33
801.16,355.34,798.81,355.34
797.63,362.40,797.52,362.66
796.94,360.92,797.34,362.76
796.94,360.92,797.52,362.66
824.39,355.17,824.39,360.91
828.62,358.06,828.68,357.99
800.35,332.26,799.66,333.77
797.63,362.40,796.94,360.92
826.26,355.67,825.61,356.18
797.68,362.01,796.94,360.92
792.50,380.99,792.64,381.59
797.63,362.40,797.68,362.01
805.03,325.83,806.55,324.43
794.50,360.91,793.78,361.99
807.39,444.93,811.20,448.49
793.94,362.63,793.82,362.37
793.94,362.63,794.50,360.91
794.10,362.74,794.50,360.91
750.42,356.74,749.84,356.91
828.53,355.27,828.90,355.64
793.94,362.63,794.10,362.74
773.29,383.38,774.47,382.45
794.29,355.50,797.04,362.01
829.70,355.63,829.04,356.15
794.72,355.38,797.04,362.01
773.29,383.38,773.98,382.35
794.29,355.50,794.72,355.38
797.98,356.16,801.16,362.04
797.98,362.04,801.16,362.04
797.98,356.16,797.98,362.04
811.34,449.31,811.32,449.07
794.64,355.67,795.00,355.30
803.38,344.77,798.76,344.89
796.51,360.91,795.00,355.30
795.51,355.17,795.00,355.30
805.03,413.70,804.85,413.96
793.41,359.15,793.41,357.79
796.51,360.91,794.50,360.91
794.50,356.17,794.50,360.91
815.23,389.87,815.65,390.67
793.41,359.15,793.59,357.85
817.58,444.93,811.69,448.64
796.51,360.91,795.51,355.17
796.51,355.17,795.51,355.17
749.74,366.53,751.32,363.43
797.44,355.27,797.07,355.64
798.96,360.92,798.96,355.14
796.94,356.15,796.94,360.92
798.96,360.92,796.94,360.92
798.96,360.92,796.94,356.15
825.69,332.54,825.20,332.54
791.07,356.42,791.20,356.19
829.48,362.76,825.96,362.74
794.64,355.67,796.51,360.91
812.12,385.75,821.14,388.90
794.50,356.17,796.51,360.91
829.48,362.76,825.74,362.95
794.64,355.67,794.50,356.17
797.44,355.27,798.96,360.92
808.42,335.79,808.56,335.94
797.95,355.14,798.96,360.92
797.44,355.27,797.95,355.14
826.59,357.09,826.64,357.37
823.07,337.92,820.74,344.39
796.32,357.08,796.26,357.40
817.30,444.67,818.22,439.33
794.50,360.91,796.94,360.92
828.81,376.35,827.03,378.80
796.51,360.72,796.32,357.08
794.49,357.10,794.30,360.71
794.55,357.40,794.49,357.10
804.52,336.19,808.42,335.79
794.56,355.57,794.66,355.33
774.72,382.63,775.04,382.34
794.98,357.09,794.98,355.23
826.99,444.04,828.07,444.16
794.98,357.09,794.66,355.33
800.23,395.42,800.25,395.55
796.35,355.54,796.77,357.07
796.45,355.31,796.77,357.07
825.22,415.84,824.40,415.51
800.57,341.69,813.99,342.17
824.48,355.38,822.16,355.38
800.23,395.42,800.62,394.98
796.35,355.54,796.45,355.31
794.56,355.57,794.98,357.09
794.56,357.09,794.98,357.09
813.46,340.91,813.06,339.24
817.87,380.32,817.88,380.55
822.27,358.20,822.38,358.65
794.33,360.71,794.30,360.71
822.16,355.38,824.48,355.38
822.07,358.30,822.38,358.65
794.36,360.77,794.30,360.71
794.33,360.71,794.36,360.77
796.60,360.72,796.57,360.78
796.51,360.72,796.57,360.78
807.35,371.23,805.49,372.36
796.60,360.72,796.51,360.72
796.69,355.31,798.44,355.32
826.48,355.13,828.83,355.13
796.60,355.54,798.44,355.32
796.69,355.31,796.60,355.54
796.15,355.18,795.00,355.18
794.77,355.18,795.00,355.18
822.23,355.18,824.39,355.17
796.15,355.18,794.77,355.18
794.33,355.57,796.17,355.35
794.30,360.71,794.67,357.52
796.98,355.15,796.81,355.16
798.37,355.15,796.81,355.16
792.34,368.71,790.02,368.41
796.98,355.15,798.37,355.15
828.68,357.86,828.68,357.99
769.36,384.14,768.46,384.21
826.69,358.06,826.64,358.00
803.51,344.39,803.22,344.71
796.45,355.31,796.77,355.21
814.40,337.35,814.44,332.46
769.35,384.40,768.46,384.21
826.63,357.87,826.64,358.00
776.00,382.71,776.31,382.41
824.90,355.50,825.47,355.68
796.35,355.54,796.37,357.07
829.02,355.53,829.23,355.53
826.69,358.06,826.63,357.87
829.92,354.45,822.29,351.71
805.67,418.08,806.47,418.43
821.69,359.36,820.11,355.40
821.69,359.36,820.05,355.55
805.67,418.08,806.59,417.67
821.69,359.36,820.05,359.36
820.05,355.55,820.05,359.36
820.14,359.36,820.05,359.36
820.23,359.54,820.05,359.36
820.14,359.36,820.23,359.54
734.12,351.14,731.88,353.80
801.16,362.04,801.16,355.34
836.13,351.58,826.99,353.20
821.78,351.87,826.99,353.20
836.13,351.58,821.78,351.87
829.92,354.45,821.88,354.45
821.88,351.93,829.92,354.45
828.44,360.92,828.71,360.92
781.39,353.61,780.97,353.35
821.69,359.36,825.79,358.27
825.88,358.37,825.79,358.27
795.87,337.26,796.48,332.97
828.44,360.92,827.26,367.46
821.69,359.36,825.88,358.37
835.65,359.33,828.20,358.26
828.11,358.36,835.65,359.33
828.20,358.05,835.65,356.22
835.78,355.53,828.20,358.05
795.87,337.26,794.30,334.74
821.69,359.36,821.65,355.12
821.36,355.39,821.69,359.36
829.02,357.08,828.94,355.54
827.71,353.78,827.65,353.71
828.92,357.07,828.89,357.36
827.60,353.78,827.71,353.78
803.09,401.31,803.57,401.09
810.83,401.31,810.81,401.09
803.57,401.09,810.81,401.09
810.83,401.31,803.57,401.09
810.83,401.31,803.09,401.31
829.74,353.10,829.55,353.23
800.09,398.24,799.33,398.02
810.81,400.73,810.81,401.09
801.01,308.77,800.92,308.64
813.43,335.51,818.12,333.77
817.91,371.38,819.81,378.29
810.83,401.31,810.81,401.09
806.17,308.32,806.47,308.43
799.15,337.42,795.03,335.51
789.11,379.51,789.05,380.32
803.07,400.73,803.56,400.75
810.86,398.81,810.79,400.75
810.81,400.73,810.79,400.75
803.12,398.81,803.61,398.91
811.05,396.95,810.84,398.91
803.31,396.95,803.79,397.13
811.37,395.19,811.02,397.13
817.19,382.44,817.61,382.30
811.05,396.95,811.02,397.13
803.62,395.19,804.09,395.43
828.68,356.03,829.05,354.46
811.82,393.56,811.33,395.43
820.83,359.15,821.34,358.35
809.71,389.54,809.81,389.46
804.06,393.56,804.51,393.88
812.38,392.12,811.76,393.88
823.58,397.92,823.25,395.86
812.93,391.32,812.29,392.49
813.04,390.88,812.29,392.49
803.56,400.75,803.57,401.09
823.91,400.00,823.97,399.94
813.04,390.88,812.38,392.12
805.99,389.90,805.26,390.88
822.70,396.24,822.76,396.18
813.64,390.37,812.93,391.32
813.79,389.90,812.93,391.32
814.61,389.19,813.64,390.37
812.65,349.79,811.94,350.63
822.28,398.02,822.33,397.34
807.94,389.29,807.13,389.69
807.94,389.29,806.79,389.19
807.64,388.76,806.79,389.19
815.25,389.29,814.43,389.69
823.09,398.24,822.34,398.72
815.47,388.76,814.61,389.19
808.78,389.17,807.94,389.29
818.15,389.31,816.97,389.35
819.00,390.09,817.82,389.82
811.10,390.09,811.25,390.57
823.01,413.22,822.64,412.48
819.79,391.15,818.63,390.57
811.87,391.15,811.99,391.58
820.49,392.46,819.38,391.58
819.79,391.15,819.38,391.58
812.56,392.46,812.66,392.83
825.04,411.92,825.13,411.95
821.10,393.99,820.06,392.83
820.49,392.46,820.06,392.83
825.01,394.65,823.95,394.16
813.30,394.56,813.23,394.30
813.16,393.99,813.29,394.44
824.52,412.34,825.04,411.92
821.23,394.44,820.72,394.56
820.64,394.30,820.72,394.56
820.83,359.15,820.83,360.51
821.23,394.44,820.64,394.30
798.31,351.84,799.42,350.64
816.37,388.64,815.25,389.29
821.10,393.99,820.64,394.30
821.23,394.44,821.10,393.99
821.80,418.90,821.75,419.34
813.29,394.44,813.30,394.56
740.40,349.46,743.94,349.59
828.02,330.65,828.97,329.92
820.72,394.56,813.30,394.56
813.29,394.44,820.72,394.56
817.27,388.82,816.11,389.17
821.23,394.44,820.72,394.56
813.29,394.44,821.23,394.44
799.31,366.57,798.88,366.31
802.05,401.76,803.07,400.73
811.92,401.76,810.83,401.31
803.09,401.31,810.83,401.31
811.92,401.76,803.09,401.31
783.92,379.39,783.96,379.76
802.05,401.76,803.09,401.31
810.81,400.73,810.83,401.31
811.92,401.76,810.83,401.31
802.00,400.73,803.12,398.81
803.31,396.95,803.12,398.81
823.27,358.57,830.60,358.55
802.06,398.81,803.31,396.95
812.12,396.95,810.86,398.81
815.33,340.97,814.54,346.23
811.93,398.81,810.86,398.81
803.62,395.19,803.31,396.95
802.24,396.95,803.62,395.19
812.44,395.19,811.05,396.95
802.56,395.19,803.62,395.19
818.30,379.59,818.15,379.28
800.48,352.33,800.83,352.68
802.99,393.56,804.61,392.12
827.41,333.76,826.93,333.95
803.54,392.12,804.61,392.12
805.26,390.88,804.61,392.12
805.99,389.90,805.26,390.88
807.73,429.57,808.11,429.62
804.19,390.88,805.99,389.90
814.61,389.19,813.79,389.90
805.72,389.19,806.79,389.19
808.52,388.64,807.64,388.76
809.40,388.82,808.52,388.64
808.32,388.82,809.40,388.82
773.19,382.11,772.64,382.26
808.32,388.82,810.27,389.31
818.15,389.31,817.27,388.82
798.47,399.42,798.77,400.74
823.42,353.33,823.42,356.10
818.35,388.82,817.27,388.82
772.85,381.94,772.64,382.26
809.18,389.31,810.27,389.31
821.73,357.77,821.52,357.70
819.24,389.31,818.15,389.31
810.01,390.09,811.10,390.09
811.87,391.15,811.10,390.09
810.01,390.09,811.87,391.15
817.59,393.66,815.94,394.71
816.97,380.73,816.15,380.73
820.08,390.09,819.00,390.09
810.78,391.15,811.87,391.15
812.56,392.46,811.87,391.15
810.78,391.15,812.56,392.46
820.49,392.46,819.79,391.15
811.47,392.46,812.56,392.46
813.16,393.99,812.56,392.46
806.23,324.14,806.40,324.09
811.47,392.46,813.16,393.99
813.29,394.44,813.16,393.99
811.94,355.96,821.27,355.85
822.37,362.82,825.52,362.82
812.07,393.99,813.29,394.44
812.33,394.91,813.29,394.44
821.23,394.44,821.10,393.99
822.46,394.91,821.10,393.99
738.23,364.15,739.66,364.88
802.34,310.51,802.33,319.47
812.33,394.91,813.29,394.44
821.23,394.44,813.29,394.44
742.27,363.06,743.43,364.21
822.46,394.91,821.23,394.44
824.54,422.04,824.48,422.48
813.46,405.95,813.39,405.02
823.60,405.02,813.39,405.02
813.46,405.95,823.60,405.02
820.58,405.95,823.60,405.02
813.46,405.95,820.58,405.95
823.91,421.51,824.07,421.25
826.07,406.21,822.31,406.78
825.83,405.53,822.13,406.31
826.07,406.21,825.83,405.53
824.10,422.71,823.93,422.41
825.83,405.53,822.13,406.31
825.83,405.53,821.53,406.04
824.97,405.15,821.53,406.04
826.50,420.32,826.58,420.78
819.98,409.97,818.08,409.41
822.31,406.78,818.08,409.41
825.89,420.70,825.95,420.25
817.62,410.62,816.42,409.87
818.08,409.41,816.42,409.87
817.62,410.62,818.08,409.41
819.98,409.97,818.08,409.41
817.62,410.62,819.98,409.97
824.97,405.15,821.53,406.04
789.14,380.90,796.10,380.62
820.58,405.95,821.53,406.04
824.97,405.15,820.58,405.95
823.60,405.02,820.58,405.95
824.97,405.15,823.60,405.02
825.13,440.17,825.30,440.48
815.58,410.98,815.00,410.12
815.58,410.98,816.42,409.87
817.62,410.62,816.42,409.87
815.58,410.98,817.62,410.62
825.29,440.88,824.69,440.83
813.85,411.10,813.78,410.21
790.65,354.51,793.09,356.96
813.85,411.10,815.00,410.12
815.58,410.98,815.00,410.12
813.85,411.10,815.58,410.98
827.37,440.23,827.21,440.48
803.88,411.10,806.79,410.21
803.88,411.10,813.78,410.21
813.85,411.10,813.78,410.21
803.88,411.10,813.85,411.10
823.17,391.32,824.16,391.69
826.96,438.98,827.17,439.01
825.05,392.69,824.16,391.69
826.79,439.23,826.96,438.98
821.33,392.53,822.20,391.61
823.17,391.32,822.20,391.61
818.89,391.20,823.17,391.32
785.06,368.09,789.38,369.81
825.77,394.23,825.05,392.69
800.48,404.85,801.40,404.59
823.35,392.35,825.77,394.23
786.47,369.66,788.11,371.14
820.65,393.99,821.33,392.53
826.25,396.15,825.77,394.23
820.22,395.84,820.65,393.99
818.04,393.73,820.65,393.99
826.42,398.26,826.25,396.15
791.27,379.63,791.32,379.66
825.53,396.03,826.42,398.26
825.84,402.23,826.28,400.36
825.15,403.69,825.84,402.23
824.26,404.59,825.15,403.69
824.80,404.04,824.26,404.59
822.31,404.45,823.29,404.85
813.04,344.73,813.41,344.90
821.42,403.43,822.31,404.45
820.72,401.89,821.42,403.43
819.12,338.00,822.43,337.82
818.20,397.90,820.22,395.84
819.70,402.13,820.72,401.89
830.88,358.04,830.80,358.40
819.70,402.13,820.26,399.99
816.16,353.45,822.86,353.34
820.09,397.91,820.26,399.99
822.79,339.12,823.16,338.68
818.81,400.11,820.09,397.91
818.31,378.31,818.63,377.97
826.63,434.86,826.70,435.32
821.76,393.83,822.38,394.06
823.19,393.37,822.38,394.06
822.94,394.70,822.38,394.06
824.50,394.33,823.88,393.63
826.61,435.27,826.45,434.55
820.60,394.58,821.15,394.01
826.09,435.68,826.01,435.22
821.91,394.21,822.51,393.57
821.76,393.83,821.15,394.01
812.47,328.99,812.70,328.56
822.51,393.57,821.76,393.83
801.86,329.82,812.70,328.56
823.19,393.37,821.76,393.83
813.23,329.69,813.68,329.61
824.50,394.33,822.94,394.70
826.27,435.99,826.61,435.27
823.39,395.66,822.94,394.70
825.00,395.40,824.50,394.33
820.18,395.50,820.60,394.58
821.43,395.23,820.60,394.58
821.91,394.21,820.60,394.58
801.86,344.74,802.01,345.15
821.43,395.23,821.91,394.21
825.00,395.40,823.39,395.66
823.68,396.87,823.39,395.66
825.33,396.74,825.00,395.40
821.43,395.23,820.18,395.50
825.33,396.74,823.68,396.87
825.45,398.21,825.33,396.74
823.70,399.51,823.79,398.20
823.70,399.51,825.45,398.21
825.35,399.67,825.45,398.21
825.35,399.67,823.70,399.51
823.43,400.69,825.35,399.67
789.09,371.38,801.24,371.65
823.00,401.60,823.43,400.69
823.00,401.60,825.05,400.97
824.56,401.98,823.00,401.60
822.44,402.17,823.00,401.60
822.44,402.17,824.56,401.98
823.95,402.61,824.56,401.98
821.83,402.34,822.44,402.17
821.83,402.34,823.95,402.61
823.27,402.80,823.95,402.61
823.27,402.80,821.83,402.34
821.22,402.09,821.83,402.34
821.22,402.09,823.27,402.80
822.59,402.52,823.27,402.80
820.66,401.45,821.22,402.09
821.97,401.81,822.59,402.52
820.22,400.49,820.66,401.45
821.47,400.74,821.97,401.81
819.82,397.97,819.91,396.67
821.03,397.96,819.91,396.67
821.47,400.74,820.22,400.49
819.93,399.29,820.22,400.49
819.93,399.29,821.47,400.74
821.15,399.42,821.47,400.74
822.60,427.14,822.77,426.89
821.15,399.42,819.93,399.29
819.82,397.97,819.93,399.29
821.15,399.42,819.82,397.97
821.03,397.96,819.82,397.97
821.15,399.42,821.03,397.96
822.80,428.34,822.62,428.04
823.28,391.43,823.29,393.27
823.99,393.53,823.29,393.27
823.28,391.43,823.99,393.53
824.25,391.79,823.99,393.53
823.28,391.43,824.25,391.79
825.18,425.99,825.26,426.45
824.25,391.79,823.99,393.53
824.63,394.25,823.99,393.53
824.25,391.79,824.63,394.25
825.13,392.78,824.63,394.25
824.25,391.79,825.13,392.78
827.03,423.16,825.48,407.59
821.98,394.12,822.60,393.47
822.32,391.71,822.60,393.47
821.46,392.62,822.32,391.71
824.64,426.82,825.16,426.40
822.32,391.71,822.60,393.47
823.29,393.27,822.60,393.47
822.32,391.71,823.29,393.27
798.35,373.60,803.48,373.20
823.28,391.43,823.29,393.27
822.32,391.71,823.28,391.43
825.13,392.78,824.63,394.25
825.14,395.34,824.63,394.25
817.06,389.00,818.36,388.85
825.84,394.29,825.13,392.78
820.83,359.15,821.03,360.44
821.49,395.16,821.98,394.12
820.79,394.05,821.98,394.12
821.46,392.62,821.98,394.12
825.84,394.29,825.14,395.34
802.35,414.50,802.48,413.77
825.48,396.71,825.14,395.34
826.30,396.18,825.84,394.29
802.30,414.92,802.24,414.47
816.83,388.79,817.45,388.64
820.37,395.88,821.19,396.48
821.49,395.16,821.19,396.48
820.79,394.05,821.49,395.16
820.37,395.88,820.79,394.05
821.03,397.96,821.13,396.52
826.30,396.18,825.48,396.71
826.48,398.26,826.30,396.18
825.50,399.70,825.60,398.21
795.82,349.15,796.36,348.46
826.48,398.26,825.50,399.70
826.34,400.32,825.50,399.70
826.48,398.26,826.34,400.32
825.19,401.03,825.50,399.70
826.34,400.32,825.19,401.03
825.90,402.16,825.19,401.03
826.34,400.32,825.90,402.16
824.70,402.07,825.19,401.03
825.90,402.16,824.70,402.07
825.22,403.60,824.70,402.07
825.90,402.16,825.22,403.60
824.07,402.71,824.70,402.07
825.22,403.60,824.07,402.71
824.35,404.49,824.07,402.71
825.22,403.60,824.35,404.49
824.35,404.49,824.07,402.71
823.37,402.90,824.07,402.71
823.37,402.90,824.35,404.49
806.80,412.64,806.62,412.34
823.39,404.74,824.35,404.49
806.80,412.64,806.67,411.92
823.39,404.74,823.37,402.90
823.39,404.74,822.67,402.62
815.20,381.56,812.12,385.75
822.42,404.35,822.67,402.62
823.39,404.74,822.42,404.35
815.64,389.79,816.48,390.42
820.79,394.05,821.46,392.62
822.42,404.35,822.67,402.62
793.41,359.15,793.59,360.44
822.04,401.89,822.67,402.62
822.04,401.89,822.42,404.35
802.35,414.50,802.31,414.03
825.48,396.71,825.84,394.29
821.54,400.80,822.04,401.89
821.55,403.34,821.54,400.80
820.86,401.83,821.54,400.80
821.55,403.34,820.86,401.83
819.17,356.49,818.31,357.45
820.37,395.88,821.19,396.48
821.21,399.44,821.54,400.80
821.21,399.44,820.86,401.83
820.41,399.96,820.86,401.83
805.74,417.64,805.67,418.08
820.41,399.96,821.21,399.44
821.09,397.96,821.21,399.44
820.41,399.96,821.09,397.96
820.24,397.91,821.09,397.96
823.99,393.53,823.19,393.37
823.99,393.53,823.29,393.27
791.85,379.28,791.68,379.07
822.60,393.47,823.29,393.27
822.51,393.57,823.19,393.37
823.29,393.27,823.19,393.37
821.91,394.21,822.51,393.57
822.60,393.47,822.51,393.57
821.98,394.12,822.60,393.47
825.00,395.40,824.50,394.33
821.46,392.62,822.60,393.47
821.98,394.12,821.91,394.21
825.48,396.71,825.00,395.40
825.33,396.74,825.00,395.40
825.33,396.74,825.48,396.71
825.60,398.21,825.33,396.74
825.50,399.70,825.45,398.21
825.35,399.67,825.45,398.21
825.35,399.67,825.50,399.70
825.05,400.97,825.35,399.67
824.70,402.07,825.05,400.97
824.56,401.98,824.70,402.07
824.07,402.71,824.56,401.98
823.95,402.61,824.56,401.98
823.95,402.61,824.07,402.71
821.09,397.96,821.19,396.48
813.71,328.41,813.86,333.12
823.37,402.90,823.95,402.61
822.67,402.62,823.27,402.80
822.59,402.52,822.67,402.62
821.97,401.81,822.59,402.52
816.82,381.09,818.14,381.91
821.97,401.81,822.04,401.89
821.47,400.74,821.97,401.81
821.19,396.48,821.13,396.52
821.13,396.52,821.43,395.23
805.78,421.99,805.66,421.95
821.09,397.96,821.19,396.48
805.78,421.99,805.73,422.41
821.09,397.96,821.21,399.44
821.09,397.96,821.15,399.42
821.03,397.96,821.15,399.42
821.09,397.96,821.03,397.96
822.32,391.71,823.17,391.32
817.39,362.82,817.53,360.86
824.25,391.79,823.28,391.43
824.16,391.69,823.28,391.43
817.04,362.82,817.19,360.77
824.16,391.69,823.17,391.32
825.05,392.69,824.16,391.69
791.47,380.33,792.45,380.33
824.25,391.79,824.16,391.69
825.13,392.78,824.25,391.79
821.46,392.62,822.32,391.71
822.20,391.61,822.32,391.71
807.96,420.73,807.85,420.70
825.77,394.23,825.05,392.69
808.10,421.46,807.92,421.16
825.84,394.29,825.13,392.78
792.11,382.40,793.09,382.40
826.25,396.15,825.77,394.23
826.30,396.18,825.84,394.29
826.42,398.26,826.25,396.15
826.30,396.18,826.25,396.15
826.48,398.26,826.30,396.18
825.90,402.16,826.34,400.32
824.35,404.49,825.22,403.60
823.39,404.74,824.35,404.49
821.13,396.52,820.18,395.50
822.31,404.45,823.39,404.74
821.42,403.43,822.31,404.45
792.11,378.33,793.09,378.33
822.42,404.35,822.31,404.45
820.65,393.99,820.79,394.05
821.55,403.34,821.42,403.43
822.20,391.61,823.17,391.32
820.72,401.89,821.55,403.34
820.86,401.83,821.55,403.34
820.26,399.99,820.72,401.89
820.26,399.99,820.86,401.83
820.41,399.96,820.86,401.83
820.09,397.91,820.26,399.99
820.41,399.96,820.26,399.99
820.24,397.91,820.41,399.96
820.22,395.84,820.37,395.88
792.68,378.36,793.67,378.36
820.24,397.91,820.09,397.91
821.66,391.26,820.17,390.89
800.11,372.14,800.03,371.73
818.49,391.02,818.00,392.14
818.23,392.18,818.67,391.16
818.00,392.14,818.67,391.16
793.28,381.10,794.27,381.10
818.67,391.16,818.89,391.20
805.52,436.45,805.48,436.86
819.97,390.84,818.89,391.20
820.17,390.89,818.89,391.20
819.97,390.84,820.17,390.89
814.62,341.26,814.57,341.15
819.82,390.70,818.67,391.16
819.97,390.84,818.67,391.16
792.94,378.68,793.93,378.68
821.66,391.26,821.78,391.29
823.35,392.35,821.78,391.29
821.75,391.20,821.66,391.26
819.30,389.53,801.89,389.53
823.04,392.21,821.66,391.26
828.94,340.59,828.88,340.48
817.80,392.03,818.00,392.14
818.04,393.73,818.23,392.18
824.49,393.96,823.35,392.35
823.04,392.21,823.15,392.31
824.49,393.96,823.15,392.31
817.59,393.66,817.81,393.71
817.81,393.71,818.04,393.73
812.89,344.31,818.55,338.90
817.73,395.72,817.81,393.71
807.84,435.99,807.71,435.27
825.36,396.01,824.67,393.98
802.08,411.68,805.90,444.58
811.58,341.38,811.88,341.39
825.29,395.98,825.36,396.01
825.75,398.28,825.36,396.01
805.42,431.62,805.49,432.08
825.70,400.54,825.91,398.27
806.56,411.89,807.02,412.65
825.75,398.28,825.74,398.28
805.02,431.29,805.24,431.32
825.31,402.55,825.87,400.51
803.33,419.60,804.00,420.12
825.72,400.61,825.70,400.54
825.32,402.68,825.70,400.54
824.60,404.29,825.31,402.55
804.88,432.03,804.84,432.44
823.69,405.09,824.80,404.04
824.60,404.29,824.62,404.12
823.69,405.09,824.62,404.12
822.62,405.37,823.88,405.00
822.62,405.37,823.69,405.09
821.73,404.85,822.82,405.28
821.52,404.93,822.62,405.37
821.52,404.93,821.73,404.85
820.72,403.76,821.73,404.85
799.68,338.92,800.20,339.03
821.41,405.13,821.52,404.93
805.09,382.16,804.94,381.75
820.45,404.11,821.52,404.93
820.52,403.87,821.52,404.93
820.65,393.99,821.33,392.53
817.52,395.79,817.73,395.72
817.52,395.79,817.97,397.91
796.76,343.18,796.01,342.34
817.73,395.72,817.96,395.70
817.97,397.91,817.73,395.72
819.47,402.17,820.72,403.76
807.06,430.83,806.95,430.78
819.70,402.13,820.72,403.76
788.12,358.10,787.97,360.00
820.45,404.11,820.52,403.87
792.87,368.55,795.48,366.97
819.28,402.27,820.52,403.87
817.75,397.94,818.58,400.13
807.19,431.54,807.06,430.83
818.81,400.11,818.20,397.90
817.97,397.91,818.20,397.90
818.81,400.11,817.97,397.91
818.58,400.13,817.97,397.91
819.47,402.17,819.70,402.13
818.58,400.13,818.81,400.11
821.12,397.00,822.33,397.34
818.37,400.19,818.58,400.13
817.80,392.03,818.49,391.02
834.23,365.49,827.82,365.41
817.80,392.03,818.21,390.58
823.63,405.31,822.55,405.58
821.41,405.13,822.55,405.58
823.63,405.31,821.41,405.13
794.32,366.46,794.04,368.81
822.37,391.16,823.27,391.72
821.75,391.20,819.82,390.70
808.23,342.73,807.97,343.04
773.48,384.21,772.16,384.83
823.04,392.21,824.22,393.08
777.38,356.08,776.75,360.00
823.04,392.21,824.41,393.91
819.82,390.70,818.49,391.02
825.38,342.73,825.11,343.04
825.01,394.65,824.41,393.91
824.47,343.01,825.11,343.04
825.29,395.98,824.41,393.91
815.94,394.71,817.52,395.79
818.37,400.19,817.75,397.94
818.37,400.19,816.34,398.22
819.59,320.42,818.77,319.69
814.96,380.99,816.79,381.10
816.92,391.44,817.39,389.81
816.48,390.42,817.39,389.81
791.89,382.45,794.60,385.75
817.06,389.00,818.45,389.10
817.06,389.00,817.39,389.81
822.37,391.16,822.17,390.59
817.85,379.67,817.78,380.66
819.82,389.51,818.21,390.58
818.21,390.58,818.45,389.10
817.39,389.81,818.45,389.10
818.21,390.58,817.39,389.81
819.82,389.51,820.97,389.72
821.14,390.20,820.97,389.72
819.18,388.90,818.36,388.85
802.35,414.50,802.24,414.47
816.55,388.76,817.45,388.64
821.38,390.22,822.17,390.59
822.29,351.71,821.97,351.80
816.92,391.44,816.48,390.42
806.42,426.40,806.96,425.99
815.65,390.67,816.48,390.42
816.92,391.44,815.65,390.67
790.79,363.24,790.72,363.20
815.64,389.79,815.65,390.67
820.97,389.72,819.69,389.14
818.01,388.69,817.45,388.64
819.24,389.31,820.08,390.09
820.31,389.42,820.08,390.09
801.86,398.08,803.41,400.69
831.00,371.65,831.00,369.38
820.87,391.15,820.08,390.09
821.38,390.22,820.08,390.09
820.87,391.15,821.38,390.22
796.10,379.25,796.02,380.07
822.36,391.30,821.38,390.22
817.38,392.70,815.70,391.80
817.38,392.70,815.80,393.16
796.18,379.22,796.10,380.06
815.70,391.80,815.65,390.67
815.23,389.87,814.84,390.83
814.86,389.90,814.84,390.83
814.86,389.90,814.11,390.88
819.24,389.31,819.18,388.90
819.24,389.31,820.31,389.42
825.01,394.65,824.22,393.08
823.23,392.62,822.36,391.30
827.50,404.50,825.83,405.53
809.35,424.02,809.99,423.17
827.50,404.50,827.23,403.71
814.51,392.04,815.80,393.16
825.01,394.65,824.25,395.08
827.50,404.50,826.07,406.21
818.35,388.82,818.01,388.69
814.26,393.46,815.94,394.71
825.34,395.58,824.25,395.08
824.97,405.15,826.10,403.20
817.62,410.62,819.98,409.97
812.89,393.56,814.26,393.46
822.76,337.97,819.62,338.14
822.55,405.58,823.69,405.09
812.44,395.19,812.89,393.56
822.40,332.44,822.14,332.13
822.46,394.91,824.25,395.08
822.92,329.08,822.69,329.93
812.44,395.19,814.09,395.06
815.52,409.81,818.18,409.33
814.18,401.60,818.18,409.33
828.02,330.65,827.70,328.65
816.73,401.12,818.18,409.33
815.58,410.98,815.52,409.81
789.81,377.92,789.76,378.25
783.35,353.76,782.70,355.78
813.85,411.10,815.58,410.98
816.58,400.10,816.34,398.22
812.61,330.67,822.69,333.99
814.51,392.04,814.11,390.88
814.00,398.66,814.00,396.81
812.12,396.95,814.00,396.81
815.52,409.81,813.16,409.98
814.09,400.57,814.00,398.66
811.93,398.81,814.00,398.66
811.87,400.73,811.93,398.81
811.87,400.73,814.09,400.57
814.18,401.60,811.87,400.73
811.92,401.76,811.87,400.73
810.80,358.80,810.85,358.82
814.18,401.60,811.92,401.76
802.84,409.98,813.85,411.10
813.16,409.98,813.85,411.10
777.74,383.88,778.94,382.73
802.84,409.98,813.16,409.98
828.04,347.87,828.00,347.84
834.32,387.13,827.97,387.35
827.75,421.92,816.65,421.92
802.84,409.98,813.16,409.98
800.03,348.27,801.86,348.42
802.05,401.76,813.16,409.98
811.92,401.76,813.16,409.98
818.86,334.35,819.54,334.35
818.07,354.33,818.49,355.97
802.05,401.76,811.92,401.76
820.31,389.42,819.69,389.14
803.56,400.75,803.57,401.09
789.17,360.00,789.48,358.11
819.18,388.90,819.69,389.14
810.81,401.09,803.57,401.09
787.97,360.00,789.17,360.00
820.31,389.42,820.97,389.72
803.56,400.75,810.81,401.09
810.79,400.75,810.81,401.09
817.62,410.62,820.91,408.58
803.61,398.91,803.56,400.75
810.79,400.75,803.56,400.75
803.61,398.91,810.79,400.75
810.84,398.91,810.79,400.75
821.53,319.82,815.78,320.39
822.36,391.30,823.27,391.72
803.79,397.13,803.61,398.91
810.84,398.91,803.61,398.91
803.79,397.13,810.84,398.91
814.09,395.06,812.89,393.56
811.02,397.13,810.84,398.91
804.09,395.43,803.79,397.13
815.74,343.85,815.33,344.14
799.31,353.42,800.23,354.92
822.55,405.58,822.62,405.37
788.11,368.11,789.03,365.57
814.84,390.83,815.65,390.67
811.33,395.43,811.02,397.13
804.51,393.88,804.09,395.43
811.33,395.43,804.09,395.43
815.58,410.98,818.18,409.33
811.76,393.88,811.33,395.43
804.80,395.98,804.59,396.01
816.34,398.22,816.12,396.41
805.04,392.49,804.51,393.88
793.41,359.15,794.00,359.15
811.76,393.88,804.51,393.88
805.04,392.49,811.76,393.88
814.00,396.81,814.09,395.06
812.29,392.49,811.76,393.88
812.12,396.95,812.44,395.19
805.66,391.32,805.04,392.49
805.66,391.32,812.29,392.49
812.93,391.32,812.29,392.49
803.78,378.03,803.97,377.17
812.93,391.32,805.66,391.32
807.94,389.29,807.13,389.69
826.10,403.20,827.23,403.71
807.94,389.29,814.43,389.69
824.97,405.15,827.23,403.71
811.92,401.76,813.16,409.98
815.25,389.29,814.43,389.69
822.20,393.99,821.58,392.46
803.50,410.62,804.04,410.98
814.18,401.60,815.52,409.81
808.78,389.17,807.94,389.29
811.92,401.76,815.52,409.81
815.25,389.29,807.94,389.29
819.98,409.97,826.07,406.21
809.63,389.35,808.78,389.17
820.91,408.58,827.50,404.50
816.97,389.35,816.11,389.17
815.94,394.71,815.80,393.16
804.72,320.03,804.42,319.76
810.46,389.82,809.63,389.35
816.97,389.35,809.63,389.35
810.46,389.82,816.97,389.35
814.26,393.46,814.51,392.04
817.82,389.82,816.97,389.35
812.89,393.56,813.45,392.12
822.17,359.59,822.07,360.00
811.25,390.57,810.46,389.82
800.93,350.29,801.03,350.96
814.26,393.46,813.45,392.12
817.82,389.82,810.46,389.82
811.25,390.57,817.82,389.82
826.10,403.20,827.23,403.71
808.74,354.68,812.47,355.59
818.63,390.57,817.82,389.82
810.06,356.51,810.12,356.59
811.99,391.58,811.25,390.57
818.63,390.57,811.25,390.57
811.99,391.58,818.63,390.57
819.38,391.58,818.63,390.57
812.66,392.83,811.99,391.58
819.38,391.58,811.99,391.58
813.23,394.30,812.66,392.83
820.64,394.30,820.06,392.83
820.64,394.30,813.23,394.30
813.30,394.56,820.64,394.30
820.72,394.56,820.64,394.30
813.30,394.56,820.72,394.56
829.16,386.94,811.33,386.94
813.62,403.03,822.46,394.91
813.62,403.03,824.22,403.03
807.21,412.40,808.02,412.74
813.39,405.02,823.60,405.02
809.12,406.78,810.78,406.31
812.23,406.04,811.62,405.15
791.35,346.93,793.55,346.53
809.55,405.53,812.23,406.04
810.78,406.31,812.23,406.04
809.55,405.53,810.78,406.31
801.35,409.97,805.02,409.41
805.02,409.41,801.35,409.97
813.46,405.95,813.39,405.02
789.21,380.50,789.30,380.76
820.83,359.15,821.20,360.25
779.98,356.68,779.58,358.32
811.62,405.15,813.46,405.95
779.62,356.54,779.58,358.32
812.23,406.04,813.46,405.95
811.62,405.15,812.23,406.04
779.17,353.87,778.36,355.83
805.23,409.87,801.66,410.62
802.54,410.98,805.23,409.87
780.30,354.92,779.62,356.54
805.84,410.12,805.23,409.87
823.23,392.62,823.27,391.72
802.54,410.98,805.84,410.12
805.84,410.12,802.54,410.98
803.88,411.10,806.79,410.21
800.37,391.32,801.30,391.69
798.63,392.53,799.45,391.61
799.45,391.61,800.37,391.32
804.08,392.35,802.15,392.69
804.25,393.98,803.27,396.15
804.35,398.27,803.44,398.26
802.89,402.23,803.30,400.36
817.91,390.93,819.45,389.36
801.51,395.02,800.89,396.30
804.10,400.51,803.30,400.36
824.87,359.58,825.27,360.93
800.44,391.08,801.89,389.53
803.57,402.49,802.23,403.69
817.00,376.82,819.08,377.39
802.23,403.69,802.89,402.23
801.40,404.59,802.23,403.69
824.22,393.08,824.41,393.91
799.55,404.45,800.48,404.85
799.19,403.76,798.72,403.43
797.02,346.29,795.01,346.87
789.23,379.21,792.34,380.06
797.62,399.99,798.05,401.89
798.97,397.90,797.46,397.91
820.36,368.41,820.48,368.81
798.70,400.11,797.46,397.91
789.23,379.21,792.41,379.22
797.62,399.99,797.46,397.91
798.70,400.11,797.62,399.99
824.70,341.12,825.07,342.40
802.94,394.70,802.41,394.06
823.08,358.43,830.80,358.40
799.18,394.21,799.75,393.57
799.18,394.21,801.24,394.01
800.72,394.58,801.24,394.01
799.75,393.57,801.83,393.83
801.24,394.01,801.83,393.83
799.75,393.57,801.24,394.01
802.10,395.40,801.62,394.33
801.62,394.33,802.94,394.70
824.07,358.30,823.00,355.79
798.73,395.23,799.18,394.21
802.10,395.40,803.37,395.66
803.76,398.20,802.40,396.74
802.40,396.74,803.65,396.87
802.43,399.67,802.52,398.21
802.52,398.21,803.76,398.20
802.43,399.67,803.67,399.51
801.68,401.98,802.14,400.97
806.74,320.42,807.82,323.81
803.00,401.60,802.14,400.97
802.14,400.97,803.41,400.69
801.10,402.61,801.68,401.98
801.68,401.98,803.00,401.60
800.46,402.80,801.10,402.61
800.32,395.50,800.72,394.58
824.41,393.91,824.49,393.96
801.89,402.34,801.10,402.61
801.10,402.61,802.47,402.17
825.37,372.16,823.36,372.10
799.82,402.52,800.46,402.80
800.46,402.80,801.89,402.34
799.23,401.81,799.82,402.52
824.34,354.99,824.15,355.17
800.78,401.45,799.82,402.52
799.82,402.52,801.31,402.09
815.45,379.22,796.18,379.22
798.77,400.74,799.23,401.81
800.36,400.49,799.23,401.81
800.36,400.49,800.78,401.45
799.23,401.81,800.78,401.45
798.35,397.96,798.44,396.52
832.19,358.69,830.80,358.40
802.94,394.70,801.03,393.63
746.49,360.00,746.49,354.79
800.06,396.67,798.44,396.52
822.58,370.43,822.58,362.79
798.47,399.42,798.77,400.74
800.27,391.43,800.94,393.53
800.28,393.27,800.94,393.53
800.27,391.43,800.28,393.27
801.55,394.25,802.02,392.78
800.94,393.53,801.55,394.25
799.67,395.72,800.48,393.71
792.65,381.60,791.98,381.23
798.56,392.62,799.37,391.71
799.63,393.47,799.37,391.71
801.51,356.05,751.32,356.57
800.28,393.27,800.27,391.43
802.13,360.00,751.86,360.00
799.37,391.71,800.28,393.27
799.63,393.47,800.28,393.27
802.13,360.00,751.32,363.43
799.37,391.71,799.63,393.47
799.04,394.12,798.56,392.62
803.12,396.18,802.68,394.29
791.68,378.47,791.94,378.38
802.34,396.71,802.03,395.34
802.68,394.29,802.03,395.34
798.58,395.16,797.93,394.05
798.30,396.48,798.58,395.16
802.37,399.70,803.15,400.32
803.28,398.26,802.37,399.70
803.28,398.26,802.46,398.21
802.37,399.70,802.07,401.03
803.15,400.32,802.37,399.70
801.61,402.07,802.10,403.60
802.07,401.03,801.61,402.07
802.75,402.16,802.07,401.03
802.10,403.60,801.02,402.71
801.61,402.07,801.02,402.71
822.08,362.85,819.39,360.96
802.10,403.60,801.61,402.07
801.28,404.49,801.02,402.71
799.70,402.62,799.46,404.35
792.77,379.81,792.81,380.43
800.36,402.90,799.70,402.62
805.90,444.58,810.52,442.19
800.37,404.74,800.36,402.90
802.34,396.71,802.68,394.29
798.63,400.80,797.98,401.83
798.64,403.34,798.63,400.80
798.64,403.34,799.10,401.89
798.30,396.48,797.53,395.88
797.98,401.83,798.63,400.80
797.56,399.96,798.20,397.96
798.32,399.44,798.20,397.96
791.98,379.59,791.85,379.28
797.56,399.96,798.32,399.44
800.94,393.53,800.28,393.27
801.03,393.63,800.39,393.37
792.07,379.99,791.98,379.59
800.28,393.27,800.39,393.37
799.75,393.57,800.39,393.37
792.10,380.42,792.07,379.99
800.94,393.53,801.03,393.63
791.98,381.23,792.07,380.85
801.55,394.25,801.62,394.33
804.55,307.27,804.90,307.04
798.58,395.16,799.04,394.12
799.48,395.70,800.48,393.71
791.85,381.53,791.98,381.23
799.18,394.21,799.04,394.12
817.24,382.24,817.74,383.18
798.73,395.23,799.18,394.21
791.68,381.72,791.85,381.53
802.03,395.34,802.10,395.40
802.34,396.71,802.03,395.34
802.52,398.21,802.40,396.74
802.46,398.21,802.34,396.71
791.31,381.70,791.50,381.77
802.46,398.21,802.52,398.21
802.37,399.70,802.46,398.21
805.78,421.99,806.38,422.04
796.29,380.45,797.00,371.86
802.37,399.70,802.43,399.67
791.14,381.49,791.68,382.27
802.07,401.03,802.37,399.70
801.68,401.98,802.14,400.97
802.07,401.03,802.14,400.97
801.10,402.61,801.68,401.98
791.01,381.17,791.44,381.97
801.02,402.71,801.61,402.07
801.02,402.71,801.10,402.61
800.36,402.90,800.46,402.80
799.70,402.62,799.82,402.52
791.51,381.00,792.50,381.00
798.73,395.23,798.58,395.16
817.45,388.64,816.37,388.64
799.10,401.89,799.23,401.81
798.63,400.80,799.10,401.89
793.41,359.15,793.89,359.95
798.63,400.80,798.77,400.74
798.35,397.96,798.30,396.48
791.47,380.33,792.45,380.33
798.44,396.52,798.30,396.48
798.35,397.96,798.44,396.52
798.47,399.42,798.35,397.96
798.20,397.96,798.47,399.42
802.03,395.34,801.62,394.33
810.36,341.35,817.32,341.35
798.32,399.44,798.47,399.42
798.20,397.96,798.32,399.44
806.97,393.08,804.69,393.91
791.51,379.68,792.50,379.68
800.27,391.43,800.37,391.32
801.30,391.69,800.27,391.43
801.18,391.79,800.27,391.43
801.30,391.69,801.18,391.79
799.37,391.71,799.45,391.61
791.64,379.09,792.63,379.09
802.15,392.69,802.02,392.78
798.56,392.62,798.63,392.53
802.83,394.23,802.68,394.29
803.44,398.26,803.27,396.15
803.44,398.26,803.28,398.26
820.83,359.15,820.46,358.05
803.30,400.36,803.44,398.26
820.83,359.15,820.23,358.73
803.30,400.36,803.15,400.32
802.10,403.60,802.75,402.16
791.64,381.60,792.50,381.00
792.11,378.33,793.09,378.33
792.82,359.15,792.85,358.73
802.23,403.69,802.10,403.60
801.40,404.59,801.28,404.49
791.85,382.08,791.64,381.60
792.39,378.24,793.38,378.24
798.32,399.44,798.63,400.80
800.48,404.85,800.37,404.74
791.47,363.24,790.79,363.24
799.55,404.45,800.48,404.85
799.55,404.45,799.46,404.35
797.59,395.84,797.99,393.99
797.53,395.88,797.99,393.99
797.93,394.05,797.99,393.99
797.98,401.83,798.64,403.34
792.11,382.40,791.85,382.08
792.68,378.36,793.67,378.36
798.72,403.43,798.64,403.34
798.05,401.89,797.98,401.83
797.40,397.91,797.56,399.96
797.62,399.99,797.56,399.96
792.39,382.53,792.11,382.40
792.94,378.68,793.93,378.68
797.59,395.84,797.46,397.91
797.40,397.91,797.59,395.84
822.20,359.15,822.17,359.59
804.24,391.20,803.58,390.84
818.77,363.24,819.05,362.45
804.03,391.26,803.37,390.89
823.29,404.85,824.35,404.49
792.68,382.44,793.38,382.53
791.47,363.24,791.06,362.36
793.28,379.77,793.32,380.44
802.84,391.16,802.64,391.20
803.74,390.70,803.58,390.84
792.68,382.44,792.39,382.53
802.84,391.16,803.58,390.84
803.74,390.70,802.84,391.16
804.03,391.26,803.79,391.29
791.43,379.10,795.27,379.30
804.51,392.21,804.03,391.26
801.81,392.03,800.48,393.71
822.79,340.86,821.48,340.83
804.48,393.96,804.08,392.35
792.94,382.15,792.68,382.44
813.58,347.73,814.43,347.73
828.86,330.39,828.86,333.31
800.60,393.66,799.67,395.72
800.60,393.66,800.48,393.71
800.29,393.73,800.48,393.71
804.48,393.96,804.25,393.98
793.14,381.69,793.93,382.15
804.59,396.01,804.48,393.96
804.80,395.98,804.48,393.96
809.81,389.46,827.58,389.46
804.77,398.28,804.59,396.01
804.10,400.51,804.35,398.27
804.59,398.28,804.35,398.27
804.34,400.54,804.59,398.28
804.77,398.28,804.59,398.28
804.34,400.54,804.10,400.51
793.28,381.10,794.13,381.69
803.81,402.55,804.34,400.54
828.82,360.92,828.78,360.91
803.96,402.68,804.34,400.54
798.05,401.89,798.72,403.43
827.38,347.32,817.97,347.62
804.51,400.61,804.34,400.54
794.13,371.53,794.66,367.54
802.81,404.04,803.57,402.49
793.28,381.10,793.14,381.69
803.81,402.55,803.57,402.49
803.04,404.12,803.81,402.55
803.04,404.12,802.81,404.04
802.12,405.09,803.04,404.12
793.32,380.44,794.27,381.10
801.15,405.37,802.12,405.09
800.01,404.85,800.94,405.28
793.32,380.44,793.28,381.10
801.15,405.37,800.94,405.28
800.21,404.93,801.15,405.37
816.12,396.41,817.52,395.79
775.47,377.47,775.50,377.98
800.21,404.93,800.01,404.85
799.50,404.11,800.21,404.93
782.53,364.25,782.70,364.21
799.75,395.79,799.15,397.91
799.48,395.70,799.67,395.72
798.95,402.17,799.19,403.76
799.41,403.87,799.19,403.76
798.95,402.17,799.41,403.87
799.03,402.27,799.41,403.87
791.37,380.44,791.38,380.62
799.50,404.11,799.41,403.87
792.33,380.61,796.10,380.62
798.70,400.11,799.15,397.91
798.97,397.90,799.15,397.91
792.33,380.61,796.02,380.49
804.31,392.31,803.79,391.29
798.70,400.11,798.97,397.90
798.95,402.17,798.76,402.13
798.95,402.17,798.88,400.13
798.97,400.19,798.95,402.17
801.81,392.03,802.98,391.02
819.05,362.45,819.44,363.24
799.49,408.58,799.84,409.33
807.42,395.58,811.19,403.20
802.21,405.31,800.26,405.13
802.21,405.31,801.23,405.58
804.24,391.20,803.74,390.70
804.51,392.21,804.69,393.91
829.96,348.76,831.03,348.83
804.83,389.51,802.98,391.02
802.24,396.24,801.26,397.44
804.80,395.98,804.69,393.91
800.60,393.66,801.26,393.16
804.66,390.20,804.83,389.51
799.85,396.41,799.75,395.79
799.23,397.94,799.75,395.79
799.43,398.22,799.23,397.94
810.93,345.79,811.02,345.83
799.93,341.91,799.93,328.18
800.94,321.16,801.54,320.32
805.37,389.00,805.07,389.10
785.07,372.03,787.08,372.92
806.05,389.14,805.07,389.10
805.89,388.85,805.07,389.10
800.72,397.96,801.05,400.19
793.46,371.30,792.41,379.22
803.28,390.58,805.07,389.10
804.46,389.79,803.17,390.42
804.66,390.20,806.23,389.72
806.20,388.79,806.71,388.69
806.56,388.76,807.44,388.64
806.23,389.72,806.46,390.59
808.33,390.22,806.23,389.72
802.04,391.44,803.17,390.42
804.46,389.79,803.27,390.67
807.79,389.42,806.05,389.14
808.32,388.82,807.44,388.64
807.79,389.42,810.01,390.09
810.78,391.15,808.33,390.22
782.20,356.87,782.62,356.87
796.18,379.22,796.10,380.06
810.01,390.09,808.33,390.22
801.05,392.70,801.26,393.16
817.91,371.38,817.60,371.30
797.48,371.53,798.01,367.54
803.62,390.83,802.20,391.80
816.78,344.33,814.12,344.03
821.01,414.50,820.85,413.79
804.92,389.90,804.19,390.88
795.18,333.98,795.74,332.65
813.00,344.88,813.48,344.45
804.63,389.87,803.62,390.83
818.01,368.37,817.50,368.25
797.23,371.30,796.18,379.22
809.18,389.31,807.79,389.42
818.01,368.37,817.27,368.37
797.23,371.30,797.81,367.02
814.44,332.46,813.79,333.87
816.34,398.22,817.75,397.94
809.18,389.31,807.25,388.90
808.32,388.82,807.25,388.90
817.60,371.30,817.27,368.37
762.65,382.21,762.98,382.49
807.26,394.65,806.97,393.08
802.71,392.04,801.26,393.16
801.26,393.16,802.20,391.80
802.71,392.04,804.19,390.88
811.62,405.15,808.47,403.71
814.60,302.38,814.48,302.17
827.04,332.54,826.50,332.54
811.62,405.15,809.55,405.53
809.80,394.16,809.35,392.62
817.62,366.73,817.53,364.79
812.07,393.99,811.47,392.46
819.39,364.70,817.39,362.82
801.35,409.97,807.17,406.21
805.74,404.50,808.47,403.71
817.24,382.24,817.57,381.54
782.43,360.00,785.49,362.17
801.92,393.46,800.47,394.71
827.90,343.32,830.27,343.22
809.46,303.90,809.51,303.74
826.50,330.75,826.20,330.59
801.92,393.46,801.26,393.16
803.17,390.42,804.05,389.81
794.19,350.15,792.87,351.44
802.71,392.04,803.54,392.12
813.62,403.03,813.39,405.02
806.70,391.72,806.46,390.59
813.62,403.03,811.62,405.15
811.19,403.20,811.62,405.15
810.01,395.08,809.80,394.16
812.33,394.91,812.07,393.99
782.26,363.13,782.70,364.21
799.23,397.94,799.15,397.91
801.27,395.06,799.85,396.41
809.18,389.31,810.01,390.09
827.91,366.23,828.09,365.41
801.92,393.46,802.99,393.56
813.62,403.03,812.33,394.91
810.01,395.08,813.62,403.03
810.01,395.08,811.19,403.20
803.24,353.87,802.28,352.01
802.54,410.98,799.84,409.33
801.66,410.62,799.84,409.33
807.17,406.21,809.55,405.53
804.54,305.26,804.91,304.77
802.84,409.98,803.88,411.10
802.54,410.98,802.84,409.98
802.54,410.98,801.00,409.81
800.44,398.66,799.43,398.22
800.44,398.66,802.24,396.95
799.18,401.12,800.28,400.57
802.00,400.73,802.06,398.81
800.28,400.57,802.00,400.73
800.38,395.72,800.25,395.86
800.38,395.72,800.29,395.89
819.75,356.20,820.04,356.42
773.98,382.35,774.47,382.45
801.05,400.19,800.87,400.00
812.89,393.56,811.37,395.19
807.42,395.58,808.47,403.71
801.05,400.19,800.91,400.00
827.29,330.94,827.37,330.90
801.27,395.06,800.47,394.71
800.97,400.54,801.24,400.38
800.08,395.81,800.03,395.79
803.62,390.83,803.27,390.67
800.08,395.81,800.25,395.55
801.23,405.58,801.15,405.37
800.23,395.64,800.25,395.55
791.08,380.34,791.12,380.96
797.93,394.05,798.63,392.53
815.49,333.08,815.71,333.05
778.34,371.11,779.64,373.10
799.75,395.79,799.67,395.72
800.80,400.58,800.76,400.70
801.01,400.63,800.80,400.58
802.65,309.88,805.04,307.73
816.47,382.14,817.33,382.44
792.60,379.25,792.41,379.22
800.60,397.94,801.05,400.19
800.60,397.94,800.91,400.00
801.05,400.19,800.91,400.00
800.76,397.97,801.12,400.36
798.26,346.51,800.34,347.01
792.33,380.61,796.10,380.62
782.63,357.86,783.11,355.74
802.71,392.04,803.62,390.83
800.80,400.58,800.97,400.54
800.49,400.28,800.68,400.45
800.18,398.22,800.49,400.28
825.56,355.84,824.73,359.59
800.76,397.97,800.40,395.59
801.95,400.76,801.01,400.63
811.06,386.91,811.33,386.94
800.01,395.98,800.18,398.22
826.05,372.50,825.78,372.39
811.06,386.91,809.81,389.46
800.23,395.64,800.08,395.81
800.44,398.19,800.23,395.64
800.44,398.19,800.60,398.08
800.25,395.55,800.50,395.47
800.29,395.89,800.38,395.72
801.27,395.06,802.99,393.56
800.62,394.98,800.50,395.47
802.56,395.19,802.99,393.56
800.25,395.55,800.50,395.47
826.79,439.23,825.96,438.89
823.73,364.73,824.99,364.52
800.92,399.94,800.87,400.00
800.92,399.94,801.24,400.38
797.04,350.21,795.66,351.45
816.82,381.13,816.79,380.74
799.72,396.24,799.78,396.18
800.76,400.70,801.56,401.20
800.25,395.86,800.29,395.89
800.38,395.72,800.40,395.59
801.12,400.36,800.72,397.96
819.39,364.70,819.25,362.83
801.35,409.97,805.74,404.50
801.12,400.36,801.05,400.19
800.56,397.92,800.60,397.94
800.91,400.00,800.56,397.92
800.91,400.00,800.87,400.00
792.68,382.44,791.94,382.39
800.08,395.81,800.01,395.98
800.09,398.24,799.78,396.18
805.25,333.82,805.71,333.95
799.88,396.17,799.78,396.18
816.56,383.94,817.18,383.76
815.38,320.87,815.78,320.39
800.18,398.22,799.88,396.17
800.18,398.22,800.09,398.24
800.40,400.31,800.18,398.22
800.40,400.31,800.49,400.28
800.10,328.22,800.30,327.72
800.44,398.19,800.34,398.21
800.68,400.45,800.44,398.19
802.24,396.24,802.45,397.16
803.08,396.13,803.30,397.11
803.30,397.11,802.45,397.16
798.89,320.33,798.76,320.39
803.39,398.17,803.30,397.11
807.26,394.65,804.69,393.91
801.11,396.81,801.26,397.44
803.08,396.13,802.24,396.24
802.45,397.16,801.26,397.44
803.39,398.17,802.53,398.17
801.11,396.81,802.24,396.24
802.73,395.35,801.91,395.51
820.08,378.88,820.25,379.63
800.23,395.64,800.40,395.59
801.51,392.18,798.63,392.53
802.53,398.17,801.32,398.14
803.32,399.24,802.47,399.17
800.89,396.30,801.91,395.51
802.30,394.84,801.51,395.02
802.47,399.17,801.27,398.84
801.91,405.00,800.48,404.85
801.14,399.45,802.47,399.17
813.89,321.15,813.89,320.32
814.60,331.71,814.96,332.00
802.78,400.92,802.27,400.06
763.63,382.11,763.79,382.36
803.11,400.18,802.27,400.06
800.61,395.96,801.51,395.02
801.06,394.84,800.61,395.96
800.30,395.84,800.61,395.96
801.06,394.84,800.30,395.84
826.00,340.73,825.15,342.03
801.83,394.65,801.06,394.84
802.27,400.06,801.14,399.45
802.53,398.17,802.45,397.16
800.92,399.94,802.27,400.06
801.95,400.76,802.27,400.06
800.92,399.94,801.95,400.76
792.94,381.97,792.41,381.22
802.78,400.92,801.95,400.76
763.15,377.92,764.06,381.94
802.35,401.38,801.56,401.20
817.47,336.30,827.67,335.69
800.60,398.08,800.80,400.58
800.94,395.26,800.23,395.42
801.88,401.52,801.11,401.32
799.72,396.24,800.23,395.42
803.61,423.24,803.50,423.20
804.69,393.91,804.48,393.96
800.50,395.47,800.25,395.86
800.61,396.00,799.92,396.12
801.11,401.32,800.34,400.33
801.41,401.32,800.67,401.14
799.51,396.72,799.92,396.12
800.41,396.94,799.72,397.00
800.67,401.14,800.03,400.20
817.88,380.57,817.57,381.54
779.58,358.32,779.22,358.25
799.95,399.91,800.27,400.65
800.99,400.80,800.27,400.65
800.34,397.99,799.66,398.00
789.17,360.00,789.33,360.00
800.27,400.65,799.75,399.86
766.37,383.38,765.58,382.35
799.95,399.91,799.74,399.00
804.11,378.11,806.01,378.99
788.12,361.90,788.57,363.75
800.64,400.02,799.95,399.91
779.58,361.68,779.22,361.75
803.32,399.24,802.53,398.17
770.21,377.76,770.35,378.28
800.42,399.06,800.64,400.02
816.19,382.43,816.67,382.76
799.74,399.00,799.66,398.00
827.45,354.38,827.13,354.38
803.51,344.05,804.99,342.91
764.77,377.94,765.37,382.02
799.33,398.02,799.66,398.00
807.23,383.38,804.28,383.20
799.92,396.12,800.94,395.26
789.38,369.81,789.52,369.76
799.95,399.91,799.53,399.35
807.23,382.28,805.09,382.16
803.61,423.24,804.15,422.82
804.69,393.91,804.31,392.31
788.11,371.14,791.04,371.23
799.74,399.00,799.95,399.91
803.17,382.33,802.91,381.52
779.08,360.00,777.70,360.00
803.11,400.18,802.47,399.17
822.88,395.47,822.85,395.59
779.58,368.25,798.22,368.68
822.88,395.47,823.25,395.86
801.51,392.18,799.45,391.61
823.68,400.19,823.81,400.00
823.60,400.36,823.66,400.38
823.45,400.54,823.60,400.36
790.85,378.29,790.92,378.37
822.57,395.98,822.72,396.17
800.29,393.73,797.99,393.99
822.57,395.98,822.76,396.18
815.36,380.90,796.10,380.06
803.34,382.52,803.44,381.52
802.81,404.04,802.23,403.69
801.06,394.84,802.30,394.84
791.28,373.59,795.60,373.75
822.38,395.79,822.62,395.55
793.41,373.42,797.75,373.57
822.51,395.81,822.38,395.79
818.04,383.37,817.18,383.76
793.72,370.64,797.33,372.03
823.27,400.58,823.45,400.54
823.16,400.70,823.27,400.58
823.43,400.63,823.16,400.70
823.68,400.19,823.81,400.00
800.93,350.29,801.51,350.24
823.45,400.54,823.60,400.36
777.43,384.83,778.95,384.93
821.13,343.37,818.03,342.34
823.27,400.58,823.45,400.54
823.28,400.45,823.37,400.28
779.11,385.47,800.44,386.97
825.09,343.63,823.60,342.48
822.85,395.59,823.23,397.97
822.88,395.47,823.25,395.86
778.94,382.73,779.11,382.48
821.66,395.42,822.62,395.55
816.67,382.76,817.33,382.44
766.47,382.29,765.98,378.07
823.05,398.22,822.72,396.17
822.67,395.64,823.06,398.08
795.06,350.43,795.34,350.03
826.05,372.50,825.78,372.39
801.41,401.32,801.11,401.32
822.51,395.81,822.67,395.64
822.89,398.19,822.51,395.81
822.62,395.55,822.85,395.59
823.16,395.89,823.48,397.94
822.97,395.72,823.16,395.89
823.32,397.96,822.97,395.72
822.88,395.47,822.62,395.55
826.05,372.50,828.21,372.50
793.72,349.36,795.38,347.15
800.99,400.80,800.67,401.14
822.07,394.98,822.88,395.47
822.54,394.84,822.88,395.47
822.54,394.84,822.07,394.98
823.48,400.76,823.66,400.38
822.38,395.79,822.76,396.18
823.43,400.63,823.06,401.20
823.16,400.70,823.43,400.63
800.64,400.02,800.99,400.80
792.62,382.72,793.06,382.99
823.23,397.97,823.60,400.36
823.25,395.86,823.16,395.89
823.48,397.94,823.16,395.89
778.36,355.83,779.18,353.83
799.66,398.00,799.37,397.34
822.97,395.72,822.85,395.59
823.32,397.96,823.68,400.19
818.57,379.71,818.81,378.29
823.23,397.97,823.32,397.96
823.60,400.36,823.23,397.97
823.58,397.92,823.91,400.00
796.01,332.37,799.66,333.77
823.48,397.94,823.58,397.92
823.81,400.00,823.48,397.94
818.75,332.37,818.12,333.77
825.54,431.54,824.85,432.06
822.51,395.81,822.57,395.98
822.93,398.21,822.57,395.98
823.17,428.11,822.47,428.90
822.76,396.18,822.72,396.17
823.15,427.22,822.84,427.72
823.05,398.22,823.37,400.28
822.98,426.92,822.72,426.94
823.09,398.24,823.05,398.22
822.93,398.21,822.89,398.19
823.28,400.45,822.93,398.21
825.20,426.89,824.49,427.68
823.78,396.24,823.32,397.11
825.20,426.89,824.78,427.24
823.78,396.24,824.00,397.16
825.03,427.15,824.49,427.68
824.00,397.16,823.32,397.11
824.18,396.81,824.33,397.44
825.26,426.45,824.87,426.49
823.08,396.13,823.78,396.24
799.93,341.91,798.66,320.87
825.00,425.69,824.44,425.20
824.33,397.44,824.00,397.16
824.63,425.92,823.80,425.59
824.09,398.17,823.41,398.17
822.88,395.47,822.97,395.72
816.83,382.67,817.38,382.02
809.35,381.85,816.59,382.54
822.72,395.35,823.44,395.51
790.26,348.81,790.19,349.26
822.67,395.64,823.23,397.97
802.88,414.98,803.79,414.57
824.39,398.14,824.09,398.17
825.95,372.41,833.18,372.63
823.11,400.18,823.33,399.24
802.88,414.09,803.38,413.30
824.02,399.17,823.33,399.24
824.92,342.99,825.11,343.04
801.46,381.44,803.44,381.52
824.34,398.84,824.02,399.17
823.81,400.06,823.11,400.18
820.88,400.80,821.33,401.32
823.81,400.06,824.02,399.17
821.36,355.39,820.11,355.40
820.88,400.80,822.12,401.14
806.52,376.85,804.58,376.70
824.20,399.45,824.02,399.17
821.70,400.65,822.12,401.14
822.33,397.34,822.47,396.72
822.76,400.92,823.11,400.18
821.12,397.00,821.33,396.12
823.48,400.76,823.81,400.06
821.06,398.00,821.12,397.00
799.85,396.41,799.23,397.94
821.70,400.65,822.12,401.14
822.73,399.86,823.03,400.20
820.52,400.02,820.88,400.80
821.36,399.91,821.70,400.65
822.50,399.35,822.73,399.86
819.84,439.39,817.08,421.60
768.69,371.21,765.69,371.11
738.23,355.85,737.10,356.99
820.85,413.79,820.29,413.30
819.94,413.27,820.29,413.30
819.66,413.71,819.94,413.27
821.14,399.00,820.20,397.99
819.57,414.46,819.66,413.71
819.70,415.23,819.57,414.46
817.95,347.43,817.97,347.62
792.45,369.10,792.73,368.93
821.78,391.29,825.05,392.69
820.67,415.22,819.99,415.72
830.24,381.44,820.07,380.88
819.99,415.72,819.70,415.23
822.63,414.04,822.35,414.48
823.32,397.96,823.68,400.19
822.72,413.29,822.63,414.04
780.00,375.21,779.86,375.16
834.29,366.33,827.91,366.23
816.21,382.85,816.67,382.76
813.99,342.17,814.19,341.69
823.10,413.25,822.72,413.29
822.59,412.51,822.72,413.29
813.83,342.36,813.99,342.17
823.03,412.80,822.59,412.51
822.34,398.72,822.28,398.02
822.30,412.01,822.59,412.51
814.03,341.86,813.83,342.36
771.51,371.08,783.11,371.65
793.97,359.57,793.89,359.95
822.85,412.50,822.30,412.01
821.94,411.98,822.30,412.01
821.66,412.42,821.94,411.98
821.57,413.17,821.66,412.42
821.69,413.94,821.57,413.17
817.88,380.55,817.82,380.50
801.25,342.37,813.51,342.37
822.50,413.64,821.69,413.94
763.45,369.89,764.88,369.89
821.33,396.12,822.70,396.24
821.99,414.44,821.69,413.94
824.91,412.66,824.37,413.19
824.65,412.74,824.37,413.19
824.96,369.53,823.73,369.67
800.79,342.56,800.77,342.17
811.22,367.11,810.43,365.80
825.08,412.40,824.65,412.74
824.75,411.99,824.65,412.74
809.95,368.61,809.98,368.55
825.13,411.95,824.75,411.99
763.38,369.89,764.90,369.89
823.03,400.20,822.59,401.32
824.62,411.21,824.75,411.99
804.67,376.07,804.28,376.50
808.69,368.58,807.24,369.82
825.06,411.50,824.62,411.21
824.32,410.71,824.62,411.21
824.88,411.20,824.32,410.71
823.96,410.67,824.32,410.71
816.38,376.40,805.09,375.94
824.67,411.18,823.96,410.67
816.59,376.66,816.38,376.40
824.50,411.44,823.68,411.12
762.43,368.42,764.31,368.42
821.12,397.00,822.47,396.72
823.58,411.88,823.68,411.12
805.34,376.19,816.59,376.66
800.57,341.69,800.10,328.22
824.45,411.89,823.58,411.88
824.52,412.34,824.01,413.15
824.96,369.53,824.96,366.72
813.33,327.52,800.79,327.52
797.12,346.37,799.96,347.73
821.58,419.60,821.33,419.69
762.43,368.25,780.20,368.68
822.73,399.86,822.12,401.14
821.33,419.69,821.05,420.12
821.42,418.94,821.33,419.69
823.73,366.58,793.20,366.09
803.25,372.02,803.32,371.95
821.55,418.15,820.64,417.62
820.64,417.62,821.00,417.66
824.96,366.72,823.73,366.58
802.01,371.99,805.11,371.58
821.35,418.13,820.37,418.06
820.37,418.06,820.64,417.62
820.27,418.81,820.37,418.06
814.11,341.91,814.11,328.18
821.13,418.83,820.40,419.58
826.80,327.35,826.80,327.22
823.60,418.34,823.34,418.43
823.34,418.43,823.06,418.87
826.32,327.55,826.30,327.42
823.82,417.64,823.31,416.90
825.88,328.05,825.85,327.95
823.57,416.88,822.65,416.35
822.65,416.35,823.01,416.39
793.97,358.73,794.00,359.15
825.91,398.27,826.42,398.26
825.49,328.73,825.85,327.95
823.36,416.86,822.65,416.35
822.37,416.80,822.65,416.35
825.54,328.80,825.88,328.05
823.19,417.12,822.37,416.80
822.28,417.55,822.37,416.80
822.40,418.32,822.28,417.55
825.18,330.76,825.26,329.70
800.10,341.86,800.30,342.36
823.21,418.02,822.70,418.83
825.26,331.82,825.18,330.76
811.83,363.05,811.24,364.48
825.63,417.06,825.38,417.15
825.63,417.06,825.09,417.59
825.38,417.15,825.09,417.59
825.47,416.39,825.38,417.15
801.24,371.65,803.78,378.03
825.86,416.36,825.47,416.39
811.19,367.16,809.95,368.61
825.78,415.90,825.34,415.61
825.04,415.11,825.34,415.61
824.68,415.07,825.04,415.11
824.40,415.51,824.68,415.07
796.27,362.32,796.72,363.41
825.24,416.74,824.43,417.05
829.19,343.99,829.75,344.49
827.67,333.48,827.30,333.88
822.29,423.98,822.04,424.07
822.04,424.07,821.76,424.50
795.96,366.49,797.05,367.43
822.46,423.72,822.04,424.07
829.73,353.17,827.54,354.26
794.91,360.00,795.51,360.00
805.73,422.41,806.12,422.71
776.98,369.89,775.46,369.89
819.99,415.72,820.34,415.76
822.00,422.54,822.13,423.32
796.65,367.98,797.97,368.79
822.44,422.82,822.00,422.54
821.71,422.04,822.00,422.54
821.35,421.99,821.71,422.04
821.07,422.43,821.35,421.99
820.98,423.18,821.07,422.43
821.84,423.20,820.98,423.18
821.91,423.65,821.40,424.46
821.91,423.65,821.11,423.95
821.40,424.46,821.11,423.95
824.10,422.71,823.78,423.26
824.48,422.48,824.06,422.83
824.15,422.07,824.06,422.83
767.48,369.81,768.01,369.83
807.85,420.70,808.31,421.46
821.99,414.44,822.35,414.48
824.02,421.30,824.15,422.07
823.72,420.79,824.02,421.30
823.37,420.75,823.72,420.79
823.09,421.18,823.37,420.75
817.91,371.38,816.81,379.24
822.99,421.93,823.09,421.18
803.34,382.52,803.89,383.18
796.55,332.10,797.25,332.30
823.85,421.95,823.12,422.71
823.42,423.22,823.12,422.71
805.90,337.97,822.93,337.97
826.14,421.46,825.82,422.01
826.10,421.57,825.82,422.01
815.85,396.72,799.30,393.57
794.79,370.42,805.07,370.66
824.01,413.15,824.37,413.19
789.09,371.38,788.07,379.24
826.07,420.03,826.20,420.82
825.40,419.48,825.76,419.52
800.37,361.88,800.12,364.29
826.11,419.99,825.12,419.92
812.94,363.74,812.21,365.49
795.27,333.05,795.87,332.79
826.11,419.99,825.40,419.48
825.12,419.92,825.40,419.48
817.91,390.93,816.59,393.57
825.02,420.68,825.12,419.92
776.44,383.80,775.12,384.55
819.00,381.22,818.27,381.97
825.15,421.46,825.02,420.68
825.45,421.97,825.15,421.46
799.06,393.46,800.44,391.08
792.01,358.21,791.20,356.19
798.97,324.61,798.58,324.64
824.90,441.74,824.62,442.17
795.23,333.18,795.86,332.41
825.32,441.38,824.99,440.99
824.99,440.99,824.90,441.74
766.92,374.58,766.90,374.01
820.69,420.08,821.05,420.12
798.71,335.53,798.39,334.10
825.30,440.48,824.56,439.68
824.56,439.68,824.87,440.21
823.83,440.79,823.92,440.05
823.96,441.58,823.83,440.79
824.26,442.10,823.96,441.58
826.30,440.95,826.66,441.01
763.38,370.69,765.45,370.89
826.95,440.59,826.66,441.01
815.32,382.07,815.59,382.39
827.05,439.83,826.95,440.59
826.61,438.52,826.92,439.04
827.35,439.32,826.92,439.04
824.99,364.52,801.82,364.27
826.96,438.98,826.25,438.46
817.38,382.02,819.37,381.27
825.87,439.64,825.96,438.89
832.01,378.17,831.95,378.99
826.00,440.43,826.30,440.95
823.54,437.67,823.90,437.73
824.18,437.30,823.90,437.73
797.34,355.58,796.72,356.59
824.73,417.55,825.09,417.59
824.15,435.77,824.27,436.55
823.49,435.19,823.85,435.25
823.11,436.37,823.21,435.62
824.05,436.86,823.11,436.37
824.22,437.16,823.54,437.67
825.58,436.50,825.94,436.55
819.21,362.29,820.04,356.42
826.22,436.12,825.94,436.55
768.03,373.50,767.47,373.21
821.40,424.46,821.76,424.50
826.19,434.58,826.32,435.37
812.92,363.76,812.94,363.74
826.63,434.86,826.32,435.37
825.89,434.06,826.19,434.58
825.52,434.01,825.89,434.06
825.14,435.19,825.24,434.44
790.21,381.13,790.15,380.76
826.01,435.22,825.24,434.44
790.29,362.29,791.07,356.42
825.27,435.97,825.58,436.50
826.27,435.99,825.58,436.50
823.72,432.77,822.82,433.25
792.09,380.86,792.41,381.22
823.46,432.87,823.18,433.30
823.56,432.13,823.46,432.87
821.90,360.67,822.10,360.44
804.05,378.99,804.11,379.87
823.94,432.08,823.46,432.87
823.42,423.22,823.78,423.26
823.43,431.34,823.56,432.13
821.73,360.52,821.92,360.32
803.71,378.98,803.78,379.94
823.87,431.62,823.56,432.13
811.69,448.64,821.98,448.64
820.30,344.77,815.78,344.89
823.94,432.08,823.56,432.13
823.13,430.83,823.43,431.34
822.77,430.78,823.13,430.83
823.48,431.29,823.13,430.83
823.69,431.32,823.13,430.83
822.49,431.21,822.77,430.78
823.31,431.54,822.77,430.78
822.40,431.96,822.49,431.21
805.35,370.45,805.53,370.93
804.56,391.16,804.66,390.20
823.31,431.54,822.49,431.21
822.53,432.74,822.82,433.25
818.18,382.24,817.74,383.18
805.37,389.00,804.05,389.81
823.51,432.74,822.53,432.74
829.65,345.79,828.70,344.74
812.12,385.75,815.98,382.45
825.75,431.58,825.21,432.11
825.59,430.92,825.50,431.68
825.98,430.88,825.50,431.68
816.82,381.09,816.68,381.68
825.47,430.14,825.59,430.92
825.98,430.88,825.59,430.92
825.16,429.62,825.47,430.14
820.25,379.63,820.11,379.66
825.90,430.42,825.47,430.14
824.80,429.57,825.16,429.62
825.51,430.08,825.16,429.62
825.72,430.11,825.16,429.62
824.52,430.00,824.80,429.57
817.82,380.50,817.67,380.65
825.51,430.08,824.80,429.57
824.42,430.76,824.52,430.00
814.57,332.26,813.83,333.77
825.36,431.24,824.42,430.76
831.00,381.21,820.07,380.88
824.55,431.54,824.85,432.06
816.38,376.40,805.09,375.94
801.26,369.14,794.04,368.81
825.36,431.24,824.55,431.54
822.75,428.46,822.47,428.90
823.01,428.37,822.47,428.90
822.84,427.72,822.75,428.46
822.42,426.43,822.72,426.94
823.15,427.22,822.72,426.94
822.60,427.14,822.06,426.38
822.60,427.14,821.78,426.81
823.28,400.45,822.89,398.19
822.62,428.04,821.69,427.56
822.80,428.34,822.11,428.85
822.62,428.04,821.81,428.34
824.13,427.63,824.49,427.68
825.26,426.45,824.78,427.24
824.44,425.20,824.74,425.71
824.08,425.15,824.44,425.20
798.66,344.44,798.66,320.87
824.79,425.66,824.44,425.20
823.80,425.59,824.08,425.15
824.63,425.92,824.08,425.15
824.79,425.66,824.08,425.15
823.71,426.34,823.80,425.59
824.57,426.36,823.80,425.59
767.67,378.09,767.56,377.72
824.64,426.82,823.71,426.34
767.43,378.14,767.31,377.77
824.82,427.12,824.13,427.63
824.82,427.12,823.83,427.12
803.67,415.32,803.37,415.76
802.70,415.24,803.37,415.76
803.79,414.57,803.67,415.32
799.18,401.12,799.49,408.58
793.37,347.92,790.11,348.69
802.94,414.54,803.79,414.57
803.38,413.30,803.68,413.80
802.88,414.09,803.68,413.80
766.11,377.56,765.64,377.54
796.91,349.73,796.76,350.85
802.70,413.79,803.38,413.30
802.70,413.79,803.01,413.27
802.70,413.71,803.01,413.27
802.48,413.77,803.01,413.27
802.58,414.46,802.70,413.71
802.31,414.03,802.70,413.71
802.31,414.03,802.58,414.46
802.70,415.23,802.58,414.46
802.24,414.47,802.58,414.46
802.30,414.92,802.70,415.23
829.86,361.55,829.70,361.88
802.48,415.22,802.99,415.72
804.63,413.93,805.53,414.48
829.95,361.37,829.86,361.55
804.85,413.96,805.53,414.48
805.03,413.70,805.83,414.04
826.05,360.91,826.05,353.23
822.41,359.15,822.20,359.15
805.10,413.25,805.95,413.29
805.10,413.25,805.84,412.51
804.73,413.17,804.85,412.42
767.93,382.39,767.67,378.09
804.46,412.74,804.73,413.17
829.16,386.94,834.83,383.57
812.40,355.73,812.91,357.84
800.57,328.35,800.57,341.69
801.46,381.44,791.31,380.67
804.85,413.94,804.73,413.17
804.39,413.19,804.73,413.17
774.25,377.21,774.02,377.40
805.15,414.44,804.85,413.94
808.02,412.74,807.71,413.19
807.03,412.66,807.71,413.19
808.14,411.99,808.02,412.74
823.76,361.64,824.99,361.85
807.21,412.40,808.14,411.99
808.02,411.21,808.14,411.99
802.00,352.40,803.42,352.48
808.65,364.21,807.83,366.19
807.72,410.71,808.02,411.21
807.34,410.67,807.72,410.71
821.66,395.42,822.07,394.98
806.63,411.44,807.03,411.12
821.66,395.42,821.28,394.79
806.63,411.44,806.91,411.88
821.82,401.52,822.32,401.38
806.62,412.34,807.02,412.65
806.62,412.34,807.33,413.15
792.14,359.05,792.68,359.05
805.14,417.60,805.67,418.08
822.17,359.59,822.07,360.00
803.33,419.60,804.31,419.69
803.58,418.90,804.31,418.17
804.01,417.66,804.31,418.17
803.33,418.06,803.64,417.62
802.94,418.39,803.21,418.81
803.33,419.58,803.21,418.81
803.63,420.08,803.33,419.58
818.81,381.12,818.18,382.24
798.70,349.29,814.17,349.29
806.47,418.43,806.16,418.87
770.77,384.50,769.83,384.58
805.49,418.34,806.16,418.87
806.59,417.67,806.47,418.43
816.38,421.62,818.11,421.45
820.89,382.38,818.04,383.37
808.50,369.85,806.87,370.85
806.48,416.90,806.59,417.67
806.18,416.39,806.48,416.90
805.50,416.88,806.18,416.39
805.27,416.86,805.80,416.35
805.37,417.55,805.49,416.80
805.09,417.12,805.49,416.80
811.51,442.05,810.81,441.72
823.76,361.64,801.82,361.74
817.19,360.77,817.04,362.82
805.09,417.12,805.37,417.55
805.48,418.32,805.37,417.55
816.16,353.45,817.04,362.82
805.02,417.56,805.37,417.55
805.79,418.83,805.48,418.32
820.52,400.02,821.70,400.65
805.27,418.31,805.79,418.83
817.68,380.76,817.67,380.65
807.67,417.06,808.35,417.59
807.67,417.06,808.66,417.15
808.79,416.39,808.66,417.15
797.02,333.57,797.89,332.99
823.33,372.32,818.45,378.16
807.86,416.80,808.66,417.15
808.67,415.61,808.79,416.39
817.68,380.76,817.88,380.55
807.93,416.36,808.79,416.39
820.29,399.06,820.20,397.99
807.93,416.36,808.67,415.61
821.13,343.37,816.20,343.99
808.36,415.11,808.67,415.61
807.98,415.07,808.36,415.11
820.48,368.81,820.36,368.41
807.68,415.60,808.36,415.11
807.68,415.60,807.98,415.07
807.67,415.51,807.98,415.07
829.23,360.72,829.02,355.53
820.97,366.22,820.48,368.81
807.46,415.58,807.98,415.07
807.46,415.58,807.67,415.51
827.03,357.10,827.03,355.56
820.79,366.46,820.97,366.22
807.27,415.84,807.67,415.51
804.60,352.57,807.57,352.58
807.27,415.84,807.55,416.27
827.43,439.78,826.95,440.59
798.21,371.99,801.34,372.17
829.70,364.15,828.81,364.27
807.66,417.05,807.55,416.27
807.20,416.29,807.55,416.27
806.70,353.15,805.74,352.85
807.20,416.29,807.66,417.05
807.27,416.74,807.66,417.05
807.27,416.74,807.97,417.55
821.80,366.34,821.98,366.09
803.96,423.98,804.94,424.07
820.79,366.46,821.98,366.09
804.14,423.72,804.94,424.07
820.79,366.46,821.80,366.34
804.14,423.72,805.06,423.32
804.21,423.28,804.95,422.54
804.65,422.04,804.95,422.54
804.27,421.99,804.65,422.04
803.97,422.53,804.27,421.99
803.75,422.50,803.97,422.43
803.57,422.76,803.85,423.18
803.50,423.20,803.96,423.95
804.26,424.46,803.96,423.95
807.24,422.07,807.12,422.83
806.31,422.48,807.24,422.07
805.15,414.44,805.53,414.48
807.12,421.30,807.24,422.07
796.28,370.42,796.39,370.33
806.38,422.04,807.24,422.07
806.82,420.79,807.12,421.30
806.44,420.75,806.82,420.79
806.13,421.18,806.44,420.75
805.91,421.25,806.44,420.75
806.12,422.71,806.01,421.93
805.66,421.95,806.01,421.93
800.34,324.66,813.70,324.66
806.43,423.22,806.12,422.71
809.31,421.57,809.00,422.01
804.11,379.87,804.29,380.67
793.12,360.00,793.20,360.95
808.32,421.48,809.00,422.01
809.44,420.82,809.31,421.57
807.33,413.15,807.71,413.19
809.32,420.03,809.44,420.82
803.97,380.82,804.28,381.52
808.58,420.78,809.44,420.82
808.63,419.48,809.01,419.52
808.33,420.02,809.01,419.52
779.58,368.25,777.66,368.25
808.33,420.02,808.63,419.48
808.32,419.92,808.63,419.48
798.22,368.68,777.66,368.25
808.10,419.99,808.63,419.48
808.20,420.68,808.32,419.92
807.92,420.25,808.32,419.92
808.31,421.46,808.20,420.68
817.78,380.35,817.78,381.77
808.62,421.97,808.31,421.46
807.92,421.16,808.31,421.46
773.24,369.81,767.48,369.81
811.51,358.57,810.64,357.51
808.10,421.46,808.62,421.97
807.51,441.74,807.20,442.17
774.16,369.80,773.25,369.81
806.52,441.63,807.20,442.17
774.16,369.80,772.49,369.83
806.52,441.63,807.51,441.74
806.70,441.38,807.51,441.74
780.48,368.80,780.07,369.20
803.63,420.08,804.00,420.12
807.51,440.21,807.63,440.99
806.77,440.94,807.51,440.21
774.90,369.82,773.25,369.81
806.53,440.17,806.83,439.62
806.30,440.14,806.83,439.62
806.40,440.79,806.52,440.05
806.12,440.39,806.52,440.05
806.05,440.83,806.40,440.79
806.05,440.83,806.51,441.58
829.86,361.55,829.95,361.37
807.21,370.68,805.07,370.66
806.12,441.29,806.51,441.58
807.21,370.68,794.79,370.42
806.12,441.29,806.82,442.10
809.71,440.59,809.40,441.01
805.67,303.00,810.46,302.99
808.97,439.78,809.71,440.59
809.02,438.46,809.41,438.52
819.35,378.00,816.47,378.69
808.24,439.67,808.59,439.64
808.31,440.13,808.59,439.64
808.70,440.43,808.59,439.64
803.57,402.49,802.89,402.23
808.31,440.13,808.70,440.43
805.72,302.88,810.44,302.87
808.49,440.44,808.70,440.43
807.92,420.25,808.20,420.68
801.14,399.45,801.27,398.84
801.91,405.00,801.40,404.59
805.68,302.72,809.42,302.17
806.06,436.94,806.86,437.30
806.13,436.50,806.98,436.55
800.94,405.28,799.55,404.45
805.68,302.72,809.42,302.17
806.06,436.04,806.87,435.77
805.48,435.96,806.19,435.19
805.88,435.62,806.19,435.19
805.76,436.37,805.88,435.62
814.48,302.17,810.69,302.72
805.41,436.40,805.76,436.37
805.48,436.86,805.76,436.37
805.65,437.16,805.87,437.15
806.12,440.39,806.40,440.79
808.07,436.02,808.36,436.50
769.29,383.80,768.03,382.82
822.78,340.79,823.19,339.03
826.21,372.35,821.20,378.29
808.36,436.50,808.75,436.55
808.07,436.02,808.75,436.55
798.87,324.56,798.89,324.08
809.06,436.12,808.75,436.55
808.25,435.77,809.06,436.12
814.92,303.99,809.73,303.99
808.32,435.32,809.06,436.12
806.01,378.99,804.11,379.87
829.04,356.15,828.90,355.64
809.18,435.37,809.06,436.12
794.60,385.75,791.89,382.45
814.92,303.99,809.81,303.78
808.32,435.32,809.18,435.37
808.25,434.86,809.18,435.37
779.79,369.07,780.20,368.68
804.26,424.46,804.63,424.50
809.07,434.58,809.18,435.37
808.25,434.86,809.07,434.58
823.77,324.37,823.58,324.14
808.76,434.06,809.07,434.58
807.85,434.52,808.76,434.06
831.76,333.43,832.07,333.27
807.85,434.52,808.37,434.01
805.38,304.42,805.25,304.64
807.66,434.78,808.37,434.01
810.31,304.42,810.39,304.64
807.59,435.22,808.06,434.44
796.75,350.20,795.47,351.45
800.23,395.42,800.03,395.79
807.94,435.19,808.06,434.44
810.30,304.21,805.45,304.21
807.66,435.68,807.94,435.19
807.84,435.99,808.06,435.97
824.89,329.02,826.02,330.47
808.06,435.97,808.36,436.50
816.19,378.38,816.47,378.69
793.08,363.05,793.67,364.48
805.24,432.77,805.53,433.25
805.24,432.77,805.91,433.30
805.42,432.52,806.22,432.87
805.49,432.08,806.22,432.87
805.49,432.08,806.34,432.13
805.42,431.62,806.23,431.34
805.92,430.83,806.23,431.34
809.51,303.74,809.46,303.90
831.76,331.30,832.07,331.46
805.02,431.29,805.55,430.78
805.24,431.21,805.55,430.78
789.30,380.76,790.15,380.76
805.29,304.35,805.19,304.52
804.84,431.54,805.24,431.21
805.12,431.96,805.24,431.21
805.35,304.17,809.51,303.57
831.20,333.22,831.07,333.43
804.77,431.98,805.12,431.96
804.84,432.44,805.23,432.74
805.23,432.74,805.53,433.25
817.00,376.82,816.83,376.57
806.70,324.37,809.72,324.09
807.72,432.06,808.10,432.11
807.67,430.88,808.41,431.68
773.19,382.11,773.03,382.36
810.04,324.35,809.56,324.16
808.53,430.92,808.41,431.68
807.67,430.88,808.53,430.92
817.78,380.35,818.15,379.28
767.47,384.40,767.35,384.63
808.62,421.97,809.00,422.01
808.42,430.14,808.53,430.92
798.76,402.13,798.05,401.89
808.95,304.47,809.23,304.15
807.01,431.24,807.30,430.76
817.46,378.68,817.19,378.36
807.41,431.54,807.30,430.76
821.49,368.93,820.36,368.41
798.76,402.13,797.62,399.99
807.01,431.24,807.41,431.54
807.41,431.54,807.72,432.06
737.17,370.41,737.15,370.02
772.51,382.49,770.77,382.87
804.90,428.85,805.27,428.90
804.85,427.67,805.58,428.46
804.78,427.22,805.70,427.72
764.06,381.94,763.63,382.11
806.82,442.10,807.20,442.17
805.59,426.94,805.70,427.72
804.38,426.89,805.28,426.43
804.91,426.38,805.28,426.43
804.20,427.14,804.91,426.38
804.60,426.81,804.91,426.38
804.48,427.56,804.60,426.81
804.59,428.34,804.48,427.56
804.38,428.34,804.59,428.34
811.65,356.25,812.10,358.10
806.77,427.15,807.07,427.63
807.07,427.63,807.45,427.68
806.95,426.89,807.76,427.24
819.19,384.16,816.80,384.17
807.77,425.71,807.88,426.49
806.96,425.99,807.77,425.71
807.46,425.20,807.77,425.71
806.78,425.69,807.46,425.20
807.08,425.15,807.46,425.20
806.77,425.59,807.08,425.15
806.37,425.92,806.77,425.59
806.65,426.34,806.77,425.59
799.48,395.70,797.99,393.99
806.30,426.36,806.65,426.34
806.37,426.82,806.65,426.34
806.77,427.12,807.07,427.63
776.31,382.41,776.60,378.07
820.06,444.15,826.99,444.04
820.06,342.19,820.07,341.49
828.65,362.08,828.65,363.93
797.24,331.43,798.03,331.66
828.44,444.48,817.58,444.93
820.06,444.15,828.07,444.16
809.03,362.13,808.81,363.13
731.69,353.56,730.14,356.62
807.39,444.93,807.05,445.35
820.73,444.93,819.47,445.35
785.31,350.43,783.88,351.31
821.07,448.96,819.47,445.35
817.66,445.67,819.47,445.35
819.54,449.31,815.78,445.78
828.84,438.91,830.33,439.02
831.00,439.33,830.33,439.02
798.17,367.91,796.84,369.05
818.43,444.22,820.05,439.02
818.43,444.22,818.22,439.33
820.05,439.02,818.22,439.33
821.97,438.91,820.05,439.02
817.30,444.67,816.98,439.75
811.20,448.49,817.30,444.67
815.78,445.78,809.14,445.78
822.18,448.49,820.73,444.93
828.47,444.67,822.18,448.49
830.65,439.75,828.47,444.67
821.97,438.91,828.84,438.91
819.30,389.53,820.97,389.08
751.32,356.57,749.74,353.47
811.34,449.31,810.86,448.96
828.40,443.89,828.44,444.48
774.79,377.94,774.63,382.20
811.69,448.64,811.32,449.07
792.41,381.22,792.95,381.91
811.69,448.64,810.86,448.96
811.20,448.49,811.69,448.64
791.32,380.45,791.37,380.44
817.30,444.67,811.20,448.49
796.94,356.15,797.07,355.64
818.62,444.48,818.43,444.22
817.30,444.67,817.58,444.93
811.71,449.38,811.34,449.31
812.52,449.44,811.71,449.38
814.51,342.36,813.83,341.01
817.98,449.44,812.52,449.44
812.77,449.50,812.52,449.44
814.51,342.36,818.12,341.01
817.98,449.44,812.77,449.50
819.54,449.31,819.55,449.39
817.98,449.44,819.54,449.31
820.61,344.43,820.74,344.39
820.96,449.08,821.07,448.96
776.75,384.64,775.83,384.72
829.84,362.01,829.67,362.51
822.18,448.49,820.96,449.08
828.47,444.67,822.18,448.49
821.98,448.64,822.18,448.49
828.04,444.93,821.98,448.64
828.47,444.67,828.04,444.93
828.07,444.16,828.40,443.89
827.20,443.77,828.07,444.16
821.61,443.77,827.20,443.77
826.99,444.04,827.20,443.77
820.01,443.89,820.06,444.15
821.53,444.04,821.61,443.77
796.51,355.53,796.62,355.26
802.08,411.68,810.85,440.93
805.90,337.97,820.61,344.43
828.36,441.72,828.09,442.19
792.91,360.52,793.59,360.44
811.09,442.72,811.51,442.05
779.36,356.50,778.81,360.00
819.63,442.05,811.51,442.05
811.33,386.94,809.81,389.46
810.52,442.19,810.81,441.72
819.63,442.05,828.17,442.05
828.29,329.52,828.35,329.47
801.43,372.10,802.29,370.22
821.73,418.45,821.29,418.17
826.55,332.71,826.62,332.31
802.08,411.68,808.82,407.59
826.55,332.71,826.39,332.35
802.08,411.68,811.25,422.36
825.96,425.67,826.21,424.44
826.04,427.09,825.96,425.67
810.86,448.96,807.39,444.93
817.86,427.08,809.69,425.67
817.82,425.66,809.69,425.67
829.95,361.37,829.79,361.71
817.86,427.08,817.82,425.66
797.45,362.95,794.10,362.82
829.79,364.29,829.70,361.88
825.04,406.29,828.25,421.49
825.74,406.79,828.25,421.49
828.21,422.37,825.74,406.79
825.48,407.59,825.74,406.79
828.21,422.37,825.48,407.59
823.64,406.11,825.04,406.29
827.64,420.92,825.04,406.29
819.30,389.53,803.49,389.08
826.30,420.72,827.64,420.92
768.96,384.74,770.22,384.83
811.71,449.38,811.32,449.07
815.35,406.11,823.64,406.11
793.25,382.44,794.13,381.68
828.33,357.48,828.46,357.36
826.30,420.72,823.64,406.11
732.27,365.87,734.24,364.43
815.35,406.11,818.19,420.72
816.24,420.92,818.19,420.72
816.24,420.92,815.35,406.11
813.39,406.28,815.35,406.11
792.07,360.00,792.14,360.95
816.47,382.14,816.68,381.68
820.66,445.37,823.72,444.58
819.63,442.05,811.56,440.91
820.66,445.37,816.58,412.44
808.82,407.59,811.25,422.36
812.41,413.09,817.77,445.87
815.91,446.03,817.77,445.87
812.41,413.09,815.91,446.03
828.11,358.36,825.88,358.37
804.35,413.09,808.33,446.03
822.59,401.32,823.16,400.70
797.45,362.95,797.24,362.82
829.79,364.29,829.70,364.15
806.05,445.37,802.97,412.92
795.87,337.26,797.46,334.53
805.90,444.58,806.05,445.37
827.64,420.92,828.25,421.49
802.25,412.44,806.05,445.37
811.58,341.38,811.83,341.28
802.08,411.68,802.25,412.44
811.56,440.91,811.51,442.05
810.81,441.72,811.51,442.05
828.65,362.08,828.81,364.27
809.72,427.09,810.85,440.93
819.63,442.05,811.51,442.05
809.35,424.02,808.98,425.53
774.59,383.26,775.55,382.45
810.00,424.44,809.69,425.67
809.69,425.67,809.72,427.09
809.02,427.16,809.72,427.09
826.44,424.02,826.14,425.53
829.86,361.55,828.81,361.74
796.54,332.41,797.24,332.10
824.07,421.25,823.09,421.18
810.56,423.70,810.00,424.44
818.91,379.71,818.47,381.04
825.12,386.64,812.12,385.75
797.24,331.43,798.44,331.31
774.02,377.40,773.88,377.90
828.44,444.48,818.62,444.48
774.76,383.48,775.95,382.54
809.35,424.02,810.00,424.44
829.70,361.88,829.86,361.55
795.86,332.41,796.55,332.10
823.91,421.51,822.99,421.93
737.17,370.41,740.40,370.54
827.21,440.48,826.30,440.95
809.99,423.17,809.35,424.02
821.20,381.12,818.51,382.38
775.55,382.45,775.76,382.11
828.17,442.05,828.36,441.72
832.19,358.69,830.60,358.55
816.82,381.13,816.82,380.76
809.72,427.09,811.56,440.91
826.22,427.16,828.38,440.93
826.14,425.53,825.96,425.67
801.82,364.27,800.37,364.15
826.22,427.16,826.14,425.53
826.04,427.09,826.22,427.16
827.03,423.16,826.21,424.44
826.72,423.70,827.03,423.16
827.27,421.62,827.64,420.92
826.07,421.45,827.27,421.62
826.07,421.45,826.30,420.72
788.57,356.25,788.12,358.10
818.11,421.45,826.07,421.45
788.45,358.16,788.30,360.00
816.24,420.92,818.19,420.72
818.11,421.45,818.19,420.72
780.28,352.06,780.29,352.01
790.43,362.14,791.22,356.20
820.17,390.89,823.17,391.32
780.84,369.08,780.43,369.48
820.42,414.47,819.70,415.23
826.72,355.29,826.32,355.24
827.79,442.72,828.36,441.72
820.96,449.08,811.32,449.07
816.38,421.62,816.24,420.92
793.97,359.57,793.31,359.59
785.07,368.03,785.06,368.09
814.22,422.14,816.38,421.62
786.98,366.26,789.03,365.57
828.04,444.93,811.69,448.64
811.71,422.97,810.56,423.70
814.22,422.14,813.91,421.49
811.25,422.36,814.22,422.14
790.21,381.13,790.15,380.76
811.25,422.36,811.71,422.97
828.09,442.19,827.79,442.72
823.44,445.11,828.09,442.19
820.56,445.86,823.44,445.11
820.66,445.37,820.56,445.86
816.14,446.48,817.77,445.87
815.91,446.03,816.14,446.48
827.63,366.23,827.91,366.23
827.64,420.92,828.25,421.49
808.33,446.03,808.73,446.48
814.20,333.17,814.20,328.36
815.96,382.84,815.97,382.72
811.09,442.72,811.51,442.05
815.98,382.36,815.96,382.84
807.39,348.83,807.17,350.07
806.63,445.86,807.62,446.33
807.34,351.91,810.42,351.84
805.90,444.58,810.52,442.19
817.98,449.44,815.78,445.78
779.64,377.66,779.47,377.80
811.09,442.72,810.52,442.19
807.34,351.91,808.47,353.75
805.90,444.58,811.09,442.72
808.29,353.80,809.11,355.78
806.48,445.11,806.05,445.37
805.90,444.58,806.05,445.37
806.48,445.11,805.90,444.58
792.34,368.71,792.63,368.54
814.19,328.35,814.03,328.22
782.28,371.27,780.43,369.48
820.50,414.92,819.70,415.23
827.20,443.77,821.97,438.91
782.40,357.87,782.62,356.87
825.48,407.59,823.95,405.53
825.04,406.29,825.74,406.79
826.64,357.37,828.33,357.48
823.43,405.15,825.74,406.79
825.74,406.79,823.95,405.53
823.43,405.15,825.04,406.29
823.64,406.11,825.04,406.29
823.64,406.11,823.43,405.15
822.42,405.02,823.43,405.15
830.00,355.76,830.49,354.34
820.06,444.15,818.43,444.22
815.35,406.11,822.42,405.02
825.48,407.59,823.88,406.21
817.82,409.97,823.88,406.21
819.16,411.68,825.48,407.59
815.35,406.11,814.57,405.02
813.39,406.28,815.35,406.11
823.36,353.49,822.91,362.79
819.16,411.68,817.82,409.97
815.77,410.62,819.16,411.68
776.44,383.80,777.70,382.82
813.16,405.15,813.39,406.28
814.07,410.98,814.31,412.92
779.11,382.48,779.60,378.22
803.70,371.04,801.87,372.15
812.41,413.09,814.07,410.98
812.69,411.10,814.07,410.98
809.36,406.21,811.43,405.53
817.68,377.92,819.56,378.80
805.03,411.10,812.69,411.10
805.03,411.10,812.41,413.09
815.98,382.36,815.97,382.72
804.35,413.09,805.03,411.10
820.88,415.24,820.34,415.76
804.04,410.98,804.35,413.09
820.88,415.24,820.62,415.32
804.04,410.98,802.97,412.92
802.08,411.68,803.50,410.62
802.08,411.68,802.25,412.44
768.43,370.98,768.69,371.21
820.64,413.77,819.66,413.71
817.83,324.08,818.03,323.65
802.08,411.68,808.82,407.59
820.48,414.03,819.57,414.46
803.51,409.97,802.08,411.68
823.05,413.70,822.63,414.04
827.75,421.92,826.50,421.74
823.05,413.70,822.72,413.29
834.32,387.13,827.92,387.17
827.75,421.92,818.47,421.74
818.07,360.25,818.23,360.25
815.89,382.51,816.19,382.43
822.55,427.58,821.69,427.56
820.01,443.89,818.43,444.22
773.17,385.04,773.29,384.80
817.00,382.42,819.08,381.87
820.51,441.52,811.80,441.46
807.97,417.55,807.66,417.05
820.51,441.52,809.40,427.45
829.79,364.29,829.70,364.15
807.73,366.22,808.74,365.32
827.35,424.05,826.99,424.79
817.68,380.76,817.67,380.65
807.35,348.77,807.39,348.83
810.49,424.05,809.77,424.79
822.64,412.48,821.66,412.42
826.83,426.03,826.99,424.79
827.43,439.78,827.05,439.83
798.21,371.99,800.11,372.14
829.70,364.15,828.65,363.93
826.90,427.45,809.40,427.45
781.24,377.93,781.11,377.77
809.38,426.03,826.83,426.03
801.69,389.36,803.31,388.90
818.64,421.97,826.75,421.97
817.59,439.21,819.99,438.68
817.59,439.21,814.35,422.74
814.98,440.03,817.59,439.21
827.72,327.91,827.75,327.80
821.13,418.83,820.27,418.81
825.00,425.69,824.74,425.71
767.61,373.22,767.85,373.56
809.77,424.79,809.38,426.03
827.35,424.05,826.99,424.79
827.38,425.06,826.99,424.79
807.85,420.70,808.20,420.68
809.40,427.45,809.31,426.13
809.33,427.41,809.31,426.13
825.85,327.95,826.30,327.42
823.74,417.18,823.31,416.90
828.11,423.32,827.35,424.05
826.90,427.45,827.32,427.41
829.23,441.39,826.90,427.45
829.23,441.39,828.83,441.46
829.92,364.55,829.95,364.63
828.32,422.46,828.11,423.32
783.05,377.84,783.29,377.64
828.68,422.74,828.47,423.62
822.07,360.00,822.27,360.09
784.64,368.02,785.88,369.72
831.03,440.03,829.23,441.39
828.99,441.74,829.23,441.39
828.68,422.74,828.32,422.46
830.78,440.40,831.03,440.03
811.55,360.95,811.63,360.00
831.44,439.21,830.78,440.40
805.34,376.19,816.38,376.40
831.18,439.60,831.44,439.21
826.50,421.74,827.75,421.92
828.35,331.60,828.06,332.50
798.23,366.53,799.31,367.19
824.52,412.34,823.71,412.65
828.09,422.17,827.75,421.92
828.29,331.57,828.35,331.60
797.05,367.43,798.28,368.18
824.70,412.64,824.01,413.15
826.50,421.74,828.09,422.17
826.75,421.97,828.09,422.17
828.43,330.53,828.29,331.57
798.28,368.18,799.61,368.74
821.58,419.60,821.05,420.12
798.37,325.73,798.12,325.60
826.75,421.97,826.50,421.74
798.21,348.01,800.11,347.86
818.47,421.74,826.75,421.97
828.11,328.53,828.29,329.52
821.55,418.15,821.00,417.66
818.64,421.97,818.47,421.74
816.65,421.92,818.64,421.97
803.54,346.87,805.54,347.70
816.70,422.17,818.64,421.97
821.92,438.49,829.61,438.93
804.29,348.86,805.94,350.26
821.88,438.93,829.61,438.93
814.42,422.46,816.65,421.92
790.54,353.11,789.58,354.67
827.35,424.05,827.38,425.06
816.70,422.17,816.65,421.92
819.99,438.68,821.92,438.49
807.83,353.81,808.65,355.78
810.30,424.38,809.77,424.79
807.85,353.76,808.65,355.78
810.49,424.05,809.77,424.79
825.53,396.03,826.25,396.15
825.85,327.95,826.32,327.55
823.74,417.18,823.01,416.39
782.60,362.15,785.49,362.17
828.11,423.32,827.69,424.39
814.35,422.74,814.42,422.46
804.71,357.87,808.56,356.87
811.85,423.62,814.35,422.74
799.31,352.82,799.71,353.15
825.87,400.51,826.28,400.36
804.71,357.87,804.87,360.00
811.85,423.62,810.30,424.38
825.91,398.27,826.28,400.36
825.49,328.73,825.88,328.05
823.36,416.86,822.37,416.80
829.92,364.55,829.70,364.15
799.31,352.82,800.83,352.68
825.87,400.51,825.84,402.23
825.26,329.70,825.49,328.73
823.14,417.56,822.28,417.55
815.95,396.68,816.70,393.46
811.85,423.62,810.49,424.05
825.54,328.80,825.49,328.73
823.19,417.12,822.28,417.55
829.92,364.55,829.79,364.29
825.26,329.70,825.54,328.80
823.14,417.56,822.40,418.32
820.09,439.10,819.99,438.68
812.21,365.49,811.24,364.48
825.80,416.80,825.38,417.15
818.64,423.69,818.11,424.43
817.59,439.21,820.09,439.10
817.81,439.60,820.09,439.10
794.19,350.15,791.53,351.42
828.83,441.46,828.99,441.74
785.07,372.03,787.03,372.84
827.75,421.92,828.68,422.74
817.81,439.60,817.59,439.21
814.98,440.03,817.81,439.60
825.85,333.49,825.49,332.75
808.32,368.29,806.92,369.49
825.60,415.60,824.68,415.07
791.53,351.42,790.29,352.86
815.24,440.40,817.81,439.60
791.53,351.42,790.54,353.11
815.24,440.40,814.98,440.03
812.05,441.73,820.51,441.52
811.80,441.46,820.51,441.52
812.05,441.73,811.80,441.46
822.44,422.82,821.71,422.04
783.37,361.98,783.83,363.92
811.80,441.46,809.40,427.45
811.80,441.46,811.73,441.39
823.77,324.37,826.92,324.09
791.17,348.83,791.29,351.32
828.81,361.74,829.86,361.55
803.75,371.67,805.35,370.45
824.54,422.04,824.02,421.30
784.43,378.46,784.09,378.03
825.72,400.61,825.75,398.28
819.82,390.70,819.82,389.51
819.28,402.27,820.45,404.11
824.15,366.89,824.34,362.80
825.32,402.68,825.72,400.61
810.42,351.84,809.03,350.24
824.80,404.04,825.15,403.69
821.75,391.20,822.37,391.16
823.88,405.00,823.29,404.85
817.38,392.70,817.80,392.03
802.45,347.73,805.49,347.64
825.29,395.98,825.01,394.65
805.32,350.35,806.72,351.98
825.32,402.68,827.50,404.50
804.21,355.80,808.68,355.75
818.37,400.19,816.73,401.12
822.38,394.06,821.80,398.08
821.76,393.83,822.38,394.06
822.94,394.70,821.80,398.08
822.38,394.06,822.94,394.70
822.08,423.95,821.40,424.46
821.15,394.01,821.80,398.08
802.01,371.99,803.86,371.54
824.31,422.74,823.78,423.26
820.60,394.58,821.15,394.01
821.30,379.71,818.81,381.12
803.75,371.67,805.53,370.93
824.54,422.04,824.15,422.07
772.36,384.00,773.69,384.76
768.39,383.94,767.48,384.01
819.99,438.68,821.88,438.93
821.76,393.83,821.80,398.08
824.46,421.58,824.02,421.30
823.72,444.58,828.36,441.72
829.70,361.88,828.81,361.74
810.06,356.51,810.52,357.62
823.91,421.51,823.09,421.18
822.94,394.70,823.39,395.66
797.89,332.99,797.25,332.30
823.93,422.41,823.12,422.71
820.18,395.50,821.80,398.08
820.60,394.58,821.80,398.08
797.89,332.99,796.48,332.97
823.93,422.41,823.42,423.22
820.18,395.50,820.60,394.58
795.86,332.41,796.55,332.10
826.33,420.02,825.76,419.52
781.72,382.83,782.33,382.67
819.91,396.67,821.80,398.08
826.50,420.32,825.76,419.52
820.18,395.50,821.80,398.08
826.33,420.02,825.40,419.48
780.29,367.99,784.48,368.08
819.91,396.67,820.18,395.50
767.91,376.02,767.69,376.12
818.20,397.90,820.09,397.91
798.39,334.10,797.02,333.57
812.19,365.53,811.19,367.16
825.95,420.25,825.02,420.68
827.28,327.47,827.85,327.91
824.44,437.20,823.54,437.67
782.35,367.91,783.26,370.93
823.79,398.20,821.80,398.08
825.89,420.70,825.15,421.46
823.68,396.87,823.79,398.20
823.79,398.20,821.80,398.08
801.67,362.08,801.82,364.27
823.70,399.51,821.80,398.08
823.79,398.20,823.70,399.51
801.67,363.93,800.37,364.15
823.43,400.69,821.80,398.08
798.83,337.12,798.71,335.53
824.91,440.14,823.92,440.05
801.73,343.33,803.95,336.84
823.43,400.69,821.80,398.08
801.67,363.93,800.37,361.88
823.00,401.60,821.80,398.08
821.83,402.34,821.80,398.08
822.44,402.17,821.83,402.34
821.83,402.34,821.80,398.08
821.22,402.09,821.80,398.08
821.83,402.34,821.22,402.09
819.82,397.97,821.80,398.08
820.22,400.49,821.80,398.08
822.79,339.12,822.84,338.68
818.81,400.11,820.26,399.99
819.93,399.29,821.80,398.08
820.22,400.49,819.93,399.29
819.93,399.29,819.82,397.97
817.38,377.25,817.68,377.92
826.45,434.55,826.19,434.58
798.23,366.53,797.77,365.44
815.68,389.19,816.54,389.34
816.83,388.79,817.01,388.87
815.68,389.19,815.64,389.79
815.68,389.19,816.83,388.79
823.69,431.32,823.43,431.34
799.49,408.58,800.26,405.13
816.73,401.12,820.91,408.58
804.51,400.61,804.77,398.28
824.64,426.82,823.83,427.12
803.73,331.37,803.68,330.72
798.89,325.06,798.73,325.44
805.74,404.50,804.77,398.28
792.50,380.99,790.35,381.10
801.05,392.70,802.04,391.44
803.73,331.46,803.68,330.72
807.42,395.58,804.77,398.28
799.16,325.35,798.73,325.44
796.62,371.27,796.62,370.24
804.80,395.98,804.77,398.28
805.74,404.50,799.49,408.58
802.88,414.98,803.67,415.32
799.03,402.27,799.50,404.11
824.03,435.96,823.49,435.19
800.60,393.66,801.05,392.70
826.23,434.52,825.89,434.06
798.97,400.19,799.03,402.27
799.18,401.12,799.03,402.27
801.86,398.08,802.41,394.06
790.35,381.10,791.07,381.86
801.83,393.83,801.86,398.08
801.86,398.08,802.94,394.70
800.72,394.58,801.86,398.08
804.56,391.16,803.74,390.70
825.03,427.15,824.13,427.63
801.24,394.01,801.83,393.83
823.28,400.45,823.41,400.31
801.86,398.08,801.83,393.83
801.86,398.08,803.37,395.66
802.94,394.70,801.86,398.08
801.86,398.08,800.72,394.58
800.32,395.50,801.86,398.08
801.86,398.08,803.65,396.87
803.37,395.66,801.86,398.08
800.06,396.67,800.32,395.50
822.75,340.46,822.58,340.53
800.06,396.67,801.86,398.08
803.65,396.87,803.76,398.20
824.94,441.60,824.62,442.17
801.86,398.08,803.76,398.20
803.65,396.87,801.86,398.08
803.76,398.20,801.86,398.08
803.41,400.69,801.86,398.08
801.86,398.08,802.47,402.17
803.00,401.60,801.86,398.08
802.47,402.17,801.89,402.34
801.86,398.08,801.89,402.34
802.47,402.17,801.86,398.08
813.07,360.00,812.91,362.16
801.89,402.34,801.31,402.09
801.86,398.08,801.31,402.09
801.89,402.34,801.86,398.08
825.90,430.42,825.59,430.92
801.86,398.08,800.78,401.45
825.72,430.11,825.47,430.14
801.31,402.09,801.86,398.08
800.78,401.45,801.86,398.08
801.86,398.08,800.06,396.67
792.73,368.93,794.04,368.81
825.54,431.54,824.55,431.54
798.68,353.78,798.10,354.68
799.98,397.97,801.86,398.08
823.17,428.11,822.75,428.46
801.86,398.08,800.08,399.29
800.36,400.49,801.86,398.08
822.98,426.92,822.42,426.43
801.86,398.08,799.98,397.97
822.77,426.89,822.06,426.38
800.08,399.29,801.86,398.08
805.37,389.00,804.87,389.34
804.45,413.64,805.15,414.44
811.82,356.96,811.17,357.17
800.76,400.70,800.40,400.31
805.72,389.19,805.37,389.00
822.80,428.34,821.81,428.34
804.46,389.79,804.40,389.67
805.72,389.19,804.40,389.67
826.72,423.70,826.21,424.44
805.72,389.19,805.78,388.87
825.89,355.82,828.45,355.79
804.63,389.87,804.46,389.79
805.72,389.19,804.46,389.79
806.56,388.76,806.20,388.79
809.65,425.05,809.31,426.13
805.72,389.19,804.92,389.90
798.08,324.65,798.14,325.13
803.73,329.99,803.86,329.46
801.81,392.03,802.04,391.44
804.63,389.87,805.72,389.19
824.57,426.36,823.71,426.34
800.40,395.59,800.50,395.47
800.38,395.72,800.50,395.47
800.40,395.59,800.38,395.72
803.88,332.11,803.73,331.46
799.31,325.02,799.16,325.35
803.18,404.29,802.21,405.31
801.12,400.36,801.05,400.19
803.73,331.37,803.73,331.46
798.89,325.06,799.16,325.35
805.74,404.50,802.21,405.31
801.24,400.38,801.05,400.19
801.12,400.36,801.24,400.38
793.37,347.92,793.61,349.25
802.94,414.54,803.68,413.80
800.01,395.98,800.03,395.79
800.08,395.81,800.03,395.79
800.01,395.98,800.08,395.81
800.76,400.70,800.80,400.58
800.68,400.45,800.76,400.70
796.51,360.91,798.96,360.92
818.99,377.86,815.89,378.26
819.23,442.72,811.51,442.05
801.11,396.81,801.26,397.44
802.30,414.92,802.99,415.72
801.32,398.14,801.26,397.44
801.27,398.84,801.32,398.14
800.56,397.92,800.89,396.30
805.04,412.80,805.54,412.01
807.27,379.06,806.07,378.17
800.30,395.84,800.61,395.96
768.49,382.53,766.90,382.11
822.54,394.84,823.64,395.96
804.86,412.50,805.16,411.98
800.56,397.92,801.14,399.45
800.56,397.92,800.25,395.86
800.30,395.84,800.25,395.86
800.87,400.00,800.56,397.92
815.49,332.37,814.77,332.37
800.92,399.94,800.56,397.92
800.87,400.00,800.92,399.94
821.14,399.00,821.06,398.00
807.86,416.80,808.79,416.39
818.64,423.69,826.21,424.44
800.09,398.24,799.78,396.18
823.52,370.13,823.41,369.86
809.50,355.26,808.65,354.56
800.09,398.24,800.34,400.33
809.50,355.26,809.87,354.62
823.52,370.13,823.34,369.89
800.09,398.24,799.51,396.72
820.83,395.26,821.28,394.79
806.56,411.89,806.91,411.88
800.09,398.24,799.37,397.34
800.09,398.24,799.75,399.86
799.53,399.35,799.75,399.86
799.38,398.72,799.53,399.35
800.09,398.24,799.38,398.72
822.85,395.59,822.88,395.47
803.31,396.95,803.12,398.81
823.60,400.36,823.66,400.38
803.79,397.13,803.12,398.81
823.68,400.19,823.66,400.38
823.60,400.36,823.68,400.19
807.21,370.68,784.75,378.43
829.95,361.37,829.70,361.88
804.09,395.43,803.31,396.95
822.57,395.98,822.38,395.79
823.27,400.58,823.16,400.70
823.28,400.45,823.27,400.58
804.61,392.12,804.06,393.56
823.64,395.96,823.94,396.30
812.38,392.12,811.82,393.56
823.32,395.84,823.64,395.96
829.05,354.46,828.68,356.03
823.97,399.94,824.20,399.45
823.58,397.92,824.20,399.45
823.58,397.92,823.32,395.84
806.80,412.64,807.33,413.15
806.79,389.19,805.99,389.90
823.03,400.20,823.35,400.33
821.98,366.09,820.97,366.22
823.09,398.24,823.35,400.33
823.09,398.24,822.47,396.72
823.09,398.24,822.73,399.86
803.51,418.45,804.01,417.66
822.34,398.72,822.28,398.02
803.12,418.13,803.64,417.62
803.33,418.15,803.64,417.62
822.50,399.35,822.34,398.72
803.57,423.65,804.26,424.46
821.01,414.50,820.88,415.24
812.10,361.90,811.61,361.83
821.01,414.50,821.04,414.98
802.93,419.28,803.63,420.08
821.09,414.54,821.04,414.98
800.56,397.92,801.26,397.44
821.02,414.09,821.09,414.54
809.63,389.35,808.52,388.64
820.85,413.79,821.02,414.09
789.61,368.37,789.49,368.39
820.48,414.03,820.64,413.77
820.42,414.47,820.48,414.03
810.46,389.82,809.40,388.82
821.01,414.50,820.42,414.47
805.50,416.88,805.80,416.35
810.27,389.31,809.40,388.82
820.50,414.92,820.42,414.47
820.50,414.92,821.01,414.50
824.99,361.85,801.82,361.74
820.67,415.22,820.50,414.92
811.25,390.57,810.27,389.31
823.05,413.70,822.88,413.96
823.58,397.92,823.64,395.96
823.10,413.25,823.05,413.70
823.03,412.80,823.10,413.25
822.85,412.50,823.03,412.80
807.86,415.90,808.67,415.61
823.01,413.22,822.85,412.50
811.99,391.58,811.10,390.09
822.64,412.48,822.85,412.50
807.86,415.90,808.36,415.11
772.16,384.35,770.90,384.74
800.09,398.24,799.72,396.24
822.48,412.74,822.64,412.48
828.16,329.87,828.20,329.69
822.42,413.19,822.48,412.74
823.01,413.22,822.42,413.19
812.66,392.83,811.99,391.58
828.16,336.33,828.20,335.90
822.50,413.64,822.42,413.19
812.66,392.83,811.87,391.15
822.50,413.64,823.01,413.22
822.67,413.93,822.50,413.64
823.09,398.24,822.33,397.34
824.88,411.20,825.06,411.50
828.01,344.73,827.63,344.90
825.04,411.92,824.67,411.18
824.50,411.44,824.67,411.18
825.04,411.92,824.45,411.89
824.52,412.34,824.45,411.89
803.37,390.89,801.30,391.69
824.70,412.64,825.04,411.92
790.28,377.86,793.38,378.26
821.71,418.86,821.58,419.60
801.36,373.70,799.19,373.88
821.71,418.86,821.75,419.34
806.32,421.58,807.12,421.30
821.71,418.86,821.80,418.90
821.73,418.45,821.80,418.90
821.55,418.15,821.73,418.45
821.71,418.86,821.55,418.15
821.35,418.13,821.55,418.15
775.47,377.47,775.11,377.63
823.58,397.92,824.18,396.81
821.13,418.83,821.18,418.39
821.71,418.86,821.13,418.83
821.20,419.28,821.71,418.86
823.01,413.22,823.03,412.80
823.82,417.64,823.76,418.08
771.08,379.35,770.44,380.61
823.74,417.18,823.82,417.64
823.57,416.88,823.74,417.18
820.79,366.46,820.48,368.81
823.36,416.86,823.57,416.88
823.19,417.12,823.36,416.86
823.73,417.60,823.19,417.12
823.14,417.56,823.19,417.12
823.73,417.60,823.14,417.56
807.45,417.04,807.97,417.55
823.09,398.24,822.70,396.24
823.21,418.02,823.73,417.60
803.96,423.98,804.63,424.50
824.92,341.09,825.78,341.64
823.39,418.31,823.21,418.02
804.21,423.28,805.06,423.32
825.80,416.80,825.63,417.06
806.70,440.48,807.21,439.68
805.94,369.73,810.42,368.16
825.76,416.32,825.80,416.80
803.97,422.53,804.65,422.04
825.78,415.90,825.86,416.36
803.75,422.50,804.27,421.99
825.60,415.60,825.78,415.90
825.76,416.32,825.60,415.60
803.57,422.76,803.97,422.43
825.39,415.58,825.60,415.60
825.76,416.32,825.39,415.58
803.50,423.20,803.85,423.18
825.22,415.84,825.39,415.58
803.57,423.65,803.96,423.95
825.17,416.29,825.22,415.84
820.89,358.70,820.32,358.35
825.76,416.32,825.17,416.29
803.74,423.95,804.26,424.46
777.64,377.56,776.90,377.56
820.67,415.22,820.88,415.24
825.24,416.74,825.17,416.29
794.85,370.33,794.79,370.42
806.13,422.74,806.81,423.26
825.42,417.04,825.76,416.32
825.24,416.74,825.76,416.32
806.13,422.74,807.12,422.83
825.42,417.04,825.24,416.74
807.57,341.09,807.31,339.29
800.27,361.37,800.12,361.71
793.20,359.05,793.29,360.00
822.42,423.24,822.29,423.98
804.08,392.35,802.83,394.23
806.38,422.04,807.12,421.30
822.46,423.72,822.29,423.98
793.20,359.05,793.12,360.00
822.42,423.24,822.46,423.72
796.72,356.59,799.70,356.59
805.91,421.25,806.13,421.18
822.26,422.53,822.44,422.82
805.73,421.51,806.01,421.93
808.71,440.48,809.01,440.95
822.05,422.50,822.26,422.53
822.42,423.24,822.05,422.50
830.11,354.22,827.54,354.26
805.66,421.95,806.12,422.71
821.89,422.76,822.05,422.50
822.42,423.24,821.89,422.76
829.73,353.17,830.59,354.22
805.73,422.41,806.43,423.22
821.10,393.99,820.49,392.46
821.84,423.20,821.89,422.76
822.42,423.24,821.84,423.20
822.67,413.93,822.88,413.96
821.91,423.65,821.84,423.20
802.32,347.83,802.45,347.73
804.11,379.87,803.97,380.82
801.24,381.21,802.72,381.29
808.32,421.48,809.31,421.57
804.63,330.65,805.53,331.24
822.08,423.95,822.42,423.24
803.78,379.94,802.72,381.29
821.91,423.65,822.42,423.24
804.63,330.65,805.58,330.58
822.08,423.95,821.91,423.65
824.48,422.48,824.31,422.74
818.99,377.86,816.19,378.38
823.73,417.60,823.74,417.18
824.46,421.58,824.54,422.04
824.28,421.28,824.46,421.58
824.44,421.99,824.28,421.28
824.07,421.25,824.28,421.28
824.44,421.99,824.07,421.25
824.44,421.99,823.85,421.95
824.70,412.64,824.91,412.66
823.93,422.41,823.85,421.95
810.44,351.89,810.89,354.43
824.10,422.71,824.44,421.99
823.93,422.41,824.44,421.99
798.62,325.56,798.37,325.73
793.93,368.41,792.73,368.93
826.49,420.73,826.36,421.48
826.52,421.22,826.36,421.48
826.49,420.73,826.58,420.78
823.66,400.38,823.91,400.00
826.33,420.02,826.50,420.32
826.49,420.73,826.33,420.02
826.11,419.99,826.33,420.02
826.49,420.73,826.11,419.99
825.95,420.25,826.11,419.99
805.27,418.31,806.16,418.87
826.49,420.73,825.89,420.70
783.26,382.93,783.48,382.59
817.77,378.68,817.94,379.67
821.38,419.57,821.58,419.60
825.96,421.16,825.89,420.70
800.29,393.73,798.63,392.53
825.96,421.16,826.49,420.73
804.25,393.98,802.83,394.23
826.14,421.46,825.96,421.16
809.99,347.69,809.90,347.87
825.29,440.88,825.16,441.63
804.36,396.03,803.27,396.15
823.28,400.45,823.37,400.28
825.32,441.38,825.16,441.63
825.29,440.88,825.13,440.17
824.91,440.14,825.13,440.17
825.29,440.88,824.91,440.14
824.69,440.83,824.75,440.39
793.10,382.39,793.06,382.85
824.94,441.60,825.29,440.88
824.77,441.29,825.29,440.88
817.24,377.05,817.56,377.77
827.34,439.72,827.21,440.48
817.24,377.05,817.68,377.92
827.34,439.72,827.37,440.23
824.44,421.99,824.46,421.58
827.43,439.78,827.37,440.23
827.34,439.72,827.43,439.78
827.35,439.32,827.43,439.78
827.34,439.72,827.17,439.01
803.74,423.95,804.63,424.50
827.34,439.72,826.96,438.98
825.42,417.04,825.63,417.06
826.81,440.13,826.74,439.67
826.81,440.13,827.34,439.72
826.99,440.44,826.81,440.13
824.57,436.45,824.44,437.20
824.60,436.94,824.44,437.20
812.05,441.73,815.24,440.40
822.38,359.64,822.27,360.09
790.65,365.49,793.08,363.05
824.57,436.45,824.60,436.94
826.49,420.73,826.50,420.32
824.66,436.50,824.60,436.94
808.71,440.48,809.40,441.01
824.41,435.74,824.58,436.04
808.90,440.23,809.71,440.59
806.85,370.74,805.07,370.66
808.97,439.78,809.83,439.83
821.92,366.17,822.10,365.91
824.03,435.96,824.19,435.71
809.65,302.41,814.50,302.41
808.72,439.01,809.72,439.04
824.57,436.45,824.03,435.96
808.72,439.01,809.41,438.52
810.46,302.99,805.67,303.00
808.31,439.23,809.02,438.46
800.37,361.88,800.27,361.37
808.50,438.98,809.02,438.46
808.31,439.23,808.71,438.89
826.61,435.27,826.48,436.02
815.10,379.10,817.88,379.55
826.65,435.77,826.48,436.02
826.61,435.27,826.65,435.77
823.19,393.37,823.88,393.63
826.45,434.55,826.63,434.86
805.88,435.74,806.87,435.77
826.61,435.27,826.23,434.52
826.07,434.78,826.23,434.52
826.01,435.22,826.07,434.78
826.61,435.27,826.01,435.22
814.48,302.17,810.69,302.72
767.54,375.88,768.22,375.83
805.66,435.71,806.19,435.19
824.10,422.71,824.31,422.74
826.09,435.68,826.61,435.27
778.36,355.80,777.86,357.87
816.72,382.89,817.43,382.54
796.20,373.77,799.19,373.88
807.42,431.58,807.72,432.06
823.39,395.66,824.50,394.33
826.27,435.99,826.09,435.68
823.85,432.03,823.72,432.77
779.22,358.25,779.08,360.00
815.59,382.39,815.89,382.51
767.87,375.46,768.03,375.73
805.48,436.86,805.87,437.15
823.88,432.52,823.72,432.77
815.97,382.72,816.21,382.85
825.36,367.43,826.99,367.46
827.34,439.72,827.35,439.32
823.94,432.08,823.88,432.52
806.30,441.60,807.20,442.17
823.85,432.03,823.94,432.08
823.68,396.87,825.00,395.40
823.87,431.62,823.94,432.08
823.69,431.32,823.87,431.62
831.95,378.99,832.01,379.82
818.04,393.73,821.33,392.53
804.94,376.31,804.58,376.70
808.07,434.55,809.07,434.58
823.85,432.03,823.69,431.32
823.48,431.29,823.69,431.32
783.96,376.12,790.05,376.39
804.94,376.31,806.52,376.85
808.07,434.55,808.76,434.06
823.85,432.03,823.48,431.29
823.85,432.03,823.31,431.54
801.87,347.84,803.70,348.96
818.99,377.86,815.89,378.26
825.89,430.83,825.75,431.58
825.90,430.42,825.98,430.88
825.72,430.11,825.90,430.42
805.24,431.32,805.92,430.83
825.89,430.83,825.72,430.11
825.51,430.08,825.72,430.11
825.89,430.83,825.51,430.08
825.35,430.34,825.51,430.08
825.89,430.83,825.35,430.34
825.29,430.78,825.35,430.34
825.89,430.83,825.29,430.78
825.54,431.54,825.89,430.83
825.36,431.24,825.89,430.83
825.54,431.54,825.36,431.24
831.00,381.21,832.59,381.29
820.22,400.49,821.97,401.81
823.17,428.11,823.01,428.37
803.70,371.04,803.68,371.12
823.14,427.62,823.17,428.11
808.10,421.46,809.00,422.01
826.61,435.27,826.63,434.86
823.22,427.67,823.17,428.11
828.78,360.91,827.79,365.32
822.98,426.92,823.15,427.22
823.14,427.62,822.98,426.92
822.77,426.89,822.98,426.92
823.14,427.62,822.77,426.89
813.59,320.33,813.89,320.32
815.99,333.41,815.16,333.43
799.48,395.70,797.59,395.84
799.19,403.76,798.05,401.89
822.55,427.58,822.60,427.14
823.14,427.62,822.55,427.58
792.68,359.05,793.20,359.05
825.16,426.40,825.03,427.15
825.20,426.89,825.03,427.15
818.50,362.80,818.99,353.74
823.85,432.03,823.87,431.62
825.26,426.45,825.20,426.89
825.00,425.69,825.18,425.99
824.79,425.66,825.00,425.69
824.63,425.92,824.79,425.66
825.16,426.40,824.63,425.92
824.57,426.36,824.63,425.92
807.84,435.99,808.36,436.50
825.16,426.40,824.57,426.36
805.24,431.32,806.23,431.34
825.89,430.83,825.90,430.42
802.94,414.54,802.88,414.98
806.56,425.66,807.08,425.15
802.35,414.50,802.94,414.54
805.29,304.35,809.46,303.90
804.84,431.54,805.55,430.78
802.70,413.79,802.88,414.09
831.20,333.22,831.50,333.38
804.77,431.98,805.24,431.21
816.06,389.67,816.48,390.42
802.48,413.77,802.70,413.79
830.76,333.27,831.07,333.43
804.84,432.44,805.12,431.96
802.31,414.03,802.48,413.77
802.24,414.47,802.31,414.03
805.01,432.74,805.23,432.74
807.42,431.58,808.10,432.11
802.35,414.50,802.30,414.92
814.88,303.74,810.65,304.52
807.60,431.32,808.41,431.68
802.48,415.22,802.35,414.50
807.60,430.42,808.42,430.14
807.42,430.11,808.11,429.62
823.14,427.62,823.15,427.22
805.10,413.25,805.03,413.70
807.20,430.08,807.73,429.57
826.48,398.26,825.60,398.21
795.82,349.15,797.58,348.42
805.04,412.80,805.10,413.25
801.10,352.85,800.01,353.30
804.50,413.22,805.10,413.25
804.50,413.22,805.04,412.80
806.95,430.78,807.30,430.76
804.64,412.48,804.86,412.50
779.18,366.17,780.29,367.99
821.49,368.93,820.48,368.81
804.46,412.74,804.64,412.48
826.34,400.32,825.50,399.70
804.39,413.19,804.46,412.74
804.50,413.22,804.46,412.74
804.60,428.37,805.27,428.90
784.29,377.92,783.29,377.64
823.51,432.74,823.72,432.77
804.50,413.22,804.39,413.19
821.49,368.93,820.36,368.41
804.50,413.22,804.45,413.64
804.63,413.93,804.50,413.22
806.67,411.92,807.21,412.40
806.67,411.92,807.28,411.95
825.22,403.60,824.70,402.07
807.03,411.20,807.21,411.50
806.67,411.92,807.21,411.50
825.54,431.54,825.75,431.58
806.67,411.92,806.56,411.89
802.98,418.86,803.51,419.34
802.35,414.50,802.70,413.79
803.51,418.45,803.58,418.90
805.32,369.72,805.32,369.64
802.98,418.86,803.58,418.90
802.98,418.86,803.51,418.45
793.03,366.34,793.93,368.41
821.55,403.34,822.04,401.89
803.12,418.13,803.33,418.15
802.98,418.86,803.12,418.13
802.87,418.83,802.94,418.39
802.98,418.86,802.94,418.39
822.80,428.34,823.01,428.37
802.98,418.86,802.87,418.83
803.11,419.57,802.93,419.28
802.98,418.86,802.93,419.28
811.85,385.73,794.72,385.73
792.14,359.05,792.07,360.00
805.14,417.60,805.74,417.64
790.53,377.90,790.28,377.86
805.50,416.88,805.67,417.18
805.14,417.60,805.67,417.18
805.27,416.86,805.50,416.88
823.88,393.63,823.19,393.37
805.09,417.12,805.27,416.86
822.51,393.57,823.29,393.27
805.02,417.56,805.09,417.12
791.85,379.28,792.21,378.49
805.09,418.02,805.02,417.56
793.26,382.54,792.94,381.97
824.50,394.33,823.88,393.63
805.27,418.31,805.09,418.02
807.32,416.32,807.86,416.80
806.67,411.92,807.03,411.20
807.86,415.90,807.93,416.36
807.32,416.32,807.93,416.36
807.32,416.32,807.86,415.90
794.71,349.55,796.41,348.84
807.46,415.58,807.68,415.60
807.32,416.32,807.46,415.58
817.19,360.77,817.63,358.92
807.32,416.32,807.27,415.84
802.48,415.22,802.70,415.24
807.32,416.32,807.20,416.29
789.64,378.31,789.94,377.97
804.14,423.72,803.96,423.98
803.61,423.24,804.14,423.72
803.61,423.24,804.21,423.28
803.97,422.53,804.15,422.82
803.57,422.76,803.75,422.50
803.61,423.24,803.75,422.50
833.29,353.33,824.21,353.33
803.61,423.24,803.57,422.76
784.43,378.46,784.75,378.43
804.50,413.22,804.85,413.96
803.57,423.65,803.50,423.20
804.63,413.93,804.85,413.96
823.76,361.64,800.52,361.55
803.61,423.24,803.57,423.65
823.49,361.48,800.27,361.37
803.74,423.95,803.61,423.24
806.31,422.48,806.13,422.74
806.38,422.04,806.31,422.48
790.18,377.75,790.28,377.86
805.78,421.99,806.31,422.48
802.00,381.44,792.04,380.88
806.14,421.28,806.32,421.58
820.36,368.41,820.79,366.46
805.78,421.99,806.32,421.58
824.17,369.64,823.42,369.63
805.91,421.25,806.14,421.28
821.21,399.44,821.47,400.74
805.73,421.51,805.91,421.25
820.36,368.41,821.36,368.54
805.78,421.99,805.91,421.25
825.93,355.83,825.25,359.58
805.66,421.95,805.73,421.51
805.78,421.99,805.73,421.51
806.67,411.92,807.03,412.66
821.03,397.96,821.19,396.48
805.73,422.41,805.66,421.95
806.80,412.64,807.03,412.66
805.91,422.71,805.78,421.99
808.50,421.22,808.32,421.48
817.39,362.82,817.19,360.77
808.58,420.78,808.50,421.22
807.96,420.73,808.50,421.22
807.32,416.32,807.68,415.60
822.32,391.71,823.28,391.43
808.51,420.32,808.58,420.78
792.85,359.57,792.93,359.95
810.48,354.67,810.89,354.43
807.96,420.73,808.58,420.78
808.33,420.02,808.51,420.32
825.05,392.69,824.25,391.79
808.10,419.99,808.33,420.02
807.92,420.25,808.10,419.99
807.96,420.73,808.10,419.99
821.46,392.62,822.20,391.61
807.85,420.70,807.92,420.25
807.96,420.73,807.92,420.25
784.28,382.89,783.93,382.78
802.98,418.86,803.33,419.60
807.92,421.16,807.85,420.70
825.77,394.23,825.13,392.78
807.96,420.73,807.92,421.16
808.10,421.46,807.96,420.73
806.70,441.38,806.52,441.63
806.77,440.94,806.70,441.38
831.40,332.37,831.40,331.65
821.03,357.85,820.83,357.79
806.16,440.88,806.70,441.38
803.61,423.24,803.97,422.53
806.70,440.48,806.77,440.94
806.16,440.88,806.77,440.94
806.53,440.17,806.70,440.48
806.30,440.14,806.53,440.17
789.26,380.49,788.70,380.73
806.12,440.39,806.30,440.14
806.16,440.88,806.30,440.14
806.05,440.83,806.12,440.39
806.16,440.88,806.12,440.39
822.17,359.59,821.34,359.95
805.14,417.60,805.49,418.34
806.12,441.29,806.05,440.83
798.70,349.29,797.04,350.21
805.27,418.31,805.49,418.34
806.16,440.88,806.05,440.83
798.70,349.29,815.58,350.21
806.16,440.88,806.12,441.29
806.30,441.60,806.16,440.88
808.90,440.23,808.71,440.48
808.97,439.78,808.90,440.23
808.36,439.72,808.90,440.23
820.36,368.41,821.80,366.34
808.90,439.32,808.97,439.78
808.72,439.01,808.90,439.32
808.31,439.23,808.50,438.98
821.42,403.43,822.42,404.35
808.24,439.67,808.31,439.23
783.48,382.59,783.93,382.78
807.32,416.32,807.67,417.06
808.31,440.13,808.24,439.67
808.49,440.44,808.31,440.13
809.73,303.99,814.62,306.23
808.36,439.72,808.31,440.13
808.49,440.44,808.36,439.72
806.06,436.94,805.88,437.20
805.25,304.64,804.96,304.89
806.13,436.50,806.06,436.94
807.96,420.73,808.33,420.02
806.06,436.04,806.13,436.50
805.52,436.45,806.13,436.50
820.09,397.91,820.41,399.96
805.88,435.74,806.06,436.04
820.24,397.91,820.37,395.88
805.66,435.71,805.88,435.74
805.48,435.96,805.66,435.71
805.52,436.45,805.66,435.71
805.41,436.40,805.48,435.96
805.52,436.45,805.48,435.96
803.61,423.24,803.96,423.98
805.48,436.86,805.41,436.40
821.78,391.29,820.17,390.89
805.65,437.16,805.52,436.45
808.25,435.77,808.07,436.02
764.55,373.36,767.48,373.48
807.71,435.27,808.07,436.02
808.32,435.32,808.25,435.77
807.71,435.27,808.25,435.77
806.16,440.88,806.53,440.17
808.25,434.86,808.32,435.32
808.07,434.55,808.25,434.86
818.04,393.73,818.00,392.14
807.85,434.52,808.07,434.55
807.66,434.78,807.85,434.52
807.71,435.27,807.85,434.52
807.59,435.22,807.66,434.78
807.71,435.27,807.66,434.78
782.75,384.21,781.40,384.98
805.78,421.99,806.13,422.74
807.66,435.68,807.59,435.22
807.84,435.99,807.66,435.68
807.71,435.27,807.66,435.68
825.74,398.28,825.53,396.03
805.42,432.52,805.24,432.77
808.36,439.72,808.72,439.01
804.84,431.54,805.02,431.29
824.62,404.12,825.49,402.49
804.77,431.98,804.84,431.54
807.96,420.73,808.32,421.48
804.84,432.44,804.77,431.98
821.52,404.93,822.82,405.28
807.67,430.88,807.60,431.32
816.56,332.02,816.40,331.71
816.68,380.49,816.97,380.73
807.06,430.83,807.60,431.32
807.06,430.83,807.67,430.88
807.42,430.11,807.60,430.42
807.02,430.34,807.20,430.08
818.20,397.90,817.73,395.72
806.95,430.78,807.02,430.34
781.03,384.48,779.50,384.38
806.16,440.88,806.52,441.63
807.01,431.24,806.95,430.78
807.19,431.54,807.01,431.24
807.06,430.83,807.01,431.24
803.69,382.96,804.28,383.20
821.52,357.70,821.03,357.85
818.58,400.13,819.70,402.13
804.78,428.11,804.60,428.37
765.82,373.74,765.94,373.58
804.25,427.62,804.60,428.37
804.25,427.62,804.78,428.11
807.71,435.27,808.07,434.55
804.78,427.22,804.85,427.67
807.85,366.24,807.83,366.19
804.25,427.62,804.85,427.67
804.60,426.92,804.78,427.22
818.21,390.58,818.49,391.02
804.25,427.62,804.38,426.89
804.25,427.62,804.20,427.14
808.36,439.72,808.71,440.48
804.20,428.04,804.13,427.58
808.49,440.44,808.71,440.48
804.25,427.62,804.13,427.58
818.36,388.85,818.45,389.10
804.38,428.34,804.25,427.62
763.15,375.31,763.47,380.93
806.55,427.12,806.77,427.15
806.95,426.89,806.77,427.15
763.15,380.61,763.47,380.93
806.42,426.40,806.77,427.15
806.37,425.92,806.56,425.66
809.12,341.41,814.59,341.48
816.15,380.73,816.82,380.76
789.14,380.90,815.36,380.90
806.42,426.40,806.56,425.66
806.30,426.36,806.37,425.92
806.42,426.40,806.37,425.92
806.55,427.12,806.37,426.82
806.42,426.40,806.37,426.82
806.55,427.12,806.42,426.40
823.44,445.11,827.79,442.72
821.13,357.98,820.46,358.05
819.23,442.72,823.44,445.11
819.24,389.31,818.35,388.82
820.56,445.86,823.44,445.11
819.23,442.72,820.56,445.86
807.06,430.83,807.42,430.11
817.82,446.33,820.56,445.86
807.62,446.33,808.73,446.48
821.80,366.34,821.36,368.54
819.23,442.72,808.73,446.48
795.01,358.74,793.74,357.17
806.63,445.86,807.62,446.33
819.23,442.72,807.62,446.33
806.48,445.11,806.63,445.86
768.88,373.70,767.48,373.48
807.84,435.99,808.07,436.02
819.23,442.72,806.63,445.86
825.12,386.64,829.24,386.91
819.23,442.72,811.09,442.72
806.48,445.11,819.23,442.72
817.88,379.55,817.93,379.51
808.98,425.53,809.02,427.16
826.07,406.21,825.83,405.53
802.08,411.68,809.02,427.16
802.08,411.68,809.99,423.17
808.98,425.53,802.08,411.68
804.25,427.62,804.60,426.92
809.35,424.02,802.08,411.68
808.98,425.53,809.35,424.02
826.44,424.02,827.03,423.16
819.16,411.68,826.22,427.16
823.54,335.47,824.05,334.39
826.14,425.53,826.22,427.16
805.01,432.74,805.24,432.77
826.44,424.02,819.16,411.68
763.17,382.10,763.15,381.94
803.24,349.85,803.24,350.91
804.88,432.03,805.24,432.77
826.14,425.53,819.16,411.68
826.44,424.02,826.14,425.53
791.67,378.87,795.51,379.06
818.64,423.69,810.56,423.70
806.42,426.40,807.03,426.45
811.71,422.97,810.56,423.70
789.11,379.51,789.25,379.55
827.27,421.62,827.83,422.14
782.62,371.42,783.11,371.65
823.03,412.80,822.30,412.01
793.31,359.59,793.89,359.95
827.80,422.97,827.83,422.14
818.64,423.69,811.71,422.97
814.22,422.14,811.71,422.97
818.11,421.45,816.38,421.62
815.87,380.49,816.15,380.73
807.19,431.54,807.42,431.58
818.64,423.69,818.11,421.45
807.06,430.83,807.42,431.58
816.80,384.17,807.46,383.61
826.07,421.45,818.11,421.45
823.88,406.21,823.95,405.53
822.42,405.02,823.43,405.15
821.92,366.17,821.41,368.71
814.57,405.02,822.42,405.02
792.79,357.62,792.71,357.70
785.64,352.54,784.60,354.24
813.62,408.10,814.57,405.02
813.16,405.15,814.57,405.02
792.79,357.62,792.58,357.54
785.64,352.54,783.52,353.81
813.62,408.10,815.77,410.62
808.65,364.21,808.68,364.25
813.62,408.10,813.16,405.15
811.43,405.53,813.16,405.15
814.00,398.66,812.12,396.95
805.03,411.10,812.69,411.10
813.62,408.10,805.03,411.10
804.04,410.98,805.03,411.10
792.93,358.35,793.06,358.05
818.05,378.86,815.32,378.64
813.62,408.10,809.36,406.21
803.51,409.97,813.62,408.10
814.18,401.60,814.09,400.57
803.50,410.62,803.51,409.97
828.99,441.74,828.83,441.46
829.23,441.39,828.99,441.74
814.57,341.15,813.08,341.22
816.16,353.45,816.40,353.22
817.45,388.64,815.47,388.76
812.05,441.73,811.73,441.39
811.80,441.46,812.05,441.73
805.62,349.19,806.87,349.15
818.64,423.69,827.80,422.97
809.33,427.41,809.31,426.13
827.69,424.39,827.38,425.06
827.32,427.41,829.23,441.39
818.83,341.28,817.59,341.46
820.87,391.15,819.00,390.09
831.03,440.03,829.23,441.39
831.03,440.03,828.47,423.62
827.25,426.13,827.32,427.41
827.25,426.13,831.03,440.03
809.65,425.05,810.30,424.38
809.65,425.05,814.98,440.03
830.76,439.10,831.18,439.60
795.06,350.43,796.84,350.95
820.54,441.73,831.18,439.60
820.54,441.73,829.61,438.93
820.09,439.10,821.88,438.93
820.54,441.73,821.88,438.93
804.72,320.03,804.26,319.82
817.81,439.60,820.09,439.10
822.17,359.59,822.27,360.09
820.54,441.73,815.24,440.40
768.08,374.10,768.03,374.05
824.07,355.58,824.07,358.30
819.82,389.51,819.69,389.14
824.07,370.03,824.07,367.30
822.69,371.27,822.58,370.43
823.36,372.10,824.07,367.30
813.46,324.48,800.73,324.48
824.15,366.89,824.34,366.73
817.17,379.93,816.45,379.72
817.26,379.54,816.45,379.72
806.30,327.47,806.58,327.91
824.15,362.80,824.34,362.80
817.40,381.49,816.79,381.97
824.15,362.80,824.15,358.71
825.53,332.55,825.96,332.21
810.31,346.95,809.99,347.69
817.26,381.17,816.79,381.97
823.34,362.80,824.15,358.71
803.97,422.43,804.27,421.99
796.29,380.45,796.01,379.24
817.40,379.24,817.58,379.05
817.26,381.17,817.40,381.49
823.34,362.80,824.07,358.30
797.15,371.33,797.71,367.19
804.36,396.03,804.25,393.98
833.36,353.33,826.17,353.45
824.34,354.99,831.99,354.90
764.49,377.84,763.15,381.94
824.11,372.63,823.51,372.62
789.09,371.38,790.18,377.75
805.35,304.17,805.56,302.94
794.90,373.20,795.01,373.12
831.99,358.86,824.34,358.88
818.35,388.82,816.37,388.64
824.34,362.80,824.34,358.88
793.32,380.44,794.31,380.44
833.41,362.87,824.34,362.80
824.34,366.73,824.34,362.80
833.41,362.87,824.34,366.73
805.29,304.35,805.35,304.17
796.12,373.66,796.20,373.77
831.99,366.85,824.34,366.73
793.14,381.69,792.94,382.15
804.59,396.01,804.36,396.03
831.99,370.81,824.34,370.61
793.40,361.44,795.30,362.49
833.36,372.40,826.17,372.18
824.15,370.44,823.15,370.13
831.03,440.03,827.38,425.06
788.44,349.73,786.03,350.35
824.15,366.89,823.15,367.22
820.89,359.59,820.85,359.15
802.37,345.32,827.63,344.90
823.33,367.08,823.15,367.22
802.37,345.32,816.20,345.32
823.33,367.08,824.15,366.89
824.34,366.73,824.15,366.89
830.53,370.45,823.33,370.27
824.34,370.61,823.33,370.27
785.88,350.28,784.48,351.92
830.53,370.45,823.33,370.27
824.15,370.44,823.15,370.13
828.35,333.40,828.62,333.88
796.28,380.51,797.15,371.33
823.08,367.55,823.15,367.22
824.15,366.89,823.15,367.22
823.33,367.08,830.53,367.20
824.34,366.73,823.33,367.08
816.16,333.31,815.84,333.48
809.01,349.89,810.57,348.91
793.45,346.42,795.60,346.25
831.99,370.81,830.53,370.45
792.01,348.95,793.72,349.36
830.72,370.31,823.15,370.13
830.80,369.97,830.72,370.31
802.15,392.69,801.30,391.69
830.80,367.70,832.19,367.03
790.02,368.41,790.12,368.26
824.34,358.88,823.08,358.43
783.15,378.84,783.49,379.17
823.27,355.30,824.15,355.17
824.15,358.71,823.08,358.43
823.00,358.08,823.08,358.43
824.07,355.58,823.08,355.45
824.20,340.00,824.40,339.57
824.07,355.58,824.15,355.17
823.08,355.45,830.60,355.22
818.37,378.22,818.05,378.86
831.62,331.68,831.82,331.79
809.65,425.05,809.31,426.13
830.60,358.55,830.80,358.40
815.60,341.21,816.58,342.41
799.75,393.57,800.39,393.37
831.99,358.86,830.60,358.55
819.44,363.24,818.91,368.41
824.07,358.30,823.00,358.08
824.07,355.58,823.00,355.79
798.73,395.23,800.72,394.58
824.07,358.30,824.07,355.58
830.80,355.36,830.60,355.22
832.19,355.07,830.80,355.36
799.20,400.10,800.44,398.66
825.78,341.64,825.65,342.17
823.27,355.30,823.08,355.45
789.52,378.22,789.40,378.86
830.88,355.71,830.88,358.04
823.00,355.79,830.88,355.71
790.15,380.76,789.30,380.76
823.00,358.08,823.00,355.79
832.19,355.07,830.80,355.36
830.88,355.71,832.19,355.07
820.98,358.30,821.22,357.85
830.88,358.04,830.88,355.71
832.27,358.27,830.88,358.04
819.00,339.86,819.12,339.75
822.37,354.20,822.26,355.12
818.78,339.74,818.92,339.64
822.26,370.46,822.26,362.79
791.24,381.52,791.12,380.96
791.88,359.15,791.92,359.64
818.77,339.33,818.92,339.64
819.66,362.79,822.26,362.79
819.66,362.79,822.26,370.46
819.66,355.12,819.42,355.16
816.88,382.53,816.57,382.40
819.38,380.86,819.00,381.22
798.35,397.96,800.06,396.67
822.26,355.12,819.66,355.12
783.96,376.12,783.49,376.70
798.47,399.42,798.35,397.96
822.58,370.43,822.26,362.79
820.89,359.59,820.20,359.15
783.49,376.70,783.43,376.39
830.80,369.97,830.72,370.31
800.08,399.29,798.77,400.74
822.26,362.79,822.58,362.79
822.69,354.32,822.58,362.79
792.12,358.70,792.21,358.30
826.40,334.94,813.68,335.72
823.08,369.79,824.15,370.44
819.42,362.79,819.66,362.79
828.86,333.31,828.35,333.40
824.07,367.30,824.15,366.89
819.42,370.43,819.66,370.46
819.55,354.20,819.31,354.35
822.59,362.79,822.58,362.79
822.37,371.38,822.69,371.27
768.88,384.50,769.83,384.58
822.96,371.87,822.37,371.38
822.69,372.06,822.37,371.38
822.96,353.72,822.69,354.32
821.52,357.70,821.32,357.77
821.46,355.65,812.19,355.75
823.00,358.08,823.08,358.43
822.96,353.72,822.59,362.79
826.94,338.88,826.08,343.87
819.25,372.06,822.37,371.38
819.55,371.38,822.37,371.38
819.36,362.79,819.42,362.79
822.58,362.79,822.58,355.15
819.31,371.23,819.55,371.38
819.25,372.06,819.31,371.23
818.99,371.85,819.31,371.23
792.75,369.92,793.14,369.49
825.13,368.18,824.21,365.78
819.00,362.79,819.31,354.35
818.49,353.50,818.99,353.74
803.28,398.26,803.15,400.32
812.98,350.37,809.48,350.86
822.69,353.52,819.24,353.52
823.36,372.10,822.96,371.87
780.12,374.06,780.04,373.56
823.00,355.79,823.08,355.45
802.75,402.16,802.10,403.60
823.36,353.49,823.12,353.27
825.15,353.24,823.36,353.49
823.36,353.49,823.34,362.80
825.24,350.78,815.89,350.99
818.80,372.32,822.69,372.06
819.36,362.79,819.31,371.23
818.05,378.86,818.10,378.79
816.33,353.24,818.80,353.27
823.36,372.10,823.34,362.80
817.50,368.25,818.04,368.25
823.34,362.80,822.91,362.79
800.37,404.74,799.46,404.35
822.96,371.87,822.91,362.79
825.55,353.23,825.15,353.24
825.77,353.46,825.15,353.24
824.65,339.29,824.92,339.19
823.00,358.08,824.15,358.71
825.37,353.46,825.15,353.24
811.61,358.16,812.08,358.08
818.80,372.32,818.99,371.85
818.49,372.12,818.99,371.85
825.15,372.38,818.80,372.32
818.50,362.80,819.00,362.79
825.95,353.22,825.55,353.23
816.40,353.22,816.18,353.23
824.17,372.40,823.42,372.40
815.64,379.91,816.68,380.49
798.32,399.44,797.98,401.83
818.49,353.50,818.80,353.27
805.18,332.33,804.92,332.65
823.10,339.05,823.16,338.68
830.88,358.04,823.08,358.43
825.55,353.23,825.15,353.24
799.18,394.21,799.75,393.57
825.55,353.23,825.77,353.46
816.09,372.16,818.49,372.12
800.03,395.79,799.78,396.18
815.93,353.45,816.09,353.46
793.06,382.85,793.28,382.76
822.91,362.79,822.59,362.79
822.86,353.34,816.40,353.22
831.99,354.90,824.34,354.99
818.49,372.12,818.80,372.32
792.12,359.59,791.88,359.15
816.33,372.39,825.15,372.38
816.07,362.81,816.09,372.16
815.93,353.45,816.16,353.45
820.12,356.15,822.86,353.34
823.42,353.33,822.86,353.34
778.09,384.52,778.24,384.76
815.93,372.17,816.09,372.16
815.92,362.81,815.93,353.45
816.16,353.45,815.93,353.45
778.33,374.14,778.29,374.60
824.11,353.11,823.51,353.11
824.21,353.33,823.51,353.11
824.11,353.11,833.29,353.33
826.17,372.18,825.55,372.40
825.95,372.41,825.55,372.40
825.95,372.41,816.18,372.40
801.88,347.88,801.86,348.42
816.40,372.41,816.18,372.40
790.79,363.24,790.72,363.20
816.16,372.19,815.93,372.17
815.92,362.81,815.93,372.17
790.79,363.24,790.02,368.41
816.16,372.19,815.92,362.81
805.02,417.56,805.48,418.32
816.16,353.45,816.15,362.82
817.63,358.92,818.31,357.45
817.95,359.08,818.31,357.45
817.95,359.08,818.62,357.67
820.12,356.15,822.86,356.05
794.19,369.85,795.94,370.78
825.15,353.24,823.12,353.27
822.86,356.05,822.84,356.39
823.42,353.33,822.86,353.34
814.71,303.57,809.65,302.41
823.42,353.33,823.42,356.10
819.62,339.60,822.76,339.44
817.07,349.68,815.89,350.99
789.22,371.30,789.61,368.37
824.21,353.33,823.42,353.33
816.16,372.19,815.93,372.17
816.16,372.19,816.18,372.40
816.40,372.41,816.18,372.40
823.51,372.62,823.42,372.40
816.33,353.24,816.09,353.46
816.16,372.19,816.15,362.82
830.25,351.17,830.30,351.17
825.55,372.40,825.77,372.17
813.86,341.77,813.71,341.54
817.53,360.86,817.95,359.08
817.95,359.08,818.62,357.67
767.15,373.20,767.37,373.10
820.46,360.25,820.64,360.44
819.45,356.76,820.41,357.93
817.41,341.13,825.07,342.40
820.46,360.25,821.32,360.52
789.27,378.79,789.25,379.55
819.45,356.76,818.62,357.67
800.48,393.71,801.70,392.14
819.45,356.76,820.12,356.15
820.38,356.44,820.12,356.15
801.01,369.07,801.50,369.14
817.00,376.82,817.38,377.25
824.18,356.09,823.53,356.36
816.07,341.41,814.59,341.48
833.18,372.63,824.11,372.63
824.17,369.64,823.42,372.40
822.86,369.67,823.42,369.63
804.92,328.61,805.18,328.89
807.26,394.65,809.80,394.16
800.21,404.93,800.94,405.28
822.86,372.39,816.16,372.19
823.07,372.62,822.86,372.39
822.86,372.39,823.51,372.62
823.07,372.62,823.51,372.62
817.53,360.86,817.19,360.77
819.39,360.96,819.79,359.27
819.39,360.96,817.95,359.08
825.55,372.40,825.15,372.38
813.86,341.77,813.86,341.53
817.53,360.86,817.63,358.92
817.53,360.86,817.95,359.08
822.73,341.88,823.84,341.13
822.08,356.76,821.20,357.06
820.38,356.44,821.20,357.06
822.73,341.88,823.89,341.77
822.08,356.76,823.53,356.36
824.18,356.09,824.09,356.38
818.49,372.12,819.00,362.79
778.42,377.61,779.32,376.12
825.33,356.56,824.18,356.09
824.94,356.74,825.33,356.56
815.93,353.45,816.09,353.46
825.33,356.56,833.29,353.33
808.18,351.17,808.05,351.17
797.81,373.47,795.90,372.69
815.92,362.81,816.09,353.46
825.33,369.17,824.17,369.64
831.61,340.44,831.07,341.77
791.06,362.36,791.18,362.15
833.29,372.40,824.17,372.40
824.17,369.64,824.17,372.40
824.17,369.64,823.42,369.63
823.53,369.37,823.42,369.63
789.61,368.37,790.36,368.37
820.41,399.96,820.24,397.91
824.18,356.09,823.42,356.10
824.17,369.64,823.53,369.37
820.95,358.65,821.06,358.21
823.53,369.37,823.42,369.63
807.11,386.64,806.00,383.17
827.00,353.39,826.63,357.87
820.12,369.54,822.86,369.67
822.86,372.39,822.86,369.67
816.16,372.19,822.86,372.39
817.19,364.87,817.04,362.82
817.19,364.87,817.39,362.82
817.53,364.79,817.39,362.82
807.79,389.42,808.33,390.22
817.53,360.86,819.39,360.96
819.25,362.83,819.39,360.96
819.25,362.83,817.53,360.86
791.18,362.15,791.22,356.20
817.39,362.82,817.53,360.86
824.94,362.87,824.94,356.74
825.33,362.87,825.33,356.56
833.29,362.87,825.33,362.87
825.33,369.17,833.29,372.40
816.33,372.39,818.80,372.32
824.09,369.35,824.17,369.64
816.09,372.16,818.49,372.12
824.94,369.00,824.09,369.35
824.09,369.35,823.53,369.37
821.65,355.12,821.53,355.20
822.84,369.34,823.53,369.37
790.28,368.25,789.61,368.37
822.84,369.34,822.86,369.67
812.07,393.99,809.35,392.62
831.18,333.05,831.40,333.08
817.62,366.73,817.19,364.87
817.53,364.79,817.19,364.87
813.39,405.02,824.22,403.03
831.24,333.41,831.18,333.05
817.95,366.57,817.53,364.79
789.61,368.37,789.09,371.38
810.46,302.99,810.44,302.87
817.39,362.82,819.25,362.83
794.26,379.77,794.31,380.43
826.91,331.99,827.29,332.29
817.53,364.79,817.39,362.82
824.94,369.00,825.33,369.17
824.94,362.87,824.94,369.00
820.12,369.54,820.38,369.25
824.99,365.78,826.07,360.91
818.30,368.22,817.62,366.73
801.24,400.38,800.87,400.00
817.95,366.57,817.62,366.73
799.84,409.33,799.49,408.58
798.35,346.40,799.19,346.12
819.79,366.39,817.53,364.79
801.66,410.62,799.49,408.58
817.95,366.57,817.53,364.79
822.08,368.93,824.94,362.87
800.01,395.98,799.78,396.18
824.94,369.00,824.94,362.87
822.44,422.82,822.51,423.28
822.08,368.93,824.94,369.00
796.51,360.91,794.50,360.91
818.77,338.46,818.92,338.13
822.08,368.93,821.20,368.62
819.16,369.19,818.30,368.22
791.07,356.42,791.20,356.19
818.62,368.00,818.30,368.22
819.16,369.19,818.62,368.00
819.45,368.92,818.62,368.00
810.01,395.08,812.33,394.91
819.16,369.19,819.45,368.92
817.95,366.57,819.79,366.39
820.41,367.74,817.95,366.57
812.98,350.37,811.94,350.63
818.62,368.00,817.95,366.57
818.62,368.00,820.41,367.74
821.20,368.62,820.41,367.74
818.62,368.00,821.20,368.62
790.43,362.14,791.06,362.36
819.45,368.92,821.20,368.62
819.25,372.06,819.55,371.38
818.62,368.00,819.45,368.92
801.09,355.13,798.69,355.13
832.99,353.04,829.74,353.10
801.09,355.13,798.81,355.34
829.74,353.10,829.93,353.10
833.07,353.10,829.93,353.10
829.74,353.10,833.07,353.10
826.91,355.33,826.59,355.23
829.74,353.10,833.60,353.10
828.27,359.57,829.02,359.57
829.55,353.23,829.28,354.46
828.45,355.79,827.75,359.59
827.06,357.37,827.01,357.09
829.54,354.46,829.28,354.46
827.09,357.40,827.03,357.10
829.78,353.23,829.54,354.46
827.19,357.49,827.06,357.37
829.55,353.23,829.78,353.23
825.60,355.51,823.47,355.53
829.55,353.23,832.87,353.18
808.08,339.52,808.27,339.93
831.85,347.76,831.17,348.81
829.55,353.23,829.28,354.46
829.78,353.23,833.06,353.23
829.55,353.23,829.78,353.23
829.55,353.23,829.93,353.10
832.87,353.18,829.55,353.23
832.87,353.18,829.74,353.10
827.26,360.78,827.35,355.32
832.99,353.04,829.74,353.10
828.68,369.71,828.68,356.03
805.52,436.45,805.88,435.74
792.79,356.20,790.36,368.37
829.05,371.27,828.68,369.71
774.67,377.42,773.73,377.37
829.78,353.23,833.06,353.23
829.05,354.46,833.52,354.46
829.20,360.72,829.23,355.53
806.56,388.76,807.64,388.76
823.39,418.31,823.06,418.87
807.27,376.37,818.29,376.83
829.74,372.64,833.60,372.64
829.74,372.64,833.07,372.64
829.55,372.51,829.78,372.50
806.63,352.82,807.71,353.48
832.84,371.37,829.28,371.28
808.25,352.04,809.42,353.04
829.55,372.51,832.87,372.61
829.54,371.27,829.78,372.50
801.16,362.04,797.92,362.51
812.23,360.00,811.61,361.83
829.54,371.27,833.02,371.27
767.73,374.60,767.77,375.06
829.78,372.50,833.07,372.64
805.78,369.66,804.15,371.05
829.74,372.64,829.93,372.64
829.74,372.64,832.99,372.74
832.87,372.61,829.74,372.64
829.55,372.51,829.74,372.64
832.87,372.61,829.55,372.51
792.75,369.92,794.71,370.45
823.42,356.31,823.39,356.31
791.50,380.35,791.85,379.28
792.09,380.86,791.82,380.77
810.61,304.35,810.61,304.17
830.95,332.98,830.76,333.27
778.79,375.83,779.47,375.90
823.68,369.42,823.56,369.42
824.73,359.59,825.42,355.82
823.39,356.31,823.56,356.31
823.56,369.42,823.56,356.31
791.74,368.29,793.14,369.49
823.39,356.31,823.56,369.42
823.39,369.41,823.56,369.42
823.39,356.31,823.39,369.41
794.39,370.93,796.17,371.67
823.42,369.41,824.30,369.41
824.30,356.31,824.30,369.41
823.42,369.41,824.30,356.31
823.42,356.31,824.30,356.31
823.42,369.41,823.42,356.31
823.68,356.31,824.78,356.31
823.68,356.31,824.78,369.42
791.50,380.35,791.50,381.77
823.68,369.42,824.78,369.42
791.14,381.49,791.31,381.70
823.68,356.31,823.68,369.42
823.34,369.89,824.21,365.78
822.65,369.40,822.62,356.32
825.13,368.18,824.21,365.78
822.65,356.32,822.62,356.32
822.91,356.32,822.79,356.32
830.35,332.02,830.30,332.36
822.91,356.32,822.79,369.40
800.83,309.04,806.17,308.32
822.91,369.40,822.79,369.40
799.82,372.07,801.87,372.15
822.62,356.32,822.79,356.32
822.79,369.40,822.79,356.32
822.62,356.32,822.79,369.40
822.62,369.40,822.79,369.40
822.62,356.32,822.62,369.40
823.34,369.89,825.13,368.18
822.65,369.40,823.53,369.39
796.28,380.51,796.02,380.49
800.33,341.54,813.71,341.75
823.53,356.32,823.53,369.39
822.65,369.40,823.53,356.32
822.65,356.32,823.53,356.32
822.65,369.40,822.65,356.32
824.01,369.40,824.01,356.32
822.91,369.40,824.01,369.40
809.62,383.56,819.19,384.16
822.91,356.32,822.91,369.40
821.88,369.38,821.85,356.32
822.15,356.32,822.03,369.38
805.90,302.64,809.63,302.09
822.15,369.38,822.03,369.38
767.04,374.06,767.77,374.14
829.55,372.51,829.78,372.50
822.03,369.38,822.03,356.32
821.85,369.38,822.03,369.38
795.00,355.18,794.60,355.29
804.81,382.51,806.00,383.17
821.38,356.33,821.26,356.33
821.38,356.33,821.26,369.37
819.37,378.02,819.56,378.80
805.83,302.83,805.90,302.64
798.10,354.68,801.08,354.69
821.38,369.37,821.26,369.37
791.50,380.35,792.07,380.85
821.26,369.37,821.26,356.33
809.81,389.46,809.71,389.54
821.09,369.36,821.26,369.37
821.09,356.33,821.09,369.36
827.46,389.54,827.58,389.46
822.00,356.33,822.00,369.36
821.12,356.33,822.00,356.33
772.35,383.78,771.15,382.83
821.12,369.36,821.12,356.33
822.47,369.37,822.47,356.33
792.53,380.07,792.60,379.25
772.35,383.78,771.15,382.83
822.65,369.40,822.62,369.40
821.38,369.37,822.47,369.37
829.78,372.50,833.06,372.50
821.38,356.33,821.38,369.37
823.33,372.32,818.45,378.16
828.59,355.81,828.76,355.53
820.36,369.06,820.33,356.62
820.62,356.62,820.50,356.62
789.30,365.51,791.49,367.16
820.62,356.62,820.50,369.06
820.33,369.06,820.50,369.06
820.33,356.62,820.33,369.06
818.37,325.44,817.69,325.49
821.24,356.63,821.24,369.05
820.36,356.62,821.24,356.63
773.82,378.41,773.70,378.03
820.36,369.06,820.36,356.62
774.08,382.78,773.58,378.46
821.71,369.07,821.71,356.62
820.62,356.62,821.71,369.07
824.26,442.10,824.62,442.17
817.88,309.86,817.89,318.84
811.18,356.37,812.10,358.10
821.88,369.38,821.85,369.38
818.09,324.57,818.54,324.08
773.94,382.89,773.47,378.43
820.62,369.06,821.71,369.07
774.19,383.22,773.94,382.89
820.62,356.62,820.62,369.06
829.10,360.92,828.09,365.41
819.60,368.60,819.57,357.07
819.86,357.07,819.74,357.07
819.86,357.07,819.74,368.61
819.74,368.61,819.74,357.07
819.57,368.60,819.74,368.61
819.57,357.07,819.57,368.60
820.48,357.07,820.48,368.60
819.60,368.60,820.48,357.07
819.60,357.07,820.48,357.07
819.60,368.60,819.60,357.07
796.94,360.92,796.94,356.15
820.95,368.61,820.95,357.07
819.99,438.68,816.70,422.17
795.00,355.18,794.41,355.29
819.86,368.61,820.95,368.61
819.86,357.07,819.86,368.61
803.78,379.94,803.71,378.98
818.85,367.67,818.82,357.99
772.31,378.33,773.70,378.03
818.85,357.99,818.82,357.99
819.11,357.99,818.99,357.99
819.11,357.99,818.99,367.67
818.82,357.99,818.99,357.99
819.38,380.86,819.54,380.88
810.52,362.38,810.57,362.32
818.99,367.67,818.99,357.99
772.92,382.49,772.31,378.33
818.82,357.99,818.99,367.67
818.82,367.67,818.99,367.67
810.16,363.66,810.06,363.49
818.82,357.99,818.82,367.67
807.27,379.06,818.29,382.35
774.43,382.59,773.82,378.41
818.85,367.67,819.73,367.67
809.35,381.85,818.29,382.35
819.73,357.99,819.73,367.67
818.85,367.67,819.73,357.99
789.23,379.21,789.15,380.06
818.85,357.99,819.73,357.99
807.27,379.06,809.35,381.85
818.85,367.67,818.85,357.99
819.11,357.99,820.19,357.99
820.19,367.68,820.19,357.99
819.11,357.99,820.19,367.68
830.24,381.44,819.16,381.25
768.16,375.21,768.12,375.61
820.36,369.06,820.33,369.06
819.11,367.68,820.19,367.68
818.81,378.29,818.45,378.16
819.11,357.99,819.11,367.68
791.50,380.35,791.31,379.05
818.10,365.40,818.07,360.25
820.37,395.88,821.49,395.16
816.83,388.79,818.01,388.69
818.36,360.25,818.23,360.25
818.36,360.25,818.23,365.41
818.23,365.41,818.23,360.25
818.07,360.25,818.23,365.41
807.11,386.64,793.30,382.89
818.07,365.40,818.23,365.41
815.45,379.22,815.64,379.91
800.60,341.44,800.27,341.77
818.07,360.25,818.07,365.40
791.50,380.35,791.50,379.00
818.10,365.40,818.97,365.40
828.36,325.59,828.86,326.67
818.97,360.25,818.97,365.40
791.50,380.35,791.68,379.07
818.10,365.40,818.97,360.25
818.10,360.25,818.97,360.25
818.36,360.25,819.43,360.25
818.36,360.25,819.43,365.41
818.36,360.25,818.36,365.41
794.20,367.19,794.66,367.54
822.77,426.89,822.42,426.43
823.41,400.31,823.09,398.24
825.77,353.24,823.47,355.53
825.77,353.24,827.07,354.27
780.79,377.71,779.64,377.66
797.24,362.82,794.10,362.82
827.82,365.41,828.82,360.92
825.60,355.51,827.07,354.27
830.11,354.22,828.63,355.48
808.88,341.51,807.67,341.48
827.54,354.26,826.07,355.51
821.49,368.93,821.36,368.54
820.51,441.52,826.90,427.45
830.59,354.22,829.11,355.47
776.63,369.88,774.87,369.89
820.52,403.87,820.72,403.76
827.34,355.79,827.49,354.37
828.76,355.53,830.17,354.34
817.47,336.30,827.90,335.42
830.39,355.76,830.88,354.33
817.47,336.30,817.80,336.02
830.39,355.76,830.54,354.33
784.60,354.24,783.95,353.80
819.94,378.95,820.11,379.66
829.13,355.52,830.54,354.33
826.87,367.37,828.30,360.93
826.80,327.35,827.41,327.47
824.68,365.77,825.75,360.90
823.34,355.84,823.34,360.91
824.73,359.59,823.34,360.91
824.73,359.59,825.27,360.93
833.90,366.42,827.57,366.32
798.76,402.13,798.70,400.11
834.69,368.37,827.14,368.22
821.54,400.80,821.97,401.81
823.34,369.89,825.27,360.93
824.21,365.78,825.27,360.93
781.86,370.33,785.42,372.14
828.93,355.79,828.23,359.56
833.84,365.40,827.79,365.32
827.34,439.72,826.74,439.67
828.78,360.91,833.84,365.40
806.70,440.48,807.51,440.21
825.76,416.32,825.63,417.06
779.04,352.49,779.18,352.54
834.23,365.49,828.09,365.41
775.55,382.45,775.76,382.11
833.95,365.49,827.82,365.41
775.95,382.54,776.11,382.29
789.45,347.30,789.37,347.23
827.82,365.41,828.09,365.41
775.76,382.11,776.36,378.02
829.10,360.92,828.09,365.41
789.26,380.49,789.05,380.88
828.82,360.92,829.10,360.92
791.27,379.63,791.32,380.45
815.64,379.91,815.61,380.88
827.26,367.46,828.71,360.92
826.99,367.46,827.26,367.46
795.87,337.26,795.87,332.79
828.44,360.92,826.99,367.46
779.32,360.00,778.81,360.00
826.99,367.46,827.26,367.46
825.64,367.43,827.26,367.46
826.99,367.46,825.64,367.43
816.81,379.24,817.93,379.51
776.90,377.56,776.91,377.54
825.36,367.43,825.64,367.43
818.37,378.22,818.10,378.79
826.99,367.46,825.36,367.43
781.39,366.39,780.97,366.64
825.36,367.43,825.64,367.43
817.91,371.38,818.37,378.22
824.99,365.78,825.64,367.43
825.36,367.43,824.99,365.78
792.58,382.84,794.60,385.75
824.72,365.78,824.99,365.78
825.36,367.43,824.72,365.78
786.83,370.34,786.62,370.75
824.72,365.78,824.99,365.78
825.79,360.91,826.07,360.91
789.09,371.38,789.83,377.86
824.72,365.78,825.79,360.91
790.19,370.87,790.11,371.31
825.41,360.91,825.68,360.91
824.61,365.77,825.68,360.91
825.41,360.91,824.61,365.77
821.06,358.21,820.18,356.19
822.84,356.39,823.53,356.36
825.41,360.91,824.34,365.77
796.58,368.79,796.76,369.15
824.34,365.77,824.61,365.77
792.17,357.85,791.20,356.19
825.24,368.10,825.51,368.10
800.53,363.36,800.87,363.49
825.24,368.10,825.51,368.10
827.48,368.13,825.51,368.10
827.20,368.13,827.48,368.13
825.24,368.10,827.20,368.13
827.27,421.62,827.83,422.14
800.53,356.64,800.87,356.50
827.20,368.13,827.48,368.13
793.28,382.76,793.25,382.44
781.99,349.73,780.97,353.35
789.05,380.32,788.54,380.59
827.91,366.23,827.48,368.13
827.20,368.13,827.91,366.23
827.20,368.13,827.63,366.23
796.58,351.20,796.76,350.85
827.91,366.23,834.29,366.33
827.91,366.23,834.01,366.33
827.63,366.23,834.01,366.33
827.91,366.23,827.63,366.23
834.27,359.59,828.23,359.56
828.82,360.92,829.02,359.57
827.01,355.57,827.01,357.09
828.27,359.57,829.02,359.57
828.82,360.92,828.27,359.57
826.40,356.17,826.40,360.91
827.88,359.57,828.63,359.57
826.74,360.71,826.77,360.77
828.71,360.92,828.63,359.57
827.88,359.57,828.71,360.92
814.02,329.84,815.11,331.25
829.20,360.72,829.23,360.72
828.44,360.92,828.71,360.92
828.03,355.14,827.02,355.14
827.88,359.57,828.44,360.92
829.10,355.31,829.20,355.54
825.75,360.90,828.30,360.93
827.75,359.59,825.75,360.90
825.21,359.56,825.75,360.90
827.75,359.59,825.21,359.56
825.79,360.91,826.07,360.91
825.99,359.58,826.07,360.91
825.79,360.91,825.99,359.58
826.83,360.71,827.23,357.52
825.25,359.58,825.99,359.58
825.79,360.91,825.25,359.58
811.38,359.05,811.55,359.05
824.87,359.58,825.61,359.58
825.68,360.91,825.61,359.58
824.87,359.58,825.68,360.91
825.41,360.91,825.68,360.91
824.87,359.58,825.41,360.91
828.93,355.79,834.99,355.72
821.88,351.93,821.88,354.45
829.11,355.47,828.93,355.79
802.97,412.92,804.35,413.09
828.20,358.05,828.20,358.26
811.17,357.17,811.51,358.57
830.54,354.33,830.88,354.33
828.11,358.36,828.20,358.26
830.49,354.34,830.88,354.33
830.54,354.33,830.49,354.34
820.83,359.15,821.03,357.85
830.17,354.34,830.49,354.34
830.54,354.33,830.17,354.34
828.63,355.48,828.45,355.79
826.07,355.51,825.89,355.82
821.36,355.39,821.65,355.12
828.63,355.48,826.07,355.51
825.25,359.58,825.99,359.58
823.08,367.55,830.72,367.35
821.03,397.96,821.13,396.52
827.34,355.79,825.25,359.58
788.80,378.84,789.33,378.73
830.80,367.70,830.72,367.35
822.58,355.15,822.26,355.12
827.45,354.38,827.83,354.37
827.13,354.38,827.45,354.38
827.49,354.37,827.13,354.38
825.42,355.82,825.60,355.51
823.34,355.84,825.60,355.51
806.80,383.42,811.06,386.91
795.01,373.12,794.39,370.93
818.80,353.27,818.99,353.74
815.38,320.87,815.55,320.91
823.34,355.84,823.47,355.53
798.10,348.24,798.39,349.25
807.84,352.59,808.25,352.04
833.95,365.49,827.82,365.41
827.79,365.32,827.82,365.41
833.84,365.40,827.79,365.32
828.78,360.91,828.82,360.92
804.87,368.97,805.78,369.66
826.87,367.37,828.30,360.93
826.87,367.37,826.99,367.46
801.98,353.93,801.08,354.69
825.29,367.35,826.87,367.37
826.99,367.46,826.87,367.37
825.29,367.35,826.99,367.46
825.29,367.35,825.36,367.43
825.36,367.43,825.29,367.35
824.72,365.78,825.36,367.43
824.68,365.77,824.72,365.78
792.72,361.54,792.68,360.95
825.75,360.90,824.68,365.77
824.72,365.78,824.68,365.77
825.79,360.91,824.72,365.78
825.75,360.90,825.79,360.91
790.29,367.13,791.49,367.16
824.21,365.78,825.27,360.93
824.34,365.77,825.41,360.91
824.21,365.78,824.34,365.77
825.13,368.18,824.34,365.77
825.24,368.10,824.34,365.77
825.13,368.18,825.24,368.10
819.21,362.29,821.22,360.44
827.14,368.22,825.13,368.18
825.24,368.10,825.13,368.18
827.20,368.13,825.24,368.10
827.14,368.22,827.20,368.13
821.91,394.21,821.15,394.01
827.20,368.13,827.14,368.22
827.57,366.32,827.20,368.13
814.98,440.03,814.35,422.74
827.63,366.23,827.20,368.13
827.57,366.32,827.63,366.23
792.01,360.09,792.17,360.44
802.98,353.31,804.07,352.86
833.90,366.42,827.57,366.32
790.29,362.29,792.17,360.44
827.63,366.23,827.57,366.32
833.90,366.42,827.63,366.23
834.01,366.33,827.63,366.23
828.23,359.56,828.78,360.91
816.71,329.82,827.65,328.56
803.07,400.73,803.09,401.31
828.23,359.56,828.82,360.92
828.23,359.56,828.82,360.92
803.12,398.81,803.07,400.73
813.62,408.10,811.43,405.53
828.27,359.57,828.82,360.92
810.86,398.81,810.81,400.73
828.23,359.56,828.27,359.57
807.10,445.87,808.33,446.03
828.27,359.57,828.23,359.56
827.88,359.57,828.44,360.92
771.08,376.56,770.44,380.61
811.37,395.19,811.05,396.95
828.30,360.93,828.44,360.92
804.61,392.12,804.06,393.56
827.75,359.59,828.30,360.93
812.38,392.12,811.82,393.56
827.88,359.57,827.75,359.59
828.59,355.81,827.88,359.57
813.04,390.88,812.38,392.12
827.75,359.59,827.88,359.57
828.59,355.81,827.75,359.59
803.36,370.26,801.66,371.30
828.36,441.72,828.17,442.05
833.07,341.06,814.76,340.89
828.45,355.79,827.75,359.59
795.60,346.25,797.75,346.42
825.21,359.56,825.75,360.90
807.64,388.76,806.79,389.19
825.25,359.58,825.79,360.91
815.47,388.76,814.61,389.19
825.21,359.56,825.25,359.58
821.20,381.12,820.89,382.38
825.89,355.82,825.21,359.56
810.27,389.31,809.40,388.82
786.03,350.35,785.64,352.54
824.87,359.58,825.27,360.93
811.10,390.09,810.27,389.31
786.93,351.03,785.64,352.54
824.73,359.59,825.27,360.93
819.00,390.09,818.15,389.31
819.79,391.15,819.00,390.09
824.73,359.59,824.87,359.58
828.97,355.80,828.93,355.79
829.11,355.47,828.97,355.80
807.17,351.97,806.17,352.54
830.59,354.22,829.11,355.47
829.13,355.52,829.11,355.47
830.54,354.33,829.13,355.52
825.48,396.71,825.14,395.34
830.59,354.22,830.54,354.33
808.65,355.78,808.68,355.75
830.11,354.22,830.59,354.22
825.60,398.21,825.48,396.71
830.54,354.33,830.59,354.22
825.45,398.21,825.33,396.74
830.17,354.34,830.54,354.33
825.50,399.70,825.60,398.21
830.11,354.22,830.17,354.34
828.76,355.53,828.59,355.81
825.19,401.03,825.50,399.70
828.45,355.79,828.59,355.81
801.31,361.75,804.54,362.11
828.76,355.53,828.45,355.79
828.63,355.48,828.45,355.79
828.63,355.48,830.11,354.22
770.90,384.74,769.93,384.83
830.17,354.34,830.11,354.22
824.56,401.98,825.05,400.97
828.76,355.53,830.17,354.34
824.07,402.71,824.70,402.07
828.63,355.48,828.76,355.53
826.07,355.51,825.89,355.82
813.71,328.41,813.71,333.12
823.37,402.90,824.07,402.71
825.93,355.83,825.89,355.82
820.24,397.91,821.19,396.48
813.86,328.39,813.86,333.12
823.27,402.80,823.95,402.61
826.07,355.51,825.93,355.83
827.54,354.26,826.07,355.51
822.67,402.62,823.37,402.90
826.10,355.55,826.07,355.51
827.54,354.26,827.49,354.37
827.07,354.27,827.54,354.26
827.49,354.37,827.54,354.26
827.13,354.38,827.49,354.37
819.00,381.22,818.14,381.91
821.54,400.80,822.04,401.89
823.34,369.89,823.34,360.91
827.07,354.27,827.13,354.38
825.73,355.56,825.56,355.84
821.15,399.42,821.47,400.74
783.83,363.92,783.13,364.22
825.73,355.56,825.42,355.82
823.39,404.74,823.29,404.85
825.60,355.51,825.42,355.82
819.91,396.67,820.18,395.50
825.60,355.51,827.07,354.27
827.13,354.38,827.07,354.27
825.73,355.56,827.13,354.38
825.60,355.51,825.73,355.56
825.77,372.50,823.47,370.20
822.20,393.99,821.10,393.99
825.77,372.50,827.34,370.30
826.34,400.32,826.48,398.26
827.34,370.30,823.47,370.20
823.34,369.89,823.47,370.20
823.34,369.89,827.34,370.30
814.43,389.69,807.13,389.69
829.74,372.62,827.34,370.30
792.39,382.53,793.38,382.53
825.84,402.23,826.28,400.36
827.20,369.99,827.34,370.30
812.39,355.71,812.90,357.83
825.91,398.27,825.53,396.03
770.77,382.87,769.57,383.57
832.37,372.76,828.38,372.63
825.36,396.01,824.49,393.96
769.57,383.57,768.39,383.94
833.30,370.92,829.32,370.82
792.68,382.44,793.67,382.44
823.29,404.85,824.26,404.59
828.38,372.63,829.32,370.82
825.74,398.28,825.36,396.01
822.31,404.45,823.29,404.85
826.09,372.63,828.38,372.63
825.74,398.28,825.91,398.27
832.37,372.76,826.09,372.63
825.87,400.51,825.91,398.27
767.48,369.81,771.86,381.95
799.04,347.19,798.14,348.07
830.06,372.76,826.09,372.63
822.42,404.35,823.39,404.74
825.77,372.50,826.09,372.63
799.04,347.19,809.88,347.68
830.06,372.76,825.77,372.50
824.80,404.04,825.49,402.49
830.06,372.76,832.37,372.76
824.62,404.12,825.31,402.55
773.24,369.81,771.86,381.95
825.41,344.14,825.97,344.71
820.72,401.89,821.42,403.43
829.74,372.62,830.06,372.76
824.62,404.12,824.80,404.04
823.88,405.00,824.80,404.04
767.48,369.81,773.24,369.81
801.44,346.37,801.88,347.88
817.59,393.66,817.38,392.70
789.27,378.79,789.11,379.51
825.61,359.58,825.99,359.58
799.31,324.13,799.16,323.82
818.47,421.74,826.50,421.74
828.63,359.57,829.02,359.57
830.39,355.76,828.63,359.57
800.90,363.46,800.23,365.08
815.35,406.11,823.64,406.11
816.65,421.92,818.47,421.74
830.00,355.76,828.63,359.57
814.42,422.46,828.32,422.46
829.23,360.91,828.21,353.23
818.01,388.69,818.36,388.85
828.21,353.23,829.23,355.10
797.69,348.49,799.54,348.05
827.75,421.92,828.32,422.46
828.21,360.91,828.21,353.23
818.23,392.18,821.33,392.53
828.21,360.91,826.05,353.23
826.05,360.91,825.78,353.34
825.76,416.32,825.86,416.36
825.78,360.91,825.78,353.34
823.52,360.91,823.41,355.87
823.41,355.87,823.52,355.61
823.34,355.84,823.34,360.91
827.26,367.46,828.09,365.41
824.61,365.77,825.68,360.91
825.64,367.43,824.99,365.78
797.12,346.37,796.17,348.33
825.51,368.10,824.61,365.77
825.64,367.43,827.26,367.46
827.48,368.13,827.26,367.46
827.48,368.13,825.51,368.10
825.64,367.43,825.51,368.10
829.02,359.57,829.10,360.92
828.71,360.92,829.10,360.92
829.02,359.57,828.71,360.92
793.32,346.66,793.72,349.36
801.35,409.97,809.12,406.78
828.63,359.57,828.71,360.92
829.02,359.57,828.63,359.57
825.99,359.58,826.07,360.91
825.68,360.91,826.07,360.91
825.99,359.58,825.68,360.91
804.26,319.82,798.76,320.39
825.99,359.58,825.61,359.58
790.93,371.30,793.46,371.30
823.41,369.86,823.41,360.91
823.34,369.89,823.41,360.91
823.34,360.91,823.41,360.91
801.03,393.63,802.41,394.06
823.34,369.89,823.34,360.91
823.52,360.91,823.41,360.91
823.34,369.89,823.41,369.86
795.68,346.36,795.60,346.25
830.88,354.33,830.39,355.76
803.76,398.20,803.65,396.87
830.00,355.76,830.39,355.76
830.88,354.33,830.00,355.76
802.52,398.21,802.40,396.74
830.49,354.34,830.00,355.76
803.67,399.51,803.76,398.20
830.88,354.33,830.49,354.34
795.34,350.03,797.33,347.97
827.83,354.37,827.34,355.79
803.41,400.69,803.67,399.51
826.92,355.79,827.34,355.79
802.14,400.97,802.43,399.67
827.45,354.38,826.92,355.79
802.47,402.17,803.00,401.60
823.41,355.87,823.34,355.84
801.89,402.34,802.47,402.17
823.52,370.13,823.52,360.91
792.21,378.49,791.94,378.38
825.77,372.50,823.47,370.20
791.68,379.07,791.50,379.00
815.45,379.22,815.37,380.06
800.83,309.04,800.93,319.51
799.46,404.35,799.70,402.62
825.78,372.39,823.52,370.13
801.31,402.09,801.89,402.34
823.47,370.20,823.52,370.13
800.78,401.45,801.31,402.09
823.47,355.53,823.52,355.61
820.95,359.64,820.92,359.15
791.12,380.96,790.90,380.35
801.61,402.07,802.07,401.03
825.78,353.34,823.52,355.61
801.61,402.07,801.68,401.98
825.78,353.34,823.47,355.53
825.71,341.08,826.54,342.35
825.78,360.91,825.78,372.39
800.46,402.80,801.10,402.61
832.04,350.37,829.21,350.86
803.12,396.18,802.34,396.71
826.05,372.50,828.21,372.50
801.62,394.33,801.03,393.63
828.21,372.50,828.38,372.63
800.08,399.29,800.36,400.49
827.58,340.99,827.95,342.28
825.77,372.50,825.78,372.39
801.41,401.32,801.88,401.52
826.05,372.50,825.77,372.50
828.21,372.50,829.23,370.64
828.60,340.95,829.44,342.22
828.21,360.91,829.23,370.64
802.07,401.03,802.75,402.16
828.21,360.91,829.23,360.91
800.37,404.74,801.28,404.49
826.09,353.10,825.77,353.24
828.21,360.91,828.21,372.50
826.05,360.91,828.21,360.91
826.05,372.50,826.05,360.91
799.66,398.00,800.41,396.94
828.38,372.63,828.21,372.50
797.59,395.84,797.99,393.99
829.32,370.82,828.38,372.63
803.67,399.51,801.86,398.08
829.73,353.17,825.77,353.24
800.12,364.29,800.37,364.15
820.54,441.73,828.99,441.74
829.73,353.17,826.09,353.10
826.52,421.22,826.20,420.82
823.39,395.66,823.68,396.87
829.73,353.17,830.06,353.04
799.53,399.35,800.27,400.65
826.05,353.23,826.09,353.10
828.21,353.23,826.05,353.23
828.38,353.10,828.21,353.23
763.59,377.37,763.48,377.51
832.37,353.04,828.38,353.10
803.15,400.32,802.07,401.03
763.27,377.42,763.15,377.56
830.06,353.04,832.37,353.04
826.09,353.10,830.06,353.04
802.75,402.16,801.61,402.07
828.38,353.10,829.32,354.92
828.21,353.23,828.38,353.10
824.15,370.44,824.07,370.03
823.36,372.10,824.15,370.44
824.34,370.61,823.36,372.10
794.13,371.53,794.20,367.19
823.36,353.49,824.07,355.58
824.15,355.17,824.07,355.58
827.58,389.46,829.16,386.94
808.50,369.85,806.92,370.78
798.51,325.59,798.77,325.39
800.72,397.96,800.29,395.89
815.64,379.91,815.61,380.88
802.40,396.74,802.10,395.40
827.58,389.46,829.24,386.91
801.66,410.62,801.35,409.97
800.72,397.96,800.60,397.94
802.43,399.67,802.52,398.21
800.68,400.45,800.80,400.58
763.57,371.05,763.99,377.26
802.14,400.97,802.43,399.67
790.79,368.26,791.47,363.24
793.14,379.16,794.13,379.16
824.34,354.99,823.36,353.49
791.24,381.52,791.44,381.97
823.07,353.11,816.40,353.22
791.85,378.63,792.84,378.63
803.27,396.15,803.12,396.18
825.95,353.22,816.40,353.22
793.14,379.16,793.28,379.77
814.62,306.23,810.65,306.23
824.34,354.99,825.37,353.46
827.60,378.59,827.05,378.91
825.77,353.46,825.37,353.46
800.36,402.90,801.02,402.71
823.51,353.11,823.07,353.11
825.95,353.22,823.07,353.11
799.82,402.52,800.46,402.80
825.95,353.22,823.51,353.11
825.73,355.56,827.13,354.38
824.11,353.11,825.95,353.22
799.70,402.62,800.36,402.90
833.18,353.10,825.95,353.22
825.73,355.56,827.45,354.38
824.11,353.11,833.18,353.10
798.30,396.48,798.58,395.16
802.23,403.69,802.89,402.23
825.77,372.17,825.37,372.16
825.77,353.46,824.34,354.99
826.17,353.45,824.34,354.99
792.67,379.24,793.65,371.86
791.64,381.60,791.51,381.00
798.77,400.74,799.23,401.81
825.77,353.46,826.17,353.45
798.44,396.52,800.32,395.50
819.17,356.49,818.31,357.45
825.77,372.17,824.34,370.61
826.17,372.18,825.77,372.17
816.16,353.45,818.31,357.45
792.68,378.36,792.39,378.24
818.54,325.56,818.28,325.73
796.02,380.49,792.95,380.51
798.72,403.43,799.46,404.35
817.63,358.92,818.31,357.45
803.57,402.49,804.10,400.51
816.16,353.45,820.12,356.15
819.17,356.49,820.12,356.15
816.16,353.45,819.17,356.49
802.12,405.09,801.91,405.00
824.11,372.63,823.51,372.62
800.94,405.28,801.91,405.00
818.57,309.23,818.34,308.93
825.95,372.41,823.51,372.62
823.44,395.51,823.78,396.24
816.16,353.45,817.63,358.92
824.11,372.63,833.18,372.63
803.12,396.18,802.68,394.29
823.11,400.18,824.02,399.17
825.95,372.41,824.11,372.63
823.07,372.62,825.95,372.41
803.27,396.15,802.83,394.23
816.40,372.41,825.95,372.41
803.28,398.26,803.12,396.18
801.52,363.92,801.42,360.00
823.07,372.62,816.40,372.41
791.64,381.60,792.63,381.60
802.89,402.23,803.30,400.36
820.41,357.93,819.79,359.27
798.88,400.13,798.70,400.11
812.89,309.95,812.97,310.28
822.08,356.76,820.38,356.44
803.15,400.32,803.28,398.26
799.72,367.46,799.26,366.64
822.84,356.39,820.38,356.44
800.29,393.73,801.70,392.14
798.88,400.13,798.76,402.13
822.08,356.76,822.84,356.39
817.62,366.73,817.19,364.87
798.01,367.54,794.66,367.54
793.36,360.95,793.40,361.44
819.39,360.96,819.79,359.27
818.04,383.37,820.42,383.37
822.08,362.85,819.79,359.27
794.20,367.19,798.01,367.54
821.20,357.06,820.41,357.93
802.10,403.60,801.28,404.49
822.08,362.85,820.41,357.93
816.16,372.19,817.62,366.73
801.40,404.59,802.23,403.69
821.20,357.06,822.08,356.76
791.85,382.08,792.63,381.60
799.54,348.05,801.34,349.85
798.32,399.44,798.77,400.74
800.48,404.85,801.40,404.59
826.05,353.23,825.78,353.34
824.09,356.38,822.08,356.76
777.70,382.82,777.99,382.51
790.52,362.35,790.43,362.45
799.46,404.35,800.37,404.74
822.07,394.98,821.77,394.65
824.94,356.74,824.09,356.38
816.16,372.19,820.12,369.54
819.39,364.70,819.25,362.83
797.62,399.99,798.05,401.89
825.72,400.61,825.74,398.28
822.08,368.93,820.38,369.25
797.46,397.91,797.56,399.96
822.84,369.34,822.08,368.93
782.62,370.33,784.46,370.42
822.08,362.85,819.39,364.70
803.58,390.84,803.37,390.89
827.20,369.99,827.14,368.22
825.13,368.18,827.20,369.99
785.64,367.46,786.93,368.97
811.71,422.97,809.99,423.17
823.34,369.89,827.20,369.99
792.60,379.25,792.53,380.07
803.28,390.58,804.05,389.81
829.73,353.17,830.11,354.22
825.93,355.83,826.10,355.55
799.23,397.94,798.88,400.13
827.34,355.79,825.93,355.83
830.39,355.76,829.13,355.52
803.28,390.58,802.98,391.02
804.41,352.40,804.60,352.57
830.39,355.76,828.97,355.80
834.32,387.13,828.52,385.45
800.77,396.81,799.43,398.22
790.65,365.49,791.64,367.11
824.68,365.77,825.29,367.35
791.49,367.16,792.73,368.61
826.87,367.37,824.68,365.77
791.53,368.58,793.14,369.49
823.34,355.84,824.73,359.59
800.77,396.81,799.85,396.41
773.70,378.03,773.53,377.87
820.36,356.62,820.33,356.62
830.00,355.76,828.76,355.53
820.36,369.06,821.24,369.05
828.59,355.81,830.00,355.76
825.56,355.84,825.73,355.56
826.92,355.79,825.73,355.56
793.46,371.30,794.03,367.02
800.76,397.97,800.40,395.59
825.56,355.84,826.92,355.79
819.60,357.07,819.57,357.07
828.71,360.92,828.09,365.41
827.51,331.61,827.46,331.97
811.19,403.20,808.47,403.71
819.60,368.60,820.48,368.60
829.10,360.92,828.71,360.92
775.47,384.21,795.24,384.58
827.26,367.46,827.48,368.13
827.91,366.23,827.26,367.46
744.88,355.04,746.49,354.79
824.27,436.55,824.18,437.30
739.66,355.12,746.49,354.79
800.90,369.75,801.50,369.14
741.25,354.87,746.49,354.79
748.10,355.04,741.25,354.87
795.82,370.85,795.94,370.78
822.46,394.91,823.95,394.16
742.83,355.12,748.10,355.04
800.60,398.08,800.97,400.54
749.55,355.78,742.83,355.12
800.44,398.19,800.80,400.58
744.26,355.85,749.55,355.78
750.70,356.94,744.26,355.85
745.39,356.99,750.70,356.94
803.24,370.14,803.99,369.75
751.44,358.39,745.39,356.99
805.17,371.51,805.50,369.39
746.12,358.41,751.44,358.39
806.87,370.85,806.92,370.78
751.70,360.00,746.12,358.41
746.37,360.00,751.70,360.00
751.44,361.61,746.37,360.00
831.79,381.52,831.32,382.51
746.12,361.58,751.44,361.61
750.70,363.06,746.12,361.58
816.50,343.51,818.03,342.34
745.39,363.01,750.70,363.06
749.55,364.21,745.39,363.01
744.26,364.15,749.55,364.21
748.10,364.95,744.26,364.15
742.83,364.88,748.10,364.95
746.49,365.21,742.83,364.88
741.25,365.13,746.49,365.21
744.88,364.95,741.25,365.13
739.66,364.88,744.88,364.95
742.27,363.06,738.23,364.15
737.10,363.01,742.27,363.06
741.53,361.61,737.10,363.01
736.37,361.58,741.53,361.61
815.04,344.05,813.56,342.91
741.28,360.00,736.37,361.58
804.11,378.11,806.07,378.17
736.12,360.00,741.28,360.00
800.42,399.06,799.95,399.91
741.53,358.39,736.12,360.00
736.37,358.41,741.53,358.39
742.27,356.94,736.37,358.41
743.43,364.21,739.66,364.88
801.58,310.29,802.33,319.47
813.34,343.63,814.83,342.48
737.10,356.99,736.37,358.41
791.82,380.77,791.52,380.77
813.34,343.63,804.99,342.91
737.10,356.99,742.27,356.94
818.54,341.08,818.03,342.35
799.92,396.12,800.23,395.42
743.43,355.78,737.10,356.99
768.69,371.21,765.45,370.89
820.85,413.79,819.94,413.27
738.23,355.85,743.43,355.78
800.61,396.00,800.94,395.26
744.88,355.04,743.43,355.78
763.15,375.31,763.47,374.98
799.38,398.72,799.95,399.91
739.66,355.12,744.88,355.04
738.23,355.85,739.66,355.12
802.41,310.18,807.44,309.52
740.35,350.02,740.35,352.45
742.68,352.82,740.35,352.45
744.78,353.89,742.68,352.82
773.42,382.24,773.09,382.53
827.25,324.35,809.72,324.09
808.41,431.68,808.10,432.11
743.43,350.51,744.78,353.89
823.57,373.72,832.57,376.45
807.05,445.35,807.69,445.67
746.21,351.92,744.78,353.89
746.45,355.56,744.78,353.89
823.19,339.03,823.34,337.10
743.94,349.59,743.66,349.98
806.17,437.67,806.55,437.73
746.21,351.92,746.45,355.56
748.42,354.13,746.45,355.56
828.62,350.45,827.89,349.68
803.34,382.52,804.81,382.51
747.52,357.67,746.45,355.56
801.06,394.84,801.51,395.02
747.89,360.00,747.52,357.67
766.30,377.66,767.40,377.56
734.21,351.47,731.88,353.80
815.78,445.78,817.66,445.67
804.51,393.88,804.09,395.43
750.33,360.00,747.89,360.00
817.77,445.87,814.31,412.92
749.84,363.08,747.52,362.33
804.42,319.76,806.12,319.76
746.45,364.43,747.52,362.33
830.65,439.75,831.00,439.33
818.11,424.43,826.21,424.44
749.84,363.08,746.45,364.43
818.04,383.37,817.45,383.99
802.27,400.06,802.47,399.17
817.74,383.18,817.18,383.76
742.68,367.18,744.78,366.10
743.43,369.49,742.68,367.18
815.49,332.37,815.91,331.79
819.83,383.99,816.80,384.17
823.43,400.63,823.27,400.58
740.35,367.55,742.68,367.18
743.43,369.49,740.35,367.55
812.41,413.09,812.69,411.10
740.35,369.98,740.35,367.55
738.02,367.18,740.35,367.55
737.26,369.49,738.02,367.18
735.91,366.10,738.02,367.18
804.04,410.98,805.03,411.10
737.26,369.49,735.91,366.10
734.24,364.43,735.91,366.10
733.17,362.33,734.24,364.43
828.35,329.47,828.36,330.54
821.80,418.90,821.42,418.94
826.62,332.31,826.39,332.35
809.99,423.17,811.25,422.36
830.76,439.10,831.01,438.68
732.27,365.87,733.17,362.33
730.85,363.08,733.17,362.33
732.80,360.00,733.17,362.33
799.40,369.39,800.90,369.75
822.26,422.53,821.71,422.04
777.23,363.94,777.38,363.92
730.37,360.00,732.80,360.00
793.28,382.76,793.67,382.43
832.28,341.71,818.03,342.34
733.17,357.67,732.80,360.00
818.15,379.28,817.61,378.49
734.24,355.56,733.17,357.67
735.91,353.89,734.24,355.56
817.59,393.66,817.52,395.79
732.27,354.13,735.91,353.89
800.42,399.06,800.34,397.99
738.02,352.82,735.91,353.89
797.97,368.79,799.40,369.39
824.94,441.60,824.26,442.10
824.72,342.46,825.38,342.73
734.48,351.92,738.02,352.82
741.25,354.87,740.35,352.45
742.68,352.82,741.25,354.87
802.98,391.02,802.84,391.16
742.83,355.12,742.68,352.82
746.45,355.56,744.26,355.85
745.39,356.99,746.45,355.56
747.52,357.67,745.39,356.99
822.89,398.19,822.67,395.64
746.12,358.41,747.52,357.67
747.89,360.00,746.12,358.41
746.37,360.00,747.89,360.00
747.52,362.33,746.37,360.00
823.32,397.96,823.16,395.89
746.12,361.58,747.52,362.33
823.45,400.54,823.66,400.38
746.45,364.43,746.12,361.58
745.39,363.01,746.12,361.58
745.39,363.01,746.45,364.43
822.07,394.98,822.62,395.55
744.26,364.15,744.78,366.10
742.83,364.88,744.26,364.15
742.83,364.88,742.68,367.18
830.00,355.76,828.63,359.57
741.25,365.13,740.35,367.55
800.83,309.04,806.17,318.83
818.18,382.24,817.74,383.18
738.02,367.18,741.25,365.13
825.88,358.37,825.90,358.21
817.57,381.54,817.24,382.24
823.16,400.70,823.06,401.20
739.66,364.88,738.02,367.18
817.88,380.57,817.68,381.39
735.91,366.10,739.66,364.88
817.78,380.66,817.57,381.54
800.64,400.02,800.27,400.65
738.23,364.15,735.91,366.10
817.68,381.39,817.88,380.57
787.97,351.84,786.98,353.73
734.24,364.43,738.23,364.15
799.66,398.00,799.72,397.00
783.93,353.75,785.99,355.71
737.10,363.01,734.24,364.43
799.33,398.02,799.37,397.34
733.17,362.33,737.10,363.01
823.32,397.96,822.97,395.72
736.37,361.58,733.17,362.33
732.80,360.00,736.37,361.58
823.60,400.36,823.32,397.96
736.12,360.00,732.80,360.00
733.17,357.67,736.12,360.00
736.37,358.41,733.17,357.67
734.24,355.56,736.37,358.41
802.48,413.77,802.70,413.71
823.94,396.30,823.44,395.51
735.91,353.89,734.24,355.56
800.35,332.26,799.66,333.77
823.81,400.00,823.58,397.92
737.10,356.99,734.24,355.56
798.59,396.72,799.30,393.57
802.24,414.47,802.70,415.23
822.27,394.84,823.01,395.02
739.66,355.12,741.25,354.87
740.35,352.45,741.25,354.87
826.92,324.09,827.06,324.16
738.02,352.82,740.35,352.45
738.23,355.85,735.91,353.89
739.66,355.12,738.23,355.85
738.02,352.82,739.66,355.12
740.35,350.02,743.66,349.98
777.17,382.20,777.77,378.09
828.20,440.91,828.38,440.93
824.70,412.64,824.52,412.34
740.35,350.02,743.43,350.51
814.31,412.92,820.66,445.37
828.02,330.65,828.97,331.24
740.40,349.46,743.66,349.98
826.04,427.09,825.96,425.67
740.55,349.05,744.19,349.44
823.41,400.31,823.05,398.22
743.66,349.98,743.43,350.51
800.57,328.35,800.77,327.87
763.47,377.87,763.15,377.92
746.60,351.47,743.43,350.51
791.52,380.77,791.82,380.77
767.82,383.48,766.63,382.54
823.64,395.96,823.32,395.84
767.11,382.45,766.90,382.11
823.01,395.02,823.64,395.96
793.22,358.30,793.31,358.70
763.47,377.87,763.15,377.56
746.60,351.47,743.66,349.98
768.49,382.53,768.27,382.20
822.54,394.84,823.01,395.02
793.89,358.35,793.97,358.73
747.28,351.02,744.19,349.44
746.99,351.14,743.94,349.59
822.38,395.79,822.62,395.55
746.60,351.47,746.21,351.92
797.24,332.10,797.94,332.30
748.93,353.80,746.21,351.92
767.93,382.39,767.43,378.14
821.77,394.65,822.54,394.84
766.44,383.77,768.88,384.23
748.42,354.13,746.21,351.92
748.93,353.80,746.60,351.47
823.81,400.06,823.48,400.76
749.74,353.47,747.28,351.02
746.99,351.14,747.28,351.02
824.20,399.45,823.81,400.06
767.76,383.86,765.23,383.07
749.41,353.56,746.99,351.14
824.09,398.17,824.00,397.16
750.42,356.74,748.42,354.13
767.11,382.45,766.90,382.11
823.41,398.17,824.00,397.16
823.97,399.94,824.20,399.45
749.84,356.91,748.42,354.13
750.42,356.74,748.93,353.80
749.41,353.56,749.74,353.47
819.45,389.36,819.30,389.53
766.90,382.11,766.30,378.02
823.78,396.24,824.00,397.16
751.32,356.57,749.41,353.56
750.94,360.00,749.84,356.91
750.94,360.00,750.42,356.74
823.06,401.20,822.32,401.38
751.86,360.00,751.32,356.57
750.96,356.62,751.32,356.57
817.79,391.08,800.44,391.08
816.62,332.36,816.59,332.00
823.06,398.08,823.45,400.54
823.58,397.92,823.25,395.86
827.60,331.61,827.54,331.24
751.86,360.00,750.96,356.62
767.67,378.09,767.56,377.72
748.10,355.04,746.49,354.79
823.48,397.94,823.25,395.86
751.50,360.00,750.96,356.62
803.12,398.81,803.07,400.73
816.83,382.67,817.24,382.24
809.35,381.85,818.29,382.35
750.94,360.00,750.33,360.00
815.68,389.19,814.61,389.19
822.89,398.19,823.27,400.58
763.48,377.51,763.59,377.37
750.42,363.26,750.33,360.00
816.55,388.76,814.61,389.19
820.83,395.26,821.66,395.42
749.84,363.08,750.33,360.00
763.48,377.51,764.50,377.42
750.42,363.26,750.94,360.00
751.32,363.43,751.86,360.00
751.50,360.00,751.86,360.00
750.96,363.38,751.50,360.00
750.42,363.26,749.84,363.08
748.93,366.19,749.84,363.08
821.66,395.42,822.70,396.24
748.42,365.87,749.84,363.08
748.93,366.19,750.42,363.26
820.49,396.00,821.33,396.12
749.74,366.53,751.32,363.43
750.96,363.38,751.32,363.43
749.41,366.43,750.96,363.38
748.93,366.19,748.42,365.87
823.35,400.33,822.59,401.32
767.76,383.86,768.88,384.23
746.21,368.07,748.42,365.87
822.12,401.14,821.33,401.32
747.28,368.98,749.74,366.53
824.92,342.99,825.20,342.89
801.46,381.44,802.91,381.52
749.41,366.43,749.74,366.53
824.11,353.11,823.51,353.11
742.27,363.06,743.43,364.21
822.93,398.21,822.51,395.81
767.64,384.11,766.54,383.16
746.99,368.86,749.41,366.43
746.60,368.52,746.21,368.07
743.66,370.02,746.60,368.52
820.27,396.94,821.12,397.00
744.19,370.56,747.28,368.98
746.99,368.86,747.28,368.98
743.94,370.41,746.99,368.86
806.70,324.37,809.56,324.16
743.66,370.02,743.43,369.49
764.54,377.99,764.77,377.94
740.40,370.54,743.43,369.49
823.03,400.20,822.12,401.14
826.92,355.79,827.45,354.38
740.35,369.98,743.43,369.49
825.56,355.84,824.87,359.58
764.54,377.99,764.66,377.57
740.40,370.54,743.66,370.02
821.70,400.65,820.88,400.80
740.76,371.10,744.19,370.56
806.23,324.14,804.55,320.08
743.94,370.41,744.19,370.56
740.55,370.95,743.94,370.41
740.40,370.54,740.35,369.98
737.15,370.02,740.35,369.98
737.26,369.49,740.35,369.98
737.15,370.02,740.40,370.54
820.20,397.99,821.06,398.00
737.33,370.56,740.76,371.10
823.41,398.17,823.32,397.11
823.97,399.94,823.81,400.06
824.59,325.45,825.16,325.83
740.55,370.95,740.76,371.10
737.17,370.41,740.55,370.95
737.15,370.02,737.26,369.49
734.21,368.52,737.26,369.49
829.95,361.37,822.38,358.65
822.73,399.86,821.70,400.65
734.48,368.07,737.26,369.49
823.06,401.20,822.76,400.92
734.21,368.52,737.15,370.02
782.26,363.13,782.20,363.13
824.39,398.14,824.00,397.16
821.36,399.91,820.52,400.02
734.23,368.98,737.33,370.56
821.14,399.00,821.36,399.91
734.12,368.86,737.17,370.41
734.21,368.52,734.48,368.07
823.48,397.94,823.68,400.19
731.88,366.19,734.48,368.07
820.29,399.06,821.14,399.00
790.65,376.29,792.79,376.29
814.86,389.90,813.79,389.90
822.59,401.32,822.32,401.38
731.88,366.19,734.21,368.52
821.06,398.00,822.28,398.02
827.89,325.65,828.01,325.69
734.12,368.86,734.23,368.98
821.14,399.00,821.06,398.00
764.50,377.42,763.27,377.42
731.69,366.43,734.12,368.86
731.88,366.19,732.27,365.87
820.49,396.00,820.83,395.26
730.38,363.26,732.27,365.87
803.51,419.34,804.31,419.69
821.33,396.12,820.83,395.26
821.36,399.91,821.14,399.00
730.85,363.08,732.27,365.87
769.34,377.66,769.22,377.80
822.50,399.35,821.36,399.91
730.38,363.26,731.88,366.19
824.34,398.84,824.09,398.17
769.02,377.71,768.90,377.85
822.34,398.72,822.50,399.35
730.20,363.43,731.77,366.53
731.69,366.43,731.77,366.53
730.38,363.26,730.85,363.08
819.84,439.39,817.08,421.60
729.86,360.00,730.38,363.26
812.86,441.88,819.84,439.39
729.65,360.00,730.20,363.43
730.14,363.38,730.20,363.43
823.64,395.96,823.94,396.30
767.69,384.35,766.38,383.60
729.65,360.00,730.14,363.38
810.94,361.26,811.51,361.44
823.01,395.02,823.94,396.30
767.64,384.11,766.38,383.60
729.60,360.00,730.14,363.38
729.86,360.00,730.37,360.00
824.03,424.27,826.27,421.60
730.85,356.91,730.37,360.00
811.55,359.05,811.51,358.57
796.91,370.27,799.26,366.64
822.54,394.84,822.27,394.84
826.81,441.88,824.03,424.27
797.69,371.51,799.40,369.39
823.41,360.91,823.41,355.87
730.38,356.74,729.86,360.00
829.09,439.39,826.81,441.88
730.20,356.57,729.65,360.00
773.72,384.70,772.86,385.03
815.04,344.05,815.75,344.94
730.14,356.62,729.60,360.00
730.38,356.74,730.85,356.91
826.27,421.60,817.08,421.60
732.27,354.13,730.85,356.91
829.09,439.39,826.27,421.60
731.88,353.80,730.38,356.74
818.91,379.71,821.20,378.29
819.84,439.39,829.09,439.39
731.77,353.47,730.20,356.57
730.14,356.62,730.20,356.57
820.71,414.57,820.62,415.32
820.59,413.80,820.71,414.57
734.23,351.02,731.77,353.47
731.69,353.56,731.77,353.47
820.29,413.30,820.59,413.80
734.12,351.14,731.69,353.56
734.21,351.47,734.48,351.92
791.52,380.88,791.52,380.77
826.02,333.38,826.45,333.82
737.26,350.51,734.48,351.92
794.30,339.97,794.74,340.38
737.15,349.98,734.21,351.47
734.12,351.14,734.23,351.02
803.71,378.98,804.05,378.99
764.21,377.47,764.54,377.99
737.33,349.44,734.12,351.14
803.78,378.03,804.05,378.99
761.33,369.80,762.06,369.82
821.36,399.91,821.70,400.65
820.69,420.08,820.40,419.58
764.42,377.63,764.54,377.99
827.41,333.76,826.93,333.95
737.17,349.59,734.12,351.14
740.40,349.46,740.35,350.02
737.15,349.98,740.40,349.46
820.29,399.06,821.36,399.91
737.26,350.51,737.15,349.98
788.19,379.21,788.18,379.91
740.76,348.89,740.55,349.05
821.14,399.00,822.28,398.02
831.00,381.21,832.59,381.29
821.33,396.12,821.66,395.42
737.17,349.59,737.33,349.44
805.49,347.64,807.35,348.77
826.22,427.16,828.38,440.93
821.92,438.49,829.76,438.49
785.42,347.86,740.76,348.89
825.50,431.68,825.21,432.11
831.03,440.03,828.68,422.74
823.22,427.67,822.75,428.46
737.33,349.44,740.76,348.89
794.50,366.22,824.96,366.72
821.18,418.39,820.27,418.81
797.34,355.58,801.08,354.69
789.37,347.23,744.19,349.44
794.50,366.22,823.73,366.58
827.75,327.80,828.06,328.61
821.18,418.39,820.37,418.06
829.61,438.93,829.76,438.49
781.36,377.54,781.11,377.77
789.37,347.23,740.76,348.89
769.02,377.71,769.22,377.80
822.34,398.72,821.36,399.91
744.19,349.44,740.76,348.89
803.38,344.77,798.89,344.95
747.28,351.02,744.19,349.44
796.87,349.67,747.28,351.02
803.22,344.71,798.76,344.89
749.74,353.47,747.28,351.02
799.70,352.49,751.32,356.57
799.70,352.49,749.74,353.47
729.86,360.00,730.85,363.08
812.86,441.88,817.08,421.60
751.86,360.00,751.32,356.57
810.94,361.26,811.55,360.95
823.01,395.02,823.44,395.51
751.32,363.43,751.86,360.00
801.51,363.94,749.74,366.53
801.51,363.94,751.32,363.43
799.70,367.50,749.74,366.53
822.54,394.84,823.01,395.02
730.38,356.74,730.37,360.00
747.28,368.98,749.74,366.53
817.58,444.93,818.62,444.48
802.68,394.29,802.02,392.78
789.14,380.90,792.34,380.06
796.87,370.33,744.19,370.56
789.14,380.90,789.15,380.06
796.87,370.33,747.28,368.98
810.94,358.74,811.51,358.57
821.77,394.65,822.27,394.84
829.09,439.39,824.03,424.27
821.66,360.75,821.90,360.67
744.19,370.56,747.28,368.98
813.38,358.11,812.43,359.05
793.31,372.14,740.76,371.10
821.52,360.59,821.73,360.52
740.76,371.10,744.19,370.56
731.88,353.80,730.85,356.91
785.42,372.14,734.23,368.98
785.42,372.14,737.33,370.56
818.91,379.71,818.81,378.29
819.84,439.39,826.27,421.60
768.57,375.49,768.41,375.74
779.04,367.50,731.77,366.53
792.71,360.59,792.91,360.52
730.20,363.43,731.77,366.53
823.35,400.33,823.41,400.31
777.23,363.94,729.65,360.00
811.25,422.36,813.91,421.49
768.67,375.10,768.57,375.49
777.23,363.94,730.20,363.43
766.30,377.66,766.42,377.51
734.21,351.47,732.27,354.13
825.67,332.67,825.54,332.67
801.16,362.04,798.81,355.34
822.18,448.49,819.47,445.35
811.08,406.79,808.82,407.59
768.71,374.64,768.67,375.10
776.60,360.00,730.20,356.57
730.20,356.57,729.65,360.00
777.23,356.05,731.77,353.47
825.29,344.26,813.41,344.90
777.23,356.05,730.20,356.57
731.77,353.47,730.20,356.57
779.04,352.49,731.77,353.47
822.93,337.97,820.74,344.39
734.23,351.02,731.77,353.47
748.42,365.87,746.45,364.43
781.86,349.67,737.33,349.44
821.66,395.42,822.07,394.98
769.30,383.97,768.07,383.26
817.86,427.08,819.69,440.91
827.34,355.79,825.99,359.58
826.21,424.44,826.44,424.02
781.86,349.67,734.23,351.02
803.67,344.43,820.30,344.77
737.33,349.44,734.23,351.02
793.61,349.25,790.11,348.69
828.25,421.49,827.83,422.14
789.45,347.30,790.11,348.69
830.24,381.44,830.77,381.44
796.76,350.85,793.61,349.25
824.74,425.71,824.87,426.49
799.26,353.35,796.76,350.85
800.87,356.50,799.26,353.35
807.03,411.12,807.34,410.67
801.52,356.08,799.26,353.35
796.55,342.41,795.86,342.19
737.17,349.59,737.15,349.98
801.42,360.00,800.87,356.50
802.15,360.00,800.87,356.50
800.87,363.49,801.42,360.00
807.02,412.65,806.91,411.88
802.15,360.00,801.42,360.00
799.26,366.64,800.87,363.49
796.76,369.15,799.26,366.64
793.32,380.44,792.81,380.43
814.77,346.92,814.99,347.40
804.94,424.07,804.63,424.50
793.61,370.75,790.11,371.31
786.62,370.75,790.11,371.31
813.36,308.40,813.54,308.76
785.53,372.07,790.11,371.31
783.47,369.15,786.62,370.75
780.97,366.64,783.47,369.15
779.36,363.49,780.97,366.64
779.18,367.46,780.97,366.64
778.81,360.00,779.36,363.49
780.97,353.35,779.36,356.50
764.22,383.45,764.79,383.49
806.43,423.22,806.81,423.26
829.23,360.72,828.79,357.54
806.23,431.34,806.34,432.13
777.38,356.08,779.36,356.50
783.47,350.85,780.97,353.35
789.45,347.30,793.37,347.92
816.42,331.68,816.16,331.42
796.91,349.73,793.37,347.92
804.41,332.93,804.73,333.02
793.31,347.86,793.37,347.92
812.89,336.33,819.00,337.89
817.10,330.57,816.42,331.68
796.87,349.67,793.31,347.86
814.79,331.42,814.53,331.68
801.51,356.05,799.70,352.49
802.15,360.00,801.52,356.08
801.51,356.05,801.52,356.08
822.28,398.02,822.33,397.34
802.15,360.00,801.51,356.05
814.79,333.31,815.11,333.48
801.52,363.92,802.15,360.00
801.52,363.92,802.13,360.00
822.50,399.35,821.70,400.65
799.72,367.46,801.51,363.94
799.70,367.50,799.72,367.46
816.16,333.31,816.42,333.05
824.89,334.85,826.39,332.81
793.37,372.07,796.91,370.27
796.87,370.33,796.91,370.27
824.89,334.85,825.69,332.58
793.37,372.07,796.87,370.33
814.36,332.00,814.02,329.84
770.42,384.33,771.81,384.43
789.45,372.69,793.37,372.07
793.31,372.14,793.37,372.07
814.36,332.00,814.30,332.37
789.45,372.69,793.31,372.14
789.45,372.69,789.37,372.77
816.65,332.37,817.10,335.51
785.53,372.07,789.45,372.69
789.37,372.77,789.45,372.69
785.53,372.07,789.37,372.77
771.86,383.29,773.09,382.53
828.06,334.85,827.37,332.32
785.42,372.14,785.53,372.07
802.33,321.12,807.44,319.71
834.99,355.72,828.23,359.56
781.99,370.27,785.42,372.14
779.18,367.46,781.99,370.27
781.86,370.33,781.99,370.27
779.18,367.46,781.86,370.33
779.04,367.50,781.86,370.33
777.38,363.92,779.18,367.46
779.04,367.50,779.18,367.46
794.60,385.75,793.30,382.89
777.38,363.92,779.04,367.50
793.06,382.99,793.30,382.89
777.23,363.94,779.04,367.50
825.20,339.26,825.45,339.52
783.05,377.84,782.91,378.34
776.75,360.00,777.38,363.92
817.10,330.57,815.84,331.25
811.08,406.79,813.39,406.28
776.75,360.00,777.23,363.94
776.60,360.00,776.75,360.00
779.18,352.54,777.38,356.08
779.18,352.54,777.23,356.05
781.99,349.73,779.18,352.54
781.99,349.73,779.04,352.49
781.86,349.67,781.99,349.73
814.02,335.51,815.11,333.48
785.53,347.92,789.45,347.30
785.42,347.86,785.53,347.92
798.97,325.49,798.77,325.39
810.37,337.32,808.56,335.94
783.80,351.20,781.39,353.61
828.86,444.22,828.44,444.48
783.80,351.20,780.97,353.35
779.36,356.50,780.97,353.35
814.02,329.84,814.02,335.51
779.36,356.50,781.39,353.61
778.81,360.00,779.36,356.50
779.85,356.64,779.36,356.50
778.81,360.00,779.85,356.64
816.59,332.73,816.42,333.05
779.32,360.00,779.85,356.64
830.44,331.68,830.27,332.00
801.43,347.90,803.32,348.05
779.85,363.36,779.32,360.00
779.85,363.36,779.36,363.49
803.25,347.97,805.11,348.42
780.97,366.64,779.85,363.36
805.53,349.07,807.17,350.07
786.62,370.75,783.47,369.15
805.39,333.82,805.84,334.08
786.62,370.75,783.80,368.79
815.85,396.72,798.59,396.72
804.94,381.75,804.58,381.32
790.19,370.87,786.83,370.34
804.28,381.52,803.69,382.96
796.76,369.15,793.61,370.75
796.76,369.15,793.55,370.34
799.06,393.46,800.22,390.93
798.98,366.39,796.58,368.79
800.87,363.49,799.26,366.64
792.84,382.07,792.62,382.72
801.42,360.00,800.53,363.36
791.98,382.36,792.62,382.72
830.27,332.73,829.76,335.51
801.06,360.00,800.53,363.36
800.87,356.50,801.06,360.00
811.33,386.94,827.58,389.46
800.53,356.64,801.06,360.00
799.26,353.35,800.53,356.64
798.98,353.61,799.26,353.35
796.76,350.85,798.98,353.61
817.10,335.51,814.02,335.51
824.89,329.02,825.42,330.90
793.61,349.25,796.58,351.20
828.06,334.85,826.39,332.81
793.55,349.66,793.61,349.25
817.94,379.67,817.78,380.66
829.76,330.57,831.02,331.25
790.11,348.69,793.55,349.66
783.80,351.20,786.83,349.66
781.25,378.30,781.24,377.93
828.47,423.62,828.68,422.74
783.47,350.85,783.80,351.20
808.91,356.87,808.81,356.87
808.36,356.87,808.91,356.87
808.94,356.87,808.91,356.87
782.26,363.13,782.44,363.13
782.70,364.21,782.44,363.13
781.21,366.57,782.35,367.91
782.62,356.87,782.40,357.87
808.05,351.17,811.27,351.10
783.83,356.08,783.37,358.01
809.03,362.13,807.97,363.92
809.14,445.78,807.69,445.67
808.43,361.98,807.97,363.92
805.67,417.18,806.48,416.90
804.92,389.90,803.62,390.83
821.01,414.50,820.64,413.77
793.72,349.36,795.06,350.43
795.89,362.38,796.72,363.41
800.34,372.99,801.66,371.30
805.94,369.73,809.00,369.81
808.81,356.87,808.91,356.87
807.06,430.83,807.20,430.08
806.47,308.43,806.17,318.83
797.33,372.03,797.45,372.11
789.33,377.77,789.25,378.25
794.60,349.19,792.97,350.18
824.06,422.83,823.78,423.26
800.31,346.19,810.21,346.92
808.68,364.25,808.94,363.13
805.34,381.91,806.88,381.59
781.66,362.15,782.20,363.13
821.78,426.81,822.06,426.38
781.66,362.15,781.90,363.13
781.49,360.00,781.99,362.15
808.56,356.87,808.79,357.85
782.24,360.00,781.82,360.00
806.91,411.88,807.03,411.12
782.40,357.87,782.24,360.00
781.90,356.87,781.99,357.85
782.26,356.87,782.62,356.87
782.62,356.87,782.44,356.87
801.28,327.60,813.52,327.60
792.34,380.06,789.15,380.06
808.36,363.13,808.81,363.13
802.99,415.72,802.70,415.23
773.28,377.92,771.87,377.64
808.58,362.15,808.36,363.13
773.09,377.69,771.87,377.64
809.03,362.13,808.36,363.13
805.83,414.04,805.53,414.48
808.58,362.15,808.36,363.13
801.28,327.60,813.18,327.62
821.53,369.10,821.49,368.93
808.58,362.15,808.56,363.13
805.84,412.51,805.95,413.29
778.12,385.38,779.11,385.47
808.74,360.00,808.58,362.15
778.04,385.13,779.11,385.47
809.19,360.00,808.58,362.15
775.46,383.99,774.64,382.93
805.16,411.98,805.54,412.01
815.38,344.44,815.55,344.40
816.65,332.37,817.10,330.57
808.74,360.00,808.58,362.15
797.46,334.53,797.02,333.57
772.24,384.17,773.37,384.53
808.74,360.00,808.79,362.15
812.40,355.73,811.63,356.21
801.46,381.44,791.52,380.88
804.41,367.60,805.58,367.32
773.77,384.27,772.24,384.17
808.58,357.85,808.74,360.00
823.86,339.80,823.43,340.19
809.03,357.87,809.19,360.00
819.20,338.97,820.19,338.74
808.58,357.85,808.96,360.00
799.72,352.54,799.26,353.35
781.99,357.85,781.82,360.00
794.00,359.15,793.97,359.57
808.79,357.85,808.36,356.87
786.81,370.64,789.09,373.34
806.83,366.70,808.71,367.14
795.87,341.72,796.48,341.48
819.39,341.49,820.07,341.49
805.74,367.15,808.71,367.14
805.29,368.74,805.46,367.67
772.11,377.86,772.44,377.81
807.84,366.08,806.83,366.70
822.81,341.48,822.22,342.13
773.28,377.92,772.11,377.86
803.42,367.52,806.39,367.51
781.99,370.27,786.62,370.75
805.58,367.32,805.74,367.15
800.37,364.15,800.40,364.55
804.41,367.60,805.74,367.15
773.46,378.08,773.70,378.03
762.06,369.82,763.57,371.05
804.60,367.43,805.74,367.15
822.82,340.17,822.50,340.30
807.73,366.22,807.84,366.08
830.07,387.50,827.97,387.35
799.31,333.69,798.74,332.44
808.74,365.32,811.70,365.31
799.57,337.38,799.70,335.50
807.98,323.64,808.24,323.78
807.71,366.53,806.70,366.85
803.42,367.52,806.39,367.51
804.41,367.60,804.60,367.43
809.41,438.52,809.72,439.04
808.65,365.44,808.74,365.32
809.50,364.42,808.74,365.32
810.12,363.41,812.47,364.41
808.65,365.44,807.73,366.22
807.71,366.53,808.65,365.44
794.70,337.41,794.82,335.61
817.92,325.48,817.48,325.39
807.85,367.43,806.63,367.19
808.66,417.15,808.35,417.59
805.03,327.83,805.48,327.28
808.79,357.85,808.96,360.00
799.36,324.57,799.31,324.13
807.85,367.43,806.62,368.18
818.57,379.71,818.47,381.04
806.86,437.30,806.55,437.73
817.33,324.20,817.92,323.78
802.97,368.07,804.41,367.60
802.97,368.07,803.21,367.69
772.54,383.56,773.77,384.27
804.41,367.60,803.21,367.69
817.88,378.75,817.94,379.67
800.30,395.84,800.25,395.86
808.70,440.43,809.01,440.95
818.04,325.02,817.89,325.35
803.21,367.69,803.42,367.52
819.63,442.05,828.17,442.05
825.78,340.46,825.82,341.05
820.80,337.26,823.00,333.69
817.85,379.67,817.78,380.66
806.98,436.55,806.86,437.30
805.46,367.67,806.63,367.19
796.59,385.63,775.47,384.21
801.50,369.14,802.46,369.20
805.46,367.67,806.62,368.18
763.38,369.89,763.38,370.69
807.97,417.55,808.35,417.59
806.87,435.77,806.98,436.55
805.29,368.74,806.62,368.18
807.30,430.76,807.42,430.00
808.67,365.70,808.65,365.44
804.44,329.74,804.65,328.80
807.85,367.43,806.62,368.18
822.76,400.92,823.81,400.06
789.45,372.69,790.11,371.31
822.16,341.72,821.52,341.53
797.24,337.26,798.03,342.76
823.17,340.59,823.31,340.26
807.36,309.86,807.37,318.84
808.25,367.98,806.93,368.79
820.89,382.38,820.42,383.37
795.18,333.98,795.74,332.65
801.10,367.15,802.98,366.69
799.40,369.39,799.61,368.74
781.90,363.13,782.26,363.13
800.83,367.32,802.24,367.43
805.58,428.46,805.27,428.90
814.02,329.84,817.10,330.57
805.70,427.72,805.58,428.46
820.80,337.26,823.39,338.92
829.16,386.94,809.97,383.57
817.69,325.49,817.48,325.39
817.91,371.38,831.00,369.38
809.73,303.99,810.02,306.35
819.21,332.65,819.96,331.78
802.97,368.07,802.00,367.60
803.40,369.14,802.97,368.07
803.89,369.07,805.29,368.74
801.95,400.76,801.24,400.38
800.34,324.66,813.70,324.66
806.93,368.79,806.62,368.18
810.06,363.49,810.57,362.32
814.96,380.99,815.10,381.59
804.59,428.34,804.90,428.85
810.06,363.49,810.12,363.41
810.85,361.18,813.53,362.32
807.76,427.24,807.45,427.68
809.50,364.74,810.06,363.49
795.74,332.65,796.45,331.78
808.67,365.70,808.94,366.49
818.28,325.73,818.02,325.60
809.43,366.97,808.25,367.98
819.96,331.78,820.80,331.43
807.85,367.43,808.25,367.98
818.10,337.41,818.23,335.61
800.01,366.70,801.98,366.07
801.71,367.97,802.00,367.60
801.50,369.14,802.97,368.07
799.81,337.10,799.68,335.30
779.89,384.85,778.95,384.93
802.46,369.20,802.97,368.07
829.66,344.55,829.75,344.49
792.73,368.93,801.26,369.14
801.50,369.14,802.46,369.20
833.64,378.82,827.63,378.70
804.55,320.08,802.78,321.23
803.89,369.07,805.29,368.74
803.99,369.75,805.29,368.74
827.97,386.31,827.84,387.17
823.39,335.30,823.00,333.69
805.50,369.39,805.29,368.74
803.99,369.75,805.50,369.39
800.60,328.36,800.27,328.39
817.28,324.64,817.33,325.08
810.52,362.38,810.85,361.18
818.11,449.50,819.55,449.39
800.27,333.12,800.23,333.32
810.85,361.18,810.57,362.32
821.07,448.96,819.54,449.31
825.90,358.06,825.90,358.21
749.84,356.91,747.52,357.67
800.60,333.17,800.27,333.12
813.90,360.00,813.81,361.17
818.11,449.50,819.54,449.31
812.21,365.49,811.83,363.05
822.53,432.74,822.40,431.96
810.85,361.18,813.81,361.17
811.19,367.16,812.21,365.49
810.52,362.38,810.06,363.49
825.60,415.60,825.04,415.11
831.41,331.25,831.07,331.30
810.92,354.49,811.65,356.25
822.83,321.38,818.28,323.48
810.64,362.49,810.06,363.49
814.20,341.44,813.86,341.53
810.16,363.66,809.50,364.74
818.23,335.61,818.61,333.98
809.50,364.74,809.88,365.40
794.82,339.19,794.70,337.41
809.43,366.97,808.94,366.49
792.87,351.44,796.68,352.04
781.86,370.33,731.77,366.53
807.44,388.64,808.52,388.64
810.64,357.51,810.06,356.51
806.92,370.78,808.25,367.98
828.47,444.67,828.86,444.22
801.08,365.31,801.98,366.07
803.73,330.06,803.73,329.99
816.71,336.99,828.16,344.31
825.22,331.61,825.19,331.61
791.50,380.35,790.90,380.35
799.71,366.85,800.01,366.70
768.96,384.74,771.19,384.91
796.98,395.84,796.87,395.75
800.32,355.59,799.70,356.59
798.68,366.22,800.01,366.70
799.00,366.08,800.01,366.70
795.18,340.79,794.82,339.19
779.38,383.78,780.11,382.73
803.40,369.14,802.46,369.20
802.29,369.20,803.40,369.14
823.00,340.58,823.39,338.92
803.24,369.13,803.40,369.14
800.34,324.66,799.93,328.18
818.23,339.19,818.10,337.41
802.29,369.20,803.24,369.13
793.37,372.07,796.76,369.15
795.74,342.04,795.18,340.79
803.99,369.75,803.89,369.07
798.97,400.19,798.88,400.13
793.14,379.16,792.77,379.81
822.16,337.26,820.94,340.93
805.03,333.61,804.68,332.84
821.48,342.41,822.22,342.13
808.74,365.32,810.81,366.07
803.40,369.14,803.99,369.75
822.08,368.93,823.53,369.37
818.61,340.79,818.23,339.19
803.40,369.14,803.40,369.79
803.40,369.79,803.40,369.14
808.98,425.53,809.02,427.16
798.97,324.61,798.97,325.49
779.87,373.22,779.75,373.33
805.50,369.39,806.93,368.79
809.69,425.67,809.02,427.16
806.92,370.78,806.93,368.79
808.36,439.72,808.24,439.67
809.73,303.99,810.65,306.23
792.91,360.52,793.08,360.32
810.94,360.00,810.80,361.20
820.80,337.26,818.10,337.41
811.71,422.97,814.22,422.14
810.64,362.49,810.52,362.38
818.57,379.71,818.47,381.04
807.39,371.16,808.64,368.67
810.80,361.20,810.52,362.38
795.90,360.00,798.98,358.83
817.71,335.51,813.43,335.51
793.40,358.57,793.36,359.05
810.64,362.49,810.16,363.66
794.30,355.84,793.74,357.17
811.18,362.84,810.63,364.17
814.92,303.99,815.21,304.23
809.50,364.42,812.47,364.41
810.16,363.66,810.63,364.17
814.31,412.92,816.58,412.44
810.63,364.17,809.88,365.40
794.90,337.42,799.15,337.42
811.24,364.48,809.88,365.40
797.63,343.36,798.12,325.60
811.24,364.48,810.43,365.80
809.88,365.40,810.43,365.80
826.04,427.09,828.20,440.91
808.54,369.79,808.25,367.98
824.34,365.77,825.24,368.10
826.21,424.44,825.96,425.67
820.56,445.86,823.72,444.58
806.70,307.66,809.17,304.60
798.10,365.32,801.08,365.31
810.86,448.96,807.05,445.35
817.86,427.08,828.20,440.91
798.10,365.32,799.00,366.08
817.82,446.33,820.66,445.37
825.56,355.84,824.87,359.58
800.48,367.67,800.83,367.32
800.48,367.67,799.71,366.85
801.71,367.97,800.48,367.67
799.15,337.42,799.28,335.51
801.01,369.07,799.61,368.74
802.29,369.20,802.46,369.20
801.50,369.14,802.29,369.20
801.50,369.14,801.34,369.13
801.50,369.79,801.50,369.14
801.34,370.14,801.34,369.13
800.32,328.41,813.71,328.41
817.83,325.21,818.02,325.60
801.50,369.14,801.34,370.14
820.45,404.11,821.41,405.13
784.09,378.03,783.96,377.87
801.50,369.14,801.50,369.79
819.54,334.35,820.48,334.74
781.99,357.85,782.24,360.00
808.79,357.85,808.56,356.87
793.14,360.09,800.12,361.71
798.08,324.65,798.63,324.20
817.80,392.03,816.92,391.44
803.32,371.95,803.99,369.75
810.57,357.68,813.53,357.68
809.99,423.17,810.56,423.70
810.57,357.68,813.81,358.83
810.94,361.26,810.80,361.20
788.41,380.49,788.26,380.38
817.96,395.70,820.65,393.99
806.72,327.91,807.05,328.61
827.50,404.50,823.63,405.31
810.48,365.32,809.89,367.21
810.90,360.00,810.80,361.20
819.38,380.86,819.00,381.22
811.18,362.84,810.63,364.17
823.10,339.05,823.16,338.68
828.04,332.66,827.67,333.48
803.90,350.96,805.29,351.29
811.83,363.05,811.24,364.48
809.98,368.55,810.43,365.80
809.87,324.41,809.56,324.16
808.50,369.85,809.98,368.55
795.87,337.26,794.73,333.73
805.90,444.58,802.25,412.44
797.57,362.97,800.95,362.85
829.79,361.71,829.70,361.88
808.50,369.85,805.62,370.81
797.34,364.42,799.70,363.41
800.78,401.45,800.36,400.49
797.77,365.44,798.10,365.32
788.57,356.25,789.76,356.24
821.30,379.71,821.20,381.12
805.42,432.52,805.91,433.30
824.82,427.12,824.64,426.82
796.98,364.52,798.10,365.32
812.00,423.32,828.11,423.32
817.56,377.77,817.77,378.68
797.34,364.42,798.10,365.32
810.49,424.05,812.00,423.32
819.62,338.87,819.43,338.25
817.68,377.92,817.88,378.75
803.22,344.71,797.65,343.51
798.68,366.22,799.71,366.85
799.61,368.74,800.48,367.67
828.36,325.59,827.38,324.41
776.51,384.75,778.02,384.85
801.34,370.14,801.34,369.13
798.59,396.72,815.85,396.72
782.33,382.67,782.55,378.33
802.29,369.20,801.34,369.13
830.58,343.01,829.49,344.01
828.36,325.59,827.06,324.16
808.67,365.70,807.71,366.53
782.55,378.33,784.09,378.03
801.34,370.14,802.29,369.20
816.08,379.09,815.94,379.68
805.87,437.15,805.76,436.37
808.94,366.49,807.71,366.53
777.70,382.82,777.99,382.51
822.16,337.26,824.16,338.53
784.09,378.41,784.09,378.03
802.29,370.22,802.29,369.20
782.55,378.33,782.66,377.96
801.34,370.14,802.29,370.22
830.77,381.44,832.32,381.52
799.54,371.95,801.50,369.79
818.29,382.35,818.70,382.24
821.04,414.98,820.62,415.32
802.25,412.44,802.97,412.92
823.01,413.22,823.05,413.70
793.20,360.95,793.36,360.95
825.94,327.26,826.47,327.04
813.33,327.52,800.79,327.52
801.43,372.10,802.29,370.22
823.89,341.77,824.07,341.71
804.05,378.99,804.11,379.87
817.51,321.87,822.79,321.23
803.24,370.14,802.29,370.22
765.45,370.89,763.43,370.83
821.02,414.09,820.59,413.80
827.02,337.55,826.94,338.88
793.36,360.95,792.68,360.95
817.51,343.36,818.02,325.60
825.47,327.81,825.94,327.26
805.11,371.58,805.17,371.51
827.75,359.59,828.30,360.93
805.11,371.58,803.32,371.95
782.75,384.21,784.03,383.22
805.62,370.81,806.87,370.85
820.17,390.89,824.16,391.69
802.01,371.99,803.86,371.54
793.20,360.95,792.68,360.95
812.47,355.59,813.08,356.59
810.12,356.59,813.08,356.59
826.65,355.34,826.32,355.24
828.09,442.19,828.36,441.72
823.88,406.21,823.95,405.53
829.23,360.91,829.23,355.10
825.07,329.66,825.30,328.65
814.19,341.69,814.03,328.22
810.12,356.59,810.57,357.68
810.52,357.62,810.57,357.68
816.23,344.04,816.78,344.33
811.55,360.95,811.38,360.95
777.38,356.08,778.81,360.00
809.88,365.40,808.67,365.70
811.38,360.95,811.55,360.95
779.18,352.54,779.36,356.50
817.69,324.61,817.33,325.08
812.24,360.95,811.38,360.95
779.18,352.54,780.97,353.35
808.94,366.49,807.85,367.43
817.69,324.61,817.28,324.64
812.24,360.95,812.43,360.95
797.94,324.08,797.63,321.87
800.01,366.70,801.10,367.15
811.51,361.44,811.55,360.95
789.37,347.23,793.37,347.92
812.19,361.54,812.24,360.95
805.23,432.74,805.12,431.96
789.37,347.23,793.31,347.86
812.19,361.54,811.51,361.44
811.18,362.84,812.19,361.54
822.10,360.44,829.79,361.71
743.43,350.51,742.68,352.82
828.78,360.91,828.23,359.56
811.18,362.84,811.83,363.05
811.34,449.31,807.05,445.35
814.31,412.92,816.58,412.44
826.39,331.61,826.99,332.04
824.91,412.66,824.65,412.74
800.30,342.36,800.77,342.17
811.24,364.48,810.43,365.80
765.52,384.20,766.78,384.59
804.83,389.51,803.28,390.58
809.95,368.61,808.50,369.85
804.29,377.32,806.07,378.17
810.85,440.93,811.56,440.91
807.57,341.09,808.08,339.52
828.09,422.17,828.68,422.74
798.97,324.61,798.63,325.08
802.32,372.17,800.46,373.09
828.11,332.58,827.75,333.36
800.57,341.69,800.30,342.36
796.72,363.41,799.70,363.41
828.09,422.17,831.44,439.21
799.40,369.39,800.90,369.75
828.11,332.58,827.72,333.26
800.57,341.69,800.57,328.35
796.72,363.41,797.34,364.42
829.76,438.49,831.01,438.68
828.29,331.57,828.06,332.50
797.05,367.43,799.31,367.19
798.28,368.18,799.31,367.19
793.89,362.01,793.82,362.37
829.76,438.49,826.75,421.97
801.69,389.36,803.49,389.08
818.64,421.97,829.76,438.49
801.89,389.53,803.49,389.08
821.92,438.49,829.76,438.49
828.36,330.54,828.29,331.57
797.97,368.79,799.61,368.74
802.29,370.22,801.34,370.14
799.54,371.95,802.29,370.22
801.34,372.17,803.32,371.95
803.32,371.95,801.43,372.10
803.86,371.54,805.11,371.58
805.62,370.81,805.35,370.45
809.31,426.13,809.38,426.03
827.28,327.47,827.30,327.34
821.20,419.28,820.69,420.08
803.65,371.15,805.62,370.81
819.20,335.80,819.54,334.35
794.26,381.09,794.13,381.68
798.80,325.13,802.69,321.38
811.04,360.00,810.90,360.00
788.29,356.21,787.85,358.08
826.90,427.45,826.83,426.03
810.80,358.80,810.90,360.00
810.42,368.16,811.57,366.26
825.88,328.05,826.32,327.55
823.57,416.88,823.01,416.39
810.80,358.80,811.04,360.00
811.04,360.00,811.63,360.00
811.63,360.00,811.38,359.05
802.78,321.23,797.63,321.87
811.45,360.00,811.38,359.05
806.77,427.12,806.65,426.34
811.63,360.00,811.45,360.00
812.43,360.95,811.38,360.95
762.04,368.63,762.05,368.80
822.42,413.19,821.69,413.94
809.40,427.45,826.83,426.03
826.39,331.61,827.09,331.38
811.45,360.00,811.38,360.95
830.78,440.40,828.99,441.74
831.40,332.37,830.72,332.59
811.19,367.16,811.22,367.11
786.62,349.25,790.19,349.13
797.24,337.26,794.82,335.61
808.69,368.58,809.95,368.61
831.40,332.37,830.82,332.79
793.29,360.00,793.36,359.05
825.54,332.67,825.32,331.77
825.78,415.90,825.04,415.11
811.19,367.16,808.69,368.58
817.51,321.87,818.03,323.65
804.77,398.28,808.47,403.71
807.24,369.82,806.92,369.49
783.93,366.25,785.06,368.09
813.91,421.49,816.38,421.62
818.78,339.74,812.89,344.31
807.17,369.92,805.53,370.93
812.05,441.73,815.24,440.40
796.27,362.32,799.25,362.32
828.47,444.67,821.98,448.64
796.27,362.32,798.98,361.17
797.27,365.70,797.77,365.44
800.27,364.63,800.40,364.55
827.70,343.32,802.27,344.33
807.39,444.93,817.30,444.67
797.05,367.43,798.23,366.53
763.38,370.69,763.43,370.83
807.97,363.92,807.21,365.76
820.67,415.22,820.34,415.76
798.20,348.42,800.11,347.86
818.64,421.97,826.75,421.97
822.51,423.28,822.13,423.32
797.05,367.43,798.28,368.18
797.97,368.79,798.28,368.18
800.03,348.27,801.88,347.88
829.61,438.93,830.76,439.10
730.85,363.08,732.80,360.00
799.54,371.95,799.40,369.39
811.73,441.39,809.33,427.41
801.34,372.17,801.43,372.10
800.11,372.14,802.01,371.99
814.42,422.46,816.70,422.17
819.82,389.51,821.14,390.20
798.80,325.13,797.63,343.36
803.65,371.15,803.86,371.54
822.67,413.93,822.35,414.48
824.28,421.28,823.72,420.79
810.81,353.93,811.70,354.69
824.92,341.09,825.65,342.17
823.39,418.31,823.73,417.60
807.84,353.92,811.70,354.69
820.91,408.58,823.63,405.31
824.68,365.77,825.29,367.35
793.12,360.00,793.20,359.05
808.74,354.68,811.70,354.69
820.79,366.46,820.97,366.22
793.51,370.21,793.72,370.64
809.43,355.48,809.50,355.58
790.62,378.00,790.85,378.29
817.30,444.67,818.62,444.48
810.80,358.80,810.52,357.62
803.90,350.96,803.42,350.91
823.72,444.58,828.38,440.93
792.14,359.05,792.07,360.00
810.64,357.51,810.52,357.62
823.85,421.95,822.99,421.93
810.64,357.51,810.80,358.80
793.22,360.00,793.89,359.95
776.98,370.69,776.98,369.89
812.51,360.00,811.45,360.00
811.38,359.05,811.45,360.00
832.84,329.84,829.76,330.57
812.52,449.44,811.34,449.31
812.43,359.05,811.38,359.05
812.19,361.54,812.24,360.95
811.83,363.05,812.19,361.54
827.50,404.50,824.60,404.29
811.19,367.16,809.93,367.13
806.92,369.49,807.17,369.92
782.35,352.09,781.21,353.42
807.39,371.16,805.53,370.93
777.57,383.46,776.33,384.17
797.89,372.53,795.90,372.69
795.99,361.18,798.98,361.17
799.64,335.53,799.51,337.38
827.17,347.83,826.54,348.85
795.99,361.18,798.88,360.00
801.67,363.93,800.37,361.88
796.35,363.49,796.98,364.52
795.03,365.40,797.27,365.70
776.00,382.71,775.04,382.34
827.20,443.77,828.40,443.89
795.96,366.49,797.27,365.70
801.67,362.08,800.37,361.88
795.03,365.40,795.96,366.49
796.65,367.98,797.05,367.43
824.94,441.60,824.77,441.29
795.01,373.12,796.17,371.67
795.94,370.78,799.40,369.39
797.02,373.70,797.12,373.63
797.58,371.58,799.54,371.95
822.37,391.16,821.14,390.20
811.02,397.13,810.84,398.91
831.40,332.37,831.98,332.79
800.11,372.14,801.34,372.17
800.03,371.73,801.86,371.58
802.01,371.99,800.11,372.14
801.86,371.58,803.65,371.15
797.24,337.26,795.74,332.65
803.75,371.67,803.65,371.15
803.17,382.33,803.69,382.96
824.99,364.52,823.73,364.73
801.86,371.58,803.75,371.67
821.22,402.09,820.66,401.45
826.99,440.44,826.00,440.43
805.54,372.29,805.53,370.93
824.44,437.20,823.90,437.73
774.91,384.64,775.83,384.72
809.80,353.31,810.81,353.93
786.15,364.26,787.85,361.92
767.44,376.00,767.69,376.12
808.65,354.56,808.74,354.68
803.34,382.52,803.89,383.18
820.22,400.49,821.80,398.08
824.60,436.94,824.18,437.30
773.37,384.53,774.28,384.61
807.84,353.92,808.74,354.68
824.58,436.04,824.15,435.77
810.16,356.34,810.64,357.51
819.91,396.67,821.80,398.08
824.41,435.74,823.85,435.25
810.62,355.84,811.17,357.17
826.99,353.20,827.06,353.31
784.55,376.03,792.79,376.29
812.89,309.95,812.65,310.18
810.94,358.74,810.64,357.51
821.36,355.39,820.28,355.22
811.17,357.17,810.64,357.51
819.69,440.91,828.17,442.05
812.23,359.05,811.55,359.05
811.51,358.57,812.23,359.05
812.23,359.05,811.55,359.05
811.38,359.05,812.23,359.05
812.43,359.05,812.23,359.05
811.38,359.05,812.43,359.05
822.42,423.24,822.51,423.28
813.53,360.00,812.43,360.95
810.92,365.51,812.19,365.53
810.48,365.32,809.52,366.89
815.64,389.79,816.06,389.67
804.63,330.65,803.68,330.72
826.23,434.52,825.52,434.01
810.92,365.51,809.52,366.89
809.93,367.13,809.52,366.89
808.32,368.29,808.64,368.67
746.49,360.00,743.43,364.21
807.35,371.23,805.54,372.29
803.51,409.97,809.36,406.21
822.70,396.24,822.76,396.18
795.51,360.00,795.99,361.18
823.64,406.11,827.64,420.92
811.14,347.83,811.77,348.85
796.35,363.49,795.89,362.38
779.86,375.16,779.26,375.10
796.12,373.66,796.20,373.77
795.30,362.49,796.35,363.49
809.98,351.44,808.25,352.04
795.79,363.66,796.35,363.49
827.17,439.01,826.92,439.04
811.18,363.62,810.48,365.32
795.79,363.66,796.45,364.74
793.25,382.44,792.95,381.91
797.24,337.26,796.45,331.78
831.43,346.82,831.76,347.58
795.03,365.40,796.45,364.74
826.96,438.98,826.61,438.52
807.05,328.61,807.12,329.52
825.34,395.58,825.75,398.28
811.65,363.75,810.92,365.51
794.28,364.17,795.03,365.40
811.56,440.91,811.51,442.05
815.35,406.11,826.30,420.72
795.48,366.97,795.96,366.49
800.56,397.92,801.32,398.14
797.58,371.58,795.94,370.78
793.12,360.00,793.20,360.95
817.33,382.44,818.14,381.91
798.21,371.99,799.44,372.02
819.69,440.91,811.56,440.91
800.03,371.73,800.11,372.14
796.50,368.69,795.06,369.57
799.96,372.27,801.88,372.12
801.86,371.58,799.96,372.27
826.04,427.09,828.20,440.91
774.75,383.68,776.00,382.71
811.08,406.79,811.25,422.36
776.60,360.00,729.65,360.00
800.03,371.73,799.96,372.27
801.86,371.58,800.03,371.73
795.50,353.04,795.05,354.62
812.52,449.44,809.14,445.78
826.30,420.72,827.64,420.92
785.99,355.71,786.15,355.73
814.20,337.31,814.20,333.17
803.54,373.12,801.88,372.12
804.15,371.05,802.32,372.17
788.45,358.16,787.69,360.00
816.24,420.92,818.11,421.45
818.78,338.03,818.61,338.40
810.62,355.84,810.16,356.34
804.63,330.65,803.86,329.46
798.04,372.12,799.96,372.27
809.87,354.62,810.62,355.84
794.64,355.67,793.78,356.18
823.35,400.33,823.16,400.70
800.68,400.45,800.40,400.31
812.19,358.46,811.17,357.17
802.25,412.44,802.97,412.92
812.19,358.46,811.82,356.96
812.69,309.66,810.39,307.26
813.52,360.00,813.38,361.89
820.66,445.37,823.72,444.58
807.35,371.23,809.03,369.76
802.45,372.27,807.35,371.23
779.22,358.25,777.86,357.89
794.91,360.00,795.61,361.20
789.58,354.67,788.88,356.37
795.61,358.80,795.90,360.00
809.43,355.48,810.06,356.51
824.66,436.50,824.27,436.55
804.51,392.21,804.56,391.16
793.72,370.64,795.34,369.96
798.21,371.99,800.03,371.73
795.30,362.49,795.79,363.66
810.16,356.34,810.06,356.51
824.58,436.04,824.27,436.55
804.24,391.20,804.56,391.16
809.98,368.55,808.25,367.98
809.29,364.25,812.90,362.17
799.64,351.29,801.03,350.96
793.73,362.84,795.79,363.66
817.77,445.87,820.66,445.37
794.28,364.17,795.79,363.66
804.24,391.20,804.51,392.21
799.64,351.29,800.93,350.29
793.73,362.84,794.28,364.17
824.19,435.71,823.85,435.25
807.21,365.76,808.29,366.20
793.67,364.48,795.03,365.40
826.04,427.09,826.14,425.53
740.55,349.05,743.94,349.59
794.47,365.80,795.03,365.40
811.51,358.57,811.55,359.05
824.19,435.71,823.49,435.19
801.81,392.03,801.05,392.70
802.29,349.78,803.24,349.85
793.67,364.48,794.47,365.80
824.03,435.96,823.21,435.62
800.60,393.66,801.81,392.03
795.48,366.97,796.65,367.98
812.08,358.08,812.23,360.00
792.87,368.55,796.65,367.98
823.97,436.40,823.21,435.62
806.17,367.46,806.72,368.02
803.32,348.05,805.17,348.49
767.13,377.61,768.54,378.19
794.32,369.79,796.65,367.98
819.47,377.90,818.99,377.86
813.08,360.00,812.91,362.16
821.07,448.96,822.18,448.49
803.54,373.12,803.75,371.67
794.32,369.79,795.94,370.78
807.42,395.58,804.80,395.98
805.11,348.42,805.62,349.19
794.60,370.81,797.58,371.58
814.02,329.84,813.50,335.37
798.21,371.99,798.20,371.58
826.48,436.02,825.94,436.55
805.62,349.19,807.24,350.18
796.41,371.15,798.20,371.58
804.58,376.70,804.29,377.32
814.43,396.48,797.58,396.75
803.18,404.29,805.74,404.50
790.84,376.69,792.95,378.25
808.65,354.56,809.43,355.48
796.41,371.15,798.21,371.99
826.70,435.32,826.32,435.37
809.50,355.26,810.16,356.34
794.30,355.84,795.79,356.34
806.92,350.51,808.32,351.71
798.20,371.58,800.03,371.73
815.68,389.19,816.06,389.67
799.20,400.10,799.18,401.12
811.23,355.53,811.17,357.17
799.28,373.80,801.88,372.12
826.45,434.55,825.89,434.06
815.68,389.19,817.06,389.00
792.73,358.46,793.40,358.57
810.44,351.89,811.57,353.73
799.28,373.80,799.96,372.27
801.88,372.12,799.96,372.27
798.97,400.19,799.20,400.10
801.44,373.63,803.54,373.12
807.47,382.03,807.27,381.74
803.48,373.20,801.44,373.63
819.45,356.76,818.62,357.67
803.11,419.57,802.98,418.86
800.46,373.09,805.49,372.36
829.73,362.04,829.84,362.01
790.35,381.10,791.20,381.81
801.83,393.83,802.41,394.06
827.54,354.26,825.77,353.24
807.57,352.58,808.71,352.86
800.27,361.37,800.52,361.55
804.50,413.22,805.03,413.70
799.28,339.31,799.50,339.25
802.00,352.40,801.10,352.85
804.60,352.57,808.71,352.86
806.70,353.15,806.83,353.30
808.43,358.01,809.78,360.00
807.73,353.78,808.65,354.56
811.23,355.53,810.62,355.84
801.86,398.08,801.24,394.01
810.42,354.21,811.23,355.53
812.94,356.26,812.19,358.46
827.13,331.61,827.09,331.38
822.76,338.70,819.62,338.14
810.43,365.80,809.43,366.97
813.52,360.00,813.38,358.11
812.10,361.90,813.37,361.90
818.04,325.02,818.09,324.57
797.63,343.36,797.63,321.87
811.65,363.75,811.18,363.62
802.94,394.70,803.37,395.66
812.10,361.90,811.65,363.75
823.44,445.11,827.79,442.72
810.48,365.32,810.89,365.57
819.62,338.87,822.76,339.44
810.44,368.11,810.89,365.57
819.29,339.25,819.24,338.89
829.79,361.71,822.27,360.09
802.01,371.99,803.65,371.15
824.31,422.74,824.06,422.83
804.29,371.14,802.45,372.27
804.35,413.09,812.41,413.09
828.86,326.60,828.36,325.59
798.97,324.61,799.16,323.82
796.27,357.68,799.70,356.59
821.03,357.85,821.20,358.05
803.37,390.89,800.37,391.32
801.81,392.03,803.28,390.58
795.01,361.26,794.91,360.00
816.18,372.40,816.09,372.16
779.18,353.83,783.35,353.76
793.36,360.95,794.91,360.00
814.38,342.16,813.79,340.90
767.35,384.63,768.31,384.71
795.01,361.26,795.30,362.49
815.91,446.03,817.77,445.87
793.73,362.84,795.30,362.49
816.20,343.99,815.63,344.49
827.64,420.92,827.83,422.14
800.11,347.86,802.01,348.01
808.33,446.03,815.91,446.03
812.97,310.28,813.00,319.50
822.78,338.68,822.72,338.18
816.88,378.24,817.33,378.38
793.67,364.48,794.28,364.17
816.21,382.85,816.19,382.43
823.10,413.25,822.59,412.51
792.87,368.55,794.47,365.80
794.19,369.85,792.87,368.55
823.58,397.92,823.94,396.30
794.60,370.81,795.82,370.85
805.35,304.17,805.29,304.35
799.28,373.80,798.04,372.12
829.74,353.10,829.93,353.10
800.09,398.24,800.03,400.20
795.06,369.57,795.34,369.96
806.39,352.49,807.57,352.58
821.71,418.86,821.35,418.13
805.58,352.68,804.60,352.57
807.13,389.69,806.36,390.37
822.47,396.72,822.70,396.24
794.50,354.21,795.05,354.62
806.70,353.15,807.73,353.78
734.48,368.07,735.91,366.10
816.17,332.59,816.20,332.37
807.71,353.48,806.70,353.15
803.58,418.90,804.42,418.94
809.42,353.04,809.87,354.62
809.87,354.62,810.42,354.21
789.14,380.90,814.91,381.59
806.42,426.40,806.78,425.69
812.21,354.51,811.82,356.96
803.33,418.15,804.01,417.66
737.26,350.51,740.35,352.45
788.12,361.90,788.45,361.83
812.94,356.26,813.38,358.11
815.47,388.76,814.43,389.69
829.05,354.46,833.52,354.46
823.09,398.24,822.28,398.02
792.97,369.82,794.60,370.81
813.37,358.09,813.38,358.11
788.29,363.79,788.88,363.62
812.10,358.10,813.52,360.00
816.58,412.44,819.16,411.68
822.76,338.70,822.76,337.97
813.52,360.00,812.25,360.00
802.93,419.28,803.33,419.58
812.25,360.00,812.10,361.90
802.87,418.83,803.21,418.81
811.76,360.00,811.61,361.83
812.08,361.92,811.63,363.79
808.90,439.32,809.72,439.04
823.97,436.40,824.03,435.96
803.48,373.20,805.54,372.29
811.18,363.62,811.63,363.79
811.61,361.83,811.18,363.62
811.57,366.26,810.89,365.57
805.74,417.64,806.59,417.67
810.42,368.16,810.44,368.11
805.74,417.64,806.48,416.90
814.02,329.84,813.50,329.98
810.42,368.16,809.00,369.81
833.33,329.01,814.28,329.01
826.39,331.61,826.39,330.88
796.45,364.74,797.77,365.44
804.15,371.05,804.29,371.14
805.67,417.18,806.18,416.39
810.46,389.82,809.63,389.35
821.01,414.50,820.48,414.03
791.46,372.97,791.98,372.07
805.94,369.73,804.29,371.14
796.72,356.59,800.32,355.59
796.72,356.59,796.27,357.68
823.58,397.92,824.39,398.14
795.61,358.80,795.51,360.00
826.32,333.82,826.80,333.95
816.59,393.57,800.44,391.08
802.28,367.99,807.85,366.24
808.43,341.05,808.62,341.04
793.40,361.44,793.36,360.95
828.06,328.61,828.11,328.53
814.11,328.18,813.83,327.72
821.35,418.13,820.64,417.62
792.72,361.54,793.36,360.95
792.72,361.54,792.68,360.95
820.48,414.03,819.66,413.71
803.51,409.97,808.82,407.59
792.14,360.95,792.68,360.95
820.42,414.47,819.57,414.46
793.20,360.95,792.14,360.95
793.08,363.05,793.73,362.84
796.17,371.67,796.41,371.15
801.66,371.30,802.32,372.17
803.42,352.48,806.39,352.49
802.37,345.32,813.41,344.90
813.97,332.27,813.49,332.28
804.41,352.40,803.42,352.48
805.91,422.71,806.43,423.22
793.29,360.00,793.36,360.95
807.84,352.59,809.42,353.04
806.80,412.64,807.71,413.19
810.42,354.21,811.23,355.53
785.18,369.96,787.03,372.84
828.09,422.17,828.68,422.74
814.98,440.03,817.59,439.21
812.21,354.51,810.42,354.21
827.00,334.05,826.67,334.23
830.77,381.44,831.79,381.52
808.69,368.58,806.92,369.49
825.39,415.58,824.68,415.07
828.06,347.68,828.04,347.87
812.92,356.24,812.21,354.51
812.92,356.24,812.94,356.26
821.78,391.29,824.16,391.69
812.10,358.10,813.37,358.09
820.01,443.89,821.97,438.91
812.25,360.00,811.76,360.00
823.73,417.60,823.36,416.86
823.09,398.24,823.41,400.31
823.21,418.02,823.14,417.56
793.55,346.53,795.68,346.36
795.50,353.04,795.99,353.53
811.45,360.00,811.55,360.95
811.61,361.83,812.08,361.92
812.40,364.26,812.08,361.92
812.08,361.92,811.63,363.79
812.40,364.26,811.57,366.26
793.93,368.41,792.73,368.93
825.04,411.92,824.91,412.66
811.56,366.30,811.57,366.26
807.34,368.09,811.56,366.30
807.34,368.09,805.94,369.73
804.15,371.05,803.36,370.26
797.33,347.97,799.14,349.07
788.12,358.10,789.32,358.09
825.78,360.91,823.52,355.61
825.76,416.32,825.78,415.90
826.58,420.78,826.52,421.22
801.08,354.69,800.32,355.59
828.83,331.84,828.61,332.33
823.35,340.46,823.35,343.58
796.35,356.51,796.72,356.59
806.92,350.51,807.17,350.07
781.94,370.84,784.86,371.08
823.68,400.19,823.91,400.00
767.91,373.64,768.57,373.78
795.89,357.62,795.61,358.80
819.44,363.24,818.72,368.26
822.75,340.46,823.35,340.46
795.30,357.51,795.61,358.80
825.32,331.77,825.24,330.76
825.80,416.80,825.47,416.39
812.21,365.49,811.22,367.11
794.91,360.00,793.29,360.00
813.71,349.60,815.06,348.76
795.01,358.74,794.91,360.00
831.18,333.05,830.98,332.94
831.44,439.21,831.03,440.03
793.12,360.00,793.29,360.00
801.73,343.33,801.63,343.18
805.34,376.19,805.09,375.94
749.55,355.78,748.10,355.04
766.30,378.02,766.30,377.66
828.86,444.22,831.00,439.33
831.18,439.60,830.78,440.40
807.39,371.16,805.54,372.29
814.19,341.69,813.99,342.17
825.39,415.58,824.40,415.51
808.69,368.58,807.24,369.82
806.32,421.58,806.82,420.79
821.71,418.86,821.73,418.45
822.51,423.28,822.46,423.72
822.38,395.79,822.76,396.18
776.30,369.89,774.87,369.89
806.14,421.28,806.82,420.79
784.64,351.98,783.52,353.81
788.44,370.26,788.09,371.05
792.07,360.00,793.20,360.95
778.34,371.11,778.24,377.40
808.82,407.59,811.43,405.53
792.14,360.95,793.20,360.95
822.42,423.24,822.44,422.82
825.38,440.94,825.32,441.38
790.65,365.49,793.67,364.48
823.88,405.00,824.26,404.59
821.52,360.59,820.83,360.51
822.42,423.24,822.26,422.53
817.59,393.66,817.80,392.03
791.49,367.16,790.65,365.49
791.53,368.58,792.73,368.61
812.89,393.56,811.82,393.56
792.71,360.59,793.41,360.51
790.29,367.13,791.53,368.58
794.50,366.22,793.20,366.09
794.71,370.45,794.39,370.93
792.75,369.92,794.39,370.93
795.01,373.12,797.12,373.63
790.65,354.51,794.50,354.21
798.26,373.49,798.35,373.60
789.76,356.24,790.65,354.51
778.60,375.73,779.04,375.88
797.89,372.53,800.34,372.99
826.74,439.67,826.79,439.23
799.89,372.97,801.87,372.15
828.47,423.62,827.69,424.39
801.87,372.15,801.66,371.30
772.35,383.78,771.56,382.73
804.07,352.86,805.22,352.58
826.49,420.73,826.52,421.22
771.09,383.02,770.82,382.70
803.21,352.31,804.41,352.40
826.14,421.46,826.36,421.48
823.33,432.44,823.26,431.98
808.43,358.01,809.03,357.87
806.24,307.91,806.43,307.57
805.46,352.33,805.58,352.68
798.97,324.61,798.77,323.86
804.41,352.40,805.58,352.68
823.33,432.44,823.85,432.03
779.91,373.64,779.98,374.10
805.46,352.33,804.41,352.40
819.59,320.42,821.01,323.80
817.50,330.84,817.10,330.57
820.96,449.08,821.98,448.64
831.40,332.37,830.72,332.14
806.62,351.84,806.63,352.82
805.46,352.33,806.63,352.82
798.97,324.61,798.97,323.72
805.29,351.29,806.62,351.84
808.90,440.23,809.40,441.01
786.93,368.97,786.47,369.66
806.62,351.84,807.84,352.59
809.42,353.04,810.42,354.21
797.02,355.21,798.36,355.21
800.37,361.88,800.12,361.71
808.50,438.98,809.41,438.52
822.08,423.95,822.29,423.98
789.36,372.25,789.49,372.15
812.19,354.47,812.92,356.24
805.74,352.85,809.80,353.31
810.92,354.49,812.92,356.24
830.77,381.44,832.32,381.52
812.92,356.24,811.65,356.25
812.23,360.00,812.08,361.92
813.08,360.00,812.08,361.92
798.39,334.10,797.89,332.99
825.95,420.25,825.12,419.92
828.16,336.33,834.04,338.90
812.39,364.29,812.91,362.16
806.13,436.50,806.86,437.30
812.39,364.29,811.56,366.30
810.92,365.51,811.19,367.16
797.46,334.53,797.02,333.57
825.89,420.70,825.02,420.68
823.68,396.87,821.80,398.08
808.47,366.25,812.39,364.29
823.15,427.22,823.22,427.67
807.17,368.03,807.34,368.09
831.99,366.85,824.34,366.73
808.29,366.20,807.34,368.09
805.88,435.74,806.56,435.25
826.61,435.27,826.07,434.78
802.01,348.01,803.25,347.97
766.90,374.01,767.11,373.61
806.17,367.46,804.87,368.97
804.28,376.50,803.97,377.17
805.32,369.64,803.70,371.04
826.39,331.61,825.96,332.21
803.36,370.26,803.70,371.04
807.03,412.66,808.02,412.74
798.04,372.12,799.96,372.27
761.25,380.80,761.35,380.73
801.34,350.91,801.51,350.91
803.70,371.04,801.87,372.15
803.42,367.52,805.22,367.42
801.34,350.91,801.51,350.24
803.70,371.04,801.84,372.25
800.34,400.33,800.40,400.31
801.34,349.85,801.51,350.24
783.52,366.19,785.64,367.46
803.68,371.12,801.84,372.25
814.35,422.74,816.70,422.17
784.48,368.08,785.88,369.72
819.82,390.70,821.14,390.20
822.62,428.04,823.14,427.62
798.10,354.68,801.98,353.93
799.30,393.57,800.44,391.08
808.68,364.25,807.85,366.24
776.30,369.89,774.87,369.89
793.29,360.00,793.20,360.95
763.17,373.58,764.83,374.34
796.98,355.48,797.34,355.58
798.10,354.68,797.34,355.58
795.30,357.51,795.89,357.62
825.16,426.40,825.00,425.69
792.14,360.95,792.68,360.95
768.16,370.84,765.18,370.75
819.66,362.79,819.66,355.12
796.57,360.78,794.36,360.77
793.14,350.51,791.74,351.71
804.87,351.03,806.17,352.54
789.48,361.89,793.08,363.05
790.49,365.53,790.65,365.49
810.44,368.11,808.64,368.67
824.82,427.12,825.16,426.40
809.51,303.74,809.81,303.78
820.62,369.06,820.50,369.06
790.49,365.53,791.49,367.16
825.34,395.58,825.01,394.65
815.49,332.37,814.91,331.94
791.53,368.58,791.74,368.29
830.24,381.44,831.79,381.52
827.20,443.77,830.33,439.02
803.65,348.84,803.75,348.33
791.74,368.29,792.75,369.92
805.02,431.29,805.92,430.83
825.14,395.34,825.13,392.78
802.88,414.09,802.94,414.54
791.29,368.67,792.75,369.92
805.56,302.94,805.67,303.00
830.30,332.36,830.27,332.00
792.75,369.92,794.39,370.93
805.35,304.17,805.45,304.21
831.99,358.86,824.34,362.80
794.90,373.20,797.02,373.70
805.38,304.42,805.45,304.21
794.05,373.60,797.02,373.70
805.01,432.74,805.53,433.25
807.73,353.78,807.84,353.92
807.34,351.91,809.00,350.19
805.38,304.42,805.35,304.17
794.05,373.60,796.20,373.77
809.98,368.55,809.43,366.97
796.12,373.66,795.90,372.69
809.40,427.45,809.38,426.03
826.39,331.61,827.13,331.61
764.27,382.26,763.79,382.36
811.45,360.00,812.43,360.95
814.38,342.16,814.52,342.40
808.50,369.85,808.54,369.79
825.30,440.48,824.87,440.21
795.99,361.18,796.27,362.32
828.16,329.87,827.72,328.99
825.82,341.05,825.78,341.64
797.89,372.53,796.12,373.66
798.26,373.49,796.12,373.66
807.42,430.11,808.42,430.14
823.14,427.62,823.22,427.67
810.46,302.99,810.76,302.94
797.89,372.53,799.82,372.07
799.89,372.97,799.82,372.07
807.20,430.08,808.11,429.62
808.94,356.87,808.91,356.87
810.30,304.21,810.46,302.99
797.81,373.47,799.89,372.97
806.95,430.78,807.42,430.00
808.79,357.85,808.96,360.00
829.62,335.39,829.92,336.02
799.85,373.07,801.84,372.25
798.97,397.90,797.59,395.84
807.02,430.34,807.42,430.00
804.86,412.50,805.04,412.80
799.89,372.97,801.84,372.25
807.02,430.34,807.73,429.57
810.61,304.17,810.30,304.21
799.89,372.97,801.87,372.15
801.84,372.25,801.87,372.15
790.28,377.86,790.62,378.00
801.10,352.85,804.07,352.86
799.61,368.74,800.90,369.75
820.60,394.58,821.80,398.08
807.19,431.54,807.72,432.06
814.82,303.57,814.60,302.38
801.10,352.85,802.98,353.31
826.17,353.45,825.95,353.22
806.72,351.98,807.85,353.76
785.49,357.83,785.65,357.84
819.43,338.25,819.62,338.14
802.00,352.40,802.24,352.57
792.38,381.25,792.04,380.88
811.16,305.10,810.88,304.77
807.19,431.54,807.41,431.54
813.36,308.40,810.39,307.26
800.90,363.46,804.05,364.17
814.82,303.57,814.71,303.57
801.10,352.85,802.24,352.57
827.25,426.13,827.38,425.06
800.60,398.08,800.76,397.97
782.70,355.78,783.83,356.08
791.98,372.07,793.92,372.53
801.71,352.04,803.21,352.31
804.15,422.82,804.65,422.04
825.04,411.92,824.88,411.20
803.42,350.91,802.97,351.94
800.44,391.08,801.89,389.53
816.70,422.17,818.64,421.97
807.71,353.48,807.84,352.59
782.28,371.27,782.62,371.42
804.23,352.04,802.97,351.94
827.69,424.39,828.47,423.62
809.89,352.79,810.89,354.43
803.90,350.96,805.46,352.33
807.21,412.40,807.03,412.66
805.29,351.29,806.93,351.23
804.38,426.89,804.91,426.38
804.96,304.89,804.91,304.77
809.98,351.44,809.42,353.04
815.49,332.37,816.07,331.94
800.12,364.29,800.40,364.55
820.51,441.52,820.54,441.73
795.96,366.49,798.23,366.53
810.12,356.59,813.53,357.68
811.19,352.84,809.98,351.44
807.21,411.50,807.28,411.95
809.98,351.44,811.22,352.89
797.02,333.57,796.48,332.97
824.10,422.71,823.42,423.22
798.26,348.21,798.39,349.25
810.92,354.49,812.19,354.47
806.81,411.18,807.03,411.20
811.19,352.84,810.92,354.49
823.09,398.24,822.76,396.18
827.20,443.77,828.84,438.91
771.79,371.30,768.43,370.98
810.90,360.00,810.85,358.82
799.07,334.10,798.57,332.99
826.52,421.22,826.10,421.57
823.39,395.66,821.80,398.08
811.65,356.25,811.18,356.37
806.56,411.89,806.63,411.44
810.92,354.49,811.65,356.25
806.67,411.92,806.62,412.34
811.18,356.37,811.61,358.16
795.23,333.18,795.86,332.41
826.50,420.32,826.07,420.03
773.37,384.53,775.83,384.72
807.84,353.92,810.81,353.93
824.60,436.94,823.90,437.73
813.08,360.00,812.08,358.08
819.47,377.90,819.09,377.75
815.21,304.23,815.27,304.15
813.08,360.00,812.23,360.00
812.90,362.17,812.91,362.16
802.35,414.50,802.88,414.09
784.60,365.76,783.95,366.20
810.62,304.89,810.39,304.64
808.29,366.20,808.47,366.25
803.58,418.90,803.51,419.34
809.29,364.25,808.47,366.25
810.62,355.84,810.64,357.51
824.41,435.74,824.15,435.77
808.29,366.20,809.29,364.25
810.88,304.77,810.62,304.89
800.72,370.74,799.72,386.28
807.21,365.76,806.17,367.46
803.32,348.05,804.00,350.29
809.93,367.13,808.69,368.58
799.40,335.53,799.07,334.10
825.96,421.16,825.45,421.97
807.17,368.03,806.17,367.46
803.33,418.15,803.51,418.45
800.72,370.74,798.42,385.87
807.21,365.76,807.17,368.03
808.32,368.29,806.92,369.49
794.74,334.35,795.23,333.18
825.16,441.63,824.90,441.74
805.32,369.64,804.87,368.97
806.37,426.82,806.77,427.12
804.55,305.10,804.54,305.26
806.17,367.46,804.87,368.97
802.94,418.39,803.12,418.13
779.87,373.22,780.04,373.56
806.17,367.46,805.32,369.64
800.93,309.18,800.83,309.04
805.32,369.72,803.68,371.12
794.73,333.73,795.27,333.05
825.38,440.94,824.87,440.21
823.70,399.51,821.80,398.08
805.09,418.02,805.79,418.83
823.58,397.92,824.34,398.84
793.41,373.42,791.28,373.59
802.29,349.78,801.34,349.85
807.57,341.09,807.57,342.99
803.68,371.12,801.84,372.25
821.38,419.57,821.20,419.28
804.60,328.73,804.68,328.65
821.29,323.64,813.64,324.33
800.01,353.30,799.00,353.92
793.36,359.05,794.91,360.00
799.71,353.15,799.00,353.92
797.77,354.56,798.10,354.68
782.97,370.42,794.58,370.66
819.62,338.14,819.12,338.00
809.50,355.26,810.06,356.51
782.97,370.42,784.46,370.42
834.54,387.34,827.97,387.35
799.98,397.97,800.06,396.67
798.68,353.78,799.00,353.92
797.74,335.76,797.46,334.53
825.13,440.17,824.20,439.62
798.10,354.68,799.00,353.92
778.34,371.11,775.47,377.47
816.07,362.81,818.49,372.12
799.71,353.15,801.10,352.85
796.45,355.26,796.35,356.51
795.10,335.80,795.42,334.35
824.69,440.83,823.96,441.58
793.74,357.17,795.30,357.51
804.50,413.22,804.86,412.50
805.67,417.18,805.74,417.64
792.73,358.46,793.36,359.05
831.40,332.37,831.82,332.94
792.68,359.05,793.36,359.05
822.44,402.17,821.80,398.08
793.20,359.05,793.36,359.05
825.16,426.40,825.20,426.89
792.68,359.05,792.14,359.05
819.31,371.23,819.42,370.43
746.49,360.00,750.70,363.06
789.33,360.00,792.14,360.95
805.27,418.31,805.14,417.60
802.41,394.06,802.94,394.70
789.76,363.76,789.48,361.89
821.73,418.45,821.00,417.66
801.34,372.17,801.43,372.10
815.71,333.05,815.49,333.08
789.30,365.51,790.49,365.53
804.13,427.58,804.60,426.81
811.19,352.84,811.22,352.89
808.26,350.72,795.47,351.45
789.76,363.76,789.30,365.51
825.14,395.34,824.50,394.33
807.93,416.36,807.86,416.80
789.30,365.51,790.29,367.13
789.58,365.32,790.54,366.89
791.74,368.29,791.29,368.67
807.68,415.60,807.86,415.90
819.42,308.32,813.89,319.50
790.04,367.21,791.29,368.67
807.03,426.45,807.76,427.24
814.60,332.22,800.41,332.23
791.29,368.67,792.75,369.92
807.20,416.29,807.27,415.84
792.89,372.36,793.01,372.29
802.35,414.50,802.70,415.24
807.27,416.74,807.20,416.29
791.95,373.09,794.90,373.20
807.45,417.04,807.32,416.32
793.92,372.53,796.12,373.66
819.93,399.29,821.80,398.08
804.15,371.05,801.66,371.30
795.90,372.69,795.68,373.64
826.65,435.77,826.22,436.12
813.38,361.89,812.43,360.95
797.89,372.53,795.90,372.69
822.08,423.95,821.76,424.50
797.81,373.47,797.89,372.53
801.24,381.21,802.91,381.52
824.09,356.38,823.53,356.36
803.75,422.50,803.97,422.53
797.75,373.57,799.89,372.97
803.50,423.20,803.57,422.76
797.45,372.11,801.84,372.25
816.07,362.81,818.50,362.80
799.71,353.15,800.01,353.30
793.93,368.41,792.63,368.54
804.87,368.97,803.36,370.26
801.51,350.91,802.46,350.84
804.87,368.97,804.15,371.05
801.12,400.36,800.76,397.97
801.51,350.91,802.97,351.94
793.14,360.09,793.22,360.00
813.93,344.33,838.88,343.32
798.98,361.17,799.25,362.32
795.61,361.20,795.99,361.18
813.37,361.90,813.38,361.89
805.29,351.29,805.50,350.64
808.54,350.21,808.25,352.04
808.54,350.21,809.98,351.44
801.28,404.49,802.10,403.60
792.87,351.44,794.50,354.21
830.35,332.02,830.95,331.69
779.15,373.78,779.26,374.18
829.93,353.10,833.07,353.10
808.50,350.15,809.98,351.44
827.38,348.91,827.31,348.93
809.95,351.39,809.98,351.44
805.49,432.08,805.42,432.52
809.95,351.39,811.19,352.84
808.36,439.72,808.90,439.32
808.69,351.42,811.19,352.84
788.12,361.90,789.32,361.90
808.36,439.72,808.97,439.78
812.98,341.34,820.56,342.60
788.57,363.75,789.30,365.51
800.12,364.29,800.27,364.63
818.47,421.74,826.50,421.74
803.74,390.70,804.83,389.51
811.19,352.84,809.93,352.86
805.24,431.32,805.42,431.62
809.52,353.11,810.92,354.49
823.55,366.39,823.55,364.91
829.76,438.49,831.01,438.68
810.92,354.49,810.48,354.67
801.88,347.88,803.75,348.33
816.65,421.92,818.47,421.74
822.05,422.50,821.35,421.99
799.54,371.95,801.43,372.10
807.35,371.23,807.39,371.16
797.58,371.58,797.69,371.51
799.71,366.85,801.10,367.15
811.18,356.37,811.63,356.21
810.48,354.67,811.18,356.37
813.07,360.00,812.91,357.84
791.90,372.99,793.92,372.53
813.07,360.00,812.90,362.17
805.01,432.74,804.88,432.03
809.80,362.15,809.29,364.25
797.10,396.34,797.42,396.58
828.11,423.32,828.32,422.46
763.38,369.89,763.43,370.83
809.11,364.22,807.21,365.76
807.60,431.32,807.42,431.58
792.39,382.53,791.68,382.27
807.83,366.19,806.72,368.02
804.54,357.89,804.21,355.80
807.83,366.19,806.17,367.46
806.72,368.02,805.32,369.64
806.72,368.02,805.32,369.72
822.07,358.30,821.43,358.73
764.97,383.29,763.54,382.53
795.48,372.92,797.45,372.11
799.27,370.99,803.68,371.12
799.27,370.99,797.45,372.11
808.73,446.48,816.14,446.48
804.41,332.93,804.73,333.02
796.45,355.26,796.98,355.48
796.45,355.26,795.79,356.34
807.11,386.64,811.06,386.91
795.05,354.62,794.30,355.84
804.85,427.67,804.78,428.11
794.30,355.84,793.74,357.17
807.71,435.27,808.25,434.86
793.69,355.53,793.74,357.17
807.71,435.27,808.32,435.32
793.69,355.53,793.09,356.96
798.97,400.19,799.18,401.12
811.56,353.70,812.39,355.71
801.44,373.63,801.88,372.12
793.09,356.96,792.73,358.46
824.92,341.09,825.78,340.46
803.48,373.20,803.54,373.12
793.74,357.17,793.09,356.96
800.93,360.00,800.79,361.68
820.91,408.58,820.45,404.11
824.07,421.25,823.37,420.75
808.74,354.68,809.50,355.58
764.22,383.45,765.52,384.20
804.56,391.16,806.46,390.59
803.24,366.13,802.28,367.99
789.48,358.11,792.68,359.05
809.61,357.86,809.80,357.85
805.74,352.85,808.71,352.86
807.39,371.16,807.17,369.92
826.09,435.68,825.27,435.97
805.74,352.85,806.83,353.30
804.38,426.89,804.60,426.92
789.33,360.00,792.14,359.05
804.20,427.14,804.38,426.89
789.32,361.90,789.48,361.89
818.85,367.67,818.82,367.67
779.04,375.88,778.93,375.66
808.62,341.04,808.57,341.68
789.17,360.00,789.48,361.89
789.32,361.90,789.76,363.76
804.13,427.58,804.20,427.14
828.02,330.65,828.61,332.33
808.94,353.53,809.50,355.26
788.57,363.75,789.76,363.76
804.25,427.62,804.20,428.04
788.88,363.62,789.58,365.32
821.87,341.26,820.87,342.59
820.07,380.88,820.30,380.67
789.58,365.32,790.54,366.89
804.88,432.03,805.02,431.29
791.04,371.23,792.89,372.36
806.78,425.69,806.96,425.99
806.56,425.66,806.78,425.69
791.90,372.99,791.95,373.09
782.28,371.27,782.62,370.33
813.07,360.00,813.08,360.00
814.33,341.26,813.80,342.53
791.90,372.99,793.99,373.49
809.11,364.22,809.29,364.25
793.92,372.53,795.90,372.69
818.23,335.61,818.12,333.77
796.27,357.68,795.99,358.82
804.63,330.65,805.53,329.92
797.75,373.57,795.68,373.64
794.04,368.81,794.50,366.22
803.24,350.91,803.42,350.91
803.24,350.91,802.46,350.84
804.00,350.29,803.42,350.91
823.73,366.58,823.55,366.39
803.42,350.24,803.42,350.91
825.49,332.75,825.26,331.82
825.86,416.36,825.34,415.61
785.07,372.03,785.11,372.11
827.75,421.92,828.32,422.46
810.94,360.00,813.81,361.17
803.42,350.24,803.24,350.91
792.64,379.10,792.84,378.64
790.65,365.49,794.47,365.80
808.50,350.15,808.54,350.21
778.36,355.80,782.26,356.87
827.80,422.97,826.72,423.70
815.58,350.21,816.61,351.45
808.50,350.15,809.95,351.39
789.53,380.73,790.15,380.76
808.50,350.15,808.69,351.42
807.24,350.18,808.69,351.42
789.14,380.90,789.79,381.59
808.32,351.71,809.52,353.11
808.69,351.42,809.52,353.11
783.37,358.01,782.63,357.86
808.69,351.42,809.93,352.86
816.38,421.62,814.22,422.14
783.37,358.01,782.40,357.87
813.99,327.87,801.25,327.67
809.52,353.11,810.48,354.67
809.89,352.79,810.48,354.67
812.92,356.24,813.38,358.11
809.89,352.79,810.89,354.43
826.65,355.34,826.72,355.29
829.95,361.37,829.79,361.71
804.09,395.43,803.79,397.13
822.57,395.98,822.51,395.81
812.40,355.73,810.89,354.43
796.91,349.73,793.31,347.86
826.07,421.45,827.27,421.62
782.24,360.00,783.37,358.01
820.08,390.09,818.15,389.31
783.21,360.00,783.37,358.01
810.89,354.43,811.63,356.21
783.95,366.20,785.06,368.09
827.65,328.56,827.32,328.38
812.39,355.71,812.91,357.84
796.87,349.67,796.91,349.73
818.64,423.69,816.38,421.62
808.32,351.71,809.52,353.11
809.97,360.00,809.80,362.15
774.75,383.68,774.72,382.63
801.52,356.08,799.72,352.54
809.97,360.00,813.07,360.00
821.06,398.00,822.33,397.34
815.11,333.48,815.48,333.54
802.13,360.00,801.51,356.05
820.98,358.30,821.13,357.98
807.97,363.92,807.21,365.76
821.06,398.00,821.12,397.00
802.13,360.00,802.15,360.00
819.23,442.72,817.82,446.33
817.82,409.97,823.88,406.21
781.21,366.57,780.28,367.94
814.98,440.03,810.30,424.38
807.85,366.24,806.72,368.08
818.45,378.16,817.85,379.67
800.89,369.61,805.32,369.72
793.67,370.68,773.94,382.89
814.02,335.51,814.36,332.73
799.70,367.50,801.51,363.94
749.41,366.43,750.42,363.26
817.77,378.68,817.85,379.67
820.89,358.70,820.23,358.73
806.72,368.08,805.32,369.72
805.42,431.62,806.34,432.13
802.88,414.98,802.70,415.24
790.29,367.13,791.53,368.58
806.55,427.12,806.77,427.12
799.14,370.93,795.34,369.96
825.89,430.83,825.98,430.88
801.86,348.42,802.01,348.01
809.82,303.57,809.65,302.41
790.54,366.89,791.53,368.58
802.98,418.86,803.33,418.15
804.15,422.82,804.21,423.28
796.84,369.05,795.34,369.96
792.36,357.62,792.52,357.77
809.36,406.21,811.43,405.53
808.65,364.21,807.85,366.24
797.27,354.30,796.45,355.26
791.20,346.49,792.01,348.95
789.22,371.30,790.36,368.37
824.09,369.35,823.53,369.37
828.28,331.64,828.04,332.66
796.35,356.51,796.27,357.68
830.78,440.40,828.99,441.74
795.99,353.53,796.45,355.26
792.21,358.30,793.06,358.05
829.61,438.93,830.76,439.10
795.05,354.62,793.69,355.53
789.48,358.11,792.73,358.46
815.24,440.40,817.81,439.60
828.23,344.33,827.57,343.91
789.17,360.00,788.12,361.90
788.29,363.79,789.03,365.57
789.38,369.81,791.04,371.23
787.85,358.08,787.69,360.00
782.44,356.87,782.26,356.87
770.44,380.61,770.14,381.65
793.55,373.47,795.68,373.64
787.66,371.04,789.36,372.25
796.76,331.43,797.60,331.07
788.09,371.05,790.14,371.30
795.38,372.84,795.48,372.92
813.62,408.10,822.42,405.02
809.11,355.78,808.43,358.01
801.14,399.45,801.27,398.84
795.34,369.96,797.33,372.03
823.85,432.03,823.88,432.52
800.83,352.68,799.71,353.15
791.46,372.97,793.45,373.57
827.46,389.54,809.71,389.54
800.44,398.66,800.77,396.81
791.20,373.51,791.28,373.59
825.78,341.04,825.74,341.68
804.81,382.51,806.00,383.17
801.71,352.04,800.48,352.33
801.34,349.85,801.34,350.91
799.72,396.24,799.78,396.18
801.51,350.24,801.51,350.91
807.26,394.65,804.80,395.98
805.49,372.36,805.54,372.29
803.86,348.46,805.62,349.19
795.82,370.85,797.58,371.58
799.51,396.72,799.72,396.24
801.34,350.91,801.34,349.85
814.80,396.75,797.58,396.75
796.36,371.54,798.21,371.99
799.37,397.34,799.51,396.72
802.29,350.83,803.24,350.91
804.88,432.03,805.42,432.52
803.24,349.85,802.29,350.83
799.75,399.86,800.03,400.20
802.29,349.78,802.29,350.83
810.79,400.75,810.81,401.09
799.38,398.72,799.33,398.02
804.00,350.29,803.42,350.24
771.33,384.41,772.72,384.50
803.32,348.05,803.42,350.24
810.81,400.73,810.83,401.31
800.09,398.24,799.53,399.35
805.50,350.64,804.00,350.29
805.62,349.19,808.50,350.15
817.37,321.73,815.78,320.39
808.50,350.15,807.24,350.18
807.24,350.18,808.69,351.42
818.18,409.33,820.91,408.58
818.64,423.69,814.22,422.14
809.33,427.41,811.73,441.39
806.92,350.51,808.32,351.71
808.64,351.32,809.89,352.79
808.95,304.47,809.49,304.23
783.83,356.08,783.13,355.78
795.42,340.38,794.42,338.97
808.32,351.71,809.89,352.79
782.62,356.87,782.44,356.87
762.28,377.96,762.97,377.99
819.23,442.72,827.79,442.72
824.77,441.29,823.96,441.58
795.48,366.97,796.65,367.98
809.80,357.85,812.90,357.83
820.98,358.30,820.46,358.05
831.03,440.03,827.32,427.41
798.26,373.49,800.46,373.09
811.37,395.19,811.05,396.95
823.28,400.45,823.16,400.70
808.43,361.98,809.61,362.14
822.44,402.17,821.80,398.08
809.89,367.21,808.32,368.29
809.78,360.00,809.61,362.14
809.78,360.00,808.43,361.98
811.76,393.88,811.33,395.43
824.39,398.14,824.33,397.44
808.65,364.21,808.91,363.13
769.45,383.35,768.49,382.53
811.63,363.79,810.48,365.32
808.81,363.13,808.65,364.21
811.82,393.56,811.37,395.19
823.94,396.30,824.18,396.81
817.75,397.94,817.97,397.91
807.97,363.92,808.65,364.21
797.27,354.30,797.77,354.56
808.65,364.21,807.83,366.19
829.23,355.53,829.20,355.54
796.84,369.05,799.14,370.93
823.55,369.85,823.33,372.32
802.46,350.84,801.51,350.91
794.50,354.21,793.69,355.53
800.75,369.55,799.14,370.93
802.46,350.84,801.34,350.91
792.12,358.70,792.93,358.35
821.88,438.93,829.61,438.93
737.17,349.59,734.21,351.47
800.75,369.55,796.84,369.05
795.99,353.53,797.27,354.30
824.07,370.03,823.08,367.55
793.51,370.21,795.06,369.57
819.82,397.97,819.91,396.67
821.52,357.70,821.32,357.77
801.66,410.62,801.35,409.97
824.07,367.30,823.08,367.55
790.49,354.47,790.65,354.51
793.72,370.64,795.06,369.57
804.00,350.29,803.90,350.96
788.12,361.90,788.88,363.62
795.99,353.53,795.05,354.62
793.69,355.53,793.09,356.96
821.43,360.67,821.52,360.59
823.15,367.22,830.72,367.35
827.26,355.30,827.43,355.21
788.88,356.37,788.45,358.16
789.92,356.26,793.09,356.96
801.88,372.12,803.75,371.67
789.32,358.09,789.48,358.11
821.20,357.06,820.41,357.93
772.76,384.78,772.86,385.03
789.76,356.24,789.48,358.11
789.32,358.09,789.17,360.00
830.72,367.35,830.53,367.20
781.39,366.39,779.85,363.36
802.01,348.01,805.11,348.42
803.54,373.12,805.54,372.29
788.12,358.10,789.17,360.00
773.88,377.90,773.19,382.11
812.51,360.00,812.43,360.95
788.12,358.10,787.97,360.00
813.38,361.89,812.94,363.74
783.80,368.79,781.39,366.39
803.86,348.46,805.62,349.19
789.76,356.24,788.12,358.10
797.24,337.26,799.68,338.92
824.98,355.24,826.36,355.18
785.65,362.16,787.85,361.92
788.30,360.00,788.45,361.83
823.33,370.27,823.15,370.13
797.24,337.26,794.70,337.41
824.98,355.24,826.32,355.24
785.65,362.16,786.15,364.26
788.30,360.00,788.12,361.90
804.92,389.90,805.99,389.90
827.79,442.72,819.63,442.05
792.95,378.25,792.95,376.69
814.98,440.03,809.33,427.41
832.19,370.64,830.72,370.31
786.83,370.34,783.80,368.79
805.35,349.55,806.92,350.51
788.45,358.16,788.30,360.00
813.91,421.49,816.24,420.92
783.93,366.25,786.83,366.30
788.45,361.83,788.88,363.62
804.63,330.65,803.73,331.37
810.92,365.51,809.93,367.13
830.80,367.70,830.80,369.97
790.11,371.31,786.83,370.34
809.03,350.24,810.44,351.89
788.30,360.00,788.45,361.83
786.15,364.26,789.03,365.57
785.07,368.03,786.47,369.66
788.29,363.79,789.03,365.57
801.24,371.65,823.33,372.32
786.98,366.26,788.11,368.11
796.39,370.33,794.85,370.33
806.31,422.48,807.12,422.83
787.97,368.16,786.98,366.26
812.89,336.33,818.55,338.90
804.33,332.69,804.07,332.40
811.25,422.36,813.91,421.49
786.93,368.97,788.44,370.26
787.97,368.16,789.38,369.81
816.55,388.76,816.83,388.79
809.52,366.89,808.32,368.29
806.47,308.43,806.47,318.85
821.58,392.46,819.79,391.15
823.08,369.79,823.08,367.55
786.03,369.64,788.44,370.26
808.47,353.75,809.29,355.74
811.23,355.53,811.82,356.96
786.47,369.73,789.38,369.81
775.97,385.25,777.28,385.34
815.68,389.19,816.55,388.76
828.85,355.31,828.52,355.21
734.48,351.92,735.91,353.89
824.03,336.84,821.71,343.18
822.59,362.95,825.52,362.82
808.64,368.67,807.17,369.92
787.66,371.04,789.49,372.15
812.19,358.46,812.23,359.05
788.09,371.05,789.92,372.17
811.32,449.07,821.98,448.64
795.61,361.20,795.89,362.38
830.80,369.97,830.80,367.70
787.08,372.92,791.35,373.07
812.72,321.12,818.17,320.46
816.10,350.20,814.74,349.25
789.09,373.34,791.20,373.51
791.46,372.97,793.55,373.47
805.27,416.86,805.49,416.80
817.82,389.82,816.97,389.35
820.67,415.22,821.01,414.50
815.80,393.16,815.70,391.80
793.45,373.57,793.55,373.47
793.45,373.57,795.60,373.75
808.27,339.93,808.39,340.46
816.18,372.40,816.33,372.39
793.36,360.95,793.29,360.00
789.16,373.42,795.60,373.75
823.73,364.73,801.82,364.27
826.79,439.23,826.25,438.46
806.91,328.61,807.05,328.61
824.60,404.29,823.63,405.31
803.74,390.70,804.66,390.20
810.89,365.57,809.89,367.21
795.03,365.40,795.96,366.49
824.15,358.71,823.08,358.43
800.53,363.36,798.98,366.39
803.24,366.13,799.31,366.57
799.76,364.87,798.88,366.31
791.28,373.59,795.60,373.75
771.14,375.34,770.11,374.98
826.74,439.67,825.96,438.89
828.02,330.65,828.83,329.34
810.90,360.00,810.94,360.00
810.48,365.32,809.52,366.89
794.47,365.80,795.48,366.97
793.06,382.99,793.06,382.85
791.20,373.51,791.28,373.59
809.89,367.21,808.64,368.67
796.65,367.98,797.97,368.79
783.00,376.82,789.07,377.10
820.54,441.73,828.99,441.74
824.15,355.17,823.08,355.45
799.54,348.05,800.93,350.29
793.32,373.34,793.41,373.42
793.72,370.64,795.38,372.84
792.01,371.05,793.72,370.64
788.41,380.49,789.05,379.91
807.62,446.33,808.73,446.48
801.86,348.42,803.65,348.84
797.78,367.59,796.84,369.05
788.18,379.91,789.05,379.91
795.99,358.82,798.98,358.83
798.17,367.91,796.84,369.05
819.79,391.15,819.00,390.09
823.01,413.22,822.48,412.74
799.64,351.29,800.48,352.33
799.31,352.82,799.64,351.29
800.93,350.29,801.51,350.24
778.35,385.02,778.27,385.26
812.39,364.29,811.57,366.26
770.56,384.31,770.61,384.55
801.43,347.90,801.34,349.85
821.41,405.13,822.62,405.37
792.01,371.05,793.72,370.64
803.32,348.05,802.29,349.78
806.70,441.38,807.63,440.99
805.11,348.42,803.32,348.05
806.48,445.11,811.09,442.72
765.69,371.11,767.15,373.20
808.29,353.80,808.47,353.75
805.11,348.42,805.17,348.49
810.44,351.89,808.64,351.32
810.42,351.84,811.57,353.73
814.86,389.90,815.68,389.19
812.19,358.46,812.43,359.05
815.07,331.79,814.91,331.94
813.62,408.10,823.43,405.15
832.19,367.03,830.72,367.35
809.29,355.74,809.80,357.85
800.89,396.30,801.11,396.81
797.75,373.57,795.60,373.75
799.76,364.87,799.31,366.57
827.91,328.27,828.33,328.61
803.39,366.17,807.85,366.24
831.17,348.81,831.03,348.83
824.17,372.40,823.42,372.40
804.21,364.20,808.68,364.25
802.13,367.94,800.75,369.55
791.28,346.41,793.41,346.58
802.13,367.94,798.17,367.91
820.54,441.73,830.76,439.10
799.89,347.02,799.85,346.93
827.56,328.42,827.70,328.65
799.31,366.57,798.17,367.91
820.79,366.46,820.36,368.41
796.50,351.31,797.78,352.41
798.23,353.48,799.31,352.82
797.08,352.59,795.99,353.53
803.25,347.97,803.32,348.05
826.78,330.73,827.01,330.72
770.68,384.06,771.81,384.43
791.87,370.60,793.51,370.21
769.01,382.59,767.73,382.51
802.01,348.01,803.86,348.46
779.98,363.32,779.62,363.46
794.50,354.21,793.69,355.53
826.84,331.46,827.06,331.37
776.72,377.70,776.77,378.04
790.65,354.51,789.92,356.26
810.30,424.38,811.85,423.62
827.00,332.11,827.20,331.95
776.77,378.04,776.31,382.41
788.57,356.25,788.12,358.10
807.17,350.07,808.32,351.71
828.02,332.77,827.91,333.02
788.12,358.10,788.30,360.00
813.62,408.10,823.95,405.53
777.86,362.11,777.69,360.00
786.83,366.30,787.97,368.16
786.47,369.66,785.06,368.09
830.80,367.70,830.72,367.35
779.22,361.75,777.86,362.11
809.03,357.87,808.59,360.00
823.80,343.49,824.81,343.15
785.06,368.09,786.47,369.73
808.43,358.01,808.59,360.00
825.11,343.04,824.81,343.15
786.47,369.66,786.47,369.73
809.61,357.86,809.78,360.00
797.78,352.41,798.17,352.09
824.15,343.36,825.11,343.04
732.27,354.13,734.24,355.56
786.93,368.97,788.44,370.26
796.60,360.72,798.44,360.72
804.21,364.20,803.39,366.17
824.47,343.01,825.38,342.73
787.66,371.04,789.49,372.15
788.51,371.05,791.20,373.51
788.44,370.26,789.49,372.15
832.27,367.45,830.80,369.97
769.39,382.48,769.01,382.59
808.79,362.15,808.56,363.13
788.44,370.26,790.14,371.30
776.63,369.88,775.17,369.88
805.73,421.51,806.13,421.18
783.35,353.76,782.53,355.75
789.49,372.15,790.14,371.30
800.23,365.08,799.31,366.57
824.72,342.46,825.60,342.27
789.36,372.25,791.35,373.07
824.88,341.78,825.74,341.68
789.16,373.42,791.28,373.59
778.81,375.12,778.86,374.58
781.55,377.76,781.36,377.54
789.09,373.34,791.28,373.59
779.22,368.42,777.34,368.42
808.50,421.22,809.44,420.82
802.72,381.29,803.17,382.33
808.51,420.32,809.32,420.03
823.73,417.60,823.76,418.08
793.14,369.49,794.71,370.45
790.26,371.18,793.32,373.34
803.97,380.82,803.17,382.33
808.58,420.78,809.32,420.03
792.01,371.05,793.32,373.34
777.66,368.25,796.21,368.68
808.51,420.32,809.01,419.52
823.73,417.60,823.82,417.64
790.26,371.18,792.01,371.05
798.22,368.68,779.58,368.25
808.10,419.99,808.32,419.92
797.78,367.59,798.17,367.91
798.88,366.31,797.78,367.59
799.42,350.64,799.64,351.29
805.14,417.60,805.27,416.86
798.31,351.84,799.64,351.29
805.14,417.60,805.09,417.12
800.23,365.08,799.31,366.57
784.72,377.92,784.75,378.43
817.77,445.87,820.66,445.37
795.99,358.82,799.25,357.68
798.00,351.23,799.42,350.64
824.44,421.99,823.91,421.51
776.91,377.54,776.77,378.04
801.34,349.85,802.29,349.78
819.42,308.32,813.89,309.04
778.98,373.51,779.15,373.78
801.34,347.82,803.32,348.05
805.11,348.42,803.86,348.46
814.98,440.03,811.73,441.39
783.52,353.81,784.60,354.24
768.58,377.69,768.90,377.85
805.35,349.55,807.17,350.07
831.75,331.25,831.38,331.20
778.43,373.75,778.33,374.14
807.39,348.83,808.64,351.32
823.08,369.79,830.80,367.70
827.25,332.61,827.42,332.40
787.85,361.92,788.29,363.79
781.66,357.85,781.90,356.87
770.45,377.71,769.34,377.66
808.47,353.75,811.56,353.70
803.88,411.10,802.54,410.98
823.08,367.55,830.80,367.70
810.62,355.84,811.17,357.17
787.97,368.16,788.11,368.11
810.42,351.84,811.56,353.70
802.45,372.27,805.49,372.36
809.19,360.00,808.43,361.98
785.06,368.09,787.97,368.16
809.03,357.87,809.19,360.00
826.14,421.46,826.49,420.73
808.59,360.00,809.19,360.00
817.69,324.61,817.89,325.35
802.24,367.43,803.42,367.52
810.30,304.21,810.31,304.42
831.84,333.43,831.76,333.43
768.41,373.51,768.57,373.78
807.66,435.68,808.06,435.97
804.21,364.20,808.79,362.15
803.24,366.13,803.39,366.17
826.48,338.84,826.08,343.87
824.57,436.45,824.66,436.50
803.24,366.13,804.21,364.20
804.10,400.51,802.89,402.23
799.31,366.57,802.13,367.94
798.00,351.23,797.08,352.59
807.45,417.04,808.35,417.59
825.29,440.88,824.75,440.39
823.39,418.31,823.60,418.34
824.77,441.29,824.69,440.83
798.00,351.23,796.68,352.04
790.26,371.18,790.19,370.74
793.28,382.76,793.25,382.44
792.01,371.05,790.26,371.18
791.64,352.89,790.65,354.51
790.49,354.47,789.76,356.24
822.97,395.72,823.16,395.89
789.30,354.49,788.57,356.25
789.05,380.32,789.07,380.55
827.34,439.72,826.79,439.23
788.12,358.10,788.45,358.16
826.99,440.44,827.34,439.72
787.69,360.00,788.30,360.00
783.47,369.15,781.39,366.39
803.65,348.84,805.62,349.19
787.69,360.00,787.85,361.92
824.34,370.61,823.15,370.13
785.99,364.29,786.15,364.26
785.99,364.29,785.65,362.16
824.34,370.61,824.15,370.44
785.99,364.29,786.83,366.30
788.45,361.83,788.29,363.79
807.17,350.07,808.64,351.32
808.90,439.32,809.83,439.83
813.38,361.89,811.83,363.05
787.66,371.04,788.44,370.26
786.47,369.73,788.11,371.14
786.03,369.64,787.66,371.04
813.62,408.10,823.88,406.21
813.53,360.00,812.51,360.00
796.45,331.78,797.60,331.07
788.44,370.26,790.14,371.30
793.55,370.34,793.61,370.75
809.11,355.78,809.61,357.86
787.52,371.12,789.36,372.25
790.14,371.30,791.98,372.07
789.36,372.25,791.35,373.07
828.93,349.89,827.38,348.91
789.49,372.15,791.46,372.97
787.08,372.92,789.16,373.42
832.27,370.23,830.80,369.97
789.09,373.34,789.16,373.42
825.29,440.88,825.38,440.94
824.22,437.16,824.44,437.20
824.64,426.82,824.57,426.36
789.92,363.74,790.65,365.49
799.54,348.05,799.42,350.64
797.75,346.42,797.81,346.53
801.34,347.82,801.43,347.90
795.06,350.43,796.50,351.31
820.54,441.73,830.78,440.40
793.32,373.34,795.38,372.84
799.54,348.05,801.43,347.90
805.35,349.55,805.53,349.07
805.53,349.07,807.17,350.07
818.03,342.35,826.23,342.35
818.72,368.26,818.91,368.41
801.34,349.85,801.51,350.24
806.63,445.86,807.10,445.87
767.13,377.61,766.90,374.01
807.39,348.83,809.03,350.24
776.33,384.17,775.20,384.53
826.27,435.99,826.48,436.02
808.29,353.80,807.34,351.91
808.71,438.89,809.02,438.46
807.71,366.53,807.73,366.22
813.59,333.85,813.82,333.32
807.66,434.78,808.06,434.44
808.81,356.87,809.03,357.87
823.51,432.74,823.85,432.03
808.81,356.87,808.43,358.01
807.17,350.07,808.64,351.32
807.97,356.08,808.81,356.87
804.29,380.67,804.28,381.52
793.61,370.75,790.11,371.31
804.05,364.17,804.21,364.20
817.91,390.93,816.70,393.46
804.71,362.12,804.21,364.20
800.23,365.08,803.24,366.13
793.61,370.75,790.19,370.87
804.05,364.17,803.24,366.13
819.16,381.25,818.27,381.97
790.19,370.74,790.26,371.18
806.00,383.17,804.50,383.43
820.97,389.08,809.71,389.54
815.38,320.87,813.70,320.87
813.16,405.15,815.35,406.11
791.49,352.84,790.49,354.47
824.94,441.60,825.16,441.63
825.36,431.24,825.29,430.78
789.30,354.49,790.49,354.47
820.97,389.08,827.46,389.54
791.49,352.84,789.30,354.49
792.84,382.07,793.10,382.39
801.42,360.00,800.87,363.49
831.99,354.90,830.60,355.22
790.29,352.86,789.30,354.49
788.88,356.37,788.57,356.25
810.54,337.38,810.37,337.32
830.21,332.37,830.27,332.73
800.87,356.50,801.42,360.00
793.01,347.70,795.01,346.87
789.30,354.49,788.88,356.37
801.06,360.00,801.42,360.00
814.07,410.98,815.77,410.62
789.58,354.67,788.88,356.37
825.18,425.99,824.74,425.71
767.91,373.64,767.85,373.56
809.65,425.05,809.38,426.03
805.72,389.19,806.56,388.76
810.80,358.80,810.57,357.68
826.61,435.27,826.70,435.32
788.45,358.16,787.85,358.08
826.22,427.16,823.72,444.58
792.85,359.57,792.82,359.15
788.29,356.21,787.85,358.08
800.35,332.26,800.41,332.23
799.26,353.35,800.87,356.50
788.29,356.21,788.45,358.16
797.33,347.97,795.48,347.07
788.88,356.37,788.45,358.16
774.67,377.42,774.79,377.57
800.50,332.49,800.35,332.26
798.98,353.61,800.53,356.64
787.85,358.08,787.69,360.00
785.48,360.00,787.85,358.08
796.76,350.85,799.26,353.35
823.00,358.08,830.88,358.04
803.36,370.26,801.66,371.30
785.48,360.00,785.65,362.16
814.60,332.22,814.57,332.26
824.89,329.02,826.39,330.41
796.58,351.20,798.98,353.61
785.49,362.17,785.99,364.29
790.14,348.69,789.92,347.83
783.11,364.25,785.99,364.29
820.15,380.62,819.98,380.77
810.39,304.64,810.65,304.52
818.36,365.41,818.23,365.41
809.29,364.25,812.39,364.29
783.95,366.20,783.11,364.25
825.25,331.24,825.42,330.90
814.44,332.46,814.60,332.22
793.61,349.25,796.76,350.85
790.14,348.69,788.09,348.95
783.11,364.25,783.93,366.25
793.55,349.66,796.58,351.20
781.36,377.54,780.13,377.49
783.95,366.20,785.07,368.03
823.14,427.62,822.60,427.14
785.64,367.46,785.07,368.03
817.94,379.67,817.88,380.57
814.38,342.16,814.51,342.36
790.11,348.69,793.61,349.25
784.60,365.76,785.64,367.46
814.52,342.40,814.38,342.16
790.19,349.13,793.55,349.66
785.64,367.46,786.93,368.97
772.01,384.11,770.77,384.50
800.29,342.36,800.43,342.13
786.83,349.66,790.19,349.13
820.89,358.70,821.06,358.21
786.03,369.64,787.66,371.04
785.88,369.72,787.52,371.12
783.47,350.85,786.83,349.66
827.34,355.79,825.99,359.58
787.52,371.12,789.36,372.25
783.30,370.99,789.36,372.25
787.03,372.84,789.09,373.34
822.26,355.12,822.26,362.79
792.73,351.39,791.49,352.84
786.81,370.64,788.51,371.05
800.90,363.46,800.23,365.08
797.69,348.49,799.42,350.64
791.98,372.07,793.92,372.53
829.07,376.59,827.60,378.59
798.00,351.23,799.42,350.64
799.44,347.97,799.54,348.05
782.44,363.13,782.62,363.13
814.96,379.68,817.83,380.33
783.96,376.12,783.43,376.39
832.27,370.23,830.72,370.31
812.47,364.41,811.70,365.31
823.64,340.13,823.31,340.26
800.11,347.86,802.01,348.01
800.11,347.86,801.86,348.42
830.72,370.31,830.53,370.45
809.40,427.45,811.80,441.46
801.88,347.88,803.65,348.84
823.08,369.79,823.15,370.13
803.75,348.33,805.53,349.07
803.54,346.87,805.53,349.07
819.66,370.46,822.26,370.46
800.12,364.29,800.12,361.71
805.54,347.70,805.53,349.07
819.42,370.43,819.66,362.79
805.94,350.26,809.00,350.19
807.60,431.32,808.10,432.11
802.48,415.22,802.30,414.92
807.21,354.24,808.29,353.80
823.15,367.22,830.53,367.20
815.78,340.51,815.46,340.64
807.17,351.97,808.29,353.80
825.27,435.97,825.14,435.19
781.66,362.15,781.99,362.15
828.33,330.41,828.69,330.05
823.15,367.22,823.33,367.08
807.60,430.42,808.53,430.92
807.97,356.08,808.65,355.78
782.40,362.13,781.99,362.15
807.83,353.81,807.97,356.08
781.99,357.85,782.20,356.87
804.54,362.11,804.05,364.17
781.66,357.85,781.99,357.85
793.72,349.36,793.51,349.79
801.31,361.75,800.90,363.46
792.77,355.97,792.79,356.20
819.23,442.72,816.14,446.48
805.78,369.66,804.29,371.14
820.79,394.05,821.33,392.53
828.16,344.31,834.04,338.90
801.10,352.85,805.22,352.58
793.32,346.66,791.28,346.41
786.81,370.64,788.51,370.60
782.40,357.87,782.20,356.87
822.26,362.79,822.26,355.12
822.41,359.15,822.38,359.64
819.31,354.35,819.42,362.79
786.81,370.64,788.51,371.05
791.53,351.42,791.49,352.84
821.18,418.39,821.35,418.13
804.20,427.14,804.60,426.81
790.29,352.86,791.49,352.84
789.30,354.49,789.58,354.67
787.52,348.88,787.66,348.96
788.29,356.21,788.88,356.37
824.05,436.86,823.24,437.15
807.42,395.58,807.26,394.65
794.60,370.81,796.36,371.54
808.71,352.86,809.80,353.31
789.03,354.43,788.29,356.21
817.68,380.76,817.88,380.55
822.67,413.93,821.99,414.44
812.51,360.00,812.43,360.95
786.15,355.73,787.85,358.08
831.30,349.60,826.54,348.85
804.71,360.00,801.31,361.75
809.19,360.00,808.74,360.00
783.52,366.19,784.64,368.02
821.81,428.34,821.69,427.56
785.49,362.17,785.65,362.16
808.96,360.00,808.74,360.00
784.48,368.08,785.88,369.72
789.16,346.58,791.35,346.93
784.64,368.02,786.03,369.64
785.88,369.72,786.03,369.64
792.97,350.18,791.53,351.42
824.75,440.39,824.91,440.14
823.34,355.84,825.42,355.82
791.53,368.58,792.97,369.82
785.07,372.03,783.30,370.99
783.95,366.20,783.93,366.25
808.58,357.85,808.36,356.87
832.27,358.27,830.80,358.40
783.30,370.99,785.11,372.11
805.25,333.82,805.84,333.95
784.60,365.76,785.07,368.03
809.03,357.87,808.58,357.85
787.52,348.88,789.36,347.75
805.39,333.82,805.84,333.95
808.81,356.87,808.58,357.85
786.81,370.64,787.03,372.84
808.81,356.87,809.03,357.87
785.18,369.96,786.81,370.64
800.90,363.46,800.40,363.32
824.16,335.76,823.78,335.53
781.66,357.85,781.49,360.00
808.36,356.87,808.58,357.85
780.62,355.12,780.30,354.92
810.94,358.74,811.04,360.00
800.79,361.68,800.90,363.46
785.88,369.72,787.66,371.04
793.34,359.15,793.97,359.57
808.56,356.87,808.36,356.87
830.80,358.40,830.60,358.55
831.01,438.68,831.18,439.60
797.58,348.42,797.69,348.49
746.49,360.00,748.10,355.04
774.16,369.80,773.24,369.81
795.82,349.15,797.69,348.49
798.21,348.01,799.44,347.97
803.32,371.95,805.50,369.39
796.36,348.46,798.21,348.01
821.20,378.29,818.81,378.29
775.46,383.99,774.19,383.22
823.83,427.12,823.71,426.34
787.03,372.84,787.08,372.92
808.71,367.14,809.80,366.69
825.77,353.46,825.15,353.24
798.20,348.42,800.03,348.27
824.82,427.12,825.03,427.15
824.63,394.25,823.99,393.53
792.45,378.79,792.21,378.49
805.14,417.60,805.02,417.56
822.97,395.72,823.25,395.86
799.82,372.07,801.66,371.30
803.54,346.87,801.88,347.88
806.39,367.51,807.57,367.42
823.08,355.45,823.27,355.30
803.54,346.87,803.75,348.33
781.65,350.45,783.30,349.00
783.83,363.92,783.52,366.19
804.29,348.86,807.35,348.77
782.35,352.09,781.65,350.45
805.78,350.34,805.94,350.26
819.00,362.79,818.99,371.85
813.59,340.84,814.20,341.44
792.97,350.18,791.53,351.42
805.78,350.34,807.17,351.97
807.83,353.81,807.21,354.24
816.18,353.23,825.55,353.23
791.74,351.71,790.04,352.79
815.61,380.88,815.36,380.90
791.29,351.32,790.04,352.79
807.45,417.04,807.27,416.74
808.56,356.87,808.94,356.87
796.41,348.84,798.20,348.42
801.45,360.00,801.31,361.75
795.82,349.15,794.32,350.21
801.46,381.44,802.91,381.52
825.95,353.22,825.55,353.23
791.53,351.42,792.73,351.39
814.17,349.29,815.58,350.21
789.58,354.67,789.03,354.43
790.04,352.79,789.03,354.43
804.87,351.03,806.17,352.54
800.60,333.17,800.27,328.39
790.04,352.79,789.58,354.67
823.26,431.98,822.49,431.21
818.61,333.98,819.21,332.65
813.52,360.00,813.53,360.00
800.27,333.12,800.27,328.39
790.54,353.11,789.58,354.67
786.15,355.73,789.03,354.43
785.99,355.71,785.65,357.84
782.97,370.42,782.62,371.42
782.60,357.85,785.32,360.00
804.54,357.89,801.45,360.00
783.52,366.19,782.70,364.21
820.89,359.59,820.95,359.64
783.83,363.92,782.70,364.21
805.91,422.71,805.73,422.41
783.52,366.19,784.60,365.76
780.10,385.38,779.98,385.13
797.75,373.57,795.60,373.75
818.23,335.61,818.61,333.98
796.27,357.68,799.25,357.68
819.66,362.79,819.42,355.16
789.48,361.89,792.72,361.54
783.52,366.19,784.64,368.02
816.10,350.20,817.03,351.45
772.24,384.33,771.33,384.41
801.71,367.97,802.97,368.07
804.35,398.27,803.30,400.36
825.30,440.48,825.38,440.94
826.87,367.37,825.29,367.35
791.49,367.16,791.64,367.11
784.48,368.08,784.64,368.02
780.29,367.99,785.88,369.72
782.78,378.38,782.91,378.01
781.68,369.61,783.30,370.99
810.42,368.16,809.03,369.76
791.37,380.44,791.52,380.77
813.89,346.82,813.85,346.79
781.65,369.55,783.30,370.99
783.26,370.93,785.07,372.03
822.86,353.34,816.16,353.45
785.18,369.96,785.07,372.03
800.79,361.68,801.31,361.75
801.45,360.00,801.31,361.75
831.44,439.21,828.68,422.74
799.61,368.74,801.01,369.07
827.72,333.26,827.75,333.36
800.10,341.86,800.30,342.36
799.25,362.32,799.70,363.41
794.60,349.19,796.36,348.46
827.17,439.01,827.35,439.32
798.26,373.49,800.34,372.99
800.03,348.27,799.96,347.73
811.77,348.85,810.42,349.68
799.28,346.20,801.88,347.88
828.02,332.77,828.33,332.65
815.06,348.76,811.77,348.85
801.36,346.29,803.54,346.87
810.89,354.43,811.63,356.21
802.45,347.73,803.48,346.80
804.87,351.03,805.78,350.34
803.36,349.73,804.87,351.03
806.30,441.60,806.12,441.29
812.04,344.71,811.02,345.83
806.17,352.54,806.72,351.98
804.00,350.29,805.29,351.29
819.19,384.16,819.83,383.99
812.05,441.73,820.54,441.73
786.15,355.73,785.65,357.84
806.72,351.92,807.85,353.76
792.79,356.20,791.18,362.15
805.52,436.45,806.06,436.04
804.21,355.80,807.85,353.76
791.53,351.42,791.74,351.71
789.49,347.84,791.46,347.02
783.69,369.05,785.07,372.03
783.69,369.05,785.31,369.57
785.31,369.57,785.18,369.96
830.76,439.10,831.18,439.60
825.29,440.88,825.32,441.38
812.10,358.10,811.61,358.16
793.41,359.15,793.97,359.57
824.86,331.87,824.77,330.77
788.11,351.89,789.03,354.43
812.56,392.46,811.87,391.15
822.67,413.93,823.01,413.22
801.45,360.00,800.79,361.68
790.04,352.79,789.03,354.43
786.98,353.73,786.15,355.73
811.76,360.00,812.23,360.00
827.89,349.68,831.30,349.60
825.15,372.38,823.12,372.32
825.10,332.86,824.86,331.87
762.43,368.42,763.38,369.89
783.11,355.74,785.49,357.83
782.60,357.85,782.43,360.00
807.24,350.18,806.92,350.51
782.40,362.13,782.62,363.13
797.53,395.88,797.93,394.05
782.62,363.13,783.83,363.92
806.16,440.88,806.70,440.48
783.35,366.24,783.52,366.19
781.65,369.55,780.29,367.99
805.91,422.71,806.13,422.74
807.71,435.27,807.59,435.22
801.45,360.00,800.93,360.00
815.74,341.02,815.81,340.85
761.92,374.22,761.25,374.89
801.84,347.75,803.68,348.88
800.32,328.41,800.33,333.12
794.30,355.56,794.41,355.29
801.31,358.25,801.45,360.00
800.75,350.45,799.27,349.00
794.60,349.19,796.41,348.84
806.93,351.23,808.25,352.04
796.36,348.46,796.41,348.84
798.04,347.88,798.20,348.42
807.06,430.83,807.60,430.42
801.36,346.29,799.28,346.20
800.46,346.90,801.36,346.29
802.32,347.83,800.46,346.90
811.63,356.21,812.08,358.08
804.15,348.95,803.36,349.73
823.01,413.22,823.10,413.25
800.75,369.55,802.28,367.99
783.13,355.78,783.37,358.01
822.36,343.86,822.36,340.63
780.62,364.87,781.50,366.31
801.66,348.69,804.15,348.95
805.01,432.74,804.84,432.44
809.80,362.15,812.90,362.17
805.32,350.35,804.87,351.03
783.95,353.80,783.93,353.75
803.36,349.73,805.32,350.35
746.49,360.00,741.28,360.00
780.74,383.66,781.72,382.83
796.60,360.72,796.51,360.72
805.32,350.28,806.72,351.92
806.72,351.98,806.72,351.92
765.69,371.11,764.21,377.47
822.37,371.38,822.26,370.46
743.43,355.78,742.27,356.94
783.26,382.93,783.48,382.59
803.39,353.83,807.85,353.76
808.86,391.30,806.70,391.72
803.39,353.83,806.72,351.92
822.69,354.32,822.58,355.15
781.72,382.83,781.94,382.49
804.05,355.83,804.21,355.80
827.89,349.68,826.54,348.85
782.28,370.24,780.84,369.08
813.33,342.69,813.88,342.46
803.24,353.87,804.21,355.80
801.31,358.25,804.54,357.89
797.12,346.37,799.28,346.20
804.05,355.83,804.54,357.89
805.32,369.72,803.68,371.12
793.14,350.51,792.97,350.18
807.06,430.83,807.02,430.34
782.64,377.94,782.73,377.35
806.47,308.43,806.47,318.85
794.60,349.19,793.14,350.51
794.71,349.55,793.14,350.51
806.30,441.60,806.52,441.63
794.60,349.19,794.71,349.55
783.88,368.69,783.69,369.05
813.45,392.12,812.38,392.12
782.35,367.91,783.69,369.05
786.83,353.70,785.99,355.71
783.11,355.74,782.60,357.85
800.79,358.32,800.93,360.00
782.63,357.86,782.60,357.85
799.85,346.93,801.84,347.75
803.40,369.14,803.89,369.07
781.65,350.45,780.28,352.06
783.37,358.01,782.46,360.00
800.60,393.66,800.47,394.71
788.51,348.95,790.26,348.81
801.01,369.07,801.71,367.97
800.75,350.45,802.13,352.06
782.24,360.00,782.40,362.13
804.38,428.34,804.20,428.04
782.40,362.13,783.37,361.98
783.92,376.48,784.42,376.40
779.90,377.69,780.11,374.63
782.26,363.13,782.44,363.13
782.70,364.21,782.44,363.13
803.24,349.85,802.29,349.78
804.88,432.03,805.49,432.08
783.93,353.75,783.11,355.74
782.53,364.25,783.35,366.24
805.11,348.42,806.92,349.22
778.36,364.20,783.35,366.24
822.37,354.20,819.66,355.12
783.26,349.07,782.35,352.09
780.28,367.94,781.65,369.55
783.69,350.95,782.35,352.09
810.94,358.74,811.55,359.05
781.21,366.57,781.65,369.55
805.65,437.16,805.88,437.20
800.79,358.32,801.31,358.25
771.78,379.39,771.14,380.65
785.64,352.54,784.60,354.24
782.60,352.41,781.50,353.69
800.90,356.54,800.79,358.32
823.08,369.79,830.80,369.97
826.48,398.26,826.42,398.26
791.64,379.09,792.63,379.09
794.39,349.07,796.17,348.33
819.44,363.24,819.66,363.20
811.56,353.70,811.57,353.73
826.28,400.36,826.42,398.26
794.71,349.55,796.17,348.33
796.41,348.84,796.17,348.33
783.26,382.93,781.94,382.49
803.39,353.83,804.21,355.80
743.43,355.78,746.49,360.00
796.17,348.33,798.04,347.88
814.07,410.98,815.77,410.62
822.69,353.52,822.69,354.32
782.55,383.99,783.26,382.93
800.90,356.54,801.31,358.25
799.19,346.12,801.36,346.29
767.18,374.22,765.94,373.58
784.60,354.24,783.83,356.08
804.38,428.34,804.60,428.37
803.18,404.29,803.81,402.55
812.69,411.10,814.07,410.98
828.88,340.48,827.28,340.55
799.55,404.45,800.37,404.74
822.84,356.39,823.53,356.36
779.62,363.46,779.17,366.13
800.34,347.01,800.46,346.90
826.48,355.13,828.83,355.13
808.36,363.13,808.56,363.13
798.35,346.40,800.46,346.90
800.83,352.68,802.00,352.40
801.66,348.69,802.32,347.83
783.88,351.31,782.60,352.41
800.34,347.01,801.66,348.69
803.36,349.73,803.70,348.96
782.20,356.87,782.26,356.87
821.01,323.80,821.12,323.81
785.31,350.43,786.87,349.79
801.66,348.69,803.36,349.73
782.60,367.59,783.69,369.05
781.90,363.13,782.20,363.13
794.05,346.40,796.20,346.23
803.70,348.96,805.32,350.28
782.35,367.91,783.69,369.05
803.68,348.88,805.32,350.28
822.79,339.12,822.84,338.68
819.24,353.52,819.55,354.20
805.32,350.28,806.72,351.92
798.14,324.15,798.29,323.78
802.28,352.01,805.32,350.28
829.23,441.39,828.83,441.46
804.25,427.62,804.78,427.22
800.90,356.54,804.05,355.83
806.77,427.15,807.45,427.68
806.67,411.92,806.63,411.44
790.54,366.89,791.74,368.29
818.31,378.31,815.32,378.64
826.37,332.76,825.85,332.76
794.71,349.55,793.14,350.51
792.75,350.07,793.14,350.51
794.71,349.55,792.75,350.07
819.16,411.68,827.03,423.16
794.71,349.55,794.39,349.07
799.28,346.20,799.96,347.73
781.21,366.57,782.60,367.59
781.21,366.57,782.35,367.91
805.50,350.64,806.93,351.23
782.60,367.59,782.35,367.91
804.54,362.11,804.71,362.12
748.10,364.95,749.55,364.21
789.52,350.24,788.11,351.89
788.11,348.86,789.38,350.19
779.86,375.16,779.81,375.70
785.06,351.91,786.83,353.70
825.55,372.40,825.77,372.17
783.13,355.78,783.11,355.74
807.42,395.58,810.01,395.08
819.31,354.35,819.42,355.16
801.66,348.69,803.36,349.73
780.62,364.87,781.21,366.57
783.13,355.78,782.63,357.86
818.91,379.71,818.81,381.12
810.85,358.82,810.94,360.00
813.81,358.83,813.90,360.00
828.38,440.93,828.36,441.72
811.18,362.84,810.16,363.66
804.23,352.04,805.46,352.33
782.53,364.25,782.26,363.13
808.43,361.98,807.97,363.92
781.90,363.13,782.53,364.25
744.88,355.04,746.49,360.00
782.70,355.78,782.62,356.87
825.07,343.82,822.72,339.18
778.36,364.20,782.53,364.25
779.17,366.13,778.36,364.20
815.77,410.62,817.82,409.97
800.90,356.54,800.40,356.68
783.37,361.98,783.83,363.92
815.46,340.64,815.81,340.85
800.23,354.92,800.90,356.54
797.77,354.56,796.98,355.48
823.08,367.55,823.15,367.22
795.01,346.87,794.39,349.07
827.36,342.72,829.78,342.60
794.39,349.07,796.17,348.33
820.51,441.52,828.83,441.46
826.59,355.23,828.52,355.21
792.58,357.54,792.52,357.77
766.90,382.11,766.30,378.02
785.31,350.43,783.69,350.95
804.15,348.95,804.29,348.86
796.20,346.23,798.35,346.40
813.62,408.10,814.07,410.98
798.26,346.51,796.20,346.23
799.85,396.41,800.47,394.71
800.34,347.01,799.82,347.93
815.74,343.85,815.74,341.02
803.68,348.88,805.32,350.28
800.23,354.92,803.24,353.87
796.41,348.84,798.04,347.88
802.13,352.06,803.24,353.87
749.55,364.21,750.70,363.06
802.13,352.06,800.23,354.92
773.46,378.08,773.28,377.92
791.07,381.86,791.89,382.45
798.04,347.88,799.96,347.73
811.80,441.46,811.73,441.39
800.77,396.81,802.56,395.19
794.39,349.07,792.75,350.07
799.28,346.20,801.44,346.37
822.51,343.58,815.74,343.85
767.62,380.73,767.02,381.33
791.17,348.83,792.75,350.07
823.08,369.79,830.72,370.31
797.58,348.42,798.21,348.01
773.32,377.92,773.46,378.08
816.28,381.86,815.98,382.45
801.36,346.29,803.48,346.80
822.36,343.86,822.51,343.58
793.01,347.70,794.39,349.07
789.38,350.19,789.52,350.24
807.26,394.65,810.01,395.08
822.36,340.63,822.51,340.69
780.30,365.08,781.21,366.57
824.40,339.57,824.65,339.29
823.00,355.79,823.08,355.45
825.77,353.46,825.37,353.46
798.39,340.19,797.74,338.53
805.62,349.19,807.24,350.18
781.50,366.31,781.21,366.57
817.10,335.51,816.59,332.73
786.47,350.26,787.97,351.84
829.76,438.49,830.76,439.10
799.96,347.73,801.88,347.88
822.51,343.58,822.36,343.86
785.06,351.91,787.97,351.84
821.46,355.65,821.27,355.85
803.70,348.96,805.32,350.35
741.28,360.00,741.53,361.61
765.94,373.58,764.55,373.36
785.06,351.91,783.93,353.75
768.16,370.84,762.04,368.63
819.66,362.79,822.26,355.12
793.14,350.51,791.53,351.42
804.87,351.03,807.17,351.97
822.69,353.52,822.37,354.20
781.68,350.39,780.29,352.01
799.19,346.12,799.28,346.20
781.49,360.00,781.66,362.15
812.89,329.87,801.86,336.99
816.71,340.51,823.77,340.17
777.86,362.12,781.66,362.15
801.71,352.04,800.83,352.68
804.60,367.43,803.42,367.52
806.17,352.54,807.21,354.24
823.53,356.36,823.42,356.10
812.89,336.33,812.89,329.87
778.36,364.17,778.36,364.20
780.30,365.08,779.17,366.13
825.49,332.75,825.26,331.82
818.45,378.16,818.57,379.71
811.16,305.10,810.62,304.89
799.76,355.12,800.23,354.92
825.37,353.46,823.36,353.49
790.19,349.26,791.87,349.39
825.96,332.21,826.16,332.31
816.56,340.79,815.97,340.79
799.31,353.42,800.23,354.92
782.20,356.87,781.90,356.87
816.71,340.51,815.78,340.51
798.88,353.69,799.76,355.12
763.15,375.31,763.47,374.98
794.90,346.80,797.02,346.29
794.05,346.40,794.90,346.80
796.12,346.34,794.05,346.40
818.99,353.74,819.31,354.35
787.66,348.96,786.03,350.35
788.51,348.95,790.26,348.81
825.69,331.38,825.65,331.61
796.12,346.34,796.20,346.23
818.34,368.39,818.91,368.41
804.71,360.00,804.54,362.11
816.71,336.99,816.71,329.82
789.94,377.97,790.28,377.86
822.86,372.39,823.42,372.40
797.89,347.47,798.26,346.51
818.04,368.26,818.77,363.24
795.82,349.15,795.94,349.22
813.45,392.12,811.82,393.56
802.28,352.01,803.39,353.83
796.12,346.34,797.89,347.47
800.23,354.92,800.90,356.54
797.81,346.53,799.82,347.93
804.23,367.97,803.89,369.07
782.35,352.09,780.28,352.06
799.89,347.02,801.84,347.75
801.84,347.75,803.68,348.88
799.27,349.00,801.84,347.75
818.33,362.36,818.77,363.24
800.75,350.45,800.89,350.39
824.11,353.11,833.18,353.10
798.17,352.09,799.31,353.42
789.49,368.39,789.67,368.25
789.03,354.43,788.29,356.21
786.81,349.36,788.51,348.95
763.19,376.60,762.28,377.96
791.04,348.77,793.01,347.70
791.04,348.77,789.38,350.19
825.55,372.40,816.33,372.39
810.60,336.79,810.78,326.34
786.47,350.34,785.06,351.91
820.92,359.15,820.85,359.15
813.05,334.55,812.61,334.63
785.11,347.89,787.08,347.07
782.63,362.14,783.13,364.22
809.78,360.00,808.59,360.00
786.93,351.03,785.64,352.54
785.07,351.97,785.06,351.91
804.90,307.04,805.55,306.93
746.49,360.00,742.27,363.06
771.08,379.35,770.44,380.61
785.07,351.97,783.95,353.80
822.69,354.32,822.58,355.15
783.83,363.92,784.60,365.76
795.01,361.26,793.36,360.95
773.84,384.95,772.86,385.03
771.30,377.96,771.08,379.35
784.60,354.24,783.83,356.08
783.52,353.81,783.83,356.08
792.09,359.15,791.88,359.15
818.61,339.39,818.78,339.74
819.42,362.79,819.42,355.16
823.17,340.59,822.36,343.86
783.35,366.24,784.64,368.02
822.91,362.79,822.69,371.27
780.30,354.92,779.62,356.54
793.36,359.05,793.40,358.57
782.53,355.75,782.26,356.87
789.38,350.19,787.97,351.84
781.68,369.61,785.88,369.72
770.44,375.31,771.08,376.56
781.66,357.85,781.49,360.00
827.56,332.93,827.25,332.61
786.15,364.26,786.98,366.26
777.69,360.00,781.66,357.85
811.94,355.96,821.27,355.85
782.55,378.33,782.91,378.01
783.26,370.93,783.30,370.99
822.86,356.05,823.42,356.10
803.90,350.96,804.23,352.04
777.69,360.00,777.86,362.12
818.54,324.08,818.04,324.13
816.21,382.99,816.67,382.76
819.55,371.38,822.26,370.46
777.86,362.11,778.36,364.17
779.62,363.46,778.36,364.17
797.78,352.41,799.31,353.42
787.08,347.07,791.35,346.93
801.71,352.04,801.51,350.91
798.17,352.09,799.31,353.42
798.31,351.84,797.08,352.59
791.98,347.93,793.92,347.47
791.82,378.57,795.71,378.43
791.95,346.90,794.90,346.80
792.89,347.64,794.90,346.80
791.98,347.93,793.99,346.51
780.48,368.80,782.47,368.80
791.82,378.57,791.87,378.25
791.95,346.90,794.05,346.40
793.99,346.51,794.05,346.40
782.77,369.08,780.48,368.80
795.51,379.06,795.66,378.76
793.92,347.47,795.90,347.31
780.84,369.08,780.48,368.80
791.67,378.87,795.66,378.76
793.99,346.51,795.90,347.31
796.12,346.34,795.90,347.31
822.69,353.52,819.55,354.20
818.99,371.85,819.36,362.79
822.08,368.93,824.09,369.35
780.84,369.08,782.77,369.08
791.67,378.87,791.82,378.57
818.64,423.69,826.72,423.70
793.99,346.51,796.12,346.34
797.75,346.42,799.85,346.93
791.14,379.25,795.27,379.30
797.75,346.42,799.85,346.93
784.46,370.42,784.16,370.33
781.50,353.69,780.62,355.12
791.14,379.25,791.43,379.10
797.75,346.42,799.89,347.02
828.09,341.90,826.50,341.97
788.41,380.49,789.26,380.49
797.78,367.59,796.50,368.69
797.45,347.89,799.85,346.93
798.17,352.09,800.75,350.45
809.75,342.72,809.61,342.71
823.12,353.27,822.69,353.52
787.66,348.96,786.03,350.35
791.04,348.77,792.89,347.64
786.47,350.34,788.11,348.86
764.90,369.89,763.43,369.88
789.16,346.58,793.45,346.42
793.78,379.06,794.02,379.30
786.47,350.34,786.47,350.26
784.48,351.92,783.35,353.76
779.22,361.75,779.62,363.46
779.08,360.00,779.58,361.68
779.58,361.68,779.62,363.46
779.18,353.83,778.36,355.80
789.81,378.57,793.78,379.06
779.58,361.68,779.98,363.32
779.98,363.32,780.62,364.87
786.47,350.34,785.07,351.97
831.99,366.85,830.72,367.35
775.50,377.98,775.04,382.34
789.76,356.24,789.32,358.09
785.64,352.54,785.07,351.97
802.04,391.44,802.20,391.80
782.21,368.68,764.35,368.25
818.29,376.83,818.70,376.99
778.36,355.80,781.66,357.85
791.46,347.02,793.55,346.53
790.49,377.24,794.32,377.42
796.84,350.95,798.17,352.09
801.71,352.04,801.03,350.96
789.95,347.73,791.95,346.90
769.21,378.17,768.89,378.22
803.24,366.13,802.13,367.94
789.49,372.15,791.46,372.97
793.14,381.69,792.45,382.03
793.99,346.51,793.92,347.47
793.32,373.34,791.28,373.59
791.35,373.07,793.45,373.57
795.90,347.31,795.68,346.36
819.00,362.79,819.36,362.79
825.95,372.41,833.18,372.63
783.89,370.24,782.77,369.08
793.92,347.47,795.90,347.31
784.16,370.33,783.89,370.24
795.68,346.36,797.75,346.42
797.02,346.29,797.12,346.37
796.25,355.33,796.15,355.18
782.70,364.21,783.52,366.19
795.48,347.07,797.45,347.89
796.84,350.95,799.14,349.07
789.95,347.73,788.11,348.86
808.91,363.13,808.68,364.25
818.50,362.80,818.49,353.50
764.35,368.25,764.31,368.42
784.48,351.92,783.35,353.76
779.62,356.54,779.22,358.25
808.18,351.17,811.27,351.10
797.81,373.47,795.68,373.64
815.92,362.81,816.07,362.81
780.12,374.06,779.98,374.10
779.18,353.83,782.53,355.75
822.37,354.20,822.26,355.12
803.36,349.73,804.87,351.03
816.82,379.84,816.47,379.91
817.96,395.70,817.81,393.71
791.17,371.16,794.39,370.93
783.69,350.95,783.26,349.07
790.14,348.69,791.98,347.93
821.73,404.85,822.31,404.45
812.43,360.95,812.24,360.95
823.34,362.80,824.15,362.80
826.07,434.78,825.52,434.01
813.79,389.90,813.04,390.88
824.92,341.09,825.82,341.05
793.74,357.17,792.73,358.46
823.00,355.79,830.80,355.36
789.92,347.83,791.90,347.01
797.08,352.59,798.23,353.48
814.33,341.26,813.08,341.22
798.22,368.68,798.28,368.80
816.18,353.23,816.40,353.22
824.34,370.61,825.37,372.16
746.49,360.00,741.53,358.39
791.98,347.93,793.55,346.53
793.55,346.53,795.68,346.36
792.21,358.30,792.01,358.21
823.15,370.13,823.33,370.27
793.41,346.58,795.60,346.25
811.27,351.10,811.89,350.63
795.68,346.36,797.81,346.53
779.62,356.54,779.22,358.25
795.38,347.15,795.34,350.03
800.46,337.35,814.38,342.16
807.71,353.48,808.65,354.56
822.76,337.97,822.43,337.82
792.52,360.52,792.71,360.59
796.98,355.48,796.72,356.59
830.39,355.76,828.27,359.57
791.29,351.32,790.04,352.79
746.49,360.00,751.70,360.00
779.58,358.32,779.08,360.00
770.11,374.98,770.44,380.61
797.89,347.47,799.82,347.93
808.56,356.87,808.94,356.87
803.24,353.87,800.90,356.54
783.11,355.74,785.99,355.71
817.95,359.08,819.79,359.27
746.49,360.00,751.44,361.61
779.58,358.32,779.45,360.00
822.59,362.79,822.69,354.32
783.37,358.01,783.21,360.00
799.20,400.10,800.28,400.57
779.18,353.83,784.48,351.92
764.31,368.42,763.38,369.89
778.36,355.83,778.36,355.80
779.62,356.54,777.86,357.89
820.89,359.59,820.23,359.57
793.72,349.36,795.34,350.03
822.26,370.46,822.26,362.79
820.23,341.00,819.39,342.28
791.98,347.93,791.46,347.02
826.77,360.77,826.83,360.71
821.66,357.54,821.32,357.77
816.33,353.24,825.15,353.24
789.49,347.84,791.98,347.93
777.70,360.00,777.69,360.00
790.19,377.39,794.02,377.57
779.08,360.00,777.86,362.11
801.35,409.97,807.17,406.21
793.32,346.66,795.38,347.15
805.94,350.26,807.34,351.91
787.66,348.96,788.44,349.73
819.24,353.52,819.55,354.20
794.13,381.68,792.95,381.91
785.11,347.89,789.36,347.75
787.52,348.88,785.88,350.28
820.07,344.33,819.03,345.48
771.98,378.38,771.98,378.01
823.24,437.15,823.11,436.37
782.20,363.13,782.26,363.13
798.21,348.01,801.34,347.82
796.12,346.34,798.26,346.51
787.66,348.96,785.88,350.28
791.92,358.65,792.01,358.21
830.72,370.31,823.33,370.27
801.88,347.88,803.75,348.33
822.69,371.27,822.58,362.79
785.88,350.28,784.48,351.92
781.68,350.39,784.48,351.92
789.64,378.31,789.94,377.97
825.15,353.24,823.12,353.27
795.48,347.07,799.85,346.93
804.95,325.98,803.85,336.73
808.50,369.85,807.24,369.82
811.94,350.63,812.38,350.79
804.83,389.51,806.05,389.14
767.77,375.06,767.87,375.46
828.33,328.61,828.61,328.89
780.28,352.06,779.18,353.83
814.11,390.88,813.04,390.88
804.87,360.00,804.71,362.12
779.62,356.54,778.36,355.83
788.09,348.95,788.11,348.86
791.87,349.39,793.51,349.79
783.37,361.98,783.13,364.22
804.54,357.89,804.71,360.00
789.36,347.75,791.35,346.93
794.32,350.21,796.68,352.04
791.46,347.02,791.35,346.93
807.83,353.81,808.65,355.78
814.40,395.75,814.64,396.34
790.28,368.25,791.47,363.24
791.35,346.93,793.45,346.42
819.25,372.06,819.55,371.38
801.70,392.14,802.84,391.16
818.62,357.67,820.41,357.93
789.16,346.58,791.28,346.41
792.01,348.95,793.32,346.66
783.00,379.07,783.49,379.17
816.71,329.82,827.72,328.99
824.34,354.99,824.15,355.17
808.65,355.78,808.91,356.87
746.49,360.00,746.49,365.21
789.22,371.30,790.93,371.30
791.20,346.49,793.32,346.66
792.81,380.43,792.77,381.05
817.88,309.86,817.89,318.84
781.49,360.00,781.82,360.00
808.65,355.78,808.94,356.87
788.07,379.24,788.19,379.21
746.49,360.00,744.88,364.95
786.93,351.03,785.07,351.97
819.36,362.79,819.31,354.35
799.44,347.97,801.43,347.90
820.12,356.15,819.17,356.49
790.26,348.81,792.01,348.95
789.49,347.84,787.52,348.88
789.36,347.75,787.52,348.88
789.49,347.84,789.36,347.75
809.03,369.76,807.39,371.16
795.94,370.78,797.69,371.51
792.01,371.05,795.38,372.84
772.00,377.99,771.78,379.39
775.13,385.04,774.15,385.12
783.52,353.81,782.70,355.78
786.87,349.79,788.51,349.39
787.52,348.88,785.88,350.28
797.08,352.59,798.31,351.84
806.37,426.82,806.30,426.36
826.47,349.44,818.68,348.68
834.83,383.57,809.97,383.57
789.61,368.37,789.49,368.39
822.96,353.72,822.69,353.52
804.54,362.11,800.90,363.46
786.81,349.36,788.51,349.39
798.18,355.26,798.09,355.74
785.32,360.00,785.48,360.00
779.98,356.68,779.62,356.54
780.30,354.92,779.17,353.87
816.21,382.85,816.67,382.76
822.86,356.05,823.53,356.36
781.21,353.42,780.30,354.92
814.30,332.37,814.44,332.02
824.05,329.47,822.69,329.93
784.60,365.76,785.64,367.46
828.21,353.23,829.23,355.10
791.87,349.39,792.01,348.95
779.22,361.75,779.62,363.46
791.53,351.42,790.29,352.86
790.29,352.86,789.30,354.49
789.09,346.66,789.16,346.58
805.11,348.42,806.87,349.15
781.03,384.48,779.98,385.13
792.75,350.07,791.74,351.71
795.01,346.87,797.12,346.37
798.20,371.58,799.96,372.27
809.50,355.26,810.62,355.84
784.16,370.33,782.28,370.24
781.21,353.42,780.30,354.92
804.23,367.97,803.40,369.14
822.78,333.47,822.40,332.44
809.29,355.74,812.39,355.71
817.50,368.25,818.77,363.24
788.51,349.39,790.19,349.26
764.91,369.88,763.45,369.89
788.09,348.95,786.47,350.34
812.61,330.67,812.61,334.63
785.07,347.97,787.08,347.07
799.44,372.02,799.54,371.95
827.37,440.23,826.66,441.01
807.33,330.54,807.12,331.57
817.38,392.70,816.92,391.44
815.23,389.87,814.86,389.90
824.92,341.09,824.65,339.29
813.53,360.00,813.38,361.89
792.89,347.64,793.01,347.70
811.51,361.44,811.55,360.95
787.03,347.15,788.51,348.95
827.35,439.32,827.05,439.83
813.70,324.66,813.70,320.87
812.10,361.90,812.92,363.76
825.69,340.72,824.11,340.80
826.17,372.18,825.77,372.17
779.18,366.17,783.35,366.24
785.07,347.97,783.30,349.00
779.62,363.46,780.30,365.08
783.26,349.07,783.30,349.00
780.28,367.94,780.29,367.99
779.62,363.46,780.62,364.87
783.26,349.07,781.65,350.45
794.00,359.15,793.34,359.15
825.29,395.98,825.75,398.28
811.18,363.62,810.92,365.51
795.60,373.75,795.68,373.64
785.07,347.97,787.03,347.15
815.74,343.85,823.35,343.58
781.66,362.15,781.90,363.13
785.18,350.03,785.07,347.97
798.20,397.96,798.35,397.96
823.07,353.11,822.86,353.34
790.79,363.24,790.12,368.26
785.18,369.96,786.81,370.64
783.69,350.95,785.18,350.03
792.71,357.70,792.52,357.77
785.31,369.57,786.87,370.21
783.88,351.31,783.69,350.95
825.33,356.56,824.94,356.74
746.49,360.00,749.55,355.78
800.03,400.20,800.34,400.33
799.00,353.92,802.98,353.31
746.49,360.00,750.70,356.94
796.13,369.08,796.29,368.80
746.49,360.00,751.44,358.39
818.72,368.26,818.04,368.26
798.20,348.42,800.03,348.27
794.19,350.15,794.32,350.21
820.89,359.59,820.85,359.15
825.77,372.17,825.15,372.38
796.17,348.33,798.04,347.88
789.49,347.84,791.35,346.93
750.70,363.06,751.44,361.61
816.79,381.10,816.26,381.81
802.41,394.06,801.86,398.08
808.67,354.30,809.50,355.26
791.20,346.49,791.28,346.41
746.49,360.00,748.10,364.95
767.62,380.73,767.18,381.46
791.17,348.83,794.39,349.07
746.49,365.21,748.10,364.95
792.12,359.59,791.92,359.64
744.88,364.95,746.49,365.21
783.21,360.00,782.40,362.13
801.50,369.14,801.71,367.97
762.28,377.96,762.50,379.35
800.75,350.45,799.31,353.42
801.01,369.07,801.50,369.14
824.25,395.08,826.10,403.20
791.95,346.90,792.89,347.64
782.35,352.09,781.50,353.69
795.01,361.26,793.40,361.44
795.01,358.74,793.40,358.57
771.78,376.60,772.00,377.99
782.53,355.75,782.44,356.87
793.36,359.05,795.01,358.74
780.28,352.06,779.17,353.87
803.42,350.91,804.23,352.04
792.21,358.30,792.35,357.98
802.28,367.99,800.89,369.61
799.82,347.93,799.89,347.02
795.05,354.62,794.30,355.84
790.26,348.81,791.87,349.39
819.16,369.19,818.30,368.22
801.51,350.91,801.03,350.96
789.48,358.11,789.33,360.00
794.73,340.93,794.30,339.97
798.23,353.48,797.27,354.30
818.80,372.32,819.25,372.06
791.90,347.01,793.99,346.51
782.77,369.08,782.47,368.80
800.89,350.39,803.68,348.88
798.23,353.48,795.99,353.53
789.17,360.00,789.32,361.90
789.20,380.33,789.21,380.50
819.00,362.79,818.99,353.74
827.58,340.99,826.03,341.07
825.95,372.41,833.36,372.40
783.89,370.24,780.84,369.08
803.96,402.68,805.74,404.50
804.63,330.65,804.33,328.65
802.32,372.17,804.29,371.14
818.49,353.50,818.99,353.74
791.43,379.10,795.51,379.06
795.90,347.31,797.89,347.47
782.28,370.24,780.84,369.08
814.11,342.52,822.23,342.52
822.69,371.27,822.58,370.43
791.43,379.10,791.67,378.87
795.90,347.31,797.81,346.53
782.28,370.24,783.89,370.24
824.34,358.88,824.15,358.71
788.29,363.79,789.58,365.32
819.24,389.31,817.27,388.82
819.68,378.37,819.94,378.95
783.95,353.80,785.06,351.91
775.83,384.72,774.91,384.64
788.11,371.14,789.95,372.27
825.29,344.26,825.70,344.43
823.36,353.49,822.96,353.72
792.01,348.95,793.72,349.36
789.92,347.83,789.95,347.73
790.49,379.25,790.81,379.30
796.84,350.95,798.17,352.09
787.97,360.00,788.12,361.90
790.14,371.30,791.90,372.99
822.69,372.06,822.37,371.38
788.45,361.83,787.85,361.92
788.44,349.73,786.47,350.34
790.19,379.10,794.32,379.45
789.95,347.73,792.89,347.64
763.43,369.88,763.45,369.89
790.14,371.30,791.98,372.07
828.62,333.88,829.78,342.60
790.28,368.25,791.06,362.36
824.87,359.58,825.41,360.91
788.44,349.73,786.93,351.03
785.88,350.28,784.64,351.98
790.19,379.10,790.49,379.25
789.95,347.73,791.04,348.77
763.43,369.88,764.91,369.88
764.90,369.89,764.91,369.88
819.31,371.23,819.42,362.79
746.49,360.00,749.55,364.21
763.38,369.89,763.43,369.88
791.46,372.97,793.55,373.47
762.43,368.42,763.38,369.89
768.41,373.51,767.69,373.33
763.98,369.83,764.88,369.89
824.20,439.62,824.56,439.68
785.53,347.92,781.99,349.73
793.45,373.57,795.60,373.75
792.98,365.91,823.55,366.39
818.99,353.74,819.31,354.35
836.84,370.22,827.14,368.22
763.45,369.89,764.88,369.89
762.06,369.82,763.45,369.89
791.28,373.59,797.75,373.57
793.30,382.89,793.26,382.54
784.64,351.98,783.35,353.76
821.58,392.46,820.49,392.46
818.68,348.68,817.07,349.68
816.33,353.24,818.49,353.50
777.86,357.89,777.86,357.87
762.43,368.25,764.35,368.25
762.43,368.25,782.21,368.68
792.79,357.62,792.91,357.77
793.58,378.43,793.63,378.76
813.62,408.10,817.82,409.97
799.31,353.42,798.88,353.69
793.72,370.64,795.34,369.96
780.20,368.68,782.21,368.68
795.34,350.03,796.84,350.95
763.27,369.81,763.54,369.83
761.73,369.81,763.27,369.81
761.73,369.81,761.33,369.80
800.83,321.15,800.94,320.33
763.98,369.83,763.27,369.81
795.38,347.15,795.48,347.07
794.58,370.66,784.46,370.42
793.67,370.68,794.58,370.66
778.98,373.51,779.15,373.78
824.21,353.33,823.42,353.33
782.97,370.42,793.67,370.68
793.67,370.68,794.58,370.66
816.33,353.24,823.12,353.27
823.07,372.62,816.40,372.41
795.34,370.72,794.58,370.66
794.59,370.74,793.67,370.68
794.59,370.74,795.34,370.72
800.09,370.72,795.34,370.72
828.62,333.88,829.78,335.33
802.21,405.31,803.04,404.12
764.50,377.42,763.59,377.37
816.58,342.41,815.08,342.47
792.12,359.59,792.09,359.15
800.09,370.72,794.59,370.74
779.57,376.02,779.32,376.12
798.28,368.80,796.29,368.80
798.06,369.08,798.28,368.80
800.27,391.43,801.18,391.79
822.69,354.32,822.37,354.20
788.51,370.60,790.26,371.18
798.06,369.08,796.13,369.08
796.62,370.24,798.06,369.08
796.62,370.24,795.02,370.24
785.32,360.00,785.65,362.16
824.94,356.74,824.09,356.38
796.28,370.42,794.85,370.33
824.94,356.74,824.18,356.09
776.63,369.88,776.30,369.89
775.46,369.89,775.17,369.88
776.98,369.89,776.63,369.88
767.13,377.61,766.92,374.58
802.65,309.88,804.55,307.27
779.22,368.42,775.46,369.89
779.22,368.42,776.98,369.89
773.96,369.83,776.30,369.89
811.83,341.28,818.83,341.28
774.90,369.82,776.30,369.89
789.96,377.63,793.78,377.81
777.86,357.87,781.66,357.85
830.53,370.45,830.72,370.31
791.46,347.02,793.55,346.53
819.21,362.29,818.90,362.14
798.22,368.68,796.21,368.68
818.90,362.14,818.87,362.35
772.49,369.83,768.01,369.83
818.15,362.15,818.90,362.14
818.33,362.36,818.15,362.15
772.49,369.83,773.25,369.81
816.18,353.23,816.33,353.24
815.93,353.45,816.33,353.24
773.24,369.81,772.49,369.83
790.29,362.29,791.07,356.42
812.19,358.46,811.51,358.57
773.73,377.37,774.67,377.42
800.68,400.45,800.49,400.28
806.53,440.17,807.21,439.68
774.90,369.82,773.96,369.83
773.25,369.81,773.96,369.83
825.33,369.17,825.33,362.87
774.16,369.80,773.25,369.81
825.33,369.17,833.29,362.87
774.90,369.82,774.16,369.80
804.84,370.72,805.07,370.66
821.69,427.56,821.78,426.81
781.99,362.15,782.20,363.13
788.09,348.95,789.95,347.73
764.91,369.88,764.88,369.89
791.87,349.39,793.72,349.36
807.21,370.68,805.07,370.66
806.85,370.74,807.21,370.68
800.72,370.74,800.09,370.72
821.81,428.34,822.11,428.85
781.82,360.00,781.99,362.15
804.84,370.72,800.09,370.72
800.72,370.74,804.84,370.72
781.49,360.00,781.66,362.15
806.85,370.74,804.84,370.72
824.78,427.24,824.49,427.68
824.57,325.32,823.58,324.14
827.60,331.61,828.06,329.77
800.72,370.74,806.85,370.74
793.64,354.33,813.66,355.75
770.49,378.30,770.37,377.93
781.99,357.85,781.82,360.00
789.52,350.24,791.29,351.32
767.13,377.61,766.90,374.01
781.90,356.87,782.20,356.87
773.29,384.80,773.37,384.53
768.69,371.21,767.37,373.10
782.73,378.53,782.64,377.94
822.72,338.18,822.55,337.82
768.69,371.21,765.69,371.11
796.77,357.07,794.98,357.09
783.93,353.75,786.83,353.70
768.12,375.61,767.97,375.90
767.77,375.99,767.97,375.90
768.12,375.61,768.57,375.49
792.04,380.88,792.38,381.25
768.03,375.73,768.22,375.83
792.09,380.86,792.38,381.25
768.20,375.16,768.67,375.10
814.71,303.57,809.82,303.57
767.33,375.57,768.03,375.73
824.36,329.16,824.05,329.47
818.33,362.36,818.87,362.35
767.54,375.88,768.03,375.73
767.33,375.57,767.54,375.88
768.18,374.63,768.71,374.64
767.33,375.57,767.87,375.46
809.03,362.13,808.81,363.13
791.22,356.20,791.07,356.42
768.08,374.10,768.67,374.18
800.95,327.62,813.18,327.62
821.41,368.71,821.49,368.93
805.95,413.29,805.83,414.04
808.79,362.15,808.56,363.13
820.41,367.74,819.79,366.39
767.16,375.12,767.77,375.06
767.06,374.59,767.16,375.12
805.54,412.01,805.84,412.51
778.04,385.13,779.01,385.22
809.19,360.00,809.03,362.13
790.43,362.14,790.52,362.35
832.66,349.85,831.17,348.81
767.77,374.14,767.73,374.60
804.85,412.42,805.16,411.98
808.96,360.00,808.79,362.15
789.09,346.66,791.28,346.41
767.06,374.59,767.73,374.60
810.76,302.94,814.60,302.38
831.50,333.38,831.41,333.48
767.47,373.21,767.69,373.33
767.11,373.61,767.77,374.14
831.73,383.42,829.24,386.91
768.03,373.50,768.22,373.41
791.35,355.97,792.77,355.97
767.26,373.31,767.47,373.21
767.26,373.31,767.87,373.75
767.26,373.31,767.11,373.61
822.42,413.19,821.57,413.17
813.51,342.37,813.83,342.36
781.41,371.21,780.11,374.63
800.79,358.32,801.45,360.00
782.63,357.86,782.46,360.00
827.13,330.95,826.99,331.18
781.41,371.21,778.34,371.11
799.66,341.01,799.28,339.31
781.41,371.21,779.64,373.10
779.15,375.49,779.47,375.90
823.42,369.41,823.39,369.41
779.15,375.49,778.98,375.74
778.98,375.74,779.47,375.90
779.69,375.61,779.15,375.49
804.42,418.94,804.31,419.69
772.11,377.86,772.32,377.96
807.84,366.08,810.81,366.07
778.79,375.83,779.24,375.99
819.79,366.39,819.39,364.70
830.35,332.71,830.80,332.68
779.29,374.64,779.86,375.16
766.58,383.94,766.78,384.59
802.04,391.44,803.28,390.58
786.15,355.73,788.29,356.21
812.44,395.19,811.37,395.19
818.62,368.00,817.95,366.57
778.43,375.46,778.60,375.73
811.94,350.63,811.33,351.10
804.83,389.51,806.23,389.72
779.96,374.63,779.29,374.64
772.54,383.56,771.56,382.73
778.43,375.46,778.88,375.57
806.92,349.22,808.25,352.04
830.95,331.69,830.80,332.00
802.24,352.57,803.42,352.48
778.81,375.12,778.43,375.46
812.66,349.85,812.65,349.79
800.83,309.04,800.83,319.50
830.35,332.02,830.51,331.71
779.15,373.78,779.98,374.10
814.22,348.81,814.29,348.83
830.51,331.71,830.44,331.68
778.82,374.59,778.33,375.06
778.29,374.60,778.82,374.59
778.98,373.51,779.75,373.33
768.03,374.05,768.18,374.63
819.07,307.57,819.33,307.91
779.54,373.21,779.75,373.33
818.33,362.36,817.50,368.25
831.41,331.25,831.38,331.20
779.09,373.61,778.33,374.14
779.54,373.21,778.79,373.41
778.43,373.75,779.09,373.61
819.17,356.49,818.62,357.67
824.94,362.87,824.94,356.74
812.91,362.16,812.40,364.26
779.31,373.31,778.43,373.75
794.26,379.77,791.37,380.44
778.60,373.50,778.43,373.75
779.31,373.31,778.60,373.50
820.38,356.44,822.84,356.39
767.11,373.61,766.98,373.52
807.17,368.03,804.87,368.97
767.04,374.06,767.11,373.61
766.92,374.58,766.90,374.01
819.45,368.92,820.38,369.25
767.04,374.06,766.90,374.01
826.91,331.31,826.96,331.65
819.16,369.19,820.12,369.54
804.87,368.97,803.36,370.26
766.92,374.58,767.04,374.06
817.07,349.68,825.24,350.78
825.13,411.95,824.62,411.21
804.83,389.51,805.07,389.10
780.20,368.68,782.47,368.80
780.20,368.68,780.48,368.80
767.16,375.12,767.06,374.59
767.21,375.66,767.02,375.16
767.21,375.66,767.16,375.12
767.44,376.00,767.33,375.57
767.54,375.88,767.33,375.57
767.69,376.12,767.44,376.00
767.69,376.12,767.54,375.88
805.03,413.70,805.95,413.29
793.08,363.05,793.67,364.48
767.91,376.02,767.69,376.12
804.56,391.16,806.70,391.72
807.47,382.03,805.34,381.91
767.91,376.02,767.77,375.99
813.33,327.52,813.33,327.40
804.51,392.21,806.70,391.72
767.97,375.90,767.77,375.99
791.49,352.84,790.65,354.51
768.08,375.70,767.91,376.02
768.08,375.70,767.97,375.90
804.64,412.48,804.85,412.42
794.19,369.85,794.60,370.81
768.16,375.21,768.08,375.70
804.39,413.19,804.85,413.94
818.37,400.19,819.47,402.17
794.71,370.45,796.41,371.15
768.14,374.63,768.16,375.21
796.41,371.15,798.20,371.58
768.03,374.05,768.14,374.63
785.48,360.00,787.85,361.92
768.08,374.10,768.18,374.63
813.62,403.03,824.22,403.03
767.61,373.22,767.91,373.64
825.33,362.87,825.33,356.56
813.60,309.17,813.89,319.50
767.69,373.33,767.91,373.64
767.69,373.33,767.61,373.22
825.68,333.61,825.47,333.63
800.26,405.13,801.23,405.58
767.47,373.21,767.15,373.20
819.60,368.60,819.57,368.60
767.37,373.10,767.15,373.20
767.47,373.21,767.37,373.10
779.39,373.20,779.09,373.61
779.39,373.20,779.15,373.52
778.92,374.06,779.09,373.61
779.15,373.52,779.09,373.61
778.92,374.06,779.15,373.52
822.86,369.67,823.42,369.63
793.53,371.02,794.01,367.34
778.82,374.59,778.92,374.06
793.38,382.53,793.67,382.44
822.86,369.67,823.53,369.37
793.53,371.02,797.14,367.34
778.82,374.59,778.97,374.01
822.84,369.34,823.53,369.37
767.48,369.81,765.40,383.57
778.86,374.58,778.97,374.01
778.81,375.12,778.82,374.59
818.15,362.15,818.90,362.14
821.04,414.98,820.88,415.24
793.32,346.66,795.48,347.07
781.36,377.54,781.41,371.21
787.08,372.92,793.45,373.57
830.32,335.43,830.31,342.60
794.05,346.40,799.19,346.12
767.48,369.81,763.11,381.95
778.86,374.58,778.82,374.59
778.88,375.57,778.81,375.12
778.88,375.57,778.84,375.16
778.93,375.66,778.84,375.16
779.04,375.88,778.88,375.57
791.18,362.15,792.79,356.20
809.78,341.04,809.73,341.78
789.48,358.11,792.14,359.05
778.93,375.66,778.88,375.57
779.24,375.99,779.04,375.88
779.24,375.99,779.09,376.00
824.94,362.87,825.33,356.56
793.06,382.85,793.28,382.76
779.32,376.12,779.09,376.00
779.47,375.90,779.24,375.99
779.32,376.12,779.24,375.99
800.75,350.45,802.28,352.01
779.47,375.90,779.32,376.12
779.69,375.61,779.47,375.90
762.65,382.21,761.33,369.80
779.69,375.61,779.57,376.02
819.79,359.27,818.62,357.67
779.96,374.63,779.86,375.16
782.44,382.78,782.91,378.34
825.55,372.40,825.15,372.38
807.68,339.03,807.97,339.11
789.92,372.17,791.95,373.09
779.96,374.63,780.00,375.21
780.11,374.63,780.00,375.21
791.32,380.45,791.38,380.62
779.98,374.10,779.96,374.63
803.64,417.62,804.01,417.66
791.37,380.44,791.38,380.62
816.18,372.40,816.33,372.39
780.11,374.63,779.96,374.63
782.84,377.81,783.96,377.87
815.93,372.17,816.09,372.16
815.92,362.81,816.09,372.16
780.12,374.06,780.11,374.63
779.91,373.64,779.98,374.10
779.91,373.64,780.12,374.06
816.59,376.66,818.70,376.99
800.72,370.74,800.72,386.37
779.31,373.31,779.39,373.20
805.34,376.19,804.94,376.31
803.74,390.70,802.98,391.02
779.64,373.10,779.87,373.22
779.54,373.21,779.64,373.10
814.29,348.83,812.66,349.85
767.48,384.01,767.74,384.67
828.35,343.60,827.57,343.91
767.35,384.63,768.31,384.71
766.78,384.59,768.31,384.71
830.65,439.75,822.18,448.49
802.01,371.99,803.25,372.02
798.69,369.20,798.28,368.80
766.78,384.59,767.74,384.67
768.46,384.21,767.47,384.40
768.46,384.21,769.78,384.30
779.29,382.59,779.60,378.22
767.55,384.14,768.46,384.21
799.33,398.02,799.37,397.34
765.82,377.34,766.90,377.40
804.92,328.61,805.18,328.89
780.11,374.63,780.12,374.06
769.78,384.30,768.88,384.23
800.79,361.68,800.40,363.32
789.55,379.16,789.90,379.51
768.96,384.74,769.93,384.83
770.22,384.83,771.29,384.68
771.19,384.91,771.29,384.68
808.82,407.59,809.36,406.21
825.68,327.83,825.47,327.81
803.86,371.54,805.62,370.81
822.15,356.32,822.03,356.32
771.29,384.68,770.34,384.60
794.70,337.41,794.90,337.42
810.94,305.26,810.62,304.89
772.76,384.78,771.81,384.70
772.76,384.78,771.81,384.43
772.72,384.50,771.81,384.43
828.61,328.89,828.83,329.34
792.14,359.05,793.12,360.00
792.95,380.51,792.60,379.25
773.17,385.04,774.15,385.12
810.06,356.51,809.50,355.58
792.07,360.00,793.12,360.00
771.88,384.95,774.15,385.12
772.86,385.03,774.15,385.12
818.14,323.62,817.92,323.78
773.17,385.04,774.25,384.89
774.15,385.12,774.25,384.89
774.28,384.61,773.37,384.53
774.28,384.61,773.29,384.80
774.25,384.89,773.29,384.80
788.07,379.24,789.27,378.79
770.34,384.60,771.29,384.68
803.37,395.66,802.94,394.70
815.96,382.84,812.12,385.75
818.63,377.97,815.89,378.26
774.28,384.61,775.83,384.72
823.00,355.79,823.00,358.08
803.37,395.66,801.62,394.33
815.96,382.84,816.21,382.99
826.07,360.91,824.99,365.78
803.24,370.14,803.24,369.13
774.98,385.16,775.97,385.25
807.23,382.28,805.34,381.91
802.29,370.22,803.24,369.13
774.91,384.92,775.97,385.25
774.91,384.92,775.87,385.00
822.96,338.06,822.64,337.93
768.58,377.69,767.91,376.02
776.29,385.26,777.28,385.34
811.93,398.81,810.81,400.73
779.13,383.56,778.54,382.63
778.27,385.26,777.38,385.10
825.37,372.16,823.36,372.10
777.28,385.34,777.38,385.10
824.57,344.03,825.07,343.73
766.78,384.59,767.74,384.67
776.51,384.75,778.95,384.93
800.83,320.32,800.94,320.33
776.51,384.75,777.43,384.83
779.01,385.22,779.11,385.47
833.18,372.63,824.17,372.40
793.55,346.53,795.60,346.25
762.06,369.82,763.98,369.83
799.72,386.28,800.72,386.37
761.33,369.80,763.98,369.83
799.39,386.88,800.72,386.37
822.86,372.39,823.42,369.63
798.89,320.33,798.76,320.39
800.44,386.97,800.72,386.37
825.42,417.04,825.09,417.59
801.71,352.04,802.00,352.40
820.66,401.45,820.22,400.49
778.33,374.14,778.29,374.60
780.43,369.48,780.07,369.20
779.79,369.07,780.48,368.80
789.03,365.57,790.04,367.21
764.77,377.94,765.03,382.20
769.30,383.97,770.42,384.33
780.20,368.68,780.48,368.80
789.79,381.59,811.85,385.73
789.64,378.31,793.10,378.35
819.75,356.20,819.89,355.97
805.74,404.50,808.47,403.71
804.71,357.87,808.79,357.85
830.24,381.44,831.79,381.52
780.84,369.08,780.48,368.80
814.38,342.16,800.43,342.13
782.97,370.42,783.11,371.65
782.62,371.42,783.11,371.65
782.62,370.33,782.62,371.42
792.77,355.97,791.35,355.97
782.97,370.42,782.62,370.33
800.26,405.13,801.15,405.37
800.30,327.72,800.77,327.87
763.43,369.88,763.57,371.05
763.45,369.89,763.57,371.05
763.43,369.88,763.45,369.89
814.52,342.40,814.51,342.36
766.44,383.77,767.55,384.14
763.15,377.56,763.48,377.51
792.11,378.33,791.68,378.47
800.09,398.24,799.88,396.17
800.26,405.13,800.21,404.93
763.43,369.88,763.43,370.83
763.38,369.89,763.43,369.88
816.20,345.32,827.63,344.90
800.23,333.32,800.33,333.12
786.47,369.73,791.04,371.23
805.79,418.83,806.16,418.87
821.04,414.98,820.71,414.57
763.43,370.83,763.57,371.05
821.09,414.54,820.59,413.80
765.69,371.11,763.43,370.83
765.18,370.75,765.45,370.89
826.92,439.04,827.05,439.83
765.18,370.75,768.43,370.98
792.36,360.67,792.71,360.59
821.02,414.09,820.29,413.30
765.45,370.89,765.69,371.11
804.94,376.31,804.58,376.70
820.64,413.77,819.94,413.27
768.43,370.98,765.45,370.89
765.37,382.02,765.58,382.35
771.79,371.30,768.69,371.21
798.20,348.42,798.21,348.01
798.26,373.49,796.20,373.77
771.51,371.08,768.43,370.98
831.30,349.60,829.96,348.76
828.62,350.45,832.04,350.37
811.87,400.73,810.83,401.31
782.28,371.27,782.28,370.24
793.32,373.34,795.48,372.92
764.79,383.49,766.09,384.24
825.07,331.87,824.86,331.87
762.05,368.80,763.38,369.89
800.93,319.51,800.83,319.50
817.02,332.67,816.40,333.02
762.97,377.21,763.99,377.26
762.97,377.21,763.57,371.05
783.35,366.24,784.48,368.08
788.70,378.24,788.80,377.64
765.69,371.11,763.57,371.05
813.71,349.60,812.98,350.37
771.79,371.30,783.11,371.65
813.71,349.60,809.69,350.45
822.85,412.50,821.94,411.98
771.51,371.08,771.79,371.30
813.71,349.60,810.42,349.68
789.90,376.99,789.07,377.10
795.01,358.74,795.61,358.80
771.51,371.08,782.62,371.42
813.33,342.56,813.51,342.37
762.43,368.25,762.05,368.80
762.43,368.42,762.05,368.80
762.43,368.25,762.43,368.42
762.43,368.25,762.04,368.63
807.98,323.64,806.42,320.03
780.20,368.68,762.43,368.25
805.88,437.20,806.55,437.73
799.71,353.15,798.68,353.78
765.52,384.20,766.58,383.94
765.40,383.57,766.58,383.94
792.97,350.18,794.19,350.15
804.66,390.20,806.46,390.59
765.40,383.57,765.52,384.20
807.45,417.04,807.67,417.06
794.60,349.19,792.97,350.18
764.20,382.87,765.40,383.57
765.52,384.20,766.78,384.59
818.78,339.74,819.12,339.75
762.04,368.63,779.79,369.07
792.98,357.85,793.14,358.20
764.79,383.49,766.09,384.24
793.08,357.98,793.14,358.20
800.79,327.52,800.71,327.40
764.22,383.45,766.09,384.24
765.52,384.20,766.09,384.24
768.16,370.84,771.23,370.93
793.08,357.98,793.22,358.30
764.22,383.45,765.52,384.20
762.98,382.49,764.22,383.45
826.82,332.21,826.99,332.04
817.91,371.38,818.34,368.39
827.13,332.30,826.99,332.04
762.98,382.49,764.20,382.87
817.91,371.38,818.91,368.41
827.13,332.30,827.29,331.98
805.48,435.96,805.88,435.62
803.86,348.46,803.65,348.84
809.78,341.04,808.57,341.68
793.22,358.30,793.24,358.65
747.28,368.98,749.41,366.43
766.37,383.38,766.54,383.16
804.28,376.50,804.29,377.32
805.41,436.40,805.88,435.62
767.06,374.59,767.04,374.06
805.32,369.64,803.36,370.26
767.64,384.11,766.37,383.38
763.79,382.36,763.54,382.53
766.47,382.29,766.90,382.11
763.22,382.24,763.79,382.36
814.03,328.22,814.11,328.18
762.65,382.21,763.22,382.24
763.54,382.53,763.22,382.24
762.65,382.21,763.54,382.53
813.33,342.56,813.33,342.69
766.23,384.02,766.09,384.24
766.23,384.02,764.79,383.49
766.23,384.02,764.97,383.29
763.63,382.11,763.79,382.36
802.34,310.51,807.36,309.86
827.71,353.78,828.68,357.86
775.47,384.21,774.19,383.22
763.11,381.95,761.33,369.80
817.50,335.39,817.50,330.84
826.18,337.63,826.12,338.75
792.64,379.10,789.25,379.55
764.97,383.29,763.79,382.36
819.54,380.88,820.07,380.88
806.55,427.12,807.07,427.63
804.21,423.28,804.14,423.72
799.14,370.93,797.33,372.03
764.97,383.29,764.27,382.26
825.89,430.83,825.92,431.32
790.54,366.89,791.74,368.29
814.41,347.55,811.13,347.65
765.23,383.07,764.27,382.26
763.15,377.92,763.63,382.11
801.11,401.32,801.56,401.20
763.47,377.87,764.06,381.94
764.06,381.94,764.27,382.26
763.63,382.11,763.22,382.24
762.76,377.90,763.22,382.24
818.92,339.64,819.43,339.51
800.08,333.79,800.23,333.32
762.76,377.90,763.22,382.24
762.76,377.90,762.65,382.21
761.33,369.80,762.65,382.21
762.76,377.90,761.33,369.80
766.23,384.02,767.47,384.40
805.46,367.67,806.70,366.85
766.23,384.02,767.55,384.14
763.54,382.53,764.79,383.49
814.52,342.40,818.75,342.34
766.44,383.77,766.23,384.02
764.97,383.29,766.23,384.02
828.11,328.53,828.35,329.47
763.54,382.53,764.22,383.45
798.66,344.44,798.54,344.40
766.54,383.16,764.27,382.26
822.07,358.30,822.17,358.70
807.85,366.24,806.72,368.02
763.47,377.87,765.37,382.02
795.86,332.41,796.54,332.41
765.37,382.02,765.19,382.45
763.15,377.56,763.15,377.92
767.48,369.81,763.54,369.83
763.48,377.51,763.15,377.56
767.15,373.20,766.98,373.52
827.67,327.67,827.75,327.80
767.76,383.86,768.88,384.23
767.55,384.14,768.88,384.23
766.44,383.77,767.55,384.14
828.21,330.06,817.50,330.84
798.97,400.19,799.23,397.94
767.76,383.86,766.44,383.77
767.76,383.86,766.54,383.16
765.19,382.45,765.58,382.35
825.49,328.73,825.85,327.95
764.66,377.57,764.77,377.94
764.82,382.34,765.13,382.63
763.47,377.87,764.06,381.94
794.30,334.74,794.73,333.73
764.82,382.34,765.19,382.45
765.03,382.20,765.37,382.02
770.68,384.06,770.42,384.33
799.74,399.00,799.33,398.02
764.54,377.99,765.03,382.20
764.66,377.57,764.50,377.42
763.48,377.51,764.66,377.57
762.76,377.90,763.15,377.92
793.01,347.70,791.17,348.83
820.85,359.15,820.89,358.70
768.09,382.63,767.93,382.39
818.37,325.44,818.14,325.59
769.21,378.17,770.74,378.25
763.27,377.42,763.48,377.51
820.92,359.15,820.95,358.65
768.03,382.82,767.73,382.51
767.76,383.86,768.88,384.50
766.54,383.16,767.76,383.86
766.37,383.38,765.19,382.45
806.70,324.37,823.77,324.37
765.13,382.63,765.19,382.45
782.28,370.24,782.62,370.33
828.00,347.84,827.17,347.83
766.37,383.38,765.13,382.63
824.89,329.02,824.36,329.16
799.03,402.27,798.95,402.17
764.66,377.57,764.77,377.94
813.86,341.53,813.82,341.33
810.63,364.17,809.88,365.40
764.42,377.63,764.66,377.57
810.63,364.17,809.50,364.74
764.54,377.99,764.42,377.63
810.43,365.80,809.43,366.97
765.98,377.70,766.30,377.66
781.21,353.42,780.28,352.06
766.30,378.02,765.98,377.70
815.10,381.59,815.32,382.07
822.93,398.21,823.37,400.28
829.32,354.92,832.37,353.04
765.98,378.07,765.98,377.70
812.84,335.46,812.61,334.63
764.54,377.99,765.03,382.20
789.49,368.39,790.02,368.41
812.72,321.12,813.00,321.15
764.35,377.98,764.82,382.34
772.51,382.49,771.27,383.45
765.03,382.20,764.82,382.34
765.98,378.07,765.61,378.04
810.70,348.93,809.09,349.94
763.27,377.42,763.59,377.37
731.77,366.53,734.12,368.86
764.25,377.47,763.27,377.42
762.79,377.40,763.15,377.56
768.88,384.50,768.96,384.74
827.77,337.38,828.02,336.83
799.31,352.82,800.48,352.33
793.93,337.37,794.31,337.39
767.69,384.35,768.88,384.50
767.64,384.11,766.37,383.38
767.64,384.11,767.69,384.35
797.04,350.21,816.61,351.45
817.47,336.30,814.28,336.30
767.63,383.68,765.13,382.63
821.38,340.95,828.60,340.95
793.79,354.33,792.79,356.20
766.38,382.71,765.13,382.63
797.04,350.21,815.58,350.21
814.20,333.17,813.86,328.39
767.63,383.68,766.38,382.71
806.47,327.20,806.67,327.18
773.77,384.27,774.91,384.64
817.50,330.84,817.10,335.51
766.47,382.29,765.98,378.07
766.30,378.02,765.98,378.07
821.13,396.52,821.43,395.23
821.06,360.09,821.13,360.31
768.90,377.85,768.89,378.22
821.06,360.09,821.22,360.44
766.30,378.02,767.56,377.72
767.56,377.72,767.40,377.56
766.30,377.66,767.56,377.72
823.10,338.32,822.96,338.06
774.98,385.16,775.97,385.25
765.64,377.54,765.98,377.70
823.10,338.32,822.64,337.93
819.68,378.37,820.08,378.88
737.33,349.44,734.23,351.02
828.25,332.88,827.91,333.02
764.21,377.47,764.35,377.98
737.26,350.51,740.35,350.02
823.39,337.57,827.90,337.32
765.61,378.04,765.98,378.07
791.51,381.00,791.24,381.52
827.49,354.37,827.83,354.37
819.09,337.39,819.20,335.80
816.16,331.42,815.84,331.25
773.17,385.04,774.15,385.12
799.38,398.72,799.74,399.00
789.92,372.17,789.95,372.27
775.87,385.00,774.91,384.64
764.35,377.98,764.82,382.34
795.27,341.53,794.73,340.93
764.25,377.47,763.27,377.42
763.99,377.26,762.97,377.21
828.42,329.52,828.98,329.84
768.95,384.44,770.22,384.83
768.95,384.44,768.96,384.74
767.69,384.35,768.96,384.74
800.46,337.35,800.50,332.49
768.95,384.44,767.69,384.35
768.95,384.44,766.38,383.60
767.63,383.68,766.38,383.60
793.38,378.26,793.67,378.38
812.92,363.76,812.21,365.49
768.95,384.44,767.63,383.68
766.30,378.02,767.67,378.09
773.37,384.53,774.91,384.64
810.70,348.93,811.77,348.85
825.67,328.80,827.25,328.78
767.40,377.56,767.56,377.72
825.67,328.80,826.02,328.05
767.40,377.56,767.31,377.77
792.71,357.70,793.59,357.85
819.69,389.14,818.36,388.85
807.03,426.45,806.95,426.89
805.09,375.94,804.94,376.31
767.31,377.77,767.56,377.72
804.88,432.03,805.24,431.32
820.97,389.72,822.17,390.59
806.96,425.99,807.03,426.45
791.04,371.23,791.17,371.16
812.12,385.75,814.17,395.84
766.44,383.77,765.23,383.07
767.40,377.56,766.42,377.51
816.32,341.51,814.85,341.59
821.43,357.62,821.66,357.54
809.09,349.94,809.69,350.45
767.40,377.56,766.11,377.56
804.34,400.54,804.35,398.27
810.42,349.68,809.69,350.45
767.13,377.61,766.11,377.56
805.52,436.45,805.88,437.20
817.28,341.47,818.09,342.71
793.55,373.47,795.90,372.69
821.21,399.44,821.54,400.80
820.23,359.57,820.98,360.00
796.91,349.73,793.61,349.25
766.11,377.56,765.98,377.70
776.36,378.02,776.72,377.70
765.61,378.04,764.35,377.98
805.67,418.08,805.49,418.34
794.30,355.84,795.30,357.51
819.29,339.25,819.24,338.89
764.21,377.47,765.61,378.04
765.64,377.54,764.21,377.47
817.82,425.66,825.96,425.67
769.10,384.21,770.34,384.60
770.22,384.83,770.34,384.60
769.10,384.21,770.22,384.83
768.95,384.44,770.22,384.83
768.95,384.44,769.10,384.21
767.63,383.68,768.95,384.44
766.63,382.54,767.11,382.45
789.20,380.33,790.07,380.71
767.43,378.14,767.31,377.77
797.02,346.29,799.28,346.20
817.88,379.55,817.83,380.33
767.13,377.61,767.31,377.77
789.20,380.33,790.30,380.74
767.43,378.14,767.13,377.61
792.46,380.34,790.30,380.74
767.27,378.12,767.13,377.61
767.43,378.14,767.27,378.12
767.13,377.61,766.11,377.56
767.13,377.61,765.82,377.34
766.90,377.40,765.82,377.34
767.13,377.61,766.90,377.40
769.30,383.97,770.42,384.33
814.09,395.06,814.26,393.46
804.51,392.21,804.31,392.31
769.10,384.21,770.42,384.33
830.60,347.55,831.76,347.58
818.75,332.37,819.21,332.65
769.10,384.21,770.34,384.60
776.00,382.71,776.11,382.29
767.82,383.48,768.07,383.26
767.82,383.48,769.30,383.97
821.66,360.75,821.73,360.52
769.10,384.21,769.30,383.97
767.82,383.48,769.10,384.21
770.19,377.77,770.45,377.71
810.89,365.57,809.89,367.21
768.49,382.53,768.27,382.20
787.97,360.00,788.12,361.90
766.54,383.16,765.58,382.35
776.36,378.02,776.47,377.66
791.16,378.95,791.32,379.66
767.93,382.39,768.27,382.20
770.61,384.55,771.88,384.95
809.00,369.81,807.35,371.23
767.93,382.39,767.43,378.14
770.61,384.55,773.17,385.04
767.93,382.39,767.27,378.12
770.68,384.06,769.30,383.97
790.30,380.74,790.35,381.10
770.68,384.06,768.07,383.26
769.45,383.35,768.07,383.26
794.13,379.17,794.26,379.77
790.30,380.74,792.50,380.99
794.67,352.83,793.79,354.33
770.68,384.06,769.45,383.35
769.45,383.35,768.49,382.53
769.28,383.58,768.49,382.53
768.90,377.85,769.22,377.80
790.11,371.31,786.62,370.75
809.03,350.24,808.64,351.32
782.53,355.75,782.70,355.78
817.39,362.82,817.04,362.82
800.83,352.68,801.10,352.85
793.67,378.38,793.93,378.69
768.46,384.21,767.55,384.14
820.98,360.00,821.13,360.31
767.73,382.51,767.93,382.39
817.10,335.51,816.16,333.31
800.93,350.29,801.34,349.85
779.36,363.49,778.81,360.00
803.32,348.05,803.24,349.85
767.13,377.61,767.27,378.12
768.58,377.69,768.54,378.19
816.47,378.69,816.68,379.17
771.81,384.70,771.81,384.43
770.68,384.06,771.81,384.70
770.56,384.31,771.81,384.70
766.90,377.40,767.13,377.61
769.45,383.35,770.68,384.06
816.38,376.40,816.83,376.57
769.28,383.58,769.45,383.35
821.52,360.59,821.73,360.52
768.03,382.82,768.09,382.63
769.01,382.59,767.73,382.51
824.26,340.81,832.05,342.10
763.22,382.24,763.54,382.53
792.91,360.52,793.08,360.32
768.54,378.19,767.27,378.12
768.58,377.69,768.54,378.19
768.90,377.85,769.22,377.80
770.61,384.55,771.88,384.95
770.56,384.31,771.81,384.70
821.90,357.62,822.10,357.85
769.29,383.80,769.28,383.58
766.07,382.41,765.98,378.07
770.61,384.55,769.29,383.80
762.76,377.90,763.63,382.11
797.60,343.45,798.03,342.76
769.30,382.90,767.73,382.51
813.59,319.51,813.00,320.32
830.32,335.43,830.20,334.98
827.67,327.67,828.11,328.53
803.65,371.15,805.35,370.45
821.33,343.11,822.14,342.19
768.76,377.49,768.58,377.69
769.21,378.17,769.22,377.80
815.20,381.56,815.98,382.45
768.89,378.22,768.90,377.85
828.23,344.33,824.83,344.45
770.45,377.71,769.34,377.66
770.19,377.77,769.02,377.71
769.29,383.80,768.03,382.82
822.16,337.26,823.39,333.57
809.00,350.19,810.42,351.84
770.56,383.88,768.03,382.82
769.30,382.90,768.03,382.82
818.37,378.22,818.31,378.31
807.97,356.08,808.43,358.01
826.70,435.32,826.22,436.12
827.68,346.37,818.28,346.64
769.39,382.48,769.21,378.17
806.88,381.59,806.52,381.19
790.11,371.31,790.19,370.87
770.19,377.77,769.02,377.71
808.96,360.00,808.79,362.15
770.19,377.77,768.76,377.49
814.99,396.58,815.75,396.84
770.37,377.93,770.62,377.87
770.37,377.93,770.45,377.71
823.05,398.22,823.37,400.28
828.38,353.10,832.37,353.04
815.96,382.84,816.21,382.99
822.22,332.30,821.48,332.10
771.89,384.64,773.17,385.04
822.22,332.30,820.80,332.10
771.89,384.64,770.61,384.55
792.12,359.59,792.21,360.00
823.69,405.09,823.88,405.00
818.34,368.39,818.91,368.41
770.56,383.88,769.55,382.73
801.88,372.12,803.75,371.67
831.18,439.60,830.78,440.40
807.85,366.24,806.72,368.08
773.69,384.76,774.98,385.16
770.37,377.93,770.19,377.77
770.74,378.25,770.62,377.87
823.36,353.49,822.96,353.72
770.99,382.58,771.35,382.39
814.85,333.27,814.60,333.02
763.15,377.56,762.76,377.90
770.49,378.30,770.37,377.93
818.70,382.24,819.08,381.87
772.04,384.41,773.29,384.80
771.89,384.64,773.17,385.04
801.82,361.74,824.99,364.52
770.75,383.67,771.89,384.64
797.42,396.58,798.34,396.68
801.82,361.74,824.99,361.85
771.14,380.65,770.14,381.65
793.45,373.57,795.68,373.64
796.98,395.84,797.23,396.48
770.75,383.67,770.56,383.88
770.49,378.30,770.21,377.76
765.13,382.63,764.82,382.34
772.24,384.17,773.37,384.53
766.38,382.71,764.82,382.34
772.04,384.41,773.37,384.53
766.38,382.71,766.07,382.41
818.53,335.80,819.20,335.80
772.04,384.41,773.29,384.80
770.75,383.67,771.00,383.46
770.75,383.67,772.24,384.17
829.65,345.79,825.30,344.88
771.56,382.73,771.35,382.39
773.85,383.88,773.66,384.09
791.16,378.95,791.32,379.66
771.15,382.83,771.35,382.39
791.16,378.95,791.27,379.63
771.15,382.83,770.99,382.58
770.99,382.58,770.49,378.30
822.41,359.15,822.38,359.64
830.31,346.84,831.43,346.82
769.21,378.17,769.22,377.80
791.43,377.39,794.98,377.42
769.21,378.17,770.62,377.87
791.43,377.39,791.14,377.24
770.21,377.76,771.65,378.34
762.65,382.21,763.11,381.95
822.79,339.12,822.72,339.18
771.68,377.84,770.21,377.76
796.36,371.54,798.21,371.99
771.98,378.01,772.11,377.86
819.35,378.00,819.81,378.29
799.49,408.58,799.50,404.11
797.58,371.58,799.44,372.02
816.20,343.99,815.65,344.55
824.89,334.85,824.36,334.70
771.68,377.84,771.87,377.64
768.71,374.64,768.67,375.10
816.78,344.33,816.54,343.60
779.26,375.10,779.69,375.61
830.51,333.02,830.95,332.98
773.32,377.92,773.09,377.69
792.09,380.86,792.41,381.22
767.54,375.88,767.77,375.99
776.77,384.74,778.04,385.13
773.46,378.08,773.28,377.92
785.13,370.93,796.38,371.42
737.17,349.59,740.55,349.05
764.42,377.63,764.21,377.47
795.86,384.07,793.67,370.68
795.11,384.18,793.67,370.68
796.87,395.75,797.10,396.34
817.50,330.84,817.50,335.39
766.47,382.29,766.30,378.02
773.77,384.27,773.37,384.53
796.87,395.75,797.23,396.48
773.77,384.27,771.00,383.46
768.57,373.78,768.08,374.10
764.35,377.98,765.03,382.20
808.79,357.85,808.58,357.85
770.82,382.70,772.12,382.78
770.35,378.28,770.82,382.70
809.11,364.22,808.29,366.20
809.93,352.86,809.52,353.11
792.09,359.15,792.12,358.70
773.46,378.08,773.70,378.03
804.68,332.84,804.87,332.86
773.53,377.87,772.44,377.81
807.60,430.42,807.67,430.88
807.21,365.76,806.17,367.46
829.65,345.79,830.71,345.69
817.89,325.35,817.69,325.49
772.31,378.33,772.32,377.96
771.65,378.34,771.68,377.84
771.86,381.95,773.24,369.81
810.81,366.07,809.80,366.69
771.98,378.01,771.68,377.84
771.65,378.34,771.98,378.01
825.95,372.41,825.55,372.40
776.18,371.05,776.30,369.89
771.98,378.38,771.98,378.01
824.83,344.45,824.57,344.03
820.06,342.19,820.74,342.19
773.58,378.46,773.46,378.08
826.83,360.71,826.74,355.57
816.57,378.33,817.04,378.47
743.66,370.02,746.21,368.07
793.67,370.68,773.47,378.43
793.67,370.68,795.11,384.18
802.98,353.31,801.98,353.93
818.14,323.62,817.69,323.72
773.65,384.52,773.77,384.27
773.65,384.52,772.54,383.56
807.85,353.76,808.68,355.75
772.36,384.00,771.09,383.02
825.32,329.74,825.54,328.80
821.38,356.33,822.47,356.33
771.09,383.02,770.82,382.70
818.74,324.00,818.37,323.74
773.58,378.46,773.46,378.08
807.71,366.53,807.85,367.43
778.58,370.89,776.63,370.83
778.34,371.11,776.18,371.05
777.64,377.56,777.77,377.72
804.63,389.87,803.27,390.67
795.24,384.58,773.94,382.89
792.21,360.00,792.35,360.31
795.11,384.18,773.94,382.89
802.24,367.43,804.07,367.14
781.67,370.98,778.58,370.89
795.24,384.58,795.11,384.18
761.25,374.89,761.35,380.73
795.86,384.07,797.08,385.10
795.24,384.58,797.08,385.10
829.08,344.04,828.39,343.51
819.57,357.07,819.74,357.07
798.42,385.87,799.72,386.28
799.39,386.88,799.72,386.28
829.08,344.04,828.35,343.60
819.57,357.07,819.74,368.61
798.42,385.87,799.39,386.88
770.37,377.93,769.97,377.54
773.69,384.76,774.91,384.92
817.83,324.08,817.75,324.15
773.65,384.52,772.35,383.78
773.65,384.52,772.36,384.00
818.47,381.04,817.57,381.54
819.59,320.42,819.39,319.70
815.38,344.44,814.11,341.91
809.43,364.52,810.12,363.41
772.92,382.49,772.31,378.33
772.36,384.00,771.09,383.02
774.43,382.59,772.31,378.33
819.86,357.07,820.95,357.07
773.66,384.09,771.09,383.02
819.86,357.07,820.95,368.61
773.66,384.09,772.38,383.10
816.54,343.60,816.23,344.04
823.58,324.14,823.91,324.43
779.58,368.25,779.22,368.42
767.54,375.88,767.44,376.00
816.50,343.51,816.20,343.99
801.86,336.99,812.89,344.31
774.16,369.80,773.24,369.81
772.43,382.67,771.98,378.38
808.01,323.87,821.65,323.87
798.63,369.07,798.22,368.68
773.82,378.41,773.70,378.03
814.22,348.81,812.65,349.79
809.35,381.85,807.27,381.74
767.97,375.90,767.91,376.02
809.18,389.31,811.10,390.09
772.85,381.94,773.19,382.11
824.85,432.06,825.21,432.11
774.08,382.78,773.82,378.41
812.61,344.19,813.48,344.45
805.78,388.87,805.89,388.85
769.97,384.20,768.39,383.94
774.25,383.03,773.94,382.89
768.14,374.63,768.20,375.16
773.88,377.90,772.84,382.21
793.40,361.44,793.73,362.84
827.91,366.23,827.48,368.13
796.59,385.63,795.24,384.58
816.68,379.17,816.82,379.77
817.76,324.65,817.69,324.65
780.58,382.83,780.75,382.58
798.01,386.45,796.59,385.63
780.58,382.83,781.12,382.70
798.01,386.45,797.08,385.10
808.26,350.72,809.01,349.89
773.14,382.83,772.92,382.49
798.01,386.45,778.12,385.38
771.27,383.45,770.54,384.24
798.01,386.45,799.39,386.88
817.83,325.21,817.69,324.65
819.94,378.95,816.82,379.77
814.35,354.02,813.66,355.75
774.99,384.85,774.98,385.16
817.83,325.21,817.76,324.65
819.94,378.95,820.11,379.66
826.23,345.90,825.30,344.88
774.99,384.85,773.69,384.76
774.99,384.85,772.36,384.00
818.07,354.33,818.49,355.97
773.14,382.83,772.92,382.49
773.14,382.83,772.43,382.67
772.64,382.93,772.43,382.67
798.58,324.64,798.63,324.20
793.79,354.33,792.79,356.20
774.43,382.59,773.82,378.41
769.39,382.48,768.89,378.22
774.08,382.78,774.43,382.59
772.38,383.10,772.12,382.78
774.25,383.03,774.08,382.78
772.64,382.93,772.43,382.67
775.46,383.99,774.25,383.03
789.92,356.26,789.48,358.11
827.26,355.30,827.37,355.15
788.88,356.37,788.12,358.10
798.01,386.45,776.81,384.98
798.01,386.45,775.47,384.21
776.81,384.98,778.12,385.38
824.07,367.30,824.15,366.89
785.18,350.03,783.26,349.07
814.20,337.31,813.59,333.85
785.99,355.71,785.49,357.83
815.70,348.24,815.31,348.21
776.81,384.98,778.04,385.13
774.99,384.85,776.29,385.26
806.12,319.76,806.26,319.92
773.85,383.88,775.15,384.63
773.85,383.88,774.99,384.85
801.34,372.17,803.25,372.02
776.63,370.83,776.63,369.88
774.12,383.66,772.64,382.93
799.14,349.07,799.27,349.00
795.34,350.03,796.84,350.95
825.99,344.66,827.01,345.79
795.94,380.43,792.59,380.43
809.01,349.89,796.75,350.20
773.85,383.88,772.64,382.93
776.77,384.74,775.46,383.99
776.77,384.74,775.47,384.21
776.88,384.48,778.04,385.13
799.31,366.57,797.78,367.59
803.75,348.33,805.53,349.07
813.48,344.45,814.12,344.03
808.24,323.78,821.22,323.78
775.15,384.63,776.41,385.02
816.68,380.49,817.01,380.38
810.52,442.19,811.51,442.05
803.65,348.84,805.35,349.55
816.78,344.33,813.48,344.45
773.85,383.88,774.12,383.66
773.85,383.88,775.36,384.38
800.44,386.97,779.11,385.47
774.12,383.66,773.14,382.83
775.63,383.76,774.64,382.93
821.73,404.85,821.42,403.43
815.49,332.37,814.81,332.14
827.06,331.37,827.01,330.72
812.43,360.95,812.19,361.54
775.63,383.76,776.88,384.48
799.00,366.08,801.08,365.31
784.28,382.89,784.75,378.43
820.54,441.73,828.83,441.46
827.20,331.95,827.06,331.37
795.27,333.05,796.55,332.10
812.94,363.74,811.83,363.05
775.46,383.99,775.63,383.76
828.02,330.65,827.20,331.95
812.19,365.53,812.21,365.49
776.77,384.74,775.46,383.99
804.94,333.49,805.03,333.61
775.36,384.38,776.51,384.75
805.03,333.61,804.60,332.75
776.88,384.48,774.12,383.66
796.94,360.92,796.51,360.91
768.39,383.94,767.48,384.01
796.94,360.92,798.96,360.92
827.06,324.16,823.91,324.43
768.39,383.94,767.74,384.67
826.40,360.91,825.61,361.99
808.59,439.64,808.71,438.89
804.07,367.14,805.22,367.42
794.56,355.57,794.49,355.56
783.96,376.12,783.43,376.39
819.42,308.32,819.42,318.83
768.71,384.59,767.74,384.67
816.38,382.80,816.83,382.67
768.71,384.59,768.31,384.71
796.51,355.17,798.96,355.14
790.05,376.39,790.65,376.29
769.28,384.63,768.31,384.71
769.28,384.63,768.41,384.48
769.35,384.40,768.41,384.48
792.98,365.91,792.58,360.75
776.30,369.89,776.18,371.05
785.99,364.29,786.98,366.26
791.06,362.36,790.28,368.25
767.15,373.20,767.26,373.31
774.90,369.82,776.30,369.89
783.93,366.25,787.97,368.16
827.12,353.39,827.71,353.78
800.72,394.58,801.24,394.01
809.87,354.62,811.23,355.53
789.30,365.51,789.58,365.32
789.83,377.86,789.94,377.97
806.87,349.15,808.50,350.15
784.39,377.94,783.15,377.04
769.36,384.14,768.46,384.21
784.39,377.94,783.49,376.70
818.12,333.77,818.61,333.98
769.36,384.14,769.78,384.30
770.69,384.23,769.78,384.30
810.42,351.84,810.44,351.89
827.42,332.40,827.70,332.69
787.69,360.00,788.45,361.83
825.05,331.62,825.65,331.61
796.17,355.35,794.33,360.71
770.90,384.74,769.93,384.83
825.94,327.26,826.67,327.07
801.43,372.10,803.24,370.14
813.33,327.52,813.51,327.67
770.90,384.74,771.19,384.91
772.16,384.83,771.19,384.91
771.33,384.41,770.42,384.33
820.94,333.73,821.52,333.05
820.94,333.73,820.74,332.41
771.33,384.41,770.34,384.60
791.50,380.35,791.14,379.24
820.07,333.18,820.74,332.41
772.24,384.33,771.33,384.41
821.29,323.64,813.64,324.33
773.64,384.43,772.72,384.50
813.36,308.40,813.54,308.76
773.72,384.70,772.76,384.78
828.78,360.91,834.84,360.95
801.91,395.51,802.24,396.24
797.94,325.21,798.12,325.60
792.53,380.49,792.95,380.51
818.37,325.44,818.28,325.73
775.13,385.04,774.15,385.12
774.25,384.89,774.15,385.12
816.47,382.15,816.20,382.44
829.70,361.88,828.65,362.08
822.94,394.70,821.80,398.08
812.08,345.90,811.41,346.96
806.93,351.23,806.62,351.84
827.06,353.31,827.65,353.71
775.21,384.80,774.25,384.89
831.75,333.48,832.07,333.31
775.21,384.80,774.25,384.89
775.20,384.53,774.28,384.61
775.20,384.53,774.28,384.61
787.85,361.92,788.29,363.79
775.83,384.72,774.28,384.61
775.87,385.00,775.83,384.72
820.66,401.45,822.59,402.52
776.83,384.92,775.87,385.00
823.00,401.60,822.44,402.17
817.10,330.57,816.16,331.42
815.97,340.79,815.46,340.64
812.89,336.33,818.78,338.03
776.83,384.92,775.97,385.25
823.15,392.31,821.66,391.26
803.44,398.26,803.27,396.15
792.21,382.30,792.45,382.03
778.35,385.02,777.38,385.10
792.21,382.30,791.68,381.72
800.37,404.74,801.28,404.49
827.72,333.26,827.28,333.76
778.35,385.02,777.43,384.83
791.50,381.77,791.68,381.72
802.34,396.71,802.40,396.74
804.55,305.10,804.91,304.77
805.37,333.95,805.39,333.82
778.36,384.75,777.43,384.83
790.04,367.21,790.54,366.89
813.38,358.11,813.53,360.00
827.41,327.47,827.85,327.91
778.36,384.75,777.43,384.83
820.18,340.89,818.64,340.96
797.40,397.91,797.46,397.91
827.41,327.47,827.28,327.47
778.36,384.75,778.95,384.93
819.79,366.39,819.39,364.70
797.14,367.34,794.01,367.34
779.89,384.85,778.95,384.93
802.03,395.34,802.02,392.78
827.47,327.65,828.04,328.44
815.65,331.30,815.16,331.30
825.78,372.39,823.52,370.13
813.86,341.77,813.66,342.26
779.98,385.13,779.11,385.47
815.37,380.06,815.61,380.88
813.71,341.75,813.66,342.26
780.10,385.38,779.11,385.47
780.10,385.38,779.11,385.47
801.50,386.88,800.44,386.97
801.50,386.88,800.44,386.97
801.50,386.88,800.72,386.37
827.18,347.65,828.00,347.84
798.68,366.22,799.00,366.08
806.83,353.30,807.84,353.92
798.10,348.24,798.26,348.21
800.59,324.33,800.34,324.66
796.28,370.42,796.39,370.33
818.31,378.31,818.05,378.86
814.98,440.03,809.31,426.13
805.62,349.19,806.92,350.51
822.69,353.52,822.37,354.20
797.62,399.99,797.98,401.83
826.17,372.18,833.36,372.40
783.30,349.00,787.52,348.88
804.87,389.34,803.17,390.42
796.28,370.42,796.38,371.42
831.01,342.16,829.44,342.22
819.66,363.20,818.91,368.41
810.44,351.89,809.89,352.79
774.12,383.66,773.14,382.83
776.63,370.83,776.18,371.05
809.35,302.38,805.56,302.94
767.04,374.06,767.73,374.60
770.47,383.77,769.36,384.14
776.98,369.89,776.63,369.88
825.97,344.71,825.99,344.66
798.66,320.87,798.54,344.40
778.34,371.11,776.63,370.83
819.21,332.65,819.55,331.43
808.59,360.00,808.43,361.98
778.85,370.75,778.58,370.89
826.17,353.45,833.36,353.33
815.81,340.85,815.46,340.64
765.82,381.94,764.55,382.32
799.82,347.93,801.87,347.84
828.39,343.51,829.19,343.99
797.94,325.21,798.14,325.13
793.24,359.64,793.14,360.09
781.41,371.21,778.58,370.89
819.42,308.32,819.42,318.83
790.12,368.26,790.02,368.41
807.73,353.78,806.83,353.30
800.34,337.10,799.68,335.30
808.43,358.01,808.59,360.00
781.41,371.21,778.34,371.11
801.05,392.70,802.20,391.80
767.47,373.21,768.22,373.41
784.57,371.30,781.67,370.98
832.27,367.45,830.80,367.70
780.84,383.02,781.12,382.70
813.58,347.73,814.29,348.83
781.41,371.21,781.67,370.98
804.55,320.08,804.72,320.03
772.84,382.21,772.51,382.49
784.57,371.30,781.41,371.21
825.77,372.17,825.37,372.16
792.75,350.07,791.29,351.32
815.33,344.14,815.74,343.85
767.02,381.33,765.94,382.10
800.89,350.39,802.28,352.01
813.56,347.58,813.54,347.76
798.06,369.08,796.62,370.24
812.65,349.79,814.22,348.81
796.62,371.27,798.06,369.08
819.21,362.29,819.05,362.45
782.35,352.09,781.21,353.42
816.78,344.33,817.05,343.91
796.62,371.27,798.47,369.48
825.40,344.19,825.41,344.14
824.57,325.32,825.16,325.83
770.54,384.24,769.35,384.40
804.11,332.61,803.86,331.95
779.60,368.80,776.98,369.89
806.83,366.70,809.80,366.69
779.60,368.80,776.98,370.69
774.25,377.21,774.90,369.82
770.69,384.23,769.83,384.58
778.79,373.41,778.98,373.51
778.34,371.11,776.18,371.05
772.84,382.21,771.86,381.95
784.57,371.30,781.55,377.76
734.12,368.86,737.15,370.02
804.92,328.61,805.06,328.36
784.72,377.92,807.21,370.68
796.38,371.42,796.16,371.65
796.62,371.27,796.38,371.42
822.75,340.46,822.82,340.17
784.60,354.24,783.13,355.78
742.27,356.94,741.53,358.39
779.58,368.25,779.60,368.80
771.35,382.39,769.21,378.17
816.50,343.51,816.54,343.60
779.97,368.63,779.60,368.80
799.18,401.12,799.84,409.33
822.69,371.27,822.26,370.46
806.72,351.92,807.85,353.76
823.77,340.17,823.35,340.46
782.70,355.78,782.44,356.87
822.10,360.44,829.95,364.63
798.63,369.07,779.58,368.25
774.67,377.42,774.79,377.57
770.77,382.87,769.57,383.57
779.98,374.10,779.26,374.18
772.38,383.10,770.82,382.70
771.27,383.45,769.57,383.57
818.34,368.39,818.23,368.25
812.00,423.32,814.35,422.74
808.68,355.75,808.56,356.87
812.04,344.71,813.00,344.88
798.62,325.56,798.73,325.44
770.54,384.24,769.28,384.63
770.54,384.24,768.71,384.59
771.84,383.49,770.54,384.24
772.51,382.49,771.27,383.45
804.40,389.67,803.17,390.42
772.32,377.96,772.44,377.81
799.04,347.19,799.26,347.09
776.98,369.89,776.63,370.83
770.47,383.77,771.69,383.07
773.09,382.53,771.27,383.45
797.24,337.26,798.03,331.66
828.06,347.68,815.81,348.07
772.32,377.96,773.53,377.87
770.47,383.77,771.86,383.29
773.09,382.53,771.84,383.49
829.66,344.55,829.08,344.04
793.59,360.44,793.08,360.32
814.58,345.65,818.28,346.64
771.86,381.95,770.77,382.87
820.38,369.25,822.84,369.34
767.11,373.61,767.04,374.06
778.33,374.14,778.92,374.06
802.84,409.98,801.00,409.81
827.56,328.42,828.02,328.53
778.79,374.62,779.26,374.18
801.03,350.96,799.64,351.29
783.21,360.00,783.37,361.98
799.27,349.00,800.89,350.39
772.84,382.21,773.09,382.53
785.07,347.97,785.11,347.89
762.50,376.56,763.15,375.31
786.47,350.26,789.38,350.19
802.37,399.70,802.52,398.21
825.95,353.22,833.18,353.10
825.40,344.19,825.09,343.63
770.54,384.24,769.28,384.63
788.18,379.91,789.05,379.91
824.07,358.30,824.15,358.71
802.00,352.40,803.21,352.31
785.49,357.83,785.32,360.00
770.59,384.02,771.86,383.29
823.33,432.44,822.53,432.74
800.20,339.03,799.81,337.10
812.10,361.90,811.18,363.62
771.84,383.49,771.86,383.29
770.59,384.02,771.84,383.49
774.25,383.03,774.43,382.59
770.54,384.24,771.84,383.49
799.70,356.59,799.25,357.68
811.38,359.05,811.55,359.05
773.19,382.11,773.03,382.36
768.09,382.63,768.27,382.20
810.44,368.11,809.89,367.21
816.18,372.40,825.55,372.40
746.49,360.00,741.53,361.61
771.08,379.35,771.14,380.65
785.07,351.97,784.60,354.24
772.84,382.21,774.16,369.80
771.69,383.07,772.64,382.26
823.34,337.10,823.39,335.30
804.29,371.14,807.35,371.23
772.31,378.33,772.32,377.96
773.03,382.36,772.64,382.26
826.86,342.34,832.28,341.71
776.77,378.04,776.60,378.07
771.86,383.29,773.03,382.36
773.68,377.92,772.85,381.94
773.68,377.92,773.19,382.11
782.97,370.42,784.46,370.42
794.65,379.50,794.98,379.45
799.85,346.93,801.84,347.75
816.01,346.19,827.74,346.92
772.85,381.94,773.98,382.35
816.08,379.09,815.09,379.09
773.68,377.92,773.19,382.11
773.88,377.90,774.16,369.80
773.88,377.90,773.42,382.24
770.59,384.02,769.36,384.14
816.61,351.45,817.22,352.83
774.72,382.63,776.00,382.71
773.02,383.16,772.64,382.26
773.45,377.87,774.19,382.02
774.63,382.20,774.47,382.45
797.24,337.26,795.74,342.04
803.40,369.14,803.24,369.13
801.06,394.84,800.50,395.47
774.63,382.20,775.04,382.34
774.19,382.02,774.47,382.45
774.19,382.02,773.98,382.35
828.14,336.79,828.14,326.35
773.45,377.87,773.56,377.51
773.45,377.87,773.81,377.56
773.66,384.09,772.38,383.10
815.58,347.09,799.26,347.09
770.47,383.77,770.69,384.23
771.81,383.86,770.69,384.23
773.85,383.88,772.64,382.93
828.86,335.94,827.90,337.32
771.81,383.86,773.02,383.16
771.81,383.86,771.69,383.07
792.74,379.22,795.78,380.06
803.24,370.14,803.40,369.79
776.77,378.04,776.60,378.07
774.79,377.57,774.79,377.94
774.79,377.57,773.45,377.87
776.75,360.00,779.36,363.49
789.22,371.30,789.04,379.23
775.47,384.21,774.19,383.22
774.79,377.57,773.45,377.87
773.56,377.51,773.45,377.87
773.36,383.97,772.24,384.33
817.61,378.49,817.33,378.38
774.79,377.94,774.19,382.02
767.35,384.63,768.41,384.48
800.01,395.98,799.88,396.17
774.63,382.20,774.19,382.02
797.65,343.51,798.76,344.89
773.56,377.51,774.79,377.57
773.56,377.51,774.67,377.42
773.56,377.51,773.73,377.37
776.96,382.53,777.17,382.20
827.41,327.47,828.25,328.36
773.81,377.56,773.68,377.92
818.37,325.44,817.89,325.35
784.72,377.92,784.52,377.69
795.24,384.58,796.59,385.63
773.73,377.37,773.56,377.51
808.56,335.94,810.60,336.79
771.81,383.86,770.77,384.50
771.81,383.86,770.69,384.23
765.98,377.70,766.30,377.66
776.41,384.64,777.74,383.88
773.47,383.60,774.72,382.63
796.82,371.74,793.54,371.18
773.29,383.38,774.72,382.63
796.82,371.74,796.66,371.18
776.46,384.41,776.41,384.64
773.29,383.38,774.47,382.45
814.49,344.02,803.79,344.02
775.12,377.99,775.11,377.63
775.12,377.99,774.79,377.57
776.60,378.07,776.72,377.70
795.86,384.07,794.59,370.74
812.92,363.76,813.38,361.89
830.71,345.69,830.31,346.84
826.02,333.38,827.25,332.61
775.50,377.98,775.04,382.34
826.45,333.82,826.02,333.38
775.12,377.99,774.63,382.20
818.39,380.85,818.21,381.05
800.47,342.26,800.80,342.24
774.97,384.31,775.12,384.55
776.11,382.29,776.60,378.07
774.67,377.42,774.99,377.47
829.78,353.23,833.07,353.10
774.67,377.42,773.98,377.42
784.29,377.92,783.09,377.86
793.47,370.97,794.15,371.38
800.09,398.24,800.40,400.31
772.16,384.35,770.77,384.50
815.04,344.05,815.32,345.00
773.47,383.60,772.16,384.35
824.34,365.77,824.61,365.77
820.38,356.44,819.45,356.76
773.29,383.38,773.47,383.60
772.01,384.11,773.29,383.38
776.83,384.92,776.75,384.64
776.00,382.71,776.31,382.41
806.34,432.13,806.22,432.87
817.46,382.15,816.20,382.44
775.95,382.54,776.11,382.29
779.13,383.56,779.38,383.78
813.71,333.12,800.33,333.12
777.89,384.27,776.75,384.64
776.11,382.29,776.60,378.07
822.37,362.82,825.36,362.48
813.71,333.12,800.30,333.26
777.89,384.27,775.20,384.53
776.11,382.29,776.36,378.02
822.21,362.48,825.36,362.48
813.68,333.26,800.30,333.26
776.33,384.17,775.20,384.53
775.76,382.11,776.36,378.02
823.19,335.18,800.20,335.18
777.77,378.09,777.77,377.72
798.66,320.87,798.89,320.33
803.40,369.14,802.46,369.20
778.09,384.52,777.89,384.27
776.36,378.02,777.77,377.72
809.09,349.94,808.38,350.72
796.66,371.18,796.65,371.02
806.05,337.57,805.73,337.92
776.47,377.66,777.77,377.72
776.47,377.66,777.64,377.56
826.84,329.99,827.00,329.32
776.90,377.56,776.72,377.70
817.19,378.36,816.20,378.36
779.91,377.71,779.73,377.85
826.84,329.99,827.06,330.06
776.90,377.56,776.47,377.66
775.47,377.47,775.12,377.99
824.89,329.02,828.06,329.77
808.06,435.97,807.94,435.19
815.64,306.56,815.29,306.34
793.31,347.86,747.28,351.02
810.57,357.68,810.85,358.82
776.72,377.70,776.91,377.54
775.11,377.63,775.12,377.99
776.91,377.54,776.77,378.04
817.46,378.68,816.47,378.68
812.43,360.95,811.38,360.95
796.83,371.89,797.00,371.86
799.37,337.41,799.50,335.56
774.99,377.47,775.11,377.63
796.83,371.89,796.82,371.74
808.57,340.41,809.73,340.29
774.99,377.47,775.28,377.26
790.29,362.29,790.72,363.20
774.99,377.47,774.25,377.21
809.03,338.78,809.33,339.11
788.11,368.11,791.29,368.67
772.16,384.35,770.90,384.74
811.83,363.05,812.19,361.54
773.44,384.44,770.90,384.74
826.23,345.90,830.31,346.84
816.30,378.63,815.59,378.33
811.08,406.79,813.91,421.49
774.75,383.68,775.95,382.54
782.53,355.75,782.26,356.87
816.30,378.63,815.31,378.63
775.55,382.45,776.11,382.29
796.41,371.15,796.36,371.54
770.34,384.60,770.42,384.33
773.47,383.60,774.72,382.63
775.20,384.53,776.75,384.64
776.25,383.58,777.44,382.63
777.17,382.20,776.36,378.02
807.36,309.86,807.37,318.84
798.20,371.58,798.04,372.12
777.17,382.20,777.77,378.09
773.48,384.21,772.24,384.60
815.38,344.44,813.88,342.46
777.64,377.56,778.09,377.77
809.01,349.89,808.26,350.72
778.09,377.77,777.77,377.72
778.10,378.14,778.09,377.77
777.77,377.72,778.09,377.77
823.26,431.98,823.31,431.54
778.33,375.06,778.43,375.46
803.21,352.31,803.42,352.48
816.47,382.15,817.46,382.15
804.44,336.04,803.95,336.84
778.10,378.14,777.77,377.72
815.89,380.33,815.94,381.00
777.77,378.09,777.77,377.72
795.94,380.43,796.29,380.45
806.80,341.77,807.66,341.88
777.64,377.56,777.96,377.61
776.90,377.56,777.96,377.61
796.45,364.74,796.35,363.49
810.01,347.84,810.70,348.93
797.50,371.38,796.82,370.97
776.64,377.51,776.90,377.56
808.94,353.53,808.67,354.30
804.78,427.22,805.59,426.94
793.06,382.85,793.67,382.43
805.19,304.52,805.25,304.64
819.11,367.68,818.99,367.67
805.29,351.29,806.62,351.84
793.93,368.41,794.04,368.81
823.85,421.95,823.91,421.51
775.47,377.47,776.77,378.04
792.59,380.43,792.66,380.32
807.84,342.89,807.97,343.04
773.44,384.44,772.16,384.83
830.80,345.65,831.53,346.79
801.25,327.67,813.51,327.67
798.22,368.68,798.28,368.80
770.69,384.23,769.36,384.14
830.80,345.65,831.43,346.82
795.94,380.43,792.59,380.43
808.23,342.73,807.84,342.89
773.48,384.21,772.24,384.60
795.78,380.32,795.94,380.43
808.08,342.60,808.23,342.73
774.76,383.48,774.75,383.68
774.76,383.48,773.44,384.44
806.06,436.94,806.55,437.73
774.59,383.26,775.95,382.54
801.95,400.76,802.27,400.06
800.01,404.85,799.55,404.45
807.17,368.03,805.78,369.66
828.38,440.93,828.17,442.05
777.60,382.39,778.10,378.14
815.16,333.43,815.65,333.36
800.01,404.85,798.72,403.43
805.66,435.71,806.56,435.25
815.58,350.21,816.61,351.45
777.60,382.39,777.77,378.09
774.76,384.06,775.99,383.35
777.96,377.61,778.09,377.77
778.24,377.40,778.09,377.77
796.01,379.24,795.94,380.07
808.23,339.39,808.27,339.93
778.24,377.40,778.42,377.61
795.94,380.07,795.78,380.06
808.27,339.93,808.44,339.84
778.10,378.14,778.46,378.12
778.10,378.14,778.42,377.61
810.60,326.35,810.60,336.79
797.31,367.25,797.14,367.34
807.84,339.26,807.97,339.11
777.96,377.61,778.24,377.40
777.96,377.61,777.14,377.34
826.39,332.35,826.16,332.31
778.02,384.85,778.95,384.93
773.36,383.97,772.24,384.33
766.58,383.94,767.48,384.01
828.00,347.84,827.31,348.93
807.07,339.57,807.14,339.45
774.76,383.48,773.48,384.21
828.00,347.84,827.38,348.91
774.76,383.48,773.36,383.97
777.44,382.63,777.60,382.39
773.02,383.16,773.98,382.35
777.17,382.20,777.60,382.39
776.96,382.53,777.17,382.20
777.60,382.39,778.46,378.12
773.45,377.87,772.85,381.94
778.10,378.14,778.46,378.12
777.60,382.39,778.10,378.14
772.24,384.33,773.64,384.43
774.76,384.06,773.64,384.43
807.68,343.15,807.57,342.99
774.76,384.06,775.99,383.35
777.38,363.92,780.97,366.64
814.92,303.99,814.62,306.23
809.50,364.42,811.70,365.31
792.60,380.07,792.59,380.43
774.76,384.06,774.59,383.26
801.17,308.29,808.95,304.47
815.61,346.29,815.58,347.09
776.25,383.58,777.44,382.63
815.61,346.29,816.00,347.19
779.73,377.85,779.47,377.80
776.25,383.58,776.96,382.53
775.99,383.35,776.96,382.53
779.36,378.17,780.93,378.25
773.98,377.42,773.81,377.56
777.44,382.63,777.60,382.39
825.13,440.17,824.56,439.68
779.81,375.70,780.00,375.21
803.73,331.37,803.68,330.72
779.90,377.69,779.75,378.19
820.54,441.73,817.81,439.60
828.21,422.37,827.80,422.97
795.50,353.04,794.50,354.21
825.78,340.46,825.82,341.05
817.56,377.77,817.88,378.75
827.25,426.13,827.38,425.06
778.42,377.61,778.46,378.12
774.76,384.06,773.72,384.70
817.04,378.47,817.58,379.05
813.71,341.54,813.86,341.53
774.97,384.31,776.25,383.58
774.97,384.31,775.99,383.35
776.44,383.80,777.70,382.82
816.58,379.17,816.79,378.74
800.27,341.53,800.33,341.54
779.29,382.59,779.75,378.19
779.29,382.59,778.46,378.12
817.68,381.69,816.47,382.15
779.91,377.71,779.47,377.80
821.53,444.04,820.01,443.89
801.34,372.17,799.54,371.95
818.39,380.85,818.25,380.43
780.92,377.87,780.79,377.71
774.97,384.31,773.72,384.70
774.97,384.31,776.44,383.80
767.13,377.61,767.69,376.12
779.00,382.90,779.29,382.59
768.88,384.23,769.78,384.30
782.35,367.91,781.65,369.55
825.89,355.30,825.11,355.31
777.74,383.88,779.00,382.90
826.64,357.37,828.52,357.07
779.91,377.71,779.90,377.69
776.96,382.53,775.76,382.11
779.60,378.22,779.73,377.85
828.46,385.36,828.05,386.36
779.36,378.17,779.73,377.85
797.88,324.65,797.94,325.21
809.43,366.97,807.85,367.43
780.92,377.87,780.79,377.71
784.72,377.92,784.75,378.43
779.47,377.80,779.64,377.66
797.24,362.82,793.95,362.48
780.79,377.71,779.91,377.71
793.70,371.74,793.48,371.13
828.06,334.85,828.06,329.77
816.57,378.33,815.59,378.33
829.28,362.97,825.74,362.95
778.09,384.52,779.38,383.78
777.74,383.88,777.70,382.82
810.54,337.38,827.77,337.38
822.23,355.18,824.61,355.18
779.11,382.48,779.36,378.17
824.63,394.25,823.88,393.63
805.14,417.60,805.09,418.02
799.71,366.85,800.83,367.32
789.48,361.89,792.14,360.95
778.75,382.30,779.36,378.17
800.16,327.63,799.93,328.18
828.75,357.48,827.19,357.49
816.08,381.60,815.94,381.00
800.32,341.75,813.71,341.75
779.36,378.17,780.93,378.25
779.36,378.17,780.92,377.87
814.91,380.33,814.96,379.68
800.50,342.18,813.54,342.18
781.24,377.93,781.11,377.77
813.06,335.50,800.08,333.79
775.12,384.55,775.13,385.04
789.63,381.56,794.60,385.75
813.06,335.50,813.46,333.79
775.12,384.55,773.84,384.95
814.96,379.68,815.09,379.09
799.70,335.50,813.06,335.50
776.41,384.64,777.74,383.88
776.41,384.64,776.44,383.80
817.68,379.16,817.46,378.68
778.54,382.63,779.11,382.48
818.28,346.64,813.85,346.79
780.32,382.39,779.36,378.17
794.30,362.95,797.45,362.95
780.32,382.39,780.93,378.25
816.49,379.21,816.47,379.91
802.24,352.57,806.39,352.49
782.17,383.10,782.12,382.93
781.24,377.93,781.36,377.54
792.67,379.24,793.65,371.86
781.55,377.76,781.36,377.54
828.82,360.92,829.10,360.92
804.44,336.04,803.85,336.73
781.25,378.30,781.24,377.93
780.92,377.87,781.24,377.93
776.46,384.41,775.13,385.04
775.21,384.80,775.13,385.04
777.57,383.46,778.94,382.73
777.57,383.46,778.54,382.63
778.94,382.73,778.54,382.63
780.11,382.73,778.75,382.30
829.28,362.97,825.74,362.95
813.59,340.84,813.46,340.91
781.25,378.30,781.59,378.28
781.55,377.76,781.59,378.28
781.25,378.30,781.55,377.76
781.24,377.93,781.55,377.76
815.34,348.05,815.31,348.21
827.97,387.35,827.92,387.17
796.82,370.97,797.31,367.25
813.18,327.62,813.66,327.83
778.12,385.38,800.44,386.97
813.68,341.40,813.71,341.54
826.55,337.57,826.94,338.88
777.75,383.67,776.46,384.41
813.18,327.62,813.52,327.60
778.12,385.38,779.11,385.47
777.75,383.67,776.33,384.17
798.14,348.07,798.10,348.24
822.79,321.23,824.57,325.32
833.30,370.92,828.38,372.63
816.00,347.19,815.81,348.07
777.75,383.67,777.57,383.46
746.12,361.58,746.37,360.00
810.85,358.82,813.81,358.83
778.54,382.63,780.11,382.73
797.04,355.38,797.10,355.18
780.11,382.73,780.32,382.39
781.25,378.30,781.59,378.28
826.92,355.29,827.03,355.56
780.75,382.58,781.25,378.30
816.83,379.77,817.82,379.77
813.18,342.46,813.11,342.36
784.52,377.69,783.29,377.64
817.19,382.44,816.20,382.44
829.65,345.79,830.31,346.84
802.78,321.23,804.47,325.32
784.29,377.92,783.09,377.86
804.11,332.61,803.88,332.11
825.34,415.61,825.47,416.39
781.55,377.76,781.59,378.28
826.23,345.90,826.90,346.96
783.09,377.86,783.29,377.64
795.87,337.26,797.83,337.14
828.94,355.54,828.85,355.31
783.05,377.84,783.09,377.86
829.02,355.53,828.85,355.31
782.91,378.01,783.09,377.86
828.21,422.37,826.72,423.70
805.57,384.07,806.85,370.74
799.96,372.27,800.03,371.73
822.37,362.82,822.21,362.48
813.71,333.12,813.68,333.26
777.89,384.27,779.13,383.56
777.57,383.46,779.13,383.56
777.89,384.27,777.57,383.46
777.89,384.27,776.33,384.17
809.61,357.86,809.97,360.00
765.82,377.34,765.64,377.54
776.90,377.56,776.72,377.70
775.50,377.98,774.63,382.20
781.12,382.70,781.59,378.28
826.90,346.96,830.60,347.55
782.91,378.34,781.12,382.70
773.98,377.42,774.02,377.40
783.96,377.87,783.09,377.86
825.11,355.31,824.61,355.18
814.76,340.89,814.93,340.82
783.96,377.87,782.84,377.81
795.48,372.92,799.85,373.07
764.49,373.53,763.15,373.74
774.98,385.16,776.29,385.26
782.78,378.38,782.91,378.01
797.77,362.85,800.95,362.85
782.91,378.34,782.91,378.01
829.05,371.27,829.05,354.46
763.47,380.93,761.25,380.80
803.24,370.14,803.24,369.13
773.69,384.76,774.98,385.16
782.91,378.34,783.05,377.84
798.94,324.57,798.89,324.08
820.17,380.44,820.15,380.62
815.70,348.24,814.74,349.25
802.69,321.38,804.37,325.45
783.09,377.86,782.91,378.01
806.93,339.92,807.07,339.57
828.04,347.87,827.38,348.91
767.55,384.14,769.78,384.30
782.66,377.96,782.91,378.01
825.39,355.17,825.89,355.30
784.43,378.08,784.29,377.92
773.98,377.42,773.81,377.56
783.96,377.87,784.29,377.92
784.43,378.08,783.96,377.87
784.09,378.03,783.96,377.87
817.82,379.77,817.87,380.44
784.43,378.08,784.09,378.03
829.70,355.63,828.90,355.64
784.43,378.46,784.75,378.43
794.10,362.82,793.95,362.48
781.11,377.77,779.91,377.71
784.43,378.46,784.72,377.92
817.68,379.16,817.82,379.77
784.43,378.08,784.72,377.92
792.68,359.05,793.36,359.05
784.43,378.46,784.43,378.08
827.01,345.79,827.74,346.92
829.28,362.97,826.10,362.97
814.61,346.78,814.54,346.23
777.89,384.27,776.83,384.92
829.28,362.97,822.59,362.95
777.89,384.27,776.75,384.64
823.10,346.50,814.61,346.78
778.09,384.52,779.38,383.78
816.88,378.24,815.89,378.24
778.09,384.52,779.13,383.56
777.89,384.27,779.13,383.56
797.09,362.48,793.95,362.48
801.84,347.75,803.70,348.96
815.74,341.02,815.33,340.97
761.92,374.22,761.35,374.95
779.58,384.00,780.84,383.02
780.58,382.83,780.84,383.02
824.98,355.18,824.88,355.33
781.12,382.70,782.44,382.78
829.48,362.76,829.66,362.66
782.44,382.78,782.33,382.67
823.31,431.54,823.48,431.29
778.81,375.12,778.88,375.57
802.24,352.57,805.22,352.58
782.44,382.78,782.78,378.38
782.91,378.34,782.78,378.38
827.28,327.47,827.72,327.91
821.20,419.28,820.40,419.58
817.26,381.17,817.17,380.78
803.65,371.15,805.35,370.45
820.17,380.44,819.68,380.77
782.91,378.01,782.66,377.96
783.95,353.80,783.13,355.78
765.82,373.74,764.49,373.53
784.43,378.46,784.43,378.08
825.11,355.31,825.47,355.68
784.09,378.03,784.43,378.08
823.35,392.35,825.05,392.69
811.45,360.00,811.38,360.95
811.70,354.69,812.47,355.59
829.23,360.72,826.83,360.71
789.07,380.55,789.30,380.76
809.50,355.58,812.47,355.59
784.09,378.41,784.09,378.03
798.63,324.20,798.77,323.86
797.92,362.51,801.10,362.51
781.40,384.98,780.10,385.38
789.21,380.50,789.07,380.55
789.58,354.67,788.29,356.21
827.32,427.41,827.25,426.13
810.52,357.62,810.12,356.59
794.90,373.20,793.01,372.29
767.02,374.35,765.82,373.74
783.93,382.78,784.75,378.43
831.07,331.30,831.02,331.25
778.92,374.06,778.29,374.60
812.19,354.47,812.21,354.51
794.50,360.91,793.82,362.37
825.39,355.17,824.61,355.18
783.83,356.08,782.62,356.87
767.02,374.35,767.18,374.22
783.93,382.78,784.43,378.46
767.85,374.89,767.02,374.35
807.57,341.09,807.84,342.89
805.65,384.58,805.78,384.18
775.99,383.35,775.55,382.45
826.90,346.96,827.18,347.65
784.28,382.89,805.78,384.18
767.85,374.89,767.62,374.95
807.57,341.09,808.08,342.60
805.65,384.58,784.28,382.89
795.90,372.69,796.12,373.66
812.12,385.75,816.21,382.99
784.03,383.22,784.28,382.89
822.89,398.19,822.51,395.81
805.75,329.84,805.80,330.57
805.57,384.07,804.35,385.10
790.43,362.14,790.29,362.29
772.31,378.33,773.82,378.41
770.44,375.31,771.14,375.34
802.87,386.45,801.50,386.88
803.02,385.87,801.50,386.88
829.20,360.72,829.20,355.54
767.85,380.80,767.62,380.73
803.02,385.87,801.71,386.28
779.31,373.31,779.09,373.61
832.07,331.42,831.76,331.30
812.91,362.16,812.08,361.92
788.19,379.21,788.08,379.84
798.94,324.57,798.89,324.08
816.88,382.53,815.89,382.53
778.24,384.76,776.96,385.16
795.87,337.26,797.74,338.53
814.61,345.69,813.89,346.82
830.77,381.44,832.59,381.29
812.39,364.29,812.40,364.26
779.58,384.00,778.24,384.76
777.74,383.88,779.00,382.90
778.09,384.52,779.58,384.00
808.47,366.25,811.56,366.30
780.90,384.09,782.17,383.10
780.84,383.02,782.17,383.10
789.20,380.33,789.21,380.50
777.43,384.83,776.51,384.75
782.33,382.67,782.44,382.78
800.90,369.75,801.01,369.07
782.17,383.10,782.33,382.67
808.08,325.59,808.42,326.67
782.12,382.93,782.33,382.67
797.57,362.97,797.45,362.95
781.94,382.49,782.55,378.33
814.79,303.77,814.71,303.57
808.25,435.77,808.75,436.55
796.35,356.51,795.89,357.62
782.66,377.96,784.09,378.03
815.36,380.90,814.91,381.59
829.28,362.97,829.50,362.85
784.09,378.41,784.43,378.46
783.93,382.78,784.09,378.41
791.04,348.77,791.17,348.83
763.19,376.60,762.97,377.99
783.48,382.59,784.09,378.41
794.10,362.74,793.94,362.63
819.55,343.18,814.52,342.40
783.76,383.03,784.28,382.89
809.33,427.41,809.40,427.45
799.54,371.95,800.90,369.75
784.03,383.22,784.28,382.89
784.03,383.22,805.65,384.58
826.40,360.91,824.39,360.91
802.87,386.45,803.02,385.87
802.87,386.45,804.35,385.10
804.29,385.63,804.35,385.10
773.84,384.95,774.15,385.12
771.30,377.96,771.78,379.39
802.87,386.45,801.50,386.88
802.87,386.45,780.10,385.38
825.13,368.18,827.14,368.22
822.48,412.74,821.57,413.17
809.38,426.03,809.77,424.79
827.70,332.69,828.02,332.77
794.60,370.81,794.71,370.45
814.20,333.17,813.82,333.32
779.56,384.85,776.96,385.16
807.39,348.83,805.53,349.07
805.45,304.21,805.56,302.94
830.21,332.37,830.27,332.73
793.01,372.29,795.01,373.12
828.91,355.27,829.12,355.26
779.56,384.85,780.90,384.09
779.58,384.00,780.90,384.09
793.64,371.68,794.13,371.53
792.74,379.22,793.71,371.89
779.56,384.85,779.58,384.00
793.64,371.68,793.48,371.13
779.56,384.85,778.24,384.76
797.81,355.63,797.68,356.14
782.12,382.93,782.33,382.67
796.94,356.15,797.68,356.14
781.72,382.83,781.94,382.49
782.33,382.67,781.94,382.49
798.18,355.26,797.81,355.63
781.94,382.49,782.55,378.33
797.07,355.64,797.81,355.63
783.48,382.59,782.55,378.33
797.07,355.64,796.94,356.15
783.48,382.59,784.09,378.41
811.43,405.53,813.16,405.15
779.00,382.90,779.29,382.59
782.55,378.33,784.09,378.41
789.14,380.90,789.79,381.59
777.75,383.67,778.94,382.73
797.44,355.27,797.07,355.64
783.76,383.03,783.93,382.78
789.05,380.88,789.63,381.56
766.54,383.16,765.58,382.35
783.76,383.03,784.03,383.22
822.94,347.32,823.26,347.13
802.87,386.45,804.29,385.63
825.36,362.48,825.52,362.82
782.75,384.21,804.29,385.63
802.87,386.45,782.75,384.21
802.87,386.45,781.40,384.98
822.36,343.86,815.33,344.14
763.17,373.58,761.95,374.35
781.25,384.74,779.98,385.13
767.18,381.46,767.02,381.33
781.40,384.98,780.10,385.38
779.56,384.85,778.27,385.26
804.13,427.58,804.48,427.56
809.73,303.99,809.46,303.90
811.19,352.84,812.19,354.47
817.38,382.02,817.68,381.39
826.54,355.18,826.59,355.23
779.61,384.63,778.35,385.02
819.08,381.87,819.37,381.27
826.91,355.33,826.54,355.18
822.20,359.15,822.17,359.59
780.91,383.88,780.90,384.09
829.76,335.51,832.84,335.51
809.93,352.86,810.92,354.49
815.31,348.21,814.74,349.25
829.04,360.92,827.02,360.92
779.56,384.85,780.90,384.09
804.20,428.04,804.59,428.34
806.63,411.44,806.81,411.18
798.26,348.21,798.70,349.29
822.18,448.49,821.07,448.96
829.84,362.01,829.79,362.40
822.20,359.15,822.38,359.64
780.91,383.88,779.56,384.85
779.61,384.63,779.56,384.85
780.91,383.88,779.61,384.63
792.71,357.70,792.52,357.77
818.40,341.07,817.88,342.35
777.86,357.89,778.36,355.80
781.94,382.49,783.48,382.59
767.85,374.89,767.18,374.22
782.55,383.99,783.76,383.03
783.26,382.93,783.76,383.03
793.91,355.68,793.78,356.18
782.28,383.76,783.26,382.93
828.75,357.48,827.23,357.52
781.25,384.74,781.40,384.98
793.93,368.41,794.32,366.46
808.29,366.20,807.17,368.03
781.25,384.74,779.98,385.13
822.16,337.26,824.26,337.14
828.33,357.48,826.78,357.49
792.75,350.07,791.29,351.32
781.03,384.48,779.89,384.85
792.98,365.91,793.20,366.09
823.14,427.62,823.01,428.37
779.64,373.10,779.31,373.31
808.05,351.17,815.06,352.44
795.41,333.77,799.66,333.77
817.51,343.36,817.37,343.51
805.32,369.64,803.70,371.04
829.33,355.26,829.61,355.74
779.98,385.13,779.89,384.85
826.78,357.49,826.64,357.37
779.61,384.63,778.35,385.02
816.41,380.34,816.45,379.72
778.36,384.75,778.35,385.02
796.98,355.48,796.35,356.51
779.61,384.63,778.36,384.75
810.94,360.00,813.90,360.00
795.79,356.34,796.35,356.51
827.19,357.49,827.06,357.37
779.50,384.38,778.36,384.75
765.64,377.54,765.61,378.04
780.91,383.88,779.61,384.63
828.33,357.48,828.89,357.36
780.91,383.88,779.50,384.38
824.91,355.35,824.98,355.24
764.83,374.34,763.47,374.98
782.28,383.76,783.26,382.93
824.91,355.35,824.98,355.18
782.28,383.76,781.72,382.83
771.35,382.39,769.82,382.30
824.88,355.33,824.98,355.18
761.92,374.22,761.25,374.89
780.74,383.66,781.72,382.83
801.11,401.32,801.56,401.20
822.16,355.38,824.61,355.18
779.00,382.90,779.11,382.48
823.57,340.64,823.64,340.47
781.25,384.74,782.55,383.99
781.25,384.74,782.28,383.76
828.36,325.59,825.16,325.83
814.68,340.68,814.76,340.89
779.50,384.38,778.36,384.75
781.03,384.48,782.28,383.76
781.03,384.48,780.74,383.66
818.18,356.20,817.27,368.37
797.92,362.51,797.77,362.85
764.83,381.65,761.25,380.80
801.10,362.51,797.77,362.85
821.36,368.54,820.36,368.41
761.92,381.46,761.25,380.80
792.79,360.67,793.08,360.32
769.01,382.59,767.27,378.12
792.79,360.67,792.98,360.44
769.01,382.59,768.54,378.19
825.42,332.32,825.25,331.98
770.44,380.61,770.11,380.93
770.11,374.98,767.85,374.89
796.01,379.24,796.83,371.89
815.00,340.55,814.76,340.89
763.47,374.98,763.47,380.93
807.32,416.32,807.27,416.74
793.99,373.49,794.05,373.60
763.47,374.98,761.25,380.80
806.56,425.66,807.46,425.20
802.35,414.50,802.88,414.98
791.95,373.09,794.05,373.60
829.55,353.23,829.54,354.46
761.25,374.89,761.25,380.80
806.37,425.92,807.08,425.15
813.79,333.87,813.83,333.77
793.99,373.49,796.12,373.66
763.47,374.98,761.25,374.89
770.11,380.93,770.11,374.98
770.11,380.93,767.85,374.89
767.85,380.80,767.85,374.89
770.11,380.93,767.85,380.80
806.88,381.59,806.52,381.19
828.21,334.74,828.06,334.85
763.15,380.61,763.47,380.93
800.92,308.64,801.17,308.29
810.94,360.00,810.85,361.18
766.09,382.29,764.83,381.65
821.92,357.98,821.20,358.05
813.27,337.41,813.30,337.42
799.85,373.07,801.84,372.25
766.09,382.29,761.92,381.46
816.14,446.48,817.82,446.33
806.17,308.32,806.17,318.83
807.97,356.08,808.91,356.87
767.48,382.51,766.09,382.29
763.17,382.10,767.48,382.51
764.55,382.32,767.48,382.51
763.17,382.10,764.55,382.32
761.35,374.95,761.25,374.89
761.92,374.22,763.47,374.98
826.44,424.02,825.96,425.67
740.76,348.89,744.19,349.44
800.32,364.41,801.08,365.31
829.55,353.23,832.84,354.41
761.25,374.89,763.47,374.98
821.68,343.33,823.07,337.92
788.88,363.62,788.57,363.75
827.38,347.32,828.11,348.42
799.18,401.12,800.29,401.60
767.18,381.46,765.94,382.10
829.28,362.97,826.33,362.85
766.09,373.70,764.83,374.34
761.92,374.22,764.83,374.34
823.47,355.53,827.07,354.27
796.17,360.71,796.25,360.77
781.40,384.98,779.98,385.13
763.17,373.58,761.92,374.22
814.54,346.23,814.77,346.92
781.03,384.48,779.89,384.85
770.11,380.93,770.14,381.65
829.54,354.46,833.02,354.46
767.18,381.46,770.11,380.93
767.85,380.80,770.11,380.93
829.54,354.46,833.06,353.23
767.18,381.46,767.85,380.80
767.48,373.48,766.09,373.70
796.01,379.24,797.00,371.86
764.55,373.36,763.17,373.58
778.84,375.16,778.81,375.12
768.96,384.74,769.93,384.83
825.21,325.98,824.05,336.73
765.94,373.58,764.55,373.36
817.01,380.38,817.31,380.59
770.14,374.34,767.18,374.22
816.97,380.73,817.68,380.76
765.94,373.58,768.88,373.70
829.17,360.78,826.77,360.77
767.18,374.22,765.94,373.58
770.44,375.31,770.11,374.98
801.24,371.65,803.97,377.17
822.88,413.96,822.63,414.04
827.50,404.50,827.23,403.71
792.72,361.54,793.08,363.05
817.82,379.77,818.21,379.81
800.30,327.72,800.77,327.87
822.88,413.96,822.35,414.48
816.65,421.92,814.42,422.46
792.72,361.54,793.73,362.84
771.14,375.34,770.14,374.34
761.95,381.33,761.35,380.73
763.11,381.95,761.73,369.81
779.57,376.02,779.47,375.90
807.35,348.77,809.03,350.24
761.92,381.46,761.25,380.80
829.10,355.31,828.77,355.21
797.63,321.87,797.65,343.51
763.15,381.94,761.95,381.33
761.92,381.46,761.95,381.33
829.10,355.31,828.75,355.15
763.15,381.94,761.92,381.46
829.12,355.26,828.75,355.15
763.17,382.10,761.92,381.46
813.54,347.76,818.68,348.68
764.49,382.15,763.15,381.94
813.54,347.76,814.22,348.81
763.47,380.93,763.47,374.98
764.49,382.15,763.17,382.10
806.92,333.48,806.32,333.88
784.43,378.08,784.29,377.92
764.55,382.32,763.17,382.10
797.02,346.29,799.19,346.12
761.25,374.89,761.25,380.80
827.75,327.80,828.11,328.53
814.03,328.22,813.83,327.72
811.51,361.44,811.18,362.84
761.35,374.95,761.35,380.73
769.83,384.58,768.88,384.50
820.05,341.34,820.36,341.34
810.94,361.26,810.64,362.49
827.26,360.78,827.26,355.30
761.25,374.89,761.35,374.95
779.91,377.71,779.73,377.85
826.64,357.37,826.59,357.09
827.09,331.84,827.13,331.61
809.98,368.55,808.54,369.79
812.66,349.85,811.94,350.63
815.33,340.97,815.46,340.64
765.94,382.10,764.55,382.32
803.24,369.13,802.29,369.20
779.38,383.78,780.84,383.02
761.95,374.35,761.35,374.95
829.28,362.97,829.50,362.85
793.95,362.48,797.09,362.48
833.52,371.27,829.05,371.27
802.13,352.06,802.28,352.01
767.18,381.46,765.94,382.10
812.41,413.09,814.31,412.92
807.99,325.75,808.08,325.59
798.28,368.18,799.61,368.74
763.17,373.58,761.92,374.22
764.55,373.36,763.17,373.58
802.25,412.44,804.04,410.98
819.00,339.86,825.07,343.82
803.50,410.62,802.25,412.44
826.15,327.28,825.94,327.26
803.32,371.95,805.17,371.51
813.58,347.73,814.29,348.83
817.51,343.36,817.83,325.21
825.47,327.81,826.15,327.28
805.11,371.58,806.87,370.85
818.78,339.74,818.61,339.39
805.11,371.58,805.62,370.81
767.62,374.95,767.02,374.35
795.00,355.30,793.91,355.68
767.62,374.95,767.62,380.73
767.62,374.95,767.85,380.80
767.85,374.89,767.85,380.80
767.62,374.95,767.85,374.89
768.58,377.69,767.69,376.12
828.46,357.36,828.33,357.48
784.43,378.08,784.52,377.69
769.97,377.54,768.76,377.49
804.44,331.77,804.23,330.76
776.88,384.48,778.02,384.85
814.31,306.80,810.49,306.80
762.50,379.35,763.15,375.31
817.81,393.71,818.00,392.14
762.50,379.35,763.15,380.61
828.52,357.07,828.52,355.21
763.15,375.31,763.15,380.61
798.18,355.26,797.07,355.64
770.11,374.98,770.11,380.93
803.71,378.98,803.78,378.03
826.64,357.37,828.46,357.36
780.90,384.09,780.84,383.02
770.44,380.61,770.11,380.93
762.50,379.35,763.15,380.61
811.08,406.79,813.39,406.28
826.62,332.31,826.39,331.61
833.52,371.27,829.05,354.46
763.19,379.39,763.15,380.61
763.19,379.39,763.83,380.65
814.07,410.98,816.58,412.44
826.82,332.21,826.99,332.04
763.15,380.61,763.83,380.65
762.97,377.99,762.50,379.35
762.97,377.99,763.19,379.39
819.62,338.87,822.76,338.70
797.24,362.82,797.09,362.48
762.50,379.35,763.19,379.39
793.94,362.63,794.10,362.82
829.62,335.39,830.14,336.30
819.30,389.53,820.97,389.08
826.75,421.97,828.09,422.17
819.00,337.89,822.32,337.71
828.35,331.60,828.11,332.58
798.23,366.53,798.68,366.22
794.72,385.73,814.17,395.84
805.78,350.34,807.34,351.91
763.83,375.34,763.15,375.31
829.62,335.39,829.76,335.51
819.30,389.53,821.14,388.90
826.75,421.97,831.01,438.68
801.25,308.41,804.55,305.10
822.83,321.38,824.57,325.32
762.50,376.56,763.83,375.34
763.19,376.60,763.83,375.34
820.91,408.58,821.41,405.13
782.66,377.96,783.96,377.87
762.50,376.56,763.19,376.60
821.92,438.49,818.64,421.97
821.75,419.34,821.33,419.69
828.36,330.54,828.43,330.53
797.97,368.79,799.40,369.39
814.43,347.73,815.06,348.76
801.10,362.51,800.95,362.85
771.14,380.65,770.44,380.61
792.58,382.84,793.06,382.99
771.78,379.39,771.08,379.35
771.08,376.56,771.30,377.96
771.78,376.60,771.08,376.56
824.88,360.77,824.91,360.71
816.56,343.85,823.35,343.58
765.94,373.58,767.48,373.48
824.67,336.04,824.05,336.73
770.44,375.31,771.78,376.60
795.51,355.17,795.00,355.30
791.87,378.25,795.71,378.43
822.50,399.35,822.73,399.86
812.94,356.26,811.82,356.96
778.43,373.75,778.60,373.50
795.66,378.11,791.87,378.25
795.66,378.76,795.71,378.43
807.99,325.75,808.42,326.67
804.44,336.04,808.42,326.67
791.82,378.57,795.66,378.76
795.27,379.30,795.51,379.06
828.86,326.60,828.86,335.79
804.24,391.20,804.03,391.26
794.98,379.45,795.27,379.30
782.17,383.10,782.44,382.78
782.55,383.99,784.03,383.22
797.45,347.89,801.84,347.75
790.81,379.30,794.98,379.45
821.13,357.98,821.43,357.62
806.45,320.45,806.25,319.70
795.18,340.79,794.82,339.19
769.28,383.58,768.09,382.63
797.45,347.89,799.27,349.00
790.81,379.30,791.14,379.25
794.72,355.38,794.78,355.18
790.49,379.25,794.65,379.50
804.21,355.80,808.56,356.87
834.23,365.49,828.09,365.41
782.63,362.14,783.11,364.25
818.57,379.71,817.78,380.66
801.82,364.27,824.99,364.52
769.28,383.58,768.03,382.82
790.81,379.30,794.65,379.50
821.07,448.96,817.66,445.67
825.49,332.75,825.32,331.77
800.77,342.17,801.25,342.37
809.93,367.13,808.69,368.58
794.02,379.30,794.32,379.45
790.49,379.25,794.32,379.45
817.27,368.37,818.01,368.37
812.40,355.73,812.08,358.08
827.48,368.13,825.64,367.43
789.96,378.87,794.02,379.30
789.96,378.87,790.19,379.10
793.63,378.76,793.78,379.06
808.81,356.87,808.36,356.87
771.15,382.83,771.56,382.73
822.14,342.19,799.81,340.79
768.90,377.85,768.54,378.19
827.35,424.05,810.49,424.05
797.57,362.97,794.30,362.95
798.69,355.13,798.81,355.34
782.75,384.21,805.65,384.58
789.96,378.87,793.78,379.06
789.76,378.25,793.63,378.76
797.57,362.97,797.34,362.76
789.76,378.25,789.81,378.57
784.64,351.98,783.52,353.81
808.91,363.13,808.94,363.13
789.76,378.25,793.58,378.43
826.90,427.45,826.83,426.03
793.78,361.99,793.82,362.37
793.78,377.81,793.63,378.11
789.96,377.63,793.63,378.11
783.35,353.76,782.53,355.75
789.81,377.92,793.63,378.11
793.89,362.01,793.95,362.48
789.96,377.63,789.81,377.92
805.18,328.89,805.40,329.34
818.77,338.46,819.43,338.25
822.08,368.93,819.45,368.92
794.02,377.57,793.78,377.81
798.96,360.92,796.51,360.91
790.19,377.39,793.78,377.81
820.38,369.25,819.45,368.92
771.86,381.95,774.16,369.80
797.24,343.08,798.03,342.76
768.03,382.82,767.73,382.51
790.19,377.39,789.96,377.63
820.17,380.44,816.87,380.43
769.30,382.90,769.01,382.59
794.32,377.42,794.02,377.57
821.88,438.93,821.92,438.49
828.28,329.42,828.35,329.47
801.86,371.58,803.65,371.15
807.68,343.15,807.97,343.04
816.26,381.81,815.10,381.59
769.39,382.48,768.89,378.22
794.65,377.37,794.32,377.42
790.81,377.19,794.32,377.42
790.81,377.19,790.49,377.24
794.98,377.42,794.65,377.37
773.53,377.87,773.70,378.03
769.02,377.71,768.58,377.69
791.14,377.24,794.65,377.37
791.90,347.01,791.95,346.90
790.81,377.19,794.65,377.37
769.22,377.80,770.45,377.71
797.81,355.63,797.98,356.16
791.43,377.39,795.27,377.57
794.60,355.29,794.41,355.29
791.67,377.63,791.43,377.39
794.49,355.56,794.60,355.29
791.82,377.92,795.66,378.11
823.68,396.87,821.80,398.08
780.90,384.09,782.12,382.93
795.51,377.81,795.66,378.11
791.82,377.92,795.51,377.81
794.78,355.18,794.28,355.31
791.82,377.92,791.67,377.63
814.49,344.02,815.04,344.05
772.01,384.11,773.29,383.38
825.12,386.64,831.73,383.42
772.01,384.11,773.02,383.16
768.22,374.62,768.57,375.49
812.70,328.56,813.10,328.38
793.14,379.81,792.95,378.25
790.30,380.74,790.07,380.71
790.81,378.25,793.14,379.81
813.23,329.69,813.68,329.61
790.84,379.81,793.14,379.81
789.14,380.90,789.63,381.56
797.44,355.27,798.18,355.26
783.76,383.03,783.48,382.59
786.49,377.94,786.49,376.40
813.23,394.30,812.66,392.83
830.93,333.26,830.68,333.01
784.39,377.94,786.49,376.40
798.81,355.34,798.38,355.45
786.49,377.94,786.68,379.47
784.39,377.94,786.49,377.94
786.84,379.86,792.97,380.19
798.31,351.84,799.64,351.29
830.44,333.05,830.70,333.31
799.26,366.64,796.76,369.15
790.65,380.19,786.84,379.86
788.80,377.64,788.70,378.24
796.77,355.21,796.81,355.16
782.73,377.35,788.70,378.24
797.10,355.18,801.09,355.13
782.64,377.94,788.70,378.24
782.73,377.35,782.64,377.94
789.07,377.10,788.80,377.64
773.64,384.43,772.72,384.50
783.00,376.82,788.80,377.64
782.73,377.35,788.80,377.64
773.64,384.43,772.76,384.78
783.00,376.82,782.73,377.35
789.50,376.67,789.07,377.10
806.80,340.50,807.66,340.40
793.41,373.42,799.85,373.07
783.43,376.39,789.07,377.10
797.98,362.04,797.92,362.51
783.43,376.39,783.00,376.82
790.05,376.39,789.50,376.67
783.43,376.39,789.50,376.67
784.55,376.03,790.65,376.29
784.55,376.03,790.05,376.39
802.32,347.83,804.29,348.86
803.22,344.71,798.76,344.89
784.55,376.03,783.96,376.12
794.29,355.50,794.01,355.79
790.05,380.09,790.65,380.19
792.01,360.09,792.17,360.44
783.96,379.76,790.65,380.19
783.96,379.76,784.55,379.86
789.50,379.81,790.05,380.09
769.82,382.30,769.21,378.17
796.17,357.48,794.75,357.49
771.68,377.84,771.65,378.34
827.32,328.38,816.20,329.24
783.43,379.49,790.05,380.09
795.61,358.80,795.99,358.82
822.08,356.76,824.94,356.74
783.43,379.49,783.96,379.76
789.07,379.38,789.50,379.81
794.30,355.56,794.41,355.29
783.43,379.49,789.50,379.81
789.63,381.56,791.89,382.45
802.33,324.44,802.33,321.12
763.15,377.56,763.15,377.92
772.36,384.00,772.35,383.78
770.49,378.30,770.62,377.87
796.43,355.27,796.45,355.31
827.32,328.38,813.10,328.38
783.00,379.07,783.43,379.49
815.20,381.56,812.12,385.75
809.02,323.82,802.33,324.44
814.79,333.31,814.60,333.02
762.79,377.40,762.76,377.90
827.92,329.61,827.32,328.38
782.73,378.53,788.80,378.84
782.73,378.53,789.07,379.38
783.00,379.07,789.07,379.38
782.73,378.53,783.00,379.07
789.25,378.25,789.33,377.77
789.55,377.33,789.33,377.77
789.55,377.33,788.80,377.64
796.59,357.48,796.72,357.36
789.07,377.10,788.80,377.64
806.30,426.36,806.77,425.59
793.92,372.53,795.90,372.69
808.69,338.68,807.97,339.11
796.35,363.49,797.34,364.42
789.90,376.99,789.55,377.33
771.00,383.46,770.03,382.63
789.50,376.67,789.07,377.10
790.33,376.77,789.90,376.99
771.00,383.46,769.55,382.73
793.36,359.05,793.29,360.00
789.50,376.67,789.90,376.99
790.05,376.39,789.50,376.67
790.05,376.39,790.33,376.77
794.98,355.23,795.00,355.18
792.95,376.69,792.79,376.29
790.65,376.29,792.95,376.69
813.71,333.12,813.71,328.41
763.38,370.69,763.43,370.83
790.84,376.69,792.95,376.69
790.65,376.29,790.84,376.69
828.14,326.35,828.14,336.79
790.84,379.81,793.14,379.81
794.66,355.33,795.00,355.18
792.97,380.19,793.14,379.81
768.16,370.84,768.43,370.98
790.84,379.81,792.97,380.19
831.53,346.79,831.87,347.57
790.65,380.19,792.97,380.19
790.33,379.73,790.84,379.81
794.56,355.57,794.60,355.29
798.00,351.23,798.31,351.84
790.65,380.19,790.84,379.81
790.33,379.73,790.65,380.19
790.05,380.09,790.65,380.19
789.90,379.51,790.33,379.73
794.56,357.09,794.49,355.56
790.05,380.09,790.33,379.73
789.90,379.51,790.05,380.09
789.50,379.81,790.05,380.09
789.55,379.16,789.90,379.51
794.62,357.37,794.49,357.10
791.87,370.60,790.19,370.74
789.50,379.81,789.90,379.51
799.31,352.82,798.68,353.78
789.55,379.16,789.50,379.81
814.22,348.81,814.29,348.83
789.81,377.92,793.58,378.43
831.53,346.79,831.76,347.58
789.07,379.38,789.50,379.81
783.43,379.49,783.92,379.39
792.81,366.17,792.98,365.91
775.55,382.45,776.96,382.53
798.23,353.48,797.77,354.56
794.75,357.49,794.55,357.40
789.07,379.38,789.55,379.16
789.33,378.73,789.07,379.38
788.80,378.84,788.70,378.24
796.11,357.54,794.67,357.52
789.25,378.25,788.70,378.24
788.80,378.84,789.25,378.25
789.33,378.73,789.25,378.25
782.86,377.94,782.73,377.35
783.00,376.82,782.73,377.35
827.02,355.14,828.03,355.14
783.00,376.82,782.94,377.46
783.15,377.04,782.94,377.46
783.43,376.39,783.00,376.82
783.15,377.04,783.00,376.82
811.55,359.05,811.63,360.00
796.37,357.07,796.32,357.08
801.31,361.75,800.90,363.46
811.55,359.05,811.04,360.00
821.12,323.81,813.89,324.45
817.50,335.39,817.10,335.51
783.92,376.48,783.49,376.70
808.26,350.72,808.05,351.17
798.47,360.78,798.47,355.30
828.20,329.69,827.65,328.56
784.55,376.03,783.92,376.48
808.38,350.72,808.18,351.17
784.42,376.40,786.49,376.40
786.66,376.03,786.49,376.40
808.38,350.72,809.69,350.45
784.42,376.40,786.66,376.03
817.10,335.51,817.10,330.57
766.63,382.54,766.47,382.29
808.38,350.72,809.48,350.86
784.42,376.40,784.55,376.03
784.55,379.86,786.84,379.86
816.58,400.10,814.00,398.66
784.42,379.47,786.68,379.47
796.15,355.18,796.25,355.33
784.42,379.47,784.55,379.86
830.60,347.55,830.58,347.73
783.92,379.39,784.42,379.47
783.43,379.49,783.96,379.76
830.60,347.55,831.74,347.73
828.86,326.60,828.86,335.94
783.49,379.17,783.92,379.39
798.47,355.30,796.25,355.33
782.64,377.94,782.86,377.94
817.96,319.71,818.17,320.46
765.98,377.70,765.98,378.07
811.41,346.96,811.13,347.65
793.10,378.35,793.38,378.26
828.16,329.87,816.71,336.99
782.94,378.41,782.64,377.94
792.35,357.98,792.36,357.62
818.77,319.69,817.96,319.71
765.64,377.54,765.61,378.04
827.36,347.13,827.38,347.32
782.73,378.53,783.00,379.07
793.09,356.96,792.73,358.46
820.09,337.37,820.19,336.00
773.29,384.80,774.25,384.89
782.73,378.53,783.15,378.84
767.85,373.56,767.61,373.22
768.69,371.21,768.03,374.05
767.85,373.56,768.03,374.05
807.35,320.41,808.71,323.80
816.16,333.31,815.85,333.43
809.01,349.89,798.39,349.25
796.87,395.75,794.60,385.75
800.93,350.29,801.51,350.91
797.81,346.53,797.89,347.47
827.91,328.27,828.02,328.53
803.39,366.17,802.28,367.99
796.51,355.53,796.51,360.72
766.98,373.52,766.90,374.01
765.69,371.11,767.37,373.10
823.85,432.03,823.26,431.98
795.51,360.00,795.61,361.20
792.97,369.82,794.19,369.85
819.00,337.89,818.92,338.13
822.58,362.79,822.58,355.15
798.63,400.80,799.23,401.81
816.18,353.23,815.93,353.45
785.18,350.03,786.81,349.36
795.51,360.00,795.90,360.00
830.35,332.71,830.51,333.02
791.74,368.29,793.14,369.49
806.48,445.11,806.63,445.86
765.69,371.11,766.98,373.52
779.08,360.00,779.22,361.75
815.94,381.00,816.45,380.96
829.63,350.72,830.30,351.17
816.08,381.60,816.58,381.52
817.96,395.70,820.22,395.84
767.02,375.16,766.92,374.58
794.28,364.17,795.03,365.40
815.89,380.33,816.41,380.34
819.62,338.14,822.76,337.97
768.08,375.70,768.16,375.21
768.58,377.69,768.16,375.21
806.83,353.30,810.81,353.93
767.21,375.66,767.02,375.16
782.26,356.87,781.90,356.87
783.88,351.31,782.35,352.09
762.76,377.90,762.65,382.21
826.91,331.99,826.75,332.30
779.00,382.90,777.99,382.51
767.13,377.61,767.21,375.66
767.44,376.00,767.21,375.66
767.13,377.61,767.44,376.00
768.08,375.70,767.91,376.02
791.24,381.52,791.01,381.17
781.41,371.21,779.87,373.22
796.17,360.71,796.25,360.77
830.88,355.71,830.80,355.36
780.04,373.56,779.87,373.22
821.72,341.26,821.87,341.26
781.41,371.21,780.04,373.56
766.23,384.02,767.47,384.40
813.33,342.56,813.83,342.36
781.41,371.21,780.12,374.06
794.30,355.56,794.43,355.34
779.39,373.20,779.64,373.10
779.39,373.20,779.15,373.52
778.84,375.16,778.86,374.58
800.35,342.39,814.52,342.40
782.26,363.13,782.53,364.25
779.90,377.69,780.00,375.21
786.47,369.66,788.09,371.05
790.65,376.29,790.05,376.39
830.60,347.55,830.58,347.73
824.39,355.17,825.39,355.17
831.40,333.08,831.62,333.05
836.31,351.34,822.35,351.52
819.12,339.75,819.62,339.60
778.93,375.66,778.84,375.16
779.09,376.00,779.32,376.12
778.42,377.61,779.09,376.00
775.21,384.80,774.28,384.61
800.46,346.90,803.48,346.80
796.51,360.72,796.57,360.78
778.93,375.66,779.09,376.00
779.90,377.69,779.81,375.70
808.36,338.82,807.68,339.03
823.09,398.24,822.76,396.18
829.76,335.51,830.14,336.30
779.90,377.69,779.57,376.02
790.81,378.25,789.55,377.33
767.48,384.01,766.58,383.94
780.43,369.48,782.28,371.27
825.78,358.06,826.90,353.32
822.32,339.69,822.43,339.58
771.23,370.93,782.28,371.27
771.23,370.93,780.43,369.48
773.32,377.92,783.11,371.65
762.04,368.63,762.05,368.80
765.18,370.75,763.38,370.69
762.05,368.80,763.38,370.69
765.18,370.75,762.05,368.80
799.31,366.57,798.17,367.91
796.09,355.24,794.77,355.18
797.63,343.36,801.63,343.18
796.15,355.18,794.77,355.18
762.04,368.63,765.18,370.75
816.30,382.08,816.79,381.97
764.21,377.47,763.99,377.26
821.77,354.98,821.53,355.20
767.77,374.14,767.73,374.60
765.82,377.34,765.64,377.54
762.06,369.82,763.45,369.89
763.57,371.05,763.45,369.89
766.90,377.40,767.13,377.61
822.32,337.71,822.43,337.82
765.69,371.11,767.13,377.61
765.69,371.11,766.90,377.40
804.63,328.53,804.92,328.61
822.76,339.44,822.64,339.45
778.86,374.58,778.97,374.01
765.69,371.11,765.82,377.34
822.72,338.18,822.79,338.24
768.69,371.21,768.58,377.69
768.76,377.49,768.58,377.69
769.97,377.54,768.76,377.49
822.35,351.52,830.01,351.52
768.69,371.21,768.76,377.49
824.39,355.17,824.61,355.18
770.21,377.76,769.97,377.54
768.69,371.21,769.97,377.54
782.97,370.42,793.67,370.68
783.11,371.65,793.67,370.68
782.97,370.42,783.11,371.65
773.09,377.69,771.87,377.64
771.79,371.30,771.68,377.84
790.53,377.90,790.62,378.00
820.07,355.45,820.18,355.31
825.29,343.49,826.01,336.58
771.79,371.30,771.87,377.64
771.68,377.84,771.87,377.64
773.32,377.92,773.09,377.69
771.79,371.30,773.09,377.69
773.32,377.92,771.79,371.30
768.22,375.83,768.41,375.74
806.17,308.32,806.17,318.83
825.90,358.21,825.79,358.27
768.22,374.62,768.41,375.74
768.03,375.73,768.22,375.83
812.70,328.56,813.68,329.61
768.22,374.62,768.22,375.83
793.28,379.77,792.77,379.81
791.47,363.24,790.43,362.45
777.44,382.63,777.99,382.51
822.40,341.90,823.00,340.58
803.40,369.79,803.99,369.75
768.22,374.62,768.67,375.10
767.87,375.46,768.03,375.73
768.67,374.18,768.71,374.64
768.22,374.62,768.71,374.64
821.53,355.20,828.30,355.22
767.77,375.06,767.87,375.46
768.57,373.78,768.67,374.18
823.57,373.72,828.81,376.35
815.94,379.68,816.45,379.72
767.73,374.60,767.77,375.06
768.22,374.62,768.57,373.78
796.84,369.05,796.50,368.69
768.22,374.62,767.73,374.60
768.22,373.41,768.41,373.51
768.22,374.62,767.77,374.14
768.03,373.50,768.22,373.41
805.48,334.09,805.03,333.61
796.45,355.31,796.77,355.21
768.22,374.62,768.22,373.41
768.22,374.62,768.03,373.50
765.40,383.57,766.58,383.94
829.76,335.51,830.14,336.30
767.48,369.81,766.58,383.94
814.92,303.99,814.79,303.77
767.16,375.12,767.87,375.46
792.98,365.91,823.55,366.39
762.65,382.21,762.98,382.49
793.20,366.09,823.55,366.39
763.11,381.95,762.98,382.49
815.65,344.55,814.58,345.65
812.47,328.99,801.86,329.82
761.33,369.80,762.76,377.90
762.79,377.40,762.76,377.90
821.78,351.87,821.88,351.93
812.89,329.87,812.47,328.99
762.06,369.82,762.97,377.21
762.06,369.82,762.79,377.40
816.33,353.24,818.80,353.27
762.43,368.25,762.43,368.42
762.06,369.82,761.33,369.80
829.76,330.57,829.76,335.51
800.72,370.74,795.86,384.07
794.59,370.74,795.86,384.07
795.24,384.58,795.11,384.18
795.86,384.07,795.11,384.18
800.34,320.87,800.57,320.33
794.41,355.29,794.76,355.24
795.24,384.58,795.86,384.07
825.85,332.71,826.16,332.31
797.08,385.10,795.86,384.07
798.42,385.87,799.72,386.28
800.72,370.74,797.08,385.10
802.69,321.38,804.47,325.32
804.31,419.69,804.00,420.12
805.74,367.15,806.83,366.70
815.33,340.97,815.33,344.14
801.71,386.28,800.72,386.37
785.13,370.93,798.47,369.48
772.84,382.21,772.51,382.49
784.57,371.30,796.16,371.65
825.69,331.38,825.05,331.62
779.97,368.63,785.13,370.93
781.94,370.84,785.13,370.93
779.97,368.63,779.60,368.80
825.11,331.27,825.69,331.38
778.85,370.75,779.60,368.80
776.98,370.69,779.60,368.80
778.85,370.75,776.98,370.69
835.84,359.53,821.88,359.54
778.85,370.75,779.97,368.63
781.94,370.84,778.85,370.75
795.01,346.87,796.17,348.33
776.18,371.05,775.47,377.47
826.16,330.91,825.53,330.70
776.18,371.05,775.28,377.26
775.47,377.47,775.28,377.26
774.90,369.82,776.18,371.05
824.17,369.64,825.33,369.17
796.39,370.33,795.02,370.24
817.50,368.25,818.04,368.26
797.33,347.97,796.84,350.95
822.08,362.85,819.79,366.39
782.62,370.33,782.97,370.42
788.44,349.73,786.93,351.03
781.65,369.55,783.26,370.93
788.11,351.89,786.98,353.73
826.69,358.06,826.64,358.00
826.82,331.02,826.55,330.54
778.34,371.11,778.42,377.61
821.88,354.45,821.77,354.98
778.24,377.40,778.42,377.61
821.95,351.64,821.88,351.93
778.34,371.11,777.14,377.34
821.88,354.45,821.88,351.93
821.95,351.64,821.78,351.87
780.13,377.49,779.90,377.69
781.41,371.21,779.90,377.69
781.41,371.21,780.13,377.49
781.36,377.54,780.13,377.49
830.24,340.75,828.64,340.83
819.45,356.76,819.17,356.49
778.36,355.83,777.86,357.89
781.55,377.76,781.41,371.21
777.34,368.42,775.46,369.89
830.01,351.52,822.35,351.52
796.28,370.42,796.16,371.65
819.55,354.20,819.42,355.16
826.63,357.87,827.60,353.78
826.82,332.21,827.13,332.30
784.52,377.69,783.29,377.64
783.05,377.84,783.29,377.64
784.57,371.30,783.29,377.64
823.07,353.11,816.40,353.22
816.38,382.80,816.83,382.67
784.57,371.30,783.05,377.84
821.88,359.54,820.23,359.54
820.12,369.54,822.86,372.39
784.72,377.92,784.57,371.30
784.52,377.69,784.57,371.30
761.33,369.80,763.27,369.81
793.32,346.66,793.41,346.58
821.88,359.54,820.05,359.36
784.72,377.92,784.52,377.69
817.53,364.79,819.39,364.70
773.24,369.81,768.01,369.83
779.15,375.49,778.98,375.74
831.40,332.37,832.08,332.14
816.30,378.63,816.79,378.74
778.79,375.83,778.98,375.74
779.26,375.10,779.15,375.49
781.99,349.73,783.47,350.85
812.24,360.95,811.55,360.95
820.44,344.71,815.78,344.89
778.60,375.73,778.79,375.83
778.79,374.62,779.26,375.10
779.29,374.64,779.26,375.10
778.79,374.62,778.60,375.73
822.96,353.72,822.69,354.32
816.71,340.51,823.35,340.46
777.86,362.12,778.36,364.20
801.24,371.65,801.24,381.21
778.43,375.46,778.60,375.73
779.26,374.18,779.29,374.64
779.62,363.46,780.30,365.08
778.33,375.06,778.43,375.46
779.15,373.78,779.26,374.18
815.61,380.88,816.15,380.73
804.35,385.10,805.57,384.07
778.79,374.62,778.33,375.06
819.55,371.38,819.66,370.46
816.56,340.79,815.78,340.51
799.31,353.42,799.76,355.12
778.29,374.60,778.33,375.06
805.62,349.19,805.35,349.55
828.23,358.20,828.68,357.99
778.79,374.62,779.15,373.78
828.23,358.20,828.68,357.86
778.79,374.62,778.29,374.60
819.31,354.35,819.42,355.16
794.05,346.40,797.02,346.29
828.23,358.20,828.23,358.05
778.79,374.62,778.98,373.51
778.79,374.62,778.33,374.14
778.43,373.75,778.33,374.14
778.79,374.62,778.79,373.41
785.11,347.89,787.52,348.88
803.24,353.87,803.39,353.83
778.60,373.50,778.79,373.41
795.66,378.11,795.71,378.43
778.43,373.75,778.79,374.62
808.56,356.87,808.36,356.87
803.24,353.87,804.05,355.83
825.90,358.21,826.64,358.00
778.60,373.50,778.79,374.62
767.48,369.81,770.77,382.87
783.05,377.84,781.55,377.76
772.51,382.49,771.86,381.95
768.22,375.83,768.41,375.74
808.94,363.13,808.91,363.13
799.31,324.13,799.16,323.82
808.94,363.13,808.81,363.13
768.20,375.16,768.12,375.61
774.90,369.82,774.02,377.40
768.57,373.78,768.67,374.18
805.65,384.58,805.78,384.18
805.38,304.42,805.45,304.21
813.59,333.85,813.68,333.26
767.06,374.59,767.77,375.06
803.02,385.87,801.71,386.28
808.56,363.13,808.94,363.13
803.02,385.87,804.35,385.10
768.41,373.51,767.91,373.64
779.09,376.00,779.04,375.88
767.48,369.81,763.11,381.95
800.72,370.74,803.02,385.87
767.04,374.06,767.06,374.59
761.35,380.73,761.95,381.33
827.04,330.69,827.10,330.64
830.52,332.01,830.68,331.70
826.20,332.70,825.85,332.76
822.14,342.19,799.20,342.19
830.52,332.01,830.72,332.14
826.20,332.70,826.37,332.76
807.27,381.74,805.34,381.91
801.91,395.51,802.24,396.24
826.80,334.08,827.30,333.88
796.51,355.17,794.78,355.18
801.91,395.51,803.08,396.13
822.82,340.17,823.31,340.26
805.84,333.95,805.84,334.08
826.80,334.08,827.19,334.02
796.51,355.17,795.51,355.17
764.49,377.84,761.35,374.95
772.24,384.33,772.24,384.60
818.74,325.13,818.54,325.56
804.44,329.74,804.65,328.80
764.49,377.84,765.82,381.94
764.49,377.84,767.02,381.33
764.49,373.53,763.15,373.74
822.16,362.01,825.19,355.79
815.01,331.45,814.77,331.70
767.62,374.95,767.62,380.73
779.24,375.99,779.47,375.90
767.02,374.35,765.82,373.74
827.51,331.61,826.96,331.65
819.45,368.92,820.12,369.54
779.04,375.88,779.24,375.99
828.93,349.89,814.74,349.25
805.46,352.33,806.70,353.15
762.50,376.56,762.50,379.35
827.04,330.69,826.50,330.75
790.81,378.25,789.25,378.25
793.25,382.44,793.26,382.54
751.32,363.43,751.50,360.00
805.36,332.53,805.06,332.88
824.80,331.31,824.75,331.65
790.81,378.25,789.33,377.77
800.34,320.87,800.56,320.93
805.36,332.53,806.58,333.26
778.79,374.62,779.29,374.64
789.90,376.99,789.55,377.33
808.01,323.87,806.42,320.03
808.62,341.04,809.78,341.04
746.21,368.07,744.78,366.10
817.19,378.36,817.61,378.49
790.81,378.25,789.90,376.99
820.80,337.26,821.64,342.76
806.72,333.26,806.75,333.36
805.58,367.32,806.70,366.85
790.33,376.77,789.90,376.99
813.07,360.00,809.80,362.15
811.19,367.16,809.98,368.55
806.88,376.49,806.52,376.85
817.41,341.13,816.89,342.40
809.11,355.78,807.97,356.08
790.81,378.25,790.33,376.77
814.22,348.81,812.66,349.85
778.82,374.59,778.81,375.12
790.33,379.73,790.84,379.81
790.81,378.25,789.90,379.51
816.33,372.39,818.80,372.32
831.07,331.30,830.76,331.46
778.92,374.06,778.82,374.59
813.59,319.51,813.59,320.33
830.32,335.43,829.78,335.33
789.33,378.73,789.55,379.16
782.94,378.41,782.86,377.94
826.72,330.52,826.76,330.47
784.39,377.94,782.86,377.94
778.42,377.61,778.97,374.01
782.94,377.46,782.86,377.94
800.47,394.71,799.75,395.79
744.19,370.56,746.99,368.86
805.36,328.68,805.60,329.18
784.39,377.94,782.94,377.46
831.82,332.94,831.62,333.05
784.39,377.94,783.92,376.48
784.39,377.94,784.42,376.40
783.15,378.84,783.49,379.17
821.20,381.12,820.89,382.38
831.40,332.37,831.98,331.94
826.72,423.70,826.21,424.44
828.06,334.85,824.40,335.69
807.57,342.99,807.84,342.89
800.60,393.66,799.75,395.79
804.92,332.65,804.63,332.77
800.92,399.94,801.14,399.45
815.49,332.37,815.07,332.94
815.49,332.37,815.27,333.05
822.83,321.38,818.54,323.61
823.10,346.50,823.49,346.64
824.75,331.65,824.80,331.99
823.57,345.96,823.49,346.64
825.22,331.61,824.80,331.99
824.75,440.39,823.83,440.79
799.51,337.12,799.40,335.53
825.28,331.97,824.80,331.99
823.57,345.96,823.10,346.50
831.82,331.79,831.98,331.94
825.22,331.61,825.28,331.97
823.17,345.93,823.57,345.96
825.20,332.54,824.96,332.30
831.62,331.68,831.82,331.79
825.69,332.54,825.44,332.29
823.64,340.47,823.31,340.26
808.86,391.30,806.46,390.59
825.28,331.26,824.75,331.65
831.40,331.65,831.62,331.68
825.28,331.26,825.22,331.61
840.80,333.39,813.93,344.33
797.83,337.14,797.74,335.76
823.17,340.59,823.57,340.64
831.59,331.24,831.93,331.29
825.51,332.70,825.20,332.54
831.18,331.68,831.40,331.65
826.01,332.70,825.69,332.54
814.77,346.92,814.61,346.78
831.24,331.29,831.59,331.24
824.96,331.00,824.80,331.31
827.29,330.94,826.75,331.00
825.44,330.94,824.80,331.31
790.14,348.69,788.44,349.73
823.17,340.59,823.31,340.26
794.90,373.20,797.12,373.63
830.98,331.79,831.18,331.68
825.44,330.94,825.28,331.26
810.65,325.65,809.87,324.41
794.31,337.39,794.42,335.80
824.03,342.33,823.89,341.77
824.09,356.38,823.53,356.36
826.01,332.70,825.51,332.70
830.88,355.71,830.80,355.36
794.05,373.60,799.19,373.88
830.93,331.45,831.24,331.29
825.85,332.76,825.51,332.70
796.98,364.52,797.34,364.42
830.82,331.94,830.98,331.79
826.37,332.76,826.01,332.70
814.69,346.27,814.54,346.23
830.68,331.70,830.93,331.45
825.20,330.75,824.96,331.00
827.10,330.64,827.29,330.94
825.69,330.69,824.96,331.00
794.03,336.00,794.30,334.74
825.44,330.94,824.96,331.00
823.36,353.49,824.07,358.30
814.69,341.06,814.69,346.27
830.72,332.14,830.82,331.94
825.69,330.69,825.44,330.94
797.74,338.53,797.83,337.14
826.39,330.41,826.72,330.52
826.01,330.52,825.20,330.75
807.28,411.95,808.14,411.99
799.19,373.88,799.28,373.80
829.93,372.64,833.07,372.64
799.07,340.19,799.40,338.73
825.69,330.69,825.20,330.75
826.50,332.54,826.20,332.70
833.01,340.55,814.93,340.82
826.02,330.47,826.39,330.41
827.04,332.54,826.72,332.70
796.65,371.02,793.53,371.02
774.79,377.94,774.19,382.02
830.82,332.79,830.52,332.70
826.37,330.47,825.85,330.54
812.38,350.79,808.18,351.17
767.37,373.10,767.61,373.22
794.98,357.09,794.62,357.37
828.02,326.34,828.01,325.69
793.93,337.37,794.03,336.00
792.68,360.95,793.36,360.95
822.83,321.38,817.51,321.87
825.51,330.59,825.85,330.54
840.80,333.39,813.93,344.33
796.01,342.34,795.41,341.01
797.46,339.80,797.74,338.53
826.37,330.47,826.01,330.52
828.63,355.48,825.89,355.82
823.31,340.26,823.64,340.47
820.12,369.54,822.86,369.67
826.75,332.30,826.50,332.54
809.42,353.04,810.42,354.21
820.12,369.54,822.84,369.34
831.40,333.08,831.59,333.47
826.75,332.30,827.04,332.54
827.29,332.29,827.04,332.54
831.24,333.41,831.40,333.08
826.20,330.59,825.85,330.54
803.51,419.34,804.42,418.94
808.94,353.53,809.87,354.62
827.42,332.40,827.20,331.95
794.74,340.38,794.42,338.97
782.24,360.00,782.40,357.87
826.37,330.47,825.85,330.54
763.17,382.10,766.09,382.29
823.64,340.13,823.82,340.39
827.49,354.37,827.45,354.38
829.82,354.98,829.57,355.20
817.51,343.36,817.37,343.51
802.87,418.83,803.33,419.58
811.76,360.00,812.10,361.90
827.46,331.97,826.91,331.99
824.45,341.02,824.70,341.12
826.45,327.55,826.93,327.35
798.44,331.31,797.60,331.07
795.23,341.49,794.74,340.38
790.14,371.30,789.92,372.17
811.57,366.26,810.44,368.11
820.91,408.58,818.18,409.33
817.11,341.12,817.35,341.02
797.25,342.13,797.89,341.36
826.91,331.31,827.51,331.61
827.54,331.24,827.37,330.90
827.10,330.64,827.37,330.90
795.23,341.49,794.74,340.38
794.73,340.93,794.74,340.38
827.04,330.69,827.29,330.94
824.92,341.09,824.03,341.13
826.72,330.52,827.04,330.69
822.76,337.97,822.96,338.06
824.92,341.09,824.07,341.71
795.87,341.72,796.48,341.48
825.51,330.59,825.20,330.75
798.63,324.20,798.77,323.86
826.37,330.47,826.72,330.52
823.16,338.68,822.79,338.24
824.65,342.91,824.92,341.09
826.01,330.52,825.69,330.69
826.39,330.41,826.37,330.47
807.13,389.69,805.99,389.90
784.42,376.40,786.49,376.40
814.29,348.83,812.66,349.85
800.93,309.18,800.93,319.51
826.02,330.47,826.37,330.47
826.01,330.52,826.37,330.47
825.69,330.69,826.01,330.52
827.29,330.94,826.50,330.75
825.69,332.54,825.44,332.29
821.71,418.86,821.18,418.39
805.58,352.68,806.70,353.15
826.72,332.70,826.37,332.76
821.38,419.57,821.71,418.86
827.04,332.54,826.72,332.70
770.14,374.34,767.85,374.89
825.97,358.28,826.69,358.06
816.59,393.57,817.79,391.08
822.38,394.06,821.80,398.08
770.56,384.31,769.28,383.58
730.85,356.91,734.24,355.56
826.62,332.31,826.39,332.35
810.85,358.82,813.90,360.00
827.29,332.29,827.04,332.54
798.31,351.84,798.23,353.48
811.61,358.16,811.76,360.00
827.60,331.61,827.46,331.97
779.90,377.69,779.75,378.19
780.11,382.73,780.58,382.83
822.69,333.99,822.92,334.84
812.61,334.63,822.92,334.84
768.69,371.21,768.14,374.63
812.61,334.63,812.84,335.46
823.54,335.47,822.92,334.84
818.02,325.60,817.92,325.48
823.54,335.47,812.84,335.46
823.77,340.17,822.75,340.46
819.51,319.92,813.81,320.48
822.36,343.86,815.33,344.14
785.32,360.00,785.65,357.84
824.05,334.39,823.90,333.85
774.02,377.40,774.25,377.21
825.04,411.92,825.08,412.40
811.56,366.30,810.42,368.16
812.33,394.91,809.80,394.16
824.99,365.78,824.61,365.77
818.30,368.22,817.95,366.57
768.18,374.63,768.20,375.16
792.98,357.85,800.27,361.37
774.02,377.40,774.16,369.80
818.77,338.46,818.72,338.90
817.50,335.39,817.80,336.02
818.78,338.03,818.61,338.40
823.90,330.01,823.90,333.85
822.69,333.99,823.90,333.85
818.78,338.03,818.92,338.13
794.33,360.71,796.25,360.77
813.19,335.07,813.19,330.29
823.90,330.01,822.69,333.99
788.11,368.11,789.52,369.76
822.69,329.93,822.69,333.99
813.45,336.07,823.54,335.47
828.21,330.06,828.06,329.77
824.40,335.69,813.45,336.07
814.28,336.30,813.45,336.07
824.05,334.39,822.92,334.84
824.05,329.47,823.90,330.01
818.18,409.33,817.62,410.62
822.92,329.08,822.69,329.93
812.84,335.46,813.19,335.07
812.84,329.84,822.69,329.93
812.61,330.67,822.69,329.93
803.41,400.69,802.43,399.67
804.96,304.89,805.25,304.64
812.84,329.84,812.61,330.67
814.09,395.06,816.12,396.41
824.05,329.47,823.90,330.01
807.21,354.24,809.11,355.78
768.58,377.69,768.14,374.63
822.69,329.93,823.90,330.01
789.26,380.49,788.41,380.49
804.29,348.86,805.49,347.64
817.50,330.84,817.10,330.57
824.40,335.69,823.54,335.47
824.36,334.70,823.54,335.47
824.40,335.69,824.36,334.70
805.78,350.34,804.29,348.86
829.62,330.84,817.50,330.84
840.41,330.05,813.64,331.94
824.89,334.85,824.36,334.70
809.49,304.23,809.73,303.99
814.36,332.73,814.30,332.37
824.36,334.70,824.05,334.39
809.23,304.15,809.73,303.99
824.36,329.16,824.05,334.39
810.92,354.49,811.18,356.37
809.23,304.15,809.49,304.23
814.60,333.02,814.44,332.71
824.40,335.69,827.67,335.69
828.06,334.85,824.89,334.85
802.21,405.31,802.12,405.09
828.06,334.85,828.21,334.74
823.54,328.45,822.92,329.08
800.30,333.26,800.08,333.79
811.18,356.37,811.61,358.16
821.13,360.31,820.46,360.25
808.36,439.72,808.50,438.98
829.74,372.62,825.77,372.50
794.60,349.19,795.82,349.15
813.45,329.23,822.92,329.08
812.84,329.84,822.92,329.08
805.72,302.88,810.46,302.99
808.24,439.67,808.71,438.89
808.36,439.72,808.31,439.23
794.60,349.19,794.19,350.15
813.45,329.23,812.84,329.84
831.75,331.25,831.41,331.25
811.61,358.16,812.23,360.00
815.50,333.48,815.16,333.43
824.36,329.16,824.05,329.47
824.36,329.16,824.36,334.70
813.45,329.23,823.54,328.45
823.54,328.45,824.36,329.16
817.50,330.84,829.62,330.84
817.10,330.57,829.76,330.57
800.01,333.85,800.23,333.32
802.64,391.20,803.37,390.89
809.89,367.21,808.64,368.67
829.76,330.57,814.02,329.84
767.16,375.12,767.33,375.57
813.83,327.72,813.33,327.52
821.80,418.90,821.29,418.17
815.71,333.05,815.91,332.94
827.12,353.39,827.71,353.78
805.78,384.18,805.57,384.07
820.80,342.41,820.06,342.19
822.59,402.52,823.27,402.80
827.49,354.37,826.10,355.55
832.84,329.84,814.02,329.84
820.07,380.88,819.68,380.77
818.66,309.57,818.69,318.84
823.77,324.37,823.45,324.09
737.33,370.56,740.55,370.95
816.65,332.37,816.59,332.00
815.62,320.33,815.78,320.39
810.78,326.34,810.47,325.69
773.32,377.92,773.47,378.43
794.42,335.80,794.74,334.35
825.44,332.29,824.96,332.30
815.11,332.97,814.44,332.71
815.11,332.97,814.96,332.67
805.34,376.19,818.29,376.83
819.21,342.04,818.12,341.01
814.39,332.36,814.44,332.71
770.22,384.83,771.19,384.91
814.96,332.67,814.44,332.71
825.20,332.54,825.44,332.29
814.91,332.33,814.96,332.67
814.85,333.27,814.60,333.02
815.35,333.21,815.11,332.97
823.58,324.14,821.83,320.08
827.89,325.65,827.38,324.41
814.91,332.33,814.39,332.36
831.59,331.24,831.40,331.65
825.51,332.70,825.69,332.54
814.96,332.00,814.91,332.33
815.16,333.43,814.85,333.27
815.65,333.36,815.35,333.21
800.94,405.28,800.48,404.85
814.96,332.00,814.44,332.02
828.86,326.60,827.38,324.41
798.97,324.61,798.63,324.20
830.93,331.45,830.98,331.79
825.85,332.76,826.01,332.70
817.19,364.87,816.15,362.82
815.11,331.70,814.96,332.00
820.80,343.08,821.64,342.76
813.00,320.32,813.59,320.33
814.85,331.46,815.11,331.70
823.48,400.76,822.76,400.92
751.32,356.57,749.74,353.47
815.85,333.43,815.50,333.48
825.28,331.97,825.22,331.61
816.32,333.36,815.99,333.41
815.35,331.46,814.85,331.46
815.65,331.30,815.35,331.46
815.50,331.25,815.16,331.30
820.74,332.41,821.48,332.10
797.68,362.01,797.68,356.14
768.69,371.21,767.85,373.56
815.99,331.25,815.65,331.30
806.88,376.49,807.27,376.37
820.06,332.41,820.80,332.10
815.50,331.25,815.99,331.25
816.86,332.97,816.62,333.21
812.10,358.10,812.25,360.00
810.57,362.32,813.08,363.41
816.32,331.30,815.99,331.25
816.56,332.71,816.40,333.02
819.39,333.18,820.06,332.41
816.32,331.30,815.85,331.30
816.62,332.36,816.56,332.71
813.10,328.38,827.32,328.38
817.07,332.33,817.02,332.67
827.03,340.67,828.09,341.90
798.50,396.84,798.34,396.68
822.75,334.10,822.21,332.99
816.56,332.71,817.02,332.67
816.40,331.71,816.16,331.46
819.32,318.85,819.42,318.83
816.40,331.71,816.62,331.46
816.86,331.70,816.62,331.46
816.56,332.02,816.62,332.36
827.46,331.26,826.91,331.31
813.68,329.61,827.92,329.61
817.02,332.00,817.07,332.33
816.56,332.02,816.40,331.71
818.86,334.35,819.39,333.18
816.86,331.70,816.40,331.71
816.16,331.46,816.40,331.71
816.20,332.37,816.17,332.14
828.40,325.75,828.36,325.59
826.76,330.47,827.10,330.64
806.88,340.00,806.93,339.92
810.01,347.84,810.70,348.93
782.84,377.81,782.66,377.96
792.58,357.54,792.36,357.62
779.11,382.48,779.60,378.22
816.16,331.42,816.40,331.71
810.61,304.35,810.31,304.42
819.86,368.61,819.74,368.61
824.16,335.76,823.86,334.53
816.42,331.68,816.40,331.71
826.76,330.47,827.04,330.69
816.16,331.42,816.42,331.68
812.72,319.47,817.89,318.84
815.84,331.25,816.16,331.42
815.48,331.20,815.50,331.25
795.86,379.22,793.71,371.89
828.46,385.36,827.97,386.31
779.36,378.17,779.47,377.80
818.53,335.80,818.86,334.35
815.85,331.30,815.50,331.25
807.43,341.59,808.36,342.77
815.48,331.20,815.85,331.30
823.90,337.12,823.78,335.53
815.84,331.25,815.85,331.30
825.33,356.56,824.21,353.33
779.64,373.10,779.39,373.20
826.01,330.52,826.02,330.47
816.16,333.27,815.85,333.43
815.16,331.30,815.50,331.25
822.33,397.34,822.47,396.72
814.43,389.69,813.64,390.37
784.42,379.47,786.68,379.47
825.69,330.64,826.02,330.47
767.74,384.67,768.31,384.71
791.90,347.01,794.05,346.40
815.11,331.25,815.50,331.25
784.42,379.47,786.49,377.94
825.69,330.64,826.01,330.52
815.11,331.25,815.48,331.20
802.48,415.22,803.37,415.76
825.06,411.50,825.13,411.95
791.53,368.58,794.19,369.85
825.44,330.94,825.42,330.90
814.60,331.71,814.85,331.46
819.69,440.91,819.63,442.05
823.09,338.73,823.21,337.12
814.53,331.68,814.60,331.71
763.15,375.31,764.83,374.34
825.19,331.61,825.28,331.26
832.57,386.24,831.41,386.59
822.10,360.44,822.27,360.09
814.36,332.00,814.53,331.68
825.61,359.58,824.87,359.58
824.16,338.53,824.26,337.14
814.36,332.00,814.44,332.02
797.12,373.63,798.04,372.12
797.45,372.11,803.68,371.12
768.58,377.69,768.08,375.70
825.28,331.97,825.25,331.98
814.44,332.71,814.39,332.36
830.49,354.34,830.17,354.34
818.53,338.97,818.41,337.39
814.36,332.73,814.44,332.71
821.01,414.50,821.02,414.09
800.34,372.99,800.46,373.09
827.29,330.94,827.04,330.69
825.69,332.54,825.69,332.58
830.54,354.33,830.88,354.33
823.86,339.80,824.16,338.53
814.79,333.31,814.85,333.27
826.39,332.81,826.01,332.70
815.11,333.48,814.79,333.31
819.20,338.97,819.09,337.39
815.11,333.48,815.16,333.43
817.82,379.77,818.25,380.43
826.76,332.76,826.37,332.76
815.48,333.54,815.11,333.48
826.72,332.70,826.76,332.76
800.36,400.49,800.08,399.29
824.65,342.91,824.92,342.99
815.85,333.43,815.50,333.48
813.29,394.44,813.30,394.56
827.10,332.58,826.76,332.76
815.84,333.48,815.50,333.48
815.48,333.54,815.50,333.48
827.10,332.58,826.72,332.70
789.36,347.75,791.35,346.93
815.84,333.48,815.48,333.54
806.72,368.02,805.32,369.64
779.75,373.33,780.04,373.56
804.52,336.19,803.95,336.84
778.36,355.80,781.90,356.87
813.82,308.63,813.63,308.28
809.51,303.57,809.35,302.38
822.21,341.36,822.75,340.19
815.84,333.48,815.85,333.43
827.37,332.32,827.04,332.54
827.29,332.29,827.37,332.32
816.40,333.02,816.16,333.27
816.42,333.05,816.16,333.27
816.42,333.05,816.16,333.31
816.59,332.73,816.40,333.02
819.39,341.49,818.86,340.38
816.56,332.02,816.59,332.00
768.67,375.10,768.57,375.49
816.65,332.37,816.62,332.36
822.81,341.48,823.39,340.81
816.65,332.37,816.59,332.73
815.38,344.44,798.66,344.44
816.92,391.44,818.21,390.58
774.59,383.26,775.55,382.45
799.68,338.92,799.81,337.10
813.05,330.81,812.61,334.63
812.12,385.75,814.40,395.75
820.07,341.49,819.54,340.38
804.28,376.50,803.97,377.17
828.20,329.69,827.92,329.61
825.34,395.58,827.23,403.71
813.05,330.81,813.05,334.55
820.80,342.41,821.54,342.13
813.05,334.55,813.05,330.81
813.19,330.29,813.05,334.55
822.16,341.72,822.81,341.48
817.47,336.30,817.10,335.51
762.97,377.21,762.79,377.40
812.61,330.67,813.05,330.81
813.19,330.29,813.05,330.81
813.19,330.29,812.61,330.67
797.89,332.99,797.25,332.30
824.46,421.58,823.72,420.79
792.14,359.05,793.20,359.05
791.12,380.96,791.08,380.34
801.61,402.07,802.14,400.97
827.19,334.02,827.30,333.88
812.84,329.84,812.61,330.67
778.88,375.57,778.60,375.73
830.76,331.46,831.20,331.45
779.09,376.00,778.93,375.66
767.48,369.81,761.73,369.81
800.72,370.74,804.35,385.10
813.54,347.76,813.58,347.73
814.02,335.51,813.50,335.37
813.45,336.07,813.50,335.37
813.50,329.98,813.19,330.29
821.75,391.20,823.04,392.21
813.50,335.37,813.19,335.07
813.89,321.15,813.89,324.45
817.10,335.51,814.02,335.51
803.38,344.77,815.62,344.95
763.99,377.26,764.21,377.47
814.28,336.30,814.02,335.51
833.07,346.27,814.69,346.27
814.91,331.94,814.81,332.14
764.49,377.84,764.49,373.53
829.02,355.53,829.12,355.26
813.50,329.98,813.19,330.29
785.11,372.11,791.35,373.07
813.19,335.07,813.05,334.55
800.72,397.96,800.38,395.72
798.51,325.59,798.29,325.48
806.01,378.99,806.07,378.17
801.32,398.14,801.26,397.44
802.35,401.38,802.78,400.92
806.30,333.76,805.84,333.95
789.26,380.49,789.53,380.73
813.66,327.83,813.53,327.90
799.70,339.24,799.51,337.38
821.66,395.42,822.76,396.18
817.86,427.08,826.04,427.09
808.33,446.03,812.41,413.09
814.02,335.51,813.50,335.37
779.26,375.10,779.15,375.49
773.84,384.95,773.72,384.70
793.20,359.05,793.36,359.05
831.18,333.05,831.40,332.37
831.00,381.21,820.30,380.67
767.62,374.95,764.49,377.84
766.11,377.56,765.98,377.70
814.02,329.84,814.28,329.01
813.45,329.23,814.28,329.01
813.50,329.98,813.45,329.23
814.02,329.84,813.50,329.98
825.08,412.40,824.91,412.66
791.64,367.11,794.47,365.80
787.97,351.84,789.52,350.24
825.69,330.69,825.69,330.64
814.85,331.46,815.16,331.30
819.82,389.51,818.49,391.02
830.14,336.30,829.92,336.02
794.43,355.34,796.17,355.35
799.39,386.88,800.44,386.97
822.69,371.27,822.59,362.79
829.76,335.51,833.33,336.30
798.06,369.08,796.29,368.80
776.98,369.89,775.17,369.88
821.75,419.34,821.58,419.60
798.35,373.60,801.36,373.70
826.75,331.00,826.50,330.75
825.69,332.58,825.44,332.29
814.53,333.05,814.36,332.73
764.55,373.36,763.15,373.74
782.55,378.33,782.66,377.96
827.90,337.32,828.14,336.79
822.81,341.48,823.39,340.81
830.21,332.37,830.27,332.00
831.76,333.43,832.18,333.38
797.24,343.08,796.45,342.83
806.32,333.88,805.84,333.95
814.80,396.75,798.50,396.84
820.80,342.41,821.48,342.41
805.22,367.42,806.39,367.51
824.89,334.85,824.40,335.69
831.41,333.48,831.84,333.43
790.84,376.69,790.33,376.77
815.07,332.94,815.01,333.26
831.50,333.38,831.84,333.43
828.06,329.77,828.06,334.85
822.92,329.08,824.05,329.47
805.29,304.35,809.51,303.74
831.41,331.25,831.84,331.24
831.41,331.25,832.18,331.29
779.09,373.61,778.92,374.06
816.07,341.41,816.32,341.51
783.49,376.70,783.15,377.04
764.49,377.84,767.62,380.73
814.91,331.94,814.77,331.70
813.52,327.60,814.00,327.80
823.36,372.10,822.96,371.87
830.95,332.98,831.20,333.22
814.28,329.01,813.45,329.23
813.68,333.26,813.82,333.32
814.91,331.94,814.61,332.01
764.49,377.84,763.15,373.74
783.92,379.39,784.42,379.47
815.27,331.68,815.32,331.29
830.80,332.68,830.95,332.98
824.40,328.22,823.54,328.45
804.91,304.77,809.23,304.15
830.80,332.68,830.51,333.02
809.52,366.89,808.32,368.29
798.71,335.53,798.39,334.10
783.49,379.17,783.92,379.39
824.89,329.02,823.54,328.45
830.35,332.71,830.51,333.02
784.39,377.94,783.49,379.17
815.49,331.65,815.67,331.24
831.20,331.45,831.50,331.29
779.04,375.88,778.79,375.83
831.07,331.30,831.50,331.29
830.35,332.02,830.44,331.68
783.15,378.84,782.94,378.41
815.71,331.68,816.01,331.29
830.74,332.34,830.80,332.68
808.52,388.64,808.78,389.17
816.07,331.94,816.32,331.45
810.78,336.83,810.60,336.79
823.45,324.09,808.01,323.87
830.51,331.71,831.20,331.45
800.31,346.19,799.04,347.19
830.80,332.00,830.30,332.36
778.29,374.60,778.33,375.06
830.70,331.42,830.44,331.68
785.99,355.71,786.98,353.73
789.33,360.00,792.07,360.00
806.93,351.23,808.25,352.04
830.70,331.42,830.51,331.71
779.75,373.33,779.91,373.64
830.76,331.46,830.70,331.42
822.17,358.70,822.20,359.15
788.08,379.84,788.26,380.38
818.87,362.35,819.21,362.29
767.82,383.48,766.63,382.54
789.79,381.59,794.60,385.75
813.00,344.88,811.02,345.83
815.59,382.40,815.31,382.08
777.99,382.51,778.46,378.12
814.85,333.27,815.35,333.21
819.33,307.91,813.82,308.63
779.79,369.07,780.07,369.20
831.38,331.20,831.02,331.25
766.63,382.54,766.47,382.29
831.38,331.20,831.07,331.30
821.13,357.98,821.32,357.77
793.67,370.68,794.59,370.74
767.11,382.45,766.47,382.29
778.60,373.50,778.79,373.41
831.76,331.30,831.41,331.25
779.31,373.31,779.54,373.21
832.07,331.42,831.75,331.25
812.12,385.75,814.40,395.75
772.54,383.56,771.00,383.46
767.43,378.14,767.56,377.72
773.65,384.52,774.91,384.92
831.76,333.43,831.75,333.48
831.02,333.48,831.38,333.54
809.50,364.74,808.65,365.44
831.41,333.48,831.38,333.54
831.02,333.48,831.41,333.48
825.95,353.22,816.18,353.23
831.07,333.43,831.41,333.48
830.76,333.27,831.07,333.43
830.44,333.05,830.70,333.31
830.76,333.27,830.70,333.31
830.44,333.05,830.76,333.27
830.51,333.02,830.76,333.27
830.51,333.02,830.44,333.05
809.51,303.57,809.82,303.57
830.27,332.73,830.51,333.02
830.27,332.00,830.35,332.02
823.78,335.53,823.43,334.10
817.19,364.87,817.04,362.82
789.49,347.84,790.14,348.69
817.02,332.00,816.86,331.70
816.56,332.02,816.86,331.70
807.40,343.06,808.69,343.49
823.63,405.31,824.62,404.12
805.45,304.21,805.67,303.00
793.01,372.29,794.39,370.93
830.21,332.37,830.27,332.00
823.09,335.53,822.75,334.10
816.56,332.02,817.02,332.00
806.92,349.22,806.93,351.23
823.63,405.31,823.69,405.09
830.21,332.37,830.35,332.71
830.30,332.36,830.35,332.71
806.92,349.22,808.54,350.21
830.21,332.37,830.30,332.36
824.26,337.14,824.16,335.76
816.62,333.21,815.85,333.43
815.48,331.20,815.50,331.25
799.72,352.54,796.91,349.73
799.72,352.54,796.87,349.67
809.61,362.14,809.80,362.15
795.38,372.84,797.33,372.03
807.97,356.08,808.43,358.01
814.30,332.37,814.39,332.36
796.91,370.27,799.72,367.46
800.89,369.61,799.27,370.99
833.33,336.30,830.14,336.30
805.48,334.09,806.17,334.26
796.91,370.27,799.70,367.50
810.94,305.26,810.62,304.89
826.30,333.95,826.67,334.23
828.63,359.57,827.88,359.57
822.75,340.19,823.09,338.73
814.53,333.05,814.60,333.02
813.62,408.10,812.69,411.10
795.99,353.53,795.05,354.62
829.62,330.84,829.62,335.39
823.08,367.55,823.08,369.79
807.27,415.84,807.46,415.58
794.60,349.19,796.36,348.46
791.64,352.89,794.50,354.21
829.76,335.51,829.62,335.39
789.37,372.77,793.31,372.14
811.63,356.21,812.08,358.08
829.62,330.84,829.76,335.51
828.89,357.36,828.46,357.36
779.01,385.22,778.02,384.85
822.83,321.38,821.71,343.18
802.99,415.72,803.37,415.76
804.95,422.54,805.06,423.32
830.21,332.37,829.76,330.57
824.07,370.03,824.07,367.30
789.30,354.49,789.76,356.24
811.63,356.21,811.61,358.16
829.62,330.84,829.76,330.57
827.54,331.24,827.46,331.26
793.28,379.77,792.81,380.43
820.94,340.93,820.48,339.97
813.39,406.28,816.24,420.92
815.38,344.44,814.11,328.18
829.62,335.39,829.62,330.84
830.31,342.60,830.27,343.22
798.20,397.96,797.40,397.91
818.98,320.41,818.77,319.69
799.28,335.51,799.66,333.77
776.60,360.00,777.23,363.94
801.17,308.29,801.25,308.41
799.28,335.51,795.41,333.77
795.03,335.51,795.41,333.77
778.42,377.61,778.93,375.66
816.73,401.12,814.18,401.60
827.46,331.97,827.54,331.98
805.14,417.60,805.50,416.88
806.32,421.58,806.38,422.04
807.49,328.42,807.72,329.41
800.94,321.16,800.94,320.33
820.64,394.30,820.06,392.83
830.27,343.22,830.31,342.60
805.84,327.22,806.32,327.34
771.23,370.93,782.62,371.42
817.69,324.65,817.75,325.13
822.22,342.13,822.90,341.36
823.06,398.08,823.27,400.58
816.62,332.36,816.56,332.02
777.23,356.05,776.60,360.00
795.79,356.34,795.30,357.51
795.03,335.51,799.28,335.51
822.22,342.13,822.90,341.36
827.65,328.56,827.32,328.38
817.59,393.66,815.80,393.16
816.59,332.73,816.56,332.71
779.04,352.49,777.23,356.05
816.65,332.37,816.56,332.71
806.52,308.01,806.47,308.43
794.90,337.42,795.03,335.51
812.84,335.46,822.92,334.84
791.98,372.07,793.55,373.47
827.17,342.71,827.70,343.32
806.24,307.91,806.17,308.32
813.30,337.42,813.43,335.51
781.86,349.67,779.04,352.49
806.24,307.91,806.52,308.01
813.30,337.42,817.71,335.51
815.62,344.95,815.78,344.89
803.85,336.73,801.63,343.18
817.58,337.42,817.71,335.51
818.81,400.11,819.70,402.13
817.80,336.02,827.90,335.42
820.74,342.19,820.07,341.49
812.84,335.46,813.05,334.55
793.30,382.89,793.28,382.76
785.53,347.92,781.86,349.67
827.90,343.32,830.27,343.22
795.03,339.31,794.90,337.42
817.58,337.42,813.30,337.42
820.42,383.37,819.83,383.99
815.84,333.48,815.48,333.54
768.54,378.19,768.89,378.22
785.42,347.86,789.37,347.23
827.36,342.72,827.90,343.32
806.43,307.57,809.17,304.60
813.43,339.31,813.30,337.42
820.42,383.37,817.45,383.99
785.42,347.86,789.45,347.30
779.90,377.69,779.32,376.12
806.43,307.57,806.70,307.66
813.43,339.31,817.58,337.42
817.71,339.31,817.58,337.42
768.67,374.18,768.71,374.64
805.57,384.07,806.85,370.74
799.66,341.01,799.28,339.31
795.03,339.31,799.28,339.31
813.89,309.04,813.60,309.17
795.41,341.01,795.03,339.31
812.61,334.63,822.69,333.99
813.82,308.63,813.89,309.04
813.83,341.01,813.43,339.31
804.63,330.65,804.63,332.77
821.52,341.53,820.94,340.93
817.80,336.02,817.47,336.30
814.30,332.37,814.02,335.51
779.85,356.64,781.39,353.61
813.82,308.63,813.54,308.76
813.83,341.01,817.71,339.31
818.92,339.64,819.29,339.25
820.23,341.00,827.43,341.00
800.08,333.79,800.30,333.26
799.66,341.01,795.41,341.01
829.10,355.31,828.77,355.21
807.27,379.06,806.52,381.19
778.09,384.52,776.83,384.92
808.39,340.46,808.43,341.05
801.34,372.17,802.01,371.99
796.76,343.18,796.45,342.83
798.94,324.57,798.89,325.06
812.38,392.12,812.29,392.49
814.81,332.59,814.77,333.01
800.50,332.49,800.41,332.23
798.94,324.57,799.31,325.02
814.81,332.59,814.91,332.79
800.50,332.49,814.60,332.22
799.36,324.57,799.31,325.02
814.44,332.46,814.60,332.22
796.41,348.84,798.20,348.42
797.56,399.96,797.98,401.83
812.72,321.12,812.72,320.30
802.32,332.27,802.27,344.33
800.50,332.49,799.87,333.87
806.14,421.28,806.44,420.75
823.90,330.01,823.90,333.85
840.41,330.05,813.64,331.94
819.07,307.57,815.63,304.47
799.50,335.56,799.87,333.87
823.27,355.30,830.60,355.22
792.89,372.36,794.90,373.20
799.66,333.77,799.87,333.87
831.38,331.20,831.75,331.25
819.07,307.57,819.00,307.66
799.50,335.56,799.66,333.77
809.98,351.44,810.42,354.21
799.28,335.51,799.66,333.77
827.67,335.69,824.40,335.69
827.54,331.98,827.29,332.29
802.65,331.94,828.69,330.05
799.93,341.91,800.16,342.46
825.32,329.74,825.54,328.80
813.43,335.51,813.83,333.77
823.27,355.30,824.34,354.99
818.11,449.50,812.77,449.50
818.75,342.34,818.12,341.01
805.90,337.97,803.51,344.39
795.27,341.53,795.23,341.49
764.25,377.47,764.42,377.63
805.37,333.95,805.84,334.08
799.93,341.91,800.30,342.36
825.32,329.74,825.26,329.70
796.76,343.18,800.29,342.36
819.33,308.43,819.42,308.32
813.43,335.51,813.79,333.87
817.47,336.30,827.67,335.69
817.10,335.51,814.28,336.30
813.40,335.56,813.79,333.87
813.40,335.56,813.43,335.51
825.66,362.37,825.61,361.99
798.63,369.07,798.69,369.20
802.50,344.34,802.50,332.28
792.50,379.68,792.45,380.33
801.55,394.25,800.94,393.53
825.70,335.57,825.29,343.49
805.14,324.24,816.11,306.97
799.50,339.25,799.37,337.41
793.55,370.34,790.19,370.87
805.14,324.24,816.11,324.24
799.50,339.25,799.15,337.42
813.49,344.34,802.50,344.34
799.28,339.31,799.15,337.42
803.44,381.52,804.81,382.51
828.21,330.06,828.21,334.74
813.49,332.28,813.49,344.34
813.43,339.31,813.30,337.42
801.01,369.07,800.48,367.67
823.91,400.00,823.58,397.92
788.80,378.84,788.70,378.24
798.98,366.39,799.26,366.64
813.83,341.01,813.43,339.31
813.83,341.01,813.40,339.25
803.49,389.08,809.71,389.54
800.87,363.49,798.98,366.39
813.79,340.90,813.40,339.25
828.04,347.87,815.70,348.24
821.38,319.76,815.62,320.33
776.88,384.48,775.36,384.38
814.51,342.36,813.79,340.90
831.93,331.29,831.62,331.68
800.43,342.13,799.87,340.90
821.97,401.81,820.66,401.45
776.96,385.16,775.97,385.25
799.66,341.01,799.87,340.90
800.37,361.88,800.37,364.15
795.89,362.38,796.27,362.32
828.98,331.31,828.83,331.84
802.69,321.38,798.80,324.00
810.60,336.79,810.60,326.35
830.70,331.42,830.44,331.68
800.43,342.13,799.66,341.01
800.29,342.36,796.01,342.34
803.18,404.29,803.04,404.12
813.70,324.66,815.38,320.87
816.56,340.79,823.35,340.46
829.93,353.10,829.78,353.23
819.44,363.24,818.77,363.24
807.57,341.09,808.43,341.05
798.04,347.88,799.96,347.73
793.99,373.49,796.20,373.77
782.35,352.09,782.60,352.41
798.66,320.87,800.34,320.87
817.33,382.44,817.43,382.54
805.60,331.98,805.36,332.53
800.34,324.66,798.66,320.87
792.50,380.99,791.20,381.81
816.59,332.00,816.42,331.68
801.25,327.67,800.30,327.72
785.11,372.11,789.36,372.25
785.11,372.11,787.08,372.92
809.93,352.86,810.92,354.49
767.26,373.31,768.03,373.50
831.76,331.30,832.18,331.29
813.33,327.52,813.99,327.87
813.33,327.52,813.83,327.72
830.76,333.27,831.20,333.22
808.36,356.87,808.94,356.87
812.19,358.46,812.23,359.05
800.40,363.32,799.76,364.87
814.03,328.22,813.83,327.72
800.90,363.46,799.76,364.87
825.10,328.63,825.68,327.83
814.19,328.35,813.83,327.72
813.99,327.87,813.83,327.72
814.19,328.35,813.99,327.87
813.08,341.22,812.98,341.34
814.03,341.86,814.03,328.22
824.40,328.22,814.28,329.01
769.97,377.54,770.19,377.77
782.20,363.13,782.62,363.13
806.05,337.57,806.20,337.63
799.87,333.87,800.50,332.49
782.20,363.13,782.44,363.13
798.21,348.01,800.11,347.86
825.07,329.66,824.86,329.65
814.19,341.69,814.19,328.35
809.81,389.46,811.33,386.94
825.74,340.41,825.78,341.04
822.66,347.05,815.04,347.30
805.90,302.64,805.68,302.72
800.57,328.35,800.77,327.87
822.26,370.46,822.58,370.43
799.44,347.97,801.34,347.82
773.47,383.60,774.75,383.68
818.81,381.12,821.20,381.12
808.25,367.98,806.93,368.79
804.45,329.66,804.68,328.65
800.57,328.35,800.30,327.72
831.99,370.81,824.34,370.61
823.14,339.18,824.24,339.45
827.25,332.61,827.00,332.11
778.34,371.11,778.97,374.01
814.03,341.86,813.99,342.17
792.21,358.30,792.17,357.85
822.20,393.99,820.49,392.46
801.86,348.42,803.65,348.84
816.54,389.34,817.39,389.81
803.42,352.48,807.57,352.58
822.48,412.74,821.66,412.42
813.83,342.36,813.99,342.17
816.68,380.49,816.97,380.73
763.17,373.58,766.09,373.70
806.74,320.42,808.13,323.80
803.00,401.60,803.41,400.69
827.83,354.37,827.45,354.38
781.90,363.13,782.20,363.13
819.66,370.46,819.66,362.79
805.54,347.70,807.39,348.83
813.51,342.37,813.99,342.17
830.11,354.22,826.07,355.51
805.58,352.68,805.74,352.85
828.86,333.31,828.62,333.88
824.07,367.30,823.15,367.22
819.42,370.43,819.42,362.79
788.44,349.73,790.14,348.69
807.35,348.77,809.00,350.19
813.33,342.56,813.83,342.36
779.26,374.18,779.96,374.63
830.30,332.36,830.74,332.34
782.62,363.13,782.20,363.13
831.18,333.05,831.40,333.08
802.97,351.94,802.46,350.84
822.50,413.64,821.99,414.44
801.25,342.37,813.33,342.56
781.99,362.15,782.62,363.13
800.79,342.56,813.33,342.56
790.35,381.10,790.21,381.13
823.88,432.52,823.18,433.30
795.90,360.00,798.88,360.00
800.79,342.56,801.25,342.37
815.23,389.87,815.68,389.19
796.45,331.78,797.24,331.43
813.53,360.00,812.43,359.05
824.92,341.09,824.92,339.19
819.16,411.68,823.72,444.58
792.12,359.59,792.82,359.15
806.17,352.54,807.21,354.24
810.85,440.93,810.81,441.72
807.57,341.09,808.27,339.93
832.57,379.17,827.63,378.70
800.43,342.13,800.35,342.39
779.79,369.07,762.04,368.63
800.77,342.17,801.25,342.37
822.58,362.79,822.58,370.43
808.68,355.75,808.94,356.87
825.06,411.50,824.32,410.71
808.69,368.58,808.50,369.85
800.30,342.36,800.77,342.17
825.22,331.61,824.75,331.65
813.99,342.17,813.51,342.37
800.57,341.69,800.77,342.17
782.73,378.53,782.64,377.94
830.60,358.55,823.27,358.57
804.87,360.00,808.96,360.00
821.43,358.73,821.46,359.15
767.63,383.68,766.38,382.71
778.98,373.51,779.91,373.64
831.02,331.25,830.70,331.42
804.87,360.00,808.79,357.85
824.67,411.18,823.68,411.12
800.10,328.22,800.57,328.35
819.79,359.27,820.41,357.93
803.32,348.05,805.50,350.64
773.09,377.69,773.28,377.92
767.63,383.68,766.63,382.54
811.22,352.89,810.42,354.21
831.02,331.25,830.76,331.46
824.50,411.44,823.58,411.88
800.10,341.86,800.10,328.22
826.81,440.13,825.87,439.64
824.15,362.80,824.34,358.88
806.30,327.47,806.72,327.91
819.28,402.27,820.91,408.58
809.03,369.76,808.64,368.67
824.45,411.89,823.71,412.65
800.57,341.69,800.10,341.86
813.89,321.15,819.49,319.70
814.60,331.71,814.44,332.02
768.67,375.10,768.12,375.61
815.27,331.68,815.07,331.79
800.16,327.63,800.71,327.40
774.25,377.21,775.28,377.26
820.31,380.45,820.30,380.67
778.79,373.41,778.98,373.51
800.30,333.26,813.46,333.79
831.38,331.20,831.41,331.25
781.90,356.87,781.66,357.85
793.06,382.99,793.30,382.89
822.96,371.87,822.69,371.27
780.62,355.12,779.62,356.54
813.33,327.40,800.71,327.40
825.05,331.62,825.11,331.98
796.17,355.35,796.17,360.71
813.33,327.40,800.79,327.52
823.43,405.15,823.95,405.53
808.43,361.98,809.11,364.22
812.40,364.26,810.89,365.57
809.43,355.48,808.74,354.68
824.66,436.50,824.18,437.30
819.42,362.79,819.42,370.43
794.32,350.21,792.87,351.44
797.24,337.26,799.31,333.69
818.36,365.41,819.43,365.41
819.55,343.18,818.75,342.34
815.11,331.70,814.60,331.71
806.54,319.70,807.15,319.69
828.06,328.61,828.29,329.52
814.11,328.18,813.88,327.63
813.83,327.72,813.88,327.63
832.07,331.46,831.76,331.30
736.37,361.58,737.10,363.01
821.88,356.33,821.85,356.32
818.66,309.57,818.69,318.84
821.14,388.90,820.97,389.08
827.91,333.02,828.25,332.88
800.10,328.22,800.30,327.72
803.25,372.02,805.11,371.58
800.16,327.63,800.30,327.72
808.81,363.13,808.91,363.13
825.07,343.82,822.55,339.55
778.36,364.20,781.90,363.13
790.54,353.11,789.30,354.49
801.24,369.38,823.55,369.85
822.86,356.05,823.42,356.10
822.32,339.69,825.07,343.82
779.17,366.13,779.18,366.17
795.27,333.05,795.87,332.79
824.22,437.16,823.24,437.15
782.46,360.00,782.43,360.00
779.17,366.13,780.28,367.94
798.97,400.19,799.43,398.22
780.30,365.08,781.21,366.57
813.88,342.46,814.03,341.86
813.16,405.15,814.57,405.02
791.49,352.84,791.64,352.89
808.56,363.13,808.36,363.13
812.89,336.33,825.70,335.57
809.50,355.26,809.43,355.48
799.76,355.12,800.40,356.68
803.15,400.32,802.75,402.16
822.69,372.06,822.96,371.87
811.19,352.84,812.21,354.51
822.91,362.79,822.96,353.72
799.76,355.12,800.90,356.54
813.33,342.69,813.83,342.36
823.12,372.32,822.69,372.06
782.60,362.15,783.11,364.25
800.79,342.56,813.33,342.56
808.79,362.15,808.58,362.15
819.82,390.70,819.97,390.84
800.16,342.46,800.71,342.68
830.39,355.76,829.02,359.57
798.26,346.51,798.35,346.40
800.16,342.46,800.79,342.56
823.39,333.57,822.81,332.97
815.99,331.25,815.50,331.25
814.39,332.36,814.96,332.67
818.77,319.69,819.39,319.70
817.28,341.47,817.59,341.46
797.89,347.47,799.82,347.93
800.30,342.36,800.16,342.46
817.28,341.47,817.32,341.35
831.38,333.54,831.75,333.48
825.18,330.76,825.32,329.74
800.10,341.86,800.10,328.22
819.25,372.06,822.69,372.06
765.82,381.94,764.49,382.15
799.82,347.93,801.66,348.69
799.93,328.18,800.10,328.22
831.38,333.54,831.76,333.43
790.26,348.81,791.20,346.49
800.10,341.86,799.93,328.18
789.40,378.86,792.64,379.10
806.42,426.40,806.95,426.89
791.49,367.16,792.87,368.55
799.93,341.91,799.93,328.18
800.10,341.86,799.93,341.91
825.22,415.84,824.30,416.27
800.57,341.69,800.77,342.17
765.37,382.02,765.58,382.35
823.86,334.53,823.39,333.57
816.62,331.46,816.16,331.46
799.72,352.54,796.76,350.85
794.03,338.74,793.93,337.37
830.70,333.31,831.02,333.48
790.81,378.25,790.33,379.73
770.22,384.83,771.19,384.91
818.93,341.39,819.07,341.38
817.80,392.03,817.81,393.71
825.65,339.93,825.78,340.46
831.99,358.86,823.27,358.57
800.77,342.17,813.99,342.17
824.90,355.50,825.19,355.79
814.69,341.06,833.07,346.27
820.24,397.91,820.37,395.88
795.01,373.12,798.04,372.12
823.08,369.79,823.15,370.13
825.20,339.26,825.45,339.52
830.80,358.40,823.27,358.57
797.58,348.42,799.44,347.97
809.74,307.09,809.73,306.55
814.69,341.06,833.07,341.06
808.64,368.67,807.17,369.92
795.42,334.35,795.91,333.18
815.58,350.21,814.17,349.29
800.77,327.87,801.25,327.67
830.27,332.00,830.44,331.68
814.19,328.35,814.19,341.69
829.99,340.53,830.14,340.53
830.25,340.41,830.14,340.53
830.35,332.02,830.51,331.71
800.30,327.72,800.79,327.52
818.75,342.34,814.51,342.36
830.35,332.71,830.27,332.73
789.09,346.66,787.08,347.07
800.03,348.27,801.86,348.42
825.32,402.68,825.31,402.55
800.35,342.39,814.52,342.40
825.69,340.72,826.00,340.73
465.65,483.16,607.93,372.27
814.19,328.35,813.99,327.87
814.19,328.35,800.77,327.87
800.72,386.37,800.44,386.97
772.35,383.78,771.09,383.02
814.19,328.35,800.57,328.35
819.31,371.23,819.42,370.43
811.83,341.28,817.32,341.35
823.42,353.33,823.07,353.11
794.90,346.80,795.01,346.87
797.24,332.10,797.25,332.30
825.44,330.94,825.69,330.69
744.88,355.04,746.49,354.79
824.28,421.28,823.37,420.75
798.57,332.99,797.94,332.30
813.23,394.30,812.56,392.46
825.13,411.95,825.08,412.40
792.73,368.61,792.87,368.55
825.42,330.90,825.69,330.69
818.14,325.59,817.69,325.49
818.41,337.39,819.20,335.80
814.79,331.42,815.11,331.25
778.33,375.06,778.81,375.12
794.42,335.80,795.10,335.80
827.19,327.20,827.75,327.80
797.89,332.99,797.94,332.30
825.42,330.90,825.69,330.64
801.54,321.15,801.51,324.46
814.79,331.42,815.16,331.30
816.33,353.24,816.18,353.23
812.00,423.32,814.42,422.46
808.68,355.75,808.94,356.87
797.94,332.30,797.25,332.30
825.25,331.24,825.42,330.90
814.53,331.68,814.85,331.46
799.63,393.47,800.28,393.27
824.15,362.80,824.15,366.89
804.71,360.00,804.87,360.00
796.55,332.10,797.24,332.10
826.72,330.52,825.85,330.54
825.25,331.24,825.44,330.94
814.53,331.68,814.79,331.42
779.91,373.64,779.15,373.78
794.30,334.74,794.74,334.35
826.67,327.07,827.30,327.34
796.54,332.41,796.55,332.10
814.22,348.81,818.68,348.68
814.82,303.57,810.76,302.94
814.55,341.60,814.59,341.48
795.87,332.79,797.25,332.30
763.83,375.34,764.83,374.34
791.50,380.35,790.93,380.78
825.22,331.61,825.28,331.26
795.87,332.79,796.48,332.97
796.48,332.97,797.25,332.30
825.15,372.38,823.12,372.32
826.99,353.20,827.08,353.31
789.55,379.16,790.81,378.25
801.24,371.65,804.67,376.07
830.20,334.98,829.78,335.33
807.71,366.53,806.63,367.19
807.43,341.59,807.67,341.48
826.36,421.48,826.10,421.57
798.39,334.10,798.57,332.99
807.43,341.59,807.58,341.60
826.36,421.48,825.82,422.01
798.39,334.10,797.89,332.99
813.68,333.26,813.46,333.79
779.54,373.21,778.98,373.51
802.65,331.94,802.32,332.27
827.00,353.39,825.90,358.06
783.15,377.04,782.94,377.46
826.58,420.78,826.20,420.82
795.91,333.18,796.54,332.41
816.81,379.24,816.49,379.21
799.89,347.02,801.87,347.84
828.16,344.31,828.01,344.73
802.65,331.94,802.50,332.28
810.70,348.93,811.77,348.85
816.17,341.52,816.32,341.51
826.58,420.78,826.07,420.03
795.91,333.18,795.86,332.41
778.79,374.62,778.43,375.46
801.03,350.96,800.48,352.33
818.77,363.24,818.04,368.26
799.27,349.00,803.68,348.88
800.25,395.55,800.03,395.79
795.87,332.79,796.55,332.10
817.27,368.37,818.33,362.36
815.60,341.21,815.08,342.47
825.49,402.49,825.84,402.23
813.64,331.94,813.49,332.28
827.74,346.92,828.06,347.68
776.18,371.05,776.63,370.83
774.08,382.78,773.47,378.43
808.88,341.51,809.12,341.41
808.88,341.51,809.17,341.52
809.52,366.89,808.69,368.58
798.71,335.53,799.07,334.10
782.94,378.41,784.39,377.94
770.59,384.02,769.35,384.40
795.23,333.18,795.91,333.18
795.42,334.35,795.23,333.18
825.15,372.38,825.37,372.16
791.90,347.01,789.95,347.73
804.21,355.80,804.71,357.87
782.63,362.14,782.60,362.15
805.03,327.83,805.22,327.81
824.24,342.78,824.03,342.33
795.27,333.05,795.86,332.41
797.46,334.53,798.39,334.10
826.30,333.95,825.85,333.49
798.71,335.53,797.46,334.53
767.48,369.81,769.57,383.57
816.79,380.74,817.00,380.71
812.21,354.51,811.23,355.53
802.65,331.94,840.41,330.05
827.54,331.98,827.37,332.32
797.24,343.08,798.03,342.76
804.44,329.74,804.38,329.70
807.85,367.43,806.93,368.79
799.40,335.53,798.71,335.53
816.19,378.38,815.89,378.26
812.92,356.24,813.37,358.09
827.51,331.61,827.46,331.26
774.25,377.21,776.18,371.05
816.56,332.71,816.40,333.02
778.79,374.62,779.15,375.49
831.61,340.44,831.87,340.33
812.92,356.24,812.10,358.10
828.35,333.40,828.33,330.41
827.51,331.61,827.54,331.24
810.60,326.35,810.47,325.69
804.26,319.82,797.65,321.73
831.61,340.44,831.93,340.45
795.10,335.80,794.74,334.35
823.35,340.46,822.75,340.46
827.60,331.61,827.54,331.24
812.84,329.84,813.19,330.29
801.54,321.15,801.51,324.46
816.59,332.73,816.42,333.05
782.24,360.00,783.21,360.00
816.65,332.37,816.59,332.00
828.35,333.40,827.17,342.71
794.74,334.35,795.23,333.18
820.44,331.07,797.60,331.07
794.30,334.74,795.23,333.18
822.95,355.65,821.46,355.65
777.86,357.87,777.69,360.00
777.69,360.00,781.49,360.00
794.73,333.73,795.23,333.18
779.22,361.75,778.36,364.17
797.74,335.76,798.71,335.53
798.83,337.12,798.71,335.53
825.35,430.34,824.80,429.57
826.39,331.61,825.69,331.84
801.86,398.08,800.36,400.49
817.74,383.18,818.04,383.37
812.21,365.49,810.43,365.80
828.28,331.64,828.11,332.58
822.26,422.53,821.35,421.99
730.37,360.00,733.17,357.67
839.57,342.71,813.93,344.33
798.83,337.12,797.74,335.76
781.65,350.45,780.29,352.01
828.23,358.20,828.17,358.27
774.02,377.40,773.88,377.90
824.18,396.81,824.33,397.44
822.51,340.69,822.58,340.53
794.19,369.85,794.32,369.79
825.28,331.26,824.80,331.31
799.40,338.73,799.51,337.12
829.92,351.71,822.29,351.71
782.86,377.94,782.94,377.46
774.16,369.80,773.88,377.90
822.17,358.70,821.43,358.73
822.54,394.84,823.32,395.84
804.86,412.50,805.54,412.01
800.56,397.92,800.61,395.96
792.87,368.55,794.32,369.79
798.71,338.73,799.51,337.12
800.56,397.92,801.27,398.84
798.71,338.73,798.83,337.12
828.20,358.26,828.23,358.20
774.90,369.82,774.25,377.21
794.99,337.39,795.10,335.80
821.36,355.39,820.11,355.40
774.90,369.82,774.16,369.80
800.52,361.55,801.82,361.74
804.46,412.74,804.85,412.42
792.97,369.82,794.60,370.81
828.61,332.33,828.33,332.65
794.99,337.39,794.42,335.80
794.60,370.81,796.36,371.54
794.42,335.80,794.74,334.35
820.44,331.07,797.60,331.07
796.54,342.19,795.23,341.49
794.03,336.00,794.74,334.35
770.59,384.02,769.35,384.40
833.33,329.01,814.28,329.01
800.37,361.88,801.82,361.74
804.63,413.93,805.15,414.44
796.17,371.67,798.04,372.12
798.71,338.73,798.83,337.12
796.32,357.08,796.32,355.53
799.40,338.73,798.71,338.73
822.92,334.84,823.90,333.85
807.21,411.50,808.02,411.21
823.58,397.92,823.97,399.94
801.36,373.70,801.44,373.63
829.74,372.64,829.93,372.64
795.10,338.97,794.99,337.39
821.85,356.32,822.03,356.32
800.20,335.18,799.81,333.47
822.92,334.84,822.69,333.99
807.21,411.50,807.72,410.71
801.36,373.70,803.48,373.20
771.69,383.07,772.64,382.26
810.56,423.70,809.35,424.02
828.02,328.53,828.33,328.61
795.10,338.97,794.31,337.39
822.32,401.38,822.76,400.92
807.03,411.20,807.72,410.71
800.46,373.09,803.48,373.20
788.11,351.89,791.29,351.32
826.72,332.70,826.20,332.70
803.24,349.85,803.42,350.24
794.42,338.97,794.31,337.39
823.06,401.20,823.48,400.76
806.81,411.18,807.34,410.67
802.32,372.17,802.45,372.27
794.31,337.39,794.42,335.80
797.74,338.53,798.71,338.73
803.50,410.62,813.62,408.10
803.70,348.96,803.68,348.88
814.28,336.30,813.50,335.37
767.47,373.21,767.69,373.33
802.71,392.04,802.20,391.80
826.01,330.52,825.51,330.59
798.39,340.19,798.71,338.73
814.28,336.30,813.45,336.07
777.86,362.12,781.90,363.13
767.47,373.21,767.26,373.31
828.04,444.93,821.98,448.64
827.06,330.06,827.20,329.46
795.86,342.19,795.27,341.53
821.43,359.57,821.34,359.95
807.84,352.59,808.94,353.53
829.28,371.28,829.54,371.27
798.57,341.36,799.07,340.19
770.47,383.77,769.36,384.14
794.42,338.97,795.10,338.97
800.12,361.71,800.12,364.29
827.70,332.69,828.02,330.65
794.42,338.97,794.31,337.39
803.51,418.45,804.31,418.17
811.23,355.53,811.82,356.96
794.03,338.74,794.31,337.39
827.29,332.29,826.75,332.30
822.86,341.21,823.17,341.21
794.03,338.74,793.93,337.37
827.00,353.39,827.60,353.78
768.22,374.62,768.03,375.73
797.46,339.80,798.39,340.19
797.89,341.36,798.39,340.19
809.78,360.00,809.97,360.00
795.91,341.49,795.42,340.38
801.00,409.81,799.84,409.33
794.05,372.15,794.13,371.53
829.02,355.53,828.91,355.27
780.58,382.83,780.32,382.39
828.40,443.89,830.33,439.02
806.74,320.42,806.45,320.45
813.50,329.98,812.84,329.84
798.64,403.34,799.46,404.35
782.21,368.68,782.47,368.80
827.25,328.78,827.56,328.42
821.33,331.31,820.44,331.07
794.74,340.38,794.42,338.97
776.91,377.54,775.47,377.47
799.87,340.90,799.50,339.25
805.49,418.34,806.47,418.43
789.92,372.17,788.11,371.14
811.63,363.79,810.89,365.57
795.18,333.98,795.41,333.77
826.10,362.97,826.33,362.85
794.30,339.97,794.42,338.97
785.18,350.03,786.81,349.36
803.48,346.80,803.54,346.87
793.14,350.51,791.74,351.71
825.69,331.84,825.80,332.04
799.87,340.90,799.28,339.31
794.30,339.97,794.03,338.74
826.75,331.00,826.91,331.31
796.48,341.48,797.02,340.81
795.03,365.40,795.48,366.97
797.24,342.41,797.94,342.13
829.55,372.51,832.84,371.37
796.55,342.41,797.94,342.13
829.55,372.51,829.28,371.28
796.55,342.41,797.25,342.13
797.94,342.13,797.25,342.13
779.81,375.70,779.57,376.02
796.54,342.19,795.91,341.49
800.60,333.17,800.60,328.36
795.23,341.49,795.91,341.49
810.39,304.64,805.25,304.64
779.81,375.70,779.69,375.61
805.90,302.64,805.72,302.88
817.68,377.92,817.88,378.75
810.57,362.32,810.12,363.41
828.01,325.69,827.38,324.41
812.89,344.31,813.04,344.73
796.48,341.48,797.25,342.13
796.55,342.41,797.25,342.13
796.55,342.41,796.48,341.48
798.39,340.19,799.40,338.73
797.24,342.41,796.54,342.19
801.34,369.13,802.29,369.20
797.24,342.41,795.86,342.19
797.24,342.41,796.55,342.41
823.79,398.20,823.68,396.87
826.20,332.77,826.16,332.31
831.03,440.03,831.44,439.21
800.01,340.84,799.64,339.21
794.56,357.09,794.62,357.37
795.86,342.19,795.23,341.49
795.87,341.72,795.27,341.53
820.66,401.45,821.80,398.08
813.51,327.67,800.79,327.52
795.86,342.19,795.87,341.72
796.55,342.41,795.87,341.72
795.86,342.19,796.55,342.41
831.41,331.25,831.76,331.30
814.40,337.35,814.44,332.46
825.38,440.94,824.99,440.99
798.88,360.00,798.98,361.17
794.73,333.73,795.86,332.41
800.50,332.49,814.44,332.46
797.24,337.26,795.18,340.79
822.16,341.72,822.81,341.48
801.50,369.79,801.34,370.14
814.40,337.35,800.50,332.49
814.40,337.35,800.46,337.35
803.99,369.75,803.40,369.79
797.60,331.07,798.44,331.31
831.41,331.25,831.84,331.24
797.89,341.36,797.46,339.80
798.03,331.66,798.44,331.31
803.61,398.91,803.07,400.73
815.07,331.79,815.01,331.45
814.82,303.57,810.61,304.35
831.50,331.29,831.84,331.24
794.39,370.93,796.17,371.67
772.16,384.83,771.19,384.91
799.20,332.13,798.44,331.31
768.31,384.71,768.41,384.48
772.16,384.83,771.29,384.68
799.68,335.30,800.20,335.18
826.93,327.35,828.25,328.36
799.20,332.13,798.03,331.66
825.44,332.29,825.28,331.97
823.19,339.03,800.20,339.03
797.24,331.43,797.60,331.07
802.64,391.20,799.45,391.61
796.20,373.77,799.19,373.88
825.44,332.29,825.42,332.32
824.86,331.87,824.98,330.77
814.03,341.86,814.19,341.69
824.89,329.02,824.40,328.22
821.33,331.31,797.60,331.07
820.80,331.43,821.64,331.66
823.51,432.74,822.82,433.25
803.36,370.26,801.87,372.15
830.53,367.20,824.34,366.73
822.37,354.20,819.55,354.20
807.21,354.24,807.97,356.08
825.08,412.40,824.75,411.99
802.04,391.44,804.05,389.81
811.22,367.11,809.98,368.55
800.79,342.56,800.30,342.36
821.69,359.36,828.11,358.36
795.87,337.26,795.27,333.05
798.10,365.32,800.32,364.41
820.80,331.43,821.33,331.31
820.44,331.07,821.33,331.31
800.89,350.39,805.32,350.28
767.02,381.33,765.82,381.94
815.33,344.14,815.74,341.02
799.81,333.47,799.20,332.13
799.81,333.47,798.74,332.44
822.77,356.33,822.77,369.38
799.31,333.69,798.74,332.44
817.43,382.54,818.14,381.91
807.35,348.77,805.54,347.70
821.88,356.33,822.77,356.33
799.20,332.13,798.44,331.31
821.88,369.38,822.77,356.33
813.38,358.11,812.19,358.46
823.19,335.18,823.00,333.69
822.14,332.13,798.44,331.31
828.44,360.92,828.30,360.93
822.51,340.69,822.58,340.53
821.33,331.31,798.44,331.31
805.94,350.26,807.35,348.77
821.88,369.38,821.88,356.33
822.14,332.13,821.33,331.31
822.36,343.86,815.74,343.85
813.52,360.00,813.37,361.90
818.61,333.98,818.75,332.37
795.74,332.65,796.76,331.43
796.45,331.78,796.76,331.43
822.15,369.38,823.24,369.39
796.76,331.43,797.60,331.07
817.82,380.50,817.88,380.55
823.01,413.22,822.88,413.96
807.84,352.59,808.94,353.53
823.42,369.41,823.39,356.31
796.76,331.43,820.44,331.07
824.18,396.81,823.78,396.24
791.50,380.35,792.07,379.99
800.34,337.10,800.20,335.18
821.09,356.33,821.26,356.33
794.90,337.42,795.03,335.51
822.40,332.44,821.64,331.66
790.36,368.37,791.18,362.15
815.64,304.60,815.21,304.23
820.80,343.08,820.44,343.45
822.14,332.13,821.64,331.66
815.64,304.60,815.29,306.34
823.34,337.10,823.19,335.18
821.64,331.66,821.33,331.31
797.24,337.26,799.68,335.30
819.55,343.18,820.80,343.08
794.70,337.41,794.82,335.61
820.44,331.07,820.80,331.43
802.24,396.95,803.31,396.95
822.66,347.05,823.26,347.13
823.34,337.10,823.19,335.18
799.70,352.49,796.87,349.67
815.48,331.20,815.11,331.25
821.12,356.33,821.09,356.33
823.53,337.10,823.39,335.30
824.22,403.03,826.10,403.20
800.20,335.18,799.81,333.47
820.80,332.10,821.48,332.10
824.22,403.03,824.97,405.15
800.20,335.18,799.31,333.69
821.12,369.36,822.00,369.36
823.60,405.02,824.97,405.15
799.68,335.30,799.31,333.69
821.54,332.30,820.80,332.10
817.71,335.51,818.12,333.77
799.81,333.47,799.20,332.13
776.33,384.17,777.57,383.46
819.68,380.77,819.54,380.88
822.78,333.47,799.20,332.13
826.30,327.42,826.80,327.22
823.76,418.08,823.34,418.43
826.39,331.61,825.69,331.38
793.93,337.37,794.42,335.80
822.14,332.13,799.20,332.13
799.81,340.79,800.20,339.03
799.31,340.58,799.68,338.92
795.41,333.77,796.01,332.37
795.74,332.65,796.01,332.37
817.78,380.35,817.78,379.00
798.08,324.65,797.94,324.08
822.16,332.79,822.22,332.30
800.20,339.03,800.34,337.10
800.41,332.23,796.76,331.43
813.88,327.63,813.33,327.52
819.55,331.43,800.41,332.23
829.55,372.51,829.54,371.27
811.06,386.91,809.62,383.56
814.60,332.22,800.41,332.23
819.55,331.43,814.60,332.22
814.93,340.82,814.76,340.89
823.00,333.69,822.40,332.44
815.00,340.55,814.68,340.68
817.79,391.08,819.30,389.53
819.99,438.68,821.92,438.49
822.83,321.38,822.79,321.23
822.78,333.47,822.14,332.13
822.91,356.32,824.01,356.32
832.57,379.17,830.30,384.18
819.21,332.65,819.96,331.78
773.96,369.83,774.87,369.89
819.55,331.43,819.96,331.78
822.91,356.32,824.01,369.40
794.03,372.30,794.05,372.15
773.45,377.87,772.85,381.94
826.37,330.47,826.39,330.41
826.50,332.54,826.72,332.70
796.76,343.18,797.24,343.08
818.75,332.37,819.55,331.43
816.62,333.21,816.32,333.36
800.34,337.10,800.20,335.18
834.83,383.57,809.97,383.57
799.81,337.10,799.68,335.30
820.44,343.45,797.60,343.45
823.19,335.18,799.81,333.47
820.44,343.45,798.44,343.11
823.19,335.18,822.78,333.47
795.03,335.51,795.41,333.77
794.82,335.61,795.41,333.77
794.82,335.61,795.18,333.98
823.39,335.30,823.00,333.69
823.00,333.69,822.78,333.47
827.46,331.97,827.29,332.29
814.28,336.30,824.40,335.69
818.12,333.77,818.75,332.37
807.35,320.41,807.15,319.69
825.25,331.98,825.22,331.61
827.04,330.69,826.20,330.59
822.15,356.32,823.24,356.32
800.20,339.03,800.34,337.10
827.04,330.69,826.72,330.52
820.44,343.45,797.60,343.45
791.49,367.16,791.53,368.58
819.55,343.18,797.60,343.45
799.68,338.92,799.81,337.10
823.34,337.10,800.20,335.18
807.97,339.11,808.23,339.39
773.44,384.44,772.16,384.83
819.55,343.18,820.44,343.45
794.70,337.41,795.03,335.51
794.82,335.61,795.03,335.51
806.43,307.57,808.95,304.47
804.85,427.67,805.70,427.72
827.46,331.26,827.51,331.61
823.39,335.30,823.19,335.18
821.12,369.36,822.00,356.33
799.81,340.79,799.68,338.92
821.48,332.10,822.22,332.30
823.19,339.03,800.34,337.10
823.34,337.10,800.34,337.10
819.47,402.17,820.52,403.87
822.36,391.30,820.87,391.15
825.29,395.98,824.49,393.96
814.31,306.80,814.76,306.88
796.45,342.83,796.01,342.34
823.19,339.03,823.34,337.10
825.07,331.87,824.98,330.77
762.05,368.80,763.38,370.69
807.65,320.46,807.15,319.69
795.03,339.31,794.90,337.42
806.77,440.94,807.63,440.99
813.89,319.50,813.59,320.33
809.64,307.43,805.86,307.43
827.17,342.71,827.36,342.72
807.62,309.23,809.74,307.09
794.82,339.19,794.90,337.42
767.48,369.81,761.73,369.81
814.84,390.83,815.70,391.80
809.64,307.43,810.05,307.51
827.17,342.71,828.62,333.88
807.62,309.23,805.04,307.73
769.01,382.59,768.89,378.22
796.76,343.18,796.01,342.34
807.57,342.99,807.97,343.04
794.82,339.19,794.70,337.41
823.39,338.92,823.53,337.10
820.33,356.62,820.50,369.06
823.19,339.03,823.53,337.10
820.33,356.62,820.50,356.62
823.53,337.10,823.34,337.10
818.10,337.41,818.23,335.61
818.10,337.41,817.71,335.51
828.06,334.85,827.67,335.69
799.20,342.19,799.81,340.79
820.36,369.06,821.24,356.63
799.20,342.19,799.31,340.58
798.74,341.90,799.31,340.58
799.81,340.79,800.20,339.03
793.26,382.54,793.30,382.89
822.78,340.79,800.20,339.03
828.21,330.06,828.21,334.74
822.78,340.79,823.19,339.03
806.45,320.45,800.83,320.32
795.18,340.79,795.03,339.31
794.82,339.19,795.03,339.31
818.23,339.19,818.10,337.41
817.58,337.42,818.10,337.41
818.23,339.19,817.58,337.42
791.50,380.35,790.93,379.93
817.71,339.31,817.58,337.42
830.51,333.02,830.76,333.27
823.68,356.31,823.56,369.42
798.44,343.11,798.74,341.90
825.88,333.38,826.32,333.82
798.63,369.07,798.69,369.20
819.71,320.45,819.49,319.70
799.20,342.19,799.81,340.79
822.78,340.79,799.81,340.79
822.14,342.19,822.78,340.79
783.92,376.48,783.49,376.70
796.01,342.34,795.41,341.01
795.74,342.04,795.41,341.01
795.74,342.04,795.18,340.79
822.40,341.90,823.00,340.58
814.35,422.74,816.70,422.17
794.77,355.18,794.41,355.29
822.14,342.19,823.00,340.58
822.14,342.19,822.78,340.79
770.61,384.55,771.81,384.70
823.00,340.58,822.78,340.79
818.61,340.79,818.23,339.19
817.51,343.36,821.71,343.18
829.76,335.51,829.76,330.57
800.40,395.59,800.50,395.47
791.50,380.35,791.68,381.72
817.71,339.31,818.23,339.19
818.61,340.79,817.71,339.31
818.12,341.01,817.71,339.31
803.74,423.95,803.96,423.98
805.52,436.45,805.41,436.40
782.63,362.14,782.43,360.00
806.88,376.49,807.27,379.06
798.44,343.11,799.20,342.19
831.79,381.52,831.32,382.51
821.33,343.11,799.20,342.19
811.70,365.31,810.81,366.07
821.54,342.13,822.22,342.13
821.33,343.11,822.14,342.19
828.06,329.77,828.21,330.06
824.26,337.14,823.90,337.12
815.75,396.84,815.85,396.72
820.07,333.18,820.74,332.41
815.95,396.68,815.85,396.72
821.33,343.11,822.40,341.90
820.74,332.41,821.48,332.10
766.58,383.94,767.74,384.67
822.40,341.90,822.14,342.19
818.12,341.01,818.61,340.79
783.69,369.05,783.26,370.93
823.43,334.10,822.90,332.99
821.85,356.32,822.03,369.38
821.33,343.11,798.44,343.11
820.44,343.45,821.64,342.76
818.10,365.40,818.10,360.25
820.44,343.45,821.33,343.11
818.21,381.05,818.08,381.60
775.12,377.99,774.63,382.20
774.76,384.06,772.24,384.33
821.64,342.76,821.33,343.11
818.28,346.64,827.36,347.13
805.45,304.21,805.67,303.00
800.72,370.74,806.85,370.74
825.12,386.64,817.43,382.54
819.43,365.41,819.43,360.25
819.96,342.83,819.21,342.04
768.08,374.10,768.18,374.63
800.72,370.74,805.57,384.07
825.78,353.34,826.05,353.23
817.56,309.23,817.81,309.52
825.12,386.64,816.72,382.89
819.96,342.83,818.75,342.34
800.37,361.88,801.67,362.08
796.17,371.67,798.20,371.58
827.02,337.55,826.81,336.29
828.97,329.92,829.02,330.58
798.71,338.73,797.83,337.14
823.27,358.57,824.34,358.88
801.34,347.82,803.25,347.97
822.93,337.97,823.07,337.92
789.76,363.76,790.49,365.53
817.71,339.31,813.43,339.31
807.07,342.65,806.88,342.24
812.51,360.00,811.38,359.05
792.04,380.88,791.82,380.77
819.55,343.18,796.76,343.18
797.60,343.45,796.76,343.18
774.76,384.06,773.64,384.43
821.09,356.33,821.26,369.37
819.96,342.83,820.80,343.08
774.97,384.31,773.72,384.70
819.96,331.78,820.44,331.07
797.24,337.26,795.18,333.98
819.55,343.18,819.96,342.83
808.69,368.58,808.32,368.29
821.38,356.33,822.47,369.37
822.16,332.79,822.81,332.97
799.28,335.51,799.50,335.56
829.54,371.27,829.78,372.50
800.29,342.36,799.66,341.01
797.89,341.36,798.39,340.19
820.17,380.44,820.15,380.62
815.50,331.25,815.65,331.30
819.54,340.38,820.48,339.97
820.06,332.41,821.48,332.10
776.98,370.69,776.63,370.83
763.15,381.94,761.95,381.33
797.89,341.36,799.07,340.19
821.54,332.30,822.22,332.30
761.95,374.35,761.35,374.95
824.61,365.77,826.07,360.91
812.89,309.95,812.97,310.28
801.24,381.21,803.78,379.94
822.90,332.99,822.81,332.97
822.89,339.72,824.24,339.45
796.45,342.83,795.74,342.04
821.48,332.10,822.16,332.79
828.21,334.74,827.67,335.69
812.47,309.88,810.38,307.73
821.52,333.05,821.48,332.10
763.15,373.74,761.95,374.35
828.16,336.33,834.28,338.03
825.20,342.89,824.92,342.99
816.40,333.02,816.86,332.97
792.71,357.70,792.91,357.77
827.06,353.31,826.99,353.20
767.62,380.73,767.02,381.33
815.60,341.21,815.74,341.21
797.25,342.13,797.89,341.36
819.39,333.18,820.74,332.41
820.06,332.41,820.74,332.41
825.65,342.17,825.45,342.60
815.60,341.21,815.84,341.09
797.25,342.13,798.57,341.36
765.82,373.74,764.49,373.53
817.50,335.39,828.21,334.74
817.50,335.39,828.21,330.06
798.59,396.72,798.34,396.68
823.43,334.10,822.21,332.99
822.64,339.45,822.96,339.33
813.45,329.23,812.84,329.84
824.55,341.13,824.70,341.12
795.91,341.49,794.74,340.38
767.62,374.95,767.02,374.35
799.72,367.46,800.87,363.49
804.45,331.87,804.64,331.87
807.84,366.08,809.80,366.69
820.12,356.15,822.84,356.39
778.79,375.83,778.98,375.74
821.92,360.32,821.20,360.25
830.98,332.94,830.82,332.79
764.49,377.84,767.02,374.35
823.43,334.10,823.39,333.57
796.60,355.54,796.62,355.26
764.49,377.84,765.82,373.74
809.67,302.29,809.65,302.41
823.43,334.10,822.90,332.99
817.11,341.12,817.41,341.13
797.25,342.13,797.02,340.81
816.62,332.36,817.07,332.33
789.79,381.59,794.72,385.73
764.42,377.63,764.66,377.57
764.66,377.57,763.47,377.87
820.74,342.19,821.52,341.53
818.86,334.35,820.07,333.18
822.75,334.10,823.43,334.10
779.96,374.63,779.86,375.16
828.20,358.05,828.20,358.26
762.50,379.35,762.28,377.96
779.86,375.16,779.69,375.61
795.86,342.19,795.23,341.49
823.78,335.53,822.75,334.10
804.44,336.04,804.52,336.19
823.78,335.53,823.86,334.53
816.83,381.10,817.82,381.10
823.78,335.53,823.43,334.10
791.50,380.35,791.01,379.54
820.07,333.18,820.94,333.73
819.20,335.80,819.54,334.35
818.37,323.74,817.89,323.82
818.53,335.80,819.54,334.35
824.40,335.69,823.54,335.47
828.21,330.06,828.06,334.85
831.07,333.43,831.41,333.48
823.90,337.12,823.09,335.53
797.68,362.01,796.94,356.15
820.19,336.00,820.48,334.74
828.35,333.40,828.62,333.88
820.19,336.00,819.54,334.35
789.33,378.73,790.81,378.25
814.77,332.37,814.81,332.59
815.11,331.25,815.16,331.30
819.09,337.39,819.20,335.80
820.96,449.08,819.55,449.39
828.17,442.05,828.20,440.91
814.79,331.42,814.85,331.46
818.41,337.39,818.53,335.80
827.67,335.69,827.90,335.42
819.37,378.02,819.56,378.80
823.78,338.73,823.21,337.12
800.32,341.75,800.27,341.53
815.32,331.29,815.01,331.45
831.07,331.30,831.84,331.24
812.69,309.66,812.89,309.95
813.00,319.50,813.00,320.32
825.70,335.57,826.35,336.38
831.07,331.30,831.41,331.25
772.24,384.60,771.29,384.68
828.04,444.93,817.58,444.93
798.74,332.44,798.03,331.66
820.09,337.37,819.20,335.80
828.40,443.89,828.86,444.22
818.11,424.43,810.00,424.44
815.64,379.91,815.37,380.06
799.00,366.08,801.98,366.07
819.20,338.97,819.09,337.39
831.82,332.94,831.93,333.41
784.39,377.94,784.42,379.47
809.71,389.54,803.31,388.90
799.19,373.88,799.28,373.80
825.42,332.32,825.28,331.97
829.78,372.50,829.93,372.64
816.54,389.34,816.48,390.42
818.03,323.65,818.28,323.48
818.53,338.97,819.09,337.39
818.41,337.39,819.09,337.39
784.39,377.94,783.92,379.39
823.09,338.73,823.78,338.73
798.37,325.73,798.51,325.59
801.46,381.44,801.24,381.21
794.30,334.74,794.73,333.73
800.46,337.35,799.50,339.25
816.56,332.02,816.42,331.68
830.76,331.46,831.07,331.30
821.33,396.12,822.47,396.72
743.43,369.49,746.21,368.07
805.65,384.58,804.29,385.63
776.29,385.26,777.38,385.10
823.43,340.19,823.09,338.73
783.15,378.84,784.39,377.94
840.65,330.06,817.50,330.84
830.30,332.36,830.35,332.71
807.09,332.58,806.72,333.26
820.74,342.19,821.48,342.41
823.43,340.19,824.16,338.53
817.01,388.87,818.01,388.69
823.43,340.19,823.78,338.73
824.16,338.53,823.78,338.73
803.62,395.19,803.31,396.95
816.57,331.70,816.32,331.45
830.95,331.69,831.20,331.45
826.77,360.77,824.88,360.77
820.19,338.74,820.09,337.37
820.19,338.74,819.09,337.39
788.51,349.39,788.51,348.95
811.33,395.43,811.02,397.13
816.07,331.94,815.91,331.79
830.51,331.71,830.76,331.46
829.62,330.84,829.76,330.57
819.54,340.38,819.20,338.97
812.08,345.90,811.41,346.96
799.70,335.50,800.08,333.79
776.41,384.64,775.13,385.04
818.53,338.97,819.20,338.97
778.79,374.62,778.98,375.74
824.96,332.30,824.80,331.99
793.78,361.99,794.50,356.17
822.90,341.36,823.43,340.19
793.78,361.99,793.78,356.18
822.90,341.36,822.75,340.19
825.44,332.29,825.28,331.97
825.34,395.58,826.10,403.20
816.16,333.31,816.16,333.27
807.05,328.61,807.26,329.52
817.33,325.08,817.48,325.39
823.39,340.81,823.86,339.80
777.86,357.89,777.69,360.00
822.90,341.36,823.86,339.80
814.60,333.02,814.44,332.71
822.90,341.36,823.43,340.19
806.75,327.80,807.09,328.53
817.75,325.13,817.92,325.48
820.48,339.97,820.19,338.74
820.48,339.97,819.20,338.97
817.76,324.65,817.51,321.87
802.34,310.51,802.33,319.47
819.49,319.70,819.39,319.70
815.35,333.21,814.60,333.02
767.69,384.35,768.96,384.74
816.42,333.05,816.40,333.02
819.54,340.38,819.20,338.97
818.86,340.38,819.54,340.38
813.89,320.32,819.49,319.70
814.44,332.02,814.91,332.33
815.65,333.36,814.85,333.27
816.56,332.71,816.62,332.36
821.54,342.13,822.21,341.36
819.55,354.20,819.66,355.12
786.47,350.26,785.06,351.91
783.83,356.08,783.37,358.01
819.75,356.20,818.90,362.14
767.77,375.99,768.22,375.83
828.33,330.41,802.65,331.94
822.22,342.13,823.39,340.81
822.94,394.70,823.88,393.63
821.13,396.52,819.91,396.67
828.33,330.41,802.32,332.27
800.30,327.72,800.71,327.40
823.39,340.81,822.90,341.36
781.25,378.30,780.92,377.87
816.70,393.46,814.64,396.34
820.94,340.93,820.48,339.97
814.17,395.84,814.40,395.75
799.82,372.07,801.66,371.30
796.35,363.49,796.72,363.41
816.70,393.46,814.40,395.75
820.94,340.93,819.54,340.38
823.54,328.45,822.92,329.08
814.85,331.46,814.60,331.71
814.54,341.00,814.69,341.06
815.35,331.46,815.11,331.70
823.71,412.65,823.58,411.88
793.89,362.01,793.95,362.48
818.14,323.62,818.54,323.61
820.06,342.19,819.39,341.49
815.50,333.48,815.99,333.41
767.40,377.56,766.42,377.51
805.03,333.61,805.48,334.09
821.48,342.41,821.54,342.13
812.72,320.30,813.00,320.32
816.32,333.36,815.50,333.48
811.16,305.10,815.27,304.15
793.06,382.99,794.60,385.75
804.31,330.76,804.44,329.74
818.03,323.65,817.92,323.78
821.48,342.41,822.81,341.48
829.79,364.29,829.95,364.63
803.96,402.68,804.51,400.61
804.63,330.65,804.92,332.65
792.94,381.97,792.38,381.25
816.21,382.99,812.12,385.75
821.52,341.53,820.07,341.49
813.79,389.90,813.04,390.88
823.35,400.33,823.41,400.31
804.60,352.57,805.74,352.85
826.37,330.47,825.51,330.59
791.35,346.93,793.45,346.42
809.55,405.53,811.62,405.15
817.50,335.39,817.80,336.02
820.74,342.19,820.07,341.49
813.83,342.36,813.88,342.46
812.43,359.05,812.23,359.05
816.80,384.17,817.45,383.99
819.08,381.87,817.38,382.02
825.74,341.68,825.60,342.27
813.59,321.16,813.59,320.33
820.74,342.19,821.48,342.41
812.43,359.05,812.51,360.00
820.80,342.41,820.74,342.19
783.83,363.92,784.60,365.76
817.50,335.39,817.10,335.51
785.31,350.43,785.18,350.03
796.20,346.23,799.19,346.12
800.79,342.56,800.71,342.68
822.16,341.72,821.48,342.41
820.74,342.19,822.16,341.72
797.75,373.57,797.81,373.47
804.63,330.65,805.40,329.34
821.52,341.53,822.16,341.72
799.81,337.10,800.34,337.10
810.00,424.44,808.98,425.53
809.52,366.89,809.89,367.21
817.48,323.86,817.69,323.72
817.48,323.86,818.14,323.62
825.19,331.61,825.25,331.98
817.92,323.78,818.14,323.62
805.23,409.87,805.02,409.41
805.72,302.88,805.83,302.83
813.82,308.63,813.89,309.04
817.89,323.82,817.69,323.72
831.41,333.48,831.76,333.43
827.77,337.38,827.90,337.32
762.97,377.21,763.27,377.42
817.89,323.82,818.14,323.62
831.07,333.43,831.02,333.48
807.05,328.61,807.09,328.53
817.33,325.08,817.92,325.48
830.70,333.31,831.07,333.43
800.77,342.17,813.51,342.37
816.20,329.24,802.37,329.24
816.16,331.46,815.85,331.30
800.59,324.33,807.98,323.64
817.33,324.20,817.48,323.86
800.83,319.50,806.17,318.83
816.16,331.46,816.32,331.30
770.69,384.23,769.78,384.30
803.11,419.57,803.63,420.08
811.61,361.83,811.63,363.79
826.96,331.65,827.46,331.97
812.89,336.33,822.32,337.71
817.68,381.69,816.69,381.69
816.62,331.46,816.32,331.30
809.02,427.16,810.85,440.93
805.17,371.51,806.92,370.78
800.73,324.48,800.59,324.33
805.46,367.67,804.41,367.60
817.75,324.15,817.92,323.78
817.69,325.49,817.48,325.39
804.78,428.11,805.58,428.46
804.63,413.93,804.45,413.64
796.68,352.04,798.00,351.23
751.44,361.61,751.70,360.00
813.08,356.59,813.53,357.68
822.79,339.12,823.10,339.05
818.14,325.59,817.48,325.39
818.14,325.59,817.92,325.48
805.37,333.95,805.97,334.23
800.56,320.93,807.98,323.64
805.37,333.95,805.48,334.09
800.56,320.93,806.54,320.17
818.04,324.13,818.37,323.74
793.89,362.01,797.09,362.48
804.38,329.70,804.60,328.73
818.14,323.62,818.37,323.74
817.28,324.64,817.33,325.08
824.92,341.09,824.20,340.00
805.11,371.58,806.92,370.78
800.57,341.69,814.19,341.69
793.97,359.57,793.89,359.95
822.22,342.13,822.21,341.36
805.84,327.22,806.30,327.47
771.23,370.93,771.51,371.08
817.69,324.65,817.28,324.64
795.94,370.78,796.65,367.98
778.34,371.11,779.15,373.52
817.69,324.65,817.33,324.20
823.21,337.12,823.09,335.53
815.48,331.20,815.84,331.25
813.16,409.98,815.58,410.98
810.34,302.83,810.44,302.87
817.01,388.87,818.36,388.85
818.63,377.97,818.99,377.86
779.75,373.33,779.91,373.64
825.24,434.44,825.52,434.01
814.02,329.84,814.53,331.68
817.83,324.08,817.92,323.78
801.24,381.21,791.31,380.67
804.60,332.75,804.38,331.82
817.83,324.08,818.03,323.65
821.76,393.83,821.80,398.08
797.89,372.53,798.26,373.49
799.70,363.41,800.32,364.41
821.03,357.85,820.83,357.79
818.37,325.44,818.14,325.59
818.14,325.59,818.02,325.60
820.62,356.62,821.71,356.62
795.41,341.01,795.03,339.31
818.14,325.59,817.92,325.48
827.35,424.05,812.00,423.32
801.73,343.33,797.65,343.51
799.31,367.19,799.71,366.85
811.83,341.28,810.36,341.35
801.30,391.69,800.37,391.32
825.68,327.83,825.85,327.95
773.58,378.46,773.70,378.03
818.74,324.00,818.54,323.61
818.37,323.74,818.54,323.61
799.31,367.19,800.48,367.67
797.04,362.01,797.09,362.48
819.54,449.31,817.66,445.67
798.28,368.18,800.48,367.67
825.25,331.24,825.19,331.61
809.87,324.41,809.56,324.16
818.54,324.08,818.37,323.74
825.30,328.65,825.49,328.73
798.54,344.40,798.54,320.91
818.09,324.57,818.04,324.13
763.15,373.74,761.95,374.35
793.41,357.79,793.59,357.85
790.04,367.21,791.29,368.67
772.12,382.78,771.98,378.38
818.60,324.57,818.54,324.08
814.02,335.51,815.48,333.54
805.46,352.33,805.29,351.29
817.75,325.13,817.92,325.48
817.37,343.51,815.78,344.89
817.37,321.73,815.55,320.91
817.75,325.13,818.02,325.60
817.83,325.21,818.02,325.60
794.55,357.40,794.67,357.52
791.04,371.23,793.01,372.29
775.13,385.04,774.25,384.89
817.37,343.51,815.55,344.40
817.69,324.65,817.75,324.15
765.69,371.11,763.57,371.05
821.09,414.54,820.71,414.57
803.50,410.62,804.04,410.98
792.52,360.52,793.23,360.44
812.89,344.31,825.07,343.82
826.15,327.28,826.67,327.07
803.32,371.95,803.24,370.14
817.37,343.51,817.37,321.73
817.69,324.65,817.83,324.08
782.60,362.15,785.99,364.29
815.78,344.89,815.55,344.40
817.76,324.65,817.83,324.08
821.70,320.03,820.00,320.03
821.53,319.82,817.37,321.73
817.58,379.05,817.40,379.24
828.04,444.93,828.44,444.48
823.25,337.63,827.90,337.32
813.70,320.87,813.62,320.93
798.29,325.48,798.14,325.13
813.27,337.41,813.40,335.56
798.77,325.39,798.63,325.08
782.60,357.85,785.49,357.83
778.36,364.20,779.18,366.17
814.11,341.91,814.03,328.22
821.70,320.03,821.53,319.82
789.11,379.51,788.26,380.38
821.83,320.08,821.53,319.82
815.98,382.36,815.32,382.07
817.10,335.51,816.42,333.05
798.97,323.72,798.77,323.86
804.97,333.38,804.94,333.49
798.51,323.62,798.77,323.86
798.29,323.78,798.77,323.86
798.74,341.90,799.20,342.19
807.24,369.82,805.62,370.81
798.51,323.62,798.29,323.78
803.78,379.94,803.97,380.82
808.50,421.22,809.31,421.57
828.21,334.74,827.90,335.42
825.18,425.99,824.87,426.49
805.72,389.19,806.20,388.79
798.73,323.74,798.51,323.62
768.88,382.29,764.55,382.32
815.97,340.79,815.81,340.85
830.30,351.17,833.70,351.10
799.16,323.82,798.51,323.62
798.51,323.62,798.97,323.72
806.52,376.85,806.25,377.43
818.04,325.02,817.89,325.35
828.78,360.91,834.27,359.59
813.18,327.62,813.11,327.73
782.91,378.34,781.59,378.28
800.95,327.62,800.92,327.73
818.81,324.56,818.74,324.00
818.54,324.08,818.74,324.00
744.78,366.10,746.45,364.43
817.78,380.35,818.30,379.59
828.94,355.54,828.85,355.31
829.02,359.57,829.10,360.92
818.81,324.56,818.54,324.08
828.38,440.93,828.36,441.72
813.21,339.21,813.07,337.38
802.01,371.99,800.03,371.73
800.50,327.90,800.95,327.62
818.60,324.57,818.54,324.08
807.39,330.53,807.59,330.53
818.60,324.57,818.09,324.57
798.03,342.76,798.44,343.11
818.60,324.57,818.04,325.02
818.60,324.57,818.54,325.06
826.82,332.21,826.39,331.61
795.87,337.26,797.74,335.76
818.03,323.65,818.28,323.48
807.09,328.53,807.28,328.44
817.83,325.21,817.75,325.13
817.69,324.65,817.75,325.13
795.74,342.04,796.01,342.34
826.99,345.83,827.74,346.92
778.09,384.52,776.83,384.92
800.47,342.26,800.27,341.77
800.47,342.26,800.50,342.18
821.38,319.76,815.78,320.39
816.69,379.16,816.83,379.77
774.76,383.48,775.95,382.54
792.58,382.84,791.89,382.45
805.84,327.22,805.97,327.07
813.94,320.33,819.68,319.76
819.51,319.92,819.68,319.76
804.94,327.95,805.03,327.83
813.62,320.93,813.81,320.48
805.58,367.32,806.83,366.70
791.01,379.54,791.14,379.24
798.44,343.11,797.60,343.45
828.96,357.40,828.79,357.54
817.46,382.15,816.47,382.15
813.62,320.93,819.51,319.92
796.84,350.95,797.78,352.41
797.78,352.41,798.88,353.69
799.51,337.12,798.83,337.12
804.68,328.65,804.94,327.95
819.80,320.17,819.51,319.92
813.62,320.93,813.64,324.33
813.46,324.48,821.22,323.78
818.75,342.34,819.21,342.04
821.29,323.64,813.46,324.48
813.64,324.33,813.46,324.48
812.77,449.50,811.71,449.38
812.51,360.00,812.43,359.05
790.07,380.71,790.15,380.76
804.60,332.75,804.68,332.84
800.73,324.48,808.24,323.78
830.25,351.17,833.57,351.10
808.69,338.68,809.03,338.78
788.11,371.14,792.89,372.36
783.95,353.80,783.11,355.74
812.72,321.12,813.00,320.32
777.14,377.34,776.91,377.54
807.98,323.64,808.24,323.78
812.72,319.47,817.96,319.71
807.08,318.84,807.15,319.69
806.54,320.17,807.98,323.64
824.15,355.17,823.08,355.45
791.27,379.63,791.32,380.45
768.09,382.63,768.49,382.53
800.72,370.74,795.86,384.07
810.88,304.77,810.39,304.64
776.77,384.74,776.88,384.48
818.60,324.57,818.81,324.56
805.37,333.95,805.84,334.08
800.56,320.93,800.59,324.33
807.98,323.64,800.59,324.33
806.47,318.85,806.54,319.70
806.26,319.92,806.54,320.17
814.33,302.25,809.78,302.25
831.40,332.37,830.98,331.79
807.08,318.84,807.15,319.69
800.43,342.13,800.46,337.35
831.02,333.48,831.38,333.54
793.26,382.54,792.94,381.97
800.56,320.93,806.26,319.92
799.87,340.90,800.46,337.35
800.75,320.48,806.26,319.92
806.17,333.76,806.30,333.76
800.57,320.33,800.75,320.48
819.69,389.14,818.45,389.10
807.37,318.84,802.33,320.30
806.26,319.92,800.75,320.48
822.81,332.97,822.22,332.30
810.34,302.83,805.83,302.83
802.33,319.47,802.33,320.30
800.57,320.33,806.26,319.92
796.87,395.75,797.10,396.34
802.33,319.47,801.54,320.32
800.57,320.33,806.12,319.76
776.88,384.48,776.51,384.75
831.62,331.68,832.24,331.45
814.51,342.36,813.83,341.01
797.81,373.47,799.89,372.97
799.15,337.42,799.37,337.41
807.12,331.57,806.91,332.50
798.08,324.65,798.14,325.13
798.57,341.36,797.89,341.36
807.26,331.57,806.91,332.50
798.58,324.64,798.14,325.13
807.26,331.57,807.05,332.50
798.58,324.64,798.63,325.08
813.79,340.90,814.38,342.16
805.97,334.23,806.47,334.02
829.76,335.51,830.70,333.31
823.27,391.72,822.17,390.59
826.05,353.23,828.21,353.23
818.34,308.93,818.57,309.23
801.55,319.50,800.94,320.33
798.14,325.13,798.63,325.08
807.12,331.57,807.26,331.57
798.08,324.65,798.14,324.15
823.52,355.61,825.78,353.34
800.93,319.51,800.83,320.32
793.64,354.33,792.77,355.97
798.63,324.20,798.14,324.15
819.42,318.83,813.89,320.32
820.00,320.03,819.80,320.17
806.17,327.47,806.30,327.47
808.24,323.78,800.73,324.48
806.00,383.17,806.80,383.42
823.86,334.53,823.43,334.10
792.34,368.71,792.73,368.93
782.28,371.27,780.84,369.08
820.50,414.92,819.99,415.72
804.71,362.12,808.79,362.15
825.48,407.59,825.74,406.79
793.73,362.84,793.40,361.44
775.15,384.63,776.51,384.75
808.24,323.78,813.46,324.48
789.92,363.74,793.08,363.05
793.70,371.74,793.54,371.18
808.08,325.59,805.03,325.83
806.42,320.03,806.54,320.17
826.80,327.35,827.28,327.47
824.68,365.77,828.30,360.93
776.96,382.53,777.44,382.63
806.91,332.50,806.58,333.26
807.98,323.64,806.54,320.17
799.42,350.64,800.93,350.29
791.64,367.11,792.87,368.55
805.58,330.58,805.53,331.24
826.40,360.91,825.66,362.37
804.42,319.76,798.76,320.39
818.12,341.01,813.83,341.01
779.54,373.21,779.87,373.22
800.50,342.18,800.92,342.36
804.42,319.76,806.42,320.03
821.22,357.85,821.43,357.62
806.42,320.03,806.12,319.76
808.57,341.68,808.44,342.27
807.27,379.06,806.88,381.59
792.36,357.62,791.20,356.19
798.29,323.78,798.14,324.15
801.81,392.03,801.70,392.14
804.33,332.69,804.63,332.77
776.98,370.69,776.63,370.83
825.51,368.10,824.61,365.77
798.29,323.78,797.94,324.08
827.34,355.79,826.10,355.55
828.98,329.84,828.97,329.92
798.13,323.65,797.94,324.08
783.96,379.76,790.05,380.09
810.30,304.21,810.46,302.99
789.05,379.91,789.05,380.88
798.51,323.62,798.73,323.74
820.74,344.39,820.44,344.71
810.30,304.21,805.67,303.00
795.94,380.07,796.01,379.24
798.51,323.62,798.62,323.61
798.76,344.89,798.54,344.40
798.37,323.48,798.62,323.61
807.11,386.64,802.00,381.44
804.52,328.80,804.65,328.80
818.54,325.06,818.54,325.56
817.38,382.02,817.68,381.39
807.11,386.64,803.44,381.52
804.52,328.80,804.84,328.05
818.54,325.06,818.37,325.44
818.54,325.56,818.37,325.44
762.06,369.82,764.88,369.89
763.99,377.26,764.42,377.63
794.73,340.93,795.23,341.49
791.10,378.88,801.24,371.65
804.44,329.74,804.52,328.80
818.74,325.13,818.81,324.56
818.74,325.13,818.60,324.57
779.56,384.85,778.27,385.26
818.54,325.06,818.60,324.57
818.74,325.13,818.54,325.06
780.00,375.21,780.11,374.63
822.79,321.23,817.37,321.73
800.92,327.73,813.18,327.62
808.50,350.15,806.92,349.22
817.51,321.87,817.37,321.73
825.80,332.04,825.96,332.21
817.51,343.36,817.76,324.65
815.62,320.33,813.94,320.33
823.21,337.12,823.90,337.12
819.68,319.76,815.62,320.33
819.68,319.76,821.38,319.76
805.39,333.82,805.25,333.82
813.70,320.87,813.94,320.33
797.81,373.47,799.82,372.07
815.38,344.44,813.33,342.69
814.40,337.35,813.40,339.25
813.81,320.48,813.94,320.33
819.20,335.80,820.19,336.00
798.29,325.48,798.63,325.08
813.70,320.87,813.81,320.48
813.62,320.93,813.81,320.48
815.62,320.33,815.78,320.39
815.78,320.39,815.55,320.91
833.29,372.40,824.17,369.64
766.90,374.01,766.98,373.52
814.44,332.02,814.60,331.71
813.46,324.48,813.70,324.66
807.27,376.37,807.27,379.06
800.75,320.48,800.56,320.93
814.20,341.44,814.20,341.75
819.09,337.39,820.09,337.37
806.88,376.49,806.52,376.85
800.34,320.87,800.75,320.48
816.56,383.94,807.23,383.38
829.04,330.57,828.98,331.31
823.70,399.51,823.43,400.69
796.45,364.74,796.98,364.52
804.42,319.76,798.89,320.33
800.57,320.33,798.89,320.33
779.61,384.63,778.27,385.26
806.12,319.76,800.57,320.33
825.33,356.56,824.18,356.09
775.87,385.00,775.97,385.25
817.01,380.38,817.87,380.32
829.23,360.72,828.96,357.40
807.98,323.64,808.01,323.87
799.57,337.38,799.64,335.53
798.66,320.87,798.76,320.39
772.01,384.11,770.77,384.50
795.86,342.19,796.54,342.19
825.96,362.74,829.04,360.92
798.66,320.87,798.54,320.91
791.85,382.08,791.44,381.97
800.79,327.52,800.30,327.72
803.32,399.24,803.39,398.17
798.14,325.13,798.29,325.48
800.79,327.52,801.25,327.67
818.00,392.14,818.23,392.18
826.91,355.33,826.59,355.23
798.14,325.13,798.12,325.60
831.07,333.43,831.50,333.38
826.00,440.43,825.87,439.64
786.83,349.66,786.62,349.25
813.51,327.67,801.25,327.67
819.24,308.01,818.34,308.93
797.88,324.65,797.94,324.08
798.14,324.15,797.94,324.08
827.30,327.34,827.75,327.80
817.78,380.35,817.97,379.07
798.08,324.65,798.14,324.15
813.08,363.41,812.47,364.41
816.73,332.70,816.78,332.35
790.81,378.25,790.84,376.69
798.73,325.44,798.51,325.59
798.97,325.49,798.51,325.59
828.36,325.59,823.91,324.43
768.71,384.59,767.74,384.67
790.81,378.25,790.84,379.81
786.87,370.21,786.81,370.64
801.54,320.32,802.33,320.30
798.73,325.44,798.97,325.49
799.16,325.35,798.97,325.49
798.12,325.60,798.29,325.48
791.92,358.65,792.01,358.21
798.51,325.59,798.29,325.48
805.26,390.88,805.66,391.32
814.77,332.37,814.61,332.70
803.74,423.95,803.57,423.65
790.54,353.11,790.29,352.86
800.94,320.33,801.54,320.32
798.51,325.59,798.12,325.60
798.37,325.73,798.12,325.60
805.72,302.88,810.46,302.99
808.49,440.44,809.01,440.95
811.61,358.16,811.76,360.00
822.38,359.64,822.27,360.09
824.36,329.16,822.92,329.08
798.89,324.08,798.73,323.74
828.70,344.74,829.65,345.79
829.33,355.26,828.90,355.64
776.96,385.16,776.83,384.92
796.51,360.72,796.11,357.54
798.80,324.00,798.73,323.74
798.62,323.61,798.73,323.74
796.51,360.72,796.26,357.40
798.80,324.00,798.62,323.61
783.21,360.00,783.37,361.98
798.47,360.78,798.44,355.32
784.55,376.03,783.96,376.12
808.08,339.52,808.23,339.39
746.99,351.14,743.66,349.98
805.36,328.68,806.58,327.91
815.70,348.24,827.38,348.91
783.09,377.86,782.66,377.96
821.65,323.87,820.00,320.03
806.80,340.50,806.88,340.00
809.90,347.87,810.57,348.91
783.09,377.86,782.84,377.81
794.55,357.40,794.30,360.71
821.65,323.87,821.70,320.03
803.88,329.32,804.52,328.80
821.22,323.78,821.65,323.87
821.22,323.78,808.01,323.87
821.46,359.15,821.43,359.57
808.24,323.78,808.01,323.87
821.22,323.78,808.24,323.78
809.73,341.78,808.44,342.27
804.72,320.03,808.01,323.87
826.15,334.09,826.67,334.23
778.95,384.93,778.02,384.85
816.01,331.29,815.67,331.24
804.55,305.10,804.91,304.77
830.76,331.46,831.50,331.29
821.92,357.98,822.27,358.20
729.60,360.00,729.65,360.00
805.65,384.58,804.35,385.10
823.43,340.19,823.78,338.73
804.36,396.03,803.44,398.26
808.01,323.87,806.42,320.03
828.98,329.84,829.02,330.58
767.13,377.61,767.31,377.77
804.55,320.08,804.26,319.82
828.97,329.92,829.02,330.58
766.90,377.40,767.31,377.77
800.34,324.66,800.16,327.63
804.42,319.76,804.26,319.82
804.52,332.67,803.73,331.46
798.51,323.62,798.29,323.78
798.13,323.65,798.29,323.78
793.14,369.49,792.97,369.82
808.29,353.80,809.29,355.74
798.51,323.62,798.13,323.65
798.37,323.48,798.13,323.65
798.51,323.62,798.37,323.48
797.65,321.73,798.76,320.39
804.26,319.82,798.76,320.39
806.62,368.18,806.63,367.19
830.68,331.70,830.82,331.94
809.51,303.57,809.65,302.41
830.27,332.73,830.44,333.05
815.98,382.45,815.96,382.84
802.97,412.92,804.35,413.09
826.47,327.04,827.19,327.20
801.34,370.14,801.50,369.79
829.84,356.14,829.84,362.01
781.24,377.93,780.92,377.87
828.02,347.69,828.04,347.87
822.79,321.23,823.58,324.14
781.11,377.77,780.13,377.49
815.55,344.40,815.55,320.91
781.11,377.77,779.91,377.71
817.37,321.73,815.55,344.40
817.56,377.77,818.45,378.16
820.37,395.88,820.65,393.99
812.65,310.18,817.81,309.52
796.17,355.35,796.15,355.18
822.08,362.85,824.94,362.87
817.51,321.87,817.37,343.51
798.89,324.08,798.73,323.74
810.60,336.79,810.78,336.83
806.54,320.17,806.12,319.76
805.18,332.33,805.36,332.53
813.94,320.33,813.70,320.87
826.32,327.55,826.80,327.35
823.82,417.64,823.43,417.67
799.82,372.07,800.34,372.99
813.94,320.33,815.38,320.87
813.94,320.33,815.62,320.33
805.53,331.24,805.75,331.31
813.70,320.87,813.62,320.93
813.70,324.66,813.64,324.33
805.53,329.92,805.58,330.58
815.38,344.44,815.38,320.87
805.36,328.68,805.40,329.34
800.59,324.33,800.56,320.93
764.22,383.45,765.40,383.57
827.25,324.35,827.06,324.16
789.53,380.73,790.15,380.76
825.30,332.84,825.07,331.87
782.63,357.86,782.43,360.00
798.66,320.87,798.54,320.91
816.47,379.91,815.64,379.91
783.30,349.00,781.68,350.39
797.81,346.53,799.89,347.02
798.57,332.99,797.89,332.99
820.05,341.34,820.87,342.59
779.18,366.17,784.48,368.08
802.46,398.21,802.40,396.74
825.54,332.67,825.49,332.75
767.47,384.40,768.41,384.48
804.35,385.10,803.02,385.87
813.89,319.50,813.89,320.32
815.38,344.44,815.55,344.40
798.73,325.44,798.51,325.59
806.74,320.42,806.54,319.70
766.42,377.51,766.30,377.66
805.73,337.92,805.90,337.97
798.73,325.44,798.37,325.73
766.11,377.56,766.30,377.66
825.04,406.29,825.74,406.79
800.60,337.31,800.01,340.84
806.05,337.57,805.90,337.97
798.62,325.56,798.37,325.73
795.18,340.79,795.41,341.01
779.98,385.13,779.01,385.22
818.28,325.73,818.14,325.59
810.31,346.95,809.99,347.69
783.15,378.84,783.00,379.07
819.21,362.29,820.95,359.64
792.17,357.85,792.36,357.62
765.98,377.70,765.61,378.04
782.94,378.41,783.15,378.84
798.87,324.56,798.80,324.00
765.61,378.04,764.82,382.34
808.23,342.73,809.33,343.01
823.77,324.37,823.91,324.43
818.77,363.24,818.87,362.35
789.92,372.17,791.90,372.99
775.87,385.00,774.91,384.92
818.33,362.36,818.87,362.35
823.45,324.09,823.58,324.14
812.21,354.51,812.94,356.26
816.58,400.10,814.09,400.57
825.24,416.74,824.73,417.55
828.86,330.39,828.69,330.05
798.83,337.12,799.40,335.53
830.35,332.02,830.80,332.00
823.45,324.09,821.65,323.87
793.31,347.86,744.19,349.44
805.50,369.39,806.93,368.79
798.37,323.48,798.13,323.65
820.80,337.26,818.23,339.19
824.88,360.77,824.88,355.33
770.14,381.65,765.94,382.10
813.45,336.07,812.84,335.46
804.31,330.76,804.37,330.77
821.29,323.64,821.22,323.78
800.94,321.16,800.94,324.46
793.89,356.21,793.78,361.99
822.83,321.38,817.51,343.36
801.55,319.50,800.93,319.51
815.85,331.30,815.99,331.25
828.40,325.75,825.16,325.83
800.29,401.60,801.00,409.81
800.01,395.98,800.34,398.21
825.11,343.04,825.20,342.89
825.16,325.83,823.91,324.43
790.29,362.29,790.43,362.45
768.22,374.62,768.67,374.18
823.12,353.27,822.69,353.52
786.81,349.36,788.51,348.95
802.99,393.56,803.54,392.12
825.45,342.60,825.20,342.89
824.57,325.32,823.91,324.43
827.60,353.78,828.68,357.86
822.78,338.68,822.84,338.68
807.14,342.78,806.88,342.24
827.25,324.35,826.92,324.09
823.53,337.10,823.39,335.30
821.14,390.20,822.17,390.59
813.50,335.37,813.19,335.07
770.14,381.65,768.88,382.29
797.88,324.65,797.94,325.21
813.45,336.07,813.19,335.07
807.40,339.14,808.36,338.82
828.52,357.07,828.92,357.07
810.04,324.35,809.72,324.09
798.54,344.40,798.54,320.91
816.82,381.13,816.82,380.76
811.04,360.00,810.80,361.20
813.18,342.46,814.00,342.24
797.65,321.73,798.54,320.91
802.33,320.30,807.44,319.71
800.01,333.85,800.60,333.17
796.76,343.18,800.35,342.39
823.85,435.25,824.15,435.77
800.93,309.18,800.93,319.51
813.18,342.46,813.66,342.26
825.85,333.49,825.49,332.75
797.65,321.73,798.54,344.40
778.36,355.80,782.53,355.75
748.10,364.95,749.55,364.21
796.98,355.15,796.43,355.27
806.30,327.47,806.32,327.34
826.12,338.75,826.01,336.58
797.63,343.36,797.88,324.65
801.34,372.17,800.11,372.14
820.20,359.15,820.23,359.57
798.80,325.13,798.62,325.56
800.97,400.54,801.12,400.36
796.76,343.18,797.60,343.45
820.20,359.15,820.83,359.15
820.28,355.22,820.18,355.31
798.80,325.13,798.89,325.06
798.80,325.13,798.94,324.57
815.64,379.91,816.47,379.91
806.72,351.98,807.83,353.81
826.00,340.73,825.94,340.62
820.23,359.57,820.32,359.95
806.40,324.09,823.45,324.09
769.97,384.20,768.71,384.59
806.40,324.09,823.77,324.37
825.11,339.11,825.45,339.52
803.17,382.33,804.28,381.52
825.11,339.11,825.38,339.39
807.97,339.11,808.23,339.39
806.55,324.43,809.56,324.16
769.83,384.58,768.88,384.23
819.96,342.83,820.80,337.26
813.86,333.12,813.82,333.32
806.40,324.09,804.72,320.03
791.32,380.45,801.24,381.21
813.86,333.12,813.68,333.26
806.40,324.09,804.55,320.08
769.97,384.20,768.71,384.59
792.41,381.22,792.38,381.25
824.81,339.03,825.11,339.11
807.68,339.03,807.97,339.11
807.51,329.42,807.59,330.53
802.69,321.38,797.63,321.87
814.60,333.02,815.11,332.97
817.77,445.87,817.82,446.33
825.42,355.82,824.73,359.59
792.73,358.46,792.68,359.05
797.58,396.75,798.50,396.84
773.65,384.52,774.91,384.92
798.89,344.95,798.76,344.89
814.96,380.99,816.26,381.81
780.00,375.21,779.81,375.70
800.72,370.74,794.59,370.74
816.71,336.99,828.16,329.87
810.47,325.69,809.87,324.41
801.87,347.84,803.70,348.96
751.44,358.39,750.70,356.94
831.98,332.79,831.82,332.94
790.79,368.26,789.74,368.25
807.57,339.19,807.68,339.03
810.47,325.69,809.87,324.41
817.69,324.61,817.48,323.86
818.74,325.13,818.81,324.56
809.50,364.74,808.67,365.70
803.51,344.05,802.24,344.94
779.73,377.85,779.90,377.69
824.02,399.17,824.09,398.17
804.84,333.38,804.52,332.67
826.39,332.81,826.02,332.76
828.86,326.60,828.86,326.67
815.85,331.30,815.50,331.25
828.40,325.75,828.86,326.67
828.16,336.33,834.10,338.40
824.67,336.04,828.86,326.67
817.59,393.66,817.73,395.72
818.12,333.77,813.83,333.77
822.83,321.38,824.59,325.45
824.24,339.45,824.51,339.14
807.14,339.45,807.40,339.14
824.24,339.45,824.40,339.57
807.14,339.45,807.31,339.29
824.59,325.45,824.57,325.32
826.40,334.94,827.92,335.72
779.47,377.80,780.79,377.71
820.44,344.71,817.37,343.51
821.68,343.33,817.37,343.51
800.35,342.39,800.29,342.36
815.38,344.44,815.78,344.89
825.90,402.16,825.84,402.23
800.34,324.66,800.34,320.87
809.52,353.11,809.89,352.79
813.52,342.44,801.28,342.44
824.22,403.03,824.25,395.08
823.89,341.77,823.84,341.13
806.80,341.77,806.76,341.13
800.56,397.92,801.11,396.81
767.62,380.73,767.85,380.80
791.17,348.83,789.52,350.24
809.97,360.00,812.90,357.83
800.91,400.00,800.60,397.94
806.80,341.77,806.72,341.13
827.89,325.65,827.25,324.35
817.01,388.87,817.06,389.00
799.85,373.07,799.89,372.97
806.42,320.03,806.12,319.76
801.24,394.01,801.86,398.08
812.25,360.00,812.10,361.90
809.97,360.00,809.61,362.14
827.89,325.65,810.04,324.35
791.17,371.16,791.29,368.67
813.52,360.00,812.10,361.90
806.76,341.71,806.80,341.77
810.65,325.65,810.04,324.35
771.23,370.93,779.79,369.07
823.28,400.45,823.27,400.58
764.49,377.84,761.95,374.35
817.07,349.68,818.68,348.68
797.63,321.87,797.65,321.73
799.70,352.49,799.72,352.54
787.97,351.84,786.83,353.70
816.09,353.46,818.49,353.50
797.63,343.36,797.65,343.51
801.10,367.15,804.07,367.14
822.21,332.99,822.90,332.99
800.83,319.50,800.83,320.32
805.55,430.78,805.92,430.83
831.23,383.94,830.17,384.11
817.69,324.61,817.33,324.20
831.25,389.59,831.31,389.48
818.09,324.57,818.04,324.13
811.24,364.48,810.63,364.17
815.38,320.87,815.55,320.91
813.21,339.21,812.93,337.38
821.22,323.78,821.65,323.87
817.69,324.61,818.04,324.13
806.23,324.14,806.55,324.43
815.70,348.24,814.74,349.25
809.56,324.16,806.55,324.43
813.54,308.76,813.60,309.17
799.66,341.01,795.03,339.31
828.91,355.27,828.51,355.16
826.92,355.29,826.54,355.18
792.66,380.06,795.78,380.32
833.07,346.27,814.77,346.92
808.08,325.59,806.55,324.43
813.70,324.66,813.46,324.48
815.31,348.21,814.17,349.29
804.55,320.08,806.23,324.14
797.83,337.14,798.83,337.12
802.78,321.23,806.23,324.14
818.63,390.57,817.82,389.82
810.65,325.65,810.47,325.69
808.33,446.03,815.91,446.03
748.42,365.87,744.78,366.10
828.86,335.94,828.86,335.79
825.68,333.61,825.49,332.75
797.65,343.51,798.54,344.40
824.67,336.04,828.86,335.79
808.36,338.82,808.69,338.68
797.81,367.02,797.71,367.19
828.42,331.57,828.20,332.50
807.40,339.14,807.68,339.03
820.44,344.71,815.78,344.89
818.54,323.61,818.28,323.48
789.11,379.51,789.27,378.79
798.89,344.95,815.62,344.95
774.19,382.02,773.98,382.35
815.38,344.44,815.62,344.95
798.66,344.44,815.38,344.44
806.93,339.92,807.82,339.72
828.02,326.34,828.14,326.35
794.30,362.95,794.10,362.82
762.50,376.56,762.28,377.96
790.93,371.30,789.04,379.23
828.02,326.34,828.14,336.79
807.66,340.40,806.93,339.92
828.02,336.83,828.14,336.79
830.93,333.26,830.98,332.94
790.93,371.30,789.23,379.21
828.02,326.34,827.89,325.65
828.02,326.34,810.65,325.65
798.70,349.29,801.33,348.68
810.78,326.34,810.65,325.65
802.69,321.38,797.63,343.36
770.21,377.76,768.69,371.21
806.80,341.77,806.76,341.13
798.17,367.91,800.75,369.55
823.72,444.58,823.44,445.11
802.69,321.38,802.78,321.23
761.33,369.80,762.79,377.40
807.31,331.60,807.51,331.64
797.63,343.36,797.94,325.21
826.12,338.75,825.29,343.49
797.98,356.16,797.98,362.04
828.28,329.42,828.10,329.41
807.99,325.75,805.03,325.83
830.76,331.46,830.51,331.71
803.81,402.55,804.10,400.51
833.29,372.40,824.17,372.40
793.45,346.42,795.60,346.25
827.03,423.16,826.44,424.02
778.12,385.38,799.39,386.88
808.55,326.60,808.08,325.59
801.34,347.82,800.11,347.86
789.30,365.51,790.29,367.13
816.57,378.33,816.30,378.63
814.02,329.84,813.45,329.23
805.34,376.19,807.27,376.37
770.62,377.87,770.45,377.71
820.74,344.39,823.07,337.92
795.51,377.81,795.27,377.57
765.03,382.20,765.19,382.45
817.13,380.35,817.17,380.78
737.26,350.51,740.40,349.46
823.39,337.57,828.86,335.94
740.55,349.05,740.40,349.46
824.63,336.19,828.86,335.94
824.03,336.84,824.05,336.73
800.73,324.48,813.70,324.66
817.26,379.54,817.17,379.93
820.74,344.39,820.44,344.71
813.83,327.72,813.99,327.87
792.33,380.61,792.53,380.49
804.31,392.31,804.03,391.26
826.48,436.02,825.58,436.50
825.45,329.74,825.67,328.80
825.24,368.10,827.48,368.13
798.89,344.95,815.62,344.95
828.02,336.83,828.14,336.79
800.92,327.73,813.11,327.73
827.77,337.38,828.14,336.79
807.27,379.06,806.25,380.58
823.78,338.73,823.90,337.12
814.53,333.05,814.79,333.31
801.51,363.94,802.13,360.00
791.92,359.64,791.07,356.42
810.78,326.34,828.02,326.34
827.82,365.41,829.10,360.92
828.02,336.83,828.02,326.34
824.40,328.22,813.45,329.23
823.78,338.73,824.26,337.14
803.78,378.03,804.11,378.11
801.51,363.94,801.52,363.92
810.78,326.34,828.02,336.83
814.36,332.73,814.53,333.05
799.72,367.46,801.52,363.92
793.31,359.59,793.24,359.64
810.78,336.83,828.02,336.83
751.44,361.61,751.70,360.00
804.54,357.89,804.71,357.87
804.87,328.63,805.22,327.81
826.92,355.79,825.61,359.58
811.63,360.00,811.55,360.95
809.50,355.58,810.12,356.59
820.83,360.51,821.03,360.44
798.76,344.89,798.89,344.95
824.51,343.06,824.81,343.15
804.87,328.63,805.03,327.83
814.00,342.24,813.52,342.44
796.84,369.05,795.34,369.96
771.69,383.07,773.02,383.16
810.02,306.35,810.65,306.23
800.34,398.21,800.01,395.98
804.68,328.65,805.03,327.83
809.56,389.37,803.31,388.90
802.64,391.20,800.37,391.32
812.39,355.71,811.57,353.73
801.73,343.33,797.63,343.36
820.08,378.88,820.25,379.63
804.37,325.45,801.63,343.18
804.45,329.66,804.64,329.65
826.65,355.34,826.32,355.24
804.37,325.45,804.47,325.32
826.65,355.34,824.98,355.24
825.09,343.63,815.04,344.05
798.96,360.92,797.07,355.64
804.37,325.45,805.03,325.83
826.01,336.58,825.29,343.49
797.68,362.01,797.98,362.04
804.95,325.98,805.03,325.83
793.51,349.79,795.06,350.43
764.35,368.25,762.43,368.42
824.91,355.35,824.91,360.71
808.08,339.52,808.27,339.93
810.78,336.83,810.78,326.34
795.27,377.57,794.98,377.42
829.28,354.46,832.84,354.41
797.68,356.14,797.98,362.04
791.14,377.24,794.98,377.42
800.01,366.70,802.98,366.69
797.94,324.08,797.88,324.65
824.20,342.24,824.07,341.71
830.60,355.22,823.27,355.30
822.43,337.82,822.96,338.06
810.60,326.35,808.56,335.94
824.63,336.19,824.03,336.84
823.07,337.92,824.03,336.84
776.75,384.64,775.83,384.72
798.54,320.91,798.76,320.39
824.63,336.19,823.07,337.92
807.40,339.14,807.68,339.03
819.62,338.87,819.62,339.60
823.77,340.17,822.82,340.17
764.20,382.87,765.40,383.57
801.33,348.68,811.88,348.68
764.20,382.87,763.11,381.95
818.61,338.40,818.55,338.90
801.33,348.68,814.17,349.29
823.57,373.72,827.03,378.80
820.61,344.43,820.30,344.77
773.56,377.51,773.81,377.56
804.05,378.99,806.01,378.99
802.53,398.17,802.45,397.16
800.23,395.42,800.62,394.98
800.60,328.36,800.47,327.83
799.31,333.69,799.81,333.47
793.14,379.16,794.13,379.16
828.50,330.54,829.04,330.57
803.38,344.77,820.30,344.77
821.53,406.04,822.13,406.31
829.78,342.60,830.31,342.60
807.31,339.29,807.40,339.14
829.02,357.08,829.02,355.53
813.59,340.84,813.06,339.24
798.26,348.21,801.33,348.68
827.77,337.38,827.90,337.32
777.38,356.08,776.60,360.00
806.76,341.13,807.61,341.14
810.78,336.83,828.02,336.83
777.23,356.05,777.38,356.08
807.66,341.88,806.76,341.13
810.54,337.38,827.77,337.38
828.01,344.73,816.20,345.32
825.04,411.92,824.50,411.44
808.32,351.71,808.64,351.32
785.31,369.57,786.81,370.64
782.70,364.21,783.35,366.24
803.51,344.39,803.38,344.77
827.03,357.10,826.83,355.56
827.26,355.30,824.88,360.77
803.95,336.84,801.63,343.18
825.28,331.26,825.44,330.94
767.13,377.61,767.02,375.16
816.92,391.44,815.70,391.80
815.99,333.41,815.65,333.36
825.28,331.26,825.25,331.24
807.14,342.78,806.93,342.33
791.07,381.86,791.20,381.81
803.85,336.73,804.37,325.45
823.09,335.53,823.78,335.53
826.87,330.70,826.82,331.02
827.01,357.09,827.03,355.56
804.95,325.98,804.37,325.45
806.55,324.43,806.23,324.14
804.44,336.04,808.42,335.79
818.29,379.59,819.63,379.66
820.30,344.77,815.62,344.95
809.17,304.60,808.95,304.47
799.28,339.31,794.90,337.42
773.53,377.87,772.11,377.86
823.39,337.57,823.07,337.92
789.05,379.91,789.26,380.49
801.34,347.82,802.01,348.01
822.93,337.97,823.39,337.57
824.26,337.14,824.16,335.76
831.00,381.21,820.30,380.67
824.55,431.54,824.42,430.76
788.51,371.05,790.26,371.18
808.81,363.13,808.36,363.13
822.86,353.34,822.86,356.05
780.30,365.08,780.28,367.94
813.88,342.46,814.11,341.91
807.17,406.21,805.74,404.50
808.57,340.41,808.62,341.04
823.25,337.63,823.39,337.57
785.65,357.84,787.85,358.08
813.83,342.36,814.03,341.86
809.57,339.63,809.73,340.29
820.00,320.03,821.38,319.76
822.93,337.97,820.61,344.43
832.28,341.71,830.58,343.01
807.31,342.91,807.57,342.99
822.78,333.47,799.81,333.47
825.67,328.80,827.00,329.32
823.25,337.63,827.77,337.38
822.21,332.99,821.54,332.30
816.16,333.27,816.62,333.21
806.05,445.37,807.10,445.87
822.16,337.26,822.16,332.79
809.00,350.19,809.03,350.24
739.66,355.12,740.35,352.45
827.38,324.41,827.06,324.16
810.54,337.38,823.25,337.63
804.88,432.03,805.42,431.62
810.44,302.87,810.34,302.83
803.51,344.39,805.73,337.92
808.57,341.68,808.27,342.17
803.95,336.84,803.85,336.73
779.36,363.49,779.32,360.00
808.39,341.64,808.57,341.68
804.52,336.19,808.56,335.94
811.33,386.94,809.97,383.57
809.03,362.13,808.58,362.15
823.36,372.10,822.69,372.06
783.13,364.22,783.11,364.25
815.74,343.85,816.56,343.85
822.55,339.55,822.72,339.18
814.20,337.31,813.82,333.32
800.71,342.68,813.33,342.69
824.07,370.03,823.08,369.79
803.75,348.33,805.35,349.55
825.38,330.76,826.84,329.99
821.20,358.05,821.34,358.35
808.23,339.39,808.44,339.84
806.05,337.57,808.56,335.94
823.36,372.10,823.12,372.32
783.13,364.22,783.95,366.20
800.71,342.68,813.33,342.56
775.15,384.63,775.36,384.38
825.38,330.76,825.45,329.74
808.23,339.39,809.33,339.11
806.05,337.57,810.37,337.32
829.76,330.57,830.70,331.42
820.96,449.08,811.71,449.38
798.80,324.00,798.62,323.61
808.57,340.41,808.62,341.04
806.20,337.63,823.25,337.63
808.57,340.41,808.43,341.05
806.20,337.63,822.93,337.97
802.33,319.47,801.55,319.50
816.86,332.97,816.16,333.27
803.65,348.84,805.35,349.55
783.47,369.15,780.97,366.64
808.39,340.46,808.43,341.05
808.39,340.46,808.57,340.41
805.90,337.97,803.67,344.43
825.21,325.98,825.16,325.83
783.80,368.79,783.47,369.15
808.44,339.84,808.39,340.46
805.73,337.92,803.51,344.39
827.69,424.39,827.38,425.06
743.43,364.21,744.88,364.95
801.58,310.29,801.55,319.50
799.19,373.88,797.12,373.63
799.87,340.90,799.50,339.25
804.52,336.19,806.05,337.57
782.75,384.21,784.03,383.22
827.35,355.32,827.35,360.72
810.37,337.32,810.54,337.38
795.87,337.26,797.02,340.81
815.62,320.33,815.38,320.87
806.20,337.63,810.54,337.38
797.57,362.97,800.74,362.97
791.14,379.25,794.98,379.45
782.33,382.67,782.78,378.38
782.55,383.99,783.76,383.03
806.20,337.63,810.37,337.32
805.90,337.97,806.20,337.63
815.48,331.20,817.10,330.57
808.36,343.39,808.69,343.49
818.64,423.69,827.27,421.62
806.92,350.51,808.69,351.42
809.03,343.36,808.69,343.49
807.68,343.15,808.69,343.49
809.03,343.36,807.68,343.15
822.10,357.85,822.27,358.20
817.91,371.38,819.47,377.90
809.33,343.01,809.03,343.36
800.34,320.87,800.56,320.93
801.24,371.65,791.27,379.63
809.57,342.46,809.33,343.01
809.57,342.46,808.23,342.73
811.18,363.62,810.48,365.32
793.92,372.53,793.99,373.49
809.73,341.78,809.57,342.46
776.98,370.69,778.58,370.89
808.57,341.68,809.73,341.78
800.57,320.33,800.34,320.87
803.37,395.66,803.65,396.87
795.68,373.64,795.60,373.75
781.94,370.84,781.67,370.98
816.79,381.10,816.26,381.81
824.98,355.18,826.54,355.18
798.66,344.44,798.76,344.89
809.73,340.29,809.78,341.04
792.01,360.09,792.35,360.31
768.88,382.29,767.48,382.51
816.50,343.51,816.23,344.04
771.35,382.39,770.74,378.25
808.44,339.84,808.57,340.41
808.68,364.25,807.85,366.24
808.44,339.84,809.57,339.63
813.00,319.50,813.00,320.32
783.00,379.07,789.50,379.81
819.23,442.72,819.63,442.05
803.76,398.20,803.67,399.51
802.46,350.84,803.42,350.91
803.24,350.91,802.29,350.83
808.05,339.18,808.36,338.82
803.42,350.91,803.90,350.96
807.14,339.45,807.40,339.14
803.24,350.91,803.42,350.91
771.56,382.73,769.82,382.30
806.80,340.50,806.93,339.92
803.42,350.24,803.24,349.85
794.50,366.22,824.96,366.72
770.99,382.58,770.74,378.25
806.76,341.13,806.80,340.50
808.69,351.42,809.95,351.39
806.93,342.33,806.80,341.77
819.21,342.04,818.61,340.79
823.58,324.14,823.91,324.43
808.05,343.06,807.82,342.54
808.05,343.06,806.93,342.33
808.36,343.39,808.05,343.06
805.74,404.50,804.51,400.61
801.31,402.09,800.78,401.45
825.77,372.17,825.15,372.38
801.31,358.25,801.45,360.00
789.49,347.84,791.46,347.02
808.36,343.39,807.14,342.78
789.53,380.73,789.63,381.56
794.00,359.15,793.97,359.57
798.89,325.06,798.62,325.56
808.08,342.60,807.84,342.89
797.10,396.34,797.42,396.58
798.94,324.57,798.89,325.06
825.30,344.88,828.70,344.74
772.54,383.56,771.56,382.73
808.44,342.27,808.23,342.73
827.09,331.38,826.99,331.18
811.18,362.84,811.24,364.48
804.87,360.00,808.79,362.15
764.83,381.65,763.47,380.93
814.64,396.34,814.99,396.58
820.11,355.40,820.07,355.45
798.87,324.56,798.94,324.57
809.11,364.22,807.97,363.92
807.57,341.09,806.88,340.00
808.27,342.17,808.08,342.60
807.57,341.09,806.76,340.54
808.27,342.17,808.44,342.27
798.97,325.49,798.77,325.39
807.83,366.19,807.21,365.76
808.39,341.64,808.27,342.17
806.72,368.02,806.72,368.08
808.43,341.05,808.39,341.64
800.08,399.29,799.98,397.97
799.27,370.99,805.32,369.72
804.40,389.67,804.87,389.34
796.45,355.26,797.77,354.56
808.23,339.39,808.44,339.84
805.78,388.87,805.37,389.00
795.05,354.62,796.45,355.26
808.38,350.72,808.05,351.17
784.42,376.40,783.92,376.48
807.97,339.11,808.08,339.52
807.57,339.19,807.84,339.26
807.40,339.14,807.57,339.19
810.56,423.70,818.11,424.43
804.63,389.87,804.92,389.90
818.11,449.50,817.98,449.44
820.80,337.26,823.39,335.30
817.97,347.62,818.68,348.68
800.01,340.84,800.60,341.44
828.86,335.79,828.86,326.67
807.31,339.29,807.57,339.19
810.76,302.94,810.44,302.87
828.14,336.79,828.86,335.94
815.64,379.23,815.64,379.91
807.07,339.57,807.31,339.29
806.93,339.92,807.14,339.45
814.20,341.44,813.86,341.77
773.88,377.90,772.84,382.21
815.74,343.85,816.56,343.85
813.21,335.53,813.59,333.85
810.04,324.35,827.25,324.35
806.80,340.50,806.93,339.92
806.76,340.54,806.88,340.00
800.93,309.18,801.58,310.29
777.38,363.92,779.36,363.49
802.70,415.24,803.67,415.32
791.04,371.23,789.52,369.76
806.76,341.13,806.80,340.50
806.76,341.13,806.76,340.54
806.72,341.13,806.76,340.54
779.79,369.07,780.07,369.20
797.65,343.51,797.65,321.73
814.20,337.31,813.21,335.53
828.16,329.87,816.71,329.82
782.94,378.41,782.86,377.94
806.72,341.13,806.76,341.13
791.98,372.07,791.90,372.99
806.76,341.71,806.72,341.13
806.70,324.37,806.40,324.09
806.93,342.33,806.80,341.77
802.97,368.07,803.21,367.69
823.39,333.57,822.90,332.99
824.24,342.78,824.51,343.06
827.25,324.35,827.38,324.41
807.14,342.78,806.93,342.33
818.69,318.84,818.77,319.69
798.77,325.39,798.29,325.48
807.10,309.55,807.08,318.84
823.14,343.06,824.24,342.78
821.13,343.37,816.50,343.51
807.07,342.65,806.88,342.24
820.74,332.41,821.52,333.05
823.46,343.39,823.14,343.06
767.37,373.10,767.61,373.22
819.32,318.85,819.49,319.70
798.73,323.74,799.16,323.82
824.59,325.45,821.71,343.18
768.14,374.63,768.03,374.05
832.28,341.71,821.13,343.37
807.31,342.91,807.68,343.15
832.19,370.64,830.72,370.31
827.70,328.65,828.02,328.53
802.13,367.94,802.28,367.99
807.31,342.91,807.07,342.65
825.16,426.40,824.79,425.66
792.14,360.95,792.72,361.54
775.36,384.38,776.51,384.75
821.22,323.78,813.46,324.48
805.72,389.19,807.64,388.76
795.30,357.51,796.35,356.51
825.12,386.64,819.16,381.25
798.89,344.95,815.38,344.44
795.99,358.82,795.90,360.00
800.23,333.32,800.27,333.12
798.89,344.95,798.66,344.44
829.07,376.59,827.60,378.59
800.30,333.26,800.33,333.12
825.60,398.21,825.48,396.71
788.41,380.49,788.18,379.91
807.62,446.33,808.33,446.03
801.86,348.42,803.86,348.46
814.12,344.03,817.05,343.91
774.64,382.93,772.92,382.49
771.84,383.49,771.27,383.45
824.40,339.57,824.65,339.29
812.89,336.33,818.61,338.40
817.10,330.57,816.59,332.00
815.97,340.79,815.81,340.85
819.44,342.65,819.58,342.65
825.62,343.76,826.08,343.87
812.07,393.99,813.16,393.99
810.65,325.65,827.89,325.65
813.68,341.40,813.71,341.54
826.02,332.76,825.69,332.54
814.79,333.31,814.53,333.05
826.78,330.73,826.84,329.99
791.87,370.60,793.72,370.64
813.68,341.40,813.82,341.33
826.01,336.58,826.18,337.63
813.46,340.91,813.68,341.40
807.17,369.92,805.35,370.45
778.24,384.76,776.96,385.16
797.24,343.08,797.24,337.26
800.27,341.53,800.23,341.33
779.64,373.10,779.87,373.22
813.71,333.12,813.68,333.26
805.19,304.52,809.46,303.90
767.87,373.75,767.77,374.14
765.82,381.94,764.49,382.15
801.24,381.21,803.71,378.98
822.90,332.99,822.22,332.30
831.99,354.90,830.80,355.36
826.55,330.54,826.20,330.48
827.63,344.90,813.41,344.90
808.64,351.32,809.89,352.79
787.69,360.00,787.85,361.92
813.86,333.12,813.71,333.12
813.16,393.99,813.30,394.56
815.91,332.94,816.07,332.79
792.58,382.84,792.62,382.72
814.20,337.31,814.20,341.44
814.11,328.18,815.38,320.87
768.71,374.64,768.20,375.16
816.07,331.94,815.91,331.79
822.76,338.70,823.10,339.05
800.01,333.85,800.23,333.32
798.94,324.57,799.36,324.57
807.66,340.40,807.82,339.72
822.96,339.33,822.76,338.70
800.60,337.31,800.60,333.17
800.27,364.63,823.73,364.73
813.86,341.53,813.86,341.77
775.15,384.63,776.29,385.26
800.60,341.44,800.60,341.75
800.27,341.53,800.27,341.77
823.01,428.37,822.11,428.85
815.23,389.87,815.64,389.79
824.92,341.09,825.65,339.93
803.48,373.20,805.49,372.36
800.27,341.77,800.60,341.75
800.27,341.77,800.80,342.24
809.11,355.78,809.29,355.74
786.83,366.30,786.98,366.26
806.36,390.37,805.26,390.88
816.01,333.41,815.67,333.47
822.64,339.45,822.32,339.69
800.47,342.26,800.80,342.24
800.27,341.77,800.47,342.26
824.15,343.36,823.80,343.49
786.93,368.97,788.09,371.05
740.35,350.02,742.68,352.82
808.69,351.42,808.32,351.71
801.28,342.44,800.80,342.24
779.57,376.02,779.32,376.12
801.28,342.44,800.47,342.26
823.33,372.32,817.56,377.77
800.95,342.46,800.47,342.26
800.95,342.46,801.28,342.44
805.03,325.83,804.47,325.32
823.12,353.27,818.80,353.27
791.74,351.71,790.54,353.11
824.16,338.53,824.26,337.14
813.18,342.46,800.95,342.46
817.88,309.86,818.66,309.57
821.65,323.87,820.00,320.03
817.97,381.72,817.87,382.03
818.15,381.53,818.30,381.23
813.18,342.46,813.52,342.44
813.66,342.26,814.00,342.24
813.66,342.26,814.00,342.24
822.75,340.19,823.43,340.19
824.18,356.09,823.42,356.10
788.08,379.84,788.41,380.49
813.86,333.12,813.86,328.39
820.30,344.77,820.74,344.39
822.21,341.36,822.90,341.36
765.69,371.11,765.64,377.54
800.68,400.45,800.34,398.21
806.47,334.02,806.67,334.05
817.33,325.08,817.48,325.39
800.80,327.80,801.28,327.60
798.89,324.08,799.31,324.13
829.48,362.76,829.66,362.66
826.28,400.36,826.48,398.26
794.71,349.55,796.41,348.84
827.56,332.93,827.42,332.40
786.15,364.26,788.29,363.79
800.80,342.24,800.60,341.75
800.33,341.54,800.32,341.75
828.21,353.23,829.32,354.92
825.47,333.63,825.30,332.84
818.77,363.24,818.33,362.36
807.80,330.53,807.51,331.64
800.50,342.18,800.32,341.75
808.05,351.17,811.27,351.10
813.54,342.18,813.11,342.36
802.99,393.56,804.06,393.56
767.85,373.56,768.03,374.05
816.81,379.24,816.82,379.84
767.85,373.56,768.08,374.10
829.55,372.51,829.93,372.64
783.11,364.25,786.83,366.30
767.91,373.64,768.08,374.10
825.45,398.21,825.60,398.21
822.36,343.86,823.17,345.93
800.50,327.90,800.92,327.73
813.71,333.12,800.32,328.41
812.89,329.87,801.86,329.82
824.34,365.77,824.21,365.78
763.11,381.95,761.73,369.81
771.79,371.30,783.11,371.65
800.08,333.79,813.46,333.79
791.67,377.63,795.27,377.57
810.37,337.32,808.56,335.94
832.74,349.79,831.17,348.81
812.93,337.38,813.06,335.50
823.60,405.02,824.22,403.03
813.36,308.40,810.94,305.26
814.40,337.35,813.27,337.41
817.10,335.51,815.48,333.54
812.93,337.38,799.70,335.50
825.32,441.38,824.90,441.74
806.70,324.37,826.92,324.09
799.57,337.38,799.70,335.50
770.45,377.71,769.02,377.71
780.91,383.88,782.12,382.93
822.93,337.97,823.25,337.63
813.06,339.24,812.93,337.38
799.57,337.38,812.93,337.38
817.78,380.35,817.97,381.72
799.70,339.24,799.57,337.38
799.70,339.24,813.06,339.24
800.08,340.91,799.70,339.24
803.21,367.69,804.60,367.43
813.68,341.40,813.46,340.91
771.09,383.02,771.15,382.83
799.16,325.35,798.97,325.49
800.08,340.91,813.46,340.91
822.54,394.84,823.25,395.86
813.68,341.40,800.08,340.91
773.65,384.52,772.35,383.78
783.83,363.92,782.44,363.13
800.30,341.40,800.08,340.91
829.04,356.15,829.04,360.92
813.53,327.90,813.71,328.41
800.32,328.41,813.53,327.90
800.50,327.90,813.53,327.90
800.32,328.41,800.50,327.90
781.99,370.27,785.53,372.07
771.84,383.49,773.09,382.53
827.54,331.98,827.37,332.32
817.00,380.71,817.67,380.65
805.17,348.49,806.92,349.22
808.73,446.48,816.14,446.48
812.73,310.51,812.72,319.47
789.23,379.21,789.04,379.23
801.06,394.84,801.51,395.02
804.37,330.77,804.56,330.77
813.21,335.53,813.59,333.85
813.46,333.79,813.59,333.85
813.64,324.33,813.62,320.93
808.73,446.48,815.91,446.03
822.55,337.82,822.72,338.18
812.73,310.51,813.00,319.50
827.02,360.92,828.03,355.14
817.37,321.73,815.55,320.91
813.21,335.53,813.46,333.79
768.22,374.62,767.77,375.06
804.64,331.87,804.37,330.77
828.53,355.27,828.03,355.14
815.78,320.39,815.55,320.91
813.06,335.50,813.46,333.79
772.12,382.78,771.65,378.34
817.75,325.13,817.33,325.08
813.70,320.87,813.64,324.33
776.41,384.64,775.13,385.04
800.01,333.85,800.08,333.79
813.70,320.87,813.70,324.66
811.94,355.96,800.27,361.37
799.70,335.50,800.01,333.85
816.09,353.46,816.07,362.81
783.69,369.05,785.18,369.96
816.21,382.99,816.72,382.89
777.86,362.11,777.86,362.12
777.70,360.00,777.86,362.11
804.87,332.86,804.45,331.87
799.64,335.53,800.01,333.85
817.33,324.20,817.28,324.64
821.46,355.65,811.94,355.96
783.88,368.69,785.31,369.57
813.07,337.38,813.21,335.53
768.22,374.62,768.41,373.51
777.75,383.67,777.74,383.88
813.06,335.50,813.21,335.53
815.55,320.91,815.55,344.40
807.97,343.04,807.68,343.15
813.07,337.38,813.06,335.50
817.75,324.15,817.33,324.20
815.38,320.87,815.55,344.40
812.93,337.38,813.06,335.50
778.34,371.11,779.39,373.20
821.38,390.22,820.97,389.72
820.91,408.58,819.98,409.97
804.54,305.26,804.90,307.04
817.69,324.65,817.75,324.15
800.92,399.94,801.14,399.45
804.60,367.43,807.57,367.42
805.67,334.11,805.48,334.09
819.47,377.90,819.81,378.29
825.96,362.74,829.48,362.76
829.23,360.72,829.02,357.08
799.64,335.53,799.70,335.50
808.23,342.73,807.97,343.04
786.98,353.73,789.03,354.43
803.39,398.17,802.45,397.16
805.22,333.63,805.67,334.11
799.51,337.38,799.64,335.53
812.93,337.38,813.07,337.38
800.59,324.33,800.34,320.87
827.09,357.40,827.03,357.10
821.29,323.64,821.65,323.87
813.06,339.24,812.93,337.38
800.35,332.26,796.01,332.37
825.30,328.65,825.68,327.83
825.09,343.63,828.39,343.51
813.66,327.83,813.86,328.39
799.70,339.24,799.57,337.38
813.11,327.73,813.53,327.90
799.64,339.21,799.51,337.38
813.06,339.24,813.21,339.21
828.86,444.22,828.47,444.67
812.89,344.31,818.61,339.39
813.46,340.91,813.06,339.24
803.67,344.43,803.38,344.77
799.64,339.21,799.70,339.24
790.72,363.20,792.98,365.91
800.33,341.54,800.30,341.40
807.68,339.03,808.69,338.68
800.50,342.18,800.32,341.75
816.38,382.80,817.00,382.42
800.50,342.18,800.27,341.77
803.42,352.48,804.60,352.57
808.68,364.25,808.94,363.13
800.92,342.36,800.50,342.18
808.05,339.18,807.40,339.14
826.07,406.21,822.13,406.31
814.57,332.26,813.83,333.77
800.95,342.46,800.47,342.26
807.14,339.45,808.05,339.18
821.20,419.28,821.13,418.83
808.91,363.13,808.65,364.21
813.11,342.36,800.92,342.36
800.95,342.46,800.92,342.36
813.11,342.36,800.95,342.46
825.53,332.55,825.85,332.71
800.72,386.37,799.72,386.28
807.26,331.57,807.05,332.50
791.07,381.86,791.89,382.45
770.03,382.63,769.82,382.30
820.31,380.45,831.00,381.21
813.66,342.26,813.18,342.46
783.96,379.76,784.42,379.47
816.73,401.12,814.09,400.57
827.46,331.97,827.29,332.29
763.83,380.65,763.47,380.93
796.28,380.51,796.10,379.25
771.88,384.95,772.86,385.03
798.80,324.00,798.89,324.08
803.00,401.60,802.47,402.17
803.24,349.85,803.24,350.91
807.61,341.14,807.66,340.40
823.72,444.58,828.09,442.19
802.69,321.38,798.62,323.61
818.54,325.56,817.51,343.36
813.71,341.75,813.54,342.18
802.32,347.83,804.15,348.95
813.66,342.26,813.54,342.18
800.01,340.84,800.23,341.33
796.17,355.35,796.25,355.33
811.51,358.57,811.17,357.17
807.82,342.54,807.66,341.88
826.83,360.71,828.79,357.54
807.82,342.54,806.80,341.77
809.09,349.94,808.38,350.72
824.17,372.40,824.11,372.63
791.98,347.93,793.92,347.47
818.55,338.90,818.77,339.33
825.69,331.38,825.65,331.61
779.97,368.63,798.63,369.07
807.14,342.78,808.05,343.06
793.41,346.58,797.75,346.42
813.53,327.90,813.71,328.41
804.05,355.83,801.31,358.25
795.60,346.25,797.75,346.42
820.04,356.42,821.06,358.21
813.86,328.39,813.71,328.41
823.42,372.40,823.42,369.63
793.41,346.58,795.48,347.07
813.53,327.90,813.86,328.39
820.64,360.44,820.83,360.51
807.40,343.06,807.14,342.78
793.23,360.44,793.41,360.51
808.36,343.39,807.40,343.06
820.32,359.95,820.46,360.25
815.87,380.49,816.15,380.73
828.85,355.31,828.52,355.21
813.18,327.62,813.66,327.83
796.75,350.20,798.39,349.25
816.16,333.27,815.85,333.43
802.56,395.19,804.06,393.56
800.92,327.73,813.11,327.73
817.78,380.35,817.26,379.54
800.95,327.62,813.18,327.62
796.57,360.78,796.25,360.77
789.33,378.73,789.55,379.16
825.90,358.06,826.63,357.87
777.14,377.34,776.91,377.54
800.50,327.90,800.92,327.73
788.80,378.84,789.07,379.38
808.44,342.27,808.08,342.60
788.30,360.00,787.97,360.00
800.47,327.83,800.95,327.62
804.54,362.11,804.21,364.20
829.05,371.27,833.52,371.27
798.80,325.13,798.87,324.56
808.57,341.68,808.44,342.27
797.34,362.76,797.52,362.66
800.32,328.41,800.50,327.90
787.08,347.07,789.36,347.75
781.90,363.13,782.26,363.13
782.60,367.59,783.88,368.69
800.47,327.83,800.50,327.90
813.82,341.33,813.86,341.53
810.39,304.64,810.31,304.42
827.68,389.37,821.14,388.90
803.79,391.29,801.30,391.69
825.76,416.32,825.22,415.84
800.32,328.41,800.47,327.83
781.65,369.55,781.68,369.61
795.90,347.31,797.89,347.47
788.11,351.89,790.04,352.79
800.27,328.39,800.47,327.83
761.35,374.95,761.35,380.73
800.37,361.88,800.12,364.29
820.51,441.52,828.83,441.46
828.02,330.65,827.06,331.37
829.55,372.51,829.28,371.28
795.42,340.38,795.10,338.97
802.29,350.83,802.46,350.84
803.88,411.10,813.85,411.10
771.98,378.01,772.32,377.96
761.95,374.35,761.92,374.22
779.13,383.56,780.11,382.73
794.31,380.44,794.27,379.77
814.54,346.23,815.33,344.14
808.65,365.44,809.50,364.42
806.20,388.79,807.44,388.64
814.69,341.06,814.76,340.89
814.91,332.79,815.07,332.94
826.39,331.61,826.99,331.18
827.88,359.57,828.71,360.92
823.64,340.47,823.82,340.39
823.57,340.64,823.57,345.96
822.66,347.05,815.04,347.30
799.07,340.19,798.39,340.19
807.36,309.86,802.33,319.47
823.17,340.59,822.50,340.30
814.79,347.16,815.04,347.30
806.32,327.34,806.75,327.80
814.79,347.16,822.66,347.05
831.40,332.37,830.82,331.94
807.08,318.84,807.44,319.71
800.56,320.93,800.75,320.48
806.47,327.20,806.75,327.80
798.80,325.13,798.87,324.56
822.92,346.89,822.66,347.05
822.90,332.99,822.22,332.30
806.70,307.66,807.19,309.23
796.76,331.43,796.01,332.37
823.17,345.93,814.54,346.23
806.80,383.42,809.62,383.56
818.80,353.27,819.24,353.52
767.47,373.21,768.41,373.51
764.49,382.15,763.15,381.94
814.28,336.30,827.67,335.69
822.90,332.99,821.54,332.30
806.70,307.66,806.52,308.01
796.76,331.43,800.35,332.26
823.17,345.93,814.61,346.78
814.28,336.30,817.47,336.30
797.71,367.19,794.20,367.19
739.66,355.12,741.25,354.87
819.33,307.91,819.33,308.43
799.37,337.41,799.50,335.56
780.10,385.38,800.44,386.97
799.25,357.68,798.98,358.83
800.48,367.67,802.00,367.60
788.70,378.24,789.33,377.77
814.79,347.16,823.10,346.50
822.92,346.89,823.10,346.50
814.79,347.16,822.92,346.89
766.78,384.59,767.35,384.63
795.04,357.37,796.72,357.36
817.51,321.87,817.37,321.73
814.54,341.00,814.54,346.23
822.36,340.63,822.36,343.86
827.35,355.32,827.43,355.21
795.47,351.45,808.05,351.17
809.40,427.45,809.38,426.03
797.02,373.70,799.19,373.88
803.11,419.57,803.33,419.60
796.36,348.46,797.58,348.42
823.17,340.59,823.17,345.93
824.39,360.91,825.39,355.17
815.29,347.56,833.38,347.40
824.92,341.09,824.07,340.54
821.06,360.09,821.22,360.44
807.40,343.06,807.31,342.91
826.49,420.73,825.95,420.25
809.29,355.74,811.56,353.70
788.07,379.24,788.08,379.84
814.77,346.92,814.99,347.40
794.30,360.71,796.51,360.72
833.15,346.92,814.99,347.40
789.11,379.51,788.08,379.84
833.38,347.40,814.99,347.40
767.48,369.81,768.39,383.94
833.15,346.92,814.77,346.92
825.69,340.72,825.94,340.62
820.83,359.15,820.32,359.95
830.04,376.71,828.72,378.48
800.23,333.32,800.30,333.26
808.43,358.01,809.61,357.86
823.49,346.64,823.57,345.96
807.84,342.89,807.57,342.99
801.51,350.91,801.51,350.24
794.66,355.33,794.98,355.23
808.27,342.17,808.08,342.60
813.82,341.33,813.71,341.54
796.68,352.04,795.50,353.04
822.16,337.26,822.81,332.97
822.66,347.05,822.92,346.89
823.31,340.26,822.50,340.30
823.15,392.31,821.78,391.29
827.90,335.42,827.67,335.69
830.27,343.22,829.78,342.60
799.28,339.31,799.15,337.42
813.19,335.07,813.05,334.55
794.56,355.57,794.56,357.09
807.84,339.26,808.08,339.52
823.17,340.59,822.36,340.63
822.50,340.30,822.36,340.63
823.31,340.26,822.50,340.30
817.58,444.93,811.20,448.49
796.51,360.91,796.51,355.17
806.88,340.00,807.07,339.57
814.68,340.68,815.46,340.64
815.33,340.97,815.46,340.64
814.68,340.68,815.33,340.97
827.17,342.71,802.27,344.33
815.49,332.37,816.17,332.14
814.54,341.00,815.33,340.97
817.26,381.17,817.78,380.35
823.73,364.73,823.55,364.91
823.77,324.37,827.06,324.16
814.68,340.68,814.54,341.00
818.37,400.19,819.28,402.27
825.45,342.60,825.20,342.89
825.16,441.63,824.62,442.17
808.32,368.29,807.17,369.92
775.63,383.76,774.12,383.66
817.38,382.02,817.24,382.24
828.57,332.53,828.25,332.88
795.48,347.07,797.75,346.42
815.00,340.55,815.46,340.64
794.60,385.75,803.31,388.90
814.68,340.68,815.46,340.64
807.68,339.03,807.84,339.26
818.37,400.19,816.58,400.10
828.57,332.53,828.61,332.33
832.19,358.69,830.80,358.40
815.00,340.55,814.68,340.68
824.72,365.78,826.07,360.91
823.39,337.57,823.07,337.92
805.04,392.49,804.51,393.88
824.34,398.84,824.39,398.14
808.81,363.13,807.97,363.92
814.00,327.80,814.20,328.36
813.82,333.32,813.86,333.12
800.89,369.61,806.72,368.08
816.72,382.89,816.21,382.99
832.57,379.17,831.26,385.43
822.29,351.71,829.92,351.71
814.69,341.06,814.69,346.27
830.27,343.22,830.27,343.22
822.51,423.28,822.00,422.54
828.04,332.66,827.75,333.36
797.05,367.43,797.97,368.79
824.34,365.77,825.51,368.10
803.22,344.71,803.38,344.77
815.29,347.56,822.94,347.32
805.22,333.63,804.87,332.86
806.70,366.85,806.83,366.70
830.60,355.22,824.34,354.99
822.43,337.82,822.64,337.93
814.61,346.78,814.99,347.40
816.11,324.24,816.11,306.97
805.25,327.55,804.73,328.27
823.49,346.64,822.92,346.89
823.49,346.64,823.26,347.13
815.29,347.56,814.79,347.16
810.54,337.38,810.60,336.79
804.73,333.02,805.71,333.95
793.06,358.05,792.93,358.35
829.08,344.04,829.19,343.99
814.60,332.22,814.57,332.26
809.63,302.09,809.42,302.17
822.94,347.32,815.29,347.56
810.54,337.38,810.78,336.83
814.61,389.19,813.79,389.90
822.73,399.86,823.03,400.20
800.50,342.18,813.11,342.36
822.94,347.32,815.04,347.30
808.01,323.87,821.65,323.87
751.50,360.00,750.94,360.00
806.17,333.76,804.73,333.02
819.55,331.43,818.75,332.37
823.26,347.13,822.92,346.89
817.00,376.82,817.38,377.25
822.66,347.05,822.94,347.32
799.51,337.38,799.57,337.38
763.17,382.10,761.92,381.46
768.09,382.63,767.93,382.39
810.44,368.11,809.03,369.76
795.68,373.64,795.90,372.69
813.59,340.84,813.21,339.21
750.96,363.38,750.94,360.00
803.73,331.46,804.31,331.77
802.06,398.81,803.12,398.81
823.57,340.64,823.57,345.96
804.23,367.97,802.97,368.07
800.34,320.87,798.66,320.87
823.01,395.02,822.72,395.35
731.69,366.43,731.88,366.19
823.17,340.59,823.17,345.93
778.85,370.75,781.67,370.98
828.97,355.80,829.13,355.52
823.17,340.59,823.64,340.47
815.74,341.02,815.81,340.85
765.94,382.10,764.55,382.32
809.33,339.11,809.57,339.63
805.25,333.82,804.41,332.93
814.54,346.23,814.61,346.78
790.14,348.69,791.98,347.93
822.38,358.65,822.41,359.15
809.33,339.11,808.44,339.84
797.98,356.16,798.09,355.74
814.69,346.27,814.77,346.92
827.01,355.57,826.59,357.09
827.06,324.16,827.38,324.41
800.33,341.54,813.71,341.54
767.64,384.11,768.88,384.50
746.99,368.86,748.93,366.19
804.92,332.65,805.06,332.88
814.69,341.06,814.76,340.89
809.03,338.78,808.23,339.39
821.01,414.50,821.09,414.54
808.43,361.98,809.03,362.13
800.33,341.54,813.68,341.40
814.69,341.06,814.68,340.68
824.92,341.09,825.45,342.60
801.34,350.91,801.51,350.91
802.46,398.21,803.12,396.18
812.89,344.31,802.01,345.15
729.60,360.00,729.86,360.00
805.36,332.53,804.92,332.65
831.41,386.59,831.47,387.54
790.53,377.90,790.85,378.29
826.36,355.18,826.72,355.29
814.54,341.00,814.68,340.68
773.44,384.44,774.75,383.68
807.97,339.11,809.03,338.78
814.54,341.00,814.69,346.27
814.76,340.89,814.68,340.68
800.56,397.92,800.30,395.84
799.54,371.95,801.34,370.14
800.92,342.36,800.47,342.26
799.31,325.02,798.89,325.06
803.42,350.24,803.42,350.91
807.82,339.72,808.05,339.18
805.58,330.58,805.80,330.57
833.01,340.55,815.00,340.55
814.93,340.82,815.00,340.55
807.82,339.72,807.14,339.45
813.18,342.46,800.95,342.46
803.41,400.69,803.00,401.60
820.85,359.15,820.23,358.73
804.00,350.29,803.42,350.24
806.93,339.92,807.14,339.45
803.51,344.05,811.95,344.66
731.69,353.56,731.88,353.80
802.00,381.44,803.44,381.52
824.81,343.15,825.11,343.04
805.75,329.84,805.58,330.58
828.02,330.65,828.02,328.53
832.83,340.82,814.93,340.82
807.71,353.48,807.73,353.78
805.40,331.84,805.18,332.33
828.02,330.65,827.20,329.46
807.03,411.20,807.34,410.67
820.29,399.06,820.52,400.02
800.46,373.09,802.45,372.27
805.06,328.36,805.18,328.89
823.64,340.13,823.31,340.26
806.93,342.33,807.82,342.54
810.92,365.51,810.48,365.32
827.49,354.37,827.83,354.37
794.31,337.39,794.99,337.39
793.82,362.37,793.94,362.63
801.09,355.13,801.16,355.34
779.45,360.00,779.58,361.68
792.79,376.29,786.66,376.03
820.80,337.26,818.23,335.61
828.86,326.60,828.14,326.35
764.49,373.53,764.55,373.36
808.81,363.13,808.91,363.13
822.75,340.46,822.58,340.53
789.52,378.22,789.64,378.31
827.13,330.95,826.87,330.70
823.42,372.40,823.42,369.63
793.72,349.36,795.34,350.03
813.11,327.73,813.66,327.83
815.74,341.02,815.97,340.79
790.72,363.20,790.02,368.41
823.45,324.09,821.83,320.08
779.15,373.52,778.97,374.01
802.97,412.92,807.10,445.87
815.74,341.02,815.97,340.79
827.90,343.32,827.70,343.32
801.92,393.46,803.54,392.12
800.87,400.00,800.56,397.92
825.38,342.73,825.20,342.89
825.70,335.57,822.32,337.71
823.35,340.46,823.35,343.58
807.99,325.75,804.95,325.98
817.51,321.87,818.28,323.48
816.56,340.79,816.56,343.85
824.48,422.48,824.15,422.07
823.35,343.58,816.56,343.85
822.51,343.58,823.35,343.58
813.50,329.98,813.19,335.07
824.07,341.71,824.03,341.13
822.79,338.24,822.64,337.93
826.99,367.46,828.44,360.92
822.36,340.63,822.50,340.30
815.78,340.51,815.46,340.64
801.86,398.08,800.32,395.50
822.82,340.17,822.50,340.30
802.00,400.73,803.07,400.73
822.82,340.17,822.58,340.53
800.11,347.86,800.03,348.27
808.54,369.79,806.92,370.78
804.63,330.65,803.73,330.06
815.33,340.97,815.81,340.85
806.88,342.24,806.93,342.33
823.16,338.68,823.10,338.32
815.33,344.14,815.33,340.97
819.68,378.37,816.47,378.69
806.63,352.82,806.70,353.15
825.31,402.55,825.70,400.54
819.16,381.25,819.00,381.22
810.10,307.06,809.48,306.93
800.33,333.12,800.27,333.12
822.76,339.44,822.96,339.33
822.51,343.58,822.51,340.69
822.51,343.58,822.36,340.63
793.41,359.15,793.06,358.05
823.26,347.13,823.49,346.64
800.30,341.40,800.23,341.33
823.35,340.46,823.77,340.17
794.32,350.21,795.94,349.22
803.11,419.57,804.00,420.12
807.34,368.09,810.42,368.16
815.78,340.51,815.97,340.79
816.56,340.79,816.71,340.51
827.04,332.54,827.10,332.58
766.09,384.24,767.35,384.63
768.07,383.26,767.11,382.45
770.45,377.71,770.62,377.87
828.28,329.42,828.37,330.53
813.41,344.90,840.37,344.43
827.37,332.32,827.10,332.58
819.29,339.25,818.77,339.33
791.74,351.71,791.29,351.32
822.94,347.32,823.26,347.13
823.09,398.24,822.50,399.35
826.94,338.88,826.08,343.87
778.42,377.61,778.84,375.16
816.17,332.14,816.73,332.01
809.72,324.09,826.92,324.09
772.24,384.33,772.72,384.50
801.36,346.29,801.44,346.37
817.02,332.67,816.86,332.97
795.38,347.15,797.33,347.97
813.10,328.38,802.37,329.24
819.00,339.86,822.32,339.69
817.96,395.70,818.04,393.73
809.65,302.41,814.44,302.30
813.68,329.61,813.10,328.38
812.72,319.47,812.72,320.30
813.68,329.61,827.32,328.38
808.94,356.87,808.36,356.87
779.22,358.25,779.08,360.00
820.14,355.52,820.18,355.31
826.87,330.70,826.55,330.54
779.90,377.69,778.42,377.61
828.82,360.92,829.02,359.57
800.32,328.41,800.27,328.39
826.42,398.26,826.30,396.18
832.84,329.84,814.28,329.01
828.16,329.87,828.20,329.69
806.48,445.11,811.09,442.72
805.32,350.28,805.32,350.35
789.07,379.38,788.80,378.84
827.90,337.32,828.14,336.79
828.86,335.94,828.14,336.79
827.12,353.39,828.23,358.05
800.72,370.74,801.71,386.28
828.16,329.87,828.20,335.90
826.81,336.29,826.40,334.94
800.72,370.74,805.57,384.07
789.49,347.84,788.44,349.73
804.63,332.77,805.06,332.88
834.29,366.33,828.09,365.41
747.28,351.02,743.94,349.59
804.31,329.74,804.52,328.80
807.12,422.83,806.81,423.26
804.73,333.02,805.06,332.88
825.96,331.02,825.27,330.95
816.56,329.41,827.32,328.38
816.56,329.41,816.20,329.24
822.51,340.69,822.50,340.30
827.09,357.40,827.23,357.52
825.79,360.91,825.99,359.58
806.47,327.20,806.92,327.67
820.83,359.15,821.20,358.05
828.35,333.40,802.27,344.33
813.68,335.72,813.68,329.61
813.68,335.72,827.92,329.61
801.50,369.14,801.34,369.13
791.10,378.88,791.27,379.63
775.47,384.21,775.46,383.99
827.56,328.42,827.91,328.27
804.23,367.97,805.46,367.67
808.55,326.60,808.42,326.67
816.56,345.15,816.20,345.32
799.31,340.58,799.68,338.92
820.05,355.55,820.07,355.45
813.19,330.29,813.05,330.81
801.71,352.04,802.97,351.94
801.83,394.65,802.30,394.84
822.51,395.81,822.62,395.55
747.52,362.33,747.89,360.00
794.30,360.71,794.33,355.57
783.00,379.07,783.43,379.49
772.01,384.11,771.81,383.86
825.12,386.64,831.27,383.17
806.76,340.54,806.80,340.50
800.76,400.70,801.01,400.63
788.41,380.49,788.70,380.73
771.08,379.35,771.30,377.96
779.04,352.49,734.23,351.02
825.29,343.49,825.29,344.26
828.20,335.90,827.92,335.72
793.37,372.07,793.61,370.75
778.60,375.73,778.79,375.83
771.08,379.35,771.08,376.56
825.29,343.49,825.62,343.76
827.72,328.99,827.65,328.56
827.82,365.41,828.09,365.41
773.84,384.95,772.86,385.03
826.16,330.91,825.96,331.02
807.17,406.21,810.78,406.31
762.50,376.56,762.28,377.96
832.77,378.94,827.63,378.70
814.38,342.16,800.35,342.39
816.71,329.82,816.56,329.41
816.87,380.43,816.82,381.09
824.05,329.47,824.05,334.39
768.16,370.84,771.51,371.08
770.35,378.28,770.49,378.30
792.50,381.00,792.63,381.60
797.56,399.96,797.98,401.83
827.72,328.99,827.65,328.56
797.56,399.96,797.40,397.91
827.72,328.99,828.20,329.69
779.29,382.59,779.75,378.19
820.48,334.74,820.94,333.73
828.20,329.69,827.92,329.61
806.30,333.76,806.32,333.88
803.21,367.69,803.42,367.52
830.80,332.00,830.74,332.34
779.98,374.10,779.96,374.63
789.55,377.33,789.33,377.77
824.40,342.65,824.20,342.24
820.48,334.74,820.07,333.18
828.20,329.69,827.92,335.72
816.16,331.42,816.16,331.46
824.24,342.78,824.20,342.24
819.54,334.35,820.07,333.18
828.20,335.90,827.92,335.72
778.54,382.63,778.75,382.30
813.30,337.42,813.43,335.51
824.67,393.98,823.35,392.35
809.64,307.43,810.49,306.80
762.50,376.56,763.15,375.31
816.11,306.97,805.14,306.97
813.30,337.42,813.40,335.56
801.36,394.79,800.62,394.98
817.89,318.84,817.96,319.71
828.16,344.31,816.56,345.15
816.71,344.74,816.56,345.15
817.46,378.68,816.47,378.68
827.41,327.47,827.85,327.91
773.81,377.56,773.88,377.90
803.88,411.10,805.84,410.12
815.27,304.15,814.98,303.90
819.21,362.29,819.66,363.20
827.14,368.22,825.24,368.10
825.10,328.63,825.47,327.81
774.76,383.48,773.48,384.21
828.16,336.33,828.20,335.90
783.21,360.00,782.46,360.00
814.50,302.41,814.44,302.30
801.27,398.84,801.32,398.14
807.33,330.54,807.26,331.57
819.59,320.42,819.39,319.70
797.63,343.36,798.37,325.73
792.63,368.54,792.73,368.93
805.78,369.66,805.94,369.73
827.57,366.32,827.14,368.22
800.27,361.37,793.24,359.64
827.57,366.32,827.20,368.13
828.20,335.90,828.20,329.69
740.35,367.55,742.83,364.88
816.71,336.99,816.71,344.74
823.78,338.73,823.90,337.12
831.26,385.43,831.07,384.79
797.63,321.87,797.88,324.65
801.98,366.07,802.98,366.69
823.81,400.06,824.02,399.17
805.25,333.82,804.11,332.61
813.52,342.44,800.95,342.46
824.72,342.46,824.47,343.01
789.36,372.25,791.46,372.97
824.34,358.88,824.15,358.71
824.88,341.78,824.72,342.46
789.16,373.42,793.45,373.57
810.78,326.34,810.60,326.35
823.16,338.68,823.10,338.32
751.44,358.39,750.70,356.94
803.24,370.14,803.40,369.79
823.16,338.68,822.84,338.68
820.14,355.52,820.14,359.36
813.66,342.26,814.20,341.75
770.11,374.98,770.14,374.34
813.66,342.26,813.86,341.77
818.92,338.13,819.12,338.00
805.53,331.24,805.40,331.84
818.92,338.13,819.62,338.14
813.86,328.39,814.20,328.36
818.64,423.69,827.83,422.14
797.24,337.26,796.45,342.83
819.43,338.25,819.62,338.14
813.66,327.83,814.00,327.80
822.64,339.45,822.79,339.12
796.77,357.07,796.37,357.07
823.64,340.47,823.57,340.64
805.53,329.92,805.58,330.58
822.96,339.33,822.79,339.12
814.00,327.80,813.86,328.39
796.77,357.07,796.77,355.21
822.96,339.33,823.10,339.05
799.39,386.88,800.44,386.97
813.52,327.60,813.66,327.83
819.43,338.25,818.92,338.13
828.16,336.33,816.71,336.99
820.80,337.26,819.21,342.04
819.29,338.52,819.43,338.25
800.95,327.62,801.28,327.60
782.55,383.99,782.75,384.21
781.12,382.70,781.59,378.28
820.42,383.37,819.83,383.99
820.80,343.08,819.96,342.83
822.43,339.58,822.64,339.45
780.75,382.58,781.59,378.28
822.76,339.44,822.96,339.33
820.09,341.22,820.36,341.34
811.51,361.44,810.64,362.49
818.72,338.90,818.77,338.46
815.29,347.56,814.99,347.40
819.29,338.52,818.77,338.46
804.60,426.92,805.59,426.94
800.47,327.83,800.27,328.39
822.16,332.79,822.81,332.97
819.24,338.89,819.29,338.52
822.64,337.93,822.43,337.82
768.58,377.69,767.13,377.61
800.60,328.36,800.80,327.80
800.72,370.74,794.59,370.74
815.29,347.56,833.70,347.56
803.73,330.06,803.86,329.46
819.62,339.60,822.43,339.58
800.80,327.80,800.47,327.83
815.29,347.56,841.70,347.32
819.62,339.60,822.76,339.44
822.43,339.58,822.76,339.44
827.46,331.26,827.37,330.90
820.94,333.73,821.52,333.05
822.72,339.18,822.78,338.68
819.24,338.89,818.72,338.90
827.46,331.26,827.29,330.94
815.29,347.56,814.99,347.40
813.11,342.36,800.92,342.36
815.04,347.30,815.29,347.56
815.04,347.30,814.79,347.16
804.63,330.65,804.07,332.40
818.92,339.64,818.77,339.33
819.43,339.51,819.29,339.25
806.92,349.22,805.50,350.64
803.07,400.73,803.09,401.31
806.36,390.37,805.66,391.32
816.01,333.41,815.49,333.08
822.64,339.45,822.43,339.58
779.36,378.17,779.47,377.80
822.55,339.55,822.32,339.69
816.15,380.73,816.82,381.13
819.12,339.75,822.43,339.58
819.00,339.86,822.43,339.58
818.61,339.39,818.92,339.64
818.61,338.40,818.72,338.90
818.78,338.03,818.77,338.46
822.43,337.82,819.12,338.00
822.32,337.71,819.12,338.00
822.55,337.82,822.43,337.82
822.79,338.24,822.64,337.93
822.72,338.18,822.64,337.93
822.84,338.68,822.79,338.24
819.42,362.79,819.42,355.16
822.78,338.68,822.79,338.24
809.33,343.01,807.97,343.04
770.11,374.98,770.44,375.31
817.88,378.75,819.63,379.66
818.04,325.02,818.09,324.57
823.07,372.62,816.16,372.19
795.34,370.72,793.67,370.68
798.63,369.07,798.47,369.48
801.55,394.25,801.03,393.63
825.70,335.57,826.01,336.58
825.85,333.49,825.54,332.67
781.94,370.84,779.97,368.63
798.20,397.96,798.30,396.48
776.88,384.48,778.02,384.85
828.57,328.68,828.83,329.34
817.86,427.08,811.56,440.91
797.81,373.47,795.68,373.64
797.63,362.40,797.77,362.85
831.01,438.68,828.09,422.17
812.84,341.34,813.80,342.53
828.06,332.50,828.11,332.58
797.77,365.44,798.68,366.22
813.41,344.90,825.70,344.43
806.17,352.54,807.83,353.81
822.37,371.38,822.26,370.46
778.36,364.17,779.17,366.13
826.99,331.18,826.87,330.70
825.62,343.76,825.70,344.43
830.14,336.30,829.92,336.02
779.38,383.78,780.58,382.83
827.09,331.38,826.99,331.18
813.16,393.99,812.56,392.46
825.79,360.91,825.75,360.90
831.18,333.05,830.98,332.94
803.56,400.75,803.09,401.31
815.67,333.47,815.49,333.08
797.08,385.10,796.59,385.63
793.46,371.30,792.41,379.22
816.12,396.41,817.75,397.94
821.20,368.62,822.08,368.93
826.32,327.55,826.80,327.35
802.01,329.41,802.37,329.24
829.76,330.57,817.10,330.57
796.55,332.10,797.25,332.30
822.47,396.72,822.70,396.24
821.20,368.62,820.41,367.74
809.73,303.99,809.81,303.78
826.32,327.55,826.93,327.35
802.01,329.41,813.10,328.38
780.84,383.02,781.12,382.70
798.42,385.87,797.08,385.10
793.28,379.77,794.27,379.77
826.45,327.55,826.93,327.35
812.70,328.56,813.10,328.38
797.81,367.02,797.23,371.30
826.02,328.05,826.45,327.55
825.88,328.05,826.45,327.55
813.68,329.61,813.10,328.38
825.19,331.61,825.25,331.24
813.59,321.16,813.59,324.46
814.36,332.00,814.60,331.71
815.87,380.49,816.97,380.73
818.64,423.69,826.07,421.45
812.90,357.83,813.07,360.00
802.01,345.15,802.37,345.32
813.16,393.99,813.23,394.30
824.67,411.18,824.88,411.20
793.14,369.49,794.71,370.45
776.29,385.26,777.28,385.34
821.75,391.20,819.97,390.84
792.53,380.49,796.02,380.49
830.49,340.86,828.92,340.94
804.08,392.35,803.79,391.29
813.04,344.73,825.29,344.26
807.31,329.47,807.39,330.53
816.26,381.81,815.98,382.36
823.43,400.69,823.00,401.60
795.48,366.97,797.05,367.43
768.46,384.21,768.41,384.48
791.08,380.34,791.12,379.72
828.83,329.34,828.97,329.92
800.37,404.74,799.70,402.62
824.45,411.89,824.50,411.44
794.71,370.45,796.41,371.15
797.33,347.97,799.27,349.00
825.70,335.57,826.01,336.58
814.39,332.36,814.44,332.02
809.61,362.14,809.11,364.22
826.48,338.84,825.62,343.76
825.25,331.98,825.19,331.61
825.07,331.87,825.26,331.82
808.95,304.47,809.23,304.15
820.26,399.99,820.72,401.89
826.12,338.75,825.62,343.76
811.55,360.95,811.04,360.00
814.30,332.37,814.36,332.00
826.12,338.75,825.29,343.49
818.98,320.41,820.43,323.80
814.36,332.73,814.39,332.36
827.02,337.55,826.94,338.88
825.24,330.76,825.45,329.74
826.48,338.84,826.94,338.88
826.55,332.71,826.20,332.77
826.81,336.29,826.40,334.94
744.26,364.15,745.39,363.01
806.32,327.34,806.72,327.91
814.44,332.46,813.83,333.77
818.70,376.99,819.08,377.39
808.47,353.75,810.42,351.84
826.08,343.87,825.70,344.43
827.65,328.56,827.92,329.61
825.97,335.13,826.81,336.29
825.69,332.58,825.42,332.32
814.53,333.05,814.44,332.71
825.97,335.13,826.40,334.94
818.54,325.06,818.37,325.44
813.23,335.90,826.40,334.94
825.27,360.93,823.34,360.91
818.54,325.06,817.89,325.35
823.88,393.63,822.38,394.06
813.23,335.90,813.68,335.72
810.86,398.81,810.84,398.91
801.86,329.82,802.01,329.41
812.70,328.56,802.01,329.41
826.02,332.76,825.69,332.58
804.06,393.56,803.62,395.19
827.88,359.57,828.30,360.93
815.11,333.48,814.85,333.27
802.89,402.23,803.15,400.32
826.30,333.95,826.80,334.08
811.16,305.10,810.88,304.77
830.11,354.22,830.59,354.22
826.02,333.38,825.67,332.67
812.89,329.87,813.23,329.69
826.01,332.70,826.02,332.76
815.16,333.43,814.85,333.27
812.47,328.99,813.23,329.69
826.01,332.70,825.69,332.54
807.10,309.55,806.47,318.85
825.42,332.32,825.25,331.98
811.82,393.56,811.37,395.19
822.51,393.57,823.19,393.37
812.47,328.99,812.70,328.56
821.55,403.34,822.42,404.35
815.21,304.23,814.62,306.23
826.76,332.76,826.39,332.81
812.71,324.44,819.59,323.82
815.48,333.54,815.16,333.43
821.52,333.05,822.16,332.79
810.39,304.64,810.62,304.89
813.60,309.17,812.97,310.28
815.29,306.34,814.62,306.23
826.37,332.76,826.39,332.81
815.50,333.48,815.16,333.43
833.33,336.30,830.14,336.30
805.22,352.58,806.39,352.49
806.01,421.93,806.13,421.18
810.39,304.64,810.10,307.06
826.37,332.76,826.01,332.70
827.00,332.11,827.06,331.37
793.76,360.25,793.89,359.95
820.85,359.15,820.95,358.65
768.09,382.63,767.73,382.51
813.68,335.72,813.68,329.61
811.37,395.19,811.33,395.43
776.83,384.92,775.87,385.00
826.55,337.57,826.48,338.84
774.19,383.22,774.25,383.03
794.20,367.19,793.65,371.33
794.20,367.19,794.03,367.02
827.85,333.26,827.41,333.76
766.09,384.24,767.47,384.40
813.41,344.90,825.70,344.43
775.47,384.21,776.81,384.98
828.57,332.53,828.25,332.88
794.74,334.35,795.42,334.35
779.58,384.00,780.84,383.02
826.35,336.38,825.97,335.13
825.70,335.57,825.97,335.13
812.89,336.33,825.97,335.13
792.41,379.22,792.53,380.07
812.89,336.33,813.23,335.90
813.59,319.51,813.59,320.33
813.10,328.38,816.20,329.24
812.89,329.87,801.86,336.99
807.88,426.49,807.76,427.24
801.51,356.05,751.86,360.00
817.69,324.61,817.48,325.39
801.86,329.82,801.86,336.99
823.42,353.33,822.86,356.05
818.15,389.31,817.27,388.82
822.82,405.28,823.88,405.00
819.25,362.83,819.39,360.96
801.01,308.77,801.90,309.66
808.36,363.13,808.94,363.13
811.25,390.57,810.46,389.82
813.23,335.90,813.23,329.69
826.55,337.57,826.18,337.63
828.65,363.93,828.81,364.27
799.44,372.02,801.34,372.17
827.37,440.23,826.95,440.59
824.92,341.09,824.40,339.57
823.79,398.20,825.33,396.74
826.20,332.77,825.85,332.71
830.82,332.79,830.72,332.59
824.40,342.65,824.65,342.91
768.69,371.21,767.61,373.22
820.06,392.83,819.38,391.58
830.68,333.01,830.52,332.70
825.96,332.21,825.85,332.71
820.49,392.46,819.79,391.15
830.98,332.94,830.82,332.79
825.27,332.30,825.53,332.55
825.27,332.30,825.80,332.04
831.18,333.05,830.93,333.26
784.64,351.98,785.64,352.54
825.11,331.98,825.27,332.30
831.24,333.41,831.59,333.47
825.65,331.61,825.69,331.84
785.13,370.93,796.62,371.27
825.11,331.98,825.69,331.84
825.65,331.61,825.11,331.98
816.20,329.24,827.32,328.38
802.41,310.18,807.62,309.23
827.92,329.61,827.32,328.38
789.09,371.38,789.49,368.39
825.80,331.18,825.69,331.38
789.09,371.38,790.02,368.41
825.80,331.18,825.11,331.27
825.27,330.95,825.11,331.27
828.78,360.91,827.82,365.41
827.92,329.61,813.68,329.61
809.35,302.38,809.42,302.17
825.96,331.02,825.80,331.18
825.27,330.95,825.80,331.18
809.35,302.38,809.67,302.29
826.96,331.65,826.91,331.99
827.92,335.72,827.92,329.61
809.65,302.41,809.67,302.29
796.84,350.95,796.50,351.31
825.53,330.70,825.27,330.95
812.65,310.18,817.88,309.86
825.53,330.70,825.96,331.02
815.14,307.09,815.29,306.34
825.85,330.54,826.16,330.91
793.92,347.47,793.55,346.53
826.20,330.48,825.85,330.54
826.62,330.91,826.39,330.88
826.55,330.54,826.62,330.91
824.68,365.77,825.36,367.43
810.49,306.80,814.31,306.80
792.85,358.73,792.93,358.35
801.84,347.75,801.87,347.84
830.32,335.43,830.31,342.60
827.09,331.38,827.13,330.95
827.34,331.62,827.29,331.27
825.75,360.90,824.72,365.78
827.09,331.84,827.13,331.61
827.34,331.62,827.13,331.61
820.98,358.30,821.13,357.98
786.03,350.35,786.93,351.03
827.29,331.98,827.34,331.62
805.35,304.17,809.35,302.38
826.99,332.04,827.09,331.84
832.27,355.49,830.88,358.04
779.45,360.00,779.08,360.00
824.21,365.78,825.41,360.91
827.92,335.72,827.92,329.61
804.20,428.04,804.48,427.56
793.40,358.57,793.74,357.17
822.13,406.31,822.31,406.78
784.48,351.92,784.64,351.98
826.87,332.55,827.13,332.30
817.69,324.61,817.69,323.72
798.62,325.56,797.63,343.36
826.62,332.31,826.82,332.21
767.33,375.57,767.16,375.12
800.94,321.16,800.94,324.46
826.87,332.55,826.82,332.21
826.62,332.31,826.87,332.55
818.99,377.86,819.35,378.00
823.73,417.60,823.57,416.88
812.10,358.10,811.76,360.00
780.91,383.88,782.12,382.93
804.85,413.96,805.83,414.04
793.73,362.84,794.28,364.17
767.77,375.99,767.54,375.88
823.88,393.63,823.99,393.53
813.00,321.15,813.02,324.46
821.23,340.94,822.25,342.16
799.72,397.00,799.92,396.12
807.31,329.47,807.39,330.53
799.72,397.00,799.51,396.72
823.43,400.63,823.45,400.54
807.31,329.47,807.51,329.42
812.65,310.18,812.73,310.51
802.33,324.44,801.51,324.46
815.49,333.08,815.27,333.05
802.32,332.27,802.27,344.33
810.94,361.26,811.04,360.00
811.82,393.56,811.76,393.88
815.07,332.94,815.32,333.41
815.27,333.05,815.32,333.41
815.07,332.94,815.27,333.05
819.00,339.86,822.32,339.69
804.61,392.12,805.04,392.49
814.91,332.79,815.01,333.26
816.83,376.57,817.24,377.05
780.04,373.56,780.12,374.06
825.13,392.78,825.05,392.69
813.59,321.16,813.59,324.46
813.49,332.28,813.49,344.34
814.61,332.70,814.77,333.01
762.04,368.63,771.23,370.93
818.78,339.74,819.00,339.86
814.91,332.79,814.77,333.01
775.04,382.34,774.47,382.45
825.84,394.29,825.77,394.23
819.71,320.45,821.12,323.81
814.81,332.59,814.61,332.70
820.83,357.79,821.32,357.77
799.31,353.42,802.13,352.06
818.55,338.90,818.61,339.39
815.78,344.89,815.55,344.40
813.04,390.88,812.93,391.32
814.81,332.14,814.55,332.35
827.01,330.72,827.06,330.06
776.64,377.51,776.47,377.66
818.55,338.90,818.72,338.90
814.81,332.14,814.77,332.37
791.53,368.58,792.97,369.82
805.40,329.34,805.53,329.92
806.54,319.70,806.17,318.83
823.08,358.43,823.27,358.57
814.77,331.70,814.61,332.01
806.25,319.70,806.17,318.83
814.81,332.14,814.61,332.01
816.79,380.74,816.79,381.10
826.34,400.32,826.28,400.36
809.88,365.40,808.94,366.49
814.51,392.04,815.70,391.80
813.64,390.37,812.93,391.32
801.90,309.66,804.55,307.27
814.79,303.77,809.82,303.57
768.20,375.16,768.12,375.61
796.15,355.18,798.37,355.15
828.14,326.35,828.86,335.94
819.00,337.89,819.12,338.00
830.80,355.36,830.60,355.22
788.51,348.95,789.09,346.66
815.27,331.68,815.07,331.79
797.12,373.63,799.28,373.80
803.86,329.46,804.07,328.98
821.19,396.48,821.49,395.16
824.26,404.59,825.15,403.69
829.78,335.33,830.32,335.43
818.77,319.69,817.89,318.84
776.41,385.02,777.38,385.10
810.86,398.81,810.81,400.73
815.67,331.24,815.32,331.29
821.90,357.62,821.66,357.54
822.32,337.71,819.00,337.89
814.61,389.19,814.43,389.69
815.49,331.65,815.32,331.29
768.20,375.16,768.16,375.21
772.84,382.21,774.16,369.80
821.13,396.52,821.49,395.16
791.85,378.63,792.84,378.63
825.22,403.60,825.15,403.69
771.08,376.56,770.44,375.31
817.96,319.71,817.89,318.84
822.37,354.20,822.58,355.15
805.49,347.64,805.54,347.70
783.30,349.00,785.11,347.89
803.79,397.13,803.61,398.91
815.49,331.65,815.27,331.68
822.55,337.82,822.32,337.71
807.64,388.76,807.94,389.29
815.71,331.68,815.67,331.24
815.74,343.85,822.51,343.58
804.72,320.03,806.42,320.03
822.55,337.82,822.64,337.93
779.01,385.22,778.04,385.13
815.71,331.68,815.49,331.65
823.95,394.16,823.23,392.62
816.11,389.17,815.25,389.29
810.31,304.42,805.25,304.64
777.86,362.12,781.49,360.00
822.78,338.68,822.72,338.18
815.91,331.79,816.32,331.45
825.05,400.97,823.43,400.69
828.86,333.31,830.20,334.98
816.73,332.01,816.57,331.70
826.39,331.61,825.65,331.61
816.37,388.64,816.11,389.17
816.17,332.14,816.57,331.70
816.07,331.94,816.57,331.70
822.64,339.45,822.55,339.55
804.06,393.56,803.62,395.19
816.78,332.35,816.73,332.01
831.57,386.62,831.44,385.58
822.79,339.12,822.55,339.55
809.40,388.82,809.63,389.35
816.20,332.37,816.73,332.01
822.79,339.12,822.64,339.45
783.26,349.07,785.07,347.97
816.20,332.37,816.17,332.14
823.95,402.61,822.44,402.17
816.20,332.37,816.78,332.35
773.42,382.24,772.84,382.21
807.51,331.64,807.28,332.66
809.73,306.55,810.02,306.35
810.27,389.31,810.46,389.82
816.07,332.79,816.73,332.70
826.08,343.87,825.70,344.43
809.73,306.55,809.49,304.23
824.20,399.45,824.34,398.84
812.29,392.49,811.76,393.88
816.07,332.79,816.17,332.59
801.01,308.77,801.66,309.96
810.39,307.26,810.10,307.06
818.15,389.31,817.82,389.82
815.91,332.94,816.57,333.01
816.07,332.79,816.57,333.01
796.87,349.67,749.74,353.47
813.81,361.17,813.53,362.32
814.79,303.77,814.82,303.57
813.00,321.15,813.59,320.33
823.35,340.46,816.56,343.85
823.45,324.09,821.70,320.03
806.79,389.19,807.13,389.69
800.27,341.77,800.27,341.53
815.27,331.68,815.01,331.45
816.16,333.31,815.84,333.48
826.17,353.45,833.18,353.10
806.72,351.98,807.83,353.81
750.70,356.94,749.55,355.78
826.40,334.94,813.68,335.72
807.42,430.00,807.73,429.57
822.16,337.26,820.48,334.74
751.70,360.00,751.44,358.39
821.48,342.41,822.22,342.13
823.15,392.31,823.35,392.35
819.33,308.43,818.66,309.57
802.01,345.15,813.04,344.73
816.11,389.17,815.25,389.29
741.53,361.61,742.27,363.06
816.37,388.64,815.47,388.76
822.76,338.70,823.16,338.68
789.21,380.50,789.38,380.65
826.80,327.22,827.30,327.34
821.38,419.57,820.69,420.08
800.35,332.26,799.87,333.87
826.12,338.75,826.48,338.84
809.63,389.35,808.78,389.17
825.49,402.49,825.87,400.51
813.54,308.76,812.97,310.28
741.53,358.39,741.28,360.00
809.40,388.82,808.52,388.64
827.02,337.55,826.81,336.29
816.97,389.35,816.11,389.17
820.80,343.08,821.64,342.76
806.63,367.19,806.70,366.85
814.33,341.26,812.84,341.34
816.18,353.23,816.16,353.45
746.49,360.00,742.27,356.94
817.27,388.82,816.37,388.64
743.43,355.78,744.88,355.04
811.10,390.09,810.27,389.31
811.99,391.58,811.25,390.57
826.35,336.38,826.01,336.58
811.87,391.15,811.10,390.09
822.59,401.32,823.06,401.20
799.16,323.82,798.97,323.72
826.55,337.57,826.35,336.38
818.23,392.18,818.89,391.20
827.34,355.79,827.83,354.37
805.04,307.73,810.07,306.88
819.38,391.58,818.63,390.57
830.47,332.35,830.52,332.01
810.38,307.73,810.05,307.51
832.19,367.03,830.72,367.35
830.72,332.59,830.68,332.37
770.14,374.34,768.88,373.70
823.35,340.46,816.56,340.79
817.81,309.52,817.88,309.86
767.11,373.61,767.87,373.75
821.55,403.34,822.42,404.35
771.89,384.64,769.29,383.80
829.78,342.60,830.27,343.22
785.07,368.03,786.93,368.97
826.07,406.21,822.31,406.78
827.90,343.32,827.17,342.71
819.98,409.97,822.31,406.78
827.36,342.72,827.17,342.71
819.98,409.97,826.07,406.21
827.36,342.72,829.78,342.60
823.92,440.05,824.20,439.62
785.42,347.86,781.86,349.67
827.36,342.72,830.27,343.22
815.00,410.12,813.78,410.21
802.65,331.94,813.64,331.94
798.44,396.52,798.58,395.16
829.62,335.39,829.92,336.02
809.57,339.63,808.57,340.41
791.51,379.68,791.12,379.72
826.67,327.07,827.19,327.20
820.00,320.03,819.68,319.76
813.78,410.21,806.79,410.21
802.32,332.27,828.33,330.41
813.49,332.28,802.50,332.28
813.49,332.28,802.50,344.34
795.02,370.24,796.13,369.08
840.77,330.41,813.97,332.27
840.77,330.41,813.93,344.33
826.28,400.36,826.42,398.26
815.36,342.83,815.05,342.83
818.49,372.12,818.99,371.85
775.17,369.88,774.87,369.89
823.29,404.85,824.26,404.59
802.32,332.27,802.50,344.34
813.49,332.28,813.93,344.33
813.64,331.94,802.50,332.28
811.05,396.95,810.86,398.81
816.32,331.45,816.01,331.29
782.62,370.33,784.16,370.33
797.33,347.97,797.45,347.89
825.45,398.21,823.79,398.20
782.40,362.13,782.62,363.13
828.86,333.31,829.78,335.33
824.87,426.49,824.78,427.24
805.25,333.82,805.71,333.95
782.24,360.00,782.40,362.13
816.32,333.26,816.57,333.01
803.27,396.15,802.68,394.29
824.21,353.33,833.29,353.33
781.50,366.31,782.60,367.59
822.59,402.52,821.22,402.09
820.09,397.91,820.22,395.84
767.97,375.90,768.41,375.74
828.86,330.39,828.35,333.40
801.82,361.74,800.52,361.55
804.45,413.64,804.85,413.94
805.72,389.19,804.87,389.34
794.60,370.81,796.41,371.15
828.97,331.24,828.83,331.84
806.47,318.85,807.15,319.69
809.67,302.29,814.44,302.30
807.37,318.84,807.44,319.71
827.09,331.84,827.34,331.62
821.64,342.76,822.40,341.90
803.24,370.14,803.40,369.14
807.65,320.46,807.44,319.71
800.93,319.51,800.94,320.33
817.56,309.23,815.14,307.09
800.83,319.50,800.83,320.32
822.16,337.26,824.16,335.76
782.20,356.87,781.99,357.85
792.73,351.39,792.87,351.44
794.33,355.57,794.33,360.71
821.75,419.34,821.42,418.94
813.88,327.63,813.33,327.40
819.55,331.43,796.76,331.43
798.08,324.65,798.58,324.64
818.35,388.82,817.45,388.64
800.83,319.50,806.25,319.70
826.99,440.44,827.21,440.48
822.62,428.04,822.55,427.58
806.17,318.83,806.25,319.70
805.02,409.41,809.12,406.78
801.17,308.29,806.43,307.57
806.25,319.70,800.83,320.32
788.11,368.11,790.04,367.21
826.39,330.41,826.76,330.47
815.84,331.25,816.16,331.46
819.18,388.90,818.01,388.69
802.33,321.12,802.33,320.30
819.32,318.85,819.39,319.70
827.70,332.69,827.42,332.40
819.32,318.85,819.39,319.70
817.96,319.71,812.72,320.30
823.47,355.53,823.34,355.84
815.16,331.30,815.35,331.46
802.47,399.17,802.53,398.17
819.71,320.45,819.49,319.70
802.34,310.51,802.41,310.18
813.89,319.50,813.89,320.32
777.64,377.56,776.64,377.51
826.45,333.82,826.93,333.95
806.30,333.76,805.84,333.95
829.12,355.26,829.10,355.31
818.51,382.38,818.04,383.37
831.31,389.48,830.99,388.86
823.00,333.69,822.40,332.44
825.74,340.41,825.78,340.46
813.89,321.15,819.49,319.70
830.98,331.79,831.24,331.29
801.01,308.77,801.25,308.41
800.50,395.47,800.25,395.86
767.87,373.75,768.03,373.50
814.11,390.88,814.84,390.83
778.04,385.13,778.02,384.85
827.00,329.32,827.25,328.78
828.10,329.41,828.37,330.53
812.72,321.12,812.72,320.30
810.30,424.38,809.65,425.05
818.17,320.46,812.72,320.30
813.54,308.76,813.89,309.04
818.17,320.46,817.96,319.71
826.20,330.48,826.39,330.88
822.89,342.54,822.73,341.88
828.62,350.45,831.30,349.60
804.54,357.89,804.87,360.00
826.62,330.91,826.20,330.48
825.19,331.61,824.89,334.85
791.85,382.08,792.84,382.08
800.48,404.85,801.28,404.49
827.85,333.26,827.72,333.26
824.89,334.85,825.25,331.98
823.90,337.12,823.78,335.53
800.34,400.33,800.40,400.31
799.93,328.18,798.66,320.87
791.35,373.07,793.45,373.57
788.51,371.05,790.26,371.18
798.62,323.61,798.37,323.48
807.10,309.55,807.08,318.84
828.18,330.53,828.10,331.65
729.60,360.00,730.38,363.26
767.64,384.11,768.88,384.50
805.57,384.07,807.21,370.68
820.07,341.49,819.54,340.38
814.44,332.02,814.39,332.36
819.39,341.49,819.54,340.38
825.16,426.40,825.26,426.45
788.51,370.60,788.51,371.05
817.46,378.68,817.87,378.79
827.46,331.26,826.75,331.00
825.30,328.65,825.68,327.83
763.48,377.51,763.47,377.87
819.42,318.83,813.89,319.50
817.02,332.00,816.62,332.36
799.10,401.89,798.63,400.80
804.23,367.97,804.41,367.60
812.52,449.44,807.69,445.67
797.34,364.42,800.32,364.41
826.15,327.28,826.30,327.42
804.97,328.05,805.39,327.55
791.52,380.88,792.04,380.88
819.33,308.43,818.69,318.84
819.42,308.32,819.32,318.85
819.80,320.17,813.62,320.93
795.87,341.72,795.87,337.26
800.46,337.35,799.50,335.56
805.74,367.15,807.57,367.42
816.23,344.04,816.54,343.60
773.46,378.08,773.09,377.69
773.94,382.89,773.47,378.43
792.58,360.75,792.71,360.59
806.67,411.92,806.81,411.18
771.86,383.29,773.03,382.36
808.67,342.76,816.68,342.76
791.37,380.44,791.82,380.77
764.20,382.87,764.22,383.45
814.62,306.23,815.29,306.34
823.09,340.87,822.25,342.16
813.89,319.50,813.59,319.51
815.85,331.30,816.16,331.46
804.23,330.76,804.31,329.74
812.97,310.28,813.00,319.50
827.42,332.40,827.20,331.95
816.56,343.85,815.97,340.79
832.84,329.84,814.02,329.84
814.85,341.59,815.36,342.83
813.59,319.51,813.00,319.50
824.98,355.18,827.26,355.30
805.34,381.91,804.94,381.75
805.87,437.15,806.17,437.67
823.32,395.84,823.25,395.86
822.16,337.26,820.09,337.37
804.23,330.76,804.37,330.76
812.97,310.28,813.59,319.51
824.98,330.77,825.18,330.76
804.44,331.77,804.37,330.76
791.52,380.77,791.38,380.62
813.60,309.17,813.59,319.51
813.34,343.63,818.03,342.34
807.33,330.54,807.26,331.57
818.66,309.57,817.89,318.84
816.98,439.75,818.22,439.33
796.72,363.41,799.25,362.32
824.03,341.13,824.07,340.54
831.40,332.37,832.11,332.37
817.93,379.51,817.87,380.32
827.29,331.98,827.09,331.84
827.68,389.37,829.24,386.91
809.64,307.43,814.76,306.88
809.48,306.93,805.55,306.93
824.18,356.09,823.42,353.33
820.86,401.83,821.54,400.80
807.35,320.41,808.71,323.80
809.48,306.93,805.86,307.43
807.21,370.68,805.78,384.18
807.35,320.41,808.13,323.80
767.33,375.57,767.21,375.66
800.94,321.16,801.51,324.46
799.82,347.93,801.66,348.69
819.16,369.19,820.12,369.54
828.36,330.54,828.42,331.57
812.89,329.87,813.23,329.69
801.54,321.15,801.54,320.32
800.71,327.40,813.33,327.40
818.29,379.59,819.37,381.27
800.61,395.96,800.89,396.30
797.33,372.03,795.48,372.92
793.73,362.84,793.67,364.48
767.77,375.99,767.69,376.12
813.00,321.15,813.59,324.46
768.12,375.61,767.97,375.90
824.50,394.33,824.63,394.25
819.59,320.42,821.01,323.80
768.12,375.61,768.08,375.70
828.72,378.48,827.60,378.59
819.59,320.42,820.43,323.80
768.18,374.63,768.20,375.16
825.00,395.40,825.14,395.34
807.65,320.46,802.33,321.12
797.48,371.53,794.66,367.54
803.62,390.83,804.19,390.88
797.94,324.08,798.13,323.65
823.95,394.16,822.20,393.99
818.34,308.93,817.81,309.52
817.60,371.30,818.01,368.37
768.18,374.63,768.14,374.63
830.04,376.71,828.72,378.48
807.65,320.46,802.33,324.44
817.27,368.37,817.50,368.25
812.72,321.12,819.59,323.82
825.05,400.97,825.19,401.03
807.65,320.46,809.02,323.82
807.65,320.46,808.71,323.80
819.59,323.82,820.43,323.80
804.41,328.42,804.73,328.27
741.53,361.61,742.27,363.06
803.67,399.51,802.52,398.21
818.17,320.46,819.59,323.82
826.07,360.91,825.68,360.91
812.65,310.18,812.73,310.51
778.97,374.01,779.15,373.52
823.27,402.80,823.37,402.90
799.15,337.42,799.28,335.51
812.65,310.18,812.97,310.28
812.12,396.95,811.05,396.95
778.97,374.01,778.92,374.06
801.54,321.15,802.33,324.44
802.33,321.12,802.33,324.44
801.54,321.15,802.33,321.12
778.84,375.16,778.86,374.58
821.49,395.16,821.43,395.23
812.72,321.12,812.71,324.44
785.53,372.07,786.62,370.75
813.02,324.46,812.71,324.44
812.72,321.12,813.02,324.46
812.47,309.88,812.89,309.95
813.00,321.15,813.02,324.46
814.44,302.30,809.65,302.41
821.47,400.74,821.54,400.80
800.83,321.15,806.45,320.45
804.54,362.11,804.87,360.00
814.40,337.35,814.38,342.16
792.35,357.98,792.17,357.85
788.51,370.60,790.19,370.74
800.83,321.15,807.82,323.81
821.15,399.42,821.21,399.44
819.71,320.45,813.89,321.15
785.48,360.00,787.69,360.00
800.83,321.15,800.94,324.46
804.41,332.93,804.33,332.69
806.45,320.45,807.82,323.81
819.33,307.91,819.07,307.57
816.83,376.57,817.38,377.25
812.38,350.79,811.33,351.10
780.04,373.56,779.91,373.64
813.59,321.16,813.89,324.45
807.27,376.37,806.88,376.49
831.30,349.60,832.66,349.85
771.81,384.70,772.86,385.03
819.71,320.45,821.01,323.80
806.54,319.70,806.47,318.85
824.26,404.59,825.22,403.60
818.77,319.69,818.69,318.84
824.35,404.49,824.26,404.59
818.98,320.41,818.17,320.46
769.83,384.58,769.93,384.83
830.30,384.18,830.58,384.49
818.98,320.41,817.96,319.71
804.94,381.75,806.52,381.19
825.76,419.52,826.07,420.03
801.58,310.29,801.55,319.50
806.07,379.82,804.29,380.67
810.64,362.49,810.80,361.20
818.98,320.41,818.77,319.69
828.75,378.60,830.10,376.66
804.96,304.89,805.55,306.93
820.06,392.83,819.38,391.58
805.04,392.49,804.06,393.56
816.17,332.59,816.73,332.70
809.72,439.04,809.83,439.83
822.72,339.18,822.84,338.68
802.32,332.27,828.35,333.40
829.44,342.22,829.12,342.23
800.46,337.35,800.43,342.13
792.17,357.85,792.01,358.21
813.93,344.33,813.97,332.27
814.71,346.84,814.41,347.55
779.00,382.90,778.94,382.73
742.68,367.18,744.26,364.15
827.56,332.93,827.91,333.02
820.41,367.74,819.79,366.39
821.33,401.32,821.82,401.52
803.73,329.99,803.88,329.32
800.97,400.54,800.80,400.58
822.55,339.55,822.72,339.18
821.66,357.54,821.43,357.62
816.33,353.24,825.55,353.23
786.81,349.36,787.03,347.15
816.17,332.14,816.07,331.94
800.57,320.33,798.66,320.87
819.80,320.17,819.51,319.92
809.17,304.60,809.49,304.23
798.01,386.45,798.42,385.87
803.79,391.29,803.37,390.89
825.88,328.05,826.32,327.55
818.28,323.48,818.14,323.62
807.39,308.94,809.73,306.55
825.60,355.51,827.13,354.38
810.49,302.64,810.69,302.72
820.79,394.05,821.46,392.62
806.70,307.66,809.73,306.55
806.01,378.99,806.07,379.82
822.78,340.79,823.39,338.92
767.40,377.56,767.13,377.61
823.23,392.62,824.22,393.08
814.00,396.81,812.44,395.19
812.29,392.49,805.04,392.49
814.88,303.74,814.98,303.90
823.68,356.31,823.56,356.31
798.44,343.11,799.20,342.19
808.95,304.47,804.91,304.77
819.24,308.01,819.00,307.66
772.12,382.78,772.43,382.67
798.63,392.53,799.45,391.61
825.18,330.76,825.26,329.70
808.94,366.49,807.85,367.43
822.16,337.26,820.19,336.00
807.17,406.21,809.12,406.78
815.63,304.47,815.27,304.15
819.33,308.43,818.57,309.23
824.49,393.96,824.67,393.98
807.19,309.23,807.10,309.55
806.52,308.01,806.47,308.43
808.78,389.17,807.64,388.76
825.36,396.01,825.53,396.03
806.70,307.66,807.39,308.94
809.12,406.78,807.17,406.21
800.92,308.64,800.83,309.04
825.70,400.54,825.87,400.51
813.54,308.76,813.60,309.17
783.13,364.22,784.60,365.76
795.50,353.04,794.50,354.21
812.52,449.44,815.78,445.78
826.30,420.72,827.27,421.62
806.25,377.43,806.07,378.17
828.65,362.08,828.65,363.93
809.72,427.09,811.56,440.91
818.25,380.43,818.21,379.81
807.24,369.82,805.62,370.81
812.92,363.76,811.65,363.75
801.66,410.62,805.02,409.41
825.61,359.58,825.68,360.91
819.33,307.91,813.89,309.04
791.47,380.33,791.08,380.34
763.43,370.83,763.57,371.05
825.31,402.55,825.49,402.49
813.36,308.40,812.69,309.66
790.30,380.74,790.15,380.76
815.68,389.19,817.01,388.87
801.56,401.20,801.01,400.63
822.68,341.14,823.89,340.50
814.20,337.31,813.59,340.84
794.50,360.91,794.50,356.17
818.37,323.74,818.14,323.62
801.66,410.62,805.23,409.87
819.33,307.91,819.42,308.32
813.36,308.40,812.89,309.95
829.76,335.51,832.84,335.51
804.63,330.65,805.18,328.89
807.10,309.55,807.19,309.23
807.37,318.84,807.44,319.71
737.10,356.99,736.37,358.41
809.01,440.95,809.40,441.01
812.24,360.95,811.55,360.95
831.24,331.29,831.18,331.68
779.18,367.46,783.47,369.15
801.66,309.96,801.90,309.66
813.45,392.12,814.51,392.04
802.33,319.47,802.33,320.30
813.63,308.28,810.94,305.26
804.67,376.07,804.28,376.50
822.62,405.37,822.82,405.28
801.66,309.96,801.58,310.29
813.63,308.28,813.36,308.40
804.67,376.07,804.58,376.70
800.93,309.18,801.66,309.96
800.93,309.18,801.01,308.77
803.88,332.11,804.52,332.67
823.72,432.77,823.18,433.30
824.63,336.19,828.86,335.79
809.74,307.09,810.07,306.88
805.86,307.43,805.42,307.51
826.90,346.96,827.70,346.95
770.99,382.58,770.35,378.28
808.62,341.04,808.57,341.68
802.34,310.51,801.58,310.29
810.49,306.80,805.42,307.51
821.03,357.85,821.20,358.05
808.62,341.04,808.39,341.64
809.56,389.37,811.06,386.91
810.49,306.80,810.07,306.88
829.05,371.27,829.05,354.46
809.56,324.16,809.72,324.09
797.89,372.53,799.82,372.07
812.97,310.28,812.73,310.51
809.64,307.43,810.05,307.51
815.14,307.09,810.05,307.51
830.52,332.70,830.47,332.35
815.14,307.09,814.76,306.88
826.39,331.61,826.82,331.02
832.83,340.82,814.76,340.89
823.08,355.45,830.80,355.36
803.65,396.87,802.10,395.40
814.44,302.30,814.26,302.09
812.47,309.88,810.38,307.73
809.81,303.78,809.73,303.99
817.56,309.23,815.14,307.09
807.44,309.52,807.62,309.23
779.79,369.07,762.43,368.25
817.75,397.94,817.52,395.79
802.41,310.18,802.65,309.88
833.64,376.80,830.10,376.66
827.82,365.41,827.79,365.32
825.29,440.88,825.30,440.48
797.33,372.03,799.27,370.99
802.34,310.51,807.44,309.52
798.05,401.89,798.72,403.43
809.82,303.57,809.81,303.78
766.09,384.24,767.35,384.63
812.47,309.88,817.56,309.23
771.65,378.34,772.12,382.78
823.44,395.51,824.18,396.81
816.16,353.45,817.19,360.77
809.82,303.57,809.51,303.74
764.25,377.47,762.97,377.21
797.77,354.56,797.34,355.58
766.09,384.24,766.78,384.59
820.22,395.84,820.65,393.99
812.47,309.88,817.81,309.52
825.30,328.65,825.10,328.63
830.72,332.59,830.68,332.37
794.91,360.00,795.61,358.80
805.04,307.73,804.90,307.04
802.46,398.21,802.37,399.70
805.14,324.24,805.14,306.97
805.04,307.73,805.42,307.51
807.44,388.64,809.40,388.82
805.55,306.93,804.90,307.04
806.55,324.43,806.70,324.37
813.37,361.90,812.92,363.76
800.68,400.45,800.80,400.58
793.55,373.47,793.92,372.53
790.04,352.79,790.54,353.11
810.44,302.87,810.46,302.99
805.55,306.93,805.42,307.51
831.23,383.94,830.14,384.27
817.69,324.61,817.69,325.49
806.23,324.14,806.70,324.37
824.22,393.08,823.27,391.72
805.86,307.43,805.42,307.51
815.14,307.09,814.76,306.88
814.31,306.80,814.76,306.88
829.70,361.88,828.65,363.93
813.91,421.49,816.24,420.92
815.00,340.55,832.89,340.51
807.40,343.06,807.14,342.78
809.73,306.55,810.07,306.88
829.70,361.88,828.65,362.08
813.91,421.49,813.39,406.28
815.00,340.55,833.01,340.55
807.40,343.06,807.07,342.65
805.65,437.16,805.48,436.86
783.37,361.98,782.63,362.14
809.73,306.55,810.02,306.35
810.65,306.23,814.62,306.23
829.78,342.60,830.31,342.60
820.52,403.87,821.73,404.85
819.18,388.90,818.35,388.82
827.54,354.26,827.07,354.27
810.65,306.23,814.31,306.80
830.32,335.43,829.78,342.60
820.31,389.42,819.18,388.90
810.49,306.80,810.07,306.88
762.98,382.49,763.54,382.53
818.20,397.90,817.96,395.70
810.49,306.80,810.02,306.35
814.91,332.79,815.07,332.94
796.51,355.17,798.96,355.14
801.02,402.71,801.28,404.49
810.38,307.73,810.05,307.51
799.10,401.89,799.82,402.52
828.28,329.42,828.43,330.53
805.86,307.43,805.55,306.93
826.99,332.04,827.29,331.98
782.43,360.00,782.60,362.15
824.07,358.30,824.15,358.71
788.88,363.62,789.58,365.32
773.58,378.46,773.32,377.92
828.04,328.44,828.35,329.47
810.10,307.06,810.05,307.51
764.97,383.29,764.79,383.49
809.64,307.43,810.10,307.06
814.71,303.57,814.50,302.41
791.47,380.33,791.51,381.00
810.65,304.52,810.61,304.35
809.64,307.43,809.48,306.93
793.38,382.51,793.67,382.43
809.42,353.04,808.94,353.53
808.55,326.60,808.42,335.79
818.42,380.42,818.39,379.99
828.46,385.36,827.97,386.31
818.61,333.98,819.21,332.65
775.99,383.35,776.96,382.53
825.89,355.82,825.21,359.56
807.62,309.23,809.74,307.09
825.90,402.16,825.19,401.03
763.63,382.11,764.27,382.26
807.44,309.52,807.62,309.23
777.44,382.63,777.17,382.20
807.10,309.55,807.44,309.52
813.36,343.73,813.48,344.45
774.19,383.22,773.94,382.89
819.59,320.42,818.98,320.41
802.47,402.17,801.68,401.98
809.23,304.15,809.46,303.90
762.65,382.21,763.22,382.24
818.57,309.23,818.66,309.57
817.81,309.52,817.88,309.86
767.55,384.14,767.47,384.40
821.43,395.23,821.91,394.21
801.18,391.79,800.94,393.53
804.55,307.27,804.90,307.04
831.57,386.62,831.41,386.59
817.56,309.23,815.64,306.56
812.72,321.12,812.71,324.44
810.88,304.77,810.65,304.52
735.91,353.89,737.10,356.99
765.23,383.07,764.97,383.29
799.26,347.09,798.32,348.05
827.63,378.70,827.05,378.91
802.65,309.88,805.04,307.73
808.71,323.80,809.02,323.82
825.42,355.82,825.56,355.84
831.59,333.47,831.62,333.05
820.31,389.42,821.38,390.22
802.41,310.18,802.65,309.88
738.02,352.82,735.91,353.89
765.58,382.35,764.27,382.26
801.66,309.96,801.90,309.66
768.22,373.41,768.41,373.51
790.19,349.13,790.11,348.69
785.64,367.46,786.03,369.64
801.25,327.67,800.77,327.87
816.15,362.82,815.93,353.45
821.58,392.46,822.36,391.30
812.69,309.66,810.39,307.26
770.35,378.28,770.21,377.76
791.50,381.77,792.21,382.30
829.32,354.92,833.29,354.87
812.47,309.88,812.65,310.18
800.47,327.83,800.95,327.62
814.44,302.30,814.33,302.25
802.01,371.99,801.86,371.58
797.24,337.26,799.81,337.10
786.62,349.25,790.11,348.69
832.27,355.49,830.88,355.71
784.64,368.02,786.03,369.64
810.60,336.79,810.37,337.32
807.58,341.60,814.55,341.60
827.89,349.68,826.54,348.85
809.23,304.15,809.46,303.90
773.88,377.90,773.42,382.24
800.39,393.37,801.03,393.63
809.82,303.57,809.65,302.41
830.11,354.22,830.54,354.33
807.82,323.81,808.13,323.80
805.72,302.88,805.67,303.00
797.53,395.88,798.30,396.48
819.24,308.01,819.07,307.57
804.45,413.64,804.39,413.19
768.88,384.50,768.88,384.23
821.88,369.38,822.77,369.38
823.19,335.18,822.78,333.47
825.75,431.58,824.85,432.06
823.51,353.11,823.07,353.11
787.08,347.07,789.16,346.58
826.72,330.52,826.37,330.47
827.58,389.46,827.68,389.37
824.51,339.14,824.81,339.03
820.80,337.26,819.21,332.65
825.78,353.34,825.77,353.24
806.12,319.76,798.89,320.33
796.10,379.25,796.10,380.06
802.05,401.76,801.00,409.81
824.94,341.04,824.88,341.78
800.18,398.22,800.34,398.21
805.90,302.64,809.42,302.17
799.48,395.70,800.29,393.73
791.85,381.53,792.65,381.60
799.04,394.12,799.63,393.47
820.36,341.34,820.87,342.59
827.30,333.88,826.80,334.08
806.30,441.60,806.82,442.10
824.58,436.04,824.66,436.50
797.77,365.44,799.00,366.08
801.90,309.66,804.55,307.27
773.44,384.44,772.16,384.35
804.58,381.32,806.25,380.58
804.37,330.77,804.45,329.66
802.78,321.23,797.65,321.73
800.29,401.60,802.05,401.76
823.64,340.13,823.77,340.17
814.26,302.09,810.69,302.72
806.36,390.37,812.93,391.32
809.81,303.78,809.82,303.57
817.68,380.76,817.82,380.50
828.47,423.62,828.11,423.32
819.62,338.87,819.62,338.14
800.23,341.33,800.27,341.53
814.51,392.04,814.84,390.83
803.96,402.68,803.81,402.55
814.00,398.66,816.34,398.22
813.64,390.37,806.36,390.37
813.45,392.12,814.11,390.88
807.13,389.69,813.64,390.37
738.23,364.15,743.43,364.21
812.33,394.91,821.23,394.44
766.07,382.41,764.82,382.34
811.93,398.81,812.12,396.95
772.32,377.96,772.44,377.81
792.39,382.53,793.38,382.53
827.67,333.48,827.19,334.02
797.24,337.26,798.74,341.90
813.97,332.27,813.64,331.94
822.20,393.99,823.23,392.62
808.78,389.17,815.25,389.29
840.77,330.41,813.97,332.27
816.11,389.17,808.78,389.17
819.98,409.97,827.50,404.50
809.63,389.35,816.11,389.17
801.83,393.83,800.39,393.37
789.30,354.49,788.57,356.25
825.14,395.34,824.63,394.25
819.71,320.45,813.89,324.45
810.88,304.77,810.65,304.52
770.56,383.88,769.30,382.90
823.57,340.64,823.17,345.93
764.50,377.42,763.59,377.37
823.55,369.85,823.73,369.67
824.92,341.09,824.92,342.99
825.19,355.79,825.61,356.18
810.61,304.17,810.76,302.94
823.52,355.61,823.41,355.87
815.85,333.43,816.32,333.36
775.15,384.63,776.41,385.02
828.50,330.54,828.98,331.31
817.91,371.38,816.81,379.24
795.66,351.45,794.67,352.83
770.56,383.88,769.29,383.80
791.68,379.07,791.94,378.38
825.78,372.39,823.47,370.20
826.47,327.04,827.00,327.18
824.25,395.08,823.95,394.16
810.65,306.23,810.02,306.35
805.04,307.73,805.42,307.51
826.55,337.57,826.01,336.58
828.81,361.74,828.81,364.27
828.35,333.40,828.86,333.31
813.23,394.30,820.06,392.83
799.41,403.87,800.01,404.85
807.25,388.90,807.79,389.42
828.42,329.52,829.04,330.57
809.51,303.74,809.51,303.57
777.38,385.10,777.28,385.34
803.89,383.18,803.69,382.96
825.60,342.27,825.38,342.73
807.57,341.09,807.57,339.19
766.38,383.60,766.37,383.38
814.09,395.06,815.94,394.71
805.35,304.17,809.51,303.74
797.23,371.30,797.71,367.19
798.97,397.90,799.67,395.72
809.18,389.31,808.32,388.82
828.20,328.61,828.98,329.84
804.29,377.32,804.11,378.11
825.96,332.21,826.16,332.31
802.65,331.94,802.32,332.27
810.61,304.35,810.65,304.52
786.93,351.03,786.47,350.34
803.27,396.15,802.83,394.23
813.59,321.16,813.59,320.33
822.46,394.91,812.33,394.91
813.00,321.15,813.00,320.32
770.75,383.67,772.04,384.41
782.40,357.87,781.99,357.85
828.33,330.41,828.69,330.05
824.22,403.03,822.46,394.91
814.82,303.57,810.61,304.17
766.47,382.29,766.07,382.41
783.35,353.76,783.52,353.81
810.78,406.31,809.55,405.53
825.11,331.27,825.05,331.62
807.31,331.60,807.09,332.58
791.20,381.81,791.98,382.36
816.14,446.48,817.82,446.33
813.54,342.18,813.11,342.36
817.79,391.08,801.89,389.53
814.88,303.74,814.79,303.77
801.17,308.29,804.55,305.10
771.35,382.39,770.74,378.25
777.96,377.61,778.09,377.77
807.61,341.14,806.80,340.50
763.83,380.65,764.83,381.65
818.05,378.86,815.10,379.10
813.62,408.10,804.04,410.98
801.27,395.06,801.92,393.46
801.87,347.84,801.66,348.69
804.91,304.77,805.19,304.52
813.63,308.28,811.16,305.10
791.90,347.01,791.98,347.93
825.85,330.54,825.53,330.70
826.87,367.37,828.44,360.92
816.20,345.32,827.63,344.90
815.64,306.56,815.29,306.34
826.39,330.88,826.16,330.91
826.39,330.88,825.85,330.54
796.62,371.27,796.39,370.33
773.98,377.42,774.99,377.47
793.93,382.14,793.67,382.43
801.36,394.79,801.83,394.65
764.82,382.34,766.07,382.41
801.17,308.29,806.24,307.91
826.82,331.02,826.62,330.91
805.90,302.64,805.68,302.72
810.94,358.74,810.80,358.80
818.28,323.48,818.54,323.61
821.49,395.16,821.98,394.12
804.54,305.26,804.96,304.89
826.99,331.18,826.82,331.02
791.37,380.44,794.31,380.43
794.03,336.00,794.30,334.74
819.07,307.57,813.63,308.28
764.25,377.47,763.99,377.26
822.36,391.30,822.17,390.59
819.07,307.57,813.82,308.63
827.13,331.61,827.29,331.27
813.38,361.89,812.19,361.54
766.38,383.60,767.69,384.35
814.26,302.09,805.90,302.64
787.52,371.12,787.66,371.04
827.02,360.92,829.04,360.92
810.07,306.88,805.42,307.51
809.78,302.25,809.67,302.29
766.63,382.54,766.38,382.71
809.63,302.09,809.42,302.17
826.10,355.55,827.49,354.37
814.76,306.88,810.05,307.51
814.33,302.25,809.78,302.25
814.26,302.09,809.63,302.09
798.03,342.76,798.74,341.90
804.31,418.17,804.42,418.94
803.89,369.07,805.46,367.67
807.13,389.69,806.36,390.37
801.25,308.41,804.54,305.26
801.67,363.93,801.67,362.08
795.96,366.49,797.05,367.43
801.27,395.06,802.56,395.19
814.26,302.09,814.33,302.25
805.49,416.80,805.80,416.35
813.79,333.87,814.44,332.46
805.66,391.32,804.61,392.12
823.25,395.86,823.32,395.84
799.28,373.80,799.96,372.27
798.39,340.19,798.71,338.73
788.88,363.62,789.30,365.51
811.58,341.38,810.36,341.35
799.37,391.71,800.37,391.32
825.30,328.65,825.85,327.95
805.67,303.00,805.68,302.72
805.56,302.94,805.68,302.72
825.74,341.68,825.65,342.17
817.08,421.60,810.18,424.27
813.59,321.16,813.89,320.32
828.82,329.18,828.97,329.92
807.11,386.64,811.06,386.91
789.52,378.22,789.83,377.86
773.28,377.92,772.11,377.86
791.51,381.00,792.45,380.33
805.72,302.88,805.68,302.72
767.31,377.77,767.56,377.72
805.83,302.83,805.72,302.88
818.58,400.13,819.47,402.17
809.64,307.43,805.86,307.43
802.83,394.23,802.15,392.69
810.49,302.64,805.90,302.64
801.00,409.81,802.84,409.98
792.63,381.60,792.84,382.08
820.83,359.15,821.34,359.95
807.17,406.21,809.55,405.53
774.75,383.68,776.00,382.71
810.49,302.64,805.83,302.83
797.99,393.99,798.63,392.53
810.34,302.83,805.83,302.83
807.37,318.84,802.33,319.47
766.11,377.56,766.42,377.51
807.85,353.76,808.68,355.75
782.43,360.00,785.32,360.00
805.22,327.81,805.48,327.28
805.55,306.93,809.48,306.93
814.50,302.41,814.44,302.30
791.10,378.88,791.27,379.63
828.86,335.79,828.86,335.94
830.53,367.20,823.33,367.08
785.88,350.28,786.03,350.35
817.19,360.77,817.63,358.92
779.57,376.02,779.81,375.70
767.82,383.48,769.10,384.21
797.46,397.91,797.59,395.84
809.51,303.57,809.51,303.74
767.82,383.48,768.95,384.44
809.51,303.57,809.35,302.38
803.54,373.12,805.53,370.93
767.82,383.48,767.63,383.68
814.62,306.23,814.76,306.88
768.27,382.20,766.90,382.11
814.31,306.80,814.62,306.23
767.43,378.14,767.67,378.09
824.77,330.77,824.86,329.65
801.35,409.97,799.49,408.58
805.19,304.52,805.29,304.35
805.25,304.64,805.29,304.35
813.79,340.90,813.83,341.01
805.25,304.64,805.38,304.42
810.30,304.21,810.31,304.42
800.72,394.58,799.18,394.21
810.30,304.21,810.61,304.35
810.61,304.17,810.61,304.35
808.13,323.80,808.71,323.80
810.61,304.17,810.76,302.94
765.82,377.34,766.11,377.56
810.61,304.17,810.46,302.99
767.13,377.61,767.31,377.77
809.00,369.81,809.03,369.76
824.51,343.06,824.40,342.65
773.77,384.27,774.91,384.64
826.09,353.10,825.78,353.34
814.79,303.77,814.71,303.57
828.45,355.79,825.21,359.56
807.39,308.94,809.74,307.09
802.97,351.94,803.21,352.31
814.88,303.74,814.82,303.57
800.27,341.53,800.30,341.40
828.37,330.53,828.28,331.64
814.98,303.90,814.88,303.74
800.93,319.51,800.94,320.33
831.99,366.85,830.53,367.20
827.20,331.95,827.06,331.37
789.76,356.24,789.92,356.26
798.26,348.21,811.88,348.68
800.33,341.54,800.30,341.40
828.18,330.53,828.28,331.64
814.92,303.99,814.88,303.74
809.52,353.11,810.48,354.67
813.99,327.87,813.51,327.67
813.00,321.15,813.59,321.16
800.71,327.40,813.70,324.66
807.36,309.86,807.44,309.52
768.49,382.53,767.11,382.45
804.96,304.89,805.19,304.52
799.88,396.17,800.18,398.22
824.88,340.29,825.78,341.04
825.85,327.95,826.30,327.42
795.30,362.49,795.89,362.38
779.22,358.25,777.70,360.00
799.03,402.27,799.49,408.58
804.33,332.69,804.63,332.77
817.50,335.39,817.47,336.30
818.12,341.01,817.71,339.31
814.43,389.69,813.64,390.37
812.47,309.88,815.14,307.09
802.83,394.23,802.15,392.69
825.07,331.87,824.98,330.77
827.03,423.16,828.21,422.37
797.58,371.58,798.21,371.99
816.20,343.99,816.23,344.04
771.68,377.84,772.11,377.86
824.72,339.63,825.74,340.41
772.12,382.78,770.82,382.70
792.68,378.36,793.93,378.68
799.45,391.61,800.37,391.32
803.21,418.81,803.33,418.06
818.57,309.23,817.88,309.86
797.48,371.53,796.28,380.51
817.91,371.38,818.34,368.39
796.28,370.42,794.79,370.42
840.41,330.05,813.97,332.27
810.78,391.15,808.86,391.30
815.63,304.47,815.27,304.15
814.77,333.01,815.01,333.26
807.65,320.46,809.02,323.82
801.31,402.09,800.46,402.80
815.21,304.23,814.92,303.99
797.92,362.51,797.77,362.85
793.63,378.11,793.58,378.43
805.28,426.43,805.59,426.94
799.31,325.02,799.16,325.35
810.39,307.26,810.05,307.51
818.34,308.93,815.64,306.56
768.07,383.26,769.30,383.97
815.21,304.23,814.98,303.90
767.44,376.00,767.21,375.66
814.55,332.35,814.61,332.70
822.69,329.93,822.69,333.99
818.61,338.40,818.55,338.90
805.99,389.90,806.36,390.37
764.06,381.94,765.58,382.35
825.54,328.80,826.02,328.05
826.09,372.63,825.77,372.50
801.25,308.41,804.54,305.26
818.61,338.40,818.77,338.46
764.06,381.94,765.37,382.02
802.34,310.51,801.66,309.96
819.68,378.37,816.68,379.17
790.92,378.37,791.10,378.88
792.35,357.98,793.23,357.86
792.79,357.62,792.98,357.85
799.98,397.97,798.35,397.96
826.05,372.50,826.09,372.63
801.17,308.29,804.55,305.10
813.79,389.90,813.64,390.37
815.07,331.79,814.77,331.70
798.47,399.42,799.98,397.97
800.92,308.64,800.83,309.04
803.61,398.91,803.56,400.75
815.07,331.79,814.91,331.94
800.92,308.64,800.93,309.18
793.14,379.16,792.65,379.24
822.16,337.26,822.81,341.48
803.40,369.14,803.89,369.07
730.85,356.91,733.17,357.67
770.56,384.31,769.45,383.35
801.01,308.77,801.25,308.41
802.41,310.18,801.90,309.66
831.59,333.47,831.93,333.41
826.76,332.76,826.39,332.81
828.82,331.98,828.83,331.84
824.22,403.03,826.10,403.20
816.59,376.66,817.00,376.82
800.32,395.50,800.72,394.58
828.21,372.50,829.23,370.64
806.43,307.57,806.24,307.91
808.37,434.01,808.76,434.06
820.80,337.26,823.00,340.58
807.82,323.81,806.45,320.45
730.14,363.38,731.88,366.19
803.86,329.46,803.88,329.32
797.93,394.05,798.56,392.62
802.33,321.12,802.33,320.30
818.98,320.41,820.43,323.80
806.43,307.57,808.95,304.47
818.98,320.41,819.59,323.82
806.82,442.10,806.51,441.58
771.81,384.70,771.88,384.95
817.27,388.82,816.97,389.35
816.17,332.59,816.78,332.35
798.32,348.05,798.26,348.21
776.33,384.17,776.46,384.41
818.04,324.13,817.89,323.82
805.25,304.64,805.55,306.93
828.86,330.39,828.86,333.31
801.62,394.33,801.03,393.63
824.07,367.30,824.15,362.80
822.37,391.16,823.04,392.21
796.36,348.46,798.21,348.01
785.18,350.03,783.69,350.95
816.17,332.59,816.20,332.37
802.02,392.78,801.55,394.25
813.36,308.40,813.82,308.63
818.10,378.79,817.93,379.51
770.56,384.31,769.28,383.58
813.63,308.28,813.82,308.63
807.72,331.65,807.28,332.66
819.80,320.17,819.68,319.76
816.57,333.01,816.73,332.70
830.59,354.22,829.13,355.52
800.94,324.46,800.83,324.45
791.14,379.24,791.31,379.05
818.10,378.79,817.88,379.55
801.43,347.90,802.29,349.78
770.56,384.31,769.29,383.80
813.63,308.28,811.16,305.10
825.78,341.04,825.78,341.64
807.31,329.47,807.33,330.54
816.26,381.81,815.98,382.45
773.94,382.89,774.08,382.78
815.37,380.06,796.10,380.06
827.28,327.47,827.72,327.91
815.91,332.94,816.32,333.26
819.00,307.66,815.64,304.60
792.41,379.22,792.34,380.06
826.93,327.35,827.41,327.47
819.00,307.66,815.63,304.47
816.59,382.54,817.00,382.42
819.00,390.09,818.63,390.57
816.01,333.41,815.71,333.05
802.32,332.27,802.50,332.28
797.53,395.88,798.58,395.16
819.24,308.01,819.00,307.66
802.37,345.32,813.41,344.90
810.12,363.41,813.08,363.41
828.97,355.80,828.27,359.57
804.15,348.95,805.78,350.34
819.39,333.18,820.07,333.18
807.23,382.28,805.09,382.16
815.75,396.84,815.85,396.72
802.29,370.22,802.29,369.20
813.59,321.16,813.89,321.15
815.89,371.30,797.23,371.30
826.09,372.63,828.38,372.63
819.33,307.91,819.42,308.32
769.57,383.57,768.39,383.94
800.80,400.58,800.44,398.19
825.38,339.39,825.65,339.93
815.45,379.22,797.23,371.30
815.89,371.30,797.81,367.02
799.98,397.97,800.06,396.67
826.09,372.63,828.21,372.50
819.24,308.01,819.33,308.43
825.54,328.80,825.88,328.05
799.37,337.41,799.28,335.51
819.33,307.91,819.24,308.01
771.81,384.70,772.76,384.78
819.71,320.45,819.59,320.42
814.30,332.37,814.36,332.73
769.02,377.71,769.34,377.66
804.41,328.42,804.73,328.27
823.10,346.50,822.92,346.89
771.27,383.45,769.97,384.20
824.51,339.14,824.92,339.19
825.24,330.76,825.32,329.74
815.47,388.76,815.25,389.29
815.91,331.79,816.01,331.29
801.18,391.79,801.55,394.25
806.70,307.66,806.52,308.01
819.63,379.66,817.94,379.67
800.47,394.71,801.26,393.16
826.15,334.09,826.47,334.26
815.64,379.91,815.87,380.49
825.07,343.82,825.70,335.57
789.76,363.76,790.65,365.49
781.50,353.69,781.21,353.42
815.91,331.79,815.71,331.68
806.70,307.66,806.24,307.91
821.58,392.46,820.87,391.15
813.40,339.25,813.27,337.41
827.00,334.05,826.47,334.26
792.53,380.49,792.33,380.61
822.79,340.86,821.23,340.94
804.48,393.96,804.31,392.31
825.45,331.77,825.38,330.76
827.19,334.02,826.67,334.23
794.19,350.15,792.73,351.39
824.03,339.92,824.40,339.57
772.64,382.93,772.38,383.10
792.34,380.06,792.53,380.49
818.30,368.22,817.62,366.73
825.54,332.67,825.32,331.77
827.19,334.02,827.00,334.05
825.51,368.10,824.99,365.78
827.47,333.50,827.00,334.05
827.67,333.48,827.19,334.02
797.81,367.02,794.03,367.02
823.89,340.50,824.20,340.00
772.43,382.67,772.92,382.49
825.88,333.38,825.54,332.67
801.18,391.79,802.02,392.78
827.67,333.48,827.47,333.50
779.91,377.71,780.13,377.49
803.51,344.05,802.24,344.94
805.75,329.84,805.80,330.57
827.50,404.50,825.72,400.61
828.02,330.65,828.33,328.61
804.15,422.82,804.95,422.54
821.10,393.99,820.49,392.46
825.04,411.92,825.06,411.50
825.86,416.36,825.80,416.80
800.76,397.97,800.38,395.72
803.42,350.91,802.46,350.84
827.85,332.68,827.67,333.48
827.80,422.97,826.72,423.70
800.60,337.31,800.60,341.44
805.07,389.10,804.05,389.81
826.02,333.38,825.88,333.38
789.49,347.84,787.66,348.96
829.32,370.82,829.23,370.64
828.10,331.65,827.85,332.68
826.02,333.38,826.32,333.82
800.34,397.99,800.41,396.94
829.32,370.82,828.21,372.50
828.10,331.65,828.04,332.66
822.58,362.79,822.26,355.12
791.28,346.41,793.45,346.42
794.90,346.80,793.01,347.70
770.62,377.87,769.22,377.80
810.39,307.26,810.10,307.06
828.28,331.64,828.10,331.65
770.74,378.25,770.62,377.87
769.21,378.17,770.74,378.25
824.03,342.33,824.07,341.71
799.37,391.71,800.27,391.43
828.37,330.53,828.18,330.53
794.03,367.02,793.65,371.33
827.41,333.76,827.91,333.02
782.62,363.13,782.44,363.13
828.10,329.41,828.18,330.53
794.03,367.02,794.20,367.19
831.40,331.65,831.93,331.29
810.31,304.42,805.38,304.42
806.05,389.14,806.23,389.72
827.85,333.26,828.25,332.88
827.85,328.42,828.10,329.41
827.85,328.42,828.28,329.42
831.18,331.68,831.59,331.24
770.37,377.93,770.19,377.77
828.04,328.44,828.28,329.42
798.01,386.45,796.59,385.63
797.81,367.02,794.20,367.19
828.82,331.98,828.57,332.53
823.47,355.53,823.41,355.87
828.04,328.44,827.85,328.42
801.25,308.41,801.90,309.66
823.72,444.58,828.09,442.19
781.99,370.27,783.47,369.15
817.89,323.82,817.69,323.72
820.80,337.26,822.40,341.90
807.44,388.64,806.71,388.69
828.20,332.50,828.57,332.53
802.03,395.34,801.55,394.25
827.47,327.65,827.85,328.42
797.81,367.02,794.20,367.19
828.42,331.57,828.82,331.98
797.93,394.05,798.56,392.62
791.85,382.08,791.24,381.52
827.00,327.18,827.47,327.65
797.93,394.05,799.04,394.12
827.00,327.18,827.67,327.67
801.40,404.59,802.10,403.60
827.41,333.76,827.28,333.76
830.82,331.94,830.93,331.45
817.60,371.30,816.49,379.21
769.29,383.80,770.61,384.55
791.94,378.38,791.50,379.00
798.58,395.16,799.04,394.12
804.23,352.04,804.41,352.40
828.38,353.10,826.09,353.10
827.19,327.20,827.67,327.67
811.18,362.84,811.51,361.44
830.30,332.36,830.35,332.02
793.93,378.69,794.13,379.17
773.66,384.09,774.99,384.85
797.71,367.19,797.81,367.02
799.41,403.87,800.21,404.93
828.42,329.52,828.50,330.54
818.81,324.56,818.74,324.00
770.47,383.77,771.69,383.07
801.86,371.58,801.88,372.12
816.12,396.41,815.94,394.71
791.31,379.05,791.68,378.47
800.94,321.16,800.94,320.33
797.15,371.33,797.71,367.19
799.15,397.91,799.67,395.72
828.82,329.18,828.98,329.84
830.47,332.35,830.68,332.37
818.19,420.72,826.30,420.72
807.57,341.09,807.07,339.57
797.23,371.30,797.15,371.33
798.97,397.90,799.48,395.70
828.20,328.61,828.42,329.52
804.97,333.38,804.65,332.67
772.64,382.93,773.14,382.83
794.10,362.74,794.10,362.82
809.80,357.85,812.39,355.71
790.19,379.10,794.02,379.30
819.55,343.18,818.75,342.34
783.76,383.03,783.93,382.78
828.57,328.68,828.82,329.18
824.92,341.09,825.45,339.52
791.14,379.24,791.44,378.74
818.45,378.16,817.77,378.68
820.27,396.94,820.49,396.00
824.92,341.09,825.20,339.26
774.43,382.59,772.92,382.49
798.88,400.13,799.15,397.91
828.25,328.36,828.57,328.68
830.68,333.01,830.82,332.79
827.41,327.47,828.57,328.68
815.58,410.98,817.62,410.62
791.01,379.54,791.14,379.24
824.86,329.65,825.10,328.63
824.86,329.65,825.30,328.65
830.98,332.94,830.68,333.01
814.88,303.74,810.61,304.35
770.42,384.33,772.72,384.50
774.25,383.03,774.64,382.93
797.63,321.87,798.13,323.65
794.13,371.53,794.66,367.54
827.91,328.27,828.25,328.36
809.77,424.79,826.99,424.79
822.76,338.70,823.10,338.32
807.17,369.92,805.53,370.93
814.00,396.81,816.12,396.41
814.82,303.57,814.88,303.74
797.48,371.53,794.13,371.53
826.93,327.35,827.41,327.47
820.83,359.15,821.43,359.57
824.77,330.77,825.07,329.66
801.71,386.28,800.72,386.37
796.02,380.07,796.02,380.49
808.47,403.71,809.55,405.53
816.16,372.19,817.19,364.87
826.45,327.55,827.91,328.27
791.98,379.59,792.45,378.79
823.43,400.63,823.66,400.38
826.09,353.10,828.38,353.10
776.81,384.98,775.47,384.21
796.02,380.07,796.10,380.62
804.50,383.43,804.28,383.20
826.09,353.10,832.37,353.04
792.65,379.24,791.98,379.59
800.83,367.32,801.10,367.15
771.89,384.64,772.04,384.41
792.77,379.81,792.07,379.99
800.83,367.32,802.00,367.60
825.30,332.84,825.10,332.86
770.56,383.88,771.89,384.64
792.10,380.42,792.77,379.81
825.47,333.63,825.10,332.86
804.50,383.43,807.46,383.61
806.47,308.43,807.10,309.55
792.77,381.05,792.81,380.43
793.41,359.15,793.41,360.51
801.23,405.58,802.12,405.09
823.80,338.68,824.81,339.03
769.55,382.73,770.03,382.63
800.94,393.53,801.18,391.79
805.56,302.94,805.68,302.72
792.77,381.05,792.07,380.85
825.68,333.61,825.94,334.11
825.45,329.74,825.67,328.80
826.15,334.09,825.94,334.11
775.36,384.38,774.12,383.66
826.78,330.73,826.84,329.99
825.68,333.61,826.15,334.09
807.71,353.48,808.94,353.53
800.37,361.88,800.37,364.15
828.02,330.65,827.01,330.72
793.70,371.74,793.71,371.89
826.32,333.82,826.80,334.08
773.44,384.44,773.47,383.60
805.97,334.23,806.17,334.26
773.85,383.88,775.15,384.63
806.05,389.14,805.89,388.85
826.84,331.46,826.78,330.73
798.56,392.62,799.63,393.47
826.80,333.95,826.80,334.08
800.62,394.98,801.83,394.65
804.65,328.80,804.60,328.73
800.92,308.64,806.24,307.91
816.26,381.81,815.98,382.36
814.17,395.84,814.43,396.48
770.49,378.30,770.74,378.25
792.45,382.03,791.85,381.53
827.28,333.76,826.80,333.95
774.64,382.93,773.14,382.83
817.18,383.76,817.45,383.99
827.00,332.11,826.84,331.46
827.28,333.76,827.30,333.88
826.90,427.45,828.83,441.46
799.14,370.93,799.27,370.99
829.78,342.60,829.78,335.33
790.52,362.35,790.43,362.45
770.56,383.88,769.30,382.90
813.62,403.03,811.19,403.20
825.67,332.67,826.84,331.46
814.26,393.46,815.80,393.16
801.17,308.29,800.92,308.64
791.68,381.72,792.45,382.03
800.36,402.90,801.02,402.71
827.75,333.36,827.30,333.88
825.67,332.67,825.45,331.77
800.36,402.90,801.28,404.49
827.75,333.36,827.28,333.76
770.21,377.76,770.37,377.93
806.74,320.42,806.54,319.70
804.54,305.26,804.96,304.89
798.73,395.23,799.04,394.12
812.07,393.99,809.80,394.16
827.25,332.61,827.00,332.11
776.77,384.74,775.63,383.76
826.02,333.38,825.67,332.67
770.49,378.30,770.35,378.28
791.94,382.39,791.50,381.77
828.06,332.50,827.72,333.26
818.75,332.37,814.57,332.26
769.82,382.30,769.21,378.17
826.45,333.82,827.56,332.93
791.31,381.70,791.94,382.39
823.82,340.39,823.31,340.26
821.68,343.33,821.71,343.18
800.39,393.37,802.41,394.06
827.42,332.40,828.02,330.65
810.92,365.51,809.93,367.13
817.57,381.54,817.68,381.39
826.45,333.82,827.25,332.61
776.46,384.41,775.21,384.80
823.31,416.90,823.43,417.67
825.42,332.32,825.69,332.58
804.63,330.65,804.92,328.61
801.55,319.50,801.54,320.32
813.79,340.90,813.40,339.25
829.76,335.51,831.02,333.48
791.68,382.27,791.31,381.70
799.31,340.58,799.81,340.79
822.27,358.20,822.07,358.30
791.95,373.09,797.02,373.70
815.81,348.07,815.70,348.24
776.46,384.41,775.20,384.53
826.65,435.77,825.94,436.55
804.63,330.65,804.63,328.53
791.68,378.47,791.50,379.00
791.31,379.05,791.50,379.00
799.10,401.89,799.70,402.62
828.43,330.53,828.35,331.60
818.03,323.65,818.14,323.62
810.80,361.20,810.85,361.18
797.75,373.57,799.85,373.07
761.92,381.46,764.83,381.65
830.27,332.73,830.44,333.05
799.10,401.89,799.46,404.35
772.24,384.17,771.00,383.46
790.90,380.35,791.08,380.34
774.12,383.66,775.36,384.38
819.33,308.43,819.24,308.01
828.61,332.33,828.33,332.65
818.99,371.85,819.25,372.06
798.64,403.34,797.98,401.83
828.57,332.53,828.33,332.65
772.04,384.41,772.24,384.17
828.35,329.47,828.43,330.53
810.49,302.64,805.90,302.64
766.07,382.41,765.61,378.04
791.44,381.97,791.14,381.49
825.77,353.24,823.47,355.53
828.29,329.52,828.36,330.54
776.88,384.48,775.63,383.76
828.83,331.84,828.61,332.33
791.44,378.74,791.68,378.47
826.80,327.35,827.28,327.47
823.60,418.34,823.06,418.87
798.35,373.60,796.20,373.77
812.89,344.31,801.86,344.74
813.30,394.56,813.23,394.30
811.19,403.20,813.62,403.03
828.82,331.98,828.61,332.33
821.38,419.57,821.05,420.12
817.18,383.76,816.83,382.67
828.82,331.98,828.57,332.53
771.56,382.73,770.03,382.63
790.93,380.78,791.12,380.96
767.74,384.67,767.48,384.01
798.87,324.56,798.80,324.00
828.97,331.24,828.83,331.84
791.01,379.54,790.93,379.93
812.05,441.73,820.54,441.73
788.45,361.83,788.88,363.62
827.88,359.57,828.30,360.93
828.62,333.88,827.36,342.72
809.42,302.17,809.67,302.29
791.01,381.17,790.93,380.78
797.40,397.91,797.53,395.88
799.37,397.34,799.72,397.00
805.22,333.63,804.68,332.84
807.46,383.61,816.80,384.17
828.98,331.31,828.82,331.98
791.24,379.17,791.12,379.72
797.40,397.91,798.30,396.48
816.59,382.54,807.23,382.28
768.31,384.71,767.74,384.67
807.23,383.38,807.46,383.61
829.02,330.58,828.97,331.24
786.03,350.35,784.64,351.98
813.62,403.03,812.33,394.91
809.63,302.09,809.78,302.25
796.45,364.74,797.27,365.70
816.56,383.94,807.46,383.61
829.04,330.57,828.97,331.24
798.32,399.44,798.63,400.80
814.33,302.25,809.63,302.09
768.41,384.48,768.31,384.71
814.69,346.27,814.77,346.92
804.29,380.67,806.25,380.58
828.98,329.84,829.04,330.57
797.69,348.49,798.00,351.23
826.80,327.22,827.28,327.47
832.77,376.68,830.10,376.66
828.78,360.91,827.79,365.32
825.38,342.73,825.45,342.60
831.31,389.48,832.04,390.21
828.20,440.91,828.17,442.05
772.11,377.86,771.87,377.64
792.45,380.33,792.50,381.00
832.77,376.68,829.12,376.54
828.78,360.91,827.82,365.41
820.89,358.70,820.98,358.30
804.67,381.99,804.94,381.75
817.11,341.12,815.60,341.21
805.74,404.50,809.55,405.53
828.82,329.18,828.98,329.84
823.76,418.08,823.43,417.67
826.30,327.42,826.80,327.35
817.71,335.51,818.12,333.77
830.27,343.22,830.27,343.22
831.76,347.58,831.74,347.73
769.78,384.30,768.46,384.21
828.61,328.89,828.83,329.34
800.94,393.53,800.39,393.37
825.21,359.56,825.79,360.91
829.78,342.60,830.27,343.22
804.28,383.20,805.09,382.16
828.57,328.68,828.82,329.18
822.16,341.72,822.16,337.26
791.64,381.60,792.63,381.60
799.75,393.57,800.28,393.27
795.18,333.98,796.01,332.37
764.06,381.94,764.27,382.26
769.83,384.58,769.78,384.30
828.33,328.61,828.61,328.89
810.69,302.72,810.44,302.87
828.25,328.36,828.61,328.89
809.81,389.46,827.58,389.46
828.25,328.36,828.57,328.68
769.93,384.83,769.83,384.58
828.02,328.53,828.33,328.61
803.39,366.17,808.68,364.25
827.91,328.27,828.25,328.36
823.36,372.10,824.07,370.03
792.84,382.08,793.09,382.40
802.10,395.40,801.62,394.33
802.28,367.99,806.72,368.08
827.56,328.42,827.91,328.27
773.77,384.27,772.54,383.56
791.85,382.08,792.84,382.08
802.03,395.34,801.55,394.25
825.24,330.76,825.32,329.74
800.75,369.55,800.89,369.61
771.29,384.68,771.19,384.91
827.42,328.98,827.70,328.65
825.24,330.76,825.18,330.76
809.67,302.29,809.42,302.17
800.44,398.66,802.06,398.81
827.25,328.78,827.70,328.65
817.45,383.99,819.83,383.99
827.25,328.78,827.56,328.42
825.26,331.82,825.24,330.76
802.00,400.73,802.05,401.76
827.00,329.32,827.42,328.98
810.44,302.87,810.69,302.72
819.37,378.02,817.68,377.92
825.09,343.63,826.86,342.34
806.91,332.50,806.58,333.26
830.04,376.71,829.07,376.59
806.74,320.42,806.25,319.70
828.40,443.89,831.00,439.33
811.73,441.39,814.98,440.03
815.49,332.37,815.49,331.65
791.51,379.68,792.63,379.09
824.44,421.99,824.31,422.74
734.24,364.43,735.91,366.10
806.91,332.50,807.05,332.50
831.01,438.68,831.44,439.21
811.73,441.39,815.24,440.40
803.27,390.67,803.17,390.42
827.00,329.32,827.25,328.78
820.23,359.57,820.32,359.95
770.82,382.70,770.99,382.58
801.86,336.99,801.86,344.74
820.54,441.73,820.09,439.10
797.08,352.59,795.99,353.53
772.72,384.50,771.33,384.41
807.79,389.42,806.23,389.72
828.16,344.31,816.71,344.74
827.06,330.06,827.20,329.46
800.29,401.60,800.28,400.57
826.84,329.99,827.20,329.46
793.09,382.40,793.38,382.53
772.76,384.78,772.72,384.50
817.57,381.54,818.18,382.24
808.32,388.82,806.71,388.69
826.30,333.95,825.85,333.49
818.23,368.25,818.72,368.26
826.32,333.82,826.30,333.95
807.20,430.08,807.42,430.11
806.72,368.08,805.32,369.72
800.41,332.23,800.35,332.26
772.86,385.03,772.76,384.78
817.78,380.66,817.88,380.57
806.97,393.08,806.70,391.72
827.06,331.37,827.01,330.72
791.14,381.49,791.31,381.70
802.07,401.03,802.43,399.67
799.64,335.53,800.60,337.31
809.78,302.25,809.42,302.17
798.20,397.96,798.30,396.48
827.72,327.91,828.06,328.61
796.20,373.77,801.36,373.70
803.68,330.72,803.73,330.06
804.28,381.52,804.67,381.99
831.40,332.37,831.62,331.68
741.25,354.87,746.49,354.79
826.67,334.23,827.19,334.02
814.91,381.59,811.85,385.73
792.84,378.64,793.10,378.35
780.84,369.08,780.07,369.20
793.41,359.15,793.76,360.25
814.76,306.88,815.29,306.34
774.15,385.12,772.86,385.03
819.37,381.27,817.68,381.39
810.78,391.15,810.01,390.09
815.16,331.30,814.85,331.46
809.48,306.93,810.10,307.06
819.71,320.45,819.39,319.70
771.98,378.01,772.32,377.96
828.11,332.58,827.75,333.36
791.01,381.17,791.14,381.49
801.02,402.71,801.68,401.98
825.37,353.46,823.36,353.49
827.67,333.48,827.75,333.36
772.11,377.86,771.98,378.01
793.09,378.33,792.84,378.63
828.04,332.66,827.67,333.48
805.53,433.25,805.91,433.30
750.96,363.38,750.42,363.26
806.91,332.50,805.36,332.53
805.29,304.35,805.38,304.42
791.85,378.63,793.09,378.33
828.35,331.60,828.11,332.58
810.02,306.35,810.07,306.88
816.21,382.99,816.21,382.85
817.83,324.08,817.51,321.87
774.28,384.61,774.25,384.89
807.23,382.28,807.23,383.38
791.24,381.52,791.12,380.96
797.99,393.99,798.63,392.53
827.70,332.69,827.91,333.02
800.36,402.90,801.10,402.61
811.06,386.91,809.56,389.37
826.05,372.50,825.78,360.91
828.04,332.66,828.11,332.58
824.67,336.04,824.63,336.19
828.28,331.64,828.04,332.66
800.83,324.45,807.82,323.81
821.33,401.32,822.59,401.32
823.66,400.38,823.91,400.00
827.56,332.93,826.93,333.95
817.00,382.42,816.83,382.67
809.35,392.62,806.97,393.08
801.01,400.63,800.97,400.54
827.56,332.93,827.70,332.69
777.38,385.10,776.41,385.02
773.28,377.92,773.53,377.87
793.67,382.44,793.93,382.15
828.43,330.53,828.35,331.60
810.49,306.80,810.65,306.23
777.43,384.83,776.41,385.02
773.46,378.08,773.53,377.87
821.89,422.76,820.98,423.18
828.37,330.53,828.35,331.60
799.70,402.62,800.46,402.80
828.28,331.64,828.35,331.60
792.68,382.44,793.67,382.44
828.37,330.53,828.28,331.64
799.23,401.81,799.82,402.52
828.35,329.47,828.43,330.53
828.37,330.53,828.43,330.53
793.38,378.24,793.09,378.33
799.10,401.89,799.70,402.62
828.28,329.42,828.37,330.53
829.13,355.52,828.97,355.80
819.71,320.45,821.12,323.81
797.04,350.21,795.66,351.45
807.73,366.22,806.70,366.85
773.58,378.46,773.47,378.43
828.04,328.44,828.28,329.42
823.95,394.16,824.22,393.08
814.60,302.38,814.50,302.41
827.75,327.80,828.11,328.53
802.54,410.98,803.88,411.10
777.28,385.34,775.97,385.25
803.69,382.96,804.67,381.99
790.79,368.26,790.12,368.26
828.04,328.44,828.11,328.53
814.71,303.57,814.60,302.38
800.01,353.30,802.98,353.31
820.17,380.44,819.98,380.77
826.26,355.67,826.40,356.17
802.69,321.38,801.63,343.18
827.67,327.67,828.04,328.44
814.09,400.57,811.93,398.81
792.21,358.30,792.35,357.98
824.24,342.78,824.40,342.65
817.82,446.33,820.56,445.86
793.47,370.97,793.48,371.13
803.51,344.39,803.67,344.43
772.01,384.11,772.16,384.35
815.31,348.21,815.34,348.05
744.78,353.89,742.83,355.12
804.94,333.49,804.60,332.75
774.91,384.92,774.91,384.64
827.30,327.34,827.75,327.80
826.17,372.18,824.34,370.61
815.94,379.68,814.96,379.68
795.01,361.26,795.61,361.20
822.57,395.98,823.05,398.22
744.26,355.85,744.78,353.89
804.97,333.38,804.65,332.67
815.58,350.21,816.10,350.20
773.77,384.27,774.91,384.92
809.73,303.99,809.49,304.23
793.67,378.36,793.38,378.24
827.19,327.20,827.67,327.67
772.35,383.78,772.54,383.56
800.06,396.67,800.32,395.50
826.67,327.07,827.19,327.20
781.03,384.48,778.36,384.75
804.52,336.19,805.73,337.92
801.86,398.08,803.67,399.51
800.90,369.75,801.50,369.79
817.60,371.30,815.89,371.30
816.07,362.81,818.49,353.50
813.00,319.50,812.72,320.30
802.50,332.28,802.32,332.27
800.46,337.35,799.37,337.41
824.94,341.04,825.74,341.68
794.13,381.69,794.27,381.10
826.30,327.42,826.80,327.22
803.95,336.84,805.73,337.92
799.44,347.97,797.69,348.49
808.18,351.17,811.33,351.10
833.29,362.87,825.33,356.56
813.89,309.04,813.89,319.50
778.95,384.93,777.43,384.83
826.67,327.07,826.80,327.22
807.10,309.55,807.36,309.86
788.12,361.90,788.57,363.75
825.68,327.83,826.30,327.42
793.93,378.68,793.67,378.36
825.68,327.83,826.15,327.28
792.01,360.09,792.21,360.00
830.20,334.98,830.32,335.43
779.11,385.47,779.01,385.22
807.25,388.90,805.89,388.85
825.60,339.84,825.74,340.41
792.07,380.85,792.10,380.42
799.75,393.57,799.63,393.47
805.67,303.00,805.72,302.88
811.58,341.38,810.12,341.46
799.37,391.71,800.27,391.43
802.50,344.34,802.27,344.33
776.75,384.64,775.87,385.00
823.39,395.66,821.80,398.08
798.20,371.58,800.03,371.73
800.60,398.08,800.23,395.64
824.47,339.11,825.60,339.84
812.84,341.34,812.33,342.59
789.03,365.57,790.04,367.21
771.98,378.38,771.65,378.34
794.27,381.10,794.31,380.44
802.02,392.78,801.18,391.79
825.26,329.70,825.49,328.73
817.81,309.52,818.57,309.23
793.59,357.85,792.91,357.77
789.58,365.32,790.04,367.21
791.64,379.09,791.51,379.68
802.15,392.69,801.18,391.79
825.07,329.66,825.49,328.73
811.06,386.91,809.62,383.56
825.38,339.39,825.60,339.84
802.50,332.28,802.50,344.34
772.43,382.67,771.98,378.38
771.88,384.95,772.86,385.03
793.28,381.10,794.27,381.10
802.15,392.69,801.30,391.69
825.07,329.66,825.30,328.65
824.15,338.78,825.38,339.39
789.23,379.21,789.15,380.06
814.98,303.90,814.92,303.99
770.42,384.33,771.33,384.41
797.63,321.87,798.37,323.48
815.64,306.56,815.14,307.09
792.71,357.70,793.41,357.79
789.52,369.76,791.17,371.16
798.56,392.62,799.45,391.61
797.46,397.91,797.62,399.99
824.98,330.77,825.26,329.70
815.27,304.15,814.98,303.90
794.13,379.16,793.93,378.68
798.56,392.62,799.37,391.71
824.98,330.77,825.07,329.66
813.93,344.33,813.49,344.34
824.99,361.85,824.99,364.52
800.23,395.64,800.40,395.59
800.60,397.94,800.29,395.89
818.04,368.25,818.23,368.25
823.80,338.68,825.11,339.11
773.53,377.87,772.44,377.81
792.94,378.68,794.13,379.16
802.68,394.29,802.02,392.78
825.26,331.82,825.18,330.76
816.71,340.51,832.89,340.51
821.43,395.23,821.98,394.12
817.56,309.23,818.34,308.93
793.08,357.98,792.98,357.85
814.62,341.26,814.11,342.52
789.95,372.27,791.95,373.09
802.83,394.23,802.02,392.78
797.53,395.88,797.59,395.84
825.07,331.87,825.18,330.76
798.69,369.20,798.47,369.48
829.24,386.91,829.16,386.94
800.25,395.55,800.40,395.59
824.81,339.03,825.11,339.11
802.93,419.28,802.87,418.83
824.89,329.02,824.36,334.70
820.95,358.65,821.06,358.21
813.97,332.27,813.93,344.33
779.38,383.78,780.58,382.83
771.89,384.64,770.56,383.88
783.47,350.85,786.62,349.25
813.49,332.28,813.97,332.27
801.83,393.83,802.41,394.06
798.64,403.34,799.46,404.35
814.71,303.57,814.50,302.41
797.23,396.48,797.10,396.34
820.97,389.08,803.49,389.08
789.09,346.66,791.20,346.49
823.46,338.82,824.81,339.03
806.05,445.37,807.10,445.87
826.39,330.41,826.76,330.47
816.41,380.34,817.13,380.35
804.55,307.27,805.04,307.73
791.85,378.63,791.64,379.09
825.30,332.84,825.26,331.82
801.52,356.08,799.70,352.49
828.06,329.77,826.76,330.47
825.30,332.84,825.07,331.87
802.50,332.28,802.65,331.94
800.62,394.98,800.25,395.55
823.14,339.18,824.51,339.14
801.90,309.66,802.65,309.88
805.52,436.45,806.06,436.94
793.55,373.47,795.68,373.64
803.58,390.84,802.64,391.20
813.49,332.28,802.50,332.28
794.27,379.77,794.13,379.16
825.68,333.61,825.30,332.84
814.98,440.03,811.85,423.62
796.28,370.42,796.16,371.65
824.03,339.92,824.24,339.45
825.94,340.62,824.36,340.69
803.44,398.26,803.12,396.18
825.68,333.61,825.85,333.49
822.89,339.72,823.14,339.18
826.15,334.09,825.68,333.61
792.11,378.33,791.85,378.63
826.30,333.95,826.15,334.09
797.75,373.57,799.85,373.07
776.63,369.88,776.18,371.05
801.00,409.81,799.84,409.33
822.73,340.40,822.89,339.72
826.80,334.08,826.67,334.23
813.21,339.21,813.59,340.84
802.54,410.98,801.66,410.62
823.84,341.13,823.89,340.50
824.67,393.98,826.25,396.15
826.39,331.61,826.16,330.91
775.12,384.55,773.72,384.70
738.23,355.85,744.88,355.04
826.32,333.82,826.80,333.95
827.43,341.00,827.95,342.28
800.67,401.14,801.11,401.32
826.45,333.82,826.80,333.95
829.23,441.39,827.32,427.41
831.40,331.65,831.62,331.68
806.32,333.88,806.47,334.02
826.45,333.82,826.93,333.95
750.70,363.06,751.44,361.61
828.06,328.61,828.42,329.52
818.72,368.26,818.23,368.25
809.19,360.00,809.03,362.13
792.94,380.45,794.03,372.30
774.91,384.92,774.98,385.16
797.71,367.19,798.01,367.54
827.28,333.76,826.80,333.95
814.60,302.38,814.48,302.17
806.52,308.01,806.17,308.32
807.65,320.46,807.44,319.71
773.69,384.76,772.36,384.00
798.01,367.54,797.71,367.19
827.85,333.26,827.41,333.76
824.89,329.02,824.89,334.85
795.87,337.26,794.03,338.74
824.24,342.78,824.03,342.33
769.21,378.17,768.90,377.85
773.65,384.52,773.69,384.76
797.48,371.53,798.01,367.54
828.06,332.50,827.72,333.26
822.07,394.98,822.54,394.84
824.94,356.74,822.08,356.76
828.06,332.50,827.85,333.26
792.95,380.51,796.28,380.51
827.85,327.91,828.20,328.61
815.64,304.60,815.27,304.15
773.72,384.70,772.76,384.78
800.34,398.21,800.49,400.28
800.72,397.96,800.76,397.97
823.14,343.06,822.89,342.54
789.40,378.86,789.25,379.55
768.27,382.20,767.67,378.09
797.15,371.33,797.48,371.53
785.42,372.14,789.37,372.77
828.06,334.85,827.10,332.58
801.05,400.19,800.72,397.96
823.46,343.39,824.51,343.06
772.38,383.10,771.09,383.02
828.29,331.57,828.06,332.50
798.47,369.48,798.06,369.08
799.49,408.58,805.74,404.50
823.46,343.39,824.24,342.78
831.99,370.81,826.17,372.18
828.29,331.57,828.20,332.50
792.95,380.51,796.28,380.51
828.42,331.57,828.20,332.50
816.16,372.19,818.30,368.22
828.42,331.57,828.29,331.57
801.52,363.92,800.87,363.49
795.87,337.26,794.30,339.97
802.97,368.07,802.46,369.20
807.17,351.97,807.34,351.91
829.78,335.33,830.20,334.98
806.75,333.36,806.30,333.76
814.43,396.48,814.99,396.58
772.43,382.67,772.12,382.78
828.36,330.54,828.29,331.57
796.02,380.49,792.53,380.49
798.72,403.43,799.55,404.45
828.50,330.54,828.42,331.57
804.31,331.77,804.44,331.77
819.68,319.76,813.94,320.33
794.20,367.19,794.66,367.54
828.42,329.52,828.50,330.54
833.00,340.89,814.76,340.89
784.86,371.08,784.57,371.30
825.60,342.27,825.45,342.60
807.31,331.60,807.05,332.50
791.20,381.81,791.89,382.45
773.70,378.03,772.32,377.96
793.65,371.33,794.20,367.19
828.06,328.61,828.29,329.52
795.30,362.49,795.61,361.20
784.86,371.08,796.16,371.65
817.94,379.67,817.85,379.67
825.60,342.27,825.38,342.73
804.94,376.31,806.88,376.49
786.62,349.25,790.11,348.69
800.46,337.35,799.50,335.56
781.82,360.00,782.40,362.13
794.13,371.53,793.65,371.33
823.36,353.49,824.15,355.17
804.54,305.26,804.55,307.27
828.20,328.61,828.42,329.52
796.38,371.42,784.86,371.08
813.89,321.15,813.89,320.32
825.78,341.64,825.65,342.17
822.08,368.93,824.94,369.00
813.36,308.40,810.94,305.26
743.94,349.59,744.19,349.44
796.43,355.27,796.81,355.16
805.37,333.95,804.94,333.49
827.85,327.91,828.20,328.61
805.34,381.91,805.09,382.16
825.78,341.04,825.74,341.68
828.33,330.41,828.35,333.40
793.92,347.47,795.68,346.36
828.86,330.39,828.33,330.41
800.49,400.28,800.18,398.22
825.74,340.41,825.82,341.05
825.75,398.28,827.23,403.71
765.69,371.11,766.90,374.01
815.63,304.47,815.64,304.60
795.24,384.58,774.19,383.22
822.10,360.44,829.79,364.29
798.63,369.07,779.97,368.63
809.35,392.62,806.70,391.72
800.97,400.54,801.12,400.36
825.65,339.93,825.78,340.46
822.12,401.14,822.59,401.32
822.08,362.85,822.08,368.93
826.93,327.35,826.80,327.35
804.11,379.87,806.07,379.82
801.01,400.63,801.24,400.38
825.60,339.84,825.74,340.41
803.97,380.82,804.29,380.67
800.03,395.79,800.25,395.55
825.38,339.39,825.60,339.84
769.97,384.20,769.57,383.57
804.03,391.26,803.58,390.84
826.02,328.05,825.88,328.05
796.02,380.49,796.10,380.62
801.51,392.18,802.84,391.16
825.67,328.80,826.02,328.05
807.44,319.71,807.15,319.69
802.24,396.24,803.30,397.11
824.81,339.03,825.20,339.26
773.66,384.09,772.36,384.00
796.10,380.62,796.02,380.49
800.29,393.73,801.51,392.18
825.38,330.76,825.45,329.74
813.43,339.31,813.27,337.41
826.67,334.23,826.47,334.26
824.24,339.45,824.65,339.29
774.99,384.85,773.66,384.09
804.25,393.98,804.08,392.35
800.99,400.80,801.41,401.32
826.05,372.50,828.21,360.91
827.47,333.50,827.19,334.02
792.53,380.07,792.34,380.06
806.24,307.91,806.17,308.32
805.48,334.09,804.94,333.49
822.84,369.34,820.38,369.25
827.72,327.91,828.20,328.61
828.21,422.37,827.03,423.16
822.55,337.82,825.70,335.57
770.59,384.02,770.54,384.24
824.65,342.91,824.81,343.15
827.85,333.26,828.57,332.53
813.89,320.32,819.49,319.70
822.82,405.28,822.31,404.45
824.70,412.64,824.37,413.19
830.10,376.66,830.04,376.71
820.80,337.26,818.61,340.79
828.20,332.50,827.85,333.26
814.26,302.09,809.63,302.09
825.78,360.91,823.52,370.13
779.98,385.13,779.01,385.22
827.67,327.67,827.47,327.65
824.51,343.06,824.65,342.91
778.04,385.13,778.12,385.38
823.07,372.62,823.51,372.62
828.98,331.31,828.82,331.98
828.42,331.57,828.98,331.31
796.18,379.22,796.10,379.25
828.50,330.54,828.42,331.57
794.73,340.93,794.30,339.97
766.37,383.38,765.19,382.45
797.53,395.88,797.93,394.05
826.67,327.07,826.47,327.04
790.92,378.37,791.16,378.95
774.99,384.85,775.15,384.63
799.19,403.76,800.01,404.85
828.98,329.84,829.04,330.57
818.62,357.67,818.31,357.45
824.97,405.15,825.83,405.53
771.08,376.56,772.00,377.99
782.70,355.78,782.44,356.87
806.67,334.05,806.17,334.26
813.36,343.73,814.12,344.03
773.19,382.11,773.42,382.24
807.13,333.50,806.67,334.05
815.61,380.88,815.20,381.56
783.93,382.78,784.43,378.46
813.94,320.33,819.51,319.92
737.17,370.41,737.33,370.56
804.84,333.38,804.52,332.67
825.78,360.91,823.52,360.91
806.47,318.85,807.08,318.84
821.28,394.79,822.07,394.98
750.33,360.00,749.84,356.91
804.84,333.38,805.25,333.82
807.72,331.65,807.49,332.68
797.34,362.76,794.30,362.95
804.29,385.63,805.65,384.58
815.64,304.60,815.21,304.23
827.85,327.91,828.57,328.68
807.08,318.84,807.37,318.84
807.80,330.53,807.72,331.65
771.81,384.43,772.72,384.50
824.98,330.77,824.77,330.77
807.28,332.66,806.75,333.36
785.13,370.93,784.86,371.08
776.77,384.74,776.81,384.98
825.95,372.41,826.17,372.18
792.94,381.97,792.95,381.91
781.65,350.45,781.68,350.39
795.68,346.36,797.81,346.53
770.59,384.02,771.86,383.29
826.45,327.55,827.56,328.42
825.10,332.86,825.07,331.87
809.62,383.56,809.97,383.57
826.02,328.05,826.45,327.55
768.88,384.50,769.93,384.83
822.96,371.87,822.69,371.27
816.18,372.40,815.93,372.17
818.14,381.91,818.27,381.97
781.21,353.42,780.62,355.12
797.81,346.53,799.89,347.02
800.56,397.92,800.25,395.86
807.13,327.65,807.49,328.42
792.41,379.22,792.34,380.06
826.02,328.05,827.25,328.78
772.85,381.94,772.64,382.26
806.67,327.18,807.13,327.65
823.12,353.27,822.96,353.72
816.15,362.82,817.04,362.82
806.17,327.04,806.67,327.18
825.45,329.74,826.84,329.99
821.66,395.42,822.38,395.79
808.33,446.03,804.35,413.09
800.01,340.84,800.23,341.33
817.07,332.33,816.56,332.71
818.69,318.84,819.32,318.85
817.95,359.08,817.63,358.92
788.11,348.86,791.04,348.77
773.68,377.92,773.81,377.56
805.67,327.26,806.17,327.04
825.38,330.76,826.78,330.73
810.76,302.94,814.48,302.17
827.30,333.88,826.80,333.95
825.45,331.77,825.38,330.76
805.22,327.81,805.67,327.26
780.10,385.38,801.50,386.88
793.74,357.17,793.40,358.57
825.45,331.77,826.84,331.46
812.89,309.95,812.69,309.66
769.55,382.73,769.39,382.48
811.41,346.96,810.31,346.95
826.02,333.38,827.00,332.11
819.82,397.97,821.80,398.08
822.08,362.85,819.25,362.83
825.67,332.67,827.00,332.11
815.78,320.39,817.37,321.73
817.33,324.20,817.48,323.86
819.45,356.76,820.38,356.44
794.31,380.43,792.41,381.22
800.44,398.19,800.08,395.81
804.64,329.65,804.87,328.63
827.25,332.61,827.56,332.93
771.81,383.86,770.47,383.77
804.45,329.66,804.68,328.65
823.53,356.36,823.42,356.10
783.52,353.81,782.70,355.78
804.56,330.77,804.64,329.65
825.32,402.68,824.60,404.29
813.94,320.33,813.81,320.48
779.22,368.42,776.98,369.89
789.48,361.89,789.92,363.74
807.49,332.68,807.13,333.50
828.20,328.61,828.82,329.18
778.42,377.61,778.86,374.58
816.59,382.54,818.29,382.35
823.23,397.97,822.85,395.59
807.20,330.54,807.12,331.57
828.02,332.77,828.25,332.88
827.79,442.72,828.17,442.05
816.06,389.67,816.54,389.34
801.01,400.63,800.76,400.70
827.56,332.93,827.91,333.02
798.01,386.45,799.39,386.88
813.00,319.50,812.72,319.47
804.87,332.86,804.64,331.87
806.74,320.42,808.13,323.80
807.21,370.68,784.28,382.89
807.35,320.41,806.74,320.42
828.98,331.31,828.97,331.24
801.51,324.46,800.94,324.46
761.33,369.80,761.73,369.81
807.39,308.94,809.73,306.55
800.94,321.16,801.54,321.15
800.73,324.48,813.46,324.48
818.21,381.05,818.25,380.43
807.19,309.23,807.39,308.94
772.43,382.67,772.31,378.33
813.59,324.46,813.02,324.46
828.50,330.54,828.36,330.54
812.89,336.33,813.23,335.90
774.08,382.78,773.58,378.46
820.43,323.80,821.01,323.80
791.47,380.33,792.50,379.68
799.04,394.12,799.63,393.47
834.32,387.13,829.24,384.73
800.77,396.81,802.24,396.95
774.25,383.03,774.08,382.78
771.19,384.91,769.93,384.83
802.34,396.71,802.10,395.40
825.32,331.77,825.26,331.82
771.33,384.41,771.29,384.68
827.20,329.46,827.42,328.98
800.01,340.84,800.30,341.40
802.24,367.43,805.22,367.42
801.46,381.44,791.52,380.88
749.41,366.43,748.93,366.19
807.20,330.54,805.75,331.31
822.16,337.26,820.48,339.97
829.05,371.27,828.68,356.03
765.94,373.58,764.49,373.53
793.30,382.89,793.25,382.44
824.44,421.99,824.48,422.48
791.87,370.60,790.26,371.18
811.73,441.39,812.05,441.73
775.12,377.99,774.79,377.94
803.44,381.52,804.81,382.51
800.61,395.96,800.89,396.30
827.00,329.32,827.20,329.46
775.04,382.34,776.31,382.41
792.41,381.22,794.26,381.09
817.24,382.24,817.68,381.39
806.58,327.91,805.60,329.18
808.86,391.30,808.33,390.22
823.39,340.81,823.86,339.80
802.29,369.20,802.46,369.20
807.65,320.46,807.35,320.41
805.37,327.42,805.84,327.22
798.06,369.08,798.28,368.80
775.11,377.63,774.79,377.57
804.60,328.73,804.94,327.95
811.47,392.46,808.86,391.30
823.12,422.71,822.99,421.93
828.06,334.85,824.89,334.85
800.50,332.49,800.41,332.23
775.97,385.25,775.87,385.00
804.28,381.52,804.58,381.32
821.20,378.29,818.81,378.29
805.53,331.24,805.40,331.84
823.52,370.13,823.41,369.86
770.90,384.74,770.77,384.50
800.83,321.15,800.83,324.45
796.28,380.51,797.48,371.53
772.01,384.11,773.47,383.60
816.19,382.43,816.47,382.14
822.93,398.21,823.05,398.22
804.94,333.49,804.65,332.67
821.91,394.21,822.60,393.47
813.89,324.45,813.89,321.15
814.52,342.40,814.51,342.36
806.19,435.19,806.56,435.25
798.77,325.39,798.63,325.08
814.11,341.91,814.11,328.18
822.57,395.98,822.93,398.21
804.97,333.38,805.39,333.82
827.19,327.20,827.30,327.34
777.43,384.83,777.38,385.10
803.89,383.18,806.00,383.17
825.74,341.68,825.60,342.27
829.11,355.47,828.93,355.79
812.61,330.67,812.61,334.63
818.92,338.13,818.77,338.46
828.02,330.65,828.83,331.84
802.06,398.81,802.24,396.95
822.08,362.85,822.08,356.76
807.27,376.37,818.29,379.59
806.79,410.21,805.84,410.12
810.88,304.77,814.98,303.90
822.08,362.85,821.20,357.06
779.01,385.22,778.95,384.93
809.56,389.37,809.81,389.46
800.28,400.57,802.06,398.81
824.88,340.29,824.94,341.04
800.83,321.15,800.94,321.16
815.75,396.84,815.95,396.68
821.83,320.08,821.53,319.82
800.08,340.91,800.30,341.40
813.71,341.75,813.86,341.77
776.36,378.02,776.60,378.07
799.51,396.72,799.72,396.24
822.67,395.64,822.85,395.59
807.28,332.66,806.92,333.48
800.28,400.57,800.44,398.66
824.88,340.29,825.74,340.41
783.47,350.85,786.62,349.25
804.07,332.40,803.86,331.95
824.72,339.63,824.88,340.29
820.62,415.32,820.34,415.76
734.48,351.92,732.27,354.13
788.70,380.73,789.30,380.76
777.64,377.56,777.77,377.72
800.41,396.94,800.61,396.00
807.51,331.64,807.28,332.66
824.34,370.61,824.15,370.44
824.72,339.63,825.60,339.84
816.57,382.40,817.04,382.27
768.41,373.51,768.57,373.78
817.51,343.36,818.28,325.73
813.54,342.18,813.18,342.46
780.11,382.73,780.32,382.39
818.54,325.56,818.28,325.73
815.61,346.29,816.01,346.19
776.47,377.66,776.72,377.70
824.15,338.78,825.11,339.11
827.68,389.37,829.24,386.91
824.89,329.02,824.36,329.16
828.63,355.48,830.17,354.34
800.46,337.35,799.87,333.87
771.14,375.34,771.78,376.60
827.10,330.64,826.76,330.47
823.60,342.48,826.86,342.34
775.12,377.99,775.50,377.98
799.37,397.34,799.51,396.72
807.28,328.44,807.51,329.42
819.24,353.52,819.31,354.35
826.17,353.45,825.55,353.23
789.09,346.66,790.26,348.81
823.46,338.82,823.80,338.68
825.30,332.84,825.49,332.75
831.85,347.76,831.17,348.81
796.38,371.42,796.39,370.33
824.24,339.45,824.51,339.14
806.92,327.67,807.28,328.44
823.46,338.82,824.51,339.14
826.10,355.55,825.93,355.83
806.47,318.85,806.17,318.83
827.54,354.26,826.10,355.55
806.25,319.70,806.45,320.45
826.67,334.23,826.15,334.09
823.89,340.50,824.03,339.92
800.16,342.46,799.93,341.91
805.78,388.87,806.71,388.69
776.63,369.88,776.30,369.89
799.78,396.18,800.03,395.79
822.73,340.40,824.03,339.92
822.89,339.72,824.03,339.92
806.54,319.70,806.25,319.70
822.04,401.89,822.59,402.52
825.16,426.40,825.18,425.99
807.28,411.95,807.21,412.40
808.25,352.04,809.42,353.04
805.48,327.28,805.97,327.07
822.73,340.40,823.89,340.50
790.29,362.29,790.79,363.24
774.99,377.47,773.98,377.42
818.81,378.29,818.45,378.16
805.03,327.83,805.48,327.28
822.68,341.14,823.84,341.13
777.75,383.67,776.46,384.41
827.28,333.76,826.93,333.95
787.03,347.15,787.08,347.07
800.77,396.81,801.27,395.06
822.73,341.88,822.68,341.14
790.02,368.41,790.72,363.20
799.89,347.02,801.87,347.84
800.76,397.97,800.97,400.54
822.89,342.54,823.89,341.77
772.16,384.83,770.90,384.74
818.57,379.71,818.91,379.71
799.95,399.91,800.27,400.65
804.68,328.65,805.03,327.83
787.03,347.15,789.09,346.66
800.33,333.12,800.32,328.41
812.47,309.88,812.69,309.66
800.34,398.21,800.68,400.45
800.72,397.96,800.38,395.72
823.14,343.06,824.03,342.33
812.10,361.90,811.65,363.75
811.19,403.20,808.47,403.71
822.89,342.54,824.03,342.33
770.77,384.50,769.93,384.83
815.52,409.81,818.18,409.33
804.51,393.88,811.33,395.43
824.51,343.06,824.81,343.15
809.74,307.09,810.07,306.88
806.70,307.66,809.17,304.60
814.40,337.35,813.79,333.87
800.34,324.66,800.73,324.48
804.31,330.76,804.38,329.70
776.00,382.71,775.95,382.54
804.58,381.32,804.94,381.75
804.45,331.87,804.37,330.77
776.11,382.29,775.76,382.11
804.67,381.99,805.09,382.16
819.68,380.77,819.98,380.77
804.68,332.84,804.45,331.87
815.21,304.23,815.29,306.34
798.05,401.89,798.64,403.34
828.42,329.52,828.29,329.52
796.16,371.65,784.57,371.30
825.65,342.17,825.45,342.60
813.70,324.66,813.88,327.63
809.61,362.14,809.29,364.25
813.71,349.60,811.77,348.85
781.68,369.61,787.52,371.12
823.48,400.76,823.43,400.63
798.76,320.39,797.65,321.73
776.36,378.02,777.77,378.09
820.07,380.88,819.54,380.88
805.03,333.61,804.68,332.84
809.49,304.23,810.02,306.35
800.44,398.19,800.08,395.81
825.60,342.27,825.65,342.17
779.97,368.63,779.58,368.25
806.88,381.59,804.94,381.75
825.74,340.41,825.78,341.04
810.39,307.26,810.94,305.26
789.15,380.06,789.05,380.88
815.64,304.60,815.64,306.56
793.34,359.15,793.31,359.59
769.01,382.59,768.54,378.19
790.49,377.24,790.19,377.39
793.28,379.77,794.31,380.44
818.87,362.35,819.05,362.45
826.45,327.55,826.32,327.55
805.37,389.00,805.89,388.85
768.71,384.59,768.39,383.94
825.45,339.52,825.65,339.93
772.38,383.10,772.43,382.67
465.65,483.16,418.78,344.81
806.72,333.26,806.30,333.76
825.60,339.84,825.65,339.93
765.61,378.04,766.07,382.41
806.93,342.33,806.76,341.71
814.40,337.35,814.38,342.16
794.13,379.17,791.16,378.95
826.39,331.61,825.96,331.02
776.77,378.04,775.50,377.98
807.05,332.50,806.72,333.26
825.38,339.39,825.45,339.52
819.00,307.66,818.34,308.93
762.06,369.82,763.57,371.05
815.62,344.95,815.78,344.89
810.65,304.52,810.31,304.42
825.67,328.80,825.54,328.80
768.71,384.59,769.28,384.63
824.92,339.19,825.20,339.26
772.24,384.60,772.16,384.83
801.01,400.63,801.24,400.38
825.11,339.11,825.20,339.26
775.47,377.47,775.50,377.98
819.24,308.01,818.57,309.23
824.51,339.14,824.81,339.03
825.38,330.76,825.24,330.76
812.61,344.19,812.04,344.71
807.47,382.03,816.59,382.54
807.26,329.52,807.33,330.54
790.21,381.13,790.30,380.74
826.01,435.22,825.14,435.19
824.51,339.14,824.65,339.29
825.45,331.77,825.32,331.77
826.27,435.99,825.27,435.97
815.89,371.30,815.64,379.23
775.63,383.76,774.64,382.93
770.77,382.87,771.27,383.45
824.20,340.00,824.40,339.57
833.36,353.33,824.34,354.99
825.54,332.67,825.45,331.77
737.26,350.51,738.02,352.82
808.67,354.30,808.65,354.56
824.03,339.92,824.24,339.45
807.19,309.23,807.39,308.94
793.14,381.69,794.13,381.69
804.59,396.01,804.25,393.98
795.90,360.00,795.99,361.18
823.88,432.52,823.46,432.87
828.02,330.65,828.33,332.65
808.94,353.53,809.87,354.62
773.03,382.36,773.09,382.53
824.07,340.54,824.20,340.00
829.70,364.15,829.92,364.55
798.74,341.90,799.31,340.58
775.76,382.11,777.17,382.20
824.03,339.92,824.20,340.00
797.58,396.75,797.23,396.48
826.45,333.82,826.32,333.82
831.99,358.86,824.34,358.88
773.42,382.24,773.09,382.53
816.68,381.68,818.14,381.91
823.84,341.13,823.89,340.50
812.19,361.54,811.55,360.95
823.48,431.29,822.77,430.78
772.84,382.21,773.42,382.24
800.23,395.64,800.76,397.97
824.07,341.71,824.03,341.13
817.37,343.51,815.55,344.40
794.30,355.56,794.33,355.57
823.73,364.73,800.40,364.55
798.03,342.76,798.74,341.90
778.42,377.61,778.46,378.12
798.59,396.72,799.06,393.46
805.84,327.35,806.30,327.47
811.82,356.96,812.19,358.46
823.84,341.13,824.03,341.13
826.93,333.95,827.91,333.02
823.26,431.98,822.40,431.96
769.35,384.40,769.28,384.63
824.20,342.24,824.07,341.71
813.54,308.76,812.89,309.95
824.03,342.33,823.89,341.77
777.14,377.34,778.24,377.40
811.61,361.83,811.18,363.62
824.03,342.33,824.20,342.24
805.48,327.28,805.84,327.22
774.99,384.85,776.29,385.26
797.40,397.91,797.53,395.88
809.17,304.60,809.49,304.23
777.96,377.61,776.90,377.56
827.46,389.54,809.81,389.46
804.65,328.80,804.97,328.05
805.90,444.58,810.85,440.93
793.99,373.49,791.95,373.09
769.45,383.35,767.11,382.45
811.63,363.79,810.89,365.57
824.92,342.99,824.81,343.15
773.48,384.21,772.24,384.33
800.71,327.40,800.16,327.63
823.43,417.67,823.34,418.43
805.48,334.09,805.97,334.23
781.25,384.74,782.75,384.21
804.31,331.77,804.23,330.76
806.67,334.05,805.97,334.23
770.37,377.93,770.62,377.87
792.45,378.79,791.85,379.28
824.98,330.77,825.07,329.66
774.76,383.48,774.59,383.26
810.86,448.96,811.32,449.07
798.80,325.13,798.62,325.56
806.92,333.48,806.47,334.02
794.26,381.09,792.95,381.91
806.92,333.48,807.13,333.50
796.32,355.53,796.43,355.27
784.55,379.86,790.65,380.19
799.70,367.50,747.28,368.98
808.55,326.60,810.47,325.69
801.89,389.53,801.69,389.36
804.84,333.38,805.39,333.82
815.14,307.09,810.38,307.73
769.36,384.14,769.35,384.40
792.95,381.91,792.41,381.22
807.59,330.53,807.51,331.64
815.49,332.37,814.81,332.59
810.49,306.80,805.86,307.43
813.54,342.18,813.71,341.75
807.51,331.64,807.72,331.65
832.83,340.82,814.93,340.82
828.83,441.46,826.90,427.45
771.86,383.29,771.69,383.07
773.81,377.56,774.02,377.40
823.41,355.87,823.41,360.91
807.51,329.42,807.59,330.53
809.64,307.43,814.31,306.80
824.91,355.35,824.98,355.24
814.20,341.75,814.00,342.24
826.93,327.35,827.91,328.27
807.72,329.41,807.80,330.53
821.68,343.33,820.44,344.71
774.59,383.26,775.99,383.35
806.17,333.76,805.71,333.95
824.07,367.30,823.34,362.80
796.36,348.46,798.20,348.42
807.59,330.53,807.80,330.53
783.37,361.98,782.62,363.13
786.81,349.36,786.87,349.79
771.79,371.30,768.69,371.21
770.47,383.77,770.59,384.02
800.60,397.94,800.29,395.89
800.83,321.15,800.83,320.32
807.28,328.44,807.51,329.42
825.96,438.89,826.25,438.46
829.76,330.57,830.27,332.00
825.55,353.23,826.17,353.45
799.96,347.73,801.88,347.88
807.49,328.42,807.51,329.42
802.65,309.88,807.62,309.23
772.64,382.26,773.98,382.35
818.47,381.04,818.81,381.12
806.92,327.67,807.28,328.44
826.22,427.16,828.20,440.91
809.43,366.97,808.25,367.98
826.20,420.82,826.10,421.57
805.39,333.82,805.84,333.95
803.48,346.80,805.49,347.64
773.32,377.92,793.67,370.68
807.13,327.65,807.28,328.44
801.44,346.37,803.54,346.87
771.79,371.30,770.21,377.76
823.52,370.13,823.41,360.91
807.28,328.44,807.49,328.42
832.07,331.42,831.75,331.25
816.21,382.85,815.89,382.51
749.74,366.53,750.96,363.38
805.75,331.31,805.60,331.98
776.81,384.98,778.12,385.38
806.67,327.18,806.92,327.67
802.34,310.51,802.41,310.18
773.81,377.56,773.56,377.51
805.97,327.07,806.47,327.20
816.58,412.44,815.77,410.62
822.76,338.70,822.96,338.06
796.59,357.48,796.17,357.48
789.07,377.10,789.55,377.33
823.97,399.94,823.91,400.00
801.73,343.33,803.51,344.39
805.80,330.57,805.75,331.31
806.17,327.04,806.47,327.20
778.27,385.26,776.96,385.16
800.46,337.35,799.50,339.25
812.72,319.47,812.72,320.30
786.87,370.21,788.51,370.60
820.80,337.26,822.40,332.44
773.45,377.87,773.68,377.92
805.48,327.28,805.97,327.07
823.54,335.47,822.92,334.84
814.54,341.00,814.54,346.23
788.11,348.86,786.47,350.26
805.67,327.26,805.97,327.07
817.81,309.52,817.56,309.23
771.65,378.34,770.82,382.70
805.42,307.51,804.90,307.04
777.44,382.63,777.70,382.82
806.58,327.91,806.91,328.61
800.34,324.66,800.59,324.33
777.99,382.51,778.46,378.12
805.06,328.36,805.36,328.68
804.64,329.65,804.68,328.65
829.76,335.51,830.44,333.05
805.39,327.55,805.37,327.42
793.06,382.99,793.28,382.76
819.56,378.80,817.88,378.75
804.37,330.77,804.45,329.66
740.76,371.10,743.94,370.41
804.73,328.27,805.06,328.36
804.56,330.77,804.45,329.66
809.43,364.52,808.65,365.44
779.29,382.59,777.99,382.51
825.56,355.84,825.61,359.58
805.71,327.35,806.17,327.47
818.70,382.24,817.00,382.42
804.68,332.84,804.45,331.87
804.11,328.78,804.41,328.42
803.12,418.13,803.33,418.06
813.37,358.09,813.52,360.00
826.72,330.52,826.20,330.59
797.02,340.81,797.46,339.80
800.34,400.33,800.76,400.70
806.22,432.87,805.91,433.30
810.39,304.64,809.48,306.93
823.44,395.51,823.78,396.24
804.52,328.80,804.84,328.05
828.81,361.74,828.65,362.08
816.59,382.54,807.47,382.03
805.03,333.61,805.67,334.11
807.07,342.65,807.14,342.78
776.31,382.41,776.77,378.04
776.25,383.58,776.44,383.80
824.39,398.14,824.33,397.44
734.23,368.98,737.17,370.41
803.73,329.99,803.88,329.32
805.29,368.74,806.62,368.18
774.97,384.31,776.25,383.58
823.33,399.24,823.41,398.17
804.23,330.76,804.31,329.74
826.83,360.71,829.23,360.72
813.21,339.21,813.07,337.38
805.03,333.61,805.22,333.63
807.44,309.52,807.36,309.86
764.55,382.32,767.48,382.51
800.08,340.91,800.01,340.84
816.09,372.16,816.33,372.39
785.31,350.43,786.81,349.36
823.35,343.58,822.51,343.58
830.72,332.14,830.68,331.70
816.01,333.41,816.32,333.26
815.36,380.90,796.10,380.62
823.94,396.30,824.18,396.81
803.73,331.46,803.68,330.73
801.56,401.20,802.78,400.92
812.65,349.79,811.89,350.63
777.99,382.51,779.29,382.59
822.59,401.32,823.06,401.20
804.31,331.77,804.23,330.76
807.19,309.23,807.62,309.23
804.11,378.11,804.05,378.99
802.47,399.17,802.53,398.17
800.94,395.26,801.36,394.79
789.33,360.00,789.48,361.89
791.51,379.68,791.47,380.33
826.15,327.28,826.80,327.22
807.44,309.52,807.19,309.23
828.57,328.68,828.61,328.89
770.77,384.50,770.69,384.23
807.09,332.58,806.75,333.36
771.81,383.86,773.02,383.16
807.46,383.61,804.28,383.20
791.82,380.77,792.04,380.88
801.51,395.02,801.91,395.51
828.25,328.36,828.33,328.61
730.37,360.00,730.85,363.08
805.25,333.82,804.84,333.38
773.02,383.16,773.29,383.38
792.04,380.88,791.52,380.88
800.89,396.30,801.11,396.81
819.75,356.20,819.89,355.97
802.72,381.29,802.91,381.52
802.27,400.06,802.47,399.17
764.31,368.42,764.90,369.89
774.79,377.94,774.79,377.57
801.51,395.02,801.91,395.51
782.12,382.93,781.72,382.83
802.29,350.83,801.34,350.91
808.33,390.22,806.46,390.59
827.25,328.78,827.42,328.98
819.45,356.76,821.20,357.06
779.08,360.00,779.22,361.75
774.79,377.57,775.11,377.63
803.17,382.33,802.72,381.29
803.11,400.18,803.32,399.24
807.09,328.53,807.31,329.47
802.91,381.52,803.44,381.52
806.72,327.91,807.05,328.61
820.30,344.77,820.44,344.71
767.85,380.80,767.18,381.46
823.86,339.80,824.16,338.53
805.84,334.08,806.47,334.02
827.60,331.61,827.51,331.61
805.84,327.35,806.30,327.47
827.51,331.61,827.46,331.97
804.58,381.32,804.29,380.67
745.39,356.99,744.26,355.85
804.37,330.77,804.38,329.70
800.29,401.60,802.00,400.73
814.26,302.09,814.48,302.17
804.97,328.05,805.39,327.55
800.60,337.31,799.51,337.38
803.49,389.08,803.31,388.90
804.94,327.95,805.37,327.42
827.70,332.69,828.02,332.77
798.47,369.48,798.69,369.20
774.99,377.47,775.11,377.63
800.32,341.75,800.33,341.54
800.62,394.98,801.06,394.84
804.65,328.80,804.97,328.05
820.07,380.88,830.77,381.44
819.35,378.00,816.19,378.38
798.31,351.84,799.31,352.82
804.60,328.73,804.97,328.05
824.47,343.01,824.15,343.36
817.33,324.20,817.28,324.64
801.89,389.53,803.49,389.08
799.64,335.53,800.01,333.85
805.06,328.36,805.36,328.68
804.97,328.05,804.94,327.95
809.35,392.62,808.86,391.30
773.73,377.37,773.98,377.42
793.25,382.44,793.93,382.14
810.38,307.73,810.39,307.26
792.71,360.59,792.91,360.52
767.27,378.12,767.73,382.51
807.55,416.27,807.67,415.51
795.87,337.26,797.46,339.80
804.37,330.76,804.44,329.74
791.04,348.77,789.52,350.24
741.25,365.13,742.83,364.88
825.09,343.63,813.56,342.91
804.44,331.77,804.37,330.76
814.58,345.65,813.85,346.79
775.12,384.55,776.44,383.80
819.68,380.77,819.38,380.86
804.07,328.98,804.33,328.65
736.12,360.00,736.37,361.58
804.38,331.82,804.37,330.76
802.33,345.00,802.24,344.94
804.38,331.82,804.31,330.76
796.65,371.02,797.14,367.34
776.44,383.80,777.74,383.88
804.11,328.78,804.41,328.42
791.64,381.60,791.24,381.52
741.28,360.00,741.53,361.61
804.37,330.76,804.31,330.76
803.79,344.02,802.33,345.00
804.65,332.67,804.44,331.77
814.61,345.69,813.89,346.82
776.41,384.64,775.12,384.55
819.98,380.77,819.68,380.77
803.88,329.32,804.11,328.78
800.42,399.06,799.74,399.00
741.53,358.39,741.28,360.00
804.44,331.77,804.38,331.82
742.27,356.94,741.53,358.39
804.65,332.67,804.60,332.75
817.00,382.42,817.38,382.02
798.58,324.64,798.63,325.08
815.00,340.55,816.71,340.51
806.62,412.34,806.56,411.89
821.20,378.29,823.33,372.32
823.83,427.12,824.13,427.63
813.70,324.66,814.11,328.18
779.11,382.48,778.75,382.30
828.16,336.33,828.16,344.31
803.68,330.73,803.73,329.99
828.23,358.05,828.68,357.86
778.34,371.11,776.91,377.54
802.98,391.02,801.70,392.14
743.43,355.78,742.27,356.94
799.38,398.72,799.33,398.02
804.97,333.38,805.37,333.95
817.68,377.92,817.56,377.77
821.33,396.12,821.66,395.42
803.68,330.72,803.73,330.06
804.94,333.49,805.37,333.95
821.12,397.00,821.33,396.12
803.73,331.46,803.68,330.73
799.38,398.72,799.53,399.35
786.68,379.47,786.84,379.86
814.20,333.17,813.86,333.12
824.44,421.99,824.54,422.04
791.87,370.60,792.01,371.05
745.39,363.01,746.12,361.58
806.75,327.80,807.05,328.61
805.84,334.08,806.32,333.88
828.16,344.31,834.10,339.39
801.06,394.84,800.62,394.98
796.36,371.54,797.58,371.58
817.91,390.93,817.79,391.08
815.48,331.20,815.84,331.25
803.78,378.03,803.97,377.17
800.16,342.46,800.71,342.68
802.05,401.76,802.84,409.98
824.94,341.04,825.78,341.04
795.66,351.45,794.67,352.83
776.11,382.29,776.31,382.41
806.92,333.48,806.47,334.02
803.51,419.34,803.33,419.60
812.90,362.17,812.39,364.29
797.34,362.76,794.10,362.74
803.68,413.80,803.79,414.57
798.66,344.44,800.71,342.68
822.12,401.14,822.59,401.32
819.08,377.39,817.38,377.25
823.03,400.20,823.35,400.33
803.86,331.95,803.73,331.37
823.68,411.12,823.96,410.67
799.72,397.00,799.92,396.12
822.62,395.55,822.88,395.47
807.09,332.58,806.75,333.36
817.82,425.66,810.00,424.44
822.75,340.46,823.35,343.58
799.72,397.00,800.61,396.00
807.09,332.58,807.28,332.66
789.14,380.90,792.33,380.61
807.51,331.64,807.09,332.58
768.89,378.22,768.54,378.19
804.33,332.69,804.73,333.02
776.64,377.51,777.64,377.56
800.03,400.20,800.34,400.33
807.31,331.60,807.09,332.58
824.47,339.11,825.38,339.39
824.01,413.15,823.71,412.65
804.41,332.93,804.11,332.61
784.57,371.30,781.41,371.21
776.47,377.66,776.64,377.51
800.67,401.14,801.11,401.32
807.59,330.53,807.51,331.64
815.98,382.36,815.97,382.72
822.70,418.83,823.06,418.87
824.89,329.02,825.69,330.64
817.10,335.51,815.84,333.48
800.03,400.20,801.11,401.32
822.51,395.81,822.67,395.64
767.73,382.51,767.27,378.12
816.56,343.85,816.56,340.79
790.49,377.24,794.02,377.57
818.74,325.13,817.51,343.36
820.20,397.99,820.27,396.94
804.41,332.93,804.07,332.40
807.59,330.53,807.31,331.60
800.27,400.65,800.67,401.14
807.39,330.53,807.31,331.60
796.84,369.05,795.06,369.57
829.70,361.88,829.70,364.15
815.74,341.02,816.56,343.85
825.97,358.28,825.88,358.37
784.72,377.92,796.16,371.65
807.51,329.42,807.39,330.53
794.75,357.49,796.17,357.48
819.42,318.83,819.49,319.70
817.45,383.99,816.80,384.17
807.28,328.44,807.31,329.47
821.00,417.66,821.29,418.17
828.06,329.77,827.54,331.24
802.78,400.92,803.11,400.18
799.66,398.00,799.72,397.00
807.09,328.53,807.31,329.47
820.80,337.26,818.61,333.98
798.66,344.44,799.93,341.91
801.73,343.33,805.73,337.92
778.75,382.30,780.32,382.39
828.06,329.77,827.37,330.90
823.73,417.60,823.60,418.34
790.26,371.18,791.20,373.51
806.92,327.67,807.09,328.53
799.75,399.86,800.03,400.20
806.75,327.80,807.09,328.53
793.20,360.95,793.36,360.95
776.31,382.41,775.04,382.34
800.27,400.65,800.67,401.14
780.93,378.25,781.25,378.30
826.39,330.41,828.06,329.77
796.91,370.27,796.76,369.15
804.41,332.93,805.71,333.95
799.75,399.86,800.67,401.14
806.75,327.80,806.92,327.67
806.32,327.34,806.47,327.20
805.97,327.07,806.32,327.34
802.91,381.52,802.72,381.29
826.02,332.76,826.39,332.81
773.98,377.42,774.25,377.21
805.37,327.42,805.84,327.22
826.74,439.67,825.87,439.64
827.50,404.50,820.91,408.58
828.02,330.65,828.61,328.89
827.85,332.68,827.47,333.50
816.38,382.80,817.18,383.76
767.48,369.81,767.48,384.01
805.03,327.83,805.37,327.42
768.76,377.49,769.02,377.71
814.79,303.77,809.81,303.78
823.01,416.39,823.31,416.90
824.89,334.85,826.02,332.76
816.56,383.94,817.18,383.76
818.91,379.71,818.81,378.29
799.53,399.35,799.75,399.86
804.94,327.95,805.37,327.42
772.16,384.35,773.47,383.60
804.38,329.70,804.60,328.73
810.49,302.64,810.69,302.72
746.45,355.56,744.78,353.89
804.38,329.70,804.45,329.66
791.17,371.16,792.75,369.92
795.87,337.26,796.48,341.48
819.54,380.88,819.68,380.77
804.60,332.75,804.38,331.82
804.94,333.49,804.60,332.75
828.69,330.05,828.86,330.39
812.66,392.83,819.38,391.58
773.58,378.46,773.82,378.41
827.72,327.91,828.06,328.61
816.65,421.92,828.32,422.46
778.09,377.77,778.42,377.61
792.72,361.54,793.40,361.44
810.94,305.26,811.16,305.10
821.70,320.03,821.38,319.76
803.67,344.43,820.61,344.43
820.06,392.83,812.66,392.83
789.58,365.32,789.03,365.57
806.88,340.00,807.07,339.57
814.79,347.16,814.61,346.78
809.38,426.03,826.99,424.79
818.28,325.73,818.02,325.60
827.85,327.91,827.72,327.91
779.60,368.80,779.22,368.42
825.82,341.05,825.78,341.64
822.55,427.58,821.78,426.81
822.89,398.19,823.27,400.58
819.00,381.22,816.82,381.09
823.43,400.63,823.66,400.38
828.59,355.81,827.88,359.57
806.17,333.76,805.71,333.95
825.96,362.74,825.52,362.82
824.67,336.04,824.03,336.84
823.14,339.18,823.46,338.82
821.11,423.95,820.98,423.18
814.02,335.51,814.79,333.31
817.88,378.75,817.77,378.68
804.59,398.28,804.36,396.03
826.32,333.82,825.88,333.38
816.82,381.13,816.28,381.86
823.87,431.62,823.43,431.34
799.50,404.11,800.26,405.13
809.87,354.62,810.62,355.84
773.09,382.53,772.51,382.49
824.03,341.13,824.07,340.54
737.10,363.01,738.23,364.15
831.38,331.20,831.02,331.25
772.04,384.41,773.17,385.04
792.07,379.99,792.65,379.24
817.41,341.13,824.55,341.13
811.47,392.46,809.35,392.62
826.02,328.05,827.56,328.42
815.27,304.15,810.88,304.77
824.81,339.03,824.92,339.19
811.95,344.66,800.31,346.19
773.44,384.44,774.75,383.68
733.17,362.33,734.24,364.43
831.53,340.81,832.38,342.10
799.93,328.18,800.16,327.63
823.23,397.97,822.97,395.72
732.80,360.00,733.17,362.33
807.20,330.54,807.33,330.54
803.78,379.94,804.11,379.87
822.67,395.64,822.85,395.59
806.91,328.61,807.12,329.52
816.65,332.37,816.59,332.73
798.26,348.21,798.32,348.05
823.81,400.00,823.91,400.00
806.72,327.91,806.91,328.61
806.17,327.47,806.58,327.91
806.71,388.69,805.89,388.85
811.62,405.15,813.39,405.02
825.45,331.77,826.78,330.73
826.83,360.71,826.74,360.71
764.55,373.36,766.09,373.70
823.89,340.50,824.07,340.54
777.77,378.09,778.10,378.14
813.56,342.91,815.04,344.05
776.77,384.74,778.04,385.13
794.03,372.30,793.65,371.86
803.44,381.52,802.91,381.52
805.84,327.35,806.17,327.47
828.02,330.65,827.42,328.98
801.46,381.44,802.00,381.44
823.09,398.24,822.72,396.17
805.25,327.55,805.71,327.35
795.94,349.22,797.69,348.49
830.30,384.18,822.17,383.80
796.45,342.83,795.74,342.04
823.41,400.31,823.37,400.28
804.97,328.05,805.25,327.55
817.71,335.51,818.23,335.61
792.81,366.17,792.98,365.91
804.73,328.27,804.92,328.61
800.57,320.33,798.89,320.33
805.25,327.55,805.39,327.55
824.65,342.91,824.92,342.99
828.21,422.37,828.25,421.49
822.55,337.82,822.32,337.71
804.65,328.80,804.84,328.05
824.67,336.04,825.21,325.98
822.78,338.68,825.70,335.57
774.59,383.26,773.36,383.97
798.54,344.40,798.76,344.89
807.86,416.80,807.67,417.06
795.01,358.74,795.30,357.51
816.16,372.19,816.40,372.41
782.62,370.33,782.28,370.24
767.87,373.75,768.22,374.62
746.99,351.14,746.60,351.47
804.37,330.76,804.31,329.74
767.87,373.75,768.03,373.50
802.29,350.83,801.34,350.91
825.07,343.82,822.78,338.68
819.55,343.18,800.35,342.39
792.94,382.15,792.45,382.03
800.40,400.31,800.09,398.24
824.51,343.06,824.24,342.78
804.37,330.76,804.44,329.74
804.31,329.74,804.44,329.74
823.08,396.13,823.32,397.11
797.65,343.51,798.54,344.40
822.32,339.69,822.55,339.55
807.13,333.50,806.47,334.02
804.52,332.67,804.31,331.77
807.28,332.66,806.92,333.48
750.96,356.62,749.41,353.56
804.97,333.38,804.52,332.67
824.39,360.91,826.40,356.17
782.26,356.87,782.44,356.87
828.76,355.53,830.49,354.34
740.35,367.55,742.68,367.18
805.71,333.95,805.84,333.95
804.52,332.67,804.65,332.67
826.39,332.35,826.20,332.77
810.85,440.93,810.81,441.72
807.57,341.09,806.72,341.13
823.78,396.24,824.33,397.44
785.53,347.92,786.62,349.25
808.55,326.60,810.60,326.35
818.78,339.74,819.00,339.86
804.84,333.38,804.97,333.38
734.24,355.56,733.17,357.67
813.68,335.72,827.92,335.72
826.16,330.91,825.96,331.02
819.12,338.00,822.76,337.97
780.97,366.64,779.36,363.49
822.82,340.17,823.77,340.17
821.68,343.33,820.74,344.39
762.79,377.40,762.97,377.21
811.25,422.36,809.99,423.17
826.01,336.58,826.18,337.63
826.12,338.75,826.18,337.63
802.24,396.24,802.45,397.16
823.34,355.84,823.41,360.91
807.72,329.41,807.59,330.53
793.53,371.02,794.01,367.34
773.36,383.97,774.59,383.26
793.06,382.85,793.38,382.51
805.06,332.88,804.73,333.02
819.44,363.24,818.04,368.26
826.17,353.45,825.77,353.46
807.57,341.09,808.39,340.46
798.04,347.88,800.03,348.27
807.51,329.42,807.72,329.41
826.25,438.46,826.61,438.52
830.70,331.42,831.02,331.25
792.60,380.07,792.66,380.32
774.76,384.06,773.36,383.97
806.58,333.26,806.17,333.76
816.55,388.76,815.47,388.76
805.06,332.88,806.17,333.76
806.58,333.26,805.06,332.88
796.01,342.34,799.66,341.01
800.29,342.36,799.66,341.01
829.76,330.57,830.44,331.68
790.79,363.24,790.79,368.26
818.49,372.12,818.50,362.80
802.45,347.73,804.29,348.86
823.47,370.20,823.34,369.89
806.92,327.67,807.13,327.65
799.06,393.46,798.34,396.68
788.19,379.21,788.18,379.91
777.99,382.51,777.60,382.39
807.12,331.57,806.91,332.50
779.64,377.66,780.79,377.71
805.91,422.71,806.81,423.26
831.38,331.20,829.76,330.57
813.59,340.84,813.82,341.33
805.60,331.98,806.91,332.50
807.12,331.57,805.60,331.98
804.15,348.95,804.87,351.03
793.14,379.16,792.45,378.79
827.97,386.31,827.92,387.17
822.16,337.26,823.39,340.81
773.72,384.70,773.64,384.43
807.20,330.54,807.12,331.57
822.96,339.33,823.10,339.05
805.32,350.35,806.17,352.54
805.97,327.07,806.17,327.04
775.99,383.35,776.25,383.58
807.12,329.52,807.20,330.54
823.97,399.94,823.66,400.38
801.73,343.33,803.22,344.71
805.80,330.57,807.20,330.54
801.71,386.28,801.50,386.88
831.75,333.48,831.38,333.54
807.12,329.52,805.80,330.57
826.78,330.73,827.06,330.06
809.65,302.41,809.35,302.38
805.48,327.28,805.67,327.26
805.46,367.67,805.58,367.32
774.97,384.31,774.76,384.06
806.91,328.61,807.12,329.52
807.39,444.93,816.98,439.75
810.60,336.79,808.56,335.94
797.08,385.10,798.42,385.87
822.76,339.44,822.76,338.70
805.75,329.84,807.12,329.52
791.98,382.36,792.62,382.72
811.43,405.53,811.08,406.79
819.62,338.87,819.29,338.52
800.34,398.21,800.08,395.81
804.68,328.65,804.87,328.63
810.12,363.41,809.50,364.42
778.46,378.12,779.75,378.19
806.17,327.47,806.58,327.91
798.63,369.07,798.47,369.48
791.89,382.45,791.98,382.36
807.10,445.87,808.33,446.03
819.43,339.51,819.62,339.60
800.60,337.31,799.64,339.21
773.42,382.24,773.03,382.36
743.94,370.41,743.66,370.02
806.17,327.47,805.36,328.68
806.52,376.85,806.25,377.43
803.96,402.68,803.18,404.29
804.63,330.65,804.07,328.98
817.61,352.83,817.69,354.33
819.03,345.48,818.28,346.64
779.75,378.19,779.60,378.22
805.25,327.55,805.71,327.35
831.99,370.81,823.33,370.27
828.92,340.94,829.44,342.22
793.55,346.53,793.45,346.42
825.07,343.82,813.04,344.73
749.41,353.56,746.60,351.47
804.73,328.27,805.71,327.35
815.98,382.45,815.98,382.36
812.89,336.33,801.86,336.99
823.97,399.94,823.48,400.76
740.55,370.95,740.40,370.54
817.89,325.35,817.69,325.49
794.51,352.83,793.79,354.33
779.47,377.80,779.73,377.85
804.84,328.05,805.25,327.55
817.38,377.25,817.68,377.92
805.65,437.16,806.17,437.67
799.00,353.92,801.98,353.93
830.21,332.37,829.76,335.51
804.84,328.05,804.41,328.42
750.96,356.62,748.93,353.80
804.11,328.78,804.84,328.05
823.44,395.51,823.08,396.13
804.52,328.80,804.11,328.78
813.88,342.46,814.11,341.91
751.50,360.00,750.42,356.74
803.73,329.99,804.31,329.74
814.44,332.46,814.57,332.26
805.29,368.74,806.93,368.79
823.33,399.24,824.09,398.17
734.12,368.86,734.21,368.52
804.23,330.76,803.73,329.99
824.02,399.17,824.09,398.17
803.68,330.73,803.73,329.99
803.68,330.73,804.23,330.76
810.57,362.32,813.53,362.32
804.31,331.77,803.68,330.73
822.46,394.91,822.20,393.99
800.23,395.42,801.36,394.79
742.83,355.12,741.25,354.87
818.81,324.56,822.83,321.38
809.88,365.40,808.94,366.49
822.27,394.84,822.72,395.35
803.88,332.11,803.73,331.46
819.33,308.43,819.32,318.85
793.14,381.69,794.13,381.69
826.15,327.28,826.67,327.07
801.11,401.32,802.35,401.38
744.26,355.85,742.83,355.12
824.34,398.84,824.39,398.14
730.20,363.43,731.69,366.43
804.11,332.61,803.88,332.11
804.11,332.61,804.84,333.38
783.35,366.24,784.48,368.08
745.39,356.99,744.26,355.85
828.29,329.52,828.50,330.54
817.78,380.66,818.47,381.04
801.92,393.46,802.71,392.04
825.38,342.73,825.11,343.04
805.60,329.18,806.91,328.61
828.14,326.35,828.01,325.69
830.72,367.35,830.53,367.20
804.63,332.77,804.92,332.65
801.27,398.84,802.53,398.17
751.70,360.00,751.44,358.39
807.33,330.54,807.39,330.53
779.64,377.66,779.91,377.71
823.46,343.39,823.80,343.49
805.36,332.53,805.06,332.88
818.90,362.14,819.21,362.29
766.38,383.60,765.13,382.63
807.21,370.68,796.16,371.65
811.34,449.31,807.69,445.67
826.39,331.61,827.09,331.84
796.28,370.42,807.21,370.68
775.46,383.99,774.25,383.03
746.37,360.00,746.12,358.41
805.18,332.33,804.92,332.65
807.26,329.52,807.31,329.47
777.70,382.82,779.00,382.90
805.60,331.98,805.36,332.53
805.60,331.98,805.18,332.33
807.09,328.53,807.26,329.52
730.20,356.57,729.60,360.00
805.40,331.84,805.18,332.33
799.31,325.02,798.97,324.61
825.99,344.66,827.01,345.79
779.11,382.48,779.29,382.59
815.04,344.05,825.99,344.66
805.75,331.31,805.60,331.98
743.94,370.41,746.60,368.52
805.40,331.84,805.60,331.98
818.91,379.71,821.30,379.71
731.77,353.47,730.14,356.62
805.58,330.58,805.53,331.24
742.83,364.88,744.26,364.15
818.99,353.74,819.24,353.52
802.97,351.94,804.41,352.40
805.53,329.92,805.75,329.84
805.37,327.42,805.84,327.35
818.39,379.99,818.08,379.24
779.47,377.80,780.92,377.87
821.28,394.79,821.77,394.65
734.23,351.02,731.69,353.56
805.40,329.34,805.53,329.92
744.88,364.95,746.49,365.21
805.36,328.68,805.60,329.18
765.23,383.07,764.27,382.26
804.58,376.70,804.28,376.50
813.27,337.41,813.40,335.56
805.40,329.34,805.60,329.18
820.66,401.45,821.80,398.08
815.49,332.37,815.49,333.08
734.12,351.14,734.21,351.47
819.55,343.18,820.44,343.45
800.73,324.48,807.98,323.64
739.66,364.88,741.25,365.13
804.94,327.95,805.39,327.55
820.07,380.88,819.98,380.77
805.18,328.89,805.40,329.34
823.82,340.39,823.64,340.47
805.18,328.89,805.36,328.68
815.94,381.00,814.96,381.00
777.75,383.67,776.41,384.64
804.73,328.27,805.06,328.36
737.10,363.01,738.23,364.15
804.38,329.70,804.65,328.80
830.24,381.44,819.54,380.88
804.63,328.53,804.92,328.61
814.86,389.90,813.04,390.88
823.48,397.94,823.81,400.00
740.55,349.05,737.15,349.98
804.63,328.53,804.73,328.27
819.03,345.48,814.58,345.65
792.74,379.22,792.66,380.06
737.17,349.59,740.76,348.89
804.11,328.78,804.33,328.65
813.40,335.56,813.79,333.87
804.07,328.98,804.11,328.78
822.34,398.72,821.14,399.00
803.88,329.32,804.07,328.98
772.31,378.33,771.98,378.38
828.29,329.52,828.36,330.54
823.39,418.31,822.70,418.83
767.26,373.31,766.98,373.52
826.21,372.35,823.33,372.32
813.88,327.63,814.11,328.18
821.52,360.59,821.66,360.75
791.49,352.84,792.87,351.44
803.68,330.72,803.68,330.73
821.12,397.00,820.49,396.00
829.09,439.39,826.27,421.60
803.88,332.11,803.73,331.37
824.20,399.45,824.34,398.84
811.85,423.62,814.35,422.74
804.73,333.02,804.63,332.77
822.16,337.26,821.52,333.05
815.71,333.05,815.91,332.94
821.06,398.00,820.27,396.94
804.33,332.69,804.07,332.40
815.49,332.37,816.20,332.37
815.49,332.37,816.17,332.59
815.49,332.37,816.07,332.79
817.68,381.69,817.46,382.15
828.33,357.48,826.78,357.49
780.91,383.88,780.74,383.66
737.15,349.98,734.48,351.92
828.06,329.77,827.10,330.64
820.40,419.58,820.27,418.81
825.69,330.64,826.02,330.47
781.72,382.83,783.26,382.93
801.24,381.21,791.31,380.67
797.74,335.76,797.46,334.53
826.39,330.41,826.02,330.47
820.44,343.45,821.33,343.11
801.44,373.63,799.28,373.80
821.29,323.64,813.62,320.93
780.75,382.58,780.93,378.25
782.28,383.76,782.55,383.99
797.83,337.14,797.74,335.76
825.69,330.64,825.42,330.90
824.94,369.00,824.09,369.35
813.00,321.15,813.00,320.32
822.86,372.39,823.42,372.40
769.93,384.83,771.19,384.91
805.80,416.35,806.18,416.39
791.67,377.63,795.51,377.81
775.95,382.54,775.55,382.45
823.06,398.08,823.23,397.97
807.05,328.61,807.26,329.52
767.18,381.46,770.14,381.65
823.39,338.92,823.53,337.10
816.69,381.69,816.47,382.15
776.36,378.02,776.47,377.66
819.59,323.82,818.17,320.46
822.82,433.25,823.18,433.30
793.93,337.37,794.03,336.00
826.02,332.76,825.69,332.58
807.25,388.90,806.05,389.14
812.08,358.08,812.23,360.00
767.18,374.22,765.82,373.74
776.72,377.70,776.47,377.66
815.36,380.90,815.37,380.06
803.34,382.52,802.91,381.52
806.32,327.34,806.75,327.80
807.25,388.90,806.71,388.69
823.84,341.13,824.07,340.54
828.04,332.66,827.85,332.68
742.68,352.82,740.35,352.45
780.74,383.66,782.28,383.76
797.02,340.81,797.46,339.80
793.61,370.75,796.76,369.15
824.89,334.85,825.42,332.32
796.48,341.48,797.02,340.81
827.10,332.58,826.76,332.76
806.95,426.89,807.45,427.68
790.04,367.21,791.74,368.29
827.37,332.32,827.10,332.58
793.08,363.05,792.72,361.54
747.52,357.67,746.45,355.56
780.32,382.39,780.75,382.58
806.78,425.69,807.77,425.71
761.25,380.80,763.47,380.93
795.87,341.72,795.27,341.53
825.25,331.24,824.89,329.02
827.54,331.98,828.06,334.85
799.74,399.00,799.66,398.00
804.31,330.76,804.38,329.70
811.47,392.46,810.78,391.15
776.29,385.26,776.41,385.02
796.18,379.22,815.37,380.06
829.04,330.57,828.98,331.31
828.38,353.10,826.05,353.23
827.19,327.20,827.00,327.18
829.66,344.55,829.19,343.99
746.45,364.43,747.52,362.33
784.52,377.69,784.29,377.92
816.42,331.68,816.59,332.00
792.21,378.49,791.68,379.07
824.43,417.05,824.30,416.27
770.44,375.31,770.44,380.61
805.97,334.23,805.84,334.08
805.04,307.73,809.74,307.09
807.49,332.68,806.92,333.48
818.92,339.64,819.12,339.75
828.92,357.07,828.89,357.36
800.30,341.40,813.68,341.40
781.12,382.70,780.75,382.58
814.02,335.51,814.53,333.05
822.50,340.30,822.58,340.53
804.21,364.20,808.56,363.13
816.37,388.64,815.47,388.76
815.97,340.79,816.56,340.79
799.36,324.57,799.31,324.13
806.30,440.14,806.52,440.05
797.34,355.58,800.32,355.59
815.77,410.62,817.82,409.97
810.62,304.89,810.10,307.06
808.36,356.87,808.81,356.87
769.39,382.48,769.82,382.30
791.12,379.72,790.93,379.93
825.68,327.83,826.15,327.28
804.60,367.43,806.39,367.51
813.33,342.69,800.71,342.68
799.07,334.10,798.39,334.10
827.83,354.37,826.92,355.79
819.07,307.57,815.63,304.47
804.00,350.29,805.50,350.64
771.00,383.46,772.24,384.17
799.20,400.10,799.43,398.22
782.46,360.00,782.63,362.14
818.47,381.04,818.18,382.24
799.68,335.30,799.31,333.69
825.78,341.04,825.82,341.05
826.83,360.71,826.83,355.56
820.19,338.74,820.09,337.37
806.93,351.23,807.84,352.59
792.63,379.09,792.50,379.68
813.59,340.84,813.68,341.40
763.15,373.74,763.17,373.58
820.48,339.97,820.19,338.74
824.57,436.45,824.19,435.71
811.22,352.89,812.21,354.51
806.06,436.04,806.98,436.55
808.47,366.25,807.34,368.09
796.58,368.79,793.55,370.34
830.70,333.31,831.02,333.48
819.43,339.51,819.62,338.87
778.10,378.14,778.09,377.77
805.39,327.55,805.84,327.35
822.08,362.85,820.41,367.74
809.46,303.90,809.81,303.78
818.54,325.06,818.04,325.02
807.66,341.88,807.61,341.14
817.33,382.44,816.68,381.68
816.71,340.51,823.77,340.17
797.24,331.43,798.03,331.66
828.40,325.75,825.21,325.98
816.56,383.94,817.45,383.99
804.84,333.38,803.88,332.11
802.87,386.45,804.29,385.63
800.35,342.39,800.43,342.13
800.35,342.39,800.29,342.36
772.38,383.10,772.12,382.78
771.27,383.45,769.97,384.20
800.46,337.35,799.87,340.90
817.76,324.65,817.83,325.21
805.75,331.31,805.40,331.84
805.34,376.19,806.88,376.49
777.86,362.11,778.36,364.20
800.46,337.35,800.50,332.49
831.07,384.79,830.58,384.49
819.55,371.38,819.42,370.43
801.87,347.84,803.36,349.73
807.10,445.87,807.62,446.33
805.73,337.92,806.05,337.57
813.60,309.17,813.59,319.51
814.40,337.35,813.40,335.56
817.50,368.25,818.33,362.36
788.51,349.39,790.26,348.81
802.24,396.95,802.56,395.19
823.89,341.77,823.84,341.13
802.23,403.69,802.75,402.16
826.93,333.95,826.80,333.95
806.81,411.18,807.03,411.12
781.40,384.98,782.75,384.21
818.70,376.99,817.00,376.82
813.40,339.25,813.27,337.41
813.40,339.25,814.40,337.35
778.24,384.76,776.83,384.92
823.21,435.62,823.49,435.19
805.60,329.18,805.75,329.84
804.41,328.42,804.63,328.53
805.50,350.64,806.93,351.23
813.70,324.66,813.64,324.33
818.11,424.43,825.96,425.67
822.51,340.69,822.51,343.58
826.30,333.95,826.80,334.08
828.20,332.50,828.06,332.50
827.42,328.98,827.70,328.65
749.41,353.56,748.93,353.80
804.65,332.67,804.31,331.77
813.40,335.56,814.40,337.35
767.26,373.31,767.11,373.61
813.88,327.63,813.33,327.40
818.69,318.84,819.39,319.70
773.66,384.09,772.64,382.93
828.62,333.88,829.78,335.33
824.09,398.17,824.00,397.16
804.31,329.74,804.52,328.80
730.14,356.62,729.86,360.00
803.86,331.95,803.88,332.11
821.29,323.64,819.80,320.17
788.80,377.64,789.33,377.77
783.43,376.39,783.15,377.04
821.07,448.96,819.55,449.39
800.60,333.17,800.23,333.32
801.91,395.51,801.11,396.81
750.70,356.94,749.55,355.78
807.05,332.50,807.09,332.58
827.10,330.64,827.37,330.90
828.75,357.48,828.89,357.36
780.74,383.66,779.50,384.38
774.67,377.42,775.11,377.63
798.74,332.44,799.20,332.13
821.29,323.64,820.00,320.03
765.03,382.20,765.19,382.45
803.30,400.36,803.44,398.26
818.61,339.39,818.77,339.33
823.89,340.50,824.03,339.92
825.88,333.38,825.67,332.67
821.32,360.52,820.64,360.44
778.36,384.75,779.89,384.85
797.46,339.80,797.74,338.53
830.72,332.59,830.47,332.35
823.09,398.24,823.03,400.20
822.13,423.32,822.04,424.07
814.79,331.42,815.11,331.25
804.38,428.34,804.90,428.85
789.30,365.51,790.54,366.89
779.50,384.38,780.74,383.66
801.52,356.08,800.87,356.50
794.30,339.97,794.03,338.74
811.33,386.94,809.62,383.56
822.72,426.94,822.84,427.72
814.40,337.35,813.79,340.90
780.92,377.87,780.93,378.25
746.49,365.21,748.10,364.95
805.84,327.35,805.84,327.22
779.31,373.31,779.09,373.61
795.27,341.53,794.73,340.93
795.87,337.26,795.27,341.53
771.65,378.34,770.35,378.28
792.84,378.63,792.63,379.09
800.34,324.66,800.71,327.40
811.56,440.91,810.81,441.72
824.11,353.11,824.21,353.33
787.97,351.84,788.11,351.89
825.33,362.87,825.33,369.17
768.57,375.49,768.41,375.74
828.81,364.27,828.65,363.93
797.24,337.26,797.24,331.43
828.33,330.41,828.86,330.39
763.47,377.87,764.77,377.94
809.67,302.29,814.33,302.25
826.59,355.23,828.52,355.21
781.25,384.74,781.03,384.48
797.74,338.53,797.83,337.14
831.75,333.48,832.07,333.31
794.20,367.19,797.71,367.19
826.39,331.61,825.80,332.04
796.57,360.78,798.47,360.78
782.73,378.53,782.94,378.41
793.93,382.14,794.13,381.68
814.20,337.31,813.07,337.38
773.48,384.21,773.44,384.44
815.38,320.87,813.70,320.87
811.16,305.10,815.63,304.47
802.01,348.01,803.86,348.46
825.45,329.74,827.00,329.32
805.17,348.49,805.50,350.64
806.05,337.57,810.37,337.32
823.51,353.11,823.42,353.33
780.29,367.99,781.68,369.61
807.46,383.61,804.50,383.43
801.51,395.02,802.73,395.35
807.26,331.57,807.31,331.60
804.88,432.03,804.84,431.54
812.91,357.84,812.08,358.08
797.24,337.26,799.31,340.58
816.40,333.02,816.16,333.27
825.33,362.87,824.94,369.00
768.57,375.49,767.97,375.90
797.24,337.26,798.74,332.44
775.28,377.26,775.47,377.47
823.23,397.97,823.45,400.54
805.84,327.22,806.32,327.34
822.80,428.34,823.14,427.62
786.03,369.64,786.93,368.97
823.17,345.93,823.10,346.50
818.19,420.72,826.07,421.45
807.57,341.09,808.39,341.64
810.86,448.96,811.20,448.49
817.86,427.08,809.72,427.09
818.74,324.00,818.54,323.61
822.57,395.98,822.72,396.17
744.26,355.85,742.83,355.12
804.45,329.66,804.60,328.73
814.36,332.00,814.53,331.68
761.35,380.73,761.25,380.80
820.80,343.08,820.80,337.26
828.52,357.07,828.85,355.31
800.08,340.91,799.70,339.24
796.21,368.68,796.29,368.80
821.89,422.76,821.07,422.43
826.39,331.61,826.39,332.35
823.39,338.92,823.19,339.03
809.12,341.41,807.67,341.48
803.04,404.12,803.57,402.49
827.41,333.76,828.25,332.88
811.80,441.46,809.33,427.41
805.78,369.66,807.34,368.09
798.08,324.65,797.94,325.21
747.89,360.00,747.52,357.67
804.38,331.82,804.45,331.87
822.17,359.59,821.43,359.57
773.68,377.92,773.88,377.90
802.73,395.35,803.08,396.13
801.56,401.20,801.95,400.76
823.86,334.53,823.39,333.57
795.04,357.37,794.98,357.09
764.21,377.47,763.57,371.05
827.60,331.61,828.06,334.85
746.37,360.00,746.12,358.41
804.68,332.84,804.38,331.82
810.85,440.93,810.52,442.19
789.37,372.77,740.76,371.10
807.57,341.09,806.76,341.71
800.27,341.77,800.32,341.75
814.74,349.25,816.10,350.20
766.38,382.71,766.47,382.29
768.27,382.20,767.67,378.09
808.08,325.59,809.56,324.16
806.05,445.37,806.63,445.86
822.16,337.26,823.86,334.53
796.30,357.36,796.11,357.54
813.27,337.41,814.40,337.35
820.15,380.62,819.98,380.77
803.86,329.46,804.07,328.98
791.47,380.33,791.12,379.72
736.37,358.41,736.12,360.00
804.60,332.75,804.44,331.77
807.28,332.66,807.49,332.68
768.27,382.20,766.30,378.02
808.08,325.59,809.87,324.41
822.16,337.26,820.94,333.73
822.07,358.30,821.34,358.35
790.33,376.77,789.50,376.67
809.61,357.86,809.29,355.74
800.76,400.70,800.40,400.31
823.32,397.96,823.48,397.94
746.12,361.58,746.37,360.00
824.91,360.71,824.91,355.35
765.94,382.10,765.82,381.94
820.48,334.74,820.94,333.73
801.24,400.38,800.87,400.00
773.47,378.43,773.58,378.46
793.28,379.77,794.27,379.77
826.15,334.09,825.85,333.49
830.52,332.70,830.72,332.59
814.98,303.90,810.65,304.52
831.61,340.44,830.25,340.41
798.76,402.13,799.19,403.76
827.85,327.91,828.82,329.18
806.52,308.01,807.19,309.23
805.60,329.18,805.53,329.92
822.83,321.38,818.74,324.00
799.76,364.87,800.23,365.08
776.41,385.02,776.51,384.75
806.80,383.42,804.50,383.43
826.84,329.99,827.00,329.32
818.49,391.02,818.67,391.16
825.94,334.11,825.47,333.63
822.16,337.26,823.86,339.80
774.19,382.02,772.85,381.94
818.51,382.38,820.89,382.38
806.47,327.20,806.92,327.67
822.79,321.23,821.53,319.82
827.97,386.31,827.84,387.17
822.16,337.26,820.19,338.74
816.30,378.63,815.31,378.63
807.03,426.45,807.88,426.49
794.82,335.61,795.18,333.98
806.25,377.43,804.29,377.32
806.58,333.26,806.17,333.76
793.38,378.26,790.28,377.86
779.50,384.38,779.61,384.63
791.38,380.62,791.31,380.67
797.02,333.57,796.48,332.97
827.37,330.90,827.54,331.24
831.75,333.48,832.07,333.27
828.86,326.60,828.01,325.69
792.39,378.24,793.67,378.36
798.44,396.52,798.73,395.23
826.80,327.22,827.30,327.34
824.88,341.78,825.60,342.27
828.39,343.51,826.86,342.34
806.47,334.02,805.97,334.23
813.54,342.18,800.32,341.75
798.97,323.72,798.77,323.86
794.56,355.57,794.66,355.33
783.96,376.12,789.50,376.67
808.44,342.27,809.57,342.46
781.90,356.87,782.26,356.87
781.99,362.15,782.20,363.13
824.94,369.00,824.17,369.64
807.21,370.68,796.28,370.42
818.19,420.72,826.30,420.72
807.57,341.09,808.27,342.17
823.77,340.17,832.89,340.51
817.69,324.61,818.09,324.57
818.04,325.02,817.69,324.61
807.71,353.48,808.67,354.30
828.02,330.65,827.06,330.06
827.17,347.83,826.54,348.85
773.45,377.87,774.79,377.94
817.85,379.67,818.57,379.71
804.45,331.87,804.37,330.77
817.92,323.78,817.48,323.86
804.29,377.32,803.97,377.17
803.73,330.06,803.86,329.46
809.73,306.55,809.17,304.60
804.58,381.32,804.67,381.99
822.89,398.19,823.06,398.08
746.12,358.41,745.39,356.99
804.45,331.87,804.31,330.76
817.97,347.62,818.68,348.68
764.55,382.32,764.49,382.15
826.26,355.67,824.39,360.91
741.25,365.13,742.83,364.88
806.30,333.76,805.71,333.95
820.80,337.26,819.96,331.78
816.73,401.12,816.58,400.10
818.23,392.18,822.20,391.61
831.98,332.79,831.82,332.94
814.80,396.75,815.75,396.84
821.83,320.08,822.79,321.23
803.22,344.71,803.51,344.39
809.03,357.87,808.74,360.00
782.66,377.96,782.84,377.81
825.32,329.74,825.67,328.80
828.52,357.07,828.52,355.21
818.75,332.37,813.83,333.77
828.86,333.31,830.20,334.98
830.25,351.17,833.70,351.10
823.28,391.43,823.17,391.32
800.83,321.15,800.83,324.45
796.68,352.04,795.50,353.04
800.16,342.46,798.66,344.44
818.57,309.23,818.66,309.57
826.90,346.96,827.18,347.65
826.49,362.51,826.33,362.85
792.94,382.15,793.93,382.15
825.45,329.74,825.32,329.74
770.54,384.24,769.97,384.20
824.65,339.29,824.92,339.19
830.51,331.71,830.95,331.69
813.50,335.37,813.50,329.98
828.65,363.93,829.70,364.15
820.80,337.26,820.80,331.43
798.97,324.61,799.31,324.13
791.87,378.25,795.71,378.43
802.00,381.44,792.04,380.88
805.75,331.31,807.12,331.57
825.19,401.03,825.35,399.67
820.01,443.89,820.05,439.02
829.78,335.33,829.78,342.60
821.29,323.64,821.22,323.78
824.36,334.70,824.05,334.39
819.89,355.97,820.18,356.19
777.66,368.25,777.34,368.42
818.91,379.71,818.81,381.12
820.09,439.10,821.88,438.93
821.15,394.01,821.80,398.08
812.89,336.33,812.89,344.31
813.46,324.48,813.64,324.33
801.95,400.76,801.56,401.20
829.76,335.51,831.38,333.54
764.54,377.99,764.35,377.98
804.63,330.65,805.40,331.84
804.41,328.42,805.25,327.55
798.76,320.39,798.54,320.91
742.83,355.12,741.25,354.87
775.12,384.55,773.84,384.95
822.72,395.35,823.08,396.13
803.88,329.32,804.11,328.78
799.16,323.82,798.97,323.72
822.40,332.44,821.64,331.66
825.74,341.68,825.78,341.64
834.28,339.74,828.16,344.31
799.36,324.57,798.97,324.61
799.31,325.02,799.36,324.57
828.32,422.46,828.47,423.62
830.68,332.37,830.72,332.14
814.77,332.37,814.55,332.35
774.63,382.20,774.47,382.45
815.49,331.65,815.27,331.68
779.36,378.17,779.60,378.22
821.30,379.71,821.20,378.29
738.02,352.82,740.35,352.45
805.80,330.57,805.75,331.31
749.55,364.21,750.70,363.06
806.72,327.91,806.75,327.80
788.57,363.75,789.30,365.51
801.32,398.14,802.45,397.16
748.10,355.04,746.49,354.79
810.06,363.49,809.43,364.52
779.75,378.19,779.60,378.22
823.01,395.02,823.44,395.51
804.52,332.67,804.31,331.77
793.24,359.64,793.14,360.09
792.87,351.44,791.64,352.89
813.40,339.25,813.43,339.31
465.65,483.16,584.37,230.02
803.54,392.12,804.19,390.88
824.15,343.36,824.81,343.15
773.47,378.43,773.32,377.92
828.11,328.53,828.35,329.47
806.30,327.47,806.72,327.91
817.82,425.66,826.04,427.09
804.35,413.09,812.41,413.09
822.75,340.46,822.51,340.69
813.64,331.94,813.49,332.28
796.11,357.54,794.67,357.52
817.91,371.38,819.09,377.75
799.36,324.57,798.89,324.08
829.62,330.84,817.10,330.57
780.90,384.09,782.17,383.10
804.26,319.82,802.78,321.23
817.37,343.51,815.78,344.89
828.16,336.33,828.16,329.87
828.01,325.69,828.14,326.35
799.92,396.12,800.23,395.42
806.75,333.36,806.32,333.88
828.40,325.75,824.67,336.04
796.94,360.92,794.50,360.91
797.65,343.51,798.76,344.89
802.69,321.38,798.87,324.56
814.61,332.01,814.55,332.35
813.64,331.94,802.65,331.94
810.60,326.35,810.47,325.69
827.90,337.32,828.86,335.94
767.18,374.22,768.88,373.70
825.60,398.21,826.30,396.18
800.27,328.39,800.33,333.12
748.42,354.13,747.52,357.67
804.95,325.98,804.44,336.04
819.16,369.19,816.16,372.19
812.89,329.87,813.23,335.90
746.60,368.52,748.42,365.87
827.23,403.71,825.83,405.53
767.13,377.61,766.92,374.58
823.23,392.62,821.58,392.46
770.56,384.31,770.68,384.06
829.23,360.91,829.23,370.64
801.01,308.77,800.93,309.18
810.37,337.32,810.60,336.79
826.84,331.46,827.01,330.72
821.20,360.25,821.34,359.95
795.66,351.45,795.47,351.45
769.28,383.58,768.09,382.63
813.23,329.69,812.70,328.56
803.51,409.97,809.36,406.21
817.83,324.08,817.76,324.65
807.57,367.42,808.71,367.14
808.43,341.05,808.39,341.64
819.66,363.20,821.22,360.44
806.54,320.17,806.26,319.92
827.70,328.65,828.02,328.53
797.02,340.81,797.89,341.36
607.93,372.27,584.37,230.02
767.02,381.33,765.82,381.94
821.52,333.05,822.16,332.79
829.70,361.88,829.70,364.15
809.69,425.67,808.98,425.53
834.54,387.34,827.97,387.35
798.69,355.13,798.18,355.26
825.21,325.98,824.59,325.45
795.87,332.79,796.48,332.97
807.07,339.57,807.31,339.29
826.55,332.71,826.87,332.55
831.40,332.37,830.68,332.37
798.54,320.91,797.65,321.73
789.49,347.84,787.66,348.96
735.91,366.10,738.02,367.18
806.58,333.26,806.72,333.26
806.76,340.54,806.88,340.00
798.74,332.44,798.03,331.66
827.60,331.61,827.54,331.98
763.27,377.42,763.15,377.56
789.37,372.77,737.33,370.56
807.57,341.09,806.88,342.24
796.32,355.53,796.45,355.31
782.94,377.46,782.73,377.35
823.55,364.91,823.73,364.73
807.31,342.91,807.07,342.65
814.61,345.69,814.58,345.65
763.27,377.42,762.79,377.40
819.55,449.39,811.71,449.38
807.57,341.09,807.07,342.65
807.31,342.91,807.57,341.09
807.23,383.38,804.28,383.20
746.12,358.41,745.39,356.99
807.39,330.53,807.26,331.57
783.92,376.48,783.96,376.12
814.20,341.44,813.82,341.33
828.83,329.34,828.97,329.92
792.87,351.44,795.50,353.04
790.65,380.19,792.97,380.19
825.33,362.87,824.94,362.87
779.58,368.25,777.34,368.42
827.29,331.27,827.09,331.38
799.64,339.21,800.01,340.84
809.35,381.85,807.47,382.03
807.12,329.52,807.20,330.54
807.40,343.06,807.68,343.15
821.61,443.77,826.99,444.04
799.51,337.38,799.64,339.21
830.98,331.79,831.18,331.68
813.89,324.45,813.59,324.46
825.07,329.66,825.26,329.70
825.11,339.11,825.38,339.39
826.92,355.79,825.61,359.58
805.06,328.36,806.17,327.47
794.30,360.71,794.30,355.56
800.60,337.31,800.01,333.85
802.72,381.29,803.97,380.82
806.58,327.91,806.91,328.61
831.40,332.37,831.18,331.68
823.52,360.91,823.52,355.61
814.20,337.31,813.21,339.21
793.96,367.25,797.31,367.25
776.90,377.56,777.14,377.34
791.82,380.77,792.09,380.86
804.84,328.05,805.25,327.55
798.08,324.65,797.88,324.65
805.26,390.88,804.61,392.12
815.71,333.05,816.32,333.26
779.04,367.50,730.20,363.43
815.78,340.51,816.71,340.51
815.00,340.55,815.78,340.51
817.82,425.66,818.11,424.43
828.21,422.37,828.25,421.49
815.74,341.02,815.74,343.85
736.37,358.41,736.12,360.00
809.01,419.52,809.32,420.03
819.42,318.83,819.49,319.70
780.75,382.58,781.25,378.30
807.92,421.16,808.62,421.97
807.27,379.06,806.52,376.85
800.57,320.33,800.75,320.48
812.41,413.09,814.31,412.92
822.72,339.18,822.78,338.68
821.20,378.29,826.21,372.35
813.70,324.66,813.33,327.40
812.86,441.88,810.18,424.27
803.68,330.73,803.73,330.06
825.53,396.03,824.67,393.98
806.52,308.01,807.10,309.55
793.67,364.48,794.47,365.80
779.54,373.21,779.75,373.33
816.73,401.12,819.28,402.27
828.16,336.33,834.51,337.89
792.73,368.93,794.04,368.81
812.40,364.26,811.63,363.79
816.71,340.51,816.56,340.79
812.89,344.31,819.00,339.86
827.90,343.32,827.70,343.32
828.97,355.80,828.27,359.57
806.87,349.15,806.92,349.22
825.22,403.60,825.90,402.16
797.15,371.33,796.10,379.25
828.25,332.88,828.33,332.65
804.64,331.87,804.56,330.77
828.86,333.31,828.62,333.88
823.05,398.22,822.72,396.17
738.02,352.82,738.23,355.85
805.39,327.55,805.71,327.35
820.80,331.43,821.64,331.66
800.30,342.36,800.79,342.56
790.07,380.71,789.30,380.76
788.44,349.73,788.09,348.95
827.13,331.61,827.09,331.38
747.52,362.33,747.89,360.00
767.87,373.75,767.77,374.14
809.69,425.67,810.00,424.44
766.30,378.02,766.30,377.66
830.65,439.75,820.73,444.93
808.39,341.64,808.27,342.17
785.13,370.93,798.63,369.07
810.52,442.19,810.81,441.72
740.35,369.98,738.02,367.18
819.29,339.25,819.62,338.87
798.63,324.20,798.29,323.78
799.92,396.12,799.72,396.24
806.75,333.36,806.92,333.48
806.79,389.19,805.99,389.90
825.21,359.56,825.79,360.91
831.24,333.41,830.93,333.26
804.84,328.05,804.97,328.05
827.80,422.97,827.83,422.14
825.70,335.57,822.72,338.18
828.07,444.16,828.44,444.48
823.35,343.58,822.51,340.69
827.80,422.97,828.25,421.49
774.64,382.93,774.43,382.59
826.09,353.10,825.77,353.24
793.03,366.34,792.63,368.54
826.83,355.56,827.03,355.56
781.25,384.74,782.55,383.99
818.61,339.39,818.55,338.90
820.19,336.00,820.48,334.74
746.60,368.52,748.93,366.19
804.96,304.89,804.90,307.04
814.43,396.48,797.23,396.48
798.35,373.60,800.46,373.09
817.10,335.51,817.47,336.30
822.93,398.21,823.28,400.45
829.32,354.92,828.38,353.10
810.76,302.94,810.69,302.72
801.24,371.65,801.24,369.38
793.70,371.74,793.54,371.18
823.00,401.60,821.80,398.08
824.63,336.19,823.39,337.57
813.66,327.83,813.86,328.39
782.62,356.87,782.20,356.87
813.81,320.48,819.51,319.92
798.89,325.06,798.73,325.44
813.51,342.37,801.25,342.37
820.80,337.26,823.53,337.10
815.63,344.49,814.58,345.65
798.47,369.48,796.62,371.27
791.98,382.36,792.58,382.84
819.62,338.87,819.24,338.89
808.08,342.60,807.84,342.89
815.49,332.37,815.27,331.68
766.38,382.71,766.07,382.41
784.55,376.03,786.66,376.03
800.60,341.44,800.27,341.53
781.03,384.48,782.28,383.76
749.55,355.78,748.10,355.04
803.01,413.27,803.38,413.30
830.72,332.14,830.82,331.94
825.96,421.16,825.15,421.46
822.96,338.06,823.10,338.32
789.30,380.76,789.07,380.55
796.17,371.67,798.04,372.12
827.46,331.26,827.29,330.94
807.57,339.19,807.84,339.26
818.42,380.42,818.25,380.43
807.62,309.23,807.39,308.94
828.82,329.18,828.83,329.34
761.73,369.81,763.54,369.83
822.96,338.06,822.76,337.97
776.75,360.00,778.81,360.00
810.39,304.64,805.55,306.93
800.75,369.55,799.27,370.99
807.31,339.29,807.57,339.19
791.52,380.88,791.52,380.77
801.88,401.52,802.35,401.38
807.05,332.50,806.72,333.26
819.29,338.52,819.43,338.25
801.58,310.29,801.66,309.96
805.39,327.55,805.84,327.35
761.33,369.80,763.27,369.81
823.16,400.70,823.41,400.31
824.89,329.02,825.19,331.61
806.96,425.99,807.88,426.49
791.17,371.16,793.01,372.29
795.87,337.26,794.73,340.93
789.37,372.77,740.76,371.10
806.76,341.71,806.72,341.13
823.27,358.57,823.08,358.43
775.63,383.76,773.14,382.83
819.24,338.89,819.29,338.52
793.03,366.34,794.32,366.46
784.64,368.02,785.64,367.46
804.81,382.51,803.89,383.18
815.49,332.37,814.91,332.79
817.60,371.30,815.64,379.23
774.47,382.45,774.72,382.63
793.32,380.44,794.31,380.44
792.34,380.06,792.33,380.61
801.15,405.37,801.91,405.00
828.20,332.50,828.82,331.98
818.43,444.22,817.30,444.67
828.93,355.79,828.23,359.56
834.51,339.86,828.16,344.31
816.50,343.51,816.20,343.99
828.01,325.69,827.38,324.41
819.29,339.25,819.43,339.51
826.16,332.31,826.39,332.35
815.64,379.23,816.49,379.21
796.62,370.24,796.13,369.08
818.01,368.37,818.34,368.39
794.85,370.33,795.02,370.24
788.80,378.84,782.64,377.94
825.65,331.61,825.69,331.84
816.42,409.87,815.00,410.12
796.39,370.33,796.62,370.24
808.10,421.46,808.32,421.48
804.88,432.03,804.77,431.98
812.91,357.84,813.08,360.00
797.24,337.26,794.82,339.19
816.33,372.39,818.49,372.12
796.28,370.42,794.79,370.42
825.80,331.18,825.69,331.38
825.96,331.02,825.80,331.18
800.08,399.29,799.98,397.97
828.21,334.74,827.90,335.42
814.57,405.02,822.42,405.02
826.39,330.88,826.16,330.91
790.28,368.25,790.36,368.37
820.06,444.15,818.62,444.48
826.62,330.91,826.39,330.88
817.82,409.97,825.48,407.59
826.82,331.02,826.62,330.91
817.95,347.43,817.97,347.62
767.18,374.22,767.85,374.89
822.64,412.48,821.94,411.98
815.27,333.05,815.49,333.08
818.80,372.32,819.25,372.06
821.70,320.03,821.83,320.08
789.09,371.38,789.49,368.39
826.99,331.18,826.82,331.02
742.68,367.18,744.78,366.10
778.24,384.76,779.58,384.00
813.10,328.38,802.37,329.24
820.24,397.91,820.22,395.84
810.39,307.26,810.62,304.89
805.66,391.32,805.04,392.49
815.91,332.94,816.07,332.79
744.26,364.15,745.39,363.01
805.48,334.09,805.97,334.23
805.46,352.33,806.62,351.84
820.09,337.37,820.19,336.00
824.47,339.11,824.72,339.63
816.20,382.44,817.19,382.44
776.46,384.41,775.21,384.80
781.66,357.85,781.82,360.00
831.18,331.68,831.40,331.65
807.23,383.38,805.09,382.16
802.30,394.84,802.73,395.35
807.39,330.53,807.31,331.60
814.81,332.59,814.91,332.79
814.81,332.14,814.77,332.37
826.83,360.71,826.83,355.56
800.08,340.91,799.64,339.21
796.21,368.68,798.28,368.80
826.39,331.61,826.16,332.31
804.78,428.11,805.27,428.90
799.37,337.41,799.50,339.25
794.03,338.74,794.42,338.97
768.22,375.83,767.97,375.90
827.35,424.05,828.11,423.32
814.91,331.94,814.81,332.14
802.81,404.04,801.40,404.59
828.59,355.81,828.63,359.57
738.02,367.18,740.35,367.55
828.06,334.85,826.76,332.76
778.34,371.11,778.58,370.89
818.18,382.24,818.51,382.38
739.66,364.88,741.25,365.13
806.72,333.26,806.17,333.76
804.05,364.17,800.23,365.08
796.25,355.33,796.25,360.77
790.65,376.29,792.79,376.29
209.06,461.38,247.56,298.84
831.40,332.37,831.40,333.08
815.91,331.79,815.71,331.68
743.43,364.21,744.88,364.95
808.52,388.64,807.64,388.76
824.75,440.39,823.92,440.05
803.51,409.97,803.50,410.62
772.00,377.99,771.30,377.96
800.43,342.13,799.87,340.90
828.02,330.65,828.02,332.77
798.97,324.61,799.16,325.35
804.33,328.65,804.63,328.53
799.74,399.00,800.34,397.99
736.37,361.58,737.10,363.01
824.77,441.29,824.26,442.10
831.40,332.37,831.62,333.05
794.39,349.07,792.75,350.07
771.15,382.83,770.99,382.58
831.82,332.94,831.62,333.05
820.08,378.88,819.94,378.95
823.16,400.70,823.41,400.31
825.97,335.13,813.23,335.90
831.17,348.81,832.74,349.79
767.69,373.33,767.91,373.64
821.61,443.77,821.97,438.91
816.17,332.14,816.07,331.94
815.07,332.94,815.27,333.05
800.80,327.80,800.95,327.62
827.32,427.41,826.83,426.03
808.58,357.85,808.74,360.00
831.82,331.79,831.98,331.94
797.77,354.56,798.68,353.78
808.27,339.93,808.39,340.46
802.40,396.74,802.10,395.40
814.48,302.17,814.26,302.09
819.00,390.09,818.15,389.31
784.86,371.08,781.67,370.98
793.31,372.14,744.19,370.56
806.72,341.13,806.76,340.54
733.17,357.67,732.80,360.00
807.12,329.52,807.26,329.52
813.46,340.91,799.70,339.24
799.42,350.64,800.93,350.29
817.18,383.76,817.74,383.18
824.15,338.78,824.47,339.11
805.71,327.35,805.06,328.36
813.07,337.38,813.21,335.53
818.15,379.28,817.97,379.07
805.72,302.88,810.34,302.83
816.15,362.82,815.92,362.81
827.35,424.05,809.77,424.79
830.82,331.94,830.98,331.79
804.55,320.08,804.26,319.82
827.01,330.72,827.06,330.06
798.63,324.20,798.58,324.64
789.90,379.51,790.33,379.73
767.64,384.11,767.76,383.86
823.90,337.12,824.16,335.76
807.36,309.86,807.08,318.84
825.62,343.76,825.29,344.26
821.66,391.26,819.97,390.84
819.00,307.66,815.64,304.60
813.86,341.77,814.20,341.75
804.38,331.82,804.31,330.76
813.33,342.69,813.88,342.46
816.88,378.24,817.61,378.49
804.60,328.73,804.94,327.95
779.69,375.61,779.47,375.90
831.03,440.03,828.99,441.74
830.82,332.79,830.72,332.59
830.98,332.94,831.40,332.37
813.93,344.33,839.57,342.71
806.20,388.79,805.78,388.87
793.69,355.53,794.30,355.84
807.84,339.26,808.08,339.52
819.00,307.66,815.64,306.56
815.31,348.21,798.32,348.05
744.78,353.89,742.68,352.82
819.96,342.83,819.21,342.04
801.55,319.50,801.54,320.32
824.67,393.98,825.77,394.23
809.77,424.79,809.65,425.05
826.39,331.61,825.80,331.18
827.50,404.50,825.75,398.28
828.02,330.65,829.02,330.58
805.80,330.57,805.53,331.24
825.68,333.61,825.30,332.84
824.69,440.83,823.83,440.79
794.01,355.79,793.78,356.18
818.74,325.13,822.83,321.38
822.46,423.72,822.13,423.32
802.27,344.33,827.17,342.71
804.64,412.48,805.16,411.98
794.19,369.85,795.82,370.85
821.84,423.20,821.11,423.95
828.33,332.65,828.02,332.77
730.14,363.38,730.38,363.26
804.41,332.93,804.11,332.61
805.04,412.80,805.84,412.51
794.47,365.80,795.48,366.97
822.05,422.50,821.07,422.43
805.35,349.55,806.92,350.51
796.16,371.65,796.38,371.42
824.16,335.76,823.86,334.53
808.01,323.87,808.24,323.78
829.02,330.58,828.97,331.24
825.34,395.58,825.29,395.98
815.49,332.37,815.07,331.79
807.28,411.95,808.02,411.21
799.19,373.88,801.44,373.63
773.02,383.16,773.98,382.35
821.29,323.64,819.80,320.17
799.31,324.13,798.73,323.74
807.97,343.04,809.03,343.36
825.70,400.54,825.74,398.28
812.38,350.79,809.48,350.86
767.37,373.10,767.69,373.33
827.20,329.46,827.42,328.98
781.86,370.33,734.23,368.98
822.82,340.17,823.64,340.13
820.98,358.30,820.32,358.35
820.87,391.15,819.79,391.15
831.03,440.03,827.69,424.39
829.04,330.57,829.02,330.58
823.39,333.57,822.81,332.97
826.99,332.04,827.09,331.84
814.79,347.16,814.99,347.40
805.09,418.02,805.48,418.32
802.29,349.78,801.34,350.91
800.93,309.18,801.55,319.50
836.11,355.25,827.08,353.31
824.05,329.47,823.90,333.85
828.04,444.93,828.86,444.22
800.60,341.44,800.23,341.33
773.17,385.04,771.88,384.95
792.77,379.81,792.65,379.24
827.67,327.67,828.04,328.44
824.92,341.09,825.20,342.89
818.29,376.83,816.59,376.66
807.99,325.75,804.44,336.04
806.58,327.91,806.72,327.91
822.04,401.89,822.67,402.62
764.50,377.42,764.25,377.47
801.25,308.41,804.55,307.27
808.44,339.84,808.57,340.41
803.65,396.87,803.37,395.66
814.44,302.30,814.33,302.25
828.21,334.74,817.80,336.02
824.07,340.54,824.20,340.00
817.59,439.21,816.70,422.17
815.49,332.37,815.91,332.94
823.60,400.36,823.68,400.19
736.12,360.00,736.37,361.58
807.26,329.52,807.20,330.54
812.38,350.79,811.33,351.10
768.67,374.18,768.18,374.63
819.99,438.68,818.64,421.97
816.07,332.79,816.17,332.59
823.00,358.08,830.88,355.71
788.09,348.95,789.92,347.83
827.29,331.27,827.13,330.95
738.23,364.15,739.66,364.88
807.05,332.50,806.58,333.26
789.45,372.69,790.11,371.31
821.52,341.53,820.94,340.93
824.88,411.20,823.96,410.67
815.71,331.68,815.49,331.65
825.45,339.52,825.65,339.93
824.05,334.39,823.90,333.85
824.21,353.33,824.18,356.09
779.58,368.25,779.22,368.42
811.08,406.79,813.16,405.15
826.62,332.31,826.82,332.21
767.85,374.89,770.11,374.98
796.45,331.78,797.24,331.43
831.93,333.41,831.62,333.05
799.43,398.22,799.85,396.41
822.68,341.14,822.73,340.40
800.10,328.22,800.16,327.63
794.74,340.38,795.42,340.38
824.26,340.81,831.53,340.81
371.31,368.27,247.56,298.84
804.65,332.67,804.44,331.77
804.31,329.74,803.88,329.32
818.34,308.93,815.64,306.56
767.48,369.81,764.20,382.87
815.71,333.05,815.49,332.37
800.34,324.66,800.34,320.87
808.44,342.27,808.23,342.73
826.83,360.71,827.03,357.10
824.94,369.00,825.33,369.17
731.69,353.56,730.38,356.74
804.07,332.40,804.11,332.61
824.65,342.91,824.40,342.65
794.71,370.45,796.17,371.67
826.14,421.46,825.45,421.97
814.30,332.37,814.02,329.84
805.37,327.42,805.48,327.28
761.95,381.33,761.25,380.80
804.33,328.65,804.41,328.42
746.99,368.86,746.60,368.52
806.91,328.61,805.75,329.84
775.04,382.34,774.72,382.63
801.66,309.96,802.41,310.18
801.24,400.38,801.12,400.36
811.62,405.15,813.39,405.02
824.92,339.19,825.20,339.26
824.92,341.09,824.20,342.24
796.01,379.24,797.00,371.86
819.00,337.89,818.78,338.03
800.30,333.26,800.33,333.12
804.63,330.65,805.18,332.33
818.72,338.90,818.77,339.33
750.96,356.62,750.42,356.74
804.97,333.38,805.39,333.82
808.82,407.59,811.08,406.79
790.18,377.75,790.28,377.86
804.50,413.22,804.64,412.48
792.73,358.46,792.68,359.05
791.31,380.67,791.52,380.88
794.73,333.73,795.27,333.05
802.20,391.80,803.27,390.67
792.73,368.61,794.19,369.85
793.14,369.49,794.60,370.81
811.63,360.00,811.55,359.05
812.73,310.51,817.88,309.86
805.65,384.58,805.57,384.07
827.07,354.27,827.49,354.37
818.69,318.84,817.89,318.84
800.34,372.99,802.32,372.17
804.92,389.90,806.79,389.19
824.91,440.14,824.20,439.62
803.86,331.95,803.73,331.37
784.55,379.86,786.68,379.47
813.59,333.85,813.82,333.32
789.45,372.69,793.61,370.75
821.52,341.53,822.16,337.26
774.64,382.93,774.43,382.59
814.50,302.41,814.48,302.17
817.27,368.37,818.15,362.15
815.60,341.21,815.23,342.48
825.49,402.49,825.15,403.69
823.21,418.02,822.40,418.32
813.64,331.94,813.97,332.27
831.62,333.05,831.40,333.08
804.33,332.69,804.63,330.65
805.71,327.35,805.84,327.35
