829.23,407.56,829.38,404.12
830.17,404.99,829.38,404.12
830.50,405.34,830.43,405.18
829.98,405.10,830.08,405.07
830.12,405.05,830.23,405.02
830.03,405.14,829.98,405.10
830.03,405.14,830.12,405.05
829.96,405.28,829.90,405.18
829.96,405.28,830.03,405.14
830.38,405.97,830.39,405.77
830.38,405.97,830.57,405.77
830.55,405.98,830.57,405.77
829.78,405.50,829.83,405.32
829.91,405.48,829.83,405.32
829.91,405.48,829.96,405.28
830.33,406.14,830.38,405.97
830.50,406.18,830.55,405.98
829.77,405.70,829.78,405.50
829.89,405.69,829.78,405.50
829.89,405.69,829.91,405.48
830.26,406.28,830.33,406.14
829.78,405.90,829.77,405.70
829.83,406.09,829.78,405.90
829.96,406.12,829.78,405.90
829.96,406.12,829.91,405.91
830.08,406.39,830.18,406.37
829.90,406.24,829.83,406.09
830.03,406.28,829.83,406.09
830.03,406.28,829.96,406.12
829.94,405.46,829.99,405.25
829.91,405.48,829.99,405.25
829.91,405.48,829.96,405.28
829.96,405.28,829.99,405.25
830.03,405.14,830.07,405.09
830.17,404.99,830.03,405.14
830.29,404.96,830.12,405.05
830.33,405.07,830.40,405.01
830.50,405.13,830.33,405.07
830.43,405.18,830.33,405.07
830.43,405.18,830.50,405.13
830.58,405.31,830.43,405.18
830.50,405.34,830.58,405.31
830.50,406.18,830.55,405.98
829.89,405.69,829.91,405.91
829.89,405.69,829.91,405.48
830.33,406.52,833.03,406.52
830.33,406.52,831.93,407.90
829.24,407.90,831.93,407.90
829.05,402.14,829.11,402.31
825.21,402.14,829.05,402.14
829.23,407.56,823.39,407.56
823.55,404.12,829.38,404.12
828.89,402.59,825.00,402.59
825.07,402.56,828.89,402.59
828.90,402.56,828.89,402.59
825.07,402.56,828.90,402.56
829.01,402.63,825.18,402.63
825.27,402.31,829.01,402.63
825.27,402.31,829.11,402.31
829.05,402.14,825.21,402.14
828.46,403.77,829.38,404.12
824.58,403.77,828.46,403.77
825.00,402.59,828.89,402.59
829.01,402.63,829.05,402.70
829.07,402.05,829.17,402.31
829.07,402.05,825.18,402.05
829.39,400.99,829.07,402.05
829.39,400.99,825.50,400.99
829.05,402.70,828.46,403.77
829.83,403.91,828.46,403.77
829.05,402.70,829.01,402.63
829.56,401.08,829.39,400.99
829.52,401.02,829.56,401.08
829.53,400.51,825.70,400.51
825.67,400.43,829.53,400.51
825.67,400.43,829.53,400.51
829.55,400.43,829.53,400.51
825.67,400.43,829.55,400.43
829.83,403.91,830.38,402.41
829.17,402.31,830.38,402.41
829.52,401.02,829.61,400.68
829.67,400.67,829.52,401.02
829.67,400.67,829.52,401.02
829.67,400.67,829.56,401.08
829.67,400.67,829.61,400.68
829.53,400.51,829.67,400.67
829.53,400.51,829.55,400.43
829.55,400.43,825.67,400.43
825.88,399.40,829.55,400.43
829.77,399.40,825.88,399.40
825.94,399.36,829.77,399.40
829.78,399.36,829.77,399.40
825.94,399.36,829.78,399.36
826.03,398.86,829.87,398.86
829.89,399.37,826.05,399.37
829.95,399.01,829.89,399.37
829.78,399.36,825.94,399.36
829.89,399.37,829.78,399.36
826.05,399.37,829.89,399.37
825.99,398.78,826.03,398.86
829.87,398.86,825.99,398.78
829.88,398.78,829.87,398.86
829.67,400.67,829.55,400.43
829.93,399.43,829.67,400.67
829.77,399.40,829.93,399.43
829.89,399.37,829.93,399.43
829.78,399.36,829.89,399.37
826.19,397.73,830.02,397.78
830.03,397.73,830.02,397.78
829.88,398.78,825.99,398.78
830.02,397.78,829.88,398.78
830.01,398.99,829.95,399.01
831.01,400.32,830.38,402.41
831.01,400.32,829.67,400.67
829.93,399.43,831.01,400.32
829.93,399.43,829.67,400.67
829.89,399.37,829.95,399.01
830.01,398.99,829.89,399.37
830.01,398.99,829.93,399.43
830.07,397.17,830.20,397.32
826.23,397.17,830.07,397.17
830.03,397.73,826.19,397.73
830.16,397.71,830.03,397.73
830.08,397.10,830.07,397.17
826.19,397.10,830.08,397.10
826.32,396.08,826.26,396.14
830.16,396.14,826.26,396.14
826.32,396.08,830.16,396.14
830.16,396.08,830.16,396.14
826.32,396.08,830.16,396.08
830.21,397.76,830.02,397.78
829.88,398.78,830.02,397.78
830.01,398.99,829.88,398.78
830.20,397.32,830.16,397.71
826.35,397.32,830.20,397.32
830.21,397.76,830.02,397.78
830.16,397.71,830.21,397.76
830.03,397.73,830.16,397.71
826.44,396.04,826.32,396.08
830.16,396.08,826.32,396.08
830.28,396.04,830.16,396.08
826.44,396.04,830.28,396.04
830.08,397.10,826.19,397.10
830.25,397.30,830.20,397.32
830.07,397.17,830.08,397.10
830.21,397.76,830.01,398.99
830.01,398.99,831.01,400.32
831.38,398.27,831.01,400.32
830.20,397.32,830.25,397.30
830.21,397.76,830.20,397.32
830.30,395.65,826.46,395.65
830.28,396.04,826.44,396.04
826.46,395.65,830.28,396.04
830.30,395.65,830.28,396.04
826.46,395.65,830.30,395.65
830.16,396.08,830.28,396.04
826.29,395.45,830.18,395.52
830.18,395.45,830.18,395.52
826.29,395.45,830.18,395.45
830.33,396.09,830.16,396.14
830.08,397.10,830.16,396.14
830.33,396.09,830.08,397.10
830.25,397.30,830.08,397.10
826.35,394.40,830.19,394.48
830.18,395.45,826.29,395.45
830.36,395.62,830.30,395.65
830.18,395.45,830.36,395.62
830.18,395.52,830.18,395.45
830.33,396.09,830.25,397.30
831.55,396.15,830.25,397.30
830.33,396.09,830.28,396.04
830.30,395.65,830.33,396.09
830.30,395.65,830.33,396.09
826.25,393.87,830.23,393.88
830.09,393.87,830.23,393.88
826.25,393.87,830.09,393.87
830.18,394.40,826.35,394.40
826.44,394.26,830.18,394.40
830.29,394.26,830.18,394.40
826.44,394.26,830.29,394.26
830.09,393.87,826.25,393.87
830.34,394.29,830.19,394.48
830.18,395.45,830.19,394.48
830.36,395.62,830.18,395.45
826.39,393.88,826.44,394.26
826.39,393.88,830.29,394.26
830.23,393.88,830.29,394.26
826.39,393.88,830.23,393.88
830.18,394.40,830.19,394.48
830.34,394.29,830.19,394.48
830.18,394.40,830.34,394.29
830.29,394.26,830.34,394.29
830.18,394.40,830.29,394.26
826.04,392.76,829.89,392.84
829.87,392.76,829.89,392.84
830.09,393.82,826.19,393.82
830.27,393.83,830.23,393.88
830.09,393.87,830.09,393.82
831.57,394.44,831.55,396.15
830.23,393.88,830.27,393.83
830.34,394.29,830.23,393.88
829.87,392.76,826.04,392.76
830.00,392.56,829.87,392.76
830.05,392.58,829.89,392.84
829.87,392.76,830.05,392.58
830.00,392.56,830.05,392.58
829.87,392.76,830.00,392.56
830.05,392.58,829.89,392.84
830.27,393.83,830.09,393.82
826.09,392.19,830.00,392.56
829.93,392.19,830.00,392.56
826.09,392.19,829.93,392.19
829.93,392.19,829.97,392.13
830.00,392.56,829.93,392.19
830.05,392.58,830.00,392.56
830.05,392.58,830.27,393.83
831.57,394.44,830.94,391.28
829.93,392.19,826.09,392.19
829.76,392.20,829.93,392.19
825.93,392.20,829.76,392.20
829.97,392.13,829.93,392.19
830.91,390.98,830.91,387.25
829.76,392.20,825.93,392.20
825.87,392.15,829.76,392.20
829.76,392.15,829.76,392.20
825.87,392.15,829.76,392.15
829.56,391.18,829.76,392.15
829.97,392.13,829.76,392.15
830.94,391.28,830.91,390.98
829.54,390.87,829.54,387.16
830.91,390.98,830.91,387.25
825.68,391.18,829.76,392.15
829.56,391.18,829.76,392.15
829.54,390.87,829.54,387.16
825.65,387.16,829.54,387.16
829.56,391.18,825.68,391.18
823.39,407.56,824.55,406.47
824.44,406.50,824.55,406.47
823.39,407.56,824.09,405.93
823.39,407.56,823.55,404.12
824.32,404.99,824.22,405.09
824.32,404.99,823.55,404.12
824.83,405.22,824.74,405.12
824.49,405.02,824.60,405.07
824.74,405.12,824.60,405.07
824.64,405.07,824.74,405.12
824.76,405.34,824.69,405.18
824.89,405.37,824.83,405.22
824.39,405.05,824.49,405.02
824.64,405.07,824.49,405.02
824.55,405.10,824.64,405.07
824.81,405.55,824.76,405.34
824.94,405.56,824.89,405.37
824.30,405.14,824.39,405.05
824.46,405.18,824.55,405.10
824.83,405.77,824.81,405.55
824.95,405.77,824.94,405.56
824.81,405.55,824.94,405.56
824.23,405.28,824.30,405.14
824.40,405.32,824.46,405.18
824.81,405.98,824.83,405.77
824.83,405.77,824.95,405.77
824.18,405.48,824.23,405.28
824.40,405.32,824.23,405.28
824.35,405.50,824.40,405.32
824.76,406.18,824.81,405.98
824.81,405.98,824.94,405.97
824.16,405.69,824.18,405.48
824.35,405.50,824.18,405.48
824.34,405.70,824.35,405.50
824.69,406.33,824.76,406.18
824.83,406.28,824.76,406.18
824.83,406.28,824.89,406.14
824.34,405.70,824.16,405.69
824.18,405.91,824.34,405.70
824.60,406.42,824.69,406.33
824.74,406.37,824.69,406.33
824.74,406.37,824.83,406.28
824.69,406.33,824.83,406.28
824.23,406.12,824.18,405.91
824.40,406.09,824.35,405.90
824.49,406.44,824.60,406.42
824.64,406.39,824.74,406.37
824.60,406.42,824.74,406.37
824.30,406.28,824.23,406.12
824.40,406.09,824.23,406.12
824.46,406.24,824.40,406.09
824.39,406.39,824.49,406.44
824.55,406.34,824.64,406.39
824.49,406.44,824.64,406.39
824.55,406.34,824.46,406.24
824.18,405.48,824.14,405.25
824.14,405.25,824.23,405.28
824.32,404.99,824.39,405.05
824.44,404.96,824.49,405.02
824.65,405.13,824.69,405.18
824.80,405.77,824.83,405.77
824.73,406.21,824.76,406.18
824.49,406.44,824.60,406.42
824.55,406.47,824.60,406.42
824.30,406.28,824.39,406.39
824.22,406.33,824.30,406.28
824.09,405.93,824.18,405.91
824.09,405.46,824.08,405.69
826.54,407.90,829.24,407.90
831.12,406.92,827.63,406.52
831.12,406.92,830.94,406.33
827.63,406.52,827.28,405.92
826.54,407.90,827.63,406.52
826.10,407.43,826.54,407.90
825.00,402.59,825.16,402.70
825.27,402.31,825.28,402.31
825.21,402.14,825.27,402.31
823.55,404.12,824.90,404.27
824.58,403.77,823.55,404.12
825.94,403.91,824.58,403.77
827.28,405.92,830.94,406.33
825.94,403.91,824.58,403.77
825.16,402.70,824.58,403.77
825.18,402.63,825.16,402.70
825.27,402.31,825.18,402.63
825.28,402.31,825.27,402.31
825.28,402.31,825.67,401.08
825.50,400.99,825.28,402.31
825.18,402.05,825.28,402.31
825.50,400.99,825.18,402.05
825.67,401.08,825.68,401.02
825.50,400.99,825.67,401.08
825.56,400.96,825.50,400.99
825.94,403.91,824.90,404.27
825.94,403.91,826.48,402.41
825.68,401.02,825.67,401.08
825.77,400.68,825.68,401.02
825.78,400.67,825.67,400.43
825.77,400.68,825.78,400.67
825.70,400.51,825.77,400.68
826.48,402.41,834.18,403.22
825.94,403.91,834.18,404.79
826.48,402.41,825.94,403.91
825.78,400.67,826.04,399.43
825.67,400.43,825.78,400.67
825.88,399.40,825.67,400.43
826.04,399.43,826.05,399.37
825.88,399.40,826.04,399.43
826.12,398.99,825.99,398.78
826.11,399.01,826.12,398.99
826.04,399.43,825.78,400.67
825.78,400.67,827.11,400.32
826.05,399.37,826.04,399.43
826.12,398.99,826.05,399.37
826.11,399.01,826.05,399.37
826.13,397.78,825.99,398.78
826.32,397.76,826.13,397.78
826.32,397.76,826.32,397.71
826.13,397.78,826.32,397.76
826.19,397.73,826.13,397.78
826.23,397.17,826.36,397.30
826.35,397.32,826.36,397.30
826.23,397.17,826.35,397.32
826.12,398.99,827.11,400.32
827.47,398.27,826.12,398.99
826.32,397.76,826.32,397.71
826.35,397.32,826.32,397.71
826.32,397.76,826.35,397.32
826.36,397.30,826.35,397.32
826.32,397.76,826.36,397.30
826.32,396.08,826.44,396.04
826.44,396.09,826.44,396.04
826.32,396.08,826.44,396.09
826.26,396.14,826.44,396.09
826.32,396.08,826.26,396.14
827.47,398.27,834.22,398.90
827.47,398.27,834.22,401.02
827.11,400.32,834.22,401.02
826.36,397.30,826.19,397.10
826.44,396.09,826.19,397.10
826.44,396.09,826.26,396.14
826.46,395.62,826.29,395.45
826.34,395.52,826.46,395.62
826.34,395.52,826.46,395.65
827.64,396.15,826.36,397.30
826.46,395.65,826.46,395.62
826.44,396.09,826.46,395.62
826.46,395.65,826.44,396.09
826.46,395.65,826.44,396.09
826.44,396.04,826.44,396.09
826.46,395.65,826.44,396.04
827.64,396.15,834.22,398.90
827.64,396.15,827.47,398.27
826.30,394.48,826.29,395.45
826.46,395.62,826.30,394.48
826.35,394.40,826.44,394.26
826.35,394.40,826.45,394.29
826.30,394.48,826.45,394.29
826.35,394.40,826.30,394.48
826.25,393.87,826.19,393.82
826.38,393.83,826.19,393.82
826.39,393.88,826.38,393.83
826.25,393.87,826.39,393.88
826.45,394.29,827.64,396.15
827.66,394.44,827.64,396.15
826.45,394.29,826.38,393.83
827.66,394.44,834.22,396.73
826.16,392.58,826.16,392.56
826.00,392.84,826.16,392.58
826.04,392.76,826.00,392.84
826.09,392.19,826.16,392.56
826.08,392.13,826.09,392.19
826.16,392.58,826.08,392.13
827.04,391.28,826.38,393.83
826.16,392.58,826.38,393.83
834.22,391.83,827.04,391.28
827.66,394.44,834.22,394.98
825.93,392.20,825.87,392.15
826.08,392.13,825.87,392.15
826.09,392.19,826.08,392.13
827.01,390.98,827.01,387.25
827.01,390.98,834.22,387.72
834.22,391.52,827.01,390.98
826.08,392.13,825.87,392.15
834.22,391.52,827.01,390.98
827.04,391.28,834.22,391.52
827.04,391.28,834.22,391.83
825.65,390.87,827.01,387.25
825.65,390.87,825.65,387.16
829.63,401.77,829.80,402.14
830.06,402.32,829.63,401.77
830.06,402.32,829.56,401.22
829.56,389.07,829.56,401.22
829.86,401.96,834.12,401.96
829.86,401.96,834.12,401.96
830.44,402.72,830.11,402.50
829.77,401.25,829.77,388.65
829.63,401.77,830.11,402.50
829.63,401.77,829.80,402.14
829.80,402.14,830.11,402.50
830.06,402.32,830.44,402.72
829.77,401.25,829.86,401.96
832.01,407.43,830.40,406.47
832.01,407.43,830.64,405.53
829.23,407.56,830.29,406.50
829.23,407.56,830.17,406.45
829.38,404.12,829.94,405.93
829.38,404.12,829.92,405.69
830.76,404.27,830.17,404.99
830.76,404.27,830.58,405.31
832.01,407.43,829.23,407.56
830.08,405.07,830.18,405.12
830.08,405.73,830.18,405.12
830.33,405.37,830.26,405.22
830.08,405.73,830.26,405.22
830.38,405.56,830.33,405.37
830.39,405.77,830.38,405.56
829.83,405.32,829.90,405.18
830.38,405.97,830.39,405.77
830.08,405.73,830.39,405.77
829.78,405.50,829.83,405.32
830.08,405.73,829.83,405.32
829.77,405.70,829.78,405.50
830.08,405.73,829.78,405.50
830.26,406.28,830.33,406.14
830.08,405.73,830.33,406.14
829.78,405.90,829.77,405.70
830.08,405.73,829.77,405.70
830.18,406.37,830.26,406.28
830.08,405.73,830.26,406.28
829.83,406.09,829.78,405.90
830.08,405.73,830.18,406.37
829.90,406.24,829.83,406.09
829.90,406.24,829.98,406.34
832.00,407.88,831.93,407.90
833.21,405.92,830.76,404.27
829.17,402.31,829.05,402.70
830.01,398.99,831.01,400.32
831.38,398.27,830.21,397.76
830.94,391.28,829.97,392.13
830.94,391.28,830.05,392.58
824.65,406.38,824.55,406.47
824.78,406.01,824.73,406.21
826.10,407.43,824.78,406.01
824.80,405.77,824.78,405.53
826.10,407.43,824.78,405.53
824.32,406.45,824.44,406.50
824.22,406.33,824.32,406.45
824.14,406.15,824.22,406.33
823.39,407.56,824.22,406.33
823.39,407.56,824.14,406.15
824.08,405.69,824.09,405.93
823.55,404.12,824.09,405.93
824.09,405.46,824.08,405.69
823.55,404.12,824.09,405.46
824.22,405.09,824.14,405.25
824.44,404.96,824.32,404.99
824.90,404.27,824.44,404.96
824.65,405.13,824.55,405.01
824.90,404.27,824.55,405.01
824.73,405.31,824.65,405.13
824.90,404.27,824.65,405.13
826.10,407.43,823.39,407.56
824.83,405.22,824.74,405.12
824.64,405.07,824.74,405.12
824.64,405.73,824.83,405.22
824.64,405.73,824.55,405.10
824.46,405.18,824.55,405.10
824.64,405.73,824.46,405.18
824.40,405.32,824.46,405.18
824.64,405.73,824.95,405.77
824.94,405.97,824.95,405.77
824.64,405.73,824.40,405.32
824.64,405.73,824.94,405.97
824.64,405.73,824.89,406.14
824.83,406.28,824.89,406.14
824.64,405.73,824.34,405.70
824.35,405.90,824.34,405.70
824.74,406.37,824.83,406.28
824.64,405.73,824.40,406.09
824.64,405.73,824.64,406.39
824.55,406.34,824.64,405.73
824.46,406.24,824.55,406.34
826.08,407.88,826.10,407.43
827.28,405.92,826.10,407.43
824.90,404.27,826.10,407.43
827.28,405.92,824.90,404.27
825.28,402.31,825.16,402.70
825.67,401.08,826.48,402.41
826.12,398.99,827.11,400.32
826.04,399.43,827.11,400.32
826.12,398.99,826.04,399.43
826.32,397.76,827.47,398.27
826.36,397.30,826.32,397.76
826.44,396.09,827.64,396.15
826.46,395.62,826.44,396.09
826.38,393.83,827.66,394.44
826.38,393.83,826.45,394.29
824.84,391.57,824.59,392.09
826.88,384.49,818.84,384.01
806.68,384.49,799.03,384.01
824.84,391.57,827.86,387.57
824.84,391.57,807.61,387.57
827.37,384.79,826.88,384.49
827.37,384.79,806.68,384.49
807.61,386.62,807.61,387.57
827.73,385.58,827.37,384.79
827.73,385.58,807.14,384.79
807.48,385.58,807.14,384.79
831.01,400.32,830.38,402.41
827.86,386.62,827.73,385.58
807.48,385.58,827.73,385.58
827.86,386.62,807.48,385.58
827.86,386.62,807.61,386.62
813.02,387.95,812.88,388.24
833.56,387.95,813.02,387.95
827.78,387.33,813.02,387.95
827.78,387.33,818.80,387.33
827.78,387.33,818.80,387.33
827.90,387.04,818.96,387.04
833.31,387.74,824.25,387.74
834.43,388.48,825.34,388.48
835.49,389.54,826.38,389.54
836.53,391.13,826.38,389.54
831.55,420.48,831.33,420.92
825.75,397.45,825.75,401.41
825.75,397.45,825.91,401.44
825.91,397.44,825.91,401.44
825.86,401.73,825.91,401.44
825.86,401.73,825.75,401.41
825.91,397.44,828.07,401.44
828.07,397.44,828.07,401.44
825.71,397.21,825.91,397.44
825.86,397.14,825.91,397.44
828.07,401.44,828.01,401.73
828.07,401.44,825.86,401.73
825.73,401.86,825.71,401.65
825.60,401.75,825.71,401.65
825.60,397.09,825.71,397.21
828.01,397.14,828.07,397.44
828.01,397.14,825.91,397.44
827.88,401.86,828.01,401.73
825.01,401.97,825.60,401.75
825.60,397.09,825.60,401.75
824.89,401.86,825.60,401.75
824.89,401.86,825.60,397.09
827.88,396.98,828.01,397.14
827.88,396.98,825.86,397.14
825.73,396.98,825.86,397.14
825.01,396.74,825.73,396.98
825.60,397.09,825.73,396.98
825.01,396.74,825.60,397.09
824.89,396.85,825.60,397.09
824.81,402.03,825.01,401.97
824.68,401.92,825.01,401.97
824.68,401.92,824.89,401.86
824.68,401.92,824.89,401.86
824.68,396.70,825.01,396.74
825.12,402.07,824.81,402.03
825.01,401.96,824.81,402.03
825.01,401.96,824.68,401.92
825.01,396.59,824.68,396.70
825.01,396.59,824.68,401.92
825.01,401.96,824.68,401.92
825.12,396.49,824.81,396.59
825.86,402.09,825.12,402.07
825.79,401.98,825.12,402.07
825.79,401.98,825.01,401.96
825.79,396.55,825.01,396.59
825.79,396.55,825.01,401.96
825.79,401.98,825.01,401.96
825.86,396.45,825.12,396.49
825.79,396.55,825.12,396.49
825.79,396.55,825.01,396.59
826.25,396.55,825.79,396.55
825.86,402.09,826.30,402.09
826.25,396.55,826.30,396.45
826.30,402.09,826.25,396.55
827.88,396.98,826.30,396.45
827.88,396.98,826.30,402.09
827.88,396.98,827.88,401.86
805.25,376.59,804.97,378.48
830.94,391.28,830.27,393.83
806.68,384.49,798.74,383.80
830.94,391.28,831.57,394.44
806.68,384.49,799.03,384.01
798.74,383.80,799.03,384.01
804.99,378.60,806.21,376.71
807.61,387.57,807.50,387.54
810.85,391.89,810.53,391.54
810.85,391.89,810.64,391.57
811.12,392.09,810.64,391.57
805.30,376.54,806.21,376.71
806.26,376.66,806.21,376.71
803.86,378.59,803.31,378.80
805.00,376.35,803.31,378.80
805.00,376.35,803.86,378.59
805.30,376.54,806.26,376.66
807.14,384.79,806.68,384.49
806.91,384.53,806.68,384.49
806.91,384.53,806.39,384.18
806.39,384.18,798.74,383.80
806.39,384.18,803.33,378.91
808.54,379.17,803.33,378.91
809.60,376.80,806.26,376.66
809.60,376.80,804.99,378.60
809.60,378.82,804.99,378.60
804.97,378.48,803.89,378.70
810.53,391.54,810.85,391.89
810.53,391.54,811.04,391.99
805.25,376.59,805.00,376.35
805.05,376.31,805.00,376.35
809.60,376.80,817.23,377.13
807.61,386.62,807.50,387.54
807.61,387.57,807.50,387.54
806.91,384.53,807.14,384.79
807.30,385.43,806.91,384.53
809.60,378.82,809.60,376.80
817.23,377.13,809.60,376.80
817.23,379.18,809.60,378.82
809.60,378.82,804.99,378.60
808.73,378.94,803.89,378.70
807.50,387.54,808.42,387.69
811.03,391.81,808.42,387.69
807.50,387.54,811.03,391.81
810.53,391.54,811.03,391.81
807.50,387.54,810.53,391.54
811.03,391.81,811.04,391.99
811.43,391.98,811.04,391.99
811.43,391.98,811.45,392.27
811.04,391.99,811.45,392.27
822.50,377.34,834.02,377.83
833.09,377.71,822.50,377.34
832.01,407.43,830.50,406.38
821.46,377.22,822.50,377.34
821.14,376.98,832.88,377.47
821.46,377.22,833.09,377.71
817.23,379.18,817.23,377.13
817.23,379.18,817.27,377.22
817.23,379.18,817.27,379.09
816.44,377.01,816.48,377.10
817.27,377.22,816.48,377.10
817.23,377.13,817.27,377.22
805.30,376.54,805.05,376.31
808.73,376.68,805.30,376.54
807.48,385.58,807.30,385.43
807.44,386.59,807.30,385.43
807.48,385.58,807.44,386.59
807.48,385.58,807.61,386.62
808.54,379.17,803.33,378.91
808.73,378.94,809.60,378.82
808.73,378.94,817.23,379.18
808.73,378.94,816.44,379.31
817.27,379.09,816.48,379.22
816.44,379.31,816.48,379.22
817.27,379.09,816.44,379.31
817.23,379.18,816.44,379.31
817.27,379.09,817.23,379.18
811.03,391.81,811.43,391.98
808.42,387.69,811.03,391.81
808.86,387.94,808.42,387.69
822.50,379.45,822.44,379.34
822.50,377.34,822.44,377.44
822.44,377.44,821.41,377.33
822.44,377.44,821.46,377.22
816.48,377.10,816.48,379.22
800.06,373.72,808.54,374.02
816.36,376.79,808.54,376.45
816.44,377.01,808.54,376.45
816.44,377.01,808.73,376.68
807.30,385.43,808.54,386.24
807.30,385.43,807.44,386.59
812.58,386.37,812.58,387.94
808.54,386.24,812.58,387.94
821.41,379.45,821.41,377.33
822.44,377.44,821.41,377.33
822.44,379.34,822.44,377.44
821.46,379.56,822.50,379.45
834.02,380.00,822.50,379.45
830.38,405.56,830.50,405.34
821.46,379.56,833.09,380.12
821.46,379.56,821.41,379.45
830.39,405.77,830.38,405.56
821.46,379.56,822.44,379.34
822.50,379.45,822.44,379.34
830.39,405.77,830.55,405.55
821.46,379.56,822.50,379.45
821.08,377.08,821.14,376.98
821.41,377.33,821.14,376.98
816.48,377.10,816.36,376.79
816.36,376.79,816.44,377.01
816.36,376.79,808.54,376.45
816.41,379.46,816.36,379.55
816.48,379.22,816.44,379.31
813.40,384.92,812.58,386.37
808.54,379.17,812.58,386.37
816.44,379.31,816.36,379.55
808.54,379.17,816.36,379.55
816.44,379.31,808.73,378.94
812.58,386.37,813.02,386.52
813.02,387.95,813.02,386.52
830.23,406.44,830.33,406.42
812.58,386.37,813.02,387.95
830.08,406.39,830.33,406.42
812.58,387.94,813.02,387.95
812.58,386.37,812.58,387.94
812.58,387.94,812.88,388.24
821.41,377.33,821.08,377.08
821.41,379.45,821.41,377.33
816.48,377.10,816.48,379.22
829.92,405.69,829.94,405.93
813.40,384.92,813.02,386.52
812.58,386.37,813.02,386.52
829.92,405.69,829.91,405.91
813.40,384.92,812.58,386.37
821.41,379.45,821.09,379.67
823.55,404.12,823.39,407.56
821.14,379.77,821.41,379.45
832.88,380.35,821.14,379.77
816.41,379.46,816.40,376.88
813.40,384.92,813.74,384.95
827.81,401.45,827.81,397.47
827.81,401.45,826.20,397.47
826.20,401.44,826.20,397.47
827.70,396.83,826.20,397.47
816.41,379.46,818.06,374.36
825.80,396.50,826.08,396.83
825.71,396.40,826.02,396.76
825.02,394.60,825.40,395.15
825.02,394.60,834.06,382.32
825.02,394.60,833.07,382.69
819.75,385.69,819.62,374.41
818.19,385.23,818.06,374.36
818.80,387.33,818.96,387.04
814.51,386.53,818.80,387.33
814.16,386.82,818.80,387.33
826.14,397.46,826.08,396.83
828.14,397.56,828.14,401.30
827.81,397.47,828.14,401.30
827.81,397.47,827.81,401.45
828.09,401.60,828.14,401.30
828.09,401.60,827.81,401.45
827.70,402.07,827.81,401.45
828.09,397.26,828.14,397.56
828.09,397.26,827.81,397.47
825.80,396.50,826.08,396.83
825.80,396.50,827.70,396.83
827.41,396.50,827.70,396.83
824.85,394.79,824.99,396.19
833.84,382.25,825.33,394.77
825.40,395.15,833.84,382.25
825.40,395.15,834.06,382.32
821.25,387.34,819.70,386.87
821.25,387.34,818.19,385.23
819.75,385.69,818.19,385.23
822.69,387.29,818.96,387.04
819.70,386.87,814.51,386.53
826.08,402.07,827.70,402.07
826.08,402.07,827.81,401.45
826.02,396.76,826.14,397.46
828.09,397.26,828.14,397.56
828.09,401.60,828.14,397.56
828.09,401.60,828.14,401.30
827.41,396.50,827.70,396.83
827.41,396.50,828.09,397.26
827.41,396.50,825.78,396.02
827.41,396.50,825.11,396.30
824.99,396.19,825.71,396.40
825.80,396.50,825.71,396.40
824.85,394.79,825.43,395.41
825.40,395.15,825.43,395.41
824.85,394.79,825.40,395.15
825.02,394.60,825.40,395.15
824.90,393.79,824.66,393.65
824.90,393.79,832.60,381.93
832.60,381.93,822.30,387.95
832.75,381.62,822.30,387.95
822.34,388.09,821.25,387.34
822.34,388.09,819.75,385.69
820.95,386.55,819.75,385.69
824.25,387.74,822.69,387.29
821.25,387.34,819.70,386.87
827.41,402.35,827.70,402.07
826.14,401.46,826.14,397.46
827.95,401.73,828.09,401.60
825.78,396.02,827.95,397.10
825.43,395.41,824.99,396.19
825.24,394.71,825.43,395.41
825.40,395.15,825.24,394.71
825.33,394.77,825.24,394.71
825.33,394.77,825.24,394.71
825.33,394.77,824.66,393.65
823.37,389.17,822.34,388.09
822.30,387.95,822.34,388.09
825.34,388.48,824.25,387.74
825.34,388.48,821.25,387.34
822.34,388.09,821.25,387.34
825.71,402.45,826.08,402.07
825.71,402.45,826.02,402.15
826.02,402.15,826.14,401.46
825.78,396.02,824.99,396.19
825.55,395.05,825.73,395.89
824.10,391.66,824.66,393.65
825.24,394.71,824.66,393.65
824.40,390.80,823.37,389.17
830.03,397.73,830.02,397.78
822.30,387.95,823.37,389.17
823.33,389.58,822.30,387.95
826.38,389.54,825.34,388.48
825.71,402.45,825.31,402.40
826.13,402.60,825.19,402.51
826.14,402.48,825.19,402.51
826.14,402.48,827.95,401.73
826.46,396.65,825.73,395.89
826.46,396.65,825.78,396.02
825.14,392.71,824.10,391.66
825.14,392.71,824.40,390.80
827.41,391.13,826.38,389.54
827.41,391.13,823.37,389.17
825.24,403.82,825.19,402.51
833.79,404.43,825.19,402.51
826.71,401.91,826.46,396.65
826.67,401.87,826.46,396.65
826.67,401.87,826.43,396.64
828.15,393.01,824.40,390.80
825.47,406.43,825.85,409.05
825.47,406.43,834.53,407.54
816.48,379.22,816.36,379.55
826.13,404.00,826.13,402.60
825.24,403.82,826.13,402.60
825.24,403.82,825.19,402.51
826.13,402.60,826.71,401.91
826.13,402.60,826.67,401.87
826.39,412.28,825.85,409.05
826.39,412.28,834.53,407.54
828.57,395.31,828.77,397.22
828.57,395.31,826.46,396.65
828.57,395.31,828.15,393.01
828.57,395.31,825.14,392.71
825.55,395.05,825.14,392.71
826.36,406.64,826.13,404.00
826.36,406.64,825.24,403.82
829.04,401.51,828.77,397.22
826.71,401.91,828.77,397.22
826.46,396.65,828.77,397.22
825.85,409.05,827.33,412.76
825.85,409.05,826.39,412.28
826.78,409.51,826.36,406.64
826.78,409.51,825.47,406.43
826.13,402.60,826.71,401.91
827.69,418.65,835.69,410.07
827.69,418.65,826.39,412.28
829.15,404.07,829.38,406.66
826.13,404.00,826.36,406.64
831.29,420.38,831.55,420.48
831.29,420.38,831.33,420.92
829.94,420.71,829.82,420.51
829.94,420.71,831.12,420.70
813.40,384.92,813.74,384.95
829.66,418.93,827.69,418.65
828.67,418.75,831.62,418.53
829.87,392.76,829.89,392.84
831.48,418.34,831.62,418.53
828.67,418.75,831.48,418.34
828.46,418.56,831.48,418.34
830.35,412.65,831.48,418.34
829.80,409.47,830.35,412.65
826.78,409.51,830.35,412.65
830.35,412.65,827.33,412.76
829.80,409.47,829.38,406.66
829.80,409.47,826.36,406.64
831.29,419.16,831.55,419.39
831.29,419.16,831.55,420.48
829.72,420.22,829.66,420.14
829.72,420.22,829.82,420.51
829.66,418.93,831.29,419.16
829.66,418.93,831.29,420.38
827.69,418.65,829.66,418.93
827.69,418.65,829.72,419.13
829.72,419.13,829.66,418.93
829.72,419.13,829.66,420.14
824.83,376.71,823.53,378.48
825.61,376.59,823.53,378.48
825.61,376.59,824.13,378.59
819.14,383.80,818.84,384.01
826.88,384.49,819.14,383.80
823.53,378.48,824.83,376.71
824.84,391.57,827.86,387.57
825.22,391.54,827.86,387.57
824.59,392.09,824.84,391.57
825.06,391.89,825.22,391.54
824.84,391.57,825.22,391.54
825.17,391.99,825.06,391.89
825.17,391.99,824.59,392.09
824.79,392.27,824.59,392.09
824.59,392.09,811.12,392.09
824.59,392.09,811.45,392.27
825.66,376.54,825.61,376.59
831.55,396.15,831.38,398.27
824.83,376.71,825.61,376.59
824.88,376.66,825.66,376.54
827.75,384.53,827.20,384.18
826.88,384.49,827.20,384.18
827.37,384.79,826.88,384.49
823.98,378.91,823.96,378.80
824.13,378.59,823.98,378.91
824.16,378.70,823.98,378.91
823.55,378.60,824.88,376.66
823.53,378.48,824.16,378.70
823.53,378.48,823.55,378.60
825.22,391.54,825.17,391.99
825.22,391.54,825.06,391.89
825.66,376.54,825.61,376.59
825.79,376.31,825.73,376.35
825.61,376.59,825.73,376.35
820.53,373.72,823.96,378.80
825.73,376.35,823.96,378.80
824.64,405.73,824.35,405.90
824.64,405.73,824.74,406.37
828.38,378.82,828.38,376.80
829.26,378.94,824.16,378.70
824.16,378.70,823.55,378.60
825.53,391.81,825.22,391.54
828.26,387.54,825.53,391.81
829.44,387.69,825.53,391.81
828.26,387.54,829.44,387.69
827.28,405.92,833.18,405.16
825.17,391.99,824.79,392.27
825.32,391.98,824.79,392.27
825.53,391.81,825.17,391.99
824.79,392.27,811.45,392.27
829.46,376.45,825.66,376.54
829.46,376.45,825.79,376.31
825.66,376.54,825.79,376.31
827.73,385.58,828.31,386.59
828.16,385.43,828.31,386.59
827.73,385.58,828.16,385.43
824.16,378.70,823.98,378.91
829.46,379.17,824.16,378.70
829.26,378.94,824.16,378.70
825.32,391.98,825.53,391.81
829.14,387.94,825.32,391.98
829.46,376.45,829.26,376.68
829.07,402.05,829.05,402.14
825.18,402.05,829.07,402.05
828.16,385.43,828.31,386.59
828.16,385.43,829.46,386.24
808.86,387.94,811.43,391.98
825.32,391.98,808.86,387.94
829.14,387.94,808.86,387.94
825.32,391.98,829.14,387.94
829.46,379.17,833.72,386.37
833.72,387.94,829.44,387.69
833.41,388.24,829.14,387.94
812.88,388.24,808.86,387.94
829.14,387.94,812.88,388.24
829.14,387.94,833.41,388.24
832.39,386.53,827.78,387.33
827.90,387.04,827.78,387.33
831.52,420.48,831.52,419.53
831.30,420.92,832.10,420.92
831.30,420.92,831.52,420.48
831.59,419.40,831.52,419.53
832.33,419.53,831.52,419.53
831.59,419.40,832.40,419.40
831.45,420.55,831.45,419.54
830.71,420.72,829.92,420.72
829.70,420.22,829.92,420.72
830.71,420.72,829.70,420.22
830.49,420.22,829.70,420.22
830.71,420.72,830.49,420.22
831.19,421.07,831.30,420.92
831.52,420.48,831.30,420.92
831.19,421.07,831.52,420.48
831.19,421.07,831.52,420.48
831.45,420.55,831.52,420.48
829.92,420.72,830.71,420.72
832.10,420.92,830.71,420.72
829.92,420.72,832.10,420.92
831.30,420.92,832.10,420.92
829.69,419.27,830.49,419.27
830.49,420.22,830.49,419.27
829.69,419.27,830.49,420.22
830.49,420.22,830.71,420.72
832.33,420.48,830.49,420.22
831.52,419.53,832.33,419.53
832.33,420.48,831.52,419.53
831.52,420.48,831.52,419.53
832.33,420.48,831.52,420.48
829.92,420.72,829.75,420.85
829.48,420.27,829.75,420.85
829.92,420.72,829.48,420.27
829.70,420.22,829.48,420.27
829.92,420.72,829.70,420.22
831.30,420.92,831.19,421.07
829.75,420.85,831.19,421.07
831.30,420.92,829.75,420.85
831.30,420.92,829.75,420.85
829.92,420.72,829.75,420.85
831.30,420.92,829.92,420.72
829.70,420.22,829.48,420.27
829.48,419.26,829.48,420.27
829.70,420.22,829.48,419.26
829.69,419.27,829.48,419.26
830.42,419.12,830.49,419.27
829.69,419.27,830.49,419.27
830.42,419.12,829.69,419.27
829.63,419.12,829.69,419.27
830.42,419.12,829.63,419.12
830.49,419.27,832.33,419.53
832.40,419.40,830.49,419.27
830.42,419.12,830.49,419.27
829.48,420.27,829.75,420.85
829.48,419.26,827.78,419.02
829.48,419.26,827.92,418.87
829.63,419.12,827.92,418.87
830.36,395.62,830.19,394.48
829.48,419.26,829.63,419.12
829.63,419.12,828.75,418.89
830.42,419.12,828.75,418.89
829.63,419.12,830.42,419.12
828.75,418.89,827.92,418.87
828.61,418.75,827.92,418.87
828.61,418.75,828.75,418.89
831.56,418.52,828.61,418.75
803.86,378.59,803.89,378.70
832.00,418.57,831.56,418.52
828.48,418.90,834.88,459.14
834.08,459.20,828.48,418.90
804.97,378.48,804.99,378.60
827.78,419.02,828.48,418.90
834.08,459.20,827.78,419.02
828.48,418.90,827.92,418.87
827.78,419.02,827.92,418.87
828.61,418.75,828.48,418.90
825.73,395.89,824.99,396.19
825.78,396.02,825.11,396.30
828.48,418.90,831.48,418.67
832.00,418.57,831.56,418.52
831.38,426.24,831.91,426.69
831.33,425.73,832.44,426.41
826.14,402.48,826.67,401.87
831.39,423.14,831.93,422.86
831.03,423.64,831.93,422.86
831.03,423.64,831.39,423.14
830.71,423.81,831.39,423.14
831.05,425.23,831.06,424.05
830.52,424.34,831.06,424.05
831.38,426.24,831.05,425.23
831.55,430.13,831.90,430.36
831.89,431.55,831.90,430.36
831.35,431.36,832.22,432.56
809.25,390.67,810.27,390.84
817.65,390.67,810.27,390.84
817.65,390.67,816.62,390.84
819.29,389.48,808.33,390.21
818.56,390.21,808.33,390.21
809.25,390.67,808.33,390.21
818.56,390.21,809.25,390.67
817.65,390.67,809.25,390.67
818.56,390.21,817.65,390.67
824.29,386.77,817.41,387.18
819.48,387.32,817.41,387.18
806.40,387.50,819.61,388.86
819.61,388.86,807.28,388.86
819.61,388.86,807.61,389.48
811.21,386.77,804.91,385.36
811.21,386.77,811.71,385.80
806.28,387.32,804.29,387.17
806.28,387.32,804.42,386.31
811.21,386.77,804.42,386.31
805.67,384.60,804.91,385.36
812.48,385.03,811.71,385.80
811.04,387.85,807.18,388.87
811.04,387.85,811.21,389.18
806.62,384.11,805.67,384.60
807.54,389.59,807.18,388.87
811.71,389.90,807.18,388.87
811.71,389.90,811.21,389.18
807.68,383.94,806.62,384.11
807.68,383.94,813.45,384.53
814.53,384.36,813.45,384.53
808.31,390.35,807.54,389.59
808.31,390.35,811.71,389.90
812.48,390.67,811.71,389.90
820.97,384.36,814.53,384.36
824.88,376.66,824.83,376.71
820.97,384.36,807.68,383.94
809.27,390.84,808.31,390.35
809.27,390.84,812.48,390.67
820.97,384.36,814.02,383.94
815.08,384.11,814.02,383.94
815.08,384.11,820.97,384.36
822.05,384.53,820.97,384.36
810.34,391.01,809.27,390.84
824.13,378.59,823.96,378.80
813.45,391.17,809.27,390.84
814.53,391.34,813.45,391.17
810.34,391.01,814.53,391.34
822.05,384.53,815.08,384.11
816.03,384.60,822.05,384.53
816.71,391.01,810.34,391.01
823.53,378.48,824.13,378.59
814.53,391.34,810.34,391.01
816.71,391.01,814.53,391.34
823.02,385.03,816.03,384.60
816.79,385.36,816.03,384.60
816.79,385.36,823.02,385.03
823.80,385.80,823.02,385.03
820.97,391.34,816.71,391.01
817.78,390.84,820.97,391.34
823.80,385.80,816.79,385.36
817.28,386.31,816.79,385.36
823.80,385.80,817.28,386.31
824.29,386.77,823.80,385.80
818.74,390.35,817.78,390.84
822.05,391.17,817.78,390.84
818.74,390.35,822.05,391.17
823.02,390.67,822.05,391.17
819.51,389.59,818.74,390.35
823.02,390.67,818.74,390.35
819.51,389.59,823.02,390.67
823.80,389.90,823.02,390.67
824.46,387.84,824.29,389.18
824.29,389.18,819.88,388.87
819.51,389.59,819.88,388.87
824.29,389.18,819.51,389.59
823.80,389.90,819.51,389.59
824.29,389.18,823.80,389.90
804.38,387.17,804.29,387.17
804.51,386.36,804.38,387.17
804.51,386.36,804.42,386.31
804.97,385.45,804.51,386.36
806.40,387.50,804.43,387.35
804.29,387.17,804.43,387.35
806.40,387.50,804.29,387.17
806.28,387.32,804.29,387.17
805.67,384.60,804.91,385.36
804.97,385.45,804.91,385.36
805.67,384.60,804.97,385.45
805.69,384.73,804.97,385.45
807.28,388.86,806.40,387.50
806.28,387.32,806.40,387.50
807.28,388.86,806.28,387.32
807.18,388.87,806.28,387.32
806.62,384.11,805.67,384.60
805.69,384.73,805.67,384.60
806.62,384.11,805.69,384.73
806.60,384.27,805.69,384.73
807.61,389.48,807.28,388.86
807.18,388.87,807.28,388.86
807.61,389.48,807.18,388.87
824.64,405.73,824.35,405.50
807.54,389.59,807.18,388.87
806.60,384.27,806.62,384.11
807.62,384.11,806.60,384.27
808.33,390.21,807.61,389.48
808.33,390.21,807.54,389.59
808.31,390.35,807.54,389.59
814.02,383.94,807.68,383.94
807.62,384.11,807.68,383.94
814.02,383.94,807.62,384.11
813.93,384.11,807.62,384.11
809.25,390.67,808.33,390.21
808.31,390.35,808.33,390.21
809.25,390.67,808.31,390.35
809.27,390.84,808.31,390.35
815.08,384.11,814.02,383.94
813.93,384.11,814.02,383.94
815.08,384.11,813.93,384.11
810.27,390.84,809.25,390.67
809.27,390.84,809.25,390.67
810.27,390.84,809.27,390.84
810.34,391.01,809.27,390.84
816.03,384.60,815.08,384.11
816.03,384.60,814.95,384.27
815.85,384.73,814.95,384.27
816.62,390.84,810.27,390.84
828.26,387.54,825.22,391.54
810.34,391.01,810.27,390.84
804.43,387.35,804.38,387.17
816.79,385.36,816.03,384.60
816.79,385.36,815.85,384.73
816.57,385.45,815.85,384.73
816.71,391.01,816.62,390.84
817.65,390.67,816.71,391.01
817.28,386.31,816.79,385.36
816.57,385.45,816.79,385.36
817.28,386.31,816.57,385.45
817.04,386.36,816.57,385.45
817.41,387.18,817.28,386.31
817.04,386.36,817.28,386.31
817.41,387.18,817.04,386.36
817.17,387.17,817.04,386.36
817.41,387.18,817.17,387.17
817.17,387.17,810.77,387.13
811.00,387.34,810.77,387.13
817.17,387.17,811.00,387.34
817.27,387.35,811.00,387.34
817.17,387.17,817.27,387.35
818.56,390.21,817.65,390.67
817.78,390.84,817.65,390.67
818.56,390.21,817.78,390.84
819.48,387.32,817.41,387.18
819.28,387.50,817.27,387.35
819.88,388.87,819.48,387.32
819.28,387.50,819.48,387.32
819.88,388.87,819.28,387.50
819.61,388.86,819.28,387.50
819.29,389.48,818.56,390.21
818.74,390.35,818.56,390.21
819.29,389.48,818.74,390.35
819.51,389.59,818.74,390.35
819.51,389.59,819.88,388.87
819.61,388.86,819.88,388.87
819.51,389.59,819.61,388.86
819.29,389.48,819.61,388.86
819.51,389.59,819.29,389.48
812.34,410.72,812.51,410.81
815.65,407.32,831.99,409.25
812.51,410.81,832.68,413.40
815.65,407.32,812.51,410.81
814.71,406.80,813.85,405.46
814.71,406.80,810.47,407.03
813.10,401.48,810.37,406.74
813.29,403.54,810.37,406.74
813.85,405.46,813.29,403.54
810.47,407.03,813.85,405.46
805.05,376.31,805.25,376.59
821.22,403.54,821.03,401.48
805.30,376.54,805.25,376.59
818.25,406.74,821.03,401.48
821.03,401.48,821.03,390.28
818.21,390.07,821.03,390.28
821.03,401.48,818.21,390.07
818.21,406.40,818.21,390.07
821.03,401.48,818.21,406.40
822.67,406.80,818.35,407.03
822.67,406.80,821.80,405.46
820.25,410.72,820.43,410.81
818.25,406.74,818.35,407.03
818.25,406.74,821.80,405.46
821.22,403.54,821.80,405.46
818.25,406.74,821.22,403.54
820.43,410.81,841.00,413.40
820.43,410.81,840.29,409.25
807.48,385.58,807.14,384.79
827.73,385.58,827.86,386.62
820.43,410.81,823.63,407.32
810.34,406.40,810.34,390.07
813.10,390.28,810.34,390.07
810.34,406.40,813.10,390.28
813.10,401.48,813.10,390.28
810.34,406.40,813.10,401.48
815.99,401.40,816.14,403.04
815.99,401.40,819.64,403.04
819.49,401.40,819.64,403.04
816.56,404.46,816.14,403.04
820.06,404.46,816.14,403.04
819.64,403.04,816.14,403.04
820.06,404.46,819.64,403.04
817.20,405.45,816.56,404.46
820.71,405.45,816.56,404.46
820.71,405.45,820.06,404.46
817.95,405.86,817.20,405.45
821.46,405.86,817.20,405.45
820.71,405.45,817.20,405.45
821.46,405.86,820.71,405.45
819.49,401.40,815.99,401.40
815.99,390.33,815.99,401.40
819.49,401.40,815.99,390.33
819.49,390.33,815.99,390.33
829.14,387.94,829.44,387.69
819.49,401.40,819.49,390.33
821.46,405.86,837.70,407.70
821.46,405.86,834.05,407.70
817.95,405.86,834.05,407.70
821.46,405.86,817.95,405.86
816.14,403.04,813.85,405.46
816.14,403.04,816.56,404.46
821.22,403.54,820.06,404.46
814.71,406.80,813.85,405.46
816.56,404.46,813.85,405.46
820.71,405.45,820.06,404.46
821.80,405.46,820.06,404.46
820.71,405.45,821.80,405.46
822.67,406.80,821.80,405.46
815.99,401.40,816.14,403.04
813.29,403.54,816.14,403.04
813.10,401.48,813.29,403.54
815.99,390.33,815.99,401.40
815.99,390.33,813.10,401.48
813.10,390.28,813.10,401.48
815.99,390.33,813.10,390.28
821.03,401.48,821.22,403.54
819.64,403.04,821.22,403.54
821.03,401.48,819.64,403.04
819.49,401.40,819.64,403.04
821.03,390.28,821.03,401.48
819.49,401.40,821.03,401.48
821.03,390.28,819.49,401.40
821.03,390.28,819.49,390.33
815.65,407.32,814.71,406.80
817.20,405.45,814.71,406.80
815.65,407.32,817.20,405.45
817.95,405.86,817.20,405.45
831.99,409.25,815.65,407.32
817.95,405.86,815.65,407.32
831.99,409.25,817.95,405.86
834.05,407.70,817.95,405.86
821.46,405.86,820.71,405.45
822.67,406.80,820.71,405.45
821.46,405.86,822.67,406.80
823.63,407.32,822.67,406.80
837.70,407.70,821.46,405.86
823.63,407.32,821.46,405.86
837.70,407.70,823.63,407.32
840.29,409.25,823.63,407.32
811.45,407.56,811.28,407.05
811.45,407.56,816.64,407.05
816.81,407.56,816.64,407.05
811.22,406.44,811.28,407.05
816.64,407.05,811.28,407.05
816.58,406.44,816.64,407.05
813.74,411.63,813.46,411.49
813.22,411.14,813.46,411.49
818.61,411.14,813.46,411.49
818.85,411.49,813.46,411.49
818.61,411.14,818.85,411.49
818.61,411.14,816.81,407.56
811.45,407.56,816.81,407.56
818.61,411.14,811.45,407.56
813.22,411.14,811.45,407.56
818.61,411.14,813.22,411.14
816.58,406.44,816.58,390.04
811.22,390.04,816.58,390.04
816.58,406.44,811.22,390.04
811.22,406.44,811.22,390.04
816.58,406.44,811.22,406.44
819.13,411.63,813.74,411.63
834.16,414.28,813.74,411.63
819.13,411.63,834.16,414.28
825.32,391.98,811.43,391.98
819.13,411.63,839.83,414.28
810.37,406.74,811.45,407.56
813.46,411.49,812.18,410.50
813.22,411.14,811.45,407.56
810.47,407.03,811.45,407.56
812.18,410.50,810.47,407.03
813.22,411.14,812.18,410.50
818.25,406.74,818.35,407.03
825.07,402.56,825.00,402.59
816.64,407.05,818.35,407.03
820.09,410.50,818.35,407.03
816.81,407.56,818.35,407.03
820.09,410.50,816.81,407.56
818.61,411.14,816.81,407.56
818.61,411.14,820.09,410.50
810.34,406.40,810.37,406.74
811.28,407.05,810.37,406.74
810.34,406.40,811.28,407.05
811.22,406.44,811.28,407.05
810.34,390.07,810.34,406.40
811.22,406.44,810.34,406.40
810.34,390.07,811.22,406.44
811.22,390.04,811.22,406.44
810.34,390.07,811.22,390.04
813.74,411.63,813.46,411.49
812.34,410.72,813.46,411.49
813.74,411.63,812.34,410.72
812.51,410.81,812.34,410.72
834.16,414.28,813.74,411.63
812.51,410.81,813.74,411.63
832.68,413.40,812.51,410.81
820.43,410.81,820.25,410.72
819.13,411.63,818.85,411.49
841.00,413.40,819.13,411.63
839.83,414.28,819.13,411.63
816.58,406.44,816.64,407.05
818.25,406.74,816.64,407.05
816.58,406.44,818.25,406.74
816.58,390.04,816.58,406.44
818.21,406.40,816.58,406.44
816.58,390.04,818.21,406.40
818.21,390.07,818.21,406.40
816.58,390.04,818.21,390.07
825.01,401.97,825.73,401.86
827.88,401.86,825.73,401.86
827.88,396.98,825.73,396.98
825.01,396.74,825.73,396.98
827.88,401.86,825.01,401.97
824.81,402.03,825.01,401.97
824.81,396.59,825.01,396.74
825.12,402.07,824.81,402.03
825.12,396.49,824.81,396.59
827.88,396.98,824.81,396.59
827.88,396.98,825.12,396.49
825.86,402.09,827.88,401.86
826.30,402.09,827.88,401.86
827.88,396.98,825.86,396.45
825.32,391.98,824.79,392.27
826.30,396.45,825.86,396.45
827.88,396.98,826.30,396.45
798.74,383.80,803.31,378.80
803.33,378.91,803.31,378.80
798.74,383.80,803.33,378.91
808.42,387.69,807.50,387.54
807.44,386.59,807.50,387.54
829.77,388.65,834.03,388.65
806.91,384.53,806.39,384.18
800.06,373.72,805.05,376.31
805.00,376.35,805.05,376.31
808.42,387.69,807.44,386.59
808.42,387.69,808.54,386.24
808.54,379.17,806.91,384.53
806.91,384.53,807.30,385.43
821.08,377.08,819.62,374.41
821.08,377.08,821.14,376.98
818.06,374.36,816.40,376.88
816.36,376.79,816.40,376.88
818.06,374.36,816.36,376.79
813.74,384.95,813.02,386.52
816.36,379.55,818.19,385.23
816.36,379.55,816.41,379.46
816.36,379.55,813.40,384.92
808.54,379.17,813.40,384.92
816.36,379.55,808.54,379.17
814.16,386.82,813.02,386.52
812.58,387.94,813.02,387.95
812.88,388.24,813.02,387.95
812.58,387.94,812.88,388.24
814.51,386.53,814.16,386.82
813.74,384.95,814.16,386.82
814.51,386.53,813.74,384.95
818.80,387.33,813.02,387.95
818.80,387.33,814.16,386.82
834.53,394.77,824.85,394.79
833.07,382.69,824.85,394.79
821.14,379.77,832.88,380.80
834.53,394.77,826.02,396.76
825.71,396.40,826.02,396.76
834.53,394.77,825.71,396.40
820.95,386.55,821.14,379.77
824.10,391.66,823.33,389.58
832.60,381.93,823.33,389.58
824.66,393.65,824.10,391.66
832.60,381.93,824.10,391.66
824.66,393.65,832.60,381.93
826.02,402.15,825.71,402.45
833.79,404.43,826.02,402.15
825.55,395.05,825.73,395.89
825.55,395.05,828.57,395.31
825.24,394.71,825.55,395.05
825.14,392.71,825.55,395.05
825.24,394.71,825.14,392.71
833.79,404.43,825.47,406.43
825.24,403.82,825.47,406.43
833.79,404.43,825.24,403.82
829.15,404.07,826.13,402.60
826.13,404.00,826.13,402.60
829.15,404.07,826.13,404.00
829.66,418.93,831.29,419.16
828.67,418.75,831.62,418.53
827.90,418.87,828.67,418.75
829.72,419.13,831.62,418.53
829.72,419.13,827.90,418.87
828.31,386.59,828.26,387.54
829.46,379.17,827.20,384.18
829.44,387.69,829.46,386.24
828.31,386.59,829.46,386.24
829.44,387.69,828.31,386.59
827.75,384.53,828.16,385.43
831.59,419.40,831.45,419.54
831.52,419.53,831.45,419.54
831.59,419.40,831.52,419.53
829.69,419.27,829.48,419.26
829.63,419.12,829.48,419.26
829.69,419.27,829.63,419.12
829.75,420.85,831.19,421.07
829.75,420.85,834.08,459.20
827.78,419.02,829.48,419.26
829.48,420.27,829.48,419.26
827.78,419.02,829.48,420.27
830.70,425.63,831.01,425.89
830.65,424.77,831.01,425.89
831.52,425.20,831.33,425.73
830.65,424.77,831.33,425.73
830.65,424.77,831.52,425.20
831.34,423.91,831.53,424.50
830.65,424.77,831.53,424.50
830.65,424.77,831.34,423.91
830.71,423.81,831.03,423.64
830.51,425.04,830.52,424.34
830.70,425.63,830.65,424.77
831.55,430.13,831.87,429.97
831.49,431.10,831.87,429.97
831.35,430.66,831.55,430.13
831.49,431.10,831.55,430.13
831.35,431.36,831.35,430.66
831.49,431.10,831.35,430.66
831.54,431.96,831.35,431.36
831.49,431.10,831.35,431.36
804.29,387.17,804.38,387.17
817.17,387.17,817.27,387.35
817.41,387.18,817.27,387.35
817.17,387.17,817.41,387.18
819.28,387.50,817.27,387.35
811.00,387.34,817.27,387.35
819.28,387.50,811.00,387.34
811.04,387.85,806.28,387.32
811.21,386.77,806.28,387.32
811.04,387.85,811.21,386.77
804.97,385.45,804.51,386.36
810.77,387.13,804.51,386.36
804.38,387.17,804.51,386.36
805.69,384.73,804.97,385.45
806.60,384.27,805.69,384.73
807.62,384.11,806.60,384.27
810.77,387.13,806.60,384.27
813.93,384.11,807.62,384.11
810.77,387.13,807.62,384.11
814.95,384.27,813.93,384.11
810.77,387.13,813.93,384.11
815.85,384.73,814.95,384.27
810.77,387.13,814.95,384.27
816.57,385.45,815.85,384.73
810.77,387.13,815.85,384.73
817.04,386.36,816.57,385.45
810.77,387.13,816.57,385.45
810.77,387.13,817.17,387.17
817.04,386.36,817.17,387.17
810.77,387.13,817.04,386.36
824.46,387.84,819.48,387.32
824.29,386.77,824.46,387.84
814.71,406.80,812.34,410.72
812.18,410.50,812.34,410.72
814.71,406.80,812.18,410.50
820.09,410.50,820.25,410.72
822.67,406.80,820.25,410.72
820.09,410.50,822.67,406.80
796.58,379.14,801.34,373.25
801.23,372.35,796.58,379.14
796.53,378.29,796.58,379.14
801.23,372.35,796.53,378.29
829.82,373.25,824.72,379.14
824.65,378.29,829.82,373.25
829.70,372.35,829.82,373.25
824.65,378.29,829.70,372.35
801.34,373.25,857.52,375.30
801.23,372.35,801.34,373.25
857.52,374.15,801.23,372.35
801.94,373.80,797.16,379.71
824.22,379.71,801.94,373.80
829.34,373.80,801.94,373.80
824.22,379.71,829.34,373.80
858.14,375.93,801.94,373.80
829.82,373.25,824.72,379.14
829.82,373.25,824.22,379.71
829.82,373.25,824.22,379.71
801.34,373.25,858.14,375.93
801.34,373.25,801.94,373.80
801.94,373.80,797.16,379.71
796.58,379.14,797.16,379.71
801.94,373.80,796.58,379.14
801.34,373.25,796.58,379.14
801.94,373.80,801.34,373.25
824.27,339.66,832.54,341.02
826.05,339.44,832.03,339.53
817.20,405.45,816.56,404.46
826.11,339.56,834.41,340.94
825.56,340.94,834.41,340.94
824.27,339.66,831.98,339.66
824.27,339.66,832.03,339.53
824.12,339.65,823.56,341.02
823.72,341.02,823.56,341.02
826.05,339.44,833.75,339.44
826.11,339.56,825.56,340.94
825.21,340.94,825.56,340.94
825.79,339.55,825.21,340.94
825.79,339.55,824.38,339.53
826.05,339.44,824.38,339.53
822.14,341.09,820.51,341.16
820.67,341.17,829.42,341.17
821.22,339.81,829.42,341.17
822.98,339.60,828.92,339.68
822.48,341.08,831.27,341.08
828.87,339.81,829.42,341.17
829.76,341.16,829.42,341.17
828.87,339.81,829.76,341.16
825.43,395.41,824.85,394.79
821.22,339.81,828.87,339.81
821.22,339.81,828.92,339.68
821.33,339.68,828.92,339.68
820.67,341.17,820.51,341.16
821.07,339.80,820.67,341.17
821.22,339.81,820.67,341.17
830.88,339.71,831.43,341.09
831.27,341.08,831.43,341.09
830.61,339.60,829.21,339.80
822.98,339.60,830.61,339.60
822.14,341.09,822.48,341.08
822.71,339.71,822.14,341.09
822.71,339.71,821.33,339.68
822.98,339.60,821.33,339.68
818.06,339.95,819.12,341.23
827.79,339.86,826.69,341.30
817.67,341.31,826.36,341.31
818.22,339.96,826.36,341.31
819.95,339.75,825.85,339.83
820.00,339.87,828.18,341.22
819.45,341.22,828.18,341.22
824.22,406.33,824.39,406.39
825.81,339.96,826.36,341.31
826.69,341.30,826.36,341.31
818.22,339.96,825.81,339.96
818.22,339.96,825.85,339.83
818.32,339.83,825.85,339.83
818.06,339.95,817.51,341.30
817.67,341.31,817.51,341.30
818.22,339.96,817.67,341.31
828.18,341.22,828.33,341.23
827.52,339.75,826.14,339.95
827.79,339.86,826.14,339.95
820.00,339.87,827.63,339.87
824.16,405.69,824.18,405.91
820.00,339.87,819.45,341.22
820.00,339.87,819.12,341.23
819.68,339.86,818.06,339.95
819.68,339.86,818.32,339.83
819.95,339.75,818.32,339.83
831.50,340.65,829.79,340.73
829.05,402.14,829.07,402.05
829.95,340.73,829.79,340.73
831.50,340.65,831.85,340.65
832.35,339.13,830.63,339.21
827.21,339.49,828.33,340.80
828.33,340.80,826.65,340.88
831.49,431.10,832.17,432.07
827.37,339.50,835.18,339.37
827.48,339.37,835.18,339.37
826.81,340.88,826.65,340.88
829.24,339.41,828.68,340.79
828.33,340.80,828.68,340.79
828.91,339.40,828.33,340.80
828.91,339.40,827.21,339.49
828.91,339.40,827.48,339.37
791.17,342.53,789.78,342.59
799.75,342.53,798.32,342.59
789.93,342.60,798.02,342.60
791.94,341.15,797.54,341.22
797.51,341.34,798.02,342.60
798.32,342.59,798.02,342.60
790.44,341.34,797.51,341.34
823.55,378.60,823.53,378.48
790.44,341.34,797.54,341.22
790.53,341.22,797.54,341.22
789.93,342.60,789.78,342.59
790.29,341.34,789.93,342.60
790.44,341.34,789.93,342.60
799.24,341.26,799.75,342.53
799.60,342.52,799.75,342.53
799.24,341.26,799.60,342.52
799.08,341.26,799.60,342.52
798.99,341.15,797.54,341.22
798.99,341.15,797.81,341.34
799.24,341.26,797.81,341.34
791.94,341.15,798.99,341.15
791.94,341.15,799.08,341.26
791.99,341.26,799.08,341.26
791.17,342.53,791.48,342.52
791.99,341.26,791.17,342.53
788.59,342.65,787.22,342.71
796.60,341.38,795.70,342.71
797.10,342.65,795.70,342.71
787.37,342.72,795.40,342.72
787.87,341.47,795.40,342.72
789.40,341.39,796.96,342.65
788.89,342.65,796.96,342.65
794.89,341.47,795.40,342.72
795.70,342.71,795.40,342.72
795.19,341.46,795.70,342.71
787.87,341.47,794.89,341.47
787.87,341.47,794.93,341.35
787.72,341.46,787.37,342.72
787.87,341.47,787.37,342.72
796.60,341.38,797.10,342.65
796.60,341.38,796.96,342.65
796.45,341.39,796.96,342.65
796.60,341.38,795.19,341.46
789.35,341.28,796.45,341.39
789.40,341.39,796.45,341.39
789.40,341.39,788.89,342.65
788.59,342.65,788.89,342.65
789.40,341.39,788.59,342.65
789.11,341.38,788.59,342.65
800.93,340.80,801.87,342.03
801.87,342.03,800.40,342.10
810.17,340.72,809.19,342.10
800.55,342.10,808.87,342.10
802.66,340.62,808.39,340.69
802.71,340.73,810.54,342.03
802.19,342.03,810.54,342.03
808.35,340.81,808.87,342.10
801.08,340.81,808.39,340.69
800.93,340.80,800.40,342.10
800.55,342.10,800.40,342.10
800.93,340.80,800.55,342.10
801.08,340.81,800.55,342.10
810.17,340.72,810.69,342.03
810.54,342.03,810.69,342.03
809.91,340.62,808.66,340.80
810.17,340.72,808.66,340.80
802.66,340.62,809.91,340.62
802.66,340.62,810.01,340.73
802.71,340.73,810.01,340.73
802.71,340.73,802.19,342.03
801.87,342.03,802.19,342.03
802.41,340.72,801.87,342.03
802.41,340.72,801.17,340.69
813.53,341.90,812.00,341.97
803.30,341.97,811.68,341.97
805.44,340.48,811.19,340.55
804.96,341.90,813.37,341.90
811.15,340.67,811.68,341.97
812.00,341.97,811.68,341.97
803.83,340.67,811.15,340.67
803.83,340.67,811.19,340.55
803.93,340.55,811.19,340.55
803.30,341.97,803.15,341.97
803.68,340.67,803.30,341.97
803.83,340.67,803.30,341.97
813.00,340.58,813.53,341.90
813.37,341.90,813.53,341.90
813.00,340.58,813.37,341.90
812.74,340.48,811.19,340.55
812.74,340.48,811.47,340.67
813.00,340.58,811.47,340.67
805.44,340.48,812.74,340.48
805.44,340.48,812.84,340.59
805.49,340.59,804.96,341.90
804.64,341.90,804.96,341.90
805.49,340.59,804.64,341.90
805.18,340.58,804.64,341.90
805.18,340.58,803.68,340.67
805.18,340.58,803.93,340.55
795.53,341.07,796.44,342.28
804.63,340.99,803.68,342.35
805.14,342.28,803.68,342.35
795.68,341.08,803.37,342.35
797.23,340.89,802.89,340.96
797.28,341.00,804.99,342.28
796.76,342.28,804.99,342.28
802.85,341.08,803.37,342.35
803.68,342.35,803.37,342.35
795.68,341.08,802.85,341.08
795.68,341.08,802.89,340.96
795.78,340.96,802.89,340.96
795.17,342.35,795.02,342.35
795.53,341.07,795.17,342.35
804.63,340.99,805.14,342.28
804.38,340.89,802.89,340.96
804.38,340.89,803.16,341.07
797.23,340.89,804.38,340.89
797.23,340.89,804.47,341.00
797.28,341.00,796.76,342.28
796.44,342.28,796.76,342.28
796.98,340.99,796.44,342.28
796.98,340.99,795.53,341.07
796.98,340.99,795.78,340.96
799.14,342.16,797.69,342.22
807.38,340.86,806.41,342.22
798.36,340.95,806.10,342.23
799.92,340.75,805.62,340.83
799.98,340.87,807.75,342.15
799.45,342.15,807.75,342.15
798.36,340.95,805.62,340.83
798.21,340.94,797.69,342.22
797.84,342.23,797.69,342.22
798.21,340.94,797.84,342.23
798.36,340.95,797.84,342.23
807.38,340.86,807.90,342.16
807.75,342.15,807.90,342.16
807.38,340.86,807.75,342.15
807.22,340.87,807.75,342.15
807.13,340.75,805.89,340.94
799.92,340.75,807.13,340.75
799.92,340.75,807.22,340.87
799.98,340.87,807.22,340.87
799.98,340.87,799.45,342.15
799.14,342.16,799.45,342.15
799.67,340.86,799.14,342.16
799.92,340.75,798.46,340.83
786.04,342.77,784.69,342.83
794.00,341.51,793.12,342.83
794.50,342.77,793.12,342.83
785.34,341.60,792.81,342.83
786.85,341.52,794.35,342.76
829.92,420.72,831.30,420.92
792.31,341.60,792.81,342.83
792.31,341.60,793.12,342.83
785.34,341.60,792.35,341.48
785.43,341.48,792.35,341.48
785.19,341.59,784.69,342.83
784.84,342.83,784.69,342.83
829.70,420.22,830.49,420.22
785.19,341.59,784.84,342.83
785.34,341.60,784.84,342.83
829.69,419.27,829.70,420.22
794.00,341.51,794.50,342.77
794.00,341.51,794.35,342.76
793.84,341.52,794.35,342.76
793.75,341.41,792.61,341.59
786.80,341.41,793.75,341.41
786.80,341.41,793.84,341.52
786.85,341.52,793.84,341.52
832.10,420.92,830.71,420.72
786.85,341.52,786.34,342.76
786.04,342.77,786.34,342.76
832.10,420.92,830.49,420.22
786.85,341.52,786.04,342.77
786.56,341.51,786.04,342.77
786.56,341.51,785.19,341.59
806.47,340.53,807.45,341.77
807.45,341.77,805.94,341.84
815.87,340.44,814.85,341.84
816.40,341.77,814.85,341.84
806.63,340.53,814.53,341.84
808.26,340.33,814.04,340.41
808.31,340.45,816.25,341.77
807.78,341.77,816.25,341.77
814.85,341.84,814.53,341.84
814.00,340.53,814.85,341.84
814.32,340.53,814.85,341.84
806.47,340.53,805.94,341.84
806.09,341.84,805.94,341.84
806.47,340.53,806.09,341.84
806.63,340.53,806.09,341.84
815.87,340.44,816.40,341.77
816.25,341.77,816.40,341.77
815.87,340.44,816.25,341.77
815.61,340.33,814.32,340.53
808.26,340.33,815.61,340.33
808.26,340.33,815.72,340.45
807.45,341.77,807.78,341.77
808.31,340.45,807.45,341.77
808.00,340.44,806.47,340.53
808.26,340.33,806.73,340.41
816.14,341.37,814.56,341.44
824.74,340.01,823.67,341.44
825.91,397.44,825.91,401.44
816.47,341.36,825.13,341.36
822.79,340.10,823.67,341.44
823.12,340.10,823.67,341.44
815.26,340.10,822.79,340.10
815.26,340.10,822.84,339.98
815.36,339.98,822.84,339.98
826.20,401.44,826.14,397.46
815.10,340.10,814.56,341.44
814.71,341.44,814.56,341.44
815.10,340.10,814.71,341.44
808.42,387.69,812.58,387.94
824.74,340.01,825.28,341.37
824.74,340.01,825.13,341.36
824.48,339.90,823.12,340.10
816.96,339.90,824.58,340.02
817.02,340.02,824.58,340.02
817.02,340.02,816.47,341.36
816.14,341.37,816.47,341.36
817.02,340.02,816.14,341.37
816.70,340.01,816.14,341.37
816.70,340.01,815.10,340.10
816.70,340.01,815.36,339.98
812.18,340.24,813.20,341.50
825.60,401.75,825.71,397.21
813.20,341.50,811.64,341.58
821.74,340.15,820.69,341.58
822.28,341.50,820.69,341.58
812.34,340.25,820.36,341.58
814.02,340.05,819.86,340.12
814.07,340.16,822.13,341.50
813.53,341.50,822.13,341.50
820.69,341.58,820.36,341.58
819.82,340.25,820.69,341.58
820.15,340.24,820.69,341.58
812.34,340.25,819.86,340.12
811.80,341.58,811.64,341.58
822.13,341.50,822.28,341.50
821.48,340.05,820.15,340.24
821.74,340.15,820.15,340.24
814.02,340.05,821.48,340.05
814.02,340.05,821.58,340.16
814.07,340.16,813.53,341.50
813.20,341.50,813.53,341.50
814.07,340.16,813.20,341.50
813.75,340.15,812.18,340.24
813.75,340.15,812.44,340.13
801.91,341.12,800.98,342.47
802.43,342.41,800.98,342.47
793.04,341.21,800.67,342.48
794.56,341.02,800.20,341.09
794.10,342.40,802.28,342.40
800.16,341.21,800.67,342.48
800.98,342.47,800.67,342.48
800.16,341.21,800.98,342.47
800.47,341.21,800.98,342.47
793.04,341.21,800.16,341.21
793.04,341.21,800.20,341.09
793.14,341.09,800.20,341.09
792.53,342.48,792.38,342.47
793.04,341.21,792.53,342.48
801.91,341.12,802.43,342.41
824.89,401.86,825.60,401.75
802.28,342.40,802.43,342.41
801.76,341.13,802.28,342.40
801.66,341.02,800.47,341.21
801.91,341.12,800.47,341.21
794.56,341.02,801.66,341.02
794.56,341.02,801.76,341.13
824.89,396.85,825.60,397.09
793.79,342.41,794.10,342.40
794.61,341.13,793.79,342.41
794.32,341.12,793.79,342.41
794.32,341.12,793.14,341.09
794.56,341.02,793.14,341.09
809.31,340.39,810.31,341.64
810.31,341.64,808.77,341.71
818.78,340.30,817.75,341.71
819.32,341.64,817.75,341.71
811.11,340.19,816.93,340.27
816.89,340.39,817.42,341.71
817.75,341.71,817.42,341.71
817.21,340.39,817.75,341.71
809.56,340.27,816.93,340.27
808.92,341.71,808.77,341.71
818.78,340.30,819.17,341.63
818.63,340.31,819.17,341.63
818.78,340.30,817.21,340.39
811.11,340.19,818.53,340.19
811.11,340.19,818.63,340.31
811.17,340.31,810.31,341.64
810.86,340.30,810.31,341.64
810.86,340.30,809.31,340.39
810.86,340.30,809.56,340.27
769.69,381.00,769.30,380.96
769.69,381.00,769.26,380.34
769.59,381.97,769.41,381.52
769.30,379.72,769.26,380.34
769.82,382.27,769.59,381.97
770.25,382.40,769.59,381.97
769.41,379.17,769.30,379.72
769.69,379.68,769.41,379.17
770.07,382.39,769.82,382.27
769.59,378.74,769.41,379.17
769.81,379.09,769.41,379.17
770.32,382.30,770.07,382.39
770.52,382.53,770.07,382.39
769.82,378.47,769.59,378.74
770.01,378.63,769.59,378.74
770.01,378.63,769.82,378.47
770.55,382.03,770.32,382.30
770.79,382.44,770.32,382.30
770.07,378.38,769.82,378.47
770.25,378.33,770.07,378.38
770.73,381.60,770.55,382.03
770.32,378.49,770.07,378.38
770.52,378.24,770.32,378.49
771.23,381.69,770.73,381.60
770.85,381.05,770.73,381.60
771.23,381.69,770.85,381.05
770.55,378.79,770.32,378.49
770.79,378.36,770.32,378.49
826.32,397.76,825.99,398.78
771.39,380.44,770.85,381.05
833.79,404.43,826.14,401.46
771.35,381.10,770.85,381.05
771.23,379.16,770.55,378.79
770.85,379.81,770.89,380.43
770.85,379.81,770.73,379.24
771.23,379.16,770.73,379.24
771.35,379.77,770.85,379.81
769.45,379.05,769.62,379.00
769.82,378.47,769.62,379.00
769.82,378.47,770.07,378.38
769.80,379.07,769.62,379.00
770.07,378.38,769.62,379.00
769.80,379.07,770.07,378.38
770.32,378.49,770.07,378.38
770.32,378.49,769.80,379.07
769.06,380.35,769.09,379.93
769.26,380.34,769.09,379.93
818.21,406.40,818.25,406.74
769.26,380.34,769.30,379.72
769.59,378.74,769.82,378.47
769.59,378.74,769.45,379.05
769.17,379.54,769.09,379.93
769.30,379.72,769.09,379.93
769.17,379.54,769.30,379.72
769.41,379.17,769.30,379.72
769.29,379.24,769.59,378.74
769.41,379.17,769.29,379.24
769.17,379.54,769.29,379.24
770.08,379.59,769.95,379.28
770.08,379.59,770.55,378.79
770.73,379.24,770.55,378.79
770.16,379.99,770.08,379.59
770.73,379.24,770.08,379.59
770.16,379.99,770.73,379.24
770.85,379.81,770.73,379.24
770.19,380.42,770.16,379.99
770.85,379.81,770.16,379.99
770.19,380.42,770.85,379.81
770.89,380.43,770.85,379.81
770.16,380.85,770.19,380.42
770.89,380.43,770.19,380.42
770.16,380.85,770.89,380.43
770.85,381.05,770.89,380.43
770.08,381.23,770.16,380.85
770.85,381.05,770.16,380.85
770.08,381.23,770.85,381.05
770.73,381.60,770.85,381.05
770.55,382.03,770.73,381.60
769.80,381.72,769.95,381.53
770.55,382.03,769.95,381.53
769.80,381.72,770.55,382.03
770.32,382.30,770.55,382.03
769.62,381.77,769.80,381.72
770.32,382.30,769.80,381.72
769.62,381.77,770.32,382.30
770.07,382.39,770.32,382.30
769.45,381.70,769.62,381.77
770.07,382.39,769.62,381.77
769.45,381.70,770.07,382.39
769.29,381.49,769.45,381.70
769.82,382.27,769.45,381.70
769.29,381.49,769.82,382.27
769.59,381.97,769.82,382.27
769.30,380.96,769.26,380.34
769.06,380.35,769.26,380.34
769.17,381.17,769.29,381.49
769.59,381.97,769.29,381.49
769.17,381.17,769.59,381.97
769.41,381.52,769.59,381.97
769.09,380.78,769.30,380.96
769.41,381.52,769.09,380.78
769.17,381.17,769.09,380.78
769.81,381.60,770.80,381.60
770.68,381.00,770.80,381.60
769.81,381.60,770.68,381.00
769.69,381.00,770.68,381.00
770.63,380.33,770.68,381.00
769.69,381.00,770.63,380.33
769.65,380.33,769.69,381.00
770.80,381.60,770.99,382.08
770.01,382.08,770.80,381.60
769.81,381.60,770.80,381.60
770.01,382.08,769.81,381.60
769.65,380.33,770.63,380.33
770.68,379.68,770.63,380.33
769.65,380.33,770.68,379.68
769.69,379.68,769.65,380.33
770.99,382.08,771.24,382.40
770.01,382.08,770.99,382.08
770.25,382.40,770.01,382.08
770.80,379.09,770.68,379.68
769.69,379.68,770.80,379.09
769.81,379.09,769.69,379.68
771.24,382.40,771.51,382.53
770.25,382.40,771.24,382.40
770.52,382.53,770.25,382.40
769.81,379.09,770.80,379.09
770.99,378.63,770.80,379.09
769.81,379.09,770.99,378.63
770.01,378.63,769.81,379.09
770.52,382.53,771.51,382.53
770.79,382.44,770.52,382.53
770.01,378.63,770.99,378.63
771.24,378.33,770.99,378.63
770.01,378.63,771.24,378.33
770.25,378.33,770.01,378.63
771.03,382.15,772.02,382.15
771.78,382.44,772.02,382.15
771.03,382.15,771.78,382.44
771.03,382.15,770.79,382.44
770.25,378.33,771.24,378.33
771.51,378.24,771.24,378.33
770.52,378.24,770.25,378.33
771.23,381.69,772.22,381.69
771.23,381.69,772.02,382.15
771.23,381.69,771.03,382.15
770.52,378.24,771.51,378.24
770.52,378.24,771.78,378.36
770.79,378.36,770.52,378.24
772.22,381.69,772.34,381.10
771.35,381.10,772.22,381.69
771.23,381.69,772.22,381.69
771.35,381.10,771.23,381.69
770.79,378.36,771.78,378.36
772.02,378.68,771.78,378.36
770.79,378.36,772.02,378.68
771.03,378.68,770.79,378.36
771.39,380.44,772.39,380.44
772.34,381.10,772.39,380.44
771.39,380.44,772.34,381.10
771.39,380.44,771.35,381.10
771.03,378.68,772.02,378.68
772.22,379.16,772.02,378.68
771.03,378.68,772.22,379.16
771.23,379.16,772.22,379.16
771.23,379.16,771.03,378.68
772.39,380.44,772.34,379.77
771.35,379.77,772.39,380.44
772.34,379.77,772.22,379.16
771.23,379.16,772.34,379.77
771.35,379.77,772.34,379.77
771.23,379.16,771.35,379.77
793.62,380.90,793.63,380.06
793.62,380.90,774.36,380.06
793.62,380.90,774.36,380.62
771.18,380.51,772.30,371.53
774.52,380.51,775.65,371.53
770.87,356.20,771.65,371.30
771.65,371.30,772.19,367.02
775.97,367.02,772.19,367.02
772.36,367.19,772.80,367.54
776.15,367.54,772.80,367.54
772.36,367.19,776.15,367.54
775.87,367.19,776.15,367.54
772.36,367.19,775.87,367.19
775.34,371.33,775.87,367.19
776.15,367.54,775.87,367.19
775.34,371.33,776.15,367.54
775.65,371.53,776.15,367.54
775.34,371.33,775.65,371.53
771.18,380.51,774.52,380.51
774.27,380.49,770.78,380.49
772.30,371.53,772.80,367.54
772.36,367.19,772.80,367.54
772.30,371.53,772.36,367.19
771.84,371.33,772.36,367.19
772.30,371.53,771.84,371.33
767.40,380.90,770.59,380.61
770.60,380.06,770.59,380.61
793.63,380.06,774.36,380.06
774.43,379.22,793.63,380.06
793.71,379.22,793.63,380.06
767.48,379.21,767.41,380.06
770.67,379.22,770.60,380.06
767.48,379.21,770.67,379.22
767.48,379.21,771.65,371.30
769.13,371.30,771.65,371.30
793.71,379.22,775.43,371.30
793.71,379.22,774.43,379.22
775.97,367.02,775.43,371.30
794.08,371.30,775.43,371.30
794.08,371.30,775.97,367.02
796.25,356.20,775.97,367.02
770.59,380.61,774.36,380.62
774.27,380.49,774.36,380.62
770.59,380.61,774.27,380.49
770.78,380.49,774.27,380.49
770.59,380.61,770.78,380.49
774.28,380.07,774.27,380.49
774.36,380.62,774.27,380.49
774.28,380.07,774.36,380.62
774.36,380.06,774.36,380.62
770.60,380.06,770.59,380.61
770.78,380.49,770.59,380.61
770.60,380.06,770.78,380.49
770.79,380.07,770.78,380.49
770.67,379.22,770.60,380.06
770.79,380.07,770.60,380.06
770.67,379.22,770.79,380.07
770.86,379.25,770.79,380.07
774.36,380.06,774.28,380.07
774.35,379.25,774.36,380.06
771.65,371.30,770.86,379.25
771.84,371.33,770.86,379.25
771.84,371.33,771.65,371.30
772.19,367.02,771.84,371.33
772.36,367.19,771.84,371.33
772.19,367.02,772.36,367.19
775.97,367.02,772.19,367.02
772.36,367.19,772.19,367.02
775.97,367.02,772.36,367.19
775.97,367.02,772.36,367.19
775.97,367.02,775.87,367.19
775.34,371.33,774.35,379.25
774.43,379.22,774.35,379.25
775.87,367.19,775.97,367.02
775.43,371.30,775.87,367.19
775.34,371.33,775.87,367.19
775.43,371.30,775.34,371.33
771.18,380.51,774.52,380.51
770.87,356.20,775.97,367.02
772.80,367.54,776.15,367.54
775.65,371.53,772.80,367.54
772.30,371.53,772.80,367.54
775.65,371.53,772.30,371.53
806.41,386.94,787.10,383.57
793.78,382.24,794.09,381.54
793.78,382.24,794.21,381.39
793.73,383.76,794.26,383.18
793.39,382.67,794.26,383.18
793.14,383.94,793.73,383.76
793.14,383.94,794.00,383.99
784.59,383.61,781.80,383.43
784.59,383.61,781.58,383.20
784.36,383.38,781.58,383.20
781.80,383.43,781.58,383.20
786.75,383.56,787.10,383.57
788.58,386.94,787.10,383.57
788.58,386.94,786.75,383.56
781.80,383.43,784.59,383.61
829.77,399.40,829.67,400.67
786.75,383.56,784.59,383.61
783.34,383.17,781.80,383.43
784.10,383.42,781.80,383.43
812.11,383.56,811.96,383.57
788.58,386.94,804.91,389.46
812.11,383.56,809.04,383.42
812.11,383.56,811.34,383.43
814.35,383.61,811.34,383.43
794.26,383.18,793.73,383.76
794.55,383.37,793.73,383.76
794.55,383.37,794.00,383.99
793.73,383.76,794.00,383.99
811.96,383.57,787.10,383.57
811.96,383.57,795.78,384.16
794.00,383.99,793.38,384.17
793.78,382.24,794.26,383.18
794.09,381.54,794.21,381.39
794.40,380.57,794.21,381.39
794.40,380.57,794.09,381.54
794.29,380.66,794.09,381.54
819.48,387.32,824.29,389.18
796.09,380.51,794.40,380.57
794.21,381.39,794.40,380.57
793.93,382.02,793.78,382.24
793.14,383.94,793.73,383.76
792.97,382.80,793.73,383.76
793.73,383.76,793.39,382.67
784.59,383.61,793.38,384.17
793.14,383.94,784.59,383.61
784.36,383.38,784.59,383.61
793.14,383.94,784.36,383.38
784.36,382.28,782.34,382.16
781.88,381.32,781.61,380.67
781.88,381.32,783.55,380.58
782.34,382.16,781.95,381.99
782.60,381.91,782.22,381.75
781.61,380.67,783.55,380.58
783.38,379.82,781.61,380.67
781.88,381.32,782.22,381.75
781.95,381.99,782.22,381.75
781.88,381.32,781.95,381.99
781.95,381.99,782.34,382.16
781.58,383.20,782.34,382.16
787.15,389.46,804.91,389.46
804.80,389.54,804.91,389.46
804.80,389.54,787.15,389.46
811.34,383.43,809.04,383.42
808.61,383.17,811.34,383.43
814.35,383.61,811.57,383.20
814.58,383.38,811.57,383.20
796.93,383.37,794.00,383.99
796.93,383.37,796.38,383.99
794.00,383.99,796.38,383.99
821.50,384.16,822.14,383.99
821.50,384.16,796.38,383.99
795.78,384.16,796.38,383.99
821.50,384.16,814.35,383.61
823.86,384.17,814.35,383.61
810.72,383.18,808.61,383.17
808.69,382.51,810.72,383.18
794.09,381.54,794.67,382.24
794.29,380.66,794.40,380.57
794.46,379.67,794.40,380.57
794.46,379.67,794.29,380.66
795.91,381.27,794.21,381.39
793.93,382.02,795.91,381.27
784.36,382.28,793.14,383.94
784.36,383.38,793.14,383.94
784.36,382.28,784.36,383.38
793.58,382.42,793.39,382.67
792.97,382.80,793.58,382.42
793.18,382.54,793.58,382.42
782.22,381.75,781.88,381.32
783.81,381.19,781.88,381.32
782.22,381.75,783.81,381.19
784.14,381.59,783.81,381.19
781.58,381.52,781.88,381.32
781.61,380.67,781.58,381.52
780.54,382.33,781.03,382.96
781.58,381.52,781.03,382.96
781.03,382.96,781.95,381.99
780.54,382.33,781.03,382.96
781.23,383.18,781.03,382.96
810.63,341.63,819.17,341.63
780.54,382.33,781.23,383.18
780.71,382.52,781.23,383.18
781.23,383.18,783.34,383.17
824.81,396.59,825.01,396.74
782.18,382.51,781.23,383.18
780.71,382.52,781.23,383.18
831.48,418.67,828.48,418.90
772.34,381.09,771.03,381.91
781.18,389.08,787.05,389.54
798.67,389.08,787.05,389.54
804.80,389.54,787.05,389.54
798.67,389.08,804.80,389.54
771.03,381.91,770.48,381.22
771.01,381.97,770.48,381.22
788.31,386.91,788.58,386.94
786.90,389.37,787.15,389.46
784.10,383.42,786.75,383.56
788.31,386.91,786.75,383.56
784.10,383.42,788.31,386.91
806.50,386.91,812.11,383.56
809.04,383.42,812.11,383.56
809.04,383.42,806.50,386.91
802.60,386.64,806.50,386.91
804.91,389.46,806.41,386.94
806.50,386.91,806.41,386.94
804.91,389.46,806.50,386.91
805.02,389.37,806.50,386.91
804.91,389.46,805.02,389.37
806.40,387.50,807.28,388.86
810.72,383.18,811.34,383.43
810.98,382.96,811.34,383.43
811.57,383.20,811.34,383.43
810.98,382.96,811.57,383.20
823.86,384.17,814.35,383.61
824.08,383.94,814.58,383.38
814.35,383.61,814.58,383.38
824.08,383.94,824.72,383.76
824.36,382.67,824.77,382.24
824.36,382.67,824.46,382.02
824.07,382.42,824.46,382.02
822.94,380.51,824.77,381.39
814.58,383.38,812.40,382.16
814.58,383.38,811.57,383.20
811.43,381.32,809.51,380.58
809.31,340.39,808.92,341.71
809.79,381.19,809.51,380.58
824.77,382.24,824.46,382.02
825.29,383.18,824.36,382.67
824.72,383.76,824.36,382.67
825.29,383.18,824.72,383.76
794.67,382.24,794.99,382.38
795.28,381.12,794.67,382.24
794.99,382.38,794.55,383.37
814.00,340.53,814.53,341.84
794.55,383.37,796.93,383.37
822.14,383.99,796.38,383.99
796.93,383.37,796.38,383.99
821.50,384.16,822.14,383.99
794.90,381.09,794.77,381.68
797.07,381.22,796.21,381.91
797.22,381.25,796.34,381.97
830.34,394.29,830.23,393.88
794.40,378.75,794.46,379.67
815.72,340.45,816.25,341.77
796.16,379.66,794.46,379.67
794.40,378.75,796.16,379.66
796.09,378.80,796.16,379.66
830.29,394.26,830.23,393.88
795.03,379.71,794.94,381.04
794.29,380.66,794.94,381.04
830.34,394.29,830.29,394.26
794.36,379.67,794.29,380.66
794.29,378.68,794.36,379.67
794.46,379.67,794.36,379.67
794.40,378.75,794.46,379.67
795.63,381.87,793.93,382.02
793.58,382.42,793.93,382.02
782.60,381.91,782.34,382.16
784.36,382.28,782.60,381.91
815.10,340.10,816.14,341.37
784.14,381.59,782.22,381.75
784.51,381.74,784.14,381.59
826.16,392.56,829.87,392.76
783.33,378.99,783.38,379.82
781.44,379.87,783.38,379.82
826.16,392.56,830.00,392.56
783.33,378.99,781.44,379.87
781.44,379.87,781.61,380.67
781.29,380.82,781.61,380.67
781.11,379.94,781.29,380.82
780.12,381.29,780.54,382.33
781.29,380.82,780.54,382.33
781.29,380.82,781.58,381.52
780.54,382.33,781.58,381.52
831.30,420.92,832.33,420.48
770.10,380.88,770.44,381.25
770.16,380.86,770.44,381.25
770.48,381.22,770.44,381.25
770.16,380.86,770.48,381.22
779.68,389.53,781.18,389.08
797.09,389.53,781.18,389.08
797.09,389.53,798.67,389.08
825.53,391.81,825.17,391.99
771.34,382.44,771.03,381.91
771.34,382.44,772.21,381.68
772.02,382.14,772.21,381.68
771.34,382.44,771.03,381.91
771.34,382.54,771.03,381.91
771.34,382.54,771.01,381.97
787.05,389.54,781.18,389.08
787.05,389.54,781.01,388.90
786.90,389.37,781.01,388.90
804.80,389.54,798.67,389.08
795.51,382.54,796.34,381.97
795.51,382.54,796.21,381.91
794.77,381.68,796.21,381.91
795.42,382.44,794.77,381.68
811.15,380.67,809.51,380.58
809.33,379.82,811.15,380.67
810.96,379.87,811.15,380.67
811.97,381.99,811.79,381.75
811.43,381.32,811.79,381.75
811.43,381.32,811.97,381.99
811.57,381.52,811.97,381.99
810.98,382.96,811.57,383.20
824.08,383.94,814.58,383.38
814.58,382.28,824.08,383.94
823.90,382.80,824.08,383.94
814.58,382.28,823.90,382.80
823.90,382.80,824.36,382.67
824.07,382.42,824.36,382.67
823.90,382.80,824.07,382.42
823.64,382.54,824.07,382.42
822.75,381.27,824.77,381.39
809.79,381.19,811.43,381.32
811.79,381.75,811.43,381.32
811.79,381.75,809.79,381.19
810.14,381.59,809.79,381.19
825.12,383.37,824.52,383.99
825.29,383.18,824.52,383.99
825.29,383.18,824.72,383.76
824.52,383.99,824.72,383.76
824.97,380.57,822.94,380.51
825.04,379.67,824.97,380.57
824.97,380.57,824.77,381.39
825.11,381.54,824.77,381.39
825.32,380.66,825.11,381.54
825.11,381.54,824.77,382.24
825.74,382.24,824.77,382.24
825.29,383.18,824.77,382.24
825.74,382.24,825.29,383.18
795.37,379.71,795.28,381.12
794.94,381.04,795.28,381.12
795.37,379.71,794.94,381.04
795.03,379.71,794.94,381.04
797.66,381.12,794.99,382.38
797.66,381.12,797.38,382.38
794.99,382.38,797.38,382.38
796.93,383.37,822.73,383.37
822.73,383.37,822.14,383.99
825.12,383.37,824.52,383.99
809.19,381.52,808.69,382.51
810.16,382.52,808.69,382.51
809.19,381.52,810.16,382.52
781.61,377.32,781.44,378.11
781.61,377.32,783.38,378.17
783.55,377.43,783.38,378.17
796.09,378.80,794.40,378.75
794.36,379.67,795.03,379.71
826.03,398.86,829.95,399.01
794.93,378.16,794.36,379.67
795.28,382.24,793.58,382.42
784.36,382.28,792.97,382.80
793.18,382.54,784.36,382.28
784.60,382.03,784.36,382.28
793.18,382.54,784.60,382.03
784.51,381.74,782.60,381.91
784.60,382.03,784.51,381.74
781.44,378.11,783.38,378.17
783.33,378.99,783.38,378.17
781.44,378.11,783.33,378.99
781.38,378.99,783.33,378.99
781.44,378.11,781.38,378.99
769.88,380.77,769.59,380.77
769.58,380.88,769.59,380.77
769.88,380.77,769.58,380.88
770.10,380.88,769.58,380.88
769.88,380.77,770.10,380.88
770.44,381.25,770.10,380.88
779.48,381.44,770.10,380.88
780.54,382.33,780.30,381.52
780.12,381.29,780.30,381.52
780.54,382.33,780.12,381.29
780.84,381.52,782.18,382.51
780.71,382.52,780.84,381.52
780.30,381.52,780.84,381.52
780.71,382.52,780.30,381.52
770.48,381.22,772.34,381.09
772.38,380.43,772.34,381.09
772.38,380.43,770.48,381.22
830.57,405.77,830.65,405.77
779.49,389.36,781.01,388.90
781.18,389.08,781.01,388.90
830.64,406.01,830.57,405.77
779.68,389.53,781.18,389.08
830.55,405.98,830.64,406.01
778.31,391.08,779.68,389.53
830.58,406.21,830.55,405.98
795.66,391.08,797.09,389.53
830.50,406.18,830.58,406.21
771.51,382.51,771.78,382.43
771.39,382.76,771.78,382.43
772.02,382.14,771.78,382.43
771.39,382.76,772.02,382.14
771.34,382.44,772.02,382.14
784.59,386.64,788.31,386.91
802.60,386.64,806.50,386.91
802.60,386.64,805.02,389.37
794.30,382.43,794.56,382.14
794.78,382.76,794.56,382.14
794.78,382.76,795.42,382.44
794.30,382.43,794.78,382.76
811.57,381.52,811.43,381.32
810.98,382.96,811.97,381.99
829.91,405.91,829.94,405.93
811.57,381.52,811.97,381.99
822.45,381.87,824.46,382.02
812.19,381.91,812.40,382.16
810.14,381.59,811.79,381.75
825.60,382.38,825.12,383.37
825.74,382.24,825.12,383.37
825.12,383.37,825.29,383.18
822.94,378.80,823.00,379.66
824.97,378.75,823.00,379.66
825.04,379.67,823.00,379.66
824.97,378.75,825.04,379.67
825.32,380.66,824.97,380.57
825.40,379.67,825.32,380.66
825.32,380.66,825.11,381.54
826.03,381.04,825.11,381.54
825.74,382.24,825.11,381.54
826.03,381.04,825.74,382.24
795.28,378.29,794.93,378.16
795.03,379.71,795.28,378.29
795.37,379.71,795.28,378.29
795.03,379.71,795.37,379.71
795.37,379.71,795.28,381.12
797.76,379.71,795.28,381.12
795.28,381.12,797.66,381.12
823.51,381.12,823.21,382.38
797.38,382.38,823.21,382.38
857.52,374.15,801.34,373.25
797.66,381.12,797.38,382.38
827.20,384.18,819.14,383.80
825.12,383.37,822.73,383.37
823.21,382.38,825.12,383.37
825.60,382.38,825.12,383.37
797.75,380.77,798.04,380.77
798.13,380.88,797.75,380.77
797.60,380.88,797.75,380.77
798.13,380.88,797.60,380.88
807.72,381.44,797.22,381.25
797.22,381.25,797.60,380.88
809.72,381.52,810.16,382.52
810.45,382.33,810.16,382.52
809.72,381.52,810.45,382.33
809.99,381.29,810.45,382.33
809.72,381.52,809.99,381.29
807.72,381.44,809.19,381.52
809.72,381.52,809.19,381.52
828.90,402.56,825.07,402.56
808.25,381.44,809.72,381.52
794.94,380.43,794.90,381.09
797.07,381.22,794.90,381.09
794.94,380.43,797.07,381.22
783.55,377.43,781.61,377.32
781.88,376.70,781.61,377.32
781.88,376.70,783.55,377.43
783.81,376.85,783.55,377.43
793.93,377.25,794.21,377.92
795.91,378.02,794.21,377.92
794.40,378.75,794.29,378.68
794.09,377.77,794.40,378.75
786.48,381.85,794.89,382.35
793.18,382.54,794.89,382.35
786.48,381.85,793.18,382.54
784.60,382.03,793.18,382.54
786.48,381.85,784.60,382.03
781.11,379.94,781.44,379.87
780.12,381.29,781.29,380.82
781.11,379.94,780.12,381.29
778.72,381.21,780.12,381.29
779.48,381.44,770.10,380.88
779.48,381.44,769.58,380.88
778.94,381.44,769.58,380.88
780.84,381.52,780.30,381.52
778.94,381.44,779.48,381.44
772.38,380.43,769.88,380.77
769.88,380.77,770.16,380.86
794.35,342.76,794.50,342.77
772.38,380.43,770.16,380.86
769.59,380.77,769.88,380.77
786.34,342.76,794.35,342.76
769.43,380.44,769.88,380.77
769.43,380.44,769.44,380.62
828.94,370.19,828.72,369.77
828.94,367.23,828.72,369.77
828.72,367.64,828.72,369.77
828.94,367.23,828.94,370.19
771.35,379.77,770.89,380.43
771.39,380.44,770.89,380.43
827.53,367.05,828.94,367.23
793.83,396.72,794.53,393.57
795.79,390.93,797.24,389.36
795.66,391.08,797.24,389.36
797.24,389.36,797.09,389.53
779.68,389.53,779.49,389.36
778.10,390.93,779.68,389.53
795.66,391.08,778.31,391.08
794.53,393.57,795.66,391.08
776.57,396.72,777.01,393.46
776.57,396.72,777.24,393.57
822.50,377.34,822.44,379.34
771.19,382.85,771.51,382.51
771.24,382.39,771.19,382.85
770.76,382.72,771.19,382.85
771.34,382.44,771.34,382.54
771.40,382.89,771.34,382.44
771.39,382.76,771.34,382.44
795.42,382.44,795.51,382.54
794.82,382.89,795.42,382.44
794.34,382.85,794.02,382.51
793.73,382.39,794.34,382.85
794.12,382.72,794.34,382.85
824.77,377.92,822.94,378.80
824.97,378.75,822.94,378.80
810.96,379.87,809.33,379.82
809.27,378.99,809.33,379.82
810.90,378.99,810.96,379.87
811.26,380.82,811.15,380.67
810.96,379.87,811.26,380.82
810.45,382.33,811.57,381.52
823.64,382.54,823.90,382.80
814.58,382.28,823.64,382.54
814.36,382.03,823.64,382.54
814.58,382.28,814.36,382.03
823.64,382.54,824.07,382.42
822.07,382.24,824.07,382.42
823.64,382.54,822.07,382.24
821.65,382.35,822.07,382.24
812.64,381.85,810.54,381.74
812.19,381.91,810.54,381.74
825.60,382.38,825.74,382.24
825.40,379.67,825.04,379.67
826.03,381.04,825.32,380.66
825.79,376.31,825.61,376.59
795.37,379.71,795.28,378.29
797.66,378.29,795.28,378.29
795.37,379.71,797.66,378.29
797.76,379.71,797.66,378.29
795.37,379.71,797.76,379.71
823.51,381.12,797.66,381.12
797.76,379.71,823.51,381.12
823.62,379.71,823.51,381.12
825.60,382.38,823.21,382.38
825.90,381.12,825.60,382.38
798.21,380.62,798.04,380.77
798.13,380.88,798.04,380.77
807.72,381.44,808.25,381.44
798.13,380.88,808.25,381.44
828.38,378.82,823.55,378.60
807.72,381.44,798.13,380.88
828.38,378.82,824.16,378.70
807.72,381.44,797.60,380.88
808.25,381.44,809.72,381.52
809.99,381.29,809.72,381.52
808.25,381.44,809.99,381.29
808.48,381.21,809.99,381.29
794.94,380.43,797.44,380.86
797.75,380.77,797.44,380.86
794.94,380.43,797.75,380.77
798.23,380.44,797.75,380.77
798.04,380.77,797.75,380.77
798.23,380.44,798.04,380.77
798.21,380.62,798.04,380.77
781.11,378.03,781.29,377.17
781.61,377.32,781.29,377.17
781.58,376.50,781.29,377.17
781.58,376.50,781.61,377.32
781.88,376.70,781.61,377.32
793.93,377.25,794.21,377.92
793.78,377.05,794.21,377.92
793.78,377.05,794.09,377.77
794.21,377.92,794.09,377.77
794.93,378.16,794.29,378.68
793.58,376.82,793.93,377.25
795.63,377.39,793.93,377.25
795.28,376.99,795.63,377.39
813.45,391.17,812.48,390.67
794.89,382.35,794.89,379.59
784.51,379.06,794.89,382.35
786.48,381.85,794.89,382.35
783.81,376.85,781.88,376.70
821.58,340.16,822.13,341.50
782.22,376.31,783.81,376.85
821.74,340.15,822.13,341.50
784.14,376.49,783.81,376.85
827.31,369.89,828.72,369.77
828.94,370.19,828.72,369.77
827.31,369.89,828.94,370.19
827.53,370.36,828.94,370.19
827.31,369.89,827.53,370.36
828.94,370.19,827.53,370.36
769.58,380.88,769.59,380.77
769.37,380.67,769.58,380.88
781.11,378.03,781.44,378.11
781.38,378.99,781.44,378.11
781.11,378.03,781.38,378.99
781.05,378.98,781.38,378.99
781.11,378.03,781.05,378.98
778.72,381.21,780.12,381.29
780.30,381.52,780.12,381.29
778.72,381.21,780.30,381.52
811.17,340.31,819.17,341.63
778.94,381.44,780.30,381.52
828.72,367.64,828.94,367.23
827.53,367.05,828.72,367.64
827.31,367.51,828.72,367.64
827.53,367.05,827.31,367.51
826.35,367.52,826.35,369.79
825.19,369.97,826.35,367.52
828.72,369.77,828.72,367.64
827.31,367.51,828.72,369.77
827.31,369.89,828.72,369.77
827.31,367.51,827.31,369.89
832.40,419.40,830.42,419.12
793.83,396.72,776.57,396.72
777.24,393.57,776.57,396.72
793.83,396.72,777.24,393.57
794.53,393.57,777.24,393.57
825.04,379.67,824.97,380.57
795.79,390.93,794.64,393.46
794.53,393.57,794.64,393.46
825.04,379.67,825.32,380.66
795.79,390.93,794.53,393.57
795.66,391.08,794.53,393.57
824.65,378.29,824.72,379.14
795.79,390.93,795.66,391.08
777.01,393.46,778.10,390.93
778.31,391.08,778.10,390.93
777.01,393.46,778.31,391.08
777.24,393.57,778.31,391.08
829.70,372.35,829.82,373.25
777.01,393.46,777.24,393.57
771.00,382.07,771.24,382.39
771.00,382.07,770.76,382.72
770.15,382.36,770.76,382.72
771.19,382.85,771.39,382.76
797.66,381.12,823.21,382.38
771.40,382.89,771.39,382.76
824.46,405.18,824.30,405.14
771.19,382.99,771.40,382.89
823.21,382.38,822.73,383.37
770.15,382.36,771.00,382.07
769.38,381.81,770.15,382.36
794.34,382.85,794.78,382.76
794.34,382.99,794.82,382.89
824.22,379.71,797.16,379.71
794.78,382.76,794.82,382.89
794.12,382.72,793.73,382.39
793.47,382.07,793.73,382.39
793.47,382.07,794.12,382.72
794.14,382.36,794.12,382.72
794.14,382.36,793.47,382.07
793.27,381.59,793.47,382.07
793.27,381.59,794.14,382.36
824.77,377.92,822.75,378.02
809.33,378.17,809.27,378.99
810.96,378.11,809.27,378.99
810.96,378.11,810.90,378.99
809.27,378.99,810.90,378.99
809.51,377.43,809.33,378.17
811.15,377.32,809.33,378.17
811.15,377.32,810.96,378.11
809.33,378.17,810.96,378.11
811.06,379.94,810.96,379.87
810.90,378.99,810.96,379.87
810.90,378.99,811.06,379.94
810.99,378.98,811.06,379.94
809.99,381.29,811.26,380.82
811.06,379.94,811.26,380.82
811.06,379.94,809.99,381.29
808.48,381.21,809.99,381.29
823.64,382.54,814.36,382.03
801.34,373.25,857.52,375.30
812.64,381.85,821.65,382.35
825.90,381.12,826.03,381.04
826.13,379.71,825.90,381.12
825.11,377.77,824.97,378.75
825.32,378.68,824.97,378.75
825.11,377.77,825.32,378.68
825.32,378.68,825.40,379.67
826.13,379.71,825.40,379.67
797.66,378.29,823.51,378.29
797.66,378.29,823.62,379.71
808.48,381.21,798.36,380.67
825.14,392.71,824.66,393.65
808.48,381.21,798.13,380.88
808.25,381.44,798.13,380.88
798.37,380.45,798.21,380.62
798.23,380.44,798.21,380.62
781.58,376.50,781.29,377.17
778.72,371.65,781.29,377.17
781.88,376.70,781.58,376.50
833.09,380.12,821.46,379.56
782.22,376.31,781.88,376.70
793.39,376.57,793.93,377.25
793.39,376.57,793.78,377.05
793.93,377.25,793.78,377.05
795.28,376.99,793.58,376.82
793.18,376.66,795.28,376.99
794.89,376.83,795.28,376.99
784.51,376.37,794.89,379.59
784.51,376.37,784.51,379.06
784.51,376.37,784.14,376.49
782.60,376.19,784.14,376.49
782.22,376.31,784.14,376.49
782.60,376.19,782.22,376.31
808.66,340.80,809.19,342.10
827.53,370.36,827.02,370.09
827.31,369.89,827.02,370.09
827.53,370.36,827.31,369.89
827.53,370.36,827.24,370.56
830.23,393.88,826.39,393.88
797.66,378.29,795.28,378.29
799.52,372.32,795.28,378.29
797.66,378.29,799.52,372.32
802.38,372.35,799.52,372.32
797.66,378.29,802.38,372.35
825.19,369.97,826.35,369.79
826.17,370.15,825.19,369.97
826.17,370.15,824.96,370.40
826.17,367.15,826.35,367.52
826.35,369.79,826.35,367.52
826.17,367.15,826.35,369.79
826.17,367.15,826.35,367.52
825.19,367.38,826.17,367.15
825.19,367.38,826.17,367.15
825.02,367.01,826.17,367.15
769.38,380.45,769.44,380.62
769.38,380.45,769.37,380.67
769.44,380.62,769.37,380.67
769.37,380.67,769.58,380.88
778.72,381.21,769.37,380.67
778.94,381.44,778.72,381.21
769.43,380.44,772.38,380.43
772.34,379.77,772.38,380.43
772.34,379.77,769.43,380.44
769.38,379.66,769.43,380.44
824.92,365.24,799.73,364.91
824.92,365.24,825.02,365.04
820.97,391.34,814.53,391.34
807.24,364.15,807.45,364.55
806.33,364.27,829.77,364.52
799.39,359.57,799.30,359.95
799.91,364.73,777.94,364.55
825.02,365.04,826.21,364.82
827.24,366.85,827.02,367.31
827.53,367.05,827.24,366.85
827.31,367.51,827.53,367.05
825.19,367.38,825.19,369.97
827.02,370.09,827.31,369.89
827.53,365.07,828.94,364.85
827.31,364.60,827.53,365.07
828.94,364.85,828.72,364.45
828.72,362.38,828.72,364.45
828.94,361.98,828.72,362.38
828.94,364.85,827.53,365.07
771.26,359.59,771.18,360.00
775.46,396.58,776.33,396.68
775.62,396.75,776.49,396.84
776.57,396.72,793.83,396.72
793.74,396.84,793.83,396.72
776.57,396.72,793.74,396.84
776.57,396.72,776.49,396.84
793.74,396.84,793.93,396.68
793.02,396.58,793.74,396.84
792.84,396.75,793.74,396.84
770.76,382.72,771.19,382.85
772.80,385.75,784.59,386.64
802.60,386.64,790.31,385.75
794.82,382.89,790.31,385.75
794.82,382.89,794.34,382.99
794.34,382.99,794.34,382.85
794.12,382.72,794.34,382.99
806.33,364.27,829.77,364.52
831.02,364.73,806.33,364.27
807.45,364.55,806.33,364.27
831.02,364.73,807.45,364.55
825.11,377.77,824.77,377.92
809.79,376.85,809.51,377.43
811.43,376.70,809.51,377.43
811.43,376.70,811.15,377.32
809.51,377.43,811.15,377.32
810.96,378.11,810.90,378.99
811.06,378.03,810.99,378.98
824.07,376.82,824.46,377.25
811.79,376.31,811.43,376.70
770.79,382.44,771.78,382.44
828.55,372.35,802.38,372.35
828.55,372.35,826.91,373.16
826.02,378.16,826.13,379.71
826.02,378.16,826.01,379.71
769.45,379.05,769.82,378.47
830.98,372.34,825.32,378.68
830.98,372.34,826.02,378.16
823.51,378.29,797.66,378.29
823.51,378.29,802.38,372.35
826.01,379.71,823.62,379.71
826.01,379.71,823.51,378.29
826.26,396.14,826.19,397.10
792.97,376.40,793.39,376.57
793.58,376.82,793.39,376.57
826.26,396.14,830.08,397.10
792.97,376.40,793.58,376.82
794.89,376.83,793.18,376.66
782.22,376.31,781.95,376.07
782.34,375.94,781.95,376.07
782.60,376.19,782.22,376.31
824.92,370.50,825.09,370.14
812.18,340.24,811.64,341.58
801.14,369.53,826.17,370.15
799.91,369.67,826.17,370.15
824.96,370.40,826.17,370.15
799.91,369.67,824.96,370.40
824.96,370.40,825.19,369.97
825.09,370.14,825.19,369.97
824.92,370.50,825.09,370.14
826.17,370.15,826.17,367.15
801.14,369.53,826.17,370.15
824.92,366.81,825.09,367.18
825.19,367.38,825.09,367.18
825.02,367.01,825.19,367.38
826.17,367.15,825.02,367.01
769.38,381.81,770.80,381.59
770.68,380.99,769.38,381.81
778.72,381.21,769.37,380.67
769.38,380.45,769.37,380.67
769.38,380.45,778.72,381.21
772.21,379.17,772.34,379.77
769.38,380.45,769.43,380.44
769.33,379.63,769.38,380.45
800.03,360.00,799.30,359.95
799.89,360.32,800.03,360.00
771.05,360.32,771.18,360.00
771.18,360.00,771.85,359.95
777.80,364.63,799.91,364.73
799.73,364.91,799.91,364.73
777.80,364.63,799.73,364.91
799.73,364.91,824.92,365.24
799.73,364.91,824.92,366.81
807.24,361.88,807.24,364.15
807.33,364.29,807.24,361.88
807.33,364.29,807.33,361.71
806.18,362.08,806.18,363.93
806.33,364.27,806.18,363.93
806.18,362.08,806.33,364.27
806.33,361.74,806.33,364.27
806.18,362.08,806.33,361.74
807.24,361.88,807.24,364.15
806.18,363.93,807.24,364.15
807.24,361.88,806.18,363.93
807.24,361.88,806.18,363.93
807.24,361.88,806.18,362.08
799.42,359.15,799.39,359.57
800.12,359.59,799.39,359.57
800.15,359.15,800.12,359.59
795.03,379.71,794.29,380.66
779.34,364.27,801.16,364.52
779.34,361.74,801.16,364.52
779.34,361.74,801.16,361.85
779.34,364.27,777.94,364.55
779.34,364.27,777.91,364.15
779.20,363.93,777.91,364.15
779.34,364.27,779.20,363.93
826.21,361.97,801.16,361.85
826.21,364.82,801.16,361.85
826.21,364.82,801.16,364.52
801.16,361.85,801.16,364.52
826.38,364.46,826.38,362.33
826.21,361.97,826.38,364.46
826.21,364.82,826.38,364.46
826.21,361.97,826.21,364.82
825.19,364.67,826.38,364.46
825.02,365.04,825.19,364.67
824.92,365.24,824.92,366.81
825.09,367.18,824.92,365.24
827.02,367.31,827.24,365.27
827.02,364.80,827.24,365.27
827.02,367.31,827.02,370.09
827.02,367.31,825.09,370.14
831.48,418.34,828.46,418.56
825.09,364.87,824.92,365.24
828.72,364.45,828.72,362.38
827.31,362.22,828.72,364.45
827.31,364.60,828.72,364.45
827.31,362.22,827.31,364.60
827.02,364.80,827.24,365.27
827.53,365.07,827.02,364.80
827.31,364.60,827.02,364.80
771.26,359.59,771.09,360.09
771.26,359.59,771.18,360.00
771.29,359.15,771.26,359.59
771.92,359.57,771.26,359.59
775.62,396.75,775.46,396.58
776.49,396.84,793.74,396.84
775.62,396.75,776.49,396.84
793.02,396.58,792.84,396.75
770.15,382.36,770.76,382.72
770.72,382.84,770.76,382.72
770.15,382.36,770.72,382.84
770.06,382.45,770.72,382.84
770.06,382.45,770.15,382.36
794.14,382.36,794.12,382.72
794.14,382.36,794.10,382.84
794.15,382.45,794.10,382.84
794.15,382.45,794.14,382.36
807.49,364.63,831.21,364.91
831.02,364.73,831.21,364.91
807.49,364.63,831.02,364.73
807.45,364.55,831.02,364.73
824.78,377.05,824.46,377.25
811.15,377.32,810.96,378.11
811.26,377.17,810.96,378.11
811.26,377.17,811.06,378.03
810.96,378.11,811.06,378.03
811.57,376.50,811.26,377.17
811.15,377.32,811.26,377.17
821.65,379.59,810.54,379.06
821.65,376.83,821.65,379.59
822.07,376.99,824.07,376.82
812.19,376.19,811.79,376.31
810.54,376.37,810.14,376.49
828.55,372.35,823.51,378.29
825.90,378.29,828.55,372.35
830.87,372.35,828.55,372.35
825.90,378.29,830.87,372.35
798.37,380.45,798.36,380.67
808.48,381.21,798.36,380.67
798.37,380.45,808.48,381.21
808.48,371.65,808.48,381.21
798.17,379.66,794.90,379.77
798.17,379.66,798.23,380.44
798.37,380.45,798.23,380.44
795.87,380.76,795.86,380.65
796.01,380.50,795.86,380.65
795.87,380.76,796.01,380.50
796.07,380.55,796.01,380.50
795.87,380.76,796.07,380.55
801.14,369.53,799.91,369.67
778.74,369.14,799.91,369.67
778.74,369.14,801.14,369.53
772.02,368.81,801.14,369.53
781.95,376.07,781.58,376.50
827.92,418.87,827.78,419.02
778.72,371.65,781.58,376.50
778.72,371.65,781.95,376.07
782.34,375.94,781.95,376.07
792.97,376.40,782.34,375.94
782.60,376.19,792.97,376.40
793.18,376.66,792.97,376.40
782.60,376.19,793.18,376.66
824.92,370.50,824.96,370.40
772.45,366.22,801.14,366.72
772.02,368.81,801.14,366.72
801.14,369.53,801.14,366.72
829.21,339.80,829.76,341.16
772.02,368.81,801.14,369.53
799.73,366.39,825.02,367.01
825.02,367.01,824.92,366.81
772.45,366.22,771.16,366.09
799.91,366.58,771.16,366.09
772.45,366.22,799.91,366.58
801.14,366.72,799.91,366.58
772.45,366.22,801.14,366.72
767.40,380.50,767.57,380.65
767.49,380.76,767.57,380.65
767.26,380.55,767.49,380.76
767.40,380.50,767.26,380.55
772.21,379.17,769.24,378.95
769.33,379.63,769.38,379.66
769.24,378.95,769.33,379.63
807.45,364.55,807.24,364.15
807.33,364.29,807.24,364.15
807.45,364.55,807.33,364.29
807.45,364.55,807.49,364.63
808.54,386.24,807.44,386.59
800.07,360.44,800.22,360.09
807.33,364.29,807.33,361.71
800.03,360.00,800.22,360.09
800.07,360.44,800.03,360.00
799.89,360.32,799.17,360.25
799.00,360.44,799.17,360.25
771.57,360.44,771.05,360.32
771.05,360.32,771.72,360.25
771.05,360.32,771.18,360.00
770.95,360.44,771.18,360.00
771.09,360.09,771.18,360.00
777.66,364.29,777.91,364.15
795.42,382.44,796.21,381.91
777.94,364.55,777.91,364.15
777.66,364.29,777.94,364.55
777.80,364.63,777.94,364.55
777.66,364.29,777.80,364.63
777.80,364.63,799.73,364.91
770.94,365.91,799.73,364.91
799.73,366.39,799.73,364.91
770.95,360.44,777.66,361.71
807.33,361.71,800.22,360.09
800.32,359.64,807.33,361.71
831.00,361.64,806.33,361.74
831.00,361.64,807.39,361.55
806.33,361.74,806.18,362.08
807.24,361.88,806.33,361.74
807.39,361.55,806.33,361.74
807.24,361.88,807.39,361.55
800.32,359.64,800.12,359.59
799.39,358.73,799.42,359.15
800.12,358.70,799.42,359.15
777.91,361.88,777.91,364.15
777.66,364.29,777.91,364.15
777.91,361.88,777.66,364.29
777.91,361.88,777.66,364.29
777.66,361.71,777.66,364.29
777.91,361.88,777.66,361.71
779.34,364.27,779.34,361.74
779.20,362.08,779.34,364.27
779.20,363.93,779.34,364.27
779.20,362.08,779.20,363.93
779.20,363.93,777.91,364.15
777.91,361.88,777.91,364.15
779.20,363.93,777.91,361.88
779.20,363.93,777.91,361.88
779.20,362.08,777.91,361.88
779.20,363.93,779.20,362.08
826.38,362.33,826.38,364.46
825.19,364.67,826.38,362.33
825.19,362.12,826.38,362.33
825.19,364.67,825.19,362.12
827.31,362.22,828.72,362.38
828.94,361.98,827.31,362.22
827.53,361.76,827.31,362.22
827.02,367.31,825.09,367.18
825.09,364.87,825.09,367.18
825.09,364.87,827.02,367.31
825.19,364.67,825.09,364.87
825.09,361.92,825.19,364.67
825.19,362.12,825.19,364.67
825.09,361.92,825.19,362.12
827.31,362.22,827.02,362.03
827.02,364.80,827.31,362.22
827.31,364.60,827.31,362.22
827.02,364.80,827.31,364.60
827.53,361.76,828.94,361.98
826.12,398.99,826.11,399.01
771.18,359.64,777.66,361.71
771.09,360.09,777.66,361.71
770.25,378.33,771.51,378.24
771.22,359.15,771.18,359.64
771.29,359.15,771.18,359.64
771.29,359.15,771.26,359.59
825.68,391.18,825.87,392.15
771.95,359.15,771.29,359.15
771.26,358.70,771.95,359.15
771.03,382.15,772.02,382.15
771.92,358.73,771.95,359.15
775.29,396.48,775.16,396.34
774.94,395.75,775.29,396.48
775.62,396.75,775.29,396.48
792.49,396.48,775.62,396.75
792.84,396.75,775.62,396.75
792.49,396.48,792.84,396.75
792.24,395.84,792.49,396.48
792.70,396.34,792.49,396.48
792.24,395.84,792.70,396.34
768.54,381.10,768.48,380.74
768.39,381.13,768.34,380.76
768.48,380.74,768.34,380.76
768.54,381.10,769.25,381.86
768.54,381.10,768.39,381.13
794.46,381.86,794.44,381.81
794.97,381.10,794.44,381.81
794.97,381.10,794.46,381.86
795.01,381.13,794.46,381.86
794.97,380.74,794.97,381.10
795.01,381.13,795.01,380.76
829.75,366.72,829.75,369.53
774.27,380.49,774.52,380.51
798.93,366.22,829.75,366.72
800.06,365.91,831.21,366.39
807.49,364.63,831.21,364.91
798.93,366.22,799.94,366.09
811.43,376.70,811.57,376.50
811.26,377.17,811.06,378.03
808.48,371.65,811.26,377.17
824.07,376.82,824.36,376.57
771.65,371.30,770.67,379.22
823.90,376.40,824.36,376.57
823.90,376.40,824.07,376.82
823.64,376.66,824.07,376.82
811.79,376.31,811.97,376.07
812.40,375.94,811.79,376.31
821.65,376.83,810.54,376.37
812.19,376.19,821.65,376.83
823.64,376.66,821.65,376.83
812.19,376.19,823.64,376.66
825.90,378.29,826.02,378.16
830.98,372.34,825.90,378.29
830.87,372.35,825.90,378.29
830.98,372.34,830.87,372.35
798.46,368.81,829.75,369.53
808.46,369.14,829.75,369.53
808.46,369.14,831.02,369.67
794.56,378.69,794.77,379.17
797.77,378.37,794.77,379.17
794.55,383.37,794.00,383.99
798.02,378.95,794.77,379.17
798.02,378.95,798.32,379.63
798.32,379.63,798.17,379.66
796.01,380.50,795.86,380.65
795.19,380.71,796.01,380.50
796.01,380.33,796.01,380.50
793.09,380.34,793.14,380.99
792.97,376.40,782.34,375.94
799.52,372.32,792.97,376.40
778.72,369.38,799.91,369.67
799.73,369.85,799.91,369.67
778.72,369.38,799.73,369.85
825.00,373.16,799.73,369.85
825.00,373.16,799.52,372.32
799.73,369.85,799.52,372.32
772.02,368.81,772.45,366.22
772.28,366.46,771.91,368.41
781.61,380.67,781.88,381.32
772.28,366.46,772.45,366.22
771.16,366.09,772.28,366.46
781.29,380.82,781.58,381.52
771.00,366.34,772.28,366.46
781.58,381.52,781.95,381.99
771.16,366.09,771.00,366.34
770.94,365.91,799.73,366.39
771.16,366.09,799.73,366.39
799.91,366.58,799.73,366.39
770.68,380.99,768.54,381.10
768.48,380.74,768.54,381.10
768.48,380.74,770.68,380.99
768.25,380.71,767.57,380.65
768.25,380.71,767.40,380.50
769.18,378.88,769.24,378.95
800.07,360.44,807.49,364.63
807.33,364.29,807.49,364.63
800.07,360.44,807.33,364.29
799.89,360.32,800.07,360.44
781.38,378.99,781.11,379.94
799.87,360.67,799.89,360.32
799.71,360.52,799.00,360.44
798.82,360.51,799.71,360.52
799.51,360.59,799.71,360.52
771.40,360.51,770.88,360.52
770.88,360.52,771.57,360.44
770.76,360.67,771.05,360.32
770.95,360.44,771.05,360.32
770.76,360.67,770.95,360.44
770.95,360.44,777.66,364.29
770.95,360.44,777.80,364.63
804.99,378.60,804.97,378.48
807.24,361.88,807.33,361.71
807.39,361.55,807.24,361.88
807.49,361.37,807.39,361.55
787.72,341.46,788.59,342.65
800.32,358.65,800.36,359.15
800.12,358.70,799.39,358.73
801.16,361.85,779.34,361.74
778.05,361.55,779.34,361.74
799.93,361.64,778.05,361.55
817.78,390.84,816.71,391.01
779.34,361.74,778.05,361.55
777.91,361.88,779.34,361.74
822.05,391.17,820.97,391.34
779.20,362.08,779.34,361.74
777.91,361.88,779.20,362.08
799.93,361.64,801.16,361.85
826.21,361.97,799.93,361.64
825.02,361.75,799.93,361.64
826.21,361.97,825.02,361.75
825.02,361.75,826.21,361.97
827.31,362.22,827.02,362.03
827.24,361.56,827.02,362.03
827.24,361.56,827.31,362.22
827.53,361.76,827.31,362.22
827.02,362.03,827.02,364.80
825.09,364.87,827.02,364.80
827.02,362.03,825.09,364.87
827.24,361.56,827.53,361.76
770.95,360.44,771.09,360.09
771.18,358.65,771.22,359.15
771.29,359.15,771.22,359.15
771.92,358.73,771.26,358.70
767.49,380.76,767.26,380.55
766.93,380.73,767.49,380.76
768.25,380.71,767.49,380.76
768.34,380.76,767.49,380.76
792.24,395.84,775.29,396.48
792.49,396.48,775.29,396.48
792.24,395.84,792.47,395.75
790.31,385.75,792.24,395.84
790.05,385.73,792.24,395.84
772.80,385.75,775.05,395.84
772.92,385.73,775.05,395.84
767.88,381.56,770.06,382.45
767.88,381.56,772.80,385.75
794.15,382.45,790.31,385.75
795.19,380.71,795.86,380.65
795.87,380.76,795.86,380.65
795.19,380.71,795.87,380.76
795.01,380.76,795.87,380.76
795.87,380.76,796.07,380.55
795.54,380.59,796.07,380.55
795.54,380.59,795.87,380.76
795.20,380.73,795.87,380.76
798.75,366.46,798.35,368.41
798.46,368.81,798.35,368.41
798.75,366.46,798.46,368.81
799.94,366.09,831.02,366.58
831.21,366.39,831.02,366.58
799.94,366.09,831.21,366.39
800.06,365.91,831.21,366.39
798.75,366.46,798.93,366.22
799.94,366.09,798.93,366.22
798.75,366.46,799.94,366.09
799.77,366.34,799.94,366.09
798.75,366.46,799.77,366.34
808.48,371.65,811.57,376.50
811.97,376.07,811.57,376.50
808.48,371.65,811.97,376.07
823.90,376.40,823.64,376.66
812.19,376.19,823.90,376.40
812.40,375.94,823.90,376.40
818.25,406.74,818.21,406.40
812.19,376.19,812.40,375.94
830.87,372.35,830.98,372.34
794.30,378.38,794.56,378.69
797.46,378.00,794.56,378.69
797.77,378.37,794.56,378.69
797.77,378.37,798.15,378.88
797.77,378.37,798.02,378.95
798.15,378.88,798.02,378.95
796.01,380.50,796.07,380.55
793.09,380.34,794.97,380.74
796.01,380.33,794.97,380.74
794.97,380.74,795.19,380.71
794.30,378.38,794.02,378.26
797.12,377.86,794.30,378.38
797.46,378.00,794.30,378.38
797.12,377.86,797.46,378.00
778.72,371.65,799.52,372.32
778.72,369.38,799.73,369.85
771.91,368.41,772.02,368.81
770.72,368.93,772.02,368.81
771.91,368.41,770.72,368.93
771.91,368.41,770.62,368.54
813.29,403.54,813.85,405.46
768.48,380.74,768.25,380.71
767.38,380.33,768.25,380.71
767.38,380.33,768.48,380.74
770.64,380.34,768.48,380.74
767.40,380.50,767.26,380.55
767.25,380.32,767.26,380.55
767.38,380.33,767.40,380.50
771.78,378.38,768.72,378.00
771.51,378.26,771.78,378.38
768.41,377.86,771.51,378.26
768.94,378.29,769.01,378.37
799.51,360.59,798.82,360.51
770.56,360.75,770.88,360.52
831.14,361.48,807.39,361.55
807.39,361.55,807.49,361.37
800.03,358.30,800.12,358.70
800.32,358.65,800.12,358.70
799.17,358.05,799.30,358.35
783.34,383.17,784.10,383.42
799.89,357.98,799.30,358.35
800.03,358.30,799.30,358.35
799.89,357.98,800.03,358.30
777.91,361.88,777.80,361.37
778.05,361.55,777.80,361.37
777.91,361.88,778.05,361.55
825.19,362.12,825.09,361.92
824.92,361.55,825.19,362.12
825.02,361.75,825.19,362.12
824.92,361.55,825.02,361.75
827.02,362.03,825.09,361.92
824.92,361.55,825.09,361.92
824.92,361.55,827.02,362.03
771.26,358.70,771.18,358.65
771.85,358.35,771.18,358.30
771.72,358.05,771.85,358.35
767.49,380.76,768.34,380.76
767.75,380.73,768.34,380.76
767.75,380.73,767.49,380.76
772.92,385.73,775.05,395.84
792.24,395.84,775.05,395.84
772.92,385.73,792.24,395.84
790.05,385.73,792.24,395.84
772.80,385.75,772.92,385.73
768.05,381.59,772.92,385.73
768.05,381.59,772.80,385.75
767.88,381.56,772.80,385.75
767.75,380.73,768.34,380.76
768.39,381.13,768.34,380.76
790.31,385.75,790.05,385.73
793.16,381.59,790.31,385.75
786.80,341.41,792.35,341.48
794.38,380.73,795.01,380.76
794.38,380.73,795.01,381.13
795.20,380.73,795.87,380.76
820.53,373.72,825.79,376.31
794.38,380.73,795.87,380.76
795.87,380.76,795.01,380.76
798.35,368.41,798.46,368.81
825.71,402.45,825.19,402.51
799.47,368.93,798.35,368.41
799.47,368.93,798.35,368.41
823.90,376.40,812.40,375.94
830.98,372.34,812.40,375.94
797.57,377.90,797.89,378.29
796.07,379.55,796.01,380.33
796.78,377.97,794.02,378.26
796.78,377.97,797.12,377.86
797.57,377.90,797.12,377.86
797.46,378.00,797.12,377.86
770.72,368.93,778.74,369.14
778.72,369.38,770.72,368.93
771.00,366.34,772.28,366.46
771.00,366.34,771.91,368.41
770.62,368.54,771.91,368.41
771.00,366.34,770.62,368.54
770.94,365.91,771.16,366.09
767.43,379.55,767.38,380.33
767.38,380.33,770.64,380.34
771.51,378.26,768.41,377.86
768.09,377.97,771.51,378.26
768.41,377.86,768.72,378.00
768.64,377.90,768.41,377.86
768.31,377.75,768.41,377.86
768.64,377.90,768.31,377.75
807.44,386.59,807.50,387.54
768.64,377.90,768.94,378.29
766.50,380.38,766.76,380.59
766.93,380.73,766.76,380.59
799.43,360.67,799.65,360.75
799.51,360.59,799.65,360.75
799.43,360.67,799.51,360.59
799.31,360.52,799.51,360.59
799.31,360.52,798.63,360.44
794.61,341.13,802.28,342.40
798.47,360.25,799.31,360.52
770.35,360.31,770.52,360.52
770.36,360.67,770.70,360.59
770.56,360.75,770.70,360.59
798.82,357.79,798.63,357.86
798.82,357.79,799.31,357.77
799.51,357.70,799.31,357.77
800.22,358.20,800.03,358.30
799.89,357.98,800.22,358.20
799.00,357.85,799.17,358.05
799.89,357.98,799.17,358.05
799.71,357.77,799.89,357.98
799.93,361.64,778.05,361.55
777.80,361.37,778.05,361.55
799.67,361.48,777.80,361.37
799.67,361.48,799.93,361.64
825.02,361.75,799.67,361.48
824.92,361.55,799.67,361.48
825.02,361.75,824.92,361.55
771.05,357.98,771.09,358.20
771.18,358.30,771.09,358.20
771.72,358.05,771.05,357.98
811.79,376.31,811.43,376.70
770.70,357.70,770.52,357.77
771.40,357.79,771.22,357.86
767.50,380.49,766.65,380.49
767.50,380.49,766.93,380.73
767.75,380.73,766.93,380.73
767.50,380.49,767.75,380.73
790.05,385.73,772.92,385.73
768.05,381.59,790.05,385.73
795.20,380.73,795.54,380.59
795.25,380.38,795.54,380.59
795.25,380.38,795.20,380.73
798.35,368.41,798.75,366.46
799.77,366.34,798.75,366.46
798.35,368.41,799.77,366.34
799.36,368.54,799.77,366.34
798.35,368.41,799.36,368.54
800.06,365.91,799.94,366.09
799.77,366.34,800.06,365.91
808.48,371.65,830.98,372.34
830.98,372.34,831.21,369.85
808.48,369.38,799.47,368.93
797.57,377.90,797.89,378.29
796.06,380.32,796.01,380.33
796.07,379.55,796.01,380.33
796.07,379.55,796.06,380.32
793.27,379.10,793.14,379.68
796.23,378.86,796.07,379.55
796.47,378.31,793.73,378.35
796.78,377.97,793.73,378.35
797.21,377.75,797.12,377.86
831.49,431.10,832.37,431.54
827.37,339.50,835.14,339.50
770.34,368.71,770.62,368.54
770.72,368.93,770.62,368.54
831.49,431.10,832.37,430.84
770.34,368.71,770.72,368.93
778.72,371.65,778.72,369.38
770.45,369.10,778.72,371.65
767.28,371.38,778.72,371.65
770.62,368.54,771.00,366.34
770.78,366.17,770.62,368.54
770.34,368.71,770.62,368.54
770.78,366.17,770.34,368.71
796.44,342.28,795.02,342.35
767.58,378.86,767.43,379.55
767.43,379.55,770.68,379.68
767.25,380.32,767.38,380.33
771.24,378.35,768.09,377.97
767.80,378.31,771.24,378.35
771.00,378.64,771.24,378.35
768.31,377.75,768.41,377.86
768.09,377.97,768.31,377.75
799.43,360.67,799.65,360.75
799.31,360.52,799.43,360.67
798.91,358.70,799.00,358.30
799.14,360.31,798.47,360.25
798.33,359.95,799.14,360.31
770.35,357.98,770.52,357.77
771.22,357.86,770.52,357.77
770.35,357.98,771.22,357.86
770.14,358.70,770.22,358.30
770.14,358.70,770.95,358.35
770.87,358.73,770.95,358.35
770.35,360.31,771.07,360.25
770.35,360.31,770.52,360.52
770.18,360.44,770.52,360.52
770.36,360.67,770.56,360.75
800.07,357.85,800.22,358.20
800.07,357.85,807.49,361.37
799.65,357.54,799.43,357.62
799.51,357.70,799.31,357.77
781.03,382.96,781.58,383.20
799.51,357.70,799.00,357.85
781.95,381.99,781.58,383.20
799.71,357.77,799.00,357.85
799.51,357.70,799.71,357.77
799.71,357.77,799.89,357.98
800.07,357.85,799.89,357.98
799.71,357.77,800.07,357.85
799.87,357.62,800.07,357.85
799.67,361.48,824.92,361.55
799.67,361.48,820.87,355.64
797.58,355.85,820.87,355.64
770.95,357.85,771.09,358.20
771.57,357.85,770.88,357.77
770.70,357.70,771.57,357.85
770.70,357.70,771.40,357.79
770.76,357.62,770.95,357.85
825.60,397.09,825.86,397.14
770.88,357.77,770.95,357.85
771.05,357.98,770.95,357.85
825.60,397.09,825.71,397.21
770.88,357.77,771.05,357.98
770.70,357.70,770.52,357.77
818.06,374.36,819.62,374.41
819.34,349.48,835.83,349.05
819.34,355.65,819.34,349.48
767.40,380.90,768.05,381.59
793.16,381.59,768.05,381.59
767.40,380.90,793.16,381.59
793.62,380.90,793.16,381.59
767.40,380.90,793.62,380.90
767.88,381.56,768.05,381.59
767.40,380.90,768.05,381.59
794.11,380.49,794.38,380.73
794.11,380.49,795.20,380.73
794.11,380.49,794.92,380.49
793.62,380.90,793.16,381.59
793.45,381.56,793.16,381.59
793.62,380.90,793.45,381.56
793.87,380.88,793.45,381.56
799.89,366.17,799.41,368.71
799.89,366.17,799.36,368.54
799.77,366.34,799.36,368.54
799.89,366.17,799.77,366.34
823.72,341.02,832.54,341.02
799.47,368.93,799.36,368.54
799.53,369.10,808.48,369.38
796.28,378.79,796.12,379.51
796.07,379.55,796.12,379.51
769.29,379.24,769.45,379.05
796.28,378.79,796.07,379.55
796.23,378.86,796.07,379.55
796.23,378.86,793.27,379.10
793.47,378.64,793.27,379.10
796.23,378.86,793.47,378.64
796.47,378.31,793.47,378.64
796.23,378.86,796.47,378.31
796.47,378.31,796.86,377.86
769.41,379.17,769.17,379.54
796.47,378.31,796.78,377.97
831.43,341.09,829.76,341.16
796.86,377.86,796.78,377.97
770.34,368.71,770.78,366.17
768.81,363.20,770.34,368.71
768.81,363.20,768.15,368.41
771.00,378.64,767.80,378.31
766.76,380.59,767.49,380.76
767.58,378.86,771.00,378.64
770.80,379.10,771.00,378.64
767.58,378.86,770.80,379.10
767.58,378.86,767.43,379.55
767.30,379.51,767.43,379.55
828.33,341.23,826.69,341.30
767.98,377.86,768.09,377.97
767.68,378.22,767.98,377.86
766.33,379.84,766.50,380.38
766.44,379.91,766.65,380.49
799.23,357.85,799.43,357.62
799.14,357.98,799.43,357.62
799.14,357.98,799.31,357.77
799.43,357.62,799.31,357.77
799.00,358.30,798.33,358.35
798.47,358.05,798.33,358.35
799.00,358.30,798.47,358.05
799.14,357.98,798.47,358.05
799.00,358.30,799.14,357.98
825.71,397.21,825.75,397.45
798.91,358.70,799.00,358.30
798.91,358.70,799.08,358.21
798.98,358.65,799.08,358.21
799.08,360.09,799.23,360.44
799.14,360.31,799.23,360.44
799.00,360.00,799.14,360.31
798.22,359.15,798.25,358.73
798.91,358.70,798.25,358.73
798.87,359.15,798.91,358.70
799.00,360.00,798.33,359.95
798.25,359.57,798.33,359.95
770.36,357.62,770.52,357.77
770.35,357.98,770.52,357.77
770.35,357.98,770.36,357.62
770.18,357.85,770.36,357.62
770.22,358.30,770.35,357.98
771.07,358.05,770.35,357.98
770.22,358.30,771.07,358.05
770.95,358.35,771.07,358.05
770.22,358.30,770.95,358.35
769.94,358.65,770.03,358.21
825.73,396.98,825.86,397.14
770.14,358.70,770.22,358.30
770.87,358.73,770.14,358.70
770.11,359.15,770.87,358.73
770.84,359.15,770.87,358.73
770.14,359.59,770.22,360.00
770.22,360.00,770.95,359.95
770.22,360.00,770.35,360.31
770.03,360.09,770.35,360.31
770.18,360.44,770.35,360.31
770.03,360.09,770.18,360.44
799.87,357.62,799.65,357.54
799.51,357.70,799.65,357.54
799.87,357.62,799.51,357.70
799.71,357.77,799.51,357.70
799.87,357.62,799.71,357.77
770.76,357.62,770.88,357.77
770.70,357.70,770.88,357.77
770.76,357.62,770.70,357.70
770.56,357.54,770.70,357.70
770.76,357.62,770.56,357.54
829.95,399.01,826.11,399.01
835.83,352.30,819.34,355.65
826.81,340.88,835.70,340.88
844.04,355.39,819.34,355.65
824.28,351.78,823.49,353.51
819.34,349.48,835.83,349.05
819.34,349.48,839.82,349.05
768.05,381.59,772.92,385.73
823.23,349.44,839.82,349.05
793.16,381.59,790.05,385.73
819.34,349.48,823.23,349.44
826.50,348.79,825.18,350.21
804.64,341.90,803.15,341.97
766.65,380.49,767.50,380.49
767.30,379.91,767.50,380.49
766.65,380.49,767.30,379.91
766.44,379.91,767.30,379.91
766.65,380.49,766.44,379.91
794.92,380.49,795.25,380.38
795.07,379.84,794.92,380.49
794.73,379.91,794.92,380.49
797.76,363.20,797.05,368.41
799.41,368.71,799.89,366.17
796.39,368.25,796.85,368.26
796.50,368.39,796.85,368.26
795.17,342.35,803.37,342.35
796.85,368.26,797.05,368.41
794.75,379.21,794.73,379.91
795.07,379.84,794.73,379.91
796.54,378.22,796.23,378.86
796.47,378.31,796.23,378.86
796.54,378.22,796.47,378.31
797.54,363.24,796.85,368.26
797.84,342.23,806.10,342.23
767.98,377.86,768.31,377.75
797.05,368.41,796.85,368.26
797.54,363.24,797.05,368.41
807.90,342.16,806.41,342.22
797.76,363.20,797.05,368.41
797.54,363.24,797.76,363.20
796.18,368.26,796.85,368.26
796.85,368.26,796.39,368.25
768.15,368.41,768.81,363.20
768.26,368.26,767.83,368.25
767.91,368.25,767.83,368.25
767.91,368.25,768.26,368.26
768.93,368.26,768.26,368.26
812.40,375.94,811.97,376.07
767.83,368.25,768.26,368.26
775.43,371.30,774.43,379.22
767.65,368.39,768.26,368.26
768.15,368.41,768.26,368.26
812.19,376.19,811.79,376.31
767.65,368.39,768.15,368.41
767.68,378.22,767.80,378.31
767.58,378.86,767.80,378.31
767.68,378.22,767.58,378.86
767.45,378.79,767.58,378.86
806.09,341.84,814.53,341.84
767.68,378.22,767.45,378.79
766.33,379.84,766.44,379.91
799.00,358.30,799.14,357.98
799.23,357.85,799.14,357.98
799.00,358.30,799.23,357.85
799.08,358.21,799.23,357.85
825.71,401.65,825.75,401.41
814.71,341.44,823.33,341.44
797.54,363.24,797.76,363.20
797.33,362.29,797.76,363.20
797.33,362.29,797.76,363.20
798.87,359.15,798.98,358.65
798.94,359.15,798.98,358.65
798.98,359.64,799.08,360.09
799.00,360.00,799.08,360.09
798.98,359.64,799.00,360.00
798.91,359.59,798.25,359.57
798.22,359.15,798.25,359.57
798.91,359.59,798.22,359.15
798.87,359.15,798.22,359.15
811.80,341.58,820.36,341.58
798.91,359.59,798.87,359.15
796.87,363.24,797.54,363.24
797.17,362.45,797.54,363.24
796.87,363.24,797.17,362.45
796.99,362.35,797.17,362.45
770.22,358.30,770.03,358.21
770.18,357.85,770.03,358.21
770.22,358.30,770.18,357.85
770.35,357.98,770.18,357.85
770.22,358.30,770.35,357.98
821.46,377.22,832.88,377.47
769.91,359.15,769.94,358.65
770.11,359.15,769.94,358.65
792.53,342.48,800.67,342.48
770.14,358.70,769.94,358.65
770.11,359.15,770.14,358.70
770.84,359.15,770.11,359.15
770.14,359.59,770.22,360.00
801.94,373.80,829.34,373.80
769.94,359.64,770.22,360.00
770.03,360.09,770.22,360.00
769.94,359.64,770.03,360.09
768.41,362.29,768.81,363.20
770.03,360.09,770.18,360.44
768.41,362.29,768.81,363.20
768.41,362.29,768.89,363.24
768.55,362.45,768.89,363.24
769.57,363.24,768.89,363.24
828.89,355.85,828.54,355.65
799.65,357.54,828.89,355.85
798.25,356.19,828.89,355.85
825.18,402.05,829.05,402.14
797.58,355.85,820.87,355.64
797.58,355.85,821.12,355.39
769.27,356.19,788.79,355.96
824.90,404.27,824.32,404.99
770.56,357.54,770.76,357.62
823.15,349.24,823.23,349.44
824.46,350.78,823.15,349.24
819.34,355.65,844.04,355.39
826.77,355.65,819.34,355.65
831.19,421.07,831.45,420.55
826.50,348.79,825.18,350.21
826.50,348.79,801.55,350.78
767.30,380.88,767.40,380.90
767.41,380.06,767.40,380.90
767.41,380.06,767.30,380.88
767.30,379.91,767.30,380.88
793.90,379.91,794.11,380.49
769.41,379.17,769.59,378.74
794.92,380.49,794.11,380.49
793.90,379.91,794.73,379.91
793.63,380.06,793.62,380.90
793.87,380.88,793.62,380.90
793.63,380.06,793.87,380.88
796.50,368.39,796.39,368.25
796.21,368.25,796.39,368.25
796.21,368.25,796.50,368.39
796.19,368.37,796.50,368.39
796.10,371.38,797.05,368.41
796.50,368.39,797.05,368.41
796.10,371.38,796.50,368.39
796.10,371.38,796.28,378.79
796.54,378.22,796.28,378.79
797.54,363.24,796.87,363.24
796.18,368.26,796.87,363.24
797.54,363.24,796.18,368.26
796.85,368.26,796.18,368.26
797.54,363.24,796.85,368.26
768.89,363.24,768.26,368.26
768.93,368.26,768.26,368.26
768.89,363.24,768.93,368.26
769.57,363.24,768.93,368.26
768.89,363.24,769.57,363.24
770.34,368.71,768.15,368.41
767.28,371.38,768.15,368.41
767.28,371.38,767.65,368.39
768.15,368.41,767.65,368.39
767.65,368.39,767.83,368.25
767.91,368.25,767.65,368.39
767.28,371.38,767.45,378.79
766.44,379.91,767.30,379.91
767.30,379.23,767.30,379.91
799.08,358.21,799.23,357.85
799.08,358.21,798.25,356.19
798.12,356.42,798.25,356.19
798.91,359.59,798.87,359.15
798.94,359.15,798.87,359.15
769.09,380.78,769.06,380.35
798.91,359.59,798.94,359.15
769.30,380.96,769.06,380.35
798.98,359.64,798.94,359.15
798.91,359.59,798.98,359.64
770.14,359.59,769.94,359.64
769.41,381.52,769.30,380.96
769.91,359.15,769.94,359.64
770.14,359.59,769.91,359.15
770.11,359.15,769.91,359.15
770.14,359.59,770.11,359.15
797.77,355.65,797.58,355.85
788.79,355.96,797.58,355.85
797.77,355.65,788.79,355.96
769.69,381.00,770.68,381.00
789.04,355.75,788.79,355.96
797.77,355.65,789.04,355.75
797.77,355.65,822.73,355.39
823.49,353.51,822.73,355.39
799.97,353.88,822.73,355.39
793.93,349.68,801.55,350.78
824.28,351.78,823.49,353.51
799.97,353.88,823.49,353.51
799.97,353.88,824.28,351.78
824.28,351.78,825.18,350.21
809.85,349.79,810.61,350.63
839.82,349.05,823.23,349.44
823.15,349.24,839.82,349.05
823.15,349.24,839.96,348.80
789.76,349.79,789.00,350.63
794.73,379.91,793.90,379.91
795.79,371.30,794.75,379.21
795.06,379.24,794.75,379.21
796.10,371.38,795.06,379.24
795.67,368.25,796.18,368.26
796.87,363.24,796.18,368.26
795.67,368.25,796.87,363.24
796.45,362.36,796.87,363.24
795.67,368.25,796.45,362.36
771.35,379.77,771.39,380.44
769.57,363.24,769.18,362.36
792.47,395.75,792.70,396.34
768.45,368.25,769.57,363.24
771.23,379.16,772.22,379.16
768.93,368.26,769.57,363.24
768.45,368.25,768.93,368.26
766.32,379.24,766.45,379.21
797.33,362.29,797.17,362.45
825.09,367.18,825.19,367.38
796.99,362.35,797.33,362.29
797.03,362.14,797.33,362.29
798.98,359.64,798.94,359.15
798.98,359.64,798.12,356.42
769.94,359.64,769.14,356.42
769.94,359.64,769.91,359.15
768.41,362.29,768.55,362.45
768.64,362.35,768.55,362.45
768.64,362.35,768.41,362.29
768.56,362.14,768.41,362.29
798.25,356.19,828.89,355.85
828.54,355.65,828.89,355.85
799.26,355.65,797.77,355.65
789.04,355.75,797.77,355.65
789.04,355.75,799.26,355.65
798.46,368.81,829.75,369.53
830.98,372.34,808.48,369.38
789.04,355.75,788.79,355.96
824.65,350.78,810.61,350.63
810.82,351.10,810.61,350.63
819.62,374.41,832.88,374.89
825.32,352.26,824.46,350.78
824.65,350.78,824.46,350.78
825.32,352.26,824.65,350.78
821.14,376.98,832.88,377.47
825.51,352.26,824.65,350.78
792.74,350.99,793.93,349.68
792.74,350.99,789.00,350.63
788.40,351.10,789.00,350.63
801.55,350.78,792.74,350.99
791.92,352.44,801.55,350.78
810.69,351.10,810.82,351.10
810.61,350.63,810.82,351.10
789.05,350.63,789.00,350.63
788.45,351.10,789.00,350.63
788.40,351.10,789.00,350.63
788.45,351.10,788.40,351.10
809.85,349.79,808.28,348.81
823.15,349.24,808.28,348.81
823.15,349.24,821.89,348.42
808.28,348.81,821.89,348.42
823.15,349.24,821.89,348.42
802.78,349.44,793.93,349.68
795.53,348.68,793.93,349.68
826.50,348.79,802.78,349.44
826.50,348.79,804.42,348.42
828.20,347.76,804.42,348.42
826.50,348.79,828.20,347.76
793.93,349.68,791.33,348.81
795.53,348.68,791.33,348.81
793.93,349.68,795.53,348.68
796.19,368.37,796.21,368.25
795.67,368.25,796.21,368.25
775.43,371.30,774.43,379.22
796.19,368.37,795.67,368.25
775.34,371.33,774.43,379.22
795.44,368.37,795.67,368.25
775.43,371.30,775.97,367.02
796.19,368.37,795.44,368.37
793.89,379.23,794.75,379.21
780.30,381.52,780.71,382.52
795.79,371.30,794.75,379.21
795.79,371.30,793.89,379.23
794.08,371.30,793.89,379.23
775.65,371.53,774.52,380.51
796.10,371.38,796.50,368.39
796.19,368.37,796.50,368.39
775.65,371.53,771.18,380.51
796.10,371.38,796.19,368.37
772.30,371.53,771.18,380.51
795.79,371.30,796.19,368.37
775.65,371.53,776.15,367.54
796.10,371.38,795.79,371.30
767.78,368.37,767.91,368.25
768.45,368.25,767.78,368.37
768.53,368.37,767.78,368.37
768.45,368.25,768.53,368.37
811.96,383.57,787.10,383.57
767.78,368.37,767.65,368.39
767.28,371.38,767.65,368.39
767.78,368.37,767.28,371.38
767.42,371.30,767.28,371.38
767.78,368.37,767.42,371.30
831.33,425.73,831.01,425.89
767.42,371.30,766.45,379.21
767.30,379.23,766.45,379.21
816.44,377.01,808.73,376.68
769.13,371.30,767.30,379.23
797.96,355.97,798.25,356.19
798.12,356.42,797.96,355.97
797.83,356.20,797.96,355.97
797.83,356.20,797.03,362.14
797.33,362.29,797.03,362.14
797.83,356.20,797.33,362.29
797.83,356.20,798.12,356.42
797.03,362.14,796.99,362.35
819.48,387.32,819.88,388.87
796.45,362.36,797.03,362.14
796.27,362.15,797.03,362.14
796.45,362.36,796.27,362.15
769.42,355.97,769.27,356.19
827.11,400.32,826.48,402.41
769.14,356.42,769.27,356.19
827.11,400.32,825.78,400.67
769.14,356.42,769.42,355.97
769.30,356.20,769.42,355.97
769.30,356.20,769.14,356.42
768.41,362.29,769.14,356.42
769.30,356.20,768.41,362.29
768.56,362.14,768.41,362.29
769.30,356.20,768.56,362.14
768.56,362.14,768.64,362.35
793.14,383.94,793.38,384.17
769.18,362.36,768.64,362.35
768.56,362.14,769.18,362.36
769.31,362.15,769.18,362.36
768.56,362.14,769.31,362.15
826.25,353.88,826.96,355.65
826.77,355.65,826.96,355.65
828.54,355.65,797.96,355.97
796.56,355.97,826.96,355.65
797.96,355.97,796.56,355.97
769.42,355.97,770.84,355.97
790.51,355.75,770.84,355.97
789.04,355.75,790.51,355.75
769.42,355.97,789.04,355.75
790.51,355.75,799.97,353.88
825.51,352.26,825.32,352.26
777.24,393.57,778.31,391.08
826.06,353.88,825.51,352.26
826.25,353.88,825.51,352.26
826.06,353.88,826.25,353.88
800.71,352.26,799.97,353.88
809.37,350.79,810.69,351.10
810.49,350.63,810.69,351.10
809.37,350.79,810.49,350.63
809.16,350.37,810.49,350.63
809.37,350.79,809.16,350.37
789.05,350.63,788.45,351.10
789.51,350.79,788.45,351.10
789.05,350.63,789.51,350.79
790.10,350.37,789.51,350.79
789.05,350.63,790.10,350.37
830.76,404.27,830.40,405.01
809.77,349.85,809.16,350.37
808.42,349.60,809.16,350.37
789.77,349.85,789.05,350.63
790.10,350.37,789.05,350.63
789.77,349.85,790.10,350.37
790.83,349.60,790.10,350.37
809.77,349.85,809.85,349.79
808.28,348.81,809.85,349.79
809.77,349.85,808.28,348.81
808.14,348.83,808.28,348.81
809.77,349.85,808.14,348.83
821.89,348.42,808.28,348.81
808.96,347.76,821.89,348.42
791.33,348.81,789.76,349.79
789.77,349.85,789.76,349.79
791.33,348.81,789.77,349.85
791.40,348.83,789.77,349.85
791.33,348.81,791.40,348.83
790.65,347.76,795.53,348.68
791.33,348.81,795.53,348.68
790.65,347.76,791.33,348.81
795.79,371.30,796.19,368.37
795.44,368.37,796.19,368.37
795.79,371.30,795.44,368.37
794.08,371.30,795.44,368.37
795.79,371.30,794.08,371.30
795.44,368.37,795.67,368.25
796.45,362.36,795.67,368.25
795.44,368.37,796.45,362.36
796.27,362.15,796.45,362.36
795.44,368.37,796.27,362.15
769.18,362.36,768.45,368.25
768.53,368.37,768.45,368.25
769.18,362.36,768.53,368.37
808.31,340.45,807.78,341.77
769.31,362.15,768.53,368.37
808.00,340.44,807.45,341.77
769.18,362.36,769.31,362.15
768.53,368.37,769.13,371.30
767.78,368.37,768.53,368.37
815.26,340.10,814.71,341.44
767.42,371.30,767.78,368.37
797.83,356.20,797.03,362.14
796.27,362.15,797.83,356.20
796.25,356.20,797.83,356.20
769.31,362.15,770.87,356.20
769.31,362.15,769.30,356.20
826.25,353.88,826.96,355.65
790.51,355.75,770.84,355.97
771.70,354.33,770.84,355.97
791.20,354.02,790.51,355.75
810.69,351.10,810.82,351.10
807.55,351.17,810.82,351.10
807.55,351.17,807.60,351.17
810.82,351.10,807.60,351.17
807.55,351.17,810.69,351.10
809.37,350.79,810.69,351.10
807.55,351.17,809.37,350.79
806.51,350.86,809.37,350.79
807.55,351.17,806.51,350.86
788.45,351.10,788.40,351.10
785.49,351.17,788.40,351.10
785.36,351.17,788.40,351.10
785.49,351.17,785.36,351.17
789.51,350.79,788.45,351.10
785.49,351.17,788.45,351.10
789.51,350.79,785.49,351.17
786.78,350.86,785.49,351.17
789.51,350.79,786.78,350.86
824.25,387.74,819.70,386.87
808.42,349.60,809.77,349.85
808.14,348.83,809.77,349.85
808.42,349.60,808.14,348.83
807.08,348.76,808.14,348.83
814.58,382.28,812.40,382.16
791.40,348.83,789.77,349.85
790.83,349.60,789.77,349.85
791.40,348.83,790.83,349.60
792.18,348.76,790.83,349.60
814.58,382.28,814.58,383.38
791.40,348.83,792.18,348.76
808.96,347.76,808.28,348.81
808.28,348.81,808.14,348.83
794.83,347.62,795.53,348.68
772.80,385.75,770.06,382.45
828.20,347.76,804.42,348.42
803.69,347.32,828.20,347.76
827.44,346.55,828.20,347.76
827.44,346.55,828.20,347.76
791.33,348.81,791.40,348.83
795.44,368.37,796.27,362.15
796.25,356.20,795.44,368.37
769.13,371.30,768.53,368.37
769.13,371.30,770.87,356.20
796.56,355.97,797.96,355.97
797.83,356.20,796.56,355.97
793.18,382.54,792.97,382.80
796.25,356.20,796.56,355.97
797.83,356.20,796.25,356.20
770.84,355.97,769.42,355.97
769.30,356.20,769.42,355.97
770.84,355.97,769.30,356.20
770.87,356.20,769.30,356.20
770.84,355.97,770.87,356.20
823.15,349.24,823.23,349.44
795.66,352.83,826.25,353.88
795.66,352.83,796.13,354.33
826.25,353.88,796.13,354.33
771.70,354.33,791.20,354.02
829.89,405.69,829.94,405.46
785.36,351.17,788.40,351.10
806.51,350.86,809.37,350.79
809.16,350.37,809.37,350.79
786.78,350.86,789.51,350.79
787.00,350.45,786.78,350.86
808.42,349.60,807.08,348.76
780.54,382.33,780.71,382.52
803.85,348.85,807.08,348.76
808.42,349.60,803.85,348.85
805.20,349.68,803.85,348.85
805.93,350.45,809.16,350.37
808.42,349.60,809.16,350.37
805.93,350.45,808.42,349.60
805.20,349.68,808.42,349.60
780.71,382.52,782.18,382.51
805.93,350.45,805.20,349.68
790.83,349.60,790.10,350.37
787.00,350.45,790.10,350.37
790.83,349.60,787.00,350.45
787.73,349.68,787.00,350.45
790.83,349.60,787.73,349.68
789.08,348.85,787.73,349.68
790.83,349.60,789.08,348.85
790.83,349.60,792.18,348.76
808.14,348.83,807.08,348.76
808.96,347.76,822.62,347.32
808.98,347.57,822.64,347.13
808.96,347.76,808.98,347.57
808.96,347.76,808.85,347.73
808.87,347.58,808.96,347.76
808.98,347.57,808.96,347.76
770.45,369.10,778.72,369.38
794.80,347.43,790.65,347.76
831.49,431.10,832.18,430.24
790.63,347.57,790.65,347.76
794.80,347.43,790.63,347.57
791.40,348.83,792.18,348.76
769.01,378.37,772.21,379.17
790.67,347.58,790.69,347.73
790.67,347.58,790.65,347.76
796.13,354.33,796.56,355.97
795.75,354.33,796.56,355.97
824.08,405.69,824.09,405.93
795.75,354.33,796.25,356.20
796.56,355.97,796.25,356.20
824.18,405.48,824.09,405.46
771.86,354.33,770.84,355.97
798.13,380.88,798.04,380.77
770.87,356.20,770.84,355.97
807.55,351.17,807.60,351.17
807.00,350.72,807.60,351.17
805.93,350.45,806.51,350.86
785.49,351.17,785.36,351.17
785.70,350.72,785.36,351.17
785.58,350.72,785.36,351.17
786.78,350.86,785.49,351.17
785.70,350.72,785.49,351.17
786.78,350.86,787.00,350.45
804.47,347.83,803.85,348.85
807.08,348.76,803.85,348.85
807.70,347.73,807.08,348.76
788.45,347.83,789.08,348.85
788.45,347.83,792.18,348.76
791.55,347.73,792.18,348.76
808.85,347.73,807.70,347.73
808.64,346.79,808.98,347.57
794.80,347.43,794.83,347.62
794.80,347.43,803.69,347.32
827.90,387.04,832.39,386.53
827.42,346.34,827.44,346.55
803.69,347.32,827.44,346.55
827.42,346.34,803.69,347.32
803.67,347.13,803.69,347.32
827.42,346.34,827.44,346.55
790.69,347.73,791.55,347.73
791.53,347.55,790.69,347.73
790.96,346.79,790.63,347.57
791.00,346.82,790.67,347.58
798.36,340.95,805.58,340.95
771.86,354.33,770.87,356.20
796.25,356.20,770.87,356.20
795.75,354.33,796.13,354.33
795.66,352.83,796.13,354.33
795.66,352.83,795.75,354.33
795.28,352.83,795.75,354.33
814.58,382.28,823.90,382.80
771.86,354.33,771.70,354.33
772.56,352.83,771.86,354.33
772.72,352.83,771.86,354.33
807.00,350.72,807.60,351.17
806.24,349.94,805.93,350.45
774.78,350.20,773.51,351.45
785.70,350.72,787.00,350.45
804.62,348.93,803.85,348.85
806.24,349.94,804.62,348.93
805.20,349.68,806.24,349.94
787.73,349.68,789.08,348.85
788.02,348.93,787.73,349.68
786.41,349.94,787.73,349.68
788.02,348.93,786.41,349.94
807.70,347.73,804.47,347.83
822.64,347.13,808.98,347.57
794.80,347.43,790.63,347.57
824.90,404.27,824.73,405.31
795.14,346.64,790.63,347.57
808.42,349.60,807.08,348.76
790.96,346.79,790.63,347.57
788.44,347.65,788.45,347.83
788.44,347.65,791.55,347.73
772.72,352.83,771.86,354.33
772.72,352.83,795.75,354.33
772.72,352.83,795.28,352.83
795.28,352.83,795.66,352.83
795.07,351.45,795.28,352.83
773.51,351.45,772.56,352.83
827.53,367.05,828.94,367.23
806.95,350.72,807.00,350.72
806.25,349.89,806.95,350.72
786.33,349.89,785.58,350.72
786.33,349.89,785.70,350.72
804.62,348.93,803.85,348.85
804.47,347.83,804.62,348.93
805.32,347.84,804.62,348.93
827.31,367.51,828.72,367.64
788.02,348.93,789.08,348.85
788.45,347.83,788.02,348.93
824.09,405.46,824.14,405.25
807.72,347.55,808.87,347.58
808.54,346.82,808.64,346.79
807.91,345.65,808.64,346.79
807.82,345.69,808.54,346.82
809.19,342.10,808.87,342.10
795.14,346.64,794.80,347.43
795.14,346.64,803.67,347.13
827.42,346.34,803.67,347.13
803.99,346.37,803.67,347.13
791.69,345.65,790.96,346.79
791.69,345.65,791.00,346.82
791.72,345.69,791.00,346.82
791.00,346.82,790.67,347.58
791.53,347.55,790.67,347.58
791.00,346.82,791.53,347.55
791.83,346.84,791.53,347.55
773.70,351.45,772.72,352.83
795.28,352.83,772.72,352.83
773.70,351.45,795.28,352.83
794.65,351.45,795.28,352.83
773.70,351.45,794.65,351.45
794.65,351.45,795.07,351.45
794.12,350.20,795.07,351.45
794.12,350.20,794.65,351.45
793.61,350.21,794.65,351.45
773.70,351.45,773.51,351.45
795.63,377.39,795.91,378.02
806.24,349.94,804.69,348.91
786.41,349.94,788.02,348.93
787.88,348.91,786.41,349.94
787.88,348.91,786.33,349.89
798.93,366.22,831.02,366.58
804.49,347.65,805.32,347.84
799.94,366.09,831.02,366.58
805.34,347.69,805.32,347.84
788.44,347.65,788.45,347.83
787.32,347.84,788.45,347.83
788.44,347.65,787.32,347.84
787.31,347.69,787.32,347.84
807.43,346.84,808.54,346.82
807.82,345.69,808.54,346.82
807.82,345.69,807.43,346.84
806.77,345.79,807.43,346.84
804.21,346.96,804.49,347.65
807.72,347.55,804.49,347.65
804.21,346.96,807.72,347.55
807.43,346.84,807.72,347.55
807.91,345.65,808.64,346.79
806.86,344.49,807.91,345.65
771.18,359.64,771.09,360.09
795.14,346.64,790.96,346.79
791.69,345.65,795.14,346.64
792.18,348.76,789.08,348.85
792.74,344.49,791.69,345.65
792.76,344.55,791.69,345.65
791.72,345.69,791.69,345.65
792.76,344.55,791.72,345.69
791.83,346.84,791.00,346.82
830.08,405.73,830.38,405.97
792.49,345.79,791.83,346.84
772.02,378.69,769.01,378.37
791.83,346.84,791.53,347.55
775.07,350.21,773.70,351.45
794.65,351.45,773.70,351.45
775.07,350.21,794.65,351.45
775.07,350.21,793.61,350.21
792.76,349.25,794.12,350.20
793.61,350.21,792.76,349.25
810.53,391.54,807.61,387.57
806.25,349.89,792.76,349.25
810.53,391.54,807.50,387.54
806.25,349.89,804.69,348.91
776.40,349.25,774.78,350.20
775.07,350.21,774.78,350.20
776.40,349.25,775.07,350.21
776.72,349.29,775.07,350.21
776.40,349.25,776.72,349.29
787.88,348.91,788.02,348.93
805.02,346.95,804.49,347.65
823.90,382.80,824.72,383.76
805.02,346.95,805.34,347.69
804.49,347.65,805.34,347.69
787.62,346.95,788.44,347.65
787.31,347.69,788.44,347.65
806.77,345.79,807.82,345.69
829.67,400.67,829.56,401.08
806.78,344.55,807.82,345.69
805.82,344.74,806.77,345.79
806.77,345.79,807.43,346.84
803.54,345.90,807.43,346.84
803.54,345.90,804.21,346.96
807.43,346.84,804.21,346.96
802.14,344.45,801.87,344.03
805.36,344.33,801.87,344.03
801.87,344.03,804.71,343.91
805.36,344.33,802.14,344.45
802.61,344.88,802.14,344.45
831.55,396.15,830.33,396.09
827.90,418.87,831.62,418.53
795.88,345.48,795.14,346.64
767.30,380.88,767.88,381.56
829.67,343.03,828.59,344.21
767.40,380.90,767.88,381.56
804.79,345.12,803.99,346.37
792.74,344.49,795.88,345.48
795.88,345.48,791.69,345.65
792.74,344.49,791.69,345.65
792.49,345.79,791.83,346.84
788.72,346.96,791.83,346.84
789.39,345.90,788.72,346.96
776.72,349.29,775.07,350.21
792.20,349.29,793.61,350.21
804.69,348.91,792.76,349.25
793.70,348.24,804.69,348.91
805.36,347.87,805.32,347.84
787.31,347.69,787.32,347.84
802.61,344.88,805.82,344.74
806.77,345.79,802.61,344.88
803.54,345.90,802.61,344.88
804.31,345.83,805.02,346.95
804.21,346.96,805.02,346.95
803.54,345.90,804.21,346.96
806.19,344.04,806.78,344.55
805.82,344.74,806.19,344.04
805.36,344.33,806.19,344.04
805.82,344.74,805.36,344.33
806.78,344.55,806.30,343.99
806.78,344.55,806.19,344.04
820.51,344.01,821.52,345.12
805.80,344.01,828.59,344.21
793.44,344.74,792.76,344.55
793.35,344.04,793.44,344.74
793.90,344.33,793.44,344.74
831.02,364.73,829.77,364.52
793.35,344.04,793.90,344.33
792.76,344.55,792.74,344.49
793.31,343.99,792.76,344.55
793.35,344.04,792.76,344.55
793.31,343.99,793.35,344.04
791.42,344.03,794.18,343.91
793.90,344.33,791.42,344.03
790.78,344.45,791.42,344.03
790.31,344.88,793.90,344.33
793.90,344.33,790.78,344.45
790.31,344.88,789.39,345.90
793.44,344.74,790.31,344.88
792.49,345.79,793.44,344.74
788.72,346.96,787.62,346.95
788.34,345.83,788.72,346.96
779.35,348.68,792.20,349.29
793.31,348.21,792.20,349.29
792.76,349.25,792.20,349.29
793.31,348.21,792.76,349.25
793.70,348.24,792.76,349.25
776.40,349.25,776.72,349.29
776.26,348.21,776.72,349.29
776.09,348.24,776.40,349.25
793.81,348.07,793.70,348.24
805.36,347.87,793.70,348.24
793.81,348.07,805.36,347.87
805.38,347.68,805.36,347.87
793.81,348.07,805.38,347.68
787.22,347.87,776.09,348.24
776.13,348.07,776.09,348.24
796.16,379.66,794.40,380.57
787.22,347.87,776.13,348.07
794.46,379.67,794.40,380.57
787.20,347.68,776.13,348.07
796.16,379.66,796.09,380.51
787.22,347.87,787.20,347.68
805.05,346.92,805.34,347.69
805.05,346.92,805.38,347.68
805.34,347.69,805.38,347.68
787.20,347.68,787.31,347.69
802.61,344.88,804.31,345.83
805.05,346.92,805.02,346.95
804.31,345.83,805.02,346.95
804.31,345.83,805.05,346.92
804.33,345.79,805.05,346.92
802.14,344.45,802.38,343.73
802.14,344.45,802.71,344.19
802.61,344.88,802.14,344.45
802.71,344.19,802.14,344.45
802.61,344.88,802.71,344.19
803.29,344.71,802.71,344.19
802.61,344.88,803.29,344.71
790.51,355.75,799.26,355.65
801.87,344.03,804.71,343.91
805.47,343.60,804.71,343.91
801.87,344.03,805.47,343.60
801.87,344.03,802.38,343.73
805.47,343.60,804.71,343.91
805.36,344.33,804.71,343.91
805.47,343.60,805.36,344.33
806.19,344.04,805.36,344.33
805.47,343.60,806.19,344.04
820.51,344.01,806.86,344.49
806.30,343.99,820.51,344.01
830.83,341.97,829.67,343.03
805.80,344.01,829.67,343.03
830.83,341.97,829.67,343.03
793.90,344.33,794.18,343.91
793.90,344.33,793.67,343.60
793.35,344.04,793.67,343.60
793.90,344.33,793.35,344.04
796.93,344.33,792.74,344.49
793.31,343.99,792.74,344.49
788.34,345.83,787.62,346.95
788.34,345.83,787.52,346.92
788.24,345.79,787.52,346.92
793.67,343.60,794.18,343.91
793.67,343.60,791.42,344.03
790.31,344.88,788.34,345.83
790.31,344.88,789.39,345.90
788.34,345.83,789.39,345.90
779.35,348.68,789.90,348.68
776.26,348.21,789.90,348.68
793.34,348.05,793.31,348.21
793.70,348.24,793.31,348.21
793.81,348.07,793.70,348.24
776.09,348.24,776.26,348.21
776.32,348.05,776.26,348.21
776.32,348.05,776.09,348.24
776.13,348.07,776.09,348.24
805.05,346.92,805.38,347.68
825.47,406.43,825.24,403.82
787.20,347.68,776.13,348.07
803.31,344.66,804.33,345.79
803.31,344.66,804.31,345.83
802.73,344.14,803.31,344.66
803.29,344.71,803.31,344.66
805.52,343.51,806.30,343.99
806.19,344.04,805.52,343.51
805.47,343.60,805.52,343.51
806.19,344.04,805.47,343.60
806.24,349.94,806.25,349.89
819.42,343.01,820.51,344.01
797.98,343.37,796.93,344.33
797.98,343.37,805.80,344.01
806.89,343.01,805.80,344.01
793.62,343.51,793.31,343.99
793.67,343.60,793.35,344.04
789.36,344.71,788.34,345.83
788.24,345.79,788.34,345.83
789.27,344.66,788.24,345.79
790.66,343.73,791.42,344.03
790.78,344.45,791.42,344.03
790.66,343.73,790.78,344.45
789.93,344.19,790.78,344.45
790.66,343.73,789.93,344.19
789.93,344.19,790.31,344.88
789.36,344.71,790.31,344.88
789.93,344.19,789.36,344.71
776.26,348.21,776.32,348.05
776.26,348.21,793.31,348.21
793.31,348.21,776.32,348.05
793.31,348.21,793.34,348.05
798.46,340.83,805.62,340.83
793.55,347.09,793.34,348.05
793.55,347.09,793.81,348.07
777.23,347.09,776.32,348.05
777.23,347.09,776.13,348.07
793.94,346.19,805.05,346.92
777.01,347.19,787.52,346.92
793.94,346.19,804.33,345.79
803.31,344.66,804.33,345.79
805.93,350.45,806.95,350.72
803.31,344.66,793.94,346.19
799.65,357.54,799.87,357.62
802.71,344.19,802.38,343.73
802.40,343.63,802.38,343.73
802.71,344.19,802.40,343.63
802.73,344.14,802.40,343.63
802.71,344.19,802.73,344.14
805.47,343.60,802.38,343.73
805.52,343.51,805.47,343.60
802.40,343.63,805.52,343.51
808.59,341.71,830.83,341.97
808.59,341.71,832.65,340.59
844.12,341.97,819.42,343.01
844.12,341.97,817.72,341.71
797.76,379.71,797.66,381.12
770.76,382.72,771.24,382.39
842.31,340.59,817.72,341.71
790.64,343.63,790.66,343.73
793.67,343.60,790.64,343.63
793.62,343.51,790.64,343.63
793.67,343.60,793.62,343.51
780.12,344.94,778.24,346.19
789.27,344.66,778.24,346.19
778.24,346.19,788.24,345.79
789.36,344.71,789.27,344.66
789.84,344.14,789.27,344.66
789.93,344.19,789.36,344.71
777.23,347.09,776.32,348.05
793.34,348.05,776.32,348.05
793.96,347.19,793.55,347.09
793.55,346.29,793.96,347.19
792.90,344.05,803.31,344.66
803.31,344.66,793.63,344.94
819.42,343.01,803.98,342.34
832.88,380.35,821.46,379.56
819.42,343.01,817.72,341.71
817.72,341.71,832.65,340.59
808.59,341.71,795.15,342.34
789.27,344.66,780.12,344.94
781.37,344.05,780.12,344.94
781.37,344.05,789.27,344.66
790.64,343.63,790.66,343.73
789.93,344.19,790.66,343.73
790.64,343.63,789.93,344.19
789.84,344.14,789.93,344.19
790.64,343.63,789.84,344.14
795.28,381.12,794.99,382.38
778.22,346.29,777.23,347.09
793.55,347.09,777.23,347.09
778.22,346.29,793.55,347.09
823.21,382.38,822.73,383.37
793.55,346.29,793.55,347.09
797.38,382.38,796.93,383.37
793.63,344.94,793.94,346.19
793.55,346.29,793.94,346.19
780.12,344.94,778.24,346.19
805.52,343.51,803.98,342.34
802.40,343.63,803.98,342.34
822.73,383.37,824.52,383.99
800.90,342.48,803.98,342.34
795.15,342.34,808.59,341.71
803.98,342.34,808.59,341.71
808.59,341.71,817.72,341.71
790.64,343.63,795.15,342.34
826.21,361.97,826.38,362.33
793.55,346.29,778.22,346.29
793.21,345.00,793.55,346.29
793.21,345.00,793.63,344.94
792.90,344.05,793.63,344.94
792.37,344.02,793.21,345.00
792.90,344.05,791.42,342.91
790.65,347.76,791.33,348.81
791.42,342.91,800.90,342.48
795.15,342.34,803.98,342.34
830.33,406.42,830.43,406.33
816.44,379.31,808.54,379.17
781.37,344.05,780.12,344.94
780.22,345.00,780.12,344.94
782.86,342.91,792.14,342.48
790.64,343.63,782.86,342.91
793.21,345.00,780.22,345.00
781.67,344.02,793.21,345.00
792.37,344.02,792.90,344.05
791.42,342.91,792.90,344.05
791.42,342.91,792.37,344.02
827.53,365.07,827.24,365.27
792.37,344.02,781.67,344.02
782.84,343.19,792.37,344.02
791.21,343.19,792.37,344.02
782.84,343.19,791.21,343.19
782.84,343.19,791.21,343.19
826.91,373.16,825.00,373.16
823.64,376.66,824.07,376.82
791.42,342.91,791.21,343.19
781.67,344.02,781.37,344.05
782.86,342.91,781.67,344.02
782.86,342.91,782.84,343.19
771.83,371.68,772.30,371.53
771.83,371.68,771.69,371.13
771.90,371.74,771.75,371.18
771.90,371.74,771.69,371.13
771.83,371.68,771.69,371.13
771.90,371.74,771.75,371.18
816.40,376.88,816.41,379.46
775.02,371.74,771.75,371.18
816.40,376.88,816.48,379.22
775.02,371.74,774.87,371.18
776.19,367.27,775.49,367.25
791.55,347.73,788.45,347.83
775.02,370.97,775.49,367.25
804.43,387.35,804.38,387.17
775.02,370.97,775.49,367.25
775.32,367.34,775.49,367.25
804.43,387.35,804.29,387.17
775.02,370.97,775.32,367.34
774.86,371.02,775.32,367.34
830.65,405.77,830.55,405.55
797.24,389.36,798.84,388.90
774.86,371.02,775.32,367.34
771.74,371.02,772.14,367.25
772.14,367.25,772.83,367.27
772.32,371.38,772.83,367.27
772.32,371.38,772.14,367.25
771.68,370.97,772.14,367.25
769.81,381.60,769.69,381.00
822.73,355.39,821.12,355.39
770.92,379.24,771.85,371.86
822.62,347.32,821.89,348.42
770.92,379.24,772.20,372.30
771.18,380.45,772.20,372.30
774.27,379.24,775.19,371.86
774.52,380.45,775.55,372.30
801.23,372.35,801.34,373.25
793.83,396.72,794.53,393.57
774.11,379.22,775.03,371.89
774.11,379.22,771.91,371.89
770.99,379.22,771.91,371.89
774.27,379.24,775.19,371.86
774.27,379.24,775.03,371.89
770.99,379.22,771.91,371.89
770.99,379.22,771.85,371.86
770.92,379.24,771.85,371.86
772.30,371.53,772.32,371.38
771.68,370.97,772.30,371.53
771.69,371.13,772.30,371.53
771.68,370.97,771.69,371.13
771.69,371.13,771.68,370.97
771.74,371.02,771.69,371.13
771.75,371.18,771.69,371.13
771.74,371.02,771.75,371.18
771.75,371.18,771.74,371.02
774.86,371.02,771.75,371.18
774.87,371.18,771.75,371.18
774.86,371.02,774.87,371.18
775.02,370.97,774.86,371.02
774.87,371.18,774.86,371.02
775.02,370.97,774.87,371.18
775.03,371.13,774.87,371.18
775.02,370.97,775.03,371.13
775.67,371.38,775.02,370.97
775.03,371.13,775.02,370.97
775.67,371.38,775.03,371.13
775.65,371.53,775.03,371.13
775.67,371.38,775.65,371.53
775.57,372.15,775.55,372.30
775.19,371.86,775.57,372.15
775.19,371.86,775.18,371.68
775.03,371.89,775.19,371.86
775.18,371.68,775.19,371.86
775.03,371.89,775.18,371.68
775.02,371.74,775.18,371.68
775.03,371.89,775.02,371.74
771.91,371.89,775.03,371.89
775.02,371.74,775.03,371.89
771.90,371.74,771.91,371.89
771.85,371.86,771.90,371.74
771.83,371.68,771.90,371.74
771.85,371.86,771.83,371.68
771.83,371.68,771.85,371.86
772.20,372.30,771.83,371.68
772.22,372.15,771.83,371.68
772.20,372.30,772.22,372.15
772.14,367.25,775.49,367.25
776.19,367.27,775.49,367.25
772.14,367.25,776.19,367.27
772.83,367.27,776.19,367.27
772.14,367.25,772.83,367.27
771.18,380.45,770.85,380.43
774.19,380.43,771.18,380.45
774.52,380.45,771.18,380.45
774.19,380.43,774.52,380.45
770.92,380.06,770.92,380.32
774.04,380.32,770.92,380.32
774.04,380.06,774.04,380.32
770.99,379.22,770.92,380.06
774.04,380.06,770.92,380.06
770.99,379.22,774.04,380.06
770.99,379.22,774.11,379.22
774.04,380.32,770.92,380.32
770.85,380.43,770.92,380.32
774.04,380.32,770.85,380.43
774.19,380.43,770.85,380.43
774.04,380.32,774.19,380.43
770.86,380.07,770.85,380.43
770.92,380.32,770.85,380.43
826.17,370.15,826.35,369.79
770.86,380.07,770.92,380.32
770.92,380.06,770.92,380.32
774.04,380.06,774.04,380.32
825.90,378.29,823.51,378.29
774.19,380.43,774.04,380.32
774.20,380.07,774.19,380.43
770.92,380.06,770.86,380.07
770.92,379.24,770.92,380.06
770.99,379.22,770.92,380.06
770.92,379.24,770.99,379.22
774.11,379.22,774.04,380.06
774.20,380.07,774.04,380.06
774.11,379.22,774.20,380.07
774.27,379.24,774.20,380.07
774.11,379.22,774.27,379.24
772.20,367.34,775.32,367.34
772.20,367.34,775.49,367.25
772.20,367.34,772.14,367.25
794.12,381.00,794.75,381.52
794.75,381.52,794.62,380.96
794.12,381.00,794.58,380.34
794.58,380.34,794.62,380.96
794.25,381.60,794.75,381.52
794.46,382.08,794.75,381.52
794.94,381.97,794.75,381.52
794.62,379.72,794.58,380.34
794.72,382.40,794.94,381.97
795.18,382.27,794.94,381.97
794.12,379.68,794.75,379.17
800.06,373.72,805.00,376.35
794.12,379.68,794.62,379.72
794.75,379.17,794.62,379.72
794.72,382.40,795.18,382.27
795.01,382.53,795.18,382.27
795.45,382.39,795.18,382.27
794.25,379.09,794.75,379.17
794.94,378.74,794.75,379.17
795.01,382.53,795.45,382.39
795.72,382.30,795.45,382.39
795.18,378.47,794.94,378.74
795.97,382.03,795.72,382.30
795.76,381.69,795.97,382.03
795.01,378.24,795.72,378.49
795.72,378.49,795.45,378.38
795.76,381.69,796.29,381.05
796.29,381.05,796.16,381.60
795.76,381.69,796.16,381.60
795.97,378.79,795.72,378.49
830.29,406.50,830.40,406.47
795.94,380.44,796.29,381.05
796.33,380.43,796.29,381.05
795.56,378.68,795.97,378.79
795.76,379.16,795.97,378.79
796.16,379.24,795.97,378.79
795.94,380.44,796.33,380.43
795.90,379.77,796.33,380.43
796.29,379.81,796.33,380.43
795.90,379.77,796.29,379.81
794.99,382.38,794.55,383.37
795.76,379.16,796.16,379.24
796.29,379.81,796.16,379.24
795.18,378.47,795.90,379.00
795.72,378.49,795.45,378.38
795.90,379.00,795.45,378.38
796.09,379.07,795.90,379.00
795.97,378.79,795.72,378.49
796.09,379.07,795.72,378.49
796.26,379.28,796.09,379.07
794.58,380.34,794.62,379.72
787.72,341.46,787.22,342.71
794.58,380.34,795.32,379.93
795.30,380.35,795.32,379.93
794.94,378.74,795.71,379.05
795.18,378.47,795.71,379.05
795.41,379.54,794.62,379.72
795.32,379.93,794.62,379.72
795.41,379.54,795.32,379.93
795.54,379.24,795.41,379.54
794.75,379.17,795.54,379.24
794.94,378.74,795.54,379.24
794.75,379.17,794.94,378.74
796.26,379.28,795.97,378.79
796.39,379.59,796.26,379.28
796.29,379.81,796.16,379.24
796.48,379.99,796.16,379.24
796.39,379.59,796.16,379.24
796.51,380.42,796.48,379.99
796.48,380.85,796.33,380.43
796.51,380.42,796.33,380.43
796.48,380.85,796.51,380.42
796.16,381.60,796.29,381.05
796.48,380.85,796.29,381.05
796.39,381.23,796.48,380.85
795.97,382.03,796.16,381.60
796.39,381.23,796.16,381.60
796.26,381.53,796.39,381.23
795.72,382.30,795.97,382.03
796.26,381.53,795.97,382.03
796.09,381.72,796.26,381.53
795.45,382.39,795.72,382.30
809.33,379.82,809.51,380.58
796.09,381.72,795.72,382.30
795.90,381.77,796.09,381.72
795.18,382.27,795.45,382.39
795.90,381.77,795.45,382.39
795.71,381.70,795.90,381.77
794.94,381.97,795.18,382.27
795.71,381.70,795.18,382.27
795.54,381.49,795.71,381.70
794.62,380.96,795.30,380.35
794.58,380.34,795.30,380.35
795.41,381.17,794.94,381.97
795.54,381.49,794.94,381.97
795.41,381.17,795.54,381.49
795.32,380.78,795.41,381.17
794.75,381.52,795.32,380.78
794.75,381.52,794.62,380.96
794.25,381.60,794.12,381.00
794.12,381.00,793.13,381.00
793.26,381.60,793.13,381.00
794.07,380.33,794.12,381.00
794.07,380.33,793.09,380.33
794.12,381.00,793.09,380.33
793.13,381.00,793.09,380.33
794.12,381.00,793.13,381.00
794.46,382.08,794.25,381.60
793.26,381.60,794.25,381.60
793.47,382.08,793.26,381.60
794.12,379.68,794.07,380.33
794.12,379.68,793.13,379.68
794.07,380.33,793.13,379.68
793.09,380.33,793.13,379.68
794.07,380.33,793.09,380.33
794.72,382.40,794.46,382.08
793.47,382.08,794.46,382.08
793.73,382.40,793.47,382.08
794.25,379.09,793.26,379.09
794.12,379.68,793.26,379.09
793.13,379.68,793.26,379.09
794.12,379.68,793.13,379.68
797.44,380.86,797.07,381.22
795.01,382.53,794.72,382.40
793.73,382.40,794.72,382.40
797.44,380.86,797.22,381.25
795.01,382.53,793.73,382.40
794.02,382.53,793.73,382.40
794.46,378.63,794.25,379.09
794.46,378.63,793.47,378.63
794.25,379.09,793.47,378.63
793.26,379.09,793.47,378.63
794.25,379.09,793.26,379.09
795.29,382.44,795.01,382.53
794.02,382.53,795.01,382.53
794.30,382.44,794.02,382.53
795.29,382.44,794.30,382.44
794.72,378.33,794.46,378.63
794.46,378.63,793.73,378.33
793.47,378.63,793.73,378.33
794.46,378.63,793.47,378.63
795.56,382.15,795.29,382.44
807.24,361.88,806.18,362.08
794.56,382.15,794.30,382.44
795.01,378.24,794.72,378.33
795.01,378.24,794.02,378.24
794.72,378.33,794.02,378.24
793.73,378.33,794.02,378.24
794.72,378.33,793.73,378.33
795.76,381.69,795.56,382.15
794.56,382.15,795.56,382.15
795.76,381.69,794.56,382.15
794.77,381.69,794.56,382.15
795.29,378.36,795.01,378.24
795.29,378.36,794.30,378.36
795.01,378.24,794.30,378.36
794.02,378.24,794.30,378.36
795.01,378.24,794.02,378.24
795.90,381.10,795.76,381.69
794.77,381.69,795.76,381.69
794.90,381.10,794.77,381.69
795.90,381.10,794.90,381.10
795.56,378.68,794.56,378.68
795.29,378.36,794.56,378.68
795.29,378.36,794.30,378.36
795.94,380.44,795.90,381.10
794.90,381.10,795.90,381.10
795.94,380.44,794.90,381.10
794.95,380.44,794.90,381.10
795.94,380.44,794.95,380.44
795.76,379.16,795.56,378.68
795.56,378.68,794.77,379.16
794.56,378.68,794.77,379.16
795.56,378.68,794.56,378.68
795.90,379.77,795.94,380.44
795.90,379.77,794.95,380.44
795.90,379.77,794.90,379.77
795.76,379.16,795.90,379.77
794.90,379.77,795.90,379.77
795.76,379.16,794.90,379.77
794.77,379.16,794.90,379.77
828.94,361.98,828.72,362.38
795.76,379.16,794.77,379.16
807.45,362.01,807.45,356.14
806.69,360.92,806.69,356.15
803.78,362.74,807.11,362.76
803.78,362.74,806.69,360.92
809.72,381.52,810.16,382.52
802.19,355.17,803.19,355.17
802.19,355.17,802.45,355.18
800.06,362.48,803.20,362.48
803.15,362.01,803.20,362.48
803.15,362.01,800.06,362.48
803.20,362.48,803.36,362.82
800.21,362.82,803.20,362.48
800.06,362.48,803.20,362.48
825.09,361.92,825.09,364.87
800.21,362.82,800.06,362.48
800.21,362.82,803.36,362.82
800.41,362.95,800.21,362.82
827.02,364.80,827.02,362.03
803.94,362.85,807.12,362.85
806.91,362.97,807.12,362.85
806.91,362.97,803.94,362.85
807.12,362.85,807.28,362.51
804.10,362.51,807.12,362.85
803.94,362.85,807.12,362.85
804.10,362.51,803.94,362.85
795.75,354.33,796.25,356.20
807.33,362.04,807.28,362.51
771.86,354.33,796.25,356.20
804.15,362.04,807.28,362.51
804.10,362.51,807.28,362.51
771.86,354.33,795.75,354.33
804.15,362.04,804.10,362.51
803.32,355.68,803.45,356.18
804.19,356.17,803.45,356.18
802.95,355.31,803.32,355.68
802.95,355.31,802.45,355.18
803.19,355.17,802.95,355.31
803.69,355.30,802.95,355.31
803.19,355.17,803.69,355.30
807.45,356.14,806.69,356.15
807.31,355.63,807.45,356.14
806.19,355.27,806.56,355.64
806.94,355.26,806.56,355.64
807.31,355.63,806.56,355.64
806.94,355.26,807.31,355.63
805.68,355.14,806.19,355.27
806.44,355.13,806.19,355.27
806.94,355.26,806.19,355.27
806.44,355.13,806.94,355.26
806.91,362.97,803.56,362.95
800.41,362.95,803.56,362.95
806.91,362.97,800.41,362.95
803.74,362.97,800.41,362.95
806.91,362.97,803.74,362.97
804.67,355.14,805.68,355.14
806.44,355.13,805.68,355.14
803.20,362.48,803.61,362.63
803.20,362.48,803.36,362.82
807.40,362.40,807.28,362.66
807.40,362.40,807.12,362.85
803.78,362.74,803.61,362.63
803.36,362.82,803.61,362.63
803.78,362.74,803.36,362.82
803.56,362.95,803.36,362.82
803.56,362.95,803.78,362.74
806.91,362.97,803.56,362.95
806.91,362.97,807.12,362.85
806.91,362.97,807.28,362.66
807.11,362.76,807.28,362.66
803.15,362.01,803.20,362.48
803.50,362.37,803.20,362.48
803.45,361.99,803.50,362.37
792.49,396.48,775.29,396.48
807.28,362.51,807.40,362.40
803.45,361.99,803.15,362.01
803.15,356.21,803.45,361.99
803.04,355.79,803.15,356.21
803.45,356.18,803.15,356.21
803.32,355.68,803.45,356.18
802.75,355.50,803.04,355.79
802.95,355.31,803.32,355.68
807.45,356.14,807.45,362.01
768.54,381.10,769.38,381.81
807.33,362.04,807.45,362.01
807.45,356.14,807.33,362.04
829.77,401.25,829.86,401.96
807.33,356.16,807.33,362.04
807.31,355.63,807.45,356.14
807.33,356.16,807.45,356.14
807.31,355.63,807.33,356.16
807.22,355.74,807.33,356.16
781.03,382.96,781.80,383.43
798.17,379.66,798.23,380.44
806.94,355.26,807.31,355.63
807.22,355.74,807.31,355.63
806.94,355.26,807.22,355.74
806.93,355.45,807.22,355.74
802.33,355.38,802.75,355.50
795.01,381.13,794.97,381.10
831.00,361.64,807.39,361.55
802.95,355.31,802.75,355.50
802.33,355.38,802.95,355.31
802.45,355.18,802.95,355.31
802.45,355.18,802.33,355.38
806.44,355.13,806.94,355.26
806.93,355.45,806.94,355.26
806.44,355.13,806.93,355.45
806.50,355.34,806.93,355.45
806.50,355.34,806.44,355.13
804.09,355.13,806.50,355.34
804.15,355.34,806.50,355.34
798.93,366.22,829.75,366.72
804.49,347.65,804.47,347.83
804.09,355.13,804.15,355.34
804.67,355.14,802.19,355.17
800.07,355.18,804.67,355.14
804.09,355.13,804.67,355.14
800.07,355.18,804.09,355.13
806.69,360.92,804.67,360.92
802.19,360.91,804.67,360.92
806.69,360.92,802.19,360.91
804.19,360.91,802.19,360.91
806.69,360.92,804.19,360.91
804.67,360.92,802.19,360.91
802.19,355.17,804.67,360.92
804.67,355.14,804.67,360.92
798.75,366.46,798.93,366.22
804.82,357.10,804.82,355.56
815.65,407.32,832.68,413.40
804.82,357.10,804.62,355.56
804.62,360.71,804.62,355.56
804.62,360.71,806.89,360.72
804.62,360.71,806.48,357.54
806.48,357.54,805.00,357.52
798.93,366.22,798.46,368.81
806.89,360.72,806.69,355.53
806.69,357.08,806.69,355.53
805.80,344.01,804.79,345.12
806.42,355.15,806.58,355.27
806.78,355.26,806.89,355.53
806.69,355.53,806.78,355.26
806.58,355.27,806.78,355.26
806.69,355.53,806.58,355.27
804.33,355.18,804.71,355.29
824.89,406.14,824.94,405.97
804.15,355.18,804.51,355.29
804.62,355.56,804.82,355.56
830.98,372.34,826.02,378.16
804.71,355.29,804.82,355.56
804.51,355.29,804.71,355.29
804.37,357.09,804.42,357.37
804.79,357.09,804.84,357.37
804.84,357.37,804.42,357.37
806.01,357.48,806.57,357.36
806.43,357.48,806.57,357.36
810.47,407.03,810.37,406.74
806.60,357.07,806.14,357.36
806.57,357.36,806.14,357.36
810.47,407.03,813.29,403.54
806.60,357.07,806.57,357.36
806.01,357.48,804.96,357.49
806.01,357.48,806.43,357.48
806.58,355.27,806.19,355.16
806.20,355.21,806.19,355.16
806.58,355.27,806.20,355.21
804.37,355.23,806.20,355.21
804.37,355.23,804.33,355.18
804.69,355.33,804.37,355.23
793.93,382.02,794.21,381.39
804.33,355.18,804.37,355.23
795.63,381.87,795.91,381.27
804.69,355.33,804.33,355.18
804.71,355.29,804.33,355.18
804.79,355.57,804.69,355.33
804.71,355.29,804.69,355.33
804.79,355.57,804.71,355.29
804.82,355.56,804.71,355.29
804.79,357.09,804.79,355.57
804.82,355.56,804.79,355.57
804.79,357.09,804.82,355.56
804.82,357.10,804.82,355.56
772.28,366.46,772.45,366.22
804.82,357.10,804.79,357.09
804.84,357.37,804.82,357.10
804.87,357.40,804.82,357.10
804.96,357.49,804.84,357.37
804.87,357.40,804.84,357.37
804.96,357.49,804.87,357.40
805.00,357.52,804.87,357.40
806.43,357.48,804.96,357.49
771.16,366.09,772.45,366.22
805.00,357.52,804.96,357.49
806.43,357.48,805.00,357.52
806.48,357.54,805.00,357.52
806.63,357.40,806.48,357.54
830.08,405.73,829.98,405.10
806.57,357.36,806.48,357.54
830.08,405.73,830.33,405.37
806.57,357.36,806.43,357.48
806.48,357.54,806.43,357.48
791.69,345.65,790.96,346.79
806.69,355.53,806.58,355.27
806.52,355.31,806.58,355.27
806.69,355.53,806.52,355.31
806.69,357.08,806.69,355.53
806.63,357.40,806.57,357.36
806.60,357.07,806.63,357.40
788.72,346.96,788.44,347.65
806.69,357.08,806.63,357.40
806.60,357.07,806.69,357.08
804.44,355.34,804.11,355.24
802.78,355.24,804.11,355.24
804.44,355.34,802.78,355.24
804.54,355.57,804.54,360.71
802.70,355.35,804.54,360.71
802.70,355.35,802.70,360.71
804.54,360.71,802.70,360.71
806.76,355.31,806.43,355.21
825.28,341.37,823.67,341.44
805.01,355.32,806.43,355.21
825.71,397.21,825.75,401.41
805.01,355.32,805.09,355.21
806.43,355.21,805.09,355.21
804.93,355.30,805.03,355.15
802.77,355.18,804.93,355.30
833.31,387.74,822.69,387.29
802.67,355.33,804.93,355.30
799.26,355.65,822.73,355.39
802.77,355.18,802.67,355.33
806.19,355.16,804.33,355.18
806.19,355.16,802.77,355.18
805.03,355.15,802.77,355.18
806.86,355.54,806.86,360.72
805.01,360.72,806.86,360.72
806.86,355.54,805.01,360.72
805.01,355.32,805.01,360.72
804.93,355.30,804.93,360.78
802.67,360.77,804.93,360.78
804.93,355.30,802.67,360.77
802.67,355.33,802.67,360.77
804.93,355.30,802.67,355.33
806.83,360.78,804.56,360.77
802.67,360.77,804.56,360.77
806.83,360.78,802.67,360.77
804.93,360.78,802.67,360.77
806.83,360.78,804.93,360.78
806.43,355.21,805.09,355.21
805.03,355.15,805.09,355.21
806.43,355.21,805.03,355.15
806.42,355.15,805.03,355.15
806.76,355.31,806.43,355.21
806.42,355.15,806.43,355.21
806.78,355.26,806.42,355.15
804.11,355.24,804.15,355.18
806.78,355.26,806.76,355.31
804.93,360.78,804.93,355.30
805.01,355.32,804.93,355.30
804.93,360.78,805.01,355.32
805.01,360.72,805.01,355.32
831.00,361.64,829.77,361.85
804.93,360.78,805.01,360.72
802.70,355.35,802.78,355.24
802.77,355.18,802.78,355.24
802.70,355.35,802.77,355.18
802.67,355.33,802.77,355.18
802.70,360.71,802.70,355.35
802.67,355.33,802.70,355.35
784.51,379.06,794.89,379.59
802.70,360.71,802.67,355.33
802.70,360.71,802.67,360.77
804.62,355.56,804.51,355.29
807.49,361.37,807.33,361.71
804.44,355.34,804.51,355.29
804.62,355.56,804.44,355.34
804.54,355.57,804.44,355.34
804.54,355.57,804.62,355.56
804.62,360.71,804.54,355.57
804.62,360.71,804.54,360.71
802.67,360.77,802.70,360.71
804.56,360.77,802.67,360.77
799.65,357.54,799.31,357.77
804.56,360.77,804.62,360.71
806.83,360.78,804.56,360.77
805.01,360.72,804.93,360.78
803.29,344.71,804.31,345.83
806.83,360.78,805.01,360.72
806.86,360.72,805.01,360.72
806.86,360.72,806.86,355.54
826.21,361.97,801.16,361.85
806.89,355.53,806.86,355.54
806.86,360.72,806.89,355.53
806.89,360.72,806.89,355.53
806.86,360.72,806.89,360.72
806.20,357.07,806.20,355.21
770.56,357.54,770.52,357.77
804.37,355.23,806.20,355.21
806.20,357.07,804.37,355.23
804.37,357.09,804.37,355.23
781.05,378.98,781.11,378.03
804.42,357.37,806.14,357.36
774.59,360.92,774.59,356.15
775.29,362.01,774.59,356.15
771.62,361.99,771.62,356.18
771.62,361.99,772.30,356.17
772.30,360.91,772.30,356.17
771.93,362.74,774.59,360.92
771.93,362.74,774.98,362.76
774.31,355.17,772.62,355.18
774.31,355.17,773.31,355.17
774.89,362.01,774.94,362.48
771.74,362.01,774.94,362.48
774.94,362.48,771.79,362.48
775.08,362.82,774.94,362.48
771.79,362.48,774.94,362.48
807.33,364.29,807.24,364.15
775.27,362.95,775.08,362.82
771.93,362.82,775.08,362.82
807.33,364.29,807.24,361.88
775.27,362.95,771.93,362.82
824.46,382.02,824.77,381.39
772.12,362.95,771.93,362.82
778.37,362.97,778.57,362.85
807.33,361.71,807.24,361.88
775.20,362.97,778.57,362.85
822.45,381.87,822.75,381.27
775.20,362.97,775.39,362.85
775.39,362.85,778.57,362.85
778.71,362.51,775.39,362.85
775.53,362.51,775.39,362.85
778.71,362.51,775.53,362.51
796.06,380.32,796.01,380.50
772.44,355.67,772.30,356.17
796.01,380.33,796.01,380.50
771.62,356.18,772.30,356.17
772.80,355.30,772.44,355.67
768.25,380.71,767.57,380.65
771.75,355.68,772.44,355.67
791.52,327.90,791.10,327.73
772.12,355.31,771.75,355.68
791.52,327.90,778.92,327.73
772.12,355.31,772.80,355.30
773.31,355.17,772.12,355.31
772.62,355.18,772.12,355.31
773.31,355.17,772.62,355.18
775.43,355.63,774.59,356.15
775.60,355.14,775.10,355.27
758.78,382.73,758.94,382.48
775.27,362.95,778.37,362.97
758.59,382.30,759.19,378.17
775.20,362.97,772.12,362.95
746.97,374.59,746.83,374.58
778.70,355.13,776.30,355.13
746.93,375.16,746.83,374.58
776.61,355.14,776.30,355.13
767.25,380.32,767.40,380.50
775.60,355.14,776.30,355.13
771.79,362.48,771.77,362.63
807.96,438.68,808.45,439.21
775.25,362.40,775.14,362.66
771.93,362.74,772.12,362.95
775.14,362.66,774.98,362.76
775.20,362.97,775.14,362.66
775.39,362.85,775.14,362.66
775.20,362.97,775.39,362.85
757.59,383.67,758.78,382.73
771.79,362.48,771.66,362.37
758.37,382.63,758.59,382.30
775.25,362.40,775.53,362.51
825.15,352.96,824.47,352.96
774.24,349.22,774.93,352.04
775.29,362.01,775.25,362.40
771.62,356.18,771.62,361.99
760.07,382.39,760.67,378.25
771.74,362.01,771.62,361.99
806.89,360.72,806.89,355.53
771.74,356.21,771.74,362.01
771.75,355.68,771.62,356.18
771.74,356.21,771.62,356.18
771.85,355.79,771.74,356.21
758.34,377.61,759.60,378.19
804.61,426.13,804.35,424.79
772.12,355.31,771.75,355.68
771.85,355.79,771.75,355.68
775.29,356.14,775.29,362.01
775.70,355.74,775.59,356.16
775.29,356.14,775.59,356.16
775.43,355.63,775.29,356.14
764.08,357.84,763.91,360.00
775.99,355.45,775.70,355.74
775.43,355.63,775.70,355.74
823.17,352.92,821.01,352.82
763.75,360.00,763.92,362.17
775.80,355.26,775.43,355.63
772.56,355.38,772.12,355.31
776.30,355.13,775.10,355.27
758.01,385.02,757.04,385.10
757.40,383.46,758.37,382.63
801.22,372.38,799.54,372.10
772.14,355.50,772.12,355.31
760.33,382.83,760.49,382.58
772.56,355.38,772.14,355.50
772.62,355.18,774.95,355.18
774.89,355.38,772.62,355.18
774.89,355.38,772.56,355.38
776.30,355.13,775.99,355.45
775.80,355.26,775.99,355.45
776.30,355.13,775.80,355.26
776.42,355.34,778.77,355.34
776.61,355.14,778.70,355.13
774.95,355.18,776.61,355.14
774.95,355.18,774.31,355.17
776.61,360.92,776.61,355.14
774.31,355.17,776.61,360.92
774.31,355.17,774.31,360.91
802.11,436.45,801.94,435.74
774.17,360.72,773.99,355.53
761.26,371.27,761.59,371.42
795.22,324.64,795.69,325.13
774.48,355.16,774.10,355.27
824.55,405.10,824.39,405.05
774.65,355.15,774.28,355.26
774.28,355.26,774.10,355.27
773.99,355.53,774.28,355.26
773.99,355.53,774.17,355.53
772.09,355.56,772.38,355.29
772.09,355.56,772.27,355.56
755.04,384.53,755.04,384.80
772.76,357.09,772.81,357.37
772.81,357.37,772.39,357.37
772.52,357.49,772.81,357.37
773.86,357.48,773.97,357.36
774.40,357.36,773.97,357.36
793.47,378.64,793.73,378.35
804.10,435.32,804.05,435.77
774.04,357.07,774.40,357.36
774.45,357.07,774.40,357.36
774.28,357.48,772.52,357.49
768.41,377.86,768.72,378.00
772.93,357.49,772.52,357.49
785.78,351.97,785.82,354.24
771.79,362.48,771.93,362.82
774.28,357.48,772.93,357.49
776.33,396.68,777.01,393.46
774.48,355.16,774.45,355.21
774.48,355.16,772.78,355.18
772.76,355.23,774.48,355.16
772.76,355.23,774.45,355.21
772.38,355.29,772.78,355.18
772.76,355.23,772.78,355.18
772.44,355.33,772.76,355.23
772.27,355.56,772.38,355.29
774.24,349.22,776.25,351.23
775.29,362.01,775.53,362.51
772.44,355.33,772.38,355.29
772.27,357.10,772.27,355.56
772.34,357.09,772.34,355.57
820.53,373.72,819.14,383.80
772.32,357.40,772.27,357.10
772.34,357.09,772.27,357.10
772.39,357.37,772.34,357.09
772.44,357.52,772.32,357.40
804.20,426.03,804.35,424.79
772.14,355.50,771.75,355.68
772.39,357.37,772.32,357.40
772.52,357.49,772.39,357.37
773.86,357.48,772.44,357.52
772.52,357.49,772.44,357.52
773.80,357.54,773.86,357.48
773.97,357.36,773.86,357.48
762.62,369.05,764.12,369.96
773.94,357.40,773.80,357.54
774.02,355.54,774.12,355.31
773.99,355.53,774.10,355.27
774.04,357.07,774.02,355.54
773.99,357.08,774.02,355.54
773.99,355.53,774.02,355.54
787.82,424.05,787.62,424.38
772.52,357.49,772.39,357.37
808.54,376.45,805.05,376.31
773.99,357.08,773.99,355.53
793.83,396.72,794.64,393.46
789.26,423.32,787.82,424.05
772.93,357.49,772.81,357.37
818.99,332.77,819.40,332.31
773.94,357.40,773.99,357.08
774.04,357.07,773.94,357.40
789.10,423.62,789.26,423.32
774.28,357.48,773.97,357.36
773.97,357.36,773.94,357.40
774.04,357.07,773.97,357.36
773.96,355.35,773.89,355.24
772.55,355.24,773.89,355.24
772.22,355.34,772.55,355.24
785.05,341.09,785.30,339.26
772.13,360.71,773.96,360.71
750.86,384.50,749.91,384.58
774.35,355.31,774.68,355.21
776.14,355.30,774.05,355.33
773.94,355.18,776.14,355.30
776.03,355.15,776.14,355.30
774.48,355.16,773.94,355.18
776.10,355.32,776.10,360.72
810.37,406.74,810.47,407.03
774.26,360.72,776.10,360.72
774.05,360.77,774.05,355.33
776.14,355.30,774.05,360.77
776.14,360.78,774.05,360.77
776.14,355.30,776.14,360.78
774.05,360.77,776.14,360.78
791.60,340.84,791.81,341.33
772.15,360.77,774.05,360.77
776.10,355.32,776.03,355.21
776.14,355.30,776.03,355.21
776.14,355.30,776.03,355.15
774.65,355.15,776.03,355.15
774.68,355.21,776.03,355.15
776.03,355.21,776.03,355.15
829.46,379.17,828.16,385.43
774.68,355.21,776.03,355.21
774.28,355.26,774.65,355.15
829.46,379.17,827.75,384.53
770.12,351.71,768.93,353.11
774.68,355.21,774.65,355.15
774.35,355.31,774.68,355.21
772.22,355.34,772.55,355.24
772.57,355.18,772.55,355.24
772.20,355.29,772.57,355.18
774.35,355.31,774.28,355.26
776.14,360.78,776.10,360.72
776.10,355.32,776.10,360.72
761.07,360.00,761.99,361.98
776.14,355.30,776.10,355.32
773.89,355.24,773.94,355.18
761.16,364.25,761.99,366.24
773.96,355.35,773.89,355.24
792.73,333.47,792.38,333.41
773.96,360.71,774.05,355.33
792.73,333.47,792.33,333.05
773.96,360.71,773.96,355.35
778.26,328.39,778.26,333.12
772.13,355.57,772.22,355.34
772.20,355.29,772.22,355.34
772.09,360.71,772.13,360.71
772.13,355.57,772.13,360.71
775.12,343.08,774.37,342.83
772.15,360.77,774.05,360.77
775.48,343.45,775.12,343.08
772.13,360.71,773.96,360.71
772.15,360.77,774.23,360.78
779.06,346.90,781.05,347.73
774.17,360.72,772.15,360.77
772.09,360.71,772.15,360.77
774.17,360.72,772.09,360.71
778.20,366.64,775.52,368.79
774.23,360.78,776.10,360.72
776.14,360.78,776.10,360.72
827.03,352.85,827.28,352.85
774.23,360.78,776.14,360.78
760.40,383.66,761.78,382.93
783.96,350.28,785.35,351.98
774.26,360.72,774.17,355.53
798.91,394.01,799.48,393.83
774.35,355.31,774.65,355.15
783.96,350.35,785.35,351.98
774.26,355.54,774.17,355.53
774.26,360.72,774.26,355.54
774.40,357.36,774.28,357.48
811.83,353.12,812.08,353.12
772.81,357.37,774.28,357.48
798.97,402.09,799.52,398.08
772.81,357.37,772.93,357.49
772.76,357.09,772.76,355.23
774.45,357.07,772.76,355.23
774.45,355.21,772.76,355.23
774.45,357.07,774.45,355.21
772.81,357.37,774.45,357.07
774.40,357.36,774.45,357.07
802.71,358.06,804.53,358.06
787.08,425.67,787.10,427.09
802.71,358.06,804.58,357.86
815.36,355.04,815.33,355.15
815.28,355.20,815.33,355.15
796.52,355.52,796.56,355.31
796.52,355.52,804.57,355.31
796.65,355.22,796.56,355.31
804.66,355.22,796.56,355.31
765.26,353.70,765.41,353.73
804.57,355.31,796.56,355.31
761.24,357.86,761.20,357.85
815.60,355.30,824.01,355.30
831.12,420.70,831.33,420.92
801.75,339.45,802.00,339.14
815.36,351.50,811.74,351.34
798.04,351.87,798.22,351.64
798.96,418.17,799.08,418.94
811.56,351.58,798.22,351.64
797.53,334.35,798.03,333.18
802.95,353.20,803.04,353.31
811.98,351.22,806.28,351.52
820.09,351.22,806.28,351.52
823.96,351.13,820.09,351.22
826.99,353.59,827.25,354.11
811.98,351.22,823.96,351.13
811.74,351.34,798.22,351.64
798.62,351.52,798.22,351.64
811.98,351.22,798.62,351.52
811.98,351.22,811.74,351.34
815.54,351.26,811.98,351.22
815.78,351.13,811.98,351.22
758.05,366.17,761.99,366.24
815.54,351.26,815.78,351.13
801.42,341.77,801.55,341.13
802.95,353.20,798.04,354.49
790.31,344.88,790.78,344.45
801.82,358.27,801.82,358.06
773.75,337.26,774.84,333.57
797.96,359.36,811.10,359.33
829.26,376.68,824.88,376.66
790.03,356.25,790.48,358.10
812.46,372.61,809.29,372.51
804.09,358.05,803.04,353.31
798.04,354.49,802.87,353.32
779.84,356.54,780.25,358.25
798.04,354.49,801.82,358.06
802.51,368.22,802.91,366.32
808.64,372.50,805.37,372.50
783.41,437.20,783.72,437.67
797.93,355.12,801.82,358.06
804.53,359.36,796.52,359.36
796.52,355.52,804.53,359.36
804.53,355.52,804.53,359.36
773.89,355.24,772.55,355.24
796.52,355.52,804.53,355.52
804.61,359.54,806.20,359.54
807.33,356.16,804.15,362.04
796.60,359.54,806.20,359.54
796.60,359.54,798.15,359.54
804.66,355.22,796.65,355.22
829.55,351.37,825.29,353.15
805.86,355.20,804.66,355.22
731.46,353.47,728.72,351.14
746.63,383.16,745.39,383.07
811.29,359.53,798.15,359.54
819.62,359.53,798.15,359.54
745.39,383.07,746.60,383.77
819.62,359.53,806.20,359.54
798.15,359.54,806.20,359.54
797.82,355.20,805.86,355.20
829.80,352.35,825.54,354.13
806.10,354.98,797.82,355.20
826.12,355.11,825.80,354.65
811.38,356.26,811.38,359.33
830.05,352.86,825.80,354.65
810.95,338.87,810.95,338.14
819.71,356.26,811.38,359.33
797.57,377.90,797.21,377.75
811.38,359.33,819.71,359.33
798.05,354.98,806.10,354.98
806.20,354.45,806.10,354.98
829.30,368.69,828.48,366.64
806.20,354.45,798.05,354.98
785.82,354.24,786.59,356.08
798.15,354.45,798.05,354.98
819.82,355.68,819.71,356.26
811.38,356.26,819.71,356.26
811.49,355.68,811.38,356.26
811.49,355.68,819.82,355.68
811.75,355.44,811.49,355.68
811.75,355.44,820.09,355.44
823.91,355.40,811.75,355.44
794.81,389.00,794.32,389.34
811.98,351.22,820.09,351.22
815.50,355.40,811.75,355.44
815.78,351.13,823.96,351.13
827.04,391.28,825.87,392.15
823.91,355.40,815.50,355.40
815.64,351.56,815.75,351.41
815.92,351.33,815.75,351.41
815.64,351.56,815.92,351.33
826.26,396.14,826.19,397.10
796.48,355.40,796.56,355.31
803.79,333.95,804.14,334.23
815.60,355.30,815.64,355.08
826.11,399.01,829.89,399.37
804.27,334.08,804.14,334.23
815.33,355.15,815.64,355.08
826.11,399.01,829.95,399.01
815.33,355.15,815.36,355.04
815.64,351.56,815.64,355.08
815.36,355.04,815.64,355.08
815.64,351.56,815.36,355.04
815.36,351.50,815.36,355.04
772.27,334.74,772.67,333.73
744.90,382.34,745.28,382.45
815.75,351.41,815.36,351.50
815.36,351.50,815.64,351.56
831.77,353.30,831.73,353.68
796.60,359.54,804.61,359.54
804.53,359.36,804.61,359.54
796.60,359.54,804.53,359.36
796.52,359.36,804.53,359.36
796.60,359.54,796.52,359.36
831.70,352.83,831.77,353.30
796.52,359.36,796.52,355.52
797.82,355.20,796.65,355.22
796.41,355.55,796.52,355.52
796.52,359.36,796.41,355.55
796.41,359.36,796.41,355.55
796.52,359.36,796.41,359.36
796.41,359.36,796.60,359.54
793.31,343.99,796.93,344.33
796.65,355.22,796.48,355.40
797.82,355.20,796.65,355.22
774.10,355.27,774.45,355.21
819.62,359.53,819.71,359.33
811.38,359.33,819.62,359.53
811.29,359.53,819.62,359.53
831.14,361.48,831.00,361.64
811.38,359.33,811.29,359.53
797.96,359.36,798.15,359.54
811.29,359.53,797.96,359.36
811.10,359.33,797.96,359.36
811.29,359.53,811.10,359.33
826.39,393.88,826.44,394.26
811.38,356.26,811.38,359.33
811.10,359.33,811.38,359.33
781.01,388.90,786.90,389.37
797.93,355.12,797.65,355.39
798.05,354.98,797.82,355.20
798.04,354.49,797.93,355.12
798.84,388.90,805.02,389.37
825.02,361.75,799.93,361.64
798.05,354.98,797.93,355.12
829.73,348.62,830.26,350.74
798.04,354.49,798.05,354.98
798.15,354.45,798.04,351.87
798.04,354.49,798.04,351.87
802.78,349.44,801.55,350.78
798.15,354.45,798.04,354.49
798.62,351.52,798.22,351.64
798.25,351.80,798.22,351.64
798.62,351.52,798.25,351.80
798.56,351.71,798.25,351.80
798.56,351.71,798.62,351.52
806.28,351.52,798.56,351.71
806.28,351.52,806.20,351.71
811.49,355.68,811.38,356.26
799.34,320.03,799.19,319.82
811.10,356.22,811.38,356.26
815.28,355.20,815.33,355.15
815.28,355.20,815.60,355.30
815.50,355.40,815.60,355.30
797.96,359.36,796.41,359.36
811.54,355.25,815.28,355.20
815.50,355.40,815.28,355.20
828.17,349.22,829.55,351.37
811.75,355.44,815.50,355.40
811.23,355.53,811.49,355.68
811.54,355.25,811.23,355.53
815.92,351.33,815.75,351.41
815.54,351.26,815.75,351.41
815.92,351.33,815.54,351.26
815.78,351.13,815.54,351.26
829.80,352.35,829.62,351.83
824.06,351.33,815.92,351.33
820.40,328.22,800.86,328.22
815.78,351.13,815.92,351.33
824.06,351.33,815.78,351.13
823.96,351.13,815.78,351.13
820.68,329.02,801.34,329.02
802.66,358.00,802.65,357.87
801.93,358.06,802.66,358.00
801.93,358.21,802.66,358.00
801.93,358.06,801.93,358.21
796.41,355.55,796.43,355.45
801.93,358.21,802.71,358.06
808.92,353.17,808.66,354.41
796.52,355.52,796.43,355.45
779.58,398.08,780.65,401.60
798.25,351.80,798.15,351.93
801.99,358.28,802.71,358.06
801.93,358.21,801.99,358.28
804.53,358.06,802.71,358.06
801.99,358.28,804.53,358.06
804.06,358.27,804.53,358.06
801.99,358.28,804.06,358.27
803.56,353.78,803.61,353.71
768.55,372.27,773.34,373.20
803.02,353.31,803.56,353.78
825.28,402.31,826.48,402.41
803.02,353.31,802.97,353.39
811.23,355.53,811.10,356.22
802.97,353.39,803.56,353.78
800.90,342.48,803.98,342.34
746.93,375.16,746.97,374.59
796.89,369.36,796.86,369.36
776.61,355.14,775.60,355.14
802.97,353.39,802.65,357.87
801.93,358.06,802.65,357.87
802.97,353.39,801.93,358.06
804.06,358.27,804.53,358.06
804.58,357.99,804.53,358.06
804.06,358.27,804.58,357.99
774.36,372.92,780.48,372.25
804.12,358.20,804.58,357.99
770.78,366.17,771.00,366.34
803.61,353.71,803.67,353.78
803.08,353.39,803.61,353.71
803.02,353.31,803.61,353.71
803.08,353.39,803.02,353.31
804.58,357.86,804.58,357.99
804.13,358.05,804.58,357.86
803.67,353.78,804.58,357.86
804.13,358.05,803.67,353.78
804.13,358.05,803.67,353.78
804.13,358.05,803.08,353.39
781.09,401.31,781.56,401.09
801.90,358.37,801.82,358.27
794.67,382.24,793.78,382.24
778.81,309.04,778.80,319.50
801.99,358.28,801.93,358.21
801.90,358.37,801.99,358.28
804.01,358.36,801.90,358.37
795.91,381.27,796.09,380.51
804.01,358.36,801.99,358.28
794.21,381.39,796.09,380.51
804.06,358.27,801.99,358.28
791.86,309.04,791.86,319.50
804.01,358.36,804.06,358.27
804.09,358.26,804.01,358.36
804.06,358.27,804.01,358.36
804.09,358.26,804.06,358.27
804.12,358.20,804.09,358.26
804.09,358.05,804.12,358.20
804.13,358.05,804.12,358.20
783.81,381.19,783.55,380.58
804.09,358.05,804.13,358.05
804.66,355.22,804.57,355.31
794.46,378.63,795.18,378.47
808.46,332.37,808.89,331.79
801.82,358.27,801.93,358.21
731.58,356.91,729.64,360.00
801.93,358.06,801.82,358.27
803.04,353.31,804.09,358.05
804.13,358.05,804.09,358.05
803.04,353.31,804.13,358.05
803.04,353.31,803.08,353.39
803.08,353.39,803.04,353.31
763.37,376.03,765.47,376.03
802.95,353.20,803.08,353.39
803.02,353.31,803.08,353.39
763.37,379.86,765.66,379.86
801.82,358.06,801.93,358.06
802.97,353.39,801.82,358.06
802.87,353.32,801.82,358.06
802.97,353.39,802.87,353.32
802.87,353.32,802.95,353.20
802.87,353.32,803.02,353.31
802.97,353.39,803.02,353.31
802.87,353.32,802.97,353.39
822.94,380.51,822.75,381.27
824.38,339.53,824.27,339.66
825.79,339.55,826.11,339.56
825.73,395.89,824.99,396.19
821.33,339.68,821.22,339.81
830.61,339.60,830.88,339.71
830.72,339.72,830.88,339.71
830.61,339.60,830.72,339.72
822.71,339.71,823.04,339.72
814.21,372.93,812.02,372.86
825.85,339.83,826.14,339.95
818.06,339.95,818.32,339.83
819.68,339.86,820.00,339.87
830.63,339.21,830.52,339.34
830.36,339.34,830.63,339.21
770.45,369.10,770.72,368.93
794.80,347.43,794.83,347.62
827.48,339.37,827.37,339.50
827.21,339.49,827.48,339.37
828.91,339.40,829.24,339.41
797.51,341.34,797.54,341.22
790.29,341.34,790.53,341.22
798.99,341.15,799.24,341.26
798.99,341.15,799.08,341.26
791.69,341.26,791.99,341.26
794.93,341.35,795.19,341.46
787.96,341.35,787.87,341.47
796.35,341.28,796.45,341.39
789.40,341.39,789.35,341.28
795.07,379.84,795.25,380.38
808.39,340.69,808.66,340.80
184.67,461.38,348.38,368.27
801.17,340.69,801.08,340.81
437.19,483.16,554.33,230.02
821.52,329.47,822.11,329.93
809.91,340.62,810.17,340.72
437.19,483.16,581.51,372.27
809.91,340.62,810.01,340.73
811.15,340.67,811.47,340.67
771.40,359.15,770.87,358.73
811.19,340.55,811.47,340.67
770.87,359.57,770.95,359.95
811.15,340.67,811.19,340.55
803.93,340.55,803.83,340.67
803.68,340.67,803.93,340.55
812.74,340.48,813.00,340.58
812.74,340.48,812.84,340.59
805.18,340.58,805.49,340.59
802.89,340.96,803.16,341.07
801.60,436.86,802.11,436.45
772.09,360.71,772.09,355.56
802.85,341.08,802.89,340.96
795.78,340.96,795.68,341.08
795.53,341.07,795.78,340.96
804.38,340.89,804.63,340.99
804.47,341.00,804.63,340.99
804.38,340.89,804.47,341.00
797.28,341.00,797.23,340.89
796.98,340.99,797.28,341.00
805.62,340.83,805.89,340.94
805.58,340.95,805.62,340.83
798.46,340.83,798.36,340.95
798.21,340.94,798.46,340.83
807.13,340.75,807.38,340.86
807.22,340.87,807.38,340.86
807.13,340.75,807.22,340.87
799.98,340.87,799.92,340.75
783.17,334.11,783.64,334.26
799.67,340.86,799.98,340.87
800.88,360.91,800.75,360.93
802.11,436.45,802.11,436.04
774.17,360.72,774.17,355.53
782.85,304.77,783.13,304.52
785.43,341.48,785.34,341.60
793.75,341.41,793.84,341.52
786.85,341.52,786.80,341.41
806.47,340.53,806.73,340.41
815.61,340.33,815.72,340.45
796.74,307.57,789.10,305.10
808.31,340.45,808.26,340.33
822.84,339.98,823.12,340.10
815.36,339.98,815.26,340.10
824.48,339.90,824.58,340.02
817.02,340.02,816.96,339.90
819.82,340.25,819.86,340.12
812.44,340.13,812.34,340.25
812.18,340.24,812.44,340.13
814.07,340.16,814.02,340.05
800.20,341.09,800.47,341.21
800.16,341.21,800.20,341.09
793.14,341.09,793.04,341.21
801.66,341.02,801.76,341.13
816.93,340.27,817.21,340.39
816.89,340.39,816.93,340.27
809.56,340.27,809.46,340.39
818.63,340.31,818.78,340.30
818.53,340.19,818.63,340.31
811.17,340.31,811.11,340.19
810.86,340.30,811.17,340.31
769.45,379.05,769.29,379.24
769.62,379.00,769.45,379.05
769.80,379.07,769.62,379.00
810.77,387.13,804.38,387.17
769.95,379.28,769.80,379.07
769.17,381.17,769.09,380.78
769.06,380.35,769.09,380.78
824.18,405.48,824.23,405.28
769.09,379.93,769.06,380.35
769.17,379.54,769.09,379.93
770.08,379.59,769.95,379.28
781.91,346.80,783.97,347.70
770.16,379.99,770.08,379.59
804.18,355.79,803.57,359.57
770.19,380.42,770.16,379.99
826.42,373.33,830.49,373.33
769.62,380.35,770.19,380.42
775.59,321.87,775.61,321.73
770.16,380.85,770.19,380.42
797.64,320.03,797.34,319.76
770.08,381.23,770.16,380.85
769.95,381.53,770.08,381.23
769.62,380.35,769.95,381.53
769.80,381.72,769.95,381.53
769.62,381.77,769.80,381.72
769.45,381.70,769.62,381.77
769.62,380.35,769.45,381.70
769.17,381.17,769.62,380.35
769.29,381.49,769.62,380.35
769.17,381.17,769.29,381.49
778.72,371.65,792.97,376.40
774.28,380.07,774.35,379.25
774.28,380.07,774.27,380.49
825.74,382.24,825.29,383.18
774.52,380.51,774.28,380.07
801.37,355.83,800.73,359.58
770.78,380.49,771.18,380.51
801.33,355.82,800.73,359.58
770.79,380.07,771.18,380.51
770.78,380.49,770.79,380.07
786.75,383.56,787.10,383.57
812.11,383.56,821.50,384.16
811.96,383.57,812.11,383.56
803.67,347.13,794.80,347.43
796.09,380.51,796.16,379.66
802.73,344.14,803.31,344.66
783.55,380.58,783.38,379.82
807.28,362.66,807.12,362.85
784.51,379.06,783.38,379.82
784.59,386.64,784.10,383.42
808.61,383.17,809.04,383.42
808.69,382.51,808.61,383.17
796.09,378.80,796.16,379.66
794.89,379.59,796.09,380.51
783.81,381.19,783.55,380.58
783.38,378.17,783.33,378.99
769.62,380.35,770.08,381.23
786.90,389.37,787.05,389.54
787.15,389.46,786.90,389.37
805.02,389.37,804.91,389.46
804.80,389.54,805.02,389.37
809.51,380.58,809.33,379.82
804.06,358.27,804.12,358.20
802.60,386.64,808.69,382.51
805.13,354.46,805.37,353.23
794.89,379.59,796.09,378.80
804.50,334.85,804.14,335.69
795.63,381.87,795.91,381.27
772.55,379.45,772.88,379.50
778.02,349.07,779.63,350.45
784.59,386.64,782.18,382.51
796.34,381.97,797.22,381.25
809.27,378.99,809.33,379.82
806.44,330.57,806.39,331.31
810.54,379.06,809.51,380.58
817.21,330.41,817.24,333.39
809.79,381.19,809.51,380.58
822.94,378.80,823.00,379.66
768.27,378.57,768.41,378.87
802.60,386.64,809.19,381.52
795.63,377.39,795.91,378.02
795.28,382.24,795.63,381.87
784.51,381.74,784.14,381.59
769.42,355.97,790.51,355.75
784.51,379.06,784.51,381.74
784.51,379.06,783.55,377.43
779.48,381.44,780.84,381.52
826.42,373.33,826.98,373.33
769.62,380.35,770.08,379.59
770.01,378.63,769.41,379.17
770.16,380.86,770.10,380.88
784.59,386.64,771.01,381.97
802.60,386.64,796.34,381.97
795.51,382.54,796.34,381.97
787.70,355.58,791.11,356.59
809.33,378.17,809.27,378.99
812.19,376.19,810.54,376.37
802.19,355.17,804.67,355.14
810.54,379.06,809.79,381.19
789.01,358.80,788.76,357.68
810.14,381.59,809.79,381.19
821.65,379.59,822.94,378.80
797.44,380.86,797.75,380.77
797.96,355.97,826.96,355.65
795.28,376.99,795.63,377.39
794.89,379.59,795.63,377.39
795.28,382.24,794.89,382.35
794.89,379.59,794.89,382.35
794.89,379.59,795.28,382.24
784.51,381.74,786.48,381.85
784.51,379.06,784.51,381.74
795.28,378.29,799.52,372.32
797.24,389.36,798.84,388.90
784.19,390.37,783.52,391.32
779.49,389.36,781.01,388.90
784.59,386.64,771.34,382.54
794.43,412.44,801.27,444.58
772.80,385.75,784.59,386.64
781.46,391.29,779.77,392.69
781.01,388.90,784.59,386.64
802.60,386.64,798.84,388.90
794.82,382.89,795.51,382.54
795.91,381.27,796.09,380.51
809.51,377.43,809.33,378.17
784.36,382.28,792.97,382.80
822.07,382.24,822.45,381.87
810.54,379.06,810.54,381.74
810.54,379.06,810.14,381.59
809.16,350.37,810.49,350.63
810.54,381.74,810.14,381.59
794.89,376.83,795.28,376.99
794.89,379.59,795.28,376.99
783.09,364.20,787.58,363.13
794.89,376.83,794.89,379.59
810.17,340.72,810.54,342.03
784.51,379.06,784.51,376.37
799.39,359.57,799.30,359.95
775.46,396.58,776.33,396.68
793.74,396.84,793.93,396.68
776.49,396.84,776.57,396.72
743.31,377.92,743.80,382.11
795.79,390.93,797.24,389.36
790.31,385.75,797.24,389.36
778.10,390.93,779.49,389.36
772.80,385.75,779.49,389.36
793.61,350.21,794.12,350.20
822.07,382.24,821.65,382.35
810.54,379.06,812.64,381.85
822.07,376.99,822.45,377.39
810.54,379.06,809.79,376.85
810.14,376.49,809.79,376.85
793.78,377.05,794.09,377.77
822.45,377.39,822.75,378.02
824.08,383.94,814.35,383.61
799.17,360.25,799.30,359.95
809.79,376.85,809.51,377.43
823.86,384.17,824.08,383.94
771.72,360.25,771.85,359.95
759.17,352.01,763.12,351.92
794.64,393.46,793.02,396.58
759.17,352.01,758.05,353.83
794.64,393.46,795.79,390.93
783.55,377.43,783.38,378.17
810.99,378.98,811.06,379.94
821.65,376.83,822.07,376.99
810.54,376.37,810.54,379.06
799.52,372.32,793.78,377.05
762.78,379.76,763.37,379.86
826.91,373.16,802.38,372.35
799.52,372.32,802.38,372.35
799.39,358.73,799.42,359.15
777.01,393.46,775.16,396.34
792.47,395.75,792.70,396.34
790.31,385.75,794.64,393.46
779.28,350.96,779.76,350.91
777.01,393.46,772.80,385.75
774.94,395.75,777.01,393.46
770.72,382.84,771.19,382.99
791.17,342.46,791.65,342.26
830.98,372.34,825.11,377.77
830.87,372.35,828.55,372.35
799.52,372.32,793.39,376.57
792.97,376.40,793.39,376.57
801.60,343.82,801.82,343.49
799.52,372.32,792.97,376.40
827.24,370.56,824.92,370.50
825.00,373.16,827.24,370.56
799.52,372.32,825.00,373.16
826.91,373.16,825.00,373.16
803.52,435.68,802.60,435.19
799.52,372.32,826.91,373.16
778.72,371.65,769.38,380.45
771.40,360.51,771.57,360.44
798.82,359.15,799.39,358.73
771.40,359.15,771.92,358.73
758.78,369.07,759.41,369.48
771.85,358.35,771.92,358.73
800.93,432.44,800.01,431.96
770.72,382.84,772.80,385.75
803.37,431.32,802.66,432.11
794.10,382.84,794.15,382.45
803.37,431.32,802.93,431.68
794.10,382.84,790.31,385.75
795.88,337.89,795.67,338.03
795.54,380.59,796.07,380.55
773.98,332.37,773.42,333.77
802.77,430.78,802.01,430.00
794.97,380.74,795.19,380.71
805.82,344.74,806.78,344.55
802.82,430.34,802.01,430.00
795.01,380.76,795.19,380.71
802.77,430.78,801.92,430.76
794.97,380.74,795.01,380.76
769.27,378.25,771.41,378.25
800.82,427.67,800.43,427.72
768.48,380.74,768.34,380.76
821.53,353.99,821.47,354.10
766.76,380.59,767.26,380.55
807.49,361.37,800.32,359.64
771.40,359.15,771.85,358.35
771.72,358.05,771.85,358.35
767.88,381.56,769.25,381.86
799.92,332.13,799.16,331.31
769.25,381.86,768.39,381.13
797.89,331.78,798.68,331.43
794.46,381.86,795.01,381.13
804.20,426.03,804.61,426.13
793.45,381.56,795.01,381.13
830.98,372.34,823.90,376.40
800.95,405.02,802.33,405.15
777.42,335.30,777.07,333.69
830.98,372.34,824.36,376.57
799.47,368.93,808.46,369.14
793.44,344.74,793.90,344.33
798.46,368.81,808.46,369.14
792.49,345.79,789.39,345.90
748.07,383.26,747.11,382.45
799.47,368.93,798.46,368.81
808.48,371.65,798.32,379.63
768.94,378.29,778.72,371.65
768.94,378.29,769.18,378.88
807.61,386.62,807.61,387.57
823.63,407.32,840.29,409.25
776.06,325.60,775.89,325.21
766.50,380.38,766.76,380.59
768.43,347.30,765.56,349.25
799.87,360.67,800.07,360.44
800.06,365.91,800.07,360.44
822.64,347.13,822.62,347.32
764.51,347.92,762.41,350.85
798.47,360.25,798.63,360.44
798.82,359.15,798.63,360.44
770.94,365.91,770.95,360.44
831.04,353.96,830.98,353.84
799.30,358.35,799.39,358.73
770.76,360.67,770.95,360.44
820.06,404.46,816.56,404.46
777.80,361.37,771.22,359.15
771.18,358.65,771.22,359.15
783.44,327.07,783.91,327.20
771.40,359.15,771.72,358.05
771.57,357.85,771.72,358.05
796.06,380.32,795.54,380.59
771.40,357.79,771.22,357.86
797.89,378.29,798.15,378.88
783.38,379.82,783.55,380.58
808.48,371.65,798.15,378.88
801.65,360.91,801.37,360.91
793.02,396.58,793.93,396.68
781.44,379.87,781.61,380.67
802.14,344.45,801.87,344.03
797.89,378.29,808.48,371.65
825.71,401.65,825.75,401.41
799.00,358.30,799.08,358.21
798.47,358.05,798.63,357.86
819.64,403.04,820.06,404.46
798.82,359.15,798.63,357.86
799.87,360.67,799.65,360.75
797.15,402.27,797.34,402.17
770.76,360.67,770.56,360.75
778.80,321.15,778.80,320.32
800.22,358.20,800.32,358.65
784.78,445.87,782.26,413.09
811.10,356.22,804.09,358.26
762.44,378.38,761.99,382.67
798.82,359.15,798.82,357.79
827.24,361.56,820.87,355.64
824.92,361.55,827.24,361.56
777.80,361.37,771.09,358.20
771.09,358.20,771.18,358.65
771.57,357.85,771.40,357.79
767.30,380.88,767.88,381.56
762.21,378.33,762.44,378.38
793.87,380.88,793.45,381.56
784.39,342.24,784.28,341.71
796.12,379.51,795.25,380.38
808.35,340.81,808.39,340.69
797.21,377.75,797.57,377.90
800.93,340.80,801.17,340.69
808.37,372.74,805.31,372.64
768.31,377.75,768.64,377.90
554.33,230.02,386.08,344.81
766.33,379.84,766.50,380.38
826.71,401.91,826.46,396.65
806.83,360.78,804.93,360.78
798.47,358.05,798.33,358.35
780.86,400.36,780.83,398.26
802.20,372.18,801.59,372.40
798.82,359.15,798.33,358.35
780.47,402.23,780.33,402.16
771.40,359.15,770.95,358.35
799.03,384.01,818.84,384.01
796.00,338.00,795.81,338.13
798.32,379.63,798.37,380.45
771.40,359.15,770.95,359.95
799.67,361.48,777.80,361.37
823.23,349.44,819.34,349.48
767.30,380.88,767.75,380.73
784.87,351.84,786.09,352.59
810.39,355.74,810.56,355.44
797.76,363.20,799.89,366.17
800.06,365.91,799.89,366.17
784.87,351.84,785.93,353.48
797.76,363.20,800.06,365.91
796.86,377.86,797.21,377.75
770.45,369.10,770.34,368.71
767.98,377.86,768.31,377.75
798.82,359.15,798.25,359.57
758.05,353.87,758.05,353.83
790.31,385.75,795.79,390.93
770.87,359.57,771.40,359.15
759.23,354.92,757.24,355.83
772.80,385.75,778.10,390.93
770.84,359.15,770.87,359.57
770.36,360.67,768.81,363.20
770.18,360.44,768.81,363.20
804.33,345.79,805.05,346.92
770.36,360.67,770.18,360.44
799.87,357.62,800.07,357.85
828.89,355.85,800.07,357.85
799.87,357.62,828.89,355.85
798.25,356.19,799.65,357.54
799.67,361.48,797.58,355.85
788.79,355.96,799.67,361.48
802.40,343.63,802.38,343.73
770.95,357.85,788.79,355.96
752.28,383.56,749.86,382.63
770.76,357.62,770.95,357.85
750.73,382.58,750.23,378.30
793.67,343.60,790.66,343.73
750.56,382.70,750.09,378.28
767.50,380.49,767.30,379.91
794.11,380.49,793.87,380.88
793.90,379.91,794.11,380.49
800.39,369.42,800.39,356.31
796.10,371.38,799.53,369.10
799.41,368.71,799.53,369.10
796.10,371.38,799.41,368.71
777.01,393.46,775.46,396.58
796.28,378.79,796.12,379.51
795.06,379.24,796.28,378.79
796.86,377.86,796.54,378.22
796.10,371.38,796.86,377.86
766.32,379.24,767.30,379.51
767.68,378.22,767.98,377.86
767.28,371.38,767.68,378.22
798.25,356.19,799.43,357.62
793.39,376.57,793.78,377.05
799.23,357.85,798.25,356.19
770.18,357.85,770.36,357.62
772.09,360.71,773.80,357.54
807.74,331.70,807.89,331.94
825.32,352.26,824.46,350.78
809.85,349.79,823.15,349.24
810.61,350.63,809.85,349.79
781.67,344.02,780.22,345.00
792.90,344.05,793.21,345.00
793.93,349.68,789.76,349.79
789.00,350.63,793.93,349.68
824.36,376.57,824.46,377.25
792.14,342.48,782.86,342.91
796.21,368.25,795.67,368.25
796.18,368.26,796.21,368.25
768.45,368.25,767.91,368.25
782.84,343.19,781.67,344.02
768.93,368.26,768.45,368.25
798.12,356.42,798.98,358.65
798.94,359.15,798.12,356.42
769.91,359.15,769.14,356.42
769.94,358.65,769.14,356.42
821.14,376.98,819.62,374.41
821.65,379.59,822.75,378.02
769.91,359.15,769.94,358.65
808.96,347.76,822.64,347.13
771.07,360.25,771.22,360.44
769.94,359.64,768.41,362.29
770.03,360.09,769.94,359.64
768.64,362.35,769.18,362.36
769.57,363.24,768.64,362.35
771.68,370.97,772.32,371.38
826.06,353.88,825.32,352.26
826.77,355.65,826.06,353.88
771.22,359.15,771.18,359.64
819.34,355.65,826.77,355.65
788.13,365.40,787.68,366.97
767.30,379.23,767.30,379.91
767.48,379.21,767.30,379.91
826.77,355.65,826.96,355.65
828.54,355.65,826.96,355.65
774.86,371.02,771.74,371.02
826.77,355.65,828.54,355.65
799.00,360.44,799.17,360.25
810.82,351.10,824.65,350.78
771.57,360.44,771.72,360.25
825.51,352.26,810.82,351.10
775.57,372.15,775.03,371.13
791.92,352.44,788.40,351.10
792.74,350.99,788.40,351.10
794.08,371.30,793.71,379.22
794.08,371.30,793.89,379.23
794.99,372.32,799.31,372.32
807.49,361.37,800.36,359.15
823.62,379.71,825.90,381.12
795.07,351.45,795.66,352.83
807.60,351.17,795.66,352.83
795.07,351.45,807.60,351.17
773.51,351.45,772.56,352.83
794.64,393.46,793.93,396.68
807.00,350.72,806.25,349.89
807.72,381.44,797.60,380.88
794.12,350.20,806.25,349.89
807.00,350.72,794.12,350.20
785.58,350.72,774.78,350.20
770.92,379.24,770.86,380.07
775.59,343.36,775.61,343.51
792.20,349.29,793.31,348.21
789.90,348.68,793.31,348.21
799.41,343.33,801.63,336.84
792.20,349.29,789.90,348.68
776.72,349.29,776.26,348.21
819.42,343.01,805.52,343.51
806.30,343.99,805.52,343.51
819.42,343.01,806.30,343.99
830.83,341.97,832.65,340.59
797.98,343.37,806.89,343.01
802.73,344.14,792.90,344.05
802.40,343.63,802.73,344.14
790.64,343.63,789.84,344.14
780.33,402.16,780.71,400.32
798.22,359.15,798.25,358.73
795.71,379.05,795.90,379.00
790.64,343.63,781.37,344.05
830.23,406.44,830.29,406.50
788.86,354.67,789.57,356.37
793.71,379.22,793.63,380.06
774.52,380.45,774.20,380.07
776.28,396.52,776.55,395.23
777.80,361.37,771.18,358.65
774.19,380.43,774.20,380.07
774.52,380.45,774.19,380.43
770.86,380.07,770.92,379.24
770.86,380.07,771.18,380.45
795.41,379.54,795.54,379.24
800.12,358.70,800.36,359.15
795.90,380.35,795.71,379.05
796.09,379.07,795.90,379.00
825.68,401.02,829.40,400.96
804.74,327.34,805.14,327.91
795.90,380.35,795.32,380.78
825.68,401.02,829.52,401.02
792.02,341.86,792.02,328.22
782.24,371.54,784.00,370.81
795.90,380.35,795.30,380.35
770.94,365.91,770.76,360.67
796.39,381.23,796.29,381.05
796.48,379.99,796.39,379.59
784.51,379.06,783.33,378.99
796.51,380.42,796.48,379.99
796.26,381.53,796.16,381.60
796.48,380.85,796.51,380.42
795.90,380.35,796.51,380.42
796.39,381.23,796.48,380.85
795.90,380.35,796.48,380.85
796.09,381.72,796.26,381.53
795.90,380.35,796.26,381.53
825.78,400.67,825.88,399.40
795.90,381.77,795.72,382.30
795.90,381.77,796.09,381.72
795.71,381.70,795.90,381.77
795.41,381.17,795.54,381.49
795.90,380.35,795.54,381.49
803.40,333.38,803.08,332.67
800.00,362.01,800.00,355.38
803.40,333.38,803.79,333.95
777.62,369.07,777.26,368.80
802.64,416.29,801.91,417.05
800.00,362.01,803.15,356.21
803.40,333.38,803.37,333.49
802.64,416.29,801.79,416.27
800.00,362.01,803.15,362.01
803.15,356.21,803.15,362.01
775.49,365.70,776.45,366.53
799.94,423.98,799.40,424.50
807.33,356.16,807.22,355.74
784.04,441.58,783.93,440.79
805.39,336.33,814.65,337.71
806.50,355.34,806.93,355.45
791.09,339.24,777.60,337.38
808.48,371.65,798.37,380.45
804.15,362.04,807.22,355.74
794.75,381.52,795.41,381.17
777.04,369.08,777.67,369.20
807.22,355.74,806.93,355.45
805.17,333.36,804.74,333.88
804.15,362.04,804.15,355.34
775.60,371.27,775.36,371.42
806.50,355.34,804.15,355.34
804.15,362.04,806.50,355.34
807.40,362.40,807.28,362.66
794.25,381.60,793.26,381.60
806.69,360.92,807.11,362.76
806.69,360.92,807.45,362.01
807.40,362.40,806.69,360.92
779.57,405.00,780.42,404.04
769.27,356.19,770.56,357.54
804.19,360.91,803.78,362.74
803.61,362.63,804.19,360.91
785.31,369.49,783.74,370.45
800.00,362.01,802.33,355.38
802.75,355.50,800.00,362.01
794.72,382.40,793.73,382.40
776.86,346.51,779.06,346.90
807.33,356.16,807.33,362.04
804.15,362.04,807.33,362.04
804.06,355.67,803.69,355.30
730.67,353.80,730.17,354.13
802.19,360.91,803.69,355.30
802.19,360.91,804.19,360.91
797.60,380.88,797.22,381.25
802.19,355.17,803.19,355.17
802.19,360.91,802.19,355.17
804.67,360.92,806.56,355.64
804.67,360.92,804.67,355.14
806.19,355.27,804.67,360.92
806.63,357.40,806.69,357.08
804.87,357.40,804.62,360.71
804.79,355.57,804.69,355.33
748.20,369.83,743.72,369.83
770.95,359.95,771.07,360.25
804.37,357.09,804.37,355.23
726.53,366.10,727.09,363.01
795.90,380.35,796.48,379.99
806.62,355.54,806.20,357.07
804.37,357.09,804.79,357.09
804.62,360.71,804.56,360.77
804.54,360.71,804.62,360.71
806.83,360.78,806.89,360.72
791.09,329.84,792.54,331.20
806.86,360.72,806.83,360.78
804.67,360.92,806.69,356.15
805.01,355.32,806.86,355.54
806.76,355.31,805.01,355.32
776.66,344.44,776.53,344.40
802.77,355.18,804.15,355.18
804.33,355.18,804.15,355.18
804.54,355.57,804.44,355.34
802.70,355.35,804.44,355.34
804.54,355.57,802.70,355.35
806.42,355.15,805.03,355.15
806.19,355.16,805.03,355.15
806.42,355.15,806.19,355.16
787.21,360.00,787.05,361.98
775.78,342.13,776.37,341.36
772.14,355.50,771.85,355.79
801.65,336.73,802.16,325.45
771.74,356.21,771.74,362.01
828.09,401.60,828.09,397.26
802.87,331.77,802.80,330.76
774.89,362.01,771.74,362.01
802.87,331.77,802.93,330.76
801.60,343.82,801.82,343.49
774.89,362.01,771.74,356.21
776.42,355.34,775.99,355.45
798.98,358.65,798.91,358.70
771.07,358.05,771.22,357.86
792.02,341.86,792.10,341.91
795.90,380.35,795.32,379.93
806.62,355.54,806.60,357.07
805.05,376.31,808.54,376.45
804.10,362.51,807.28,362.51
775.70,355.74,775.99,355.45
792.07,333.26,792.38,333.41
796.12,379.51,795.07,379.84
782.06,390.88,783.13,390.88
804.37,357.09,804.69,355.33
778.77,355.34,776.42,355.34
775.25,362.40,775.14,362.66
774.59,360.92,774.98,362.76
774.59,360.92,775.14,362.66
802.19,355.17,802.19,360.91
804.53,358.06,804.58,357.99
810.54,379.06,809.27,378.99
778.32,332.26,777.67,333.77
775.25,362.40,774.59,360.92
804.06,355.67,803.45,356.18
820.68,329.02,819.18,330.41
775.29,362.01,774.59,360.92
770.68,380.99,770.80,381.59
775.25,362.40,775.29,362.01
782.57,325.83,784.08,324.43
817.51,334.85,819.18,332.81
772.30,360.91,771.62,361.99
803.69,355.30,804.06,355.67
782.04,325.32,784.08,324.43
771.66,362.37,771.62,361.99
784.99,444.93,788.65,448.49
771.77,362.63,771.66,362.37
771.77,362.63,772.30,360.91
771.93,362.74,772.30,360.91
732.17,356.74,731.58,356.91
806.19,355.27,806.56,355.64
771.77,362.63,771.93,362.74
753.37,383.38,754.55,382.45
772.14,355.50,774.89,362.01
807.31,355.63,806.69,356.15
772.56,355.38,774.89,362.01
753.37,383.38,754.07,382.35
772.14,355.50,772.56,355.38
775.59,356.16,778.77,362.04
775.59,362.04,778.77,362.04
775.59,356.16,775.59,362.04
781.10,344.77,776.73,344.89
774.31,360.91,772.80,355.30
773.31,355.17,772.80,355.30
782.63,413.70,782.46,413.96
771.40,359.15,771.40,357.79
774.31,360.91,772.30,360.91
772.30,356.17,772.30,360.91
793.06,389.87,793.51,390.67
771.40,359.15,771.57,357.85
794.68,444.93,789.13,448.64
774.31,360.91,773.31,355.17
774.31,355.17,773.31,355.17
768.64,377.90,768.94,378.29
785.76,335.79,785.76,326.67
775.60,355.14,776.61,355.14
774.59,356.15,774.59,360.92
776.61,360.92,774.59,360.92
807.11,362.76,803.78,362.74
772.44,355.67,774.31,360.91
829.23,407.56,829.94,405.93
790.31,385.75,798.84,388.90
772.30,356.17,774.31,360.91
807.11,362.76,803.56,362.95
772.44,355.67,772.30,356.17
809.57,332.00,809.40,331.68
775.10,355.27,776.61,360.92
809.91,329.84,809.40,331.68
785.76,335.79,785.89,335.94
775.60,355.14,776.61,360.92
775.10,355.27,775.60,355.14
803.15,362.01,803.50,362.37
773.94,357.40,773.80,357.54
800.64,337.92,798.44,344.39
773.99,357.08,773.94,357.40
805.00,376.35,803.31,378.80
774.17,360.72,773.99,357.08
772.27,357.10,772.09,360.71
772.32,357.40,772.27,357.10
754.80,382.63,755.12,382.34
772.76,357.09,772.76,355.23
804.02,444.04,805.10,444.16
772.76,357.09,772.44,355.33
778.00,395.42,777.99,395.55
774.02,355.54,774.45,357.07
774.12,355.31,774.45,357.07
802.70,415.84,801.88,415.51
778.54,341.69,791.96,342.17
802.33,355.38,800.00,355.38
778.00,395.42,778.37,394.98
774.02,355.54,774.12,355.31
772.34,357.09,772.76,357.09
800.03,358.30,800.32,358.65
800.00,355.38,802.33,355.38
772.15,360.77,772.09,360.71
772.13,360.71,772.15,360.77
774.17,360.72,774.23,360.78
785.78,371.23,783.92,372.36
774.26,360.72,774.17,360.72
804.09,355.13,806.44,355.13
774.26,355.54,776.10,355.32
774.35,355.31,774.26,355.54
773.94,355.18,772.78,355.18
772.57,355.18,772.78,355.18
772.09,360.71,772.44,357.52
811.97,376.07,811.43,376.70
771.40,357.79,770.52,357.77
772.13,355.57,772.22,355.34
774.65,355.15,774.48,355.16
794.73,379.91,794.92,380.49
744.87,377.84,741.74,380.73
799.71,372.63,799.02,372.40
767.28,371.38,770.45,369.10
776.03,355.15,774.48,355.16
774.65,355.15,776.03,355.15
822.32,346.37,808.64,346.79
804.58,357.86,804.53,358.06
749.52,384.14,748.62,384.21
802.71,358.06,802.66,358.00
781.21,344.39,780.94,344.71
774.12,355.31,774.45,355.21
792.37,337.35,792.41,332.46
749.52,384.40,748.62,384.21
802.65,357.87,802.66,358.00
802.75,355.50,803.32,355.68
756.01,382.71,756.32,382.41
774.02,355.54,774.04,357.07
806.69,355.53,806.89,355.53
802.71,358.06,802.65,357.87
783.23,418.08,784.02,418.43
797.96,359.36,796.48,355.40
783.23,418.08,784.14,417.67
815.38,372.70,815.65,371.46
797.96,359.36,796.41,359.36
796.41,355.55,796.41,359.36
815.92,351.33,824.06,351.33
804.96,357.49,804.84,357.37
815.64,355.08,815.64,351.56
824.06,355.08,815.64,351.56
815.64,355.08,824.06,355.08
731.46,366.53,733.04,363.43
775.10,355.27,774.73,355.64
806.01,357.48,804.55,357.49
815.28,355.20,811.54,355.25
750.60,384.06,751.73,384.43
811.56,351.58,811.54,355.25
788.43,406.79,790.70,406.28
755.74,360.00,756.21,363.94
811.56,351.58,815.36,355.04
755.74,360.00,756.36,363.92
811.56,351.58,815.36,351.50
796.60,359.54,796.41,359.36
829.23,407.56,829.99,406.15
796.52,359.36,796.60,359.54
782.89,371.14,781.05,372.27
811.29,359.53,811.10,359.33
811.38,359.33,811.10,359.33
796.95,440.91,805.47,440.91
776.03,355.15,773.94,355.18
811.29,359.53,811.38,359.33
811.56,351.58,798.04,351.87
806.20,354.45,798.15,354.45
798.15,351.93,806.20,354.45
801.90,358.37,801.82,358.27
773.75,337.26,774.32,332.97
803.72,360.92,802.64,367.46
797.96,359.36,801.90,358.37
811.10,359.33,804.09,358.26
804.01,358.36,811.10,359.33
811.23,355.53,811.10,356.22
804.09,358.05,811.10,356.22
811.23,355.53,804.09,358.05
773.75,337.26,772.27,334.74
797.96,359.36,797.93,355.12
830.08,405.73,829.90,405.18
797.65,355.39,797.96,359.36
806.69,357.08,806.62,355.54
803.67,353.78,803.61,353.71
806.60,357.07,806.57,357.36
803.56,353.78,803.67,353.78
774.89,362.01,771.85,355.79
756.88,382.53,755.76,382.11
839.42,349.49,822.15,349.48
801.60,343.82,801.82,344.26
774.89,362.01,774.89,355.38
839.42,349.49,822.80,349.87
800.18,340.47,818.65,340.39
800.06,365.91,799.65,360.75
788.40,357.85,788.57,360.00
772.56,355.38,774.89,355.38
824.07,351.98,822.80,349.87
800.18,340.47,818.82,340.47
800.06,365.91,799.87,360.67
824.07,351.98,839.42,349.49
825.54,355.65,824.07,351.98
831.33,350.01,832.07,351.09
830.52,349.16,831.33,350.01
829.73,348.62,830.52,349.16
830.55,346.95,828.49,348.66
828.49,348.66,829.03,348.45
828.17,349.22,828.49,348.66
809.13,333.27,809.53,333.22
829.52,347.87,828.17,349.22
828.08,350.09,828.17,349.22
828.66,352.37,828.25,351.17
802.80,417.15,802.54,417.59
830.11,351.61,829.26,353.56
803.72,360.92,804.00,360.92
760.33,353.61,759.91,353.35
797.96,359.36,801.82,358.27
806.89,360.72,804.62,360.71
829.26,353.56,828.66,352.37
830.82,353.03,829.26,353.56
829.99,354.64,829.26,353.56
798.17,336.00,798.45,334.74
832.65,355.32,830.79,355.49
831.59,356.03,830.79,355.49
795.60,324.61,795.60,323.72
824.64,405.73,824.94,405.56
795.60,324.61,795.41,323.86
757.58,383.88,757.61,382.82
830.82,353.03,831.69,354.31
778.71,362.51,778.57,362.85
830.11,351.61,832.32,352.45
829.63,350.19,830.11,351.61
831.56,350.94,830.11,351.61
831.05,349.42,831.56,350.94
825.19,367.38,826.35,367.52
831.05,349.42,829.63,350.19
829.43,348.90,831.05,349.42
770.76,360.67,770.88,360.52
828.89,355.85,807.49,361.37
830.84,348.04,831.05,349.42
829.52,347.87,829.43,348.90
796.06,380.32,796.07,380.55
830.84,348.04,829.43,348.90
830.95,346.94,829.52,347.87
829.91,347.19,830.95,346.94
830.55,346.95,829.91,347.19
831.36,346.22,829.91,347.19
767.88,381.56,768.39,381.13
795.47,321.87,795.96,323.65
832.05,345.95,830.55,346.95
802.81,329.70,803.08,328.80
800.73,417.56,800.01,418.32
831.06,353.92,827.09,355.79
831.36,354.00,827.09,355.79
831.36,354.00,827.09,355.79
831.59,353.92,827.33,355.71
831.73,353.68,827.46,355.47
831.77,353.30,827.50,355.09
830.11,351.61,828.66,352.37
831.70,352.83,827.43,354.63
831.52,352.32,827.25,354.11
803.56,353.78,802.65,357.87
826.99,353.59,831.52,352.32
831.26,351.80,826.99,353.59
826.33,352.76,826.68,353.13
826.33,352.76,830.95,351.34
830.60,350.97,826.33,352.76
825.69,352.45,825.99,352.53
825.69,352.45,830.26,350.74
829.96,350.66,830.26,350.74
825.47,352.54,825.69,352.45
796.52,355.52,796.52,359.36
825.47,352.54,829.96,350.66
829.73,350.75,829.96,350.66
777.79,396.41,777.14,397.94
825.33,352.78,825.47,352.54
825.33,352.78,829.73,350.75
829.59,350.99,829.73,350.75
825.29,353.15,825.33,352.78
825.29,353.15,829.59,350.99
829.55,351.37,829.59,350.99
797.82,355.20,804.66,355.22
825.37,353.62,825.29,353.15
825.37,353.62,829.55,351.37
829.62,351.83,829.55,351.37
822.67,406.80,823.63,407.32
825.54,354.13,825.37,353.62
825.54,354.13,829.62,351.83
825.80,354.65,829.80,352.35
777.14,400.10,777.37,398.22
819.71,356.26,819.71,359.33
830.05,352.86,829.80,352.35
826.12,355.11,830.05,352.86
830.37,353.33,830.05,352.86
826.46,355.48,826.12,355.11
811.49,355.68,819.71,356.26
826.46,355.48,830.37,353.33
830.72,353.69,826.80,355.71
831.36,354.00,831.06,353.92
810.54,376.37,821.65,379.59
831.59,356.03,831.36,354.00
832.29,356.22,831.36,354.00
764.75,370.93,775.36,371.42
831.59,353.92,831.36,354.00
832.29,356.22,831.59,353.92
779.58,398.08,780.60,394.70
831.73,353.68,831.59,353.92
795.88,337.89,799.01,337.71
748.42,375.49,748.27,375.74
800.88,400.70,801.13,400.31
751.80,384.95,752.78,385.03
831.52,352.32,831.70,352.83
811.38,359.33,819.71,359.33
831.26,351.80,831.52,352.32
832.68,352.30,831.26,351.80
832.07,351.09,831.26,351.80
829.52,347.87,828.08,350.09
811.29,359.53,798.15,359.54
830.95,351.34,831.26,351.80
832.07,351.09,831.33,350.01
831.33,350.01,830.60,350.97
830.52,349.16,830.60,350.97
831.33,350.01,830.52,349.16
798.15,354.45,798.05,354.98
830.52,349.16,830.26,350.74
798.15,354.45,798.15,351.93
830.52,349.16,829.73,348.62
829.96,350.66,830.26,350.74
829.73,348.62,829.96,350.66
829.03,348.45,829.73,350.75
828.49,348.66,829.73,350.75
829.03,348.45,828.49,348.66
829.59,350.99,829.73,350.75
829.55,351.37,829.59,350.99
811.54,355.25,815.50,355.40
828.08,350.09,829.55,351.37
811.75,355.44,811.49,355.68
828.17,349.22,828.08,350.09
829.62,351.83,829.55,351.37
828.08,350.09,829.62,351.83
809.54,332.02,809.59,332.36
785.66,434.86,786.46,434.58
829.91,347.19,828.49,348.66
828.25,351.17,829.62,351.83
828.08,350.09,828.25,351.17
828.25,351.17,829.80,352.35
823.33,389.58,822.30,387.95
795.78,384.16,796.38,383.99
828.66,352.37,829.80,352.35
828.25,351.17,828.66,352.37
801.93,358.06,802.65,357.87
830.05,352.86,829.80,352.35
828.66,352.37,830.05,352.86
829.26,353.56,830.05,352.86
828.66,352.37,829.26,353.56
801.93,358.21,802.66,358.00
830.37,353.33,830.05,352.86
829.26,353.56,830.37,353.33
829.99,354.64,830.37,353.33
829.26,353.56,829.99,354.64
801.99,358.28,802.71,358.06
830.72,353.69,830.37,353.33
829.99,354.64,830.79,355.49
803.02,353.31,803.61,353.71
755.04,384.80,754.09,384.89
831.06,353.92,830.72,353.69
830.79,355.49,831.59,356.03
788.83,401.31,788.79,401.09
788.83,401.31,781.56,401.09
805.31,353.10,805.12,353.23
777.82,398.24,777.11,398.02
788.81,400.73,788.79,401.09
788.86,398.81,788.77,400.75
789.04,396.95,788.82,398.91
789.34,395.19,788.99,397.13
781.59,395.19,782.04,395.43
804.27,356.03,804.64,354.46
789.76,393.56,789.28,395.43
798.82,359.15,799.30,358.35
787.05,389.54,787.15,389.46
782.00,393.56,782.44,393.88
790.29,392.12,789.69,393.88
801.29,397.92,800.98,395.86
790.79,391.32,790.19,392.49
790.91,390.88,790.19,392.49
763.91,360.00,766.23,361.92
808.90,353.04,812.06,353.04
781.54,400.75,781.56,401.09
801.60,400.00,801.65,399.94
790.91,390.88,790.29,392.12
761.71,364.25,765.26,366.30
783.82,389.90,783.13,390.88
801.97,372.41,808.78,372.63
791.62,389.90,790.79,391.32
792.39,389.19,791.47,390.37
813.02,387.95,813.02,386.52
795.74,389.31,794.61,389.35
796.54,390.09,795.41,389.82
788.64,390.09,788.80,390.57
800.63,413.22,800.26,412.48
797.28,391.15,796.17,390.57
789.37,391.15,789.50,391.58
797.95,392.46,796.88,391.58
797.28,391.15,796.88,391.58
790.02,392.46,790.12,392.83
802.54,411.92,802.61,411.95
798.53,393.99,797.52,392.83
797.95,392.46,797.52,392.83
802.49,394.65,801.39,394.16
790.73,394.56,790.66,394.30
790.58,393.99,790.70,394.44
798.07,394.30,798.14,394.56
776.56,351.84,777.67,350.64
794.05,388.64,792.99,389.29
798.53,393.99,798.07,394.30
821.14,379.77,832.88,380.35
798.65,394.44,798.53,393.99
799.47,418.90,799.42,419.34
790.70,394.44,790.73,394.56
722.14,349.46,725.67,349.59
805.48,330.65,806.39,329.92
798.14,394.56,790.73,394.56
832.33,419.53,830.49,420.22
790.70,394.44,798.14,394.56
794.90,388.82,793.80,389.17
798.65,394.44,798.14,394.56
790.70,394.44,798.65,394.44
778.25,366.57,777.82,366.31
780.04,401.76,781.06,400.73
789.91,401.76,788.83,401.31
817.91,335.13,817.57,334.94
781.09,401.31,788.83,401.31
789.91,401.76,781.09,401.31
762.74,379.39,762.78,379.76
780.04,401.76,781.09,401.31
788.81,400.73,788.83,401.31
789.91,401.76,788.83,401.31
780.00,400.73,781.11,398.81
781.29,396.95,781.11,398.81
821.74,340.15,822.28,341.50
799.39,358.57,806.29,358.55
780.05,398.81,781.29,396.95
824.44,406.50,824.60,406.42
790.10,396.95,788.86,398.81
792.32,340.97,791.58,346.23
789.92,398.81,788.86,398.81
781.59,395.19,781.29,396.95
790.40,395.19,789.04,396.95
810.85,391.89,811.12,392.09
780.52,395.19,781.59,395.19
796.39,379.59,796.26,379.28
778.70,352.33,779.04,352.68
780.93,393.56,782.52,392.12
775.19,371.86,775.55,372.30
793.89,379.23,793.71,379.22
804.86,333.76,804.40,333.95
781.45,392.12,782.52,392.12
783.13,390.88,782.52,392.12
783.82,389.90,783.13,390.88
792.39,389.19,791.62,389.90
783.50,389.19,784.58,389.19
786.20,388.64,785.38,388.76
833.79,404.43,825.71,402.45
787.04,388.82,786.20,388.64
826.45,394.29,826.44,394.26
785.95,388.82,787.04,388.82
753.36,382.11,752.81,382.26
785.95,388.82,787.85,389.31
795.74,389.31,794.90,388.82
776.30,399.42,776.59,400.74
799.02,353.33,799.02,356.10
795.99,388.82,794.90,388.82
753.02,381.94,752.81,382.26
786.77,389.31,787.85,389.31
796.82,389.31,795.74,389.31
789.37,391.15,788.64,390.09
787.55,390.09,789.37,391.15
797.62,390.09,796.54,390.09
788.28,391.15,789.37,391.15
790.02,392.46,789.37,391.15
788.28,391.15,790.02,392.46
797.95,392.46,797.28,391.15
788.93,392.46,790.02,392.46
790.58,393.99,790.02,392.46
783.78,324.14,783.94,324.09
788.93,392.46,790.58,393.99
790.70,394.44,790.58,393.99
788.79,355.96,797.58,355.85
800.21,362.82,803.36,362.82
789.49,393.99,790.70,394.44
789.74,394.91,790.70,394.44
798.65,394.44,798.53,393.99
799.87,394.91,798.53,393.99
719.93,364.15,721.36,364.88
780.30,310.51,780.30,319.47
789.74,394.91,790.70,394.44
798.65,394.44,790.70,394.44
723.67,363.06,724.83,364.21
799.87,394.91,798.65,394.44
802.05,422.04,802.00,422.48
790.89,405.95,790.74,405.02
800.95,405.02,790.74,405.02
790.89,405.95,800.95,405.02
798.01,405.95,800.95,405.02
790.89,405.95,798.01,405.95
801.46,421.51,801.62,421.25
803.53,406.21,799.81,406.78
803.22,405.53,799.59,406.31
803.53,406.21,803.22,405.53
827.41,402.35,827.70,402.07
801.65,422.71,801.48,422.41
803.22,405.53,799.59,406.31
803.22,405.53,798.97,406.04
802.33,405.15,798.97,406.04
789.39,345.90,791.83,346.84
803.22,405.53,802.33,405.15
829.39,400.99,829.17,402.31
826.80,355.71,827.09,355.79
803.91,420.32,803.98,420.78
797.77,409.97,795.82,409.41
799.81,406.78,795.82,409.41
795.82,409.41,794.20,409.87
797.77,409.97,795.82,409.41
795.46,410.62,797.77,409.97
802.33,405.15,798.97,406.04
802.33,405.15,798.01,405.95
800.95,405.02,798.01,405.95
802.33,405.15,800.95,405.02
802.62,440.17,802.79,440.48
793.46,410.98,792.80,410.12
793.46,410.98,794.20,409.87
795.46,410.62,794.20,409.87
793.46,410.98,795.46,410.62
802.79,440.88,802.21,440.83
791.74,411.10,791.59,410.21
768.96,354.51,771.34,356.96
791.74,411.10,792.80,410.12
793.46,410.98,792.80,410.12
791.74,411.10,793.46,410.98
804.74,440.23,804.58,440.48
781.77,411.10,784.60,410.21
781.77,411.10,791.59,410.21
791.74,411.10,791.59,410.21
781.77,411.10,791.74,411.10
800.90,391.32,801.83,391.69
804.35,438.98,804.55,439.01
802.68,392.69,801.83,391.69
800.90,391.32,799.98,391.61
799.73,366.39,824.92,366.81
796.67,391.20,800.90,391.32
763.66,368.09,767.81,369.81
803.36,394.23,802.68,392.69
778.19,404.85,779.06,404.59
800.96,392.35,803.36,394.23
765.07,369.66,766.71,371.14
798.51,393.99,799.16,392.53
803.80,396.15,803.36,394.23
795.91,393.73,798.51,393.99
803.97,398.26,803.80,396.15
803.08,396.03,803.97,398.26
803.42,402.23,803.84,400.36
802.76,403.69,803.42,402.23
801.93,404.59,802.76,403.69
802.41,404.04,801.93,404.59
800.08,404.45,801.00,404.85
790.27,344.73,790.64,344.90
799.24,403.43,800.08,404.45
796.00,338.00,799.12,337.82
796.10,397.90,798.11,395.84
797.56,402.13,798.58,401.89
806.55,358.04,806.48,358.40
797.56,402.13,798.14,399.99
792.18,353.45,798.48,353.34
797.98,397.91,798.14,399.99
799.46,339.12,799.83,338.68
796.70,400.11,797.98,397.91
796.47,378.31,796.78,377.97
804.03,434.86,804.10,435.32
799.48,393.83,800.07,394.06
800.91,393.37,800.07,394.06
804.03,435.27,803.86,434.55
798.39,394.58,798.91,394.01
803.52,435.68,803.45,435.22
799.70,394.21,800.27,393.57
799.48,393.83,798.91,394.01
789.72,328.99,789.95,328.56
800.27,393.57,799.48,393.83
779.73,329.82,789.95,328.56
800.91,393.37,799.48,393.83
790.45,329.69,790.90,329.61
802.15,394.33,800.60,394.70
803.69,435.99,804.03,435.27
801.02,395.66,800.60,394.70
802.62,395.40,802.15,394.33
797.99,395.50,798.39,394.58
799.25,395.23,798.39,394.58
779.73,344.74,779.88,345.15
799.25,395.23,799.70,394.21
802.62,395.40,801.02,395.66
801.30,396.87,801.02,395.66
802.93,396.74,802.62,395.40
802.93,396.74,801.30,396.87
803.05,398.21,802.93,396.74
801.32,399.51,801.40,398.20
801.32,399.51,803.05,398.21
802.96,399.67,803.05,398.21
802.96,399.67,801.32,399.51
798.47,358.05,798.63,357.86
801.06,400.69,801.32,399.51
801.06,400.69,802.96,399.67
799.14,357.98,799.31,357.77
802.67,400.97,802.96,399.67
817.23,377.13,809.60,378.82
800.65,401.60,801.06,400.69
800.65,401.60,802.67,400.97
799.23,360.44,799.31,360.52
802.21,401.98,802.67,400.97
802.21,401.98,800.65,401.60
800.13,402.17,802.21,401.98
801.63,402.61,802.21,401.98
799.55,402.34,800.13,402.17
800.99,402.80,801.63,402.61
800.99,402.80,799.55,402.34
798.97,402.09,799.55,402.34
798.97,402.09,800.99,402.80
800.34,402.52,800.99,402.80
799.29,400.74,799.76,401.81
797.65,397.97,797.73,396.67
799.29,400.74,798.02,400.49
809.74,360.95,808.80,365.40
797.75,399.29,799.29,400.74
798.99,399.42,799.29,400.74
800.23,427.14,800.39,426.89
798.99,399.42,797.75,399.29
797.65,397.97,797.75,399.29
798.99,399.42,797.65,397.97
798.88,397.96,797.65,397.97
798.99,399.42,798.88,397.96
800.42,428.34,800.25,428.04
801.00,391.43,801.02,393.27
801.68,393.53,801.02,393.27
801.92,391.79,801.68,393.53
801.00,391.43,801.92,391.79
802.28,394.25,801.68,393.53
802.75,392.78,802.28,394.25
801.92,391.79,802.75,392.78
804.38,423.16,802.91,407.59
799.77,394.12,800.36,393.47
825.60,401.75,825.71,401.65
800.10,391.71,800.36,393.47
828.08,366.73,821.60,366.53
799.29,392.62,800.10,391.71
802.16,426.82,802.66,426.40
800.10,391.71,800.36,393.47
801.02,393.27,800.36,393.47
776.96,373.60,781.91,373.20
801.00,391.43,801.02,393.27
800.10,391.71,801.00,391.43
802.75,392.78,802.28,394.25
798.82,359.15,799.00,360.44
799.31,395.16,799.77,394.12
798.65,394.05,799.77,394.12
799.29,392.62,799.77,394.12
803.42,394.29,802.77,395.34
799.31,395.16,799.03,396.48
798.65,394.05,799.31,395.16
798.26,395.88,798.65,394.05
798.88,397.96,798.97,396.52
803.86,396.18,803.08,396.71
804.03,398.26,803.86,396.18
803.11,399.70,803.20,398.21
803.90,400.32,803.11,399.70
804.03,398.26,803.90,400.32
803.90,400.32,802.81,401.03
803.49,402.16,802.81,401.03
803.90,400.32,803.49,402.16
802.34,402.07,802.81,401.03
803.49,402.16,802.34,402.07
802.84,403.60,802.34,402.07
814.23,372.92,802.69,370.30
803.49,402.16,802.84,403.60
801.75,402.71,802.34,402.07
802.02,404.49,801.75,402.71
802.84,403.60,802.02,404.49
802.02,404.49,801.75,402.71
801.09,402.90,802.02,404.49
784.30,412.64,784.14,412.34
801.11,404.74,802.02,404.49
784.30,412.64,784.17,411.92
801.11,404.74,801.09,402.90
793.16,381.59,790.05,385.73
800.43,402.62,801.09,402.90
801.11,404.74,800.43,402.62
793.46,389.79,794.31,390.42
798.65,394.05,799.29,392.62
800.20,404.35,800.43,402.62
799.83,401.89,800.20,404.35
780.08,414.50,780.05,414.03
803.08,396.71,803.42,394.29
799.36,400.80,799.83,401.89
799.37,403.34,799.36,400.80
798.71,401.83,799.36,400.80
799.37,403.34,798.71,401.83
795.00,356.49,794.20,357.45
798.26,395.88,799.03,396.48
799.05,399.44,798.71,401.83
798.29,399.96,798.71,401.83
783.30,417.64,783.23,418.08
798.29,399.96,799.05,399.44
798.93,397.96,799.05,399.44
798.13,397.91,798.93,397.96
821.03,353.99,813.52,355.37
801.68,393.53,801.02,393.27
800.27,393.57,800.91,393.37
799.70,394.21,800.27,393.57
800.36,393.47,800.27,393.57
799.77,394.12,800.36,393.47
802.62,395.40,802.15,394.33
828.08,366.73,821.53,366.62
799.29,392.62,800.36,393.47
799.77,394.12,799.70,394.21
803.08,396.71,802.62,395.40
802.93,396.74,802.62,395.40
802.93,396.74,803.08,396.71
803.20,398.21,802.93,396.74
802.67,400.97,802.96,399.67
802.34,402.07,802.67,400.97
802.21,401.98,802.34,402.07
801.75,402.71,802.21,401.98
801.63,402.61,802.21,401.98
801.63,402.61,801.75,402.71
798.93,397.96,799.03,396.48
791.70,328.41,791.85,333.12
801.09,402.90,801.63,402.61
800.43,402.62,800.99,402.80
800.34,402.52,800.43,402.62
799.76,401.81,800.34,402.52
794.90,381.09,796.21,381.91
799.76,401.81,799.83,401.89
799.29,400.74,799.76,401.81
799.03,396.48,798.97,396.52
798.97,396.52,799.25,395.23
783.31,421.99,783.22,421.95
798.93,397.96,799.03,396.48
783.31,421.99,783.28,422.41
798.93,397.96,799.05,399.44
798.88,397.96,798.99,399.42
798.93,397.96,798.88,397.96
800.10,391.71,800.90,391.32
793.35,362.82,793.48,360.86
801.92,391.79,801.00,391.43
801.83,391.69,801.00,391.43
793.01,362.82,793.15,360.77
801.83,391.69,800.90,391.32
802.68,392.69,801.83,391.69
769.65,380.33,770.63,380.33
801.92,391.79,801.83,391.69
802.75,392.78,801.92,391.79
799.29,392.62,800.10,391.71
799.98,391.61,800.10,391.71
794.08,371.30,795.44,368.37
799.16,392.53,799.98,391.61
785.38,420.73,785.29,420.70
803.36,394.23,802.68,392.69
827.02,364.80,827.02,367.31
785.52,421.46,785.35,421.16
803.42,394.29,802.75,392.78
770.25,382.40,771.24,382.40
803.80,396.15,803.36,394.23
770.25,382.40,770.99,382.08
803.80,396.15,803.42,394.29
803.86,396.18,803.42,394.29
803.97,398.26,803.80,396.15
803.86,396.18,803.80,396.15
804.03,398.26,803.86,396.18
770.52,382.53,771.24,382.40
803.42,402.23,803.90,400.32
772.56,352.83,771.70,354.33
802.76,403.69,803.49,402.16
802.02,404.49,802.84,403.60
801.11,404.74,802.02,404.49
798.97,396.52,797.99,395.50
800.08,404.45,801.11,404.74
799.24,403.43,800.08,404.45
770.25,378.33,771.24,378.33
800.20,404.35,800.08,404.45
794.09,377.77,794.29,378.68
798.26,395.88,798.65,394.05
798.51,393.99,798.65,394.05
824.65,350.78,823.15,349.24
799.37,403.34,799.24,403.43
799.98,391.61,800.90,391.32
798.58,401.89,799.37,403.34
798.71,401.83,799.37,403.34
770.52,378.24,771.51,378.24
798.71,401.83,798.58,401.89
798.14,399.99,798.71,401.83
798.29,399.96,798.71,401.83
797.98,397.91,798.14,399.99
798.29,399.96,798.14,399.99
798.13,397.91,798.29,399.96
798.11,395.84,798.26,395.88
770.79,378.36,771.78,378.36
798.13,397.91,797.98,397.91
799.33,391.26,797.89,390.89
778.49,372.14,778.42,371.73
796.28,391.02,795.84,392.14
796.06,392.18,796.46,391.16
795.84,392.14,796.46,391.16
783.06,436.45,783.03,436.86
797.69,390.84,796.67,391.20
797.89,390.89,796.67,391.20
797.69,390.84,797.89,390.89
791.99,341.26,791.94,341.15
797.54,390.70,796.46,391.16
797.69,390.84,796.46,391.16
771.03,378.68,772.02,378.68
799.33,391.26,799.45,391.29
800.96,392.35,799.45,391.29
797.09,389.53,779.68,389.53
800.65,392.21,799.33,391.26
805.49,340.59,805.44,340.48
795.64,392.03,795.84,392.14
795.91,393.73,796.06,392.18
802.06,393.96,800.96,392.35
800.65,392.21,800.77,392.31
802.06,393.96,800.77,392.31
795.69,393.71,795.91,393.73
790.12,344.31,795.46,338.90
795.62,395.72,795.69,393.71
785.27,435.99,785.13,435.27
802.90,396.01,802.24,393.98
779.87,411.68,783.45,444.58
789.11,341.38,789.40,341.39
802.83,395.98,802.90,396.01
782.98,431.62,783.05,432.08
803.24,400.54,803.44,398.27
782.61,431.29,782.82,431.32
802.88,402.55,803.41,400.51
781.01,419.60,781.68,420.12
812.49,372.76,813.02,372.77
803.25,400.61,803.24,400.54
802.88,402.68,803.24,400.54
829.24,339.41,829.18,339.29
820.38,331.61,820.24,331.26
802.21,404.29,802.88,402.55
782.46,432.03,782.43,432.44
801.35,405.09,802.41,404.04
800.34,405.37,801.55,405.00
799.29,404.93,799.51,404.85
798.55,403.76,799.51,404.85
782.34,382.16,782.22,381.75
798.28,404.11,799.29,404.93
798.34,403.87,799.29,404.93
798.51,393.99,799.16,392.53
795.42,395.79,795.62,395.72
822.21,359.54,822.83,360.96
795.42,395.79,795.87,397.91
774.69,343.18,773.98,342.34
795.62,395.72,795.85,395.70
795.87,397.91,795.62,395.72
797.34,402.17,798.55,403.76
766.50,358.10,766.35,360.00
798.28,404.11,798.34,403.87
795.66,397.94,796.48,400.13
784.66,431.54,784.52,430.83
796.70,400.11,796.10,397.90
795.87,397.91,796.10,397.90
796.48,400.13,795.87,397.91
797.34,402.17,797.56,402.13
775.86,349.67,729.01,351.02
827.63,339.87,827.79,339.86
798.92,397.00,800.11,397.34
796.27,400.19,796.48,400.13
809.19,365.49,803.14,365.41
795.64,392.03,795.99,390.58
799.19,405.13,800.26,405.58
800.93,340.80,801.08,340.81
784.30,388.76,786.20,388.64
801.29,405.31,799.19,405.13
772.28,366.46,772.02,368.81
800.00,391.16,800.81,391.72
799.41,391.20,797.54,390.70
785.67,342.73,785.43,343.04
753.49,384.21,752.17,384.83
800.65,392.21,801.73,393.08
826.30,394.48,826.29,395.45
802.82,342.73,802.57,343.04
802.49,394.65,801.98,393.91
795.20,380.73,794.38,380.73
795.47,393.66,793.87,394.71
796.27,400.19,795.66,397.94
796.27,400.19,794.28,398.22
794.31,390.42,795.17,389.81
770.06,382.45,772.80,385.75
828.19,366.64,828.08,366.73
794.81,389.00,796.17,389.10
794.81,389.00,795.17,389.81
800.00,391.16,799.75,390.59
794.36,379.67,794.29,380.66
797.51,389.51,795.99,390.58
804.37,355.23,806.19,355.16
797.51,389.51,796.17,389.10
795.99,390.58,796.17,389.10
795.17,389.81,796.17,389.10
795.99,390.58,795.17,389.81
825.22,391.54,828.26,387.54
798.80,390.20,798.59,389.72
796.82,388.90,796.06,388.85
780.08,414.50,779.99,414.47
794.29,388.76,795.13,388.64
822.75,381.27,822.94,380.51
798.26,395.88,799.03,396.48
780.05,414.92,779.99,414.47
794.57,388.79,795.13,388.64
798.94,390.22,799.75,390.59
783.92,426.40,784.44,425.99
793.51,390.67,794.31,390.42
794.77,391.44,793.51,390.67
808.92,341.71,817.42,341.71
768.89,363.24,768.81,363.20
793.46,389.79,793.51,390.67
798.59,389.72,797.35,389.14
795.70,388.69,795.13,388.64
796.82,389.31,797.62,390.09
797.91,389.42,797.62,390.09
818.74,359.56,819.30,360.96
798.37,391.15,797.62,390.09
798.94,390.22,797.62,390.09
818.74,359.56,819.16,360.97
798.37,391.15,798.94,390.22
774.35,379.25,774.28,380.07
799.87,391.30,798.94,390.22
795.25,392.70,793.71,393.16
774.43,379.22,774.36,380.06
793.59,391.80,793.51,390.67
793.06,389.87,792.70,390.83
792.69,389.90,792.70,390.83
792.69,389.90,791.98,390.88
796.82,389.31,796.82,388.90
812.65,359.55,813.24,360.94
800.70,392.62,799.87,391.30
804.95,404.50,803.22,405.53
786.73,424.02,787.34,423.17
804.95,404.50,804.61,403.71
792.41,392.04,793.71,393.16
802.49,394.65,801.68,395.08
804.95,404.50,803.53,406.21
795.99,388.82,795.70,388.69
792.19,393.46,793.87,394.71
802.80,395.58,801.68,395.08
802.33,405.15,803.44,403.20
809.72,359.57,810.25,360.94
795.46,410.62,797.77,409.97
790.83,393.56,792.19,393.46
799.46,337.97,796.50,338.14
800.26,405.58,801.35,405.09
790.40,395.19,790.83,393.56
800.19,332.44,799.92,332.13
799.87,394.91,801.68,395.08
799.38,329.08,799.15,329.93
790.40,395.19,792.04,395.06
793.44,409.81,796.06,409.33
810.89,338.90,810.57,338.89
792.16,401.60,796.06,409.33
805.48,330.65,805.19,328.65
794.67,401.12,796.06,409.33
793.46,410.98,793.44,409.81
768.27,377.92,768.21,378.25
761.99,353.76,761.33,355.78
791.74,411.10,793.46,410.98
794.53,400.10,794.28,398.22
789.66,330.67,799.15,333.99
792.41,392.04,791.98,390.88
791.98,398.66,791.97,396.81
826.04,399.43,827.11,400.32
790.10,396.95,791.97,396.81
793.44,409.81,791.09,409.98
789.87,400.73,789.92,398.81
789.87,400.73,792.07,400.57
789.91,401.76,789.87,400.73
789.01,358.80,789.04,358.82
792.16,401.60,789.91,401.76
816.71,391.01,810.34,391.01
780.77,409.98,791.74,411.10
791.09,409.98,791.74,411.10
757.58,383.88,758.78,382.73
780.77,409.98,791.09,409.98
810.77,387.13,804.43,387.35
804.89,421.92,793.78,421.92
780.77,409.98,791.09,409.98
778.42,348.27,780.25,348.42
780.04,401.76,791.09,409.98
789.91,401.76,791.09,409.98
780.04,401.76,789.91,401.76
797.91,389.42,797.35,389.14
781.54,400.75,781.56,401.09
767.48,360.00,767.79,358.11
796.82,388.90,797.35,389.14
788.79,401.09,781.56,401.09
766.35,360.00,767.48,360.00
797.91,389.42,798.59,389.72
781.54,400.75,788.79,401.09
788.77,400.75,788.79,401.09
795.46,410.62,798.72,408.58
781.59,398.91,781.54,400.75
788.77,400.75,781.54,400.75
781.59,398.91,788.77,400.75
799.19,319.82,793.75,320.39
799.87,391.30,800.81,391.72
781.76,397.13,781.59,398.91
788.82,398.91,781.59,398.91
781.76,397.13,788.82,398.91
792.04,395.06,790.83,393.56
788.99,397.13,788.82,398.91
782.04,395.43,781.76,397.13
808.61,383.17,809.04,383.42
788.99,397.13,781.76,397.13
789.28,395.43,788.99,397.13
782.44,393.88,782.04,395.43
793.46,410.98,796.06,409.33
789.69,393.88,789.28,395.43
824.29,386.77,817.28,386.31
782.34,395.98,782.13,396.01
794.28,398.22,794.06,396.41
782.94,392.49,782.44,393.88
825.78,400.67,825.77,400.68
771.40,359.15,771.95,359.15
789.69,393.88,782.44,393.88
782.94,392.49,789.69,393.88
791.97,396.81,792.04,395.06
790.19,392.49,789.69,393.88
790.10,396.95,790.40,395.19
783.52,391.32,782.94,392.49
783.52,391.32,790.19,392.49
790.79,391.32,790.19,392.49
785.68,389.29,784.91,389.69
803.44,403.20,804.61,403.71
824.23,373.13,821.96,373.05
785.68,389.29,792.21,389.69
802.33,405.15,804.61,403.71
789.91,401.76,791.09,409.98
820.22,373.13,821.96,373.05
792.99,389.29,792.21,389.69
799.62,393.99,799.04,392.46
781.34,410.62,781.92,410.98
792.16,401.60,793.44,409.81
786.47,389.17,785.68,389.29
789.91,401.76,793.44,409.81
792.99,389.29,785.68,389.29
797.77,409.97,803.53,406.21
787.27,389.35,786.47,389.17
798.72,408.58,804.95,404.50
794.61,389.35,793.80,389.17
793.87,394.71,793.71,393.16
782.37,320.03,782.08,319.76
788.05,389.82,787.27,389.35
794.61,389.35,787.27,389.35
788.05,389.82,794.61,389.35
792.19,393.46,792.41,392.04
795.41,389.82,794.61,389.35
790.83,393.56,791.36,392.12
800.12,359.59,800.03,360.00
788.80,390.57,788.05,389.82
779.17,350.29,779.28,350.96
792.19,393.46,791.36,392.12
795.41,389.82,788.05,389.82
788.80,390.57,795.41,389.82
803.44,403.20,804.61,403.71
786.93,354.68,790.49,355.59
796.17,390.57,795.41,389.82
788.27,356.51,788.31,356.59
789.50,391.58,788.80,390.57
796.17,390.57,788.80,390.57
789.50,391.58,796.17,390.57
796.88,391.58,796.17,390.57
790.12,392.83,789.50,391.58
796.88,391.58,789.50,391.58
798.07,394.30,790.66,394.30
790.73,394.56,798.07,394.30
798.14,394.56,798.07,394.30
790.73,394.56,798.14,394.56
806.41,386.94,788.58,386.94
790.94,403.03,799.87,394.91
790.94,403.03,801.55,403.03
784.69,412.40,785.48,412.74
790.74,405.02,800.95,405.02
786.62,406.78,788.24,406.31
789.66,406.04,788.98,405.15
788.24,406.31,789.66,406.04
779.14,409.97,782.76,409.41
782.76,409.41,779.14,409.97
790.89,405.95,790.74,405.02
767.40,380.50,767.49,380.76
798.82,359.15,799.17,360.25
758.92,356.68,758.52,358.32
788.98,405.15,790.89,405.95
834.02,377.83,822.50,379.45
758.56,356.54,758.52,358.32
789.66,406.04,790.89,405.95
788.98,405.15,789.66,406.04
758.05,353.87,757.24,355.83
783.01,409.87,779.50,410.62
780.42,410.98,783.01,409.87
759.23,354.92,758.56,356.54
783.64,410.12,783.01,409.87
800.70,392.62,800.81,391.72
780.42,410.98,783.64,410.12
783.64,410.12,780.42,410.98
781.77,411.10,784.60,410.21
826.20,401.44,826.20,397.47
778.10,391.32,778.97,391.69
776.46,392.53,777.23,391.61
826.14,401.46,826.14,397.46
777.23,391.61,778.10,391.32
781.70,392.35,779.77,392.69
781.82,393.98,780.83,396.15
781.88,398.27,780.98,398.26
780.47,402.23,780.86,400.36
779.21,395.02,778.58,396.30
817.97,373.05,821.96,373.05
781.64,400.51,780.86,400.36
811.95,354.25,811.41,355.70
781.14,402.49,779.85,403.69
779.06,404.59,779.85,403.69
801.73,393.08,801.98,393.91
777.32,404.45,778.19,404.85
771.01,381.97,770.44,381.25
776.54,403.43,777.32,404.45
777.02,403.76,776.54,403.43
775.50,399.99,775.91,401.89
776.87,397.90,775.35,397.91
831.59,419.40,831.45,419.54
776.59,400.11,775.35,397.91
775.50,399.99,775.35,397.91
776.59,400.11,775.50,399.99
801.91,341.12,802.28,342.40
780.60,394.70,780.10,394.06
799.21,358.43,806.48,358.40
776.97,394.21,777.51,393.57
776.97,394.21,779.00,394.01
778.51,394.58,779.00,394.01
779.00,394.01,779.55,393.83
777.51,393.57,779.00,394.01
800.06,365.91,831.21,364.91
779.72,395.40,779.28,394.33
779.28,394.33,780.60,394.70
800.22,358.30,799.14,355.79
776.55,395.23,776.97,394.21
779.72,395.40,781.01,395.66
791.53,347.55,791.55,347.73
778.13,395.50,776.55,395.23
781.37,398.20,780.01,396.74
780.01,396.74,781.27,396.87
780.03,399.67,780.12,398.21
780.12,398.21,781.37,398.20
780.03,399.67,781.29,399.51
779.33,401.98,779.76,400.97
784.39,320.42,785.39,323.81
780.65,401.60,779.76,400.97
824.97,380.57,824.77,381.39
779.76,400.97,781.04,400.69
778.79,402.61,779.33,401.98
778.18,402.80,778.79,402.61
778.13,395.50,778.51,394.58
801.98,393.91,802.06,393.96
826.11,339.56,833.86,339.56
779.61,402.34,778.79,402.61
778.79,402.61,780.16,402.17
801.44,372.16,799.54,372.10
777.57,402.52,778.18,402.80
827.95,397.10,828.09,397.26
778.18,402.80,779.61,402.34
777.02,401.81,777.57,402.52
800.47,354.99,800.29,355.17
778.56,401.45,777.57,402.52
777.57,402.52,779.06,402.09
776.59,400.74,777.02,401.81
778.16,400.49,777.02,401.81
830.88,339.71,829.21,339.80
778.16,400.49,778.56,401.45
777.02,401.81,778.56,401.45
776.19,397.96,776.28,396.52
807.86,358.69,806.48,358.40
780.60,394.70,778.72,393.63
727.89,360.00,727.89,354.79
777.89,396.67,776.28,396.52
822.71,339.71,821.07,339.80
798.82,370.43,798.82,362.79
776.30,399.42,776.59,400.74
804.42,348.42,795.53,348.68
776.59,400.74,778.16,400.49
777.99,391.43,778.63,393.53
778.01,393.27,778.63,393.53
777.99,391.43,778.01,393.27
779.20,394.25,779.64,392.78
778.63,393.53,779.20,394.25
820.02,355.33,819.85,355.63
776.38,392.62,777.14,391.71
777.39,393.47,777.14,391.71
828.61,418.75,827.92,418.87
780.50,356.05,733.04,356.57
778.01,393.27,777.99,391.43
781.12,360.00,733.58,360.00
777.14,391.71,778.01,393.27
777.39,393.47,778.01,393.27
770.80,381.59,771.00,382.07
831.44,353.96,831.38,353.96
801.98,393.91,800.77,392.31
781.12,360.00,733.04,363.43
777.14,391.71,777.39,393.47
776.84,394.12,776.38,392.62
780.68,396.18,780.27,394.29
779.95,396.71,779.65,395.34
780.27,394.29,779.65,395.34
776.41,395.16,775.79,394.05
776.13,396.48,776.41,395.16
779.97,399.70,780.71,400.32
780.83,398.26,779.97,399.70
780.83,398.26,780.06,398.21
779.97,399.70,779.69,401.03
780.71,400.32,779.97,399.70
779.25,402.07,779.72,403.60
779.69,401.03,779.25,402.07
780.33,402.16,779.69,401.03
779.72,403.60,778.70,402.71
779.25,402.07,778.70,402.71
797.85,362.85,795.32,360.96
779.72,403.60,779.25,402.07
778.95,404.49,778.70,402.71
777.46,402.62,777.23,404.35
778.08,402.90,777.46,402.62
783.45,444.58,787.81,442.19
778.09,404.74,778.08,402.90
779.95,396.71,780.27,394.29
776.45,400.80,775.84,401.83
776.46,403.34,776.45,400.80
776.46,403.34,776.90,401.89
776.13,396.48,775.41,395.88
775.84,401.83,776.45,400.80
775.44,399.96,776.05,397.96
776.16,399.44,776.05,397.96
775.44,399.96,776.16,399.44
778.63,393.53,778.01,393.27
778.72,393.63,778.11,393.37
778.01,393.27,778.11,393.37
777.51,393.57,778.11,393.37
778.63,393.53,778.72,393.63
779.20,394.25,779.28,394.33
823.67,341.44,823.33,341.44
782.51,307.27,782.86,307.04
776.41,395.16,776.84,394.12
776.97,394.21,776.84,394.12
776.55,395.23,776.97,394.21
779.65,395.34,779.72,395.40
780.06,398.21,779.95,396.71
780.06,398.21,780.12,398.21
779.97,399.70,780.06,398.21
779.97,399.70,780.03,399.67
779.69,401.03,779.76,400.97
778.79,402.61,779.33,401.98
778.70,402.71,779.25,402.07
778.70,402.71,778.79,402.61
823.55,378.60,824.83,376.71
778.08,402.90,778.18,402.80
777.46,402.62,777.57,402.52
776.55,395.23,776.41,395.16
795.13,388.64,794.05,388.64
776.90,401.89,777.02,401.81
776.45,400.80,776.90,401.89
771.40,359.15,771.85,359.95
776.45,400.80,776.59,400.74
776.19,397.96,776.13,396.48
776.28,396.52,776.13,396.48
832.08,339.24,830.63,339.21
776.10,355.32,774.68,355.21
776.97,394.21,777.39,393.47
776.19,397.96,776.28,396.52
776.30,399.42,776.19,397.96
776.05,397.96,776.30,399.42
779.65,395.34,779.28,394.33
787.96,341.35,794.93,341.35
776.16,399.44,776.30,399.42
776.05,397.96,776.16,399.44
777.99,391.43,778.10,391.32
778.97,391.69,777.99,391.43
778.85,391.79,777.99,391.43
778.97,391.69,778.85,391.79
777.14,391.71,777.23,391.61
779.77,392.69,779.64,392.78
776.38,392.62,776.46,392.53
780.41,394.23,780.27,394.29
780.98,398.26,780.83,396.15
821.88,329.08,822.11,329.93
780.98,398.26,780.83,398.26
798.82,359.15,798.47,358.05
780.86,400.36,780.98,398.26
798.82,359.15,798.25,358.73
780.86,400.36,780.71,400.32
779.72,403.60,780.33,402.16
770.84,359.15,770.87,358.73
779.85,403.69,779.72,403.60
779.06,404.59,778.95,404.49
776.16,399.44,776.45,400.80
778.19,404.85,778.09,404.74
777.32,404.45,778.19,404.85
777.32,404.45,777.23,404.35
775.47,395.84,775.85,393.99
834.09,373.69,823.83,373.23
775.41,395.88,775.85,393.99
775.79,394.05,775.85,393.99
775.84,401.83,776.46,403.34
776.54,403.43,776.46,403.34
775.91,401.89,775.84,401.83
775.29,397.91,775.44,399.96
775.50,399.99,775.44,399.96
775.47,395.84,775.35,397.91
775.29,397.91,775.47,395.84
818.58,332.04,818.48,331.84
781.89,391.20,781.30,390.84
781.70,391.26,781.09,390.89
799.41,368.71,797.76,363.20
779.34,392.18,780.42,391.20
780.62,391.16,780.42,391.20
781.46,390.70,781.30,390.84
780.62,391.16,781.30,390.84
781.46,390.70,780.62,391.16
781.70,391.26,781.46,391.29
769.89,379.10,773.51,379.30
782.12,392.21,781.70,391.26
779.64,392.03,778.35,393.71
799.67,340.86,798.46,340.83
782.05,393.96,781.70,392.35
829.05,402.70,828.89,402.59
777.01,347.19,776.13,348.07
781.92,392.31,781.70,392.35
805.29,330.39,805.29,333.31
778.48,393.66,777.57,395.72
778.48,393.66,778.35,393.71
778.16,393.73,778.35,393.71
782.05,393.96,781.82,393.98
782.34,395.98,782.05,393.96
805.20,349.68,805.93,350.45
782.13,398.28,782.13,396.01
787.15,389.46,804.91,389.46
782.30,398.28,782.13,396.01
781.64,400.51,781.88,398.27
782.13,398.28,781.88,398.27
782.30,398.28,782.13,398.28
781.88,400.54,781.64,400.51
781.37,402.55,781.88,400.54
804.09,360.92,804.05,360.91
781.52,402.68,781.88,400.54
782.05,400.61,781.88,400.54
780.42,404.04,781.14,402.49
780.65,404.12,781.37,402.55
780.65,404.12,780.42,404.04
779.78,405.09,780.65,404.12
778.87,405.37,779.78,405.09
777.79,404.85,778.66,405.28
778.87,405.37,778.66,405.28
777.98,404.93,778.87,405.37
794.06,396.41,795.42,395.79
755.55,377.47,755.58,377.98
777.98,404.93,777.79,404.85
777.33,404.11,777.98,404.93
777.38,395.70,777.57,395.72
776.82,402.17,777.02,403.76
777.24,403.87,777.02,403.76
776.82,402.17,777.24,403.87
776.91,402.27,777.24,403.87
777.33,404.11,777.24,403.87
776.59,400.11,777.05,397.91
776.87,397.90,777.05,397.91
781.92,392.31,781.46,391.29
808.31,340.45,815.72,340.45
776.59,400.11,776.87,397.90
829.35,355.53,828.60,359.55
776.82,402.17,776.63,402.13
776.86,400.19,776.82,402.17
779.64,392.03,780.76,391.02
777.30,408.58,777.72,409.33
784.88,395.58,788.53,403.20
779.87,405.31,778.03,405.13
779.87,405.31,778.94,405.58
781.89,391.20,781.46,390.70
782.12,392.21,782.26,393.91
772.56,352.83,771.70,354.33
782.12,392.21,784.48,393.08
831.48,418.67,831.56,418.52
782.53,389.51,780.76,391.02
779.89,396.24,778.93,397.44
782.34,395.98,782.26,393.91
778.48,393.66,779.16,393.16
782.32,390.20,782.53,389.51
777.79,396.41,777.65,395.79
777.14,397.94,777.65,395.79
794.99,382.38,794.26,383.18
795.76,379.16,796.29,379.81
782.65,389.34,781.83,389.81
783.60,388.85,782.80,389.10
781.06,390.58,782.80,389.10
782.28,389.79,781.00,390.42
782.32,390.20,783.86,389.72
783.86,389.72,784.04,390.59
829.43,371.99,829.46,373.29
785.89,390.22,783.86,389.72
779.90,391.44,781.00,390.42
782.28,389.79,781.13,390.67
785.95,388.82,785.12,388.64
785.39,389.42,787.55,390.09
788.28,391.15,785.89,390.22
787.55,390.09,785.89,390.22
778.92,392.70,779.16,393.16
781.49,390.83,780.08,391.80
798.74,414.50,798.57,413.79
782.75,389.90,782.06,390.88
782.46,389.87,781.49,390.83
786.77,389.31,785.39,389.42
792.41,332.46,791.80,333.87
794.28,398.22,795.66,397.94
786.77,389.31,784.89,388.90
785.95,388.82,784.89,388.90
742.85,382.21,743.18,382.49
784.74,394.65,784.48,393.08
779.16,393.16,780.08,391.80
780.62,392.04,782.06,390.88
788.98,405.15,785.86,403.71
792.32,302.38,792.20,302.17
803.48,332.54,802.98,332.54
788.98,405.15,786.94,405.53
787.24,394.16,786.82,392.62
770.73,381.60,770.08,381.23
777.57,395.72,778.35,393.71
793.56,366.73,793.48,364.79
789.49,393.99,788.93,392.46
795.32,364.70,793.35,362.82
827.28,373.21,830.75,373.35
779.14,409.97,784.62,406.21
783.19,404.50,785.86,403.71
787.16,303.90,787.21,303.74
804.40,343.32,806.64,343.22
802.98,330.75,802.67,330.59
779.85,393.46,779.16,393.16
781.00,390.42,781.83,389.81
772.50,350.15,771.18,351.44
780.62,392.04,781.45,392.12
790.94,403.03,790.74,405.02
788.53,403.20,788.98,405.15
787.43,395.08,787.24,394.16
789.74,394.91,789.49,393.99
829.43,371.99,826.75,371.91
786.77,389.31,787.55,390.09
803.24,366.23,803.42,365.41
779.85,393.46,780.93,393.56
790.94,403.03,789.74,394.91
787.43,395.08,790.94,403.03
787.43,395.08,788.53,403.20
779.50,410.62,777.72,409.33
784.62,406.21,786.94,405.53
782.50,305.26,782.85,304.77
780.77,409.98,781.77,411.10
810.02,355.74,809.21,359.59
780.42,410.98,778.92,409.81
778.42,398.66,777.37,398.22
826.99,373.20,827.02,371.90
778.42,398.66,780.22,396.95
777.12,401.12,778.26,400.57
780.00,400.73,780.05,398.81
778.26,400.57,780.00,400.73
778.11,395.72,777.97,395.86
778.11,395.72,778.01,395.89
754.07,382.35,754.55,382.45
778.75,400.19,778.56,400.00
790.83,393.56,789.34,395.19
784.88,395.58,785.86,403.71
778.75,400.19,778.60,400.00
781.49,390.83,781.13,390.67
777.83,395.81,777.99,395.55
778.94,405.58,778.87,405.37
777.97,395.64,777.99,395.55
778.72,371.65,782.34,375.94
777.83,395.81,777.97,395.64
769.26,380.34,769.30,380.96
775.79,394.05,776.46,392.53
792.55,333.08,792.78,333.05
758.31,371.11,759.52,373.10
777.65,395.79,777.57,395.72
778.51,400.58,778.48,400.70
778.71,400.63,778.51,400.58
770.86,379.25,770.67,379.22
778.31,397.94,778.75,400.19
778.31,397.94,778.60,400.00
778.75,400.19,778.60,400.00
828.27,373.11,827.58,373.11
778.47,397.97,778.81,400.36
778.21,400.28,778.39,400.45
830.45,373.20,830.69,373.19
777.92,398.22,778.21,400.28
801.02,355.84,800.24,359.59
778.47,397.97,778.13,395.59
779.63,400.76,778.71,400.63
830.06,402.32,829.80,402.14
806.91,362.97,807.11,362.76
778.79,394.84,777.97,395.86
777.76,395.98,777.92,398.22
789.84,344.14,789.27,344.66
777.76,395.98,777.63,396.17
777.97,395.64,777.83,395.81
778.17,398.19,778.32,398.08
823.90,373.11,826.29,373.19
777.99,395.55,778.23,395.47
778.01,395.89,778.11,395.72
810.11,367.61,811.71,367.64
780.52,395.19,780.93,393.56
777.99,395.55,778.23,395.47
822.77,355.31,824.58,354.06
778.61,399.94,778.56,400.00
778.61,399.94,778.92,400.38
795.01,380.76,794.97,380.74
774.78,350.20,773.70,351.45
778.00,395.42,777.53,396.18
795.01,381.13,794.97,380.74
775.07,350.21,773.70,351.45
777.48,396.24,777.53,396.18
778.48,400.70,779.25,401.20
800.00,355.38,800.07,355.18
778.83,401.32,778.48,400.70
777.97,395.86,778.01,395.89
778.11,395.72,778.13,395.59
778.81,400.36,778.43,397.96
827.28,373.21,830.74,373.21
795.32,364.70,795.19,362.83
779.14,409.97,783.19,404.50
778.81,400.36,778.75,400.19
778.26,397.92,778.31,397.94
778.60,400.00,778.26,397.92
778.60,400.00,778.56,400.00
770.79,382.44,770.07,382.39
777.83,395.81,777.76,395.98
782.75,333.82,783.18,333.95
777.63,396.17,777.53,396.18
793.37,320.87,793.75,320.39
777.92,398.22,777.63,396.17
777.92,398.22,777.82,398.24
778.11,400.31,778.21,400.28
778.09,328.22,778.29,327.72
778.17,398.19,778.07,398.21
779.89,396.24,780.09,397.16
780.94,397.11,780.09,397.16
776.87,320.33,776.73,320.39
825.15,373.01,824.47,373.01
781.02,398.17,780.94,397.11
784.74,394.65,782.26,393.91
778.79,396.81,778.93,397.44
781.02,398.17,780.17,398.17
778.79,396.81,779.89,396.24
780.40,395.35,779.59,395.51
798.15,378.88,798.32,379.63
777.97,395.64,778.13,395.59
779.34,392.18,776.46,392.53
780.17,398.17,778.98,398.14
780.96,399.24,780.11,399.17
778.58,396.30,779.59,395.51
780.00,394.84,779.21,395.02
780.11,399.17,778.94,398.84
779.57,405.00,778.19,404.85
778.81,399.45,780.11,399.17
791.86,321.15,791.86,320.32
791.67,331.71,792.00,332.00
780.45,400.92,779.92,400.06
743.80,382.11,743.96,382.36
780.76,400.18,779.92,400.06
778.32,395.96,779.21,395.02
778.79,394.84,778.32,395.96
778.03,395.84,778.32,395.96
778.79,394.84,778.03,395.84
802.71,340.73,801.87,342.03
779.55,394.65,778.79,394.84
811.47,340.67,812.00,341.97
779.92,400.06,778.81,399.45
780.17,398.17,780.09,397.16
778.61,399.94,779.92,400.06
779.63,400.76,779.92,400.06
778.61,399.94,779.63,400.76
780.45,400.92,779.63,400.76
743.31,377.92,744.23,381.94
780.05,401.38,779.25,401.20
794.52,336.30,804.14,335.69
778.32,398.08,778.51,400.58
778.72,395.26,778.00,395.42
779.60,401.52,778.83,401.32
777.48,396.24,778.00,395.42
781.27,423.24,781.17,423.20
782.26,393.91,782.05,393.96
805.29,333.31,817.03,333.31
778.23,395.47,777.97,395.86
778.41,396.00,777.71,396.12
778.83,401.32,778.06,400.33
779.16,401.32,778.42,401.14
777.28,396.72,777.71,396.12
778.21,396.94,777.52,397.00
778.42,401.14,777.77,400.20
758.52,358.32,758.15,358.25
777.73,399.91,778.04,400.65
778.76,400.80,778.04,400.65
778.15,397.99,777.46,398.00
767.48,360.00,767.64,360.00
778.04,400.65,777.51,399.86
746.46,383.38,745.67,382.35
777.73,399.91,777.54,399.00
766.50,361.90,766.95,363.75
778.44,400.02,777.73,399.91
758.52,361.68,758.15,361.75
824.98,354.06,824.48,355.55
780.96,399.24,780.17,398.17
749.95,377.76,750.09,378.28
778.23,399.06,778.44,400.02
777.54,399.00,777.46,398.00
744.86,377.94,745.46,382.02
777.11,398.02,777.46,398.00
820.06,371.72,817.50,371.64
777.71,396.12,778.72,395.26
767.81,369.81,767.95,369.76
777.73,399.91,777.30,399.35
781.27,423.24,781.78,422.82
782.26,393.91,781.92,392.31
766.71,371.14,769.47,371.23
777.54,399.00,777.73,399.91
815.33,354.20,814.86,355.66
758.01,360.00,756.58,360.00
780.76,400.18,780.11,399.17
800.61,395.47,800.58,395.59
759.60,368.25,777.22,368.68
800.61,395.47,800.98,395.86
779.34,392.18,777.23,391.61
801.37,400.19,801.50,400.00
801.30,400.36,801.35,400.38
818.38,372.81,818.35,371.55
801.15,400.54,801.30,400.36
808.92,353.17,809.17,353.17
800.32,395.98,800.47,396.17
778.16,393.73,775.85,393.99
800.32,395.98,800.51,396.18
792.24,395.84,792.49,396.48
800.36,395.55,800.41,395.64
780.42,404.04,779.85,403.69
778.79,394.84,780.00,394.84
770.16,373.59,774.24,373.75
800.14,395.79,800.36,395.55
772.65,370.64,776.22,372.03
800.98,400.58,801.15,400.54
800.88,400.70,800.98,400.58
801.13,400.63,800.88,400.70
801.37,400.19,801.50,400.00
779.17,350.29,779.76,350.24
801.15,400.54,801.30,400.36
800.98,400.58,801.15,400.54
800.99,400.45,801.09,400.28
800.58,395.59,800.94,397.97
800.61,395.47,800.98,395.86
758.78,382.73,758.94,382.48
799.43,395.42,800.36,395.55
771.65,371.30,770.67,379.22
778.43,397.96,778.75,400.19
746.47,382.29,745.98,378.07
800.78,398.22,800.47,396.17
800.41,395.64,800.78,398.08
774.00,350.43,774.28,350.03
801.65,372.50,801.37,372.39
779.16,401.32,778.83,401.32
800.26,395.81,800.41,395.64
800.62,398.19,800.26,395.81
800.36,395.55,800.58,395.59
800.88,395.89,801.19,397.94
800.70,395.72,800.88,395.89
801.03,397.96,800.70,395.72
800.61,395.47,800.36,395.55
801.65,372.50,803.80,372.50
772.65,349.36,774.26,347.15
778.76,400.80,778.42,401.14
799.82,394.98,800.61,395.47
800.26,394.84,800.61,395.47
800.26,394.84,799.82,394.98
801.15,400.76,801.35,400.38
800.14,395.79,800.51,396.18
801.13,400.63,800.75,401.20
800.88,400.70,801.13,400.63
778.44,400.02,778.76,400.80
770.76,382.72,771.19,382.99
817.07,372.89,817.74,372.90
800.94,397.97,801.30,400.36
800.98,395.86,800.88,395.89
814.78,372.82,815.18,372.95
801.19,397.94,800.88,395.89
757.24,355.83,758.05,353.83
777.46,398.00,777.15,397.34
800.70,395.72,800.58,395.59
801.03,397.96,801.37,400.19
800.94,397.97,801.03,397.96
801.30,400.36,800.94,397.97
801.29,397.92,801.60,400.00
773.98,332.37,777.67,333.77
801.19,397.94,801.29,397.92
801.50,400.00,801.19,397.94
796.72,332.37,796.12,333.77
803.01,431.54,802.32,432.06
800.26,395.81,800.32,395.98
800.66,398.21,800.32,395.98
800.77,428.11,800.07,428.90
800.51,396.18,800.47,396.17
800.75,427.22,800.43,427.72
800.78,398.22,801.09,400.28
800.59,426.92,800.31,426.94
800.82,398.24,800.78,398.22
800.66,398.21,800.62,398.19
800.99,400.45,800.66,398.21
802.68,426.89,802.25,427.24
801.43,396.24,801.65,397.16
802.53,427.15,801.98,427.68
801.65,397.16,800.96,397.11
801.85,396.81,802.00,397.44
802.73,426.45,802.34,426.49
800.73,396.13,801.43,396.24
777.92,341.91,776.66,320.87
802.50,425.69,801.93,425.20
802.00,397.44,801.65,397.16
802.14,425.92,801.33,425.59
801.72,398.17,801.04,398.17
800.39,395.35,801.11,395.51
769.20,348.81,769.13,349.26
800.41,395.64,800.94,397.97
780.59,414.98,781.49,414.57
802.05,398.14,801.72,398.17
801.97,372.41,808.78,372.63
800.76,400.18,800.97,399.24
780.59,414.09,781.10,413.30
801.66,399.17,800.97,399.24
802.01,398.84,801.66,399.17
801.46,400.06,800.76,400.18
798.65,400.80,799.08,401.32
818.01,331.61,817.60,331.64
801.46,400.06,801.66,399.17
797.65,355.39,796.48,355.40
798.65,400.80,799.87,401.14
801.87,399.45,801.66,399.17
811.62,370.22,802.55,369.99
799.47,400.65,799.87,401.14
809.60,368.37,811.58,368.41
800.11,397.34,800.24,396.72
800.43,400.92,800.76,400.18
798.92,397.00,799.12,396.12
818.06,331.26,817.81,330.98
801.15,400.76,801.46,400.06
798.86,398.00,798.92,397.00
799.47,400.65,799.87,401.14
800.49,399.86,800.76,400.20
828.89,368.78,831.07,368.83
798.31,400.02,798.65,400.80
799.15,399.91,799.47,400.65
828.15,393.01,827.41,391.13
800.26,399.35,800.49,399.86
796.85,439.39,794.25,421.60
748.48,371.21,745.65,371.11
719.93,355.85,718.79,356.99
798.57,413.79,798.01,413.30
797.68,413.27,798.01,413.30
797.42,413.71,797.68,413.27
798.94,399.00,798.01,397.99
797.33,414.46,797.42,413.71
797.45,415.23,797.33,414.46
797.73,415.72,797.45,415.23
801.03,397.96,801.37,400.19
800.30,413.29,800.21,414.04
800.18,412.51,800.30,413.29
815.38,372.70,813.14,372.63
800.12,398.72,800.06,398.02
799.90,412.01,800.18,412.51
771.92,359.57,771.85,359.95
792.02,341.86,791.82,342.36
751.12,371.08,762.08,371.65
800.46,412.50,799.90,412.01
799.56,411.98,799.90,412.01
799.30,412.42,799.56,411.98
799.21,413.17,799.30,412.42
799.33,413.94,799.21,413.17
829.40,400.96,829.39,400.99
779.22,342.37,791.48,342.37
800.13,413.64,799.33,413.94
743.53,369.89,744.97,369.89
799.12,396.12,800.46,396.24
799.61,414.44,799.33,413.94
802.40,412.66,801.86,413.19
802.12,412.74,801.86,413.19
829.38,404.12,828.46,403.77
778.78,342.56,778.74,342.17
789.52,367.11,788.68,365.80
802.56,412.40,802.12,412.74
802.21,411.99,802.12,412.74
830.76,404.27,829.38,404.12
788.26,368.61,788.29,368.55
802.61,411.95,802.21,411.99
743.44,369.89,744.96,369.89
800.76,400.20,800.31,401.32
802.09,411.21,802.21,411.99
829.83,403.91,830.76,404.27
787.07,368.58,785.62,369.82
802.54,411.50,802.09,411.21
801.81,410.71,802.09,411.21
802.37,411.20,801.81,410.71
801.47,410.67,801.81,410.71
828.46,403.77,828.89,402.59
802.17,411.18,801.47,410.67
802.01,411.44,801.20,411.12
742.46,368.42,744.34,368.42
798.92,397.00,800.24,396.72
801.11,411.88,801.20,411.12
829.01,402.63,829.11,402.31
778.54,341.69,778.09,328.22
801.96,411.89,801.11,411.88
829.17,402.31,829.05,402.70
802.03,412.34,801.52,413.15
829.52,401.02,825.68,401.02
791.32,327.52,778.78,327.52
775.55,346.37,778.35,347.73
799.27,419.60,798.99,419.69
831.12,370.72,821.15,370.47
742.45,368.25,759.19,368.68
800.49,399.86,799.87,401.14
798.99,419.69,798.73,420.12
799.08,418.94,798.99,419.69
825.77,400.68,829.61,400.68
781.56,372.02,781.63,371.95
799.24,418.15,798.35,417.62
798.35,417.62,798.68,417.66
780.39,371.99,783.42,371.58
799.04,418.13,798.09,418.06
798.09,418.06,798.35,417.62
798.00,418.81,798.09,418.06
825.70,400.51,825.77,400.68
804.27,327.35,804.27,327.22
801.17,418.34,800.89,418.43
800.89,418.43,800.62,418.87
803.81,327.55,803.79,327.42
801.37,417.64,800.86,416.90
803.40,328.05,803.37,327.95
801.14,416.88,800.24,416.35
800.24,416.35,800.57,416.39
771.92,358.73,771.95,359.15
803.44,398.27,803.97,398.26
803.03,328.73,803.37,327.95
800.94,416.86,800.24,416.35
799.98,416.80,800.24,416.35
827.81,397.47,828.14,397.56
803.08,328.80,803.40,328.05
800.78,417.12,799.98,416.80
799.89,417.55,799.98,416.80
800.01,418.32,799.89,417.55
802.74,330.76,802.81,329.70
778.09,341.86,778.29,342.36
800.80,418.02,800.29,418.83
793.94,346.19,793.96,347.19
800.29,418.83,800.01,418.32
802.81,331.82,802.74,330.76
790.08,363.05,789.49,364.48
803.08,417.06,802.80,417.15
802.89,416.39,802.80,417.15
778.72,371.65,781.11,378.03
803.29,416.36,802.89,416.39
802.49,415.11,802.77,415.61
802.15,415.07,802.49,415.11
801.88,415.51,802.15,415.07
807.45,362.01,806.69,356.15
801.79,416.27,801.88,415.51
774.46,362.32,774.92,363.41
802.71,416.74,801.91,417.05
824.90,404.27,823.55,404.12
770.56,357.54,788.79,355.96
802.20,417.55,801.91,417.05
806.30,343.99,806.86,344.49
805.08,333.48,804.74,333.88
799.94,423.98,799.66,424.07
799.66,424.07,799.40,424.50
805.08,353.17,802.96,354.26
773.13,360.00,773.72,360.00
809.11,372.77,809.32,372.76
783.28,422.41,783.69,422.71
757.04,369.89,755.52,369.89
817.58,340.46,817.75,340.53
797.73,415.72,798.06,415.76
799.63,422.54,799.75,423.32
774.90,367.98,776.22,368.79
800.08,422.82,799.63,422.54
799.35,422.04,799.63,422.54
799.02,421.99,799.35,422.04
798.76,422.43,799.02,421.99
798.67,423.18,798.76,422.43
799.51,423.20,798.67,423.18
799.58,423.65,799.07,424.46
799.58,423.65,798.79,423.95
799.07,424.46,798.79,423.95
801.65,422.71,801.30,423.26
802.00,422.48,801.57,422.83
801.66,422.07,801.57,422.83
817.28,386.31,817.41,387.18
747.70,369.81,748.20,369.83
785.29,420.70,785.76,421.46
799.61,414.44,799.95,414.48
801.54,421.30,801.66,422.07
801.25,420.79,801.54,421.30
800.91,420.75,801.25,420.79
800.65,421.18,800.91,420.75
796.10,371.38,795.06,379.24
800.56,421.93,800.65,421.18
774.43,332.10,775.09,332.30
801.41,421.95,800.68,422.71
800.96,423.22,800.68,422.71
803.57,421.46,803.22,422.01
803.49,421.57,803.22,422.01
773.76,370.42,783.47,370.66
801.52,413.15,801.86,413.19
767.28,371.38,766.32,379.24
803.46,420.03,803.58,420.82
802.83,419.48,803.17,419.52
803.54,419.99,802.56,419.92
773.18,333.05,773.75,332.79
791.24,363.74,790.52,365.49
803.54,419.99,802.83,419.48
802.47,420.68,802.56,419.92
802.60,421.46,802.47,420.68
802.88,421.97,802.60,421.46
770.03,358.21,769.27,356.19
776.89,324.61,776.52,324.64
802.37,441.74,802.11,442.17
773.19,333.18,773.78,332.41
802.81,441.38,802.46,440.99
746.83,374.58,746.81,374.01
798.40,420.08,798.73,420.12
778.22,346.29,778.24,346.19
802.34,440.21,802.46,440.99
802.06,439.68,802.34,440.21
801.36,440.79,801.45,440.05
801.48,441.58,801.36,440.79
801.77,442.10,801.48,441.58
829.35,355.53,829.54,355.23
803.69,440.95,804.04,441.01
743.44,370.69,745.42,370.89
804.30,440.59,804.04,441.01
804.39,439.83,804.30,440.59
803.99,438.52,804.27,439.04
804.72,439.32,804.27,439.04
801.16,364.52,779.34,364.27
804.35,438.98,803.64,438.46
803.28,439.64,803.38,438.89
803.41,440.43,803.69,440.95
826.21,364.82,801.16,364.52
782.14,371.67,783.92,370.93
804.21,440.13,803.41,440.43
801.09,437.67,801.43,437.73
801.69,437.30,801.43,437.73
775.53,355.58,774.92,356.59
802.20,417.55,802.54,417.59
801.66,435.77,801.78,436.55
800.69,436.37,800.78,435.62
801.60,436.86,800.69,436.37
806.19,355.16,806.58,355.27
800.81,437.15,801.09,437.67
801.77,437.16,801.09,437.67
803.01,436.50,803.35,436.55
797.33,362.29,798.12,356.42
803.62,436.12,803.35,436.55
747.92,373.50,747.34,373.21
799.07,424.46,799.40,424.50
803.58,434.58,803.71,435.37
791.23,363.76,791.24,363.74
804.03,434.86,803.71,435.37
803.30,434.06,803.58,434.58
827.76,345.53,803.99,346.37
791.23,363.76,790.50,365.53
804.03,434.86,803.58,434.58
802.96,434.01,803.30,434.06
803.45,435.22,802.69,434.44
768.41,362.29,769.14,356.42
802.72,435.97,803.01,436.50
801.29,432.77,800.41,433.25
770.16,380.86,770.48,381.22
801.01,432.87,800.75,433.30
801.10,432.13,801.01,432.87
801.50,432.08,801.01,432.87
800.96,423.22,801.30,423.26
800.98,431.34,801.10,432.13
801.43,431.62,801.10,432.13
789.13,448.64,799.42,448.64
798.02,344.77,793.75,344.89
801.50,432.08,801.10,432.13
800.70,430.83,800.98,431.34
800.36,430.78,800.70,430.83
801.06,431.29,800.70,430.83
801.26,431.32,800.70,430.83
800.10,431.21,800.36,430.78
800.91,431.54,800.36,430.78
800.01,431.96,800.10,431.21
820.09,410.50,818.35,407.03
783.74,370.45,783.92,370.93
782.19,391.16,782.32,390.20
800.91,431.54,800.10,431.21
800.13,432.74,800.41,433.25
801.09,432.74,800.13,432.74
806.77,345.79,805.82,344.74
790.31,385.75,794.15,382.45
803.21,431.58,802.66,432.11
803.02,430.92,802.93,431.68
803.42,430.88,802.93,431.68
803.98,342.34,817.72,341.71
750.90,382.83,750.56,382.70
782.21,428.37,782.52,428.85
802.88,421.97,803.22,422.01
802.90,430.14,803.02,430.92
803.42,430.88,803.02,430.92
802.61,429.62,802.90,430.14
803.35,430.42,802.90,430.14
802.27,429.57,802.61,429.62
802.98,430.08,802.61,429.62
803.18,430.11,802.61,429.62
802.01,430.00,802.27,429.57
802.98,430.08,802.27,429.57
801.92,430.76,802.01,430.00
792.54,332.26,791.84,333.77
802.84,431.24,801.92,430.76
802.04,431.54,802.32,432.06
778.74,369.14,772.02,368.81
802.84,431.24,802.04,431.54
800.34,428.46,800.07,428.90
800.62,428.37,800.07,428.90
800.43,427.72,800.34,428.46
800.02,426.43,800.31,426.94
800.75,427.22,800.31,426.94
800.23,427.14,799.69,426.38
800.23,427.14,799.43,426.81
800.99,400.45,800.62,398.19
800.25,428.04,799.34,427.56
800.42,428.34,799.74,428.85
800.25,428.04,799.46,428.34
828.48,366.64,828.43,365.76
801.64,427.63,801.98,427.68
801.43,396.24,800.96,397.11
802.68,426.89,801.98,427.68
802.73,426.45,802.25,427.24
801.93,425.20,802.22,425.71
801.59,425.15,801.93,425.20
776.66,344.44,776.66,320.87
802.30,425.66,801.93,425.20
823.62,379.71,823.51,381.12
801.33,425.59,801.59,425.15
802.14,425.92,801.59,425.15
802.30,425.66,801.59,425.15
801.24,426.34,801.33,425.59
802.09,426.36,801.33,425.59
747.60,378.09,747.49,377.72
802.16,426.82,801.24,426.34
747.35,378.14,747.23,377.77
802.33,427.12,801.64,427.63
802.33,427.12,801.36,427.12
781.37,415.32,781.09,415.76
780.42,415.24,781.09,415.76
781.49,414.57,781.37,415.32
777.12,401.12,777.30,408.58
772.35,347.92,769.06,348.69
780.66,414.54,781.49,414.57
781.10,413.30,781.38,413.80
780.59,414.09,781.38,413.80
746.10,377.56,745.64,377.54
775.89,349.73,775.70,350.85
780.43,413.79,781.10,413.30
780.43,413.79,780.75,413.27
780.46,413.71,780.75,413.27
780.22,413.77,780.75,413.27
780.35,414.46,780.46,413.71
780.05,414.03,780.46,413.71
780.05,414.03,780.35,414.46
780.45,415.23,780.35,414.46
779.99,414.47,780.35,414.46
780.05,414.92,780.45,415.23
780.21,415.22,780.73,415.72
782.25,413.93,783.13,414.48
782.46,413.96,783.13,414.48
782.63,413.70,783.42,414.04
782.69,413.25,783.53,413.29
782.69,413.25,783.43,412.51
782.38,413.17,782.49,412.42
747.85,382.39,747.60,378.09
782.09,412.74,782.38,413.17
782.49,413.94,782.38,413.17
782.02,413.19,782.38,413.17
782.77,414.44,782.49,413.94
785.48,412.74,785.19,413.19
784.52,412.66,785.19,413.19
785.60,411.99,785.48,412.74
784.69,412.40,785.60,411.99
785.49,411.21,785.60,411.99
785.20,410.71,785.49,411.21
784.84,410.67,785.20,410.71
799.43,395.42,799.82,394.98
784.14,411.44,784.55,411.12
799.43,395.42,799.03,394.79
784.14,411.44,784.43,411.88
799.54,401.52,800.01,401.38
784.14,412.34,784.54,412.65
784.14,412.34,784.83,413.15
781.01,419.60,781.97,419.69
781.25,418.90,781.98,418.17
781.69,417.66,781.98,418.17
781.05,418.06,781.34,417.62
780.65,418.39,780.94,418.81
781.05,419.58,780.94,418.81
776.72,349.29,792.20,349.29
784.02,418.43,783.73,418.87
750.86,384.50,749.91,384.58
783.06,418.34,783.73,418.87
784.14,417.67,784.02,418.43
786.81,369.85,785.18,370.85
784.03,416.90,784.14,417.67
783.74,416.39,784.03,416.90
783.06,416.88,783.74,416.39
782.86,416.86,783.38,416.35
782.98,417.55,783.09,416.80
782.68,417.12,783.09,416.80
811.15,372.70,811.81,372.71
793.15,360.77,793.01,362.82
782.68,417.12,782.98,417.55
783.09,418.32,782.98,417.55
811.10,371.46,811.81,372.71
792.18,353.45,793.01,362.82
782.62,417.56,782.98,417.55
783.37,418.83,783.09,418.32
811.27,372.84,811.80,372.84
785.12,417.06,785.80,417.59
811.27,372.84,814.99,372.84
785.12,417.06,786.09,417.15
786.21,416.39,786.09,417.15
785.30,416.80,786.09,417.15
786.10,415.61,786.21,416.39
785.36,416.36,786.21,416.39
798.09,399.06,798.01,397.99
785.36,416.36,786.10,415.61
797.98,343.37,793.31,343.99
785.81,415.11,786.10,415.61
785.45,415.07,785.81,415.11
808.92,372.63,808.66,371.39
785.13,415.60,785.81,415.11
808.92,372.63,811.10,371.46
785.13,415.60,785.45,415.07
785.16,415.51,785.45,415.07
784.92,415.58,785.45,415.07
784.92,415.58,785.16,415.51
784.75,415.84,785.16,415.51
782.79,352.57,785.59,352.58
784.75,415.84,785.04,416.27
785.15,417.05,785.04,416.27
784.68,416.29,785.04,416.27
784.90,353.15,783.94,352.85
784.68,416.29,785.15,417.05
815.38,372.70,815.65,371.46
784.74,416.74,785.15,417.05
815.38,372.70,813.18,371.39
784.74,416.74,785.44,417.55
781.61,423.98,782.57,424.07
781.78,423.72,782.57,424.07
808.93,371.38,809.17,372.62
781.78,423.72,782.68,423.32
781.85,423.28,782.58,422.54
782.29,422.04,782.58,422.54
781.94,421.99,782.29,422.04
781.62,422.53,781.94,421.99
811.81,372.71,811.83,371.46
781.41,422.50,781.65,422.43
781.24,422.76,781.54,423.18
794.75,379.17,794.62,379.72
781.64,423.95,781.54,423.18
821.03,353.99,821.53,353.99
781.17,423.20,781.64,423.95
781.92,424.46,781.64,423.95
784.74,422.07,784.63,422.83
783.83,422.48,784.74,422.07
782.77,414.44,783.13,414.48
784.63,421.30,784.74,422.07
775.25,370.42,775.37,370.33
783.90,422.04,784.74,422.07
784.35,420.79,784.63,421.30
783.99,420.75,784.35,420.79
783.70,421.18,783.99,420.75
783.46,421.25,783.99,420.75
783.69,422.71,783.58,421.93
783.22,421.95,783.58,421.93
778.33,324.66,791.69,324.66
783.97,423.22,783.69,422.71
786.70,421.57,786.41,422.01
771.38,360.00,771.45,360.95
785.73,421.48,786.41,422.01
786.82,420.82,786.70,421.57
784.83,413.15,785.19,413.19
786.71,420.03,786.82,420.82
785.97,420.78,786.82,420.82
786.06,419.48,786.42,419.52
785.74,420.02,786.42,419.52
759.60,368.25,757.68,368.25
785.74,420.02,786.06,419.48
785.76,419.92,786.06,419.48
777.22,368.68,757.68,368.25
785.53,419.99,786.06,419.48
785.65,420.68,785.76,419.92
785.35,420.25,785.76,419.92
785.76,421.46,785.65,420.68
795.90,380.35,795.90,381.77
786.05,421.97,785.76,421.46
785.35,421.16,785.76,421.46
753.46,369.81,747.70,369.81
789.76,358.57,788.86,357.51
785.52,421.46,786.05,421.97
784.98,441.74,784.69,442.17
754.36,369.80,753.42,369.81
822.11,329.93,821.67,330.01
784.01,441.63,784.69,442.17
754.36,369.80,752.68,369.83
784.01,441.63,784.98,441.74
784.19,441.38,784.98,441.74
759.47,368.80,759.06,369.20
781.33,420.08,781.68,420.12
784.99,440.21,785.10,440.99
784.25,440.94,784.99,440.21
795.32,380.78,795.30,380.35
803.15,356.21,803.04,355.79
784.70,439.68,784.99,440.21
755.06,369.82,753.42,369.81
784.02,440.17,784.34,439.62
783.81,440.14,784.34,439.62
783.93,440.79,784.05,440.05
820.40,335.69,820.68,334.85
783.64,440.39,784.05,440.05
817.13,335.69,820.40,335.69
783.57,440.83,783.93,440.79
783.57,440.83,784.04,441.58
785.57,370.68,783.47,370.66
817.51,334.85,817.13,335.69
783.63,441.29,784.04,441.58
785.57,370.68,773.76,370.42
783.63,441.29,784.33,442.10
787.07,440.59,786.77,441.01
783.60,303.00,788.40,302.99
786.33,439.78,787.07,440.59
794.25,381.60,793.13,381.00
806.69,360.92,807.28,362.66
787.18,439.83,787.07,440.59
786.42,438.46,786.78,438.52
785.64,439.67,786.01,439.64
785.71,440.13,786.01,439.64
786.12,440.43,786.01,439.64
781.14,402.49,780.47,402.23
785.71,440.13,786.12,440.43
783.66,302.88,788.38,302.87
785.88,440.44,786.12,440.43
785.35,420.25,785.65,420.68
778.81,399.45,778.94,398.84
779.57,405.00,779.06,404.59
783.60,302.72,787.14,302.17
783.58,436.94,784.38,437.30
783.65,436.50,784.49,436.55
778.66,405.28,777.32,404.45
783.60,302.72,787.14,302.17
783.59,436.04,784.38,435.77
794.72,382.40,793.47,382.08
784.10,435.25,784.38,435.77
821.46,377.22,821.41,377.33
783.04,435.96,783.74,435.19
783.45,435.62,783.74,435.19
783.33,436.37,783.45,435.62
792.20,302.17,788.62,302.72
782.97,436.40,783.33,436.37
822.44,377.44,822.50,377.34
783.03,436.86,783.33,436.37
822.50,377.34,822.50,379.45
809.59,332.36,809.54,332.71
783.20,437.16,783.44,437.15
783.64,440.39,783.93,440.79
812.46,372.61,809.29,372.51
785.48,436.02,785.80,436.50
785.80,436.50,786.16,436.55
809.53,333.22,809.77,332.98
785.48,436.02,786.16,436.55
776.76,324.56,776.78,324.08
786.45,436.12,786.16,436.55
809.13,333.27,809.38,333.02
785.65,435.77,786.45,436.12
792.62,303.99,787.43,303.99
785.72,435.32,786.45,436.12
806.69,356.15,806.56,355.64
786.57,435.37,786.45,436.12
826.10,407.43,824.55,406.47
792.62,303.99,787.51,303.78
809.93,332.00,809.98,332.34
785.72,435.32,786.57,435.37
809.54,332.02,809.98,332.34
785.66,434.86,786.57,435.37
758.78,369.07,759.19,368.68
781.92,424.46,782.28,424.50
786.46,434.58,786.57,435.37
801.30,324.37,801.13,324.14
786.17,434.06,786.46,434.58
785.28,434.52,786.17,434.06
811.45,392.27,811.12,392.09
808.82,333.43,809.13,333.27
785.28,434.52,785.81,434.01
811.04,391.99,811.12,392.09
827.69,418.65,828.46,418.56
783.33,304.42,783.20,304.64
785.10,434.78,785.81,434.01
795.29,382.44,794.02,382.53
785.51,434.44,785.81,434.01
788.25,304.42,788.33,304.64
809.38,331.71,809.93,332.00
785.03,435.22,785.51,434.44
774.78,350.20,773.51,351.45
778.00,395.42,777.78,395.79
785.40,435.19,785.51,434.44
817.27,379.09,816.48,379.22
804.19,360.91,804.19,356.17
791.46,333.79,791.68,333.26
809.38,331.71,809.54,332.02
785.03,435.22,785.40,435.19
788.25,304.21,783.40,304.21
785.10,435.68,785.40,435.19
785.27,435.99,785.51,435.97
801.34,329.02,802.46,330.47
785.51,435.97,785.80,436.50
771.33,363.05,771.92,364.48
808.25,372.61,808.37,372.74
782.81,432.77,783.12,433.25
809.13,331.46,809.77,331.69
782.81,432.77,783.48,433.30
782.98,432.52,783.77,432.87
783.05,432.08,783.77,432.87
783.05,432.08,783.89,432.13
782.98,431.62,783.78,431.34
783.49,430.83,783.78,431.34
787.21,303.74,787.16,303.90
808.82,331.30,809.13,331.46
782.61,431.29,783.14,430.78
782.84,431.21,783.14,430.78
783.23,304.35,783.13,304.52
782.44,431.54,782.84,431.21
782.73,431.96,782.84,431.21
783.28,304.17,787.21,303.57
808.24,333.22,808.13,333.43
782.37,431.98,782.73,431.96
806.33,361.74,829.77,361.85
782.43,432.44,782.84,432.74
782.84,432.74,783.12,433.25
785.11,430.88,785.84,431.68
753.36,382.11,753.20,382.36
787.37,324.35,786.92,324.16
785.96,430.92,785.84,431.68
785.11,430.88,785.96,430.92
795.90,380.35,796.26,379.28
747.63,384.40,747.52,384.63
786.05,421.97,786.41,422.01
785.85,430.14,785.96,430.92
776.63,402.13,775.91,401.89
786.64,304.47,786.93,304.15
784.49,431.24,784.79,430.76
795.56,378.68,795.29,378.36
784.90,431.54,784.79,430.76
776.63,402.13,775.50,399.99
784.49,431.24,784.90,431.54
784.90,431.54,785.19,432.06
718.90,370.41,718.89,370.02
752.71,382.49,750.99,382.87
782.52,428.85,782.88,428.90
782.45,427.67,783.17,428.46
782.38,427.22,783.28,427.72
744.23,381.94,743.80,382.11
784.33,442.10,784.69,442.17
783.18,426.94,783.28,427.72
782.01,426.89,782.89,426.43
782.54,426.38,782.89,426.43
781.84,427.14,782.54,426.38
782.25,426.81,782.54,426.38
782.13,427.56,782.25,426.81
782.24,428.34,782.13,427.56
782.00,428.34,782.24,428.34
790.03,356.25,790.48,358.10
784.26,427.15,784.58,427.63
784.58,427.63,784.94,427.68
784.44,426.89,785.23,427.24
795.78,384.16,793.38,384.17
785.24,425.71,785.35,426.49
827.86,386.62,828.26,387.54
784.44,425.99,785.24,425.71
784.95,425.20,785.24,425.71
784.27,425.69,784.95,425.20
784.59,425.15,784.95,425.20
784.30,425.59,784.59,425.15
783.89,425.92,784.30,425.59
784.18,426.34,784.30,425.59
777.38,395.70,775.85,393.99
783.82,426.36,784.18,426.34
783.88,426.82,784.18,426.34
784.29,427.12,784.58,427.63
756.32,382.41,756.60,378.07
797.09,444.15,804.02,444.04
826.19,397.10,830.07,397.17
775.12,331.43,775.86,331.66
805.51,444.48,794.68,444.93
829.93,354.10,832.65,354.06
797.09,444.15,805.10,444.16
776.49,396.84,776.33,396.68
766.70,371.05,766.71,371.14
805.10,444.16,795.68,444.48
787.66,362.13,787.43,363.13
713.43,353.56,711.87,356.62
784.99,444.93,784.69,445.35
829.88,398.78,830.01,398.99
798.33,444.93,797.11,445.35
764.25,350.43,762.82,351.31
798.56,448.96,797.11,445.35
808.54,386.24,812.58,386.37
795.33,445.67,797.11,445.35
797.05,449.31,793.47,445.78
824.99,396.19,824.85,394.79
805.79,438.91,807.30,439.02
820.68,329.02,817.51,329.77
808.00,439.33,807.30,439.02
777.11,367.91,775.77,369.05
795.49,444.22,797.02,439.02
795.49,444.22,795.22,439.33
797.02,439.02,795.22,439.33
829.67,400.67,831.01,400.32
798.93,438.91,797.02,439.02
794.40,444.67,794.02,439.75
788.65,448.49,794.40,444.67
793.47,445.78,786.82,445.78
799.63,448.49,798.33,444.93
805.57,444.67,799.63,448.49
807.69,439.75,805.57,444.67
798.93,438.91,805.79,438.91
772.44,355.67,772.80,355.30
788.86,449.31,788.80,449.07
733.04,356.57,731.46,353.47
788.86,449.31,788.35,448.96
805.42,443.89,805.51,444.48
754.88,377.94,754.71,382.20
789.13,448.64,788.80,449.07
789.13,448.64,788.35,448.96
788.65,448.49,789.13,448.64
794.40,444.67,788.65,448.49
774.59,356.15,774.73,355.64
795.68,444.48,795.49,444.22
794.40,444.67,794.68,444.93
789.22,449.38,788.86,449.31
809.91,329.84,808.81,331.25
790.05,449.44,789.22,449.38
792.48,342.36,791.84,341.01
795.50,449.44,790.05,449.44
792.48,342.36,796.12,341.01
795.50,449.44,790.28,449.50
797.05,449.31,797.06,449.39
795.50,449.44,797.05,449.31
798.31,344.43,798.44,344.39
798.44,449.08,798.56,448.96
807.45,362.01,807.28,362.51
756.50,384.64,755.58,384.72
799.63,448.49,798.44,449.08
805.57,444.67,799.63,448.49
799.42,448.64,799.63,448.49
830.05,392.58,830.09,393.82
805.14,444.93,799.42,448.64
805.57,444.67,805.14,444.93
805.10,444.16,805.42,443.89
798.62,443.77,804.22,443.77
794.90,379.77,798.23,380.44
798.55,444.04,797.09,444.15
797.03,443.89,797.09,444.15
798.55,444.04,798.62,443.77
774.17,355.53,774.28,355.26
779.87,411.68,788.13,440.93
799.73,369.85,799.52,372.32
786.42,427.16,788.13,440.93
783.48,337.97,798.31,344.43
805.64,441.72,805.39,442.19
788.38,442.72,788.78,442.05
788.58,386.94,787.15,389.46
787.81,442.19,788.09,441.72
796.90,442.05,805.44,442.05
805.67,329.52,805.73,329.47
779.74,372.10,780.55,370.22
799.41,418.45,798.96,418.17
803.01,332.71,803.06,332.31
779.87,411.68,786.24,407.59
825.86,397.14,828.01,397.14
803.01,332.71,802.83,332.35
779.87,411.68,788.53,422.36
803.35,425.67,803.58,424.44
803.42,427.09,803.35,425.67
788.35,448.96,784.99,444.93
795.24,427.08,787.08,425.67
795.20,425.66,787.08,425.67
808.54,379.17,808.54,386.24
807.49,361.37,807.33,361.71
795.24,427.08,795.20,425.66
802.35,406.29,805.45,421.49
803.09,406.79,805.45,421.49
805.49,422.37,803.09,406.79
804.80,420.92,802.35,406.29
824.06,355.08,824.06,351.33
803.44,420.72,804.80,420.92
749.04,384.74,750.23,384.83
789.22,449.38,788.80,449.07
804.96,357.49,804.42,357.37
800.93,406.11,803.44,420.72
806.01,357.48,806.14,357.36
803.44,420.72,800.93,406.11
714.02,365.87,715.99,364.43
792.64,406.11,795.32,420.72
830.58,405.31,830.64,405.53
793.40,420.92,795.32,420.72
793.40,420.92,792.64,406.11
798.29,445.37,801.27,444.58
818.59,366.05,819.70,360.96
796.90,442.05,788.83,440.91
798.29,445.37,794.43,412.44
790.32,413.09,795.45,445.87
793.61,446.03,795.45,445.87
790.32,413.09,793.61,446.03
804.01,358.36,801.90,358.37
782.26,413.09,786.03,446.03
800.31,401.32,800.88,400.70
783.69,445.37,780.87,412.92
773.75,337.26,775.24,334.53
783.45,444.58,783.69,445.37
812.86,360.94,811.43,367.64
827.23,352.71,827.43,352.71
804.80,420.92,805.45,421.49
780.11,412.44,783.69,445.37
789.11,341.38,789.35,341.28
779.87,411.68,780.11,412.44
788.83,440.91,788.78,442.05
787.10,427.09,788.13,440.93
796.90,442.05,788.78,442.05
830.74,352.85,830.75,352.71
786.73,424.02,786.38,425.53
754.59,383.26,755.55,382.45
787.36,424.44,787.08,425.67
786.42,427.16,787.10,427.09
774.46,332.41,775.12,332.10
801.62,421.25,800.65,421.18
787.90,423.70,787.36,424.44
826.19,397.10,826.23,397.17
775.12,331.43,776.27,331.31
754.18,377.40,754.05,377.90
805.51,444.48,795.68,444.48
754.76,383.48,755.95,382.54
786.73,424.02,787.36,424.44
773.78,332.41,774.43,332.10
801.46,421.51,800.56,421.93
718.90,370.41,722.14,370.54
804.58,440.48,803.69,440.95
787.34,423.17,786.73,424.02
787.10,427.09,788.83,440.91
803.61,427.16,805.66,440.93
803.53,425.53,803.35,425.67
829.59,352.67,827.23,352.71
804.38,423.16,803.58,424.44
804.06,423.70,804.38,423.16
804.43,421.62,804.80,420.92
803.21,421.45,804.43,421.62
803.21,421.45,803.44,420.72
766.95,356.25,766.50,358.10
795.25,421.45,803.21,421.45
766.83,358.16,766.69,360.00
793.40,420.92,795.32,420.72
795.25,421.45,795.32,420.72
797.38,382.38,794.55,383.37
823.90,352.91,823.89,354.20
793.54,421.62,795.25,421.45
768.56,362.14,769.30,356.20
759.16,352.06,759.17,352.01
797.89,390.89,800.90,391.32
759.83,369.08,759.41,369.48
798.17,414.47,797.45,415.23
804.51,355.29,804.11,355.24
805.08,442.72,805.64,441.72
798.44,449.08,788.80,449.07
793.54,421.62,793.40,420.92
830.70,354.15,830.69,352.87
763.68,368.03,763.66,368.09
791.43,422.14,793.54,421.62
765.41,366.26,767.42,365.57
805.14,444.93,789.13,448.64
788.99,422.97,787.90,423.70
791.43,422.14,791.11,421.49
788.53,422.36,788.99,422.97
805.39,442.19,805.08,442.72
798.18,445.86,800.98,445.11
798.29,445.37,798.18,445.86
793.83,446.48,795.45,445.87
793.61,446.03,793.83,446.48
802.97,366.23,803.24,366.23
804.80,420.92,805.45,421.49
786.03,446.03,786.41,446.48
799.93,361.64,779.34,361.74
788.78,442.05,788.09,441.72
823.89,354.20,827.58,352.91
788.38,442.72,788.78,442.05
785.82,348.83,785.56,350.07
784.25,445.86,785.29,446.33
785.94,351.91,788.85,351.84
783.45,444.58,787.81,442.19
795.50,449.44,793.47,445.78
759.47,377.66,759.30,377.80
788.38,442.72,787.81,442.19
785.94,351.91,787.07,353.75
827.02,354.15,830.70,354.15
783.45,444.58,788.38,442.72
786.90,353.80,787.72,355.78
784.03,445.11,783.69,445.37
783.45,444.58,783.69,445.37
784.03,445.11,783.45,444.58
802.35,406.29,803.09,406.79
804.42,357.37,806.01,357.48
800.78,405.15,803.09,406.79
800.78,405.15,802.35,406.29
800.93,406.11,802.35,406.29
800.93,406.11,800.78,405.15
799.76,405.02,800.78,405.15
805.28,355.76,805.76,354.34
797.09,444.15,795.49,444.22
792.64,406.11,799.76,405.02
802.91,407.59,801.34,406.21
795.61,409.97,801.34,406.21
796.95,411.68,802.91,407.59
792.64,406.11,791.92,405.02
826.42,352.72,826.99,352.86
790.70,406.28,792.64,406.11
799.54,353.49,799.12,362.79
796.95,411.68,795.61,409.97
824.64,405.73,824.89,405.37
793.61,410.62,796.95,411.68
756.35,383.80,757.61,382.82
790.52,405.15,790.70,406.28
791.95,410.98,792.21,412.92
758.94,382.48,759.44,378.22
782.33,371.04,780.50,372.15
790.32,413.09,791.95,410.98
786.81,406.21,788.82,405.53
782.92,411.10,790.58,411.10
782.92,411.10,790.32,413.09
782.26,413.09,782.92,411.10
798.60,415.24,798.06,415.76
781.92,410.98,782.26,413.09
798.60,415.24,798.32,415.32
781.92,410.98,780.87,412.92
779.87,411.68,780.11,412.44
748.22,370.98,748.48,371.21
798.38,413.77,797.42,413.71
795.78,324.08,795.96,323.65
779.87,411.68,786.24,407.59
769.30,356.20,770.87,356.20
759.56,355.12,758.92,356.68
796.67,391.20,799.98,391.61
830.36,339.34,829.95,340.73
798.22,414.03,797.33,414.46
831.39,347.15,832.05,345.95
781.30,409.97,779.87,411.68
800.64,413.70,800.30,413.29
810.77,387.13,804.38,387.17
804.89,421.92,795.59,421.74
800.18,427.58,799.34,427.56
797.03,443.89,795.49,444.22
797.75,441.52,789.04,441.46
785.44,417.55,785.15,417.05
797.75,441.52,786.76,427.45
785.93,366.22,786.93,365.32
804.67,424.05,804.35,424.79
785.78,348.77,785.82,348.83
787.82,424.05,787.13,424.79
800.26,412.48,799.30,412.42
817.65,390.67,816.62,390.84
804.20,426.03,804.35,424.79
804.27,427.45,786.76,427.45
760.99,377.93,760.87,377.77
786.75,426.03,804.20,426.03
795.75,421.97,803.86,421.97
794.60,439.21,796.95,438.68
794.60,439.21,791.53,422.74
792.07,440.03,794.60,439.21
823.85,352.77,827.14,352.77
804.67,424.05,804.35,424.79
804.73,425.06,804.35,424.79
785.29,420.70,785.65,420.68
830.15,373.44,830.17,373.30
786.76,427.45,786.67,426.13
829.59,373.43,830.17,373.30
786.68,427.41,786.67,426.13
803.37,327.95,803.79,327.42
801.30,417.18,800.86,416.90
805.37,423.32,804.67,424.05
804.37,357.09,804.84,357.37
805.01,424.39,804.67,424.05
804.27,427.45,804.68,427.41
806.46,441.39,804.27,427.45
806.46,441.39,806.07,441.46
805.50,422.46,805.37,423.32
762.71,377.84,762.94,377.64
805.86,422.74,805.73,423.62
763.27,368.02,764.52,369.72
808.12,440.03,806.46,441.39
806.23,441.74,806.46,441.39
805.86,422.74,805.50,422.46
807.87,440.40,808.12,440.03
789.80,360.95,789.87,360.00
808.45,439.21,807.87,440.40
808.19,439.60,808.45,439.21
803.62,421.74,804.89,421.92
829.17,402.31,829.01,402.63
805.73,331.60,805.46,332.50
776.45,366.53,777.53,367.19
802.03,412.34,801.23,412.65
805.22,422.17,804.89,421.92
805.67,331.57,805.73,331.60
775.30,367.43,776.53,368.18
802.20,412.64,801.52,413.15
803.62,421.74,805.22,422.17
803.86,421.97,805.22,422.17
805.81,330.53,805.67,331.57
776.53,368.18,777.86,368.74
799.27,419.60,798.73,420.12
776.29,325.73,776.06,325.60
803.86,421.97,803.62,421.74
776.59,348.01,778.49,347.86
795.59,421.74,803.86,421.97
825.77,400.68,829.52,401.02
805.51,328.53,805.67,329.52
799.24,418.15,798.68,417.66
795.75,421.97,795.59,421.74
820.77,352.83,824.03,352.83
798.85,438.49,806.55,438.93
820.22,352.83,824.03,352.83
782.89,348.86,784.54,350.26
798.82,438.93,806.55,438.93
791.61,422.46,793.78,421.92
768.93,353.11,767.97,354.67
823.85,352.77,827.29,352.91
804.67,424.05,804.73,425.06
793.82,422.17,793.78,421.92
796.95,438.68,798.85,438.49
786.46,353.81,787.28,355.78
787.62,424.38,787.13,424.79
786.48,353.76,787.28,355.78
787.82,424.05,787.13,424.79
813.75,340.15,813.20,341.50
803.08,396.03,803.80,396.15
825.70,400.51,829.61,400.68
803.37,327.95,803.81,327.55
801.30,417.18,800.57,416.39
761.20,362.15,763.92,362.17
805.37,423.32,805.01,424.39
791.53,422.74,791.61,422.46
824.43,352.97,822.12,354.28
783.58,357.87,787.21,356.87
789.10,423.62,791.53,422.74
777.53,352.82,777.92,353.15
803.41,400.51,803.84,400.36
783.58,357.87,783.75,360.00
824.43,352.97,824.71,354.24
789.10,423.62,787.62,424.38
803.44,398.27,803.84,400.36
803.03,328.73,803.40,328.05
800.94,416.86,799.98,416.80
777.53,352.82,779.04,352.68
803.41,400.51,803.42,402.23
802.81,329.70,803.03,328.73
800.73,417.56,799.89,417.55
793.93,396.68,794.64,393.46
789.10,423.62,787.82,424.05
829.39,400.99,829.07,402.05
803.08,328.80,803.03,328.73
800.78,417.12,799.89,417.55
797.05,439.10,796.95,438.68
794.82,439.60,797.05,439.10
772.50,350.15,769.91,351.42
806.07,441.46,806.23,441.74
763.95,372.03,765.91,372.84
804.89,421.92,805.86,422.74
794.82,439.60,794.60,439.21
792.07,440.03,794.82,439.60
803.37,333.49,803.03,332.75
786.71,368.29,785.31,369.49
803.05,415.60,802.15,415.07
769.91,351.42,768.67,352.86
792.34,440.40,794.82,439.60
769.91,351.42,768.93,353.11
792.34,440.40,792.07,440.03
789.29,441.73,797.75,441.52
789.29,441.73,789.04,441.46
800.08,422.82,799.35,422.04
761.99,361.98,762.45,363.92
818.17,352.88,818.02,353.01
789.04,441.46,786.76,427.45
789.04,441.46,788.97,441.39
782.14,371.67,783.74,370.45
802.05,422.04,801.54,421.30
764.00,378.46,763.66,378.03
814.97,352.93,818.39,352.93
803.25,400.61,803.28,398.28
797.54,390.70,797.51,389.51
797.15,402.27,798.28,404.11
830.33,406.52,827.63,406.52
800.29,366.89,800.47,362.80
802.88,402.68,803.25,400.61
788.85,351.84,787.46,350.24
802.41,404.04,802.76,403.69
799.41,391.20,800.00,391.16
801.55,405.00,801.00,404.85
795.25,392.70,795.64,392.03
781.05,347.73,783.92,347.64
802.83,395.98,802.49,394.65
783.96,350.35,785.35,351.98
802.88,402.68,804.95,404.50
783.09,355.80,787.31,355.75
796.27,400.19,794.67,401.12
813.46,411.49,813.22,411.14
800.07,394.06,799.52,398.08
799.48,393.83,800.07,394.06
800.60,394.70,799.52,398.08
800.07,394.06,800.60,394.70
799.74,423.95,799.07,424.46
829.46,379.17,829.46,386.24
798.91,394.01,799.52,398.08
780.39,371.99,782.24,371.54
801.84,422.74,801.30,423.26
798.39,394.58,798.91,394.01
782.14,371.67,783.92,370.93
802.05,422.04,801.66,422.07
752.10,384.00,753.43,384.76
748.60,383.94,747.70,384.01
796.95,438.68,798.82,438.93
799.48,393.83,799.52,398.08
801.98,421.58,801.54,421.30
818.48,330.69,818.22,330.94
801.27,444.58,805.64,441.72
788.27,356.51,788.73,357.62
801.46,421.51,800.65,421.18
800.60,394.70,801.02,395.66
775.69,332.99,775.09,332.30
801.48,422.41,800.68,422.71
797.99,395.50,799.52,398.08
798.39,394.58,799.52,398.08
775.69,332.99,774.32,332.97
801.48,422.41,800.96,423.22
797.99,395.50,798.39,394.58
773.78,332.41,774.43,332.10
803.74,420.02,803.17,419.52
761.38,382.83,761.99,382.67
797.73,396.67,799.52,398.08
803.91,420.32,803.17,419.52
797.99,395.50,799.52,398.08
770.36,360.67,770.56,360.75
798.55,403.76,798.58,401.89
803.74,420.02,802.83,419.48
759.17,367.99,763.12,368.08
797.73,396.67,797.99,395.50
803.33,420.70,802.60,421.46
801.30,396.87,801.40,398.20
801.40,398.20,799.52,398.08
801.32,399.51,799.52,398.08
801.40,398.20,801.32,399.51
801.06,400.69,799.52,398.08
776.57,337.12,776.47,335.53
802.42,440.14,801.45,440.05
779.46,343.33,781.55,336.84
801.06,400.69,799.52,398.08
800.65,401.60,799.52,398.08
799.55,402.34,799.52,398.08
800.13,402.17,799.55,402.34
799.55,402.34,799.52,398.08
798.97,402.09,799.52,398.08
799.55,402.34,798.97,402.09
797.65,397.97,799.52,398.08
798.02,400.49,799.52,398.08
799.46,339.12,799.51,338.68
796.70,400.11,798.14,399.99
797.75,399.29,799.52,398.08
798.02,400.49,797.75,399.29
797.75,399.29,797.65,397.97
803.86,434.55,803.58,434.58
776.45,366.53,775.97,365.44
793.47,389.19,794.32,389.34
794.57,388.79,794.75,388.87
818.36,353.08,818.63,354.33
793.47,389.19,793.46,389.79
793.47,389.19,794.57,388.79
801.26,431.32,800.98,431.34
777.30,408.58,778.03,405.13
794.67,401.12,798.72,408.58
816.07,353.12,815.41,353.12
782.05,400.61,782.30,398.28
802.16,426.82,801.36,427.12
781.25,331.37,781.20,330.72
776.78,325.06,776.63,325.44
783.19,404.50,782.30,398.28
778.92,392.70,779.90,391.44
781.25,331.46,781.20,330.72
784.88,395.58,782.30,398.28
777.07,325.35,776.63,325.44
775.60,371.27,775.61,370.24
782.34,395.98,782.30,398.28
783.19,404.50,777.30,408.58
780.59,414.98,781.37,415.32
776.91,402.27,777.33,404.11
801.59,435.96,801.04,435.19
778.48,393.66,778.92,392.70
803.66,434.52,803.30,434.06
809.11,353.03,813.02,353.03
776.86,400.19,776.91,402.27
777.12,401.12,776.91,402.27
779.58,398.08,780.10,394.06
779.55,393.83,779.58,398.08
778.51,394.58,779.58,398.08
782.19,391.16,781.46,390.70
802.53,427.15,801.64,427.63
779.00,394.01,779.55,393.83
800.99,400.45,801.13,400.31
779.58,398.08,779.55,393.83
779.58,398.08,781.01,395.66
780.60,394.70,779.58,398.08
779.58,398.08,778.51,394.58
778.13,395.50,779.58,398.08
779.58,398.08,781.27,396.87
781.01,395.66,779.58,398.08
777.89,396.67,778.13,395.50
799.34,340.46,799.18,340.53
777.89,396.67,779.58,398.08
781.27,396.87,781.37,398.20
802.45,441.60,802.11,442.17
808.48,371.65,811.06,378.03
828.54,355.65,826.96,355.65
779.58,398.08,781.37,398.20
781.27,396.87,779.58,398.08
781.37,398.20,779.58,398.08
773.51,351.45,772.72,352.83
781.29,399.51,781.04,400.69
808.48,371.65,808.48,369.38
779.58,398.08,781.04,400.69
781.04,400.69,779.58,398.08
779.58,398.08,780.16,402.17
780.65,401.60,779.58,398.08
780.16,402.17,779.61,402.34
829.03,348.45,829.96,350.66
779.58,398.08,779.61,402.34
780.16,402.17,779.58,398.08
791.50,360.00,791.33,362.16
779.61,402.34,779.06,402.09
779.58,398.08,779.06,402.09
828.49,348.66,829.73,350.75
779.61,402.34,779.58,398.08
803.35,430.42,803.02,430.92
779.58,398.08,778.56,401.45
803.18,430.11,802.90,430.14
779.06,402.09,779.58,398.08
778.56,401.45,779.58,398.08
828.08,350.09,829.55,351.37
779.58,398.08,777.89,396.67
770.72,368.93,772.02,368.81
803.01,431.54,802.04,431.54
811.00,387.34,806.40,387.50
776.89,353.78,776.30,354.68
777.81,397.97,779.58,398.08
800.77,428.11,800.34,428.46
779.58,398.08,777.90,399.29
828.25,351.17,829.62,351.83
778.16,400.49,779.58,398.08
800.59,426.92,800.02,426.43
779.58,398.08,777.81,397.97
800.39,426.89,799.69,426.38
812.11,383.56,814.35,383.61
777.90,399.29,779.58,398.08
783.12,389.00,782.65,389.34
782.08,413.64,782.77,414.44
778.48,400.70,778.11,400.31
790.07,356.96,789.42,357.17
783.50,389.19,783.12,389.00
800.42,428.34,799.46,428.34
782.28,389.79,782.21,389.67
783.50,389.19,782.21,389.67
804.06,423.70,803.58,424.44
783.50,389.19,783.53,388.87
801.33,355.82,803.73,355.79
782.46,389.87,782.28,389.79
783.50,389.19,782.28,389.79
784.30,388.76,783.93,388.79
786.99,425.05,786.67,426.13
829.99,354.64,830.37,353.33
783.50,389.19,782.75,389.90
776.02,324.65,776.08,325.13
781.25,329.99,781.37,329.46
779.64,392.03,779.90,391.44
782.46,389.87,783.50,389.19
802.09,426.36,801.24,426.34
778.13,395.59,778.23,395.47
819.18,331.61,819.91,331.61
778.11,395.72,778.23,395.47
830.79,355.49,830.72,353.69
778.13,395.59,778.11,395.72
826.19,397.73,826.32,397.71
781.40,332.11,781.25,331.46
777.21,325.02,777.07,325.35
780.78,404.29,779.87,405.31
778.81,400.36,778.75,400.19
781.25,331.37,781.25,331.46
776.78,325.06,777.07,325.35
783.19,404.50,779.87,405.31
778.92,400.38,778.75,400.19
778.81,400.36,778.92,400.38
772.35,347.92,772.55,349.25
780.66,414.54,781.38,413.80
777.76,395.98,777.78,395.79
777.83,395.81,777.78,395.79
777.76,395.98,777.83,395.81
778.48,400.70,778.51,400.58
778.39,400.45,778.48,400.70
797.12,377.86,794.02,378.26
774.31,360.91,776.61,360.92
796.52,442.72,788.78,442.05
778.79,396.81,778.93,397.44
780.05,414.92,780.73,415.72
778.98,398.14,778.93,397.44
778.94,398.84,778.98,398.14
778.26,397.92,778.58,396.30
782.63,412.80,783.14,412.01
808.93,354.41,812.45,354.41
784.51,379.06,783.38,378.17
778.03,395.84,778.32,395.96
748.41,382.53,746.90,382.11
800.26,394.84,801.35,395.96
782.46,412.50,782.78,411.98
808.91,353.17,808.93,354.41
778.26,397.92,778.81,399.45
778.26,397.92,777.97,395.86
778.03,395.84,777.97,395.86
778.56,400.00,778.26,397.92
792.55,332.37,791.84,332.37
778.61,399.94,778.26,397.92
778.56,400.00,778.61,399.94
798.94,399.00,798.86,398.00
785.30,416.80,786.21,416.39
795.98,423.69,803.58,424.44
777.82,398.24,777.53,396.18
787.72,355.26,786.85,354.56
799.11,370.13,799.00,369.86
777.82,398.24,778.06,400.33
794.60,439.21,797.05,439.10
795.98,423.69,795.47,424.43
787.72,355.26,788.12,354.62
799.11,370.13,798.93,369.89
777.82,398.24,777.28,396.72
798.61,395.26,799.03,394.79
784.07,411.89,784.43,411.88
777.82,398.24,777.15,397.34
803.28,398.28,803.27,398.28
784.07,411.89,784.54,412.65
777.82,398.24,777.51,399.86
777.30,399.35,777.51,399.86
777.16,398.72,777.30,399.35
777.82,398.24,777.16,398.72
793.39,382.67,793.93,382.02
800.61,395.47,800.70,395.72
800.58,395.59,800.61,395.47
781.29,396.95,781.11,398.81
801.30,400.36,801.35,400.38
781.76,397.13,781.11,398.81
801.37,400.19,801.35,400.38
801.30,400.36,801.37,400.19
795.29,382.44,795.45,382.39
800.14,395.79,800.26,395.81
782.04,395.43,781.29,396.95
800.32,395.98,800.14,395.79
800.98,400.58,800.88,400.70
800.99,400.45,800.98,400.58
782.52,392.12,782.00,393.56
801.35,395.96,801.63,396.30
790.29,392.12,789.76,393.56
801.04,395.84,801.35,395.96
804.64,354.46,804.27,356.03
801.65,399.94,801.87,399.45
801.29,397.92,801.87,399.45
801.29,397.92,801.04,395.84
784.30,412.64,784.83,413.15
784.58,389.19,783.82,389.90
800.76,400.20,801.07,400.33
800.82,398.24,801.07,400.33
800.82,398.24,800.24,396.72
800.82,398.24,800.49,399.86
781.19,418.45,781.69,417.66
800.12,398.72,800.06,398.02
812.45,371.38,813.18,371.39
780.81,418.13,781.34,417.62
793.21,388.76,792.39,389.19
800.82,398.24,800.12,398.72
781.02,418.15,781.34,417.62
818.11,338.88,817.26,343.87
800.26,399.35,800.12,398.72
781.24,423.65,781.92,424.46
798.74,414.50,798.60,415.24
790.48,361.90,790.00,361.83
798.74,414.50,798.75,414.98
780.64,419.28,781.33,420.08
798.80,414.54,798.75,414.98
778.26,397.92,778.93,397.44
798.74,414.09,798.80,414.54
787.27,389.35,786.20,388.64
798.57,413.79,798.74,414.09
767.91,368.25,767.83,368.25
798.38,413.77,798.57,413.79
767.78,368.37,767.65,368.39
798.22,414.03,798.38,413.77
798.17,414.47,798.22,414.03
788.05,389.82,787.04,388.82
798.74,414.50,798.17,414.47
783.06,416.88,783.38,416.35
787.85,389.31,787.04,388.82
798.24,414.92,798.17,414.47
798.24,414.92,798.74,414.50
798.40,415.22,798.24,414.92
788.80,390.57,787.85,389.31
804.87,344.90,816.89,344.43
800.64,413.70,800.49,413.96
801.29,397.92,801.35,395.96
800.70,413.25,800.64,413.70
800.63,412.80,800.70,413.25
800.46,412.50,800.63,412.80
785.30,415.90,786.10,415.61
800.63,413.22,800.46,412.50
789.50,391.58,788.64,390.09
800.26,412.48,800.46,412.50
785.30,415.90,785.81,415.11
752.24,384.35,750.98,384.74
777.82,398.24,777.48,396.24
800.11,412.74,800.26,412.48
805.39,329.87,805.43,329.69
803.28,336.29,817.57,334.94
800.06,413.19,800.11,412.74
800.63,413.22,800.06,413.19
790.12,392.83,789.50,391.58
805.39,336.33,805.43,335.90
800.13,413.64,800.06,413.19
790.12,392.83,789.37,391.15
800.13,413.64,800.63,413.22
800.29,413.93,800.13,413.64
800.82,398.24,800.11,397.34
802.37,411.20,802.54,411.50
805.24,344.73,804.87,344.90
802.54,411.92,802.17,411.18
802.01,411.44,802.17,411.18
805.24,344.73,817.25,344.26
802.54,411.92,801.96,411.89
802.03,412.34,801.96,411.89
781.09,390.89,778.97,391.69
818.37,338.75,817.57,343.49
802.20,412.64,802.54,411.92
799.41,418.86,799.27,419.60
779.80,373.70,777.62,373.88
828.13,365.76,821.79,365.67
799.41,418.86,799.42,419.34
814.55,354.09,812.03,354.13
783.84,421.58,784.63,421.30
828.13,365.76,821.76,365.58
799.41,418.86,799.47,418.90
830.49,419.27,830.49,420.22
799.41,418.45,799.47,418.90
799.24,418.15,799.41,418.45
799.41,418.86,799.24,418.15
799.04,418.13,799.24,418.15
755.55,377.47,755.20,377.63
801.29,397.92,801.85,396.81
798.84,418.83,798.89,418.39
799.41,418.86,798.84,418.83
798.91,419.28,799.41,418.86
802.61,344.88,805.36,344.33
801.32,418.08,801.17,418.34
800.63,413.22,800.63,412.80
801.37,417.64,801.32,418.08
751.33,379.35,750.69,380.61
801.30,417.18,801.37,417.64
801.14,416.88,801.30,417.18
800.94,416.86,801.14,416.88
800.78,417.12,800.94,416.86
801.30,417.60,800.78,417.12
800.73,417.56,800.78,417.12
801.30,417.60,800.73,417.56
784.91,417.04,785.44,417.55
800.82,398.24,800.46,396.24
800.80,418.02,801.30,417.60
781.61,423.98,782.28,424.50
802.40,341.09,803.20,341.64
800.97,418.31,800.80,418.02
781.85,423.28,782.68,423.32
803.24,416.80,803.08,417.06
784.19,440.48,784.70,439.68
818.55,366.04,819.18,367.70
784.54,369.73,788.85,368.16
803.22,416.32,803.24,416.80
781.62,422.53,782.29,422.04
803.22,415.90,803.29,416.36
781.41,422.50,781.94,421.99
803.05,415.60,803.22,415.90
803.22,416.32,803.05,415.60
781.24,422.76,781.65,422.43
802.85,415.58,803.05,415.60
803.22,416.32,802.85,415.58
781.17,423.20,781.54,423.18
802.70,415.84,802.85,415.58
781.24,423.65,781.64,423.95
802.64,416.29,802.70,415.84
798.91,358.70,798.33,358.35
803.22,416.32,802.64,416.29
823.84,352.84,821.03,353.99
781.40,423.95,781.92,424.46
757.58,377.56,756.89,377.56
798.40,415.22,798.60,415.24
802.71,416.74,802.64,416.29
773.83,370.33,773.76,370.42
783.66,422.74,784.33,423.26
802.88,417.04,803.22,416.32
802.71,416.74,803.22,416.32
783.66,422.74,784.63,422.83
802.88,417.04,802.71,416.74
771.45,359.05,771.54,360.00
800.08,423.24,799.94,423.98
781.70,392.35,780.41,394.23
783.90,422.04,784.63,421.30
800.10,423.72,799.94,423.98
771.45,359.05,771.38,360.00
800.08,423.24,800.10,423.72
774.92,356.59,777.73,356.59
811.81,372.71,815.14,372.71
783.46,421.25,783.70,421.18
799.91,422.53,800.08,422.82
811.80,372.84,814.99,372.84
783.29,421.51,783.58,421.93
786.09,440.48,786.41,440.95
799.72,422.50,799.91,422.53
800.08,423.24,799.72,422.50
805.37,354.22,802.96,354.26
783.22,421.95,783.69,422.71
799.56,422.76,799.72,422.50
800.08,423.24,799.56,422.76
805.08,353.17,805.83,354.22
783.28,422.41,783.97,423.22
798.53,393.99,797.95,392.46
799.51,423.20,799.56,422.76
800.08,423.24,799.51,423.20
800.29,413.93,800.49,413.96
799.58,423.65,799.51,423.20
799.58,423.65,800.08,423.24
782.09,330.65,782.99,330.58
799.74,423.95,799.58,423.65
802.00,422.48,801.84,422.74
801.30,417.60,801.30,417.18
801.98,421.58,802.05,422.04
801.81,421.28,801.98,421.58
801.98,421.99,801.81,421.28
801.62,421.25,801.81,421.28
801.98,421.99,801.62,421.25
801.98,421.99,801.41,421.95
802.20,412.64,802.40,412.66
801.48,422.41,801.41,421.95
827.41,402.35,828.09,401.60
788.87,351.89,789.28,354.43
801.65,422.71,801.98,421.99
827.95,401.73,828.09,401.60
801.48,422.41,801.98,421.99
803.90,420.73,803.77,421.48
803.92,421.22,803.77,421.48
803.90,420.73,803.98,420.78
801.35,400.38,801.60,400.00
803.74,420.02,803.91,420.32
803.90,420.73,803.74,420.02
803.54,419.99,803.74,420.02
803.90,420.73,803.54,419.99
803.38,420.25,803.54,419.99
795.46,410.62,794.20,409.87
803.33,420.70,803.38,420.25
782.85,418.31,783.73,418.87
825.78,396.02,827.41,396.50
803.90,420.73,803.33,420.70
799.07,419.57,799.27,419.60
803.40,421.16,803.33,420.70
823.30,373.23,823.85,373.23
778.16,393.73,776.46,392.53
826.43,396.64,827.95,397.10
803.40,421.16,803.90,420.73
821.01,373.15,823.30,373.23
781.82,393.98,780.41,394.23
803.57,421.46,803.40,421.16
787.31,347.69,787.22,347.87
802.79,440.88,802.65,441.63
823.17,373.09,820.81,373.01
781.90,396.03,780.83,396.15
800.99,400.45,801.09,400.28
802.81,441.38,802.65,441.63
802.79,440.88,802.62,440.17
802.42,440.14,802.62,440.17
802.79,440.88,802.42,440.14
802.21,440.83,802.27,440.39
802.45,441.60,802.79,440.88
802.28,441.29,802.79,440.88
804.72,439.72,804.58,440.48
804.72,439.72,804.74,440.23
811.31,367.55,811.43,367.64
801.98,421.99,801.98,421.58
804.79,439.78,804.74,440.23
804.72,439.72,804.79,439.78
804.72,439.32,804.79,439.78
804.72,439.72,804.55,439.01
781.40,423.95,782.28,424.50
804.72,439.72,804.35,438.98
802.88,417.04,803.08,417.06
811.03,391.81,811.04,391.99
804.21,440.13,804.14,439.67
804.21,440.13,804.72,439.72
804.38,440.44,804.21,440.13
802.11,436.45,801.97,437.20
802.13,436.94,801.97,437.20
768.96,365.49,771.33,363.05
802.11,436.45,802.13,436.94
810.25,360.94,809.20,365.91
803.90,420.73,803.91,420.32
802.18,436.50,802.13,436.94
786.09,440.48,786.77,441.01
801.94,435.74,802.11,436.04
817.10,330.06,817.51,334.85
786.26,440.23,787.07,440.59
799.77,366.34,799.94,366.09
801.74,435.71,801.94,435.74
785.20,370.74,783.47,370.66
786.33,439.78,787.18,439.83
799.89,366.17,800.06,365.91
801.59,435.96,801.74,435.71
787.36,302.41,792.20,302.41
786.10,439.01,787.07,439.04
802.11,436.45,801.59,435.96
786.10,439.01,786.78,438.52
799.47,368.93,808.46,369.14
802.11,436.45,801.53,436.40
788.40,302.99,783.60,303.00
785.71,439.23,786.42,438.46
772.27,357.10,772.09,355.56
801.77,437.16,802.11,436.45
785.89,438.98,786.42,438.46
785.71,439.23,786.12,438.89
796.12,379.51,796.06,380.32
797.98,397.91,798.11,395.84
801.77,437.16,801.60,436.86
804.03,435.27,803.89,436.02
793.27,379.10,796.07,379.55
804.05,435.77,803.89,436.02
804.03,435.27,804.05,435.77
800.91,393.37,801.56,393.63
803.86,434.55,804.03,434.86
796.78,377.97,797.21,377.75
800.27,393.57,798.91,394.01
756.69,385.16,756.94,385.34
803.66,434.52,803.86,434.55
831.57,394.44,831.55,396.15
822.44,377.44,822.44,379.34
783.42,435.74,784.38,435.77
804.03,435.27,803.66,434.52
803.51,434.78,803.66,434.52
803.45,435.22,803.51,434.78
804.03,435.27,803.45,435.22
792.20,302.17,788.62,302.72
747.43,375.88,748.10,375.83
783.21,435.71,783.74,435.19
801.65,422.71,801.84,422.74
803.52,435.68,804.03,435.27
774.80,373.77,777.62,373.88
784.87,431.58,785.19,432.06
801.02,395.66,802.15,394.33
803.69,435.99,803.52,435.68
801.43,432.03,801.29,432.77
809.38,333.02,809.54,332.71
747.77,375.46,747.92,375.73
783.03,436.86,783.44,437.15
801.45,432.52,801.29,432.77
800.83,367.43,802.36,367.46
804.72,439.72,804.72,439.32
801.50,432.08,801.45,432.52
783.80,441.60,784.69,442.17
801.43,432.03,801.50,432.08
801.30,396.87,802.62,395.40
801.43,431.62,801.50,432.08
801.26,431.32,801.43,431.62
785.49,434.55,786.46,434.58
801.43,432.03,801.26,431.32
801.06,431.29,801.26,431.32
809.22,333.38,809.53,333.22
785.49,434.55,786.17,434.06
801.43,432.03,801.06,431.29
801.43,432.03,800.91,431.54
799.14,357.98,798.63,357.86
801.09,432.74,800.93,432.44
803.34,430.83,803.21,431.58
799.23,360.44,799.43,360.67
803.37,431.32,803.21,431.58
799.14,360.31,799.31,360.52
803.42,430.88,803.37,431.32
803.35,430.42,803.42,430.88
803.18,430.11,803.35,430.42
809.22,331.29,809.53,331.45
782.82,431.32,783.49,430.83
803.34,430.83,803.18,430.11
802.98,430.08,803.18,430.11
803.34,430.83,802.98,430.08
802.82,430.34,802.98,430.08
803.34,430.83,802.82,430.34
802.77,430.78,802.82,430.34
803.34,430.83,802.77,430.78
803.01,431.54,803.34,430.83
802.84,431.24,803.34,430.83
803.01,431.54,802.84,431.24
798.02,400.49,799.76,401.81
800.77,428.11,800.62,428.37
782.33,371.04,782.32,371.12
800.75,427.62,800.77,428.11
785.52,421.46,786.41,422.01
804.03,435.27,804.03,434.86
800.82,427.67,800.77,428.11
804.05,360.91,803.12,365.32
800.59,426.92,800.75,427.22
800.75,427.62,800.59,426.92
800.39,426.89,800.59,426.92
800.75,427.62,800.39,426.89
791.57,320.33,791.86,320.32
793.03,333.41,792.22,333.43
777.38,395.70,775.47,395.84
777.02,403.76,775.91,401.89
800.18,427.58,800.23,427.14
800.75,427.62,800.18,427.58
770.93,359.05,771.45,359.05
802.66,426.40,802.53,427.15
825.71,397.21,825.75,397.45
802.68,426.89,802.53,427.15
794.69,362.80,795.21,353.74
808.97,366.33,808.86,366.42
801.43,432.03,801.43,431.62
802.73,426.45,802.68,426.89
801.92,391.79,801.68,393.53
802.66,425.99,802.73,426.45
802.50,425.69,802.66,425.99
802.30,425.66,802.50,425.69
802.14,425.92,802.30,425.66
802.66,426.40,802.14,425.92
802.09,426.36,802.14,425.92
785.27,435.99,785.80,436.50
802.66,426.40,802.09,426.36
782.82,431.32,783.78,431.34
812.00,366.47,811.64,368.33
803.34,430.83,803.35,430.42
780.66,414.54,780.59,414.98
828.16,385.43,827.37,384.79
784.06,425.66,784.59,425.15
780.08,414.50,780.66,414.54
783.23,304.35,787.16,303.90
782.44,431.54,783.14,430.78
780.43,413.79,780.59,414.09
808.24,333.22,808.55,333.38
782.37,431.98,782.84,431.21
793.87,389.67,794.31,390.42
780.22,413.77,780.43,413.79
807.82,333.27,808.13,333.43
782.43,432.44,782.73,431.96
780.05,414.03,780.22,413.77
779.99,414.47,780.05,414.03
782.60,432.74,782.84,432.74
784.87,431.58,785.55,432.11
780.08,414.50,780.05,414.92
792.58,303.74,788.59,304.52
785.04,431.32,785.84,431.68
780.21,415.22,780.08,414.50
785.05,430.42,785.85,430.14
784.88,430.11,785.56,429.62
800.75,427.62,800.75,427.22
782.69,413.25,782.63,413.70
784.67,430.08,785.20,429.57
804.03,398.26,803.20,398.21
774.13,349.15,775.89,348.42
782.63,412.80,782.69,413.25
779.29,352.85,778.20,353.30
782.11,413.22,782.69,413.25
782.11,413.22,782.63,412.80
784.43,430.78,784.79,430.76
782.26,412.48,782.46,412.50
782.09,412.74,782.26,412.48
803.90,400.32,803.11,399.70
782.02,413.19,782.09,412.74
782.11,413.22,782.09,412.74
782.21,428.37,782.88,428.90
763.87,377.92,762.94,377.64
801.09,432.74,801.29,432.77
782.11,413.22,782.02,413.19
782.11,413.22,782.08,413.64
782.25,413.93,782.11,413.22
784.17,411.92,784.69,412.40
784.17,411.92,784.76,411.95
802.84,403.60,802.34,402.07
784.52,411.20,784.69,411.50
784.17,411.92,784.69,411.50
803.01,431.54,803.21,431.58
784.17,411.92,784.07,411.89
780.67,418.86,781.18,419.34
780.08,414.50,780.43,413.79
781.19,418.45,781.25,418.90
783.96,369.72,783.96,369.64
780.67,418.86,781.25,418.90
780.67,418.86,781.19,418.45
799.37,403.34,799.83,401.89
780.81,418.13,781.02,418.15
780.67,418.86,780.81,418.13
780.58,418.83,780.65,418.39
780.67,418.86,780.65,418.39
800.42,428.34,800.62,428.37
780.67,418.86,780.58,418.83
780.81,419.57,780.64,419.28
780.67,418.86,780.64,419.28
800.12,359.59,800.03,360.00
770.40,359.05,770.93,359.05
782.71,417.60,783.23,418.08
770.40,359.05,770.33,360.00
782.71,417.60,783.30,417.64
783.06,416.88,783.23,417.18
782.71,417.60,783.23,417.18
782.86,416.86,783.06,416.88
801.56,393.63,800.91,393.37
782.68,417.12,782.86,416.86
800.27,393.57,801.02,393.27
782.62,417.56,782.68,417.12
769.95,379.28,770.32,378.49
782.68,418.02,782.62,417.56
802.15,394.33,801.56,393.63
782.85,418.31,782.68,418.02
784.77,416.32,785.30,416.80
784.17,411.92,784.52,411.20
785.30,415.90,785.36,416.36
784.77,416.32,785.36,416.36
784.77,416.32,785.30,415.90
773.09,349.55,774.79,348.84
784.92,415.58,785.13,415.60
784.77,416.32,784.92,415.58
793.15,360.77,793.56,358.92
784.77,416.32,784.75,415.84
780.21,415.22,780.42,415.24
784.77,416.32,784.68,416.29
767.80,378.31,768.09,377.97
781.78,423.72,781.61,423.98
781.27,423.24,781.78,423.72
781.27,423.24,781.85,423.28
781.62,422.53,781.78,422.82
781.24,422.76,781.41,422.50
781.27,423.24,781.41,422.50
808.88,353.33,799.81,353.33
781.27,423.24,781.24,422.76
764.00,378.46,764.31,378.43
782.11,413.22,782.46,413.96
781.24,423.65,781.17,423.20
782.25,413.93,782.46,413.96
781.27,423.24,781.24,423.65
781.40,423.95,781.27,423.24
783.83,422.48,783.66,422.74
783.90,422.04,783.83,422.48
783.31,421.99,783.83,422.48
774.52,380.45,775.19,371.86
783.31,421.99,783.90,422.04
783.67,421.28,783.84,421.58
783.31,421.99,783.84,421.58
799.77,369.64,799.02,369.63
783.46,421.25,783.67,421.28
799.05,399.44,799.29,400.74
783.29,421.51,783.46,421.25
783.31,421.99,783.46,421.25
801.37,355.83,800.73,359.58
783.22,421.95,783.29,421.51
783.31,421.99,783.29,421.51
784.17,411.92,784.52,412.66
798.88,397.96,799.03,396.48
783.28,422.41,783.22,421.95
784.30,412.64,784.52,412.66
783.45,422.71,783.31,421.99
785.91,421.22,785.73,421.48
793.35,362.82,793.15,360.77
785.97,420.78,785.91,421.22
785.38,420.73,785.91,421.22
784.77,416.32,785.13,415.60
800.10,391.71,801.00,391.43
785.91,420.32,785.97,420.78
770.87,359.57,770.95,359.95
788.86,354.67,789.28,354.43
785.38,420.73,785.97,420.78
785.74,420.02,785.91,420.32
770.87,359.57,770.22,360.00
785.38,420.73,785.91,420.32
802.68,392.69,801.92,391.79
785.53,419.99,785.74,420.02
785.35,420.25,785.53,419.99
785.38,420.73,785.53,419.99
799.29,392.62,799.98,391.61
785.29,420.70,785.35,420.25
785.38,420.73,785.35,420.25
763.84,382.89,763.50,382.78
780.67,418.86,781.01,419.60
785.35,421.16,785.29,420.70
803.36,394.23,802.75,392.78
785.38,420.73,785.35,421.16
785.52,421.46,785.38,420.73
784.25,440.94,784.19,441.38
783.67,440.88,784.19,441.38
781.27,423.24,781.62,422.53
784.19,440.48,784.25,440.94
783.67,440.88,784.25,440.94
784.02,440.17,784.19,440.48
783.81,440.14,784.02,440.17
783.64,440.39,783.81,440.14
783.67,440.88,783.81,440.14
783.57,440.83,783.64,440.39
783.67,440.88,783.64,440.39
800.12,359.59,799.30,359.95
782.71,417.60,783.06,418.34
783.63,441.29,783.57,440.83
782.85,418.31,783.06,418.34
783.67,440.88,783.57,440.83
783.67,440.88,783.63,441.29
783.80,441.60,783.67,440.88
786.26,440.23,786.09,440.48
786.33,439.78,786.26,440.23
785.74,439.72,786.26,440.23
798.91,359.59,799.00,360.00
783.31,421.99,783.67,421.28
786.27,439.32,786.33,439.78
786.10,439.01,786.27,439.32
794.83,347.62,804.42,348.42
785.89,438.98,786.10,439.01
785.71,439.23,785.89,438.98
799.24,403.43,800.20,404.35
785.64,439.67,785.71,439.23
763.05,382.59,763.50,382.78
784.77,416.32,785.12,417.06
785.71,440.13,785.64,439.67
785.88,440.44,785.71,440.13
787.43,303.99,792.30,306.23
785.74,439.72,785.71,440.13
785.88,440.44,785.74,439.72
783.58,436.94,783.41,437.20
783.20,304.64,782.91,304.89
783.65,436.50,783.58,436.94
785.38,420.73,785.74,420.02
783.59,436.04,783.65,436.50
783.06,436.45,783.65,436.50
797.98,397.91,798.29,399.96
783.42,435.74,783.59,436.04
798.13,397.91,798.26,395.88
783.21,435.71,783.42,435.74
783.04,435.96,783.21,435.71
783.06,436.45,783.21,435.71
782.97,436.40,783.04,435.96
783.06,436.45,783.04,435.96
781.27,423.24,781.61,423.98
783.03,436.86,782.97,436.40
799.45,391.29,797.89,390.89
783.20,437.16,783.06,436.45
785.65,435.77,785.48,436.02
744.93,373.36,747.70,373.48
785.13,435.27,785.48,436.02
785.72,435.32,785.65,435.77
785.13,435.27,785.65,435.77
783.67,440.88,784.02,440.17
785.66,434.86,785.72,435.32
785.49,434.55,785.66,434.86
795.91,393.73,795.84,392.14
785.28,434.52,785.49,434.55
785.10,434.78,785.28,434.52
785.13,435.27,785.28,434.52
785.03,435.22,785.10,434.78
785.13,435.27,785.10,434.78
762.31,384.21,760.97,384.98
783.31,421.99,783.66,422.74
785.10,435.68,785.03,435.22
785.27,435.99,785.10,435.68
785.13,435.27,785.10,435.68
803.27,398.28,803.08,396.03
782.98,432.52,782.81,432.77
785.74,439.72,786.10,439.01
782.44,431.54,782.61,431.29
802.23,404.12,803.05,402.49
782.37,431.98,782.44,431.54
785.38,420.73,785.73,421.48
782.43,432.44,782.37,431.98
799.29,404.93,800.54,405.28
785.11,430.88,785.04,431.32
784.52,430.83,785.04,431.32
784.52,430.83,785.11,430.88
784.88,430.11,785.05,430.42
784.49,430.34,784.67,430.08
796.10,397.90,795.62,395.72
784.43,430.78,784.49,430.34
760.60,384.48,759.16,384.38
783.67,440.88,784.01,441.63
784.49,431.24,784.43,430.78
784.66,431.54,784.49,431.24
784.52,430.83,784.49,431.24
796.48,400.13,797.56,402.13
782.38,428.11,782.21,428.37
746.20,373.74,746.32,373.58
781.86,427.62,782.21,428.37
781.86,427.62,782.38,428.11
785.13,435.27,785.49,434.55
782.38,427.22,782.45,427.67
786.48,366.24,786.46,366.19
781.86,427.62,782.45,427.67
782.22,426.92,782.38,427.22
795.99,390.58,796.28,391.02
781.86,427.62,782.01,426.89
781.86,427.62,781.84,427.14
785.74,439.72,786.09,440.48
781.83,428.04,781.77,427.58
785.88,440.44,786.09,440.48
781.86,427.62,781.77,427.58
796.06,388.85,796.17,389.10
782.00,428.34,781.86,427.62
743.40,375.31,743.73,380.93
784.05,427.12,784.26,427.15
784.44,426.89,784.26,427.15
743.40,380.61,743.73,380.93
783.92,426.40,784.26,427.15
783.89,425.92,784.06,425.66
783.92,426.40,784.06,425.66
783.82,426.36,783.89,425.92
783.92,426.40,783.89,425.92
784.05,427.12,783.88,426.82
783.92,426.40,783.88,426.82
784.05,427.12,783.92,426.40
800.98,445.11,805.08,442.72
796.52,442.72,800.98,445.11
796.82,389.31,795.99,388.82
798.18,445.86,800.98,445.11
796.52,442.72,798.18,445.86
784.52,430.83,784.88,430.11
795.49,446.33,798.18,445.86
785.29,446.33,786.41,446.48
796.52,442.72,786.41,446.48
773.23,358.74,771.99,357.17
784.25,445.86,785.29,446.33
796.52,442.72,785.29,446.33
784.03,445.11,784.25,445.86
749.10,373.70,747.70,373.48
785.27,435.99,785.48,436.02
796.52,442.72,784.25,445.86
796.52,442.72,788.38,442.72
784.03,445.11,796.52,442.72
786.38,425.53,786.42,427.16
803.53,406.21,803.22,405.53
779.87,411.68,786.42,427.16
779.87,411.68,787.34,423.17
786.38,425.53,779.87,411.68
822.29,360.98,822.43,360.96
781.86,427.62,782.22,426.92
786.73,424.02,779.87,411.68
786.38,425.53,786.73,424.02
803.82,424.02,804.38,423.16
796.95,411.68,803.61,427.16
800.01,335.47,800.49,334.39
803.53,425.53,803.61,427.16
782.60,432.74,782.81,432.77
803.82,424.02,796.95,411.68
743.55,382.10,743.54,381.94
781.50,349.85,781.50,350.91
782.46,432.03,782.81,432.77
803.53,425.53,796.95,411.68
803.82,424.02,803.53,425.53
770.12,378.87,773.74,379.06
795.98,423.69,787.90,423.70
783.92,426.40,784.50,426.45
788.99,422.97,787.90,423.70
804.43,421.62,805.03,422.14
805.07,422.97,805.03,422.14
809.67,359.55,810.25,360.94
795.98,423.69,788.99,422.97
791.43,422.14,788.99,422.97
795.25,421.45,793.54,421.62
784.66,431.54,784.87,431.58
795.98,423.69,795.25,421.45
784.52,430.83,784.87,431.58
793.38,384.17,784.59,383.61
803.21,421.45,795.25,421.45
801.34,406.21,801.34,405.53
799.76,405.02,800.78,405.15
791.92,405.02,799.76,405.02
764.25,352.54,763.21,354.24
791.24,408.10,791.92,405.02
790.52,405.15,791.92,405.02
764.25,352.54,762.15,353.81
791.24,408.10,793.61,410.62
787.28,364.21,787.31,364.25
791.24,408.10,790.52,405.15
788.82,405.53,790.52,405.15
791.98,398.66,790.10,396.95
782.92,411.10,790.58,411.10
791.24,408.10,782.92,411.10
781.92,410.98,782.92,411.10
791.24,408.10,786.81,406.21
781.30,409.97,791.24,408.10
792.16,401.60,792.07,400.57
781.34,410.62,781.30,409.97
806.23,441.74,806.07,441.46
806.46,441.39,806.23,441.74
791.94,341.15,790.53,341.22
792.18,353.45,792.42,353.22
795.13,388.64,793.21,388.76
789.29,441.73,788.97,441.39
789.04,441.46,789.29,441.73
784.00,349.19,785.18,349.15
795.98,423.69,805.07,422.97
786.68,427.41,786.67,426.13
805.01,424.39,804.73,425.06
804.68,427.41,806.46,441.39
796.35,341.28,795.19,341.46
798.37,391.15,796.54,390.09
808.12,440.03,806.46,441.39
808.12,440.03,805.73,423.62
804.61,426.13,804.68,427.41
804.61,426.13,808.12,440.03
786.99,425.05,787.62,424.38
786.99,425.05,792.07,440.03
807.72,439.10,808.19,439.60
774.00,350.43,775.77,350.95
797.77,441.73,808.19,439.60
797.77,441.73,806.55,438.93
797.05,439.10,798.82,438.93
797.77,441.73,798.82,438.93
782.37,320.03,781.92,319.82
794.82,439.60,797.05,439.10
800.12,359.59,800.22,360.09
797.77,441.73,792.34,440.40
798.91,371.27,798.82,370.43
799.54,372.10,800.22,367.30
800.29,362.80,800.29,358.71
818.89,340.64,800.10,345.96
799.53,362.80,800.22,358.30
781.90,396.03,781.82,393.98
808.97,353.33,802.20,353.45
828.87,339.81,829.21,339.80
800.47,354.99,807.67,354.90
744.87,377.84,743.54,381.94
799.71,372.63,799.12,372.62
767.28,371.38,768.31,377.75
783.28,304.17,783.49,302.94
773.34,373.20,773.44,373.12
807.67,358.86,800.47,358.88
822.11,329.93,822.11,333.99
795.99,388.82,794.05,388.64
800.47,362.80,800.47,358.88
771.39,380.44,772.39,380.44
809.01,362.87,800.47,362.80
800.47,366.73,800.47,362.80
809.01,362.87,800.47,366.73
783.23,304.35,783.28,304.17
774.73,373.66,774.80,373.77
807.67,366.85,800.47,366.73
782.13,396.01,781.90,396.03
819.38,330.73,819.63,330.98
807.67,370.81,800.47,370.61
771.65,361.44,773.52,362.49
808.97,372.40,802.20,372.18
779.33,401.98,779.76,400.97
807.94,370.23,807.94,367.45
800.29,370.44,799.28,370.13
808.12,440.03,804.73,425.06
767.06,349.73,764.66,350.35
800.29,366.89,799.28,367.22
780.24,345.32,804.87,344.90
799.45,367.08,799.28,367.22
780.24,345.32,794.06,345.32
799.45,367.08,800.29,366.89
800.47,366.73,800.29,366.89
817.24,333.39,817.03,333.31
806.23,370.45,799.45,370.27
800.47,370.61,799.45,370.27
764.52,350.28,763.12,351.92
806.23,370.45,799.45,370.27
800.29,370.44,799.28,370.13
766.93,380.73,767.49,380.76
800.22,370.03,800.29,370.44
774.52,380.51,775.34,371.33
804.79,333.40,805.05,333.88
799.21,367.55,799.28,367.22
800.29,366.89,799.28,367.22
799.45,367.08,806.23,367.20
800.47,366.73,799.45,367.08
772.09,346.42,774.24,346.25
807.67,370.81,806.23,370.45
770.95,348.95,772.65,349.36
806.41,370.31,799.28,370.13
806.48,369.97,806.41,370.31
779.77,392.69,778.97,391.69
806.48,367.70,807.86,367.03
800.47,358.88,799.21,358.43
761.98,378.84,762.32,379.17
799.39,355.30,800.29,355.17
800.29,358.71,799.21,358.43
799.14,358.08,799.21,358.43
800.22,355.58,799.21,355.45
801.71,340.00,801.90,339.57
800.22,355.58,800.29,355.17
799.21,355.45,806.29,355.22
808.69,331.68,808.89,331.79
786.99,425.05,786.67,426.13
806.29,358.55,806.48,358.40
792.89,341.21,793.79,342.41
777.51,393.57,778.11,393.37
807.67,358.86,806.29,358.55
807.86,358.69,807.67,358.86
800.22,358.30,799.14,358.08
824.78,377.05,825.11,377.77
800.22,355.58,799.14,355.79
776.55,395.23,778.51,394.58
800.22,358.30,800.22,355.58
806.48,355.36,806.29,355.22
807.86,355.07,806.48,355.36
807.67,354.90,807.86,355.07
777.14,400.10,778.42,398.66
803.20,341.64,803.08,342.17
799.39,355.30,799.21,355.45
807.94,358.27,807.86,358.69
806.55,355.71,806.55,358.04
799.14,355.79,806.55,355.71
799.14,358.08,799.14,355.79
807.86,355.07,806.48,355.36
806.55,355.71,807.86,355.07
807.94,355.49,807.86,355.07
806.55,358.04,806.55,355.71
828.75,418.89,829.63,419.12
807.94,358.27,806.55,358.04
795.88,339.86,796.00,339.75
798.60,354.20,798.50,355.12
795.67,339.74,795.81,339.64
798.50,370.46,798.50,362.79
795.67,339.33,795.81,339.64
795.90,362.79,798.50,362.79
795.90,362.79,798.50,370.46
795.90,355.12,795.66,355.16
776.19,397.96,777.89,396.67
798.50,355.12,795.90,355.12
762.78,376.12,762.32,376.70
807.94,370.23,807.86,370.64
776.30,399.42,776.19,397.96
798.82,370.43,798.50,362.79
762.32,376.70,762.24,376.39
806.48,369.97,806.41,370.31
777.90,399.29,776.59,400.74
798.50,362.79,798.82,362.79
798.91,354.32,798.82,362.79
802.88,334.94,790.90,335.72
799.21,369.79,800.29,370.44
795.66,362.79,795.90,362.79
805.29,333.31,804.79,333.40
800.22,367.30,800.29,366.89
795.66,370.43,795.90,370.46
795.78,354.20,795.54,354.35
798.83,362.79,798.82,362.79
798.60,371.38,798.91,371.27
748.97,384.50,749.91,384.58
799.17,371.87,798.60,371.38
798.90,372.06,798.60,371.38
799.17,353.72,798.91,354.32
799.14,358.08,799.21,358.43
799.17,353.72,798.83,362.79
803.40,338.88,802.58,343.87
795.46,372.06,798.60,371.38
795.78,371.38,798.60,371.38
795.59,362.79,795.66,362.79
798.82,362.79,798.82,355.15
795.54,371.23,795.78,371.38
808.48,369.38,831.21,369.85
795.46,372.06,795.54,371.23
795.21,371.85,795.54,371.23
771.14,369.92,771.52,369.49
800.62,368.18,799.74,365.78
795.21,362.79,795.54,354.35
794.68,353.50,795.21,353.74
790.10,350.37,786.78,350.86
780.83,398.26,780.71,400.32
798.90,353.52,795.46,353.52
799.54,372.10,799.17,371.87
759.97,374.06,759.89,373.56
799.14,355.79,799.21,355.45
780.33,402.16,779.72,403.60
799.54,353.49,799.31,353.27
801.22,353.24,799.54,353.49
799.54,353.49,799.53,362.80
794.99,372.32,798.90,372.06
799.71,357.77,799.17,358.05
806.55,358.04,806.48,358.40
795.59,362.79,795.54,371.23
796.23,378.86,796.28,378.79
792.39,353.24,794.99,353.27
768.09,377.97,768.41,377.86
799.53,362.80,799.17,371.87
799.53,362.80,799.12,362.79
778.09,404.74,777.23,404.35
799.17,371.87,799.12,362.79
801.59,353.23,801.22,353.24
801.82,353.46,801.22,353.24
802.14,339.29,802.40,339.19
818.48,337.57,818.29,336.38
799.14,358.08,800.29,358.71
801.44,353.46,801.22,353.24
790.00,358.16,790.47,358.08
794.99,372.32,795.21,371.85
794.68,372.12,795.21,371.85
801.22,372.38,794.99,372.32
794.69,362.80,795.21,362.79
801.97,353.22,801.59,353.23
792.42,353.22,792.22,353.23
776.16,399.44,775.84,401.83
794.68,353.50,794.99,353.27
782.62,332.33,782.37,332.65
799.78,339.05,799.83,338.68
806.55,358.04,799.21,358.43
801.59,353.23,801.22,353.24
832.08,339.24,830.36,339.34
776.97,394.21,777.51,393.57
801.59,353.23,801.82,353.46
792.15,372.16,794.68,372.12
777.78,395.79,777.53,396.18
791.97,353.45,792.15,353.46
799.12,362.79,798.83,362.79
798.48,353.34,792.42,353.22
807.67,354.90,800.47,354.99
794.68,372.12,794.99,372.32
792.39,372.39,801.22,372.38
792.14,362.81,792.15,372.16
791.97,353.45,792.18,353.45
803.99,346.37,827.42,346.34
794.99,353.27,795.46,353.52
795.90,356.15,798.48,356.05
799.02,353.33,798.48,353.34
831.54,431.96,831.85,432.23
780.12,398.21,780.01,396.74
807.94,358.27,807.94,355.49
777.83,395.81,777.78,395.79
823.15,355.30,823.13,355.25
808.97,353.33,807.94,358.27
757.84,384.52,757.98,384.76
791.97,372.17,792.15,372.16
821.12,355.39,820.87,355.64
791.97,362.81,791.97,353.45
792.18,353.45,791.97,353.45
758.23,374.14,758.19,374.60
799.71,353.11,799.12,353.11
799.81,353.33,799.12,353.11
808.78,353.10,808.88,353.33
802.20,372.18,801.59,372.40
810.20,355.46,809.88,355.72
801.97,372.41,801.59,372.40
810.07,355.41,811.56,354.13
780.27,347.88,780.25,348.42
792.42,372.41,792.22,372.40
791.97,362.81,791.97,372.17
782.62,417.56,783.09,418.32
811.10,371.46,811.15,372.70
792.18,353.45,792.17,362.82
793.56,358.92,794.20,357.45
793.88,359.08,794.20,357.45
793.88,359.08,794.50,357.67
795.90,356.15,798.48,356.05
772.50,369.85,774.24,370.78
801.22,353.24,799.31,353.27
798.48,356.05,798.47,356.39
799.02,353.33,798.48,353.34
792.41,303.57,787.36,302.41
799.02,353.33,799.02,356.10
799.81,353.33,799.02,353.33
808.88,362.87,808.88,353.33
808.88,362.87,809.01,353.43
809.01,362.87,809.01,353.43
792.18,372.19,791.97,372.17
792.18,372.19,792.22,372.40
792.42,372.41,792.22,372.40
799.12,372.62,799.02,372.40
815.36,351.50,815.54,351.26
792.39,353.24,792.15,353.46
792.18,372.19,792.17,362.82
818.97,346.50,818.79,346.89
801.59,372.40,801.82,372.17
791.85,341.77,791.70,341.54
793.48,360.86,793.88,359.08
793.88,359.08,794.50,357.67
795.29,356.76,796.28,357.93
767.45,378.79,767.43,379.55
795.29,356.76,794.50,357.67
778.35,393.71,779.53,392.14
795.29,356.76,795.90,356.15
796.16,356.44,795.90,356.15
799.77,356.09,799.13,356.36
793.75,341.41,792.35,341.48
808.78,372.63,799.71,372.63
799.77,369.64,799.02,372.40
798.48,369.67,799.02,369.63
782.37,328.61,782.62,328.89
784.74,394.65,787.24,394.16
777.98,404.93,778.66,405.28
798.48,372.39,792.18,372.19
798.69,372.62,798.48,372.39
798.48,372.39,799.12,372.62
798.69,372.62,799.12,372.62
793.48,360.86,793.15,360.77
795.32,360.96,795.70,359.27
795.32,360.96,793.88,359.08
818.97,346.50,819.04,345.93
801.59,372.40,801.22,372.38
791.85,341.77,791.85,341.53
793.48,360.86,793.56,358.92
793.48,360.86,793.88,359.08
800.27,341.88,801.37,341.13
797.85,356.76,797.02,357.06
796.16,356.44,797.02,357.06
800.27,341.88,801.42,341.77
797.85,356.76,799.13,356.36
799.77,356.09,799.69,356.38
794.68,372.12,795.21,362.79
758.34,377.61,759.20,376.12
800.92,356.56,799.77,356.09
800.54,356.74,800.92,356.56
791.97,353.45,792.15,353.46
800.92,356.56,808.88,353.33
776.44,373.47,774.52,372.69
791.97,362.81,792.15,353.46
808.88,362.87,808.88,353.33
809.01,372.30,809.01,362.87
816.96,339.90,815.36,339.98
808.88,362.87,808.88,372.40
800.92,369.17,799.77,369.64
808.88,372.40,799.77,372.40
799.77,369.64,799.77,372.40
799.77,369.64,799.02,369.63
799.13,369.37,799.02,369.63
798.29,399.96,798.13,397.91
799.77,356.09,799.02,356.10
799.77,369.64,799.13,369.37
798.98,358.65,799.08,358.21
799.13,369.37,799.02,369.63
784.59,386.64,783.34,383.17
802.97,353.39,802.65,357.87
795.90,369.54,798.48,369.67
798.48,372.39,798.48,369.67
792.18,372.19,798.48,372.39
793.15,364.87,793.01,362.82
793.15,364.87,793.35,362.82
793.48,364.79,793.35,362.82
814.02,340.05,812.44,340.13
785.39,389.42,785.89,390.22
793.48,360.86,795.32,360.96
795.19,362.83,795.32,360.96
795.19,362.83,793.48,360.86
793.35,362.82,793.48,360.86
800.54,362.87,800.54,356.74
800.92,362.87,800.92,356.56
808.88,362.87,800.92,362.87
808.88,372.40,808.88,362.87
800.92,369.17,808.88,372.40
819.14,383.80,823.98,378.91
792.39,372.39,794.99,372.32
799.69,369.35,799.77,369.64
792.15,372.16,794.68,372.12
800.54,369.00,799.69,369.35
815.64,351.56,815.92,351.33
830.27,393.83,830.34,394.29
799.69,369.35,799.13,369.37
797.93,355.12,797.82,355.20
798.47,369.34,799.13,369.37
798.47,369.34,798.48,369.67
789.49,393.99,786.82,392.62
808.24,333.05,808.46,333.08
793.56,366.73,793.15,364.87
793.48,364.79,793.15,364.87
817.96,372.94,818.11,372.80
790.74,405.02,801.55,403.03
808.30,333.41,808.24,333.05
793.88,366.57,793.48,364.79
788.40,302.99,788.38,302.87
793.35,362.82,795.19,362.83
806.64,343.22,817.89,343.22
803.38,331.99,803.74,332.29
793.48,364.79,793.35,362.82
800.54,369.00,800.92,369.17
800.54,362.87,800.54,369.00
811.11,340.19,809.56,340.27
795.90,369.54,796.16,369.25
800.51,365.78,801.51,360.91
794.19,368.22,793.56,366.73
778.92,400.38,778.56,400.00
793.88,366.57,793.56,366.73
777.72,409.33,777.30,408.58
776.96,346.40,777.62,346.12
795.70,366.39,793.48,364.79
779.50,410.62,777.30,408.58
793.88,366.57,793.48,364.79
797.85,368.93,800.54,362.87
777.76,395.98,777.53,396.18
800.54,369.00,800.54,362.87
800.08,422.82,800.15,423.28
797.85,368.93,800.54,369.00
774.31,360.91,772.30,360.91
795.67,338.46,795.81,338.13
797.85,368.93,797.02,368.62
795.00,369.19,794.19,368.22
794.50,368.00,794.19,368.22
795.00,369.19,794.50,368.00
795.29,368.92,794.50,368.00
787.43,395.08,789.74,394.91
795.00,369.19,795.29,368.92
793.88,366.57,795.70,366.39
796.28,367.74,793.88,366.57
794.50,368.00,793.88,366.57
827.55,371.81,828.31,371.82
794.50,368.00,796.28,367.74
797.02,368.62,796.28,367.74
794.50,368.00,797.02,368.62
795.29,368.92,797.02,368.62
795.46,372.06,795.78,371.38
794.50,368.00,795.29,368.92
755.20,377.99,754.71,382.20
797.33,362.29,797.54,363.24
829.14,367.98,828.45,366.20
830.21,352.80,829.93,354.10
830.20,354.11,829.93,354.10
797.06,449.39,789.22,449.38
830.46,352.80,830.20,354.11
807.28,362.51,807.12,362.85
830.21,352.80,830.46,352.80
783.93,388.79,784.40,388.69
784.30,388.76,785.12,388.64
784.59,386.64,788.31,386.91
820.93,367.82,819.25,367.79
805.66,440.93,805.64,441.72
799.91,366.58,826.17,367.15
795.20,425.66,803.35,425.67
830.21,352.80,830.46,352.80
795.20,425.66,803.42,427.09
830.21,352.80,830.62,352.65
795.24,427.08,803.42,427.09
830.42,352.65,830.62,352.65
824.85,394.79,833.07,382.69
812.25,365.53,813.24,360.94
832.68,352.75,830.21,352.80
831.01,425.89,831.91,426.69
832.68,352.75,830.42,352.65
832.81,352.61,830.42,352.65
831.01,425.89,832.44,426.41
777.07,340.58,777.42,338.92
805.49,422.37,805.45,421.49
830.75,352.71,827.43,352.71
831.34,423.91,832.46,423.31
827.23,352.71,830.75,352.71
831.53,424.50,832.46,423.31
802.35,406.29,803.09,406.79
831.31,352.71,830.75,352.71
831.34,423.91,831.93,422.86
827.23,352.71,831.31,352.71
831.71,387.29,818.96,387.04
811.43,367.64,809.83,367.61
830.74,352.85,830.70,354.15
830.71,423.81,831.06,424.05
800.93,406.11,802.35,406.29
831.47,354.15,830.70,354.15
830.51,425.04,831.05,425.23
830.74,352.85,831.47,354.15
830.52,424.34,831.05,425.23
831.44,352.85,831.47,354.15
830.51,425.04,831.38,426.24
830.74,352.85,831.44,352.85
809.83,367.61,809.20,365.91
827.03,352.85,826.75,354.15
792.64,406.11,800.93,406.11
827.02,354.15,826.75,354.15
827.03,352.85,827.02,354.15
827.28,352.85,827.02,354.15
827.03,352.85,827.28,352.85
746.83,377.40,745.82,377.34
792.21,412.92,798.29,445.37
809.19,365.49,810.16,360.93
829.43,354.11,829.46,352.81
830.17,352.80,829.46,352.81
788.43,406.79,791.11,421.49
754.76,383.68,755.95,382.54
830.20,354.11,830.17,352.80
829.43,354.11,830.20,354.11
755.95,382.54,756.11,382.29
809.19,365.49,808.91,365.49
829.59,352.67,833.69,352.67
829.59,352.67,833.49,352.66
790.32,413.09,792.21,412.92
830.15,352.66,833.49,352.66
829.59,352.67,830.15,352.66
803.14,365.41,804.09,360.92
801.07,355.51,802.52,354.27
827.03,352.85,829.46,352.81
758.02,378.14,758.01,377.77
826.75,354.15,829.43,354.11
831.47,354.15,831.44,352.85
773.75,337.26,773.18,333.05
797.96,359.36,804.01,358.36
802.36,367.46,800.83,367.43
827.02,354.15,830.70,354.15
827.02,354.15,827.28,352.85
800.83,367.43,800.23,365.78
830.17,352.80,833.65,352.80
787.08,425.67,787.10,427.09
830.17,352.80,830.20,354.11
748.96,384.23,749.87,384.30
832.81,352.61,830.42,352.65
827.28,352.85,830.75,352.71
831.31,352.71,830.75,352.71
831.31,352.71,830.74,352.85
831.44,352.85,831.31,352.71
830.15,352.66,833.49,352.66
800.72,368.10,800.99,368.10
830.15,352.66,833.65,352.80
799.88,365.77,800.99,368.10
830.17,352.80,833.65,352.80
803.42,427.09,803.35,425.67
827.43,352.71,827.28,352.85
827.03,352.85,827.43,352.71
827.23,352.71,827.43,352.71
829.59,352.67,830.15,352.66
830.17,352.80,830.15,352.66
800.72,368.10,802.84,368.13
829.46,352.81,830.17,352.80
800.72,368.10,802.57,368.13
829.46,352.81,827.03,352.85
772.34,379.77,769.38,379.66
830.49,352.72,828.15,352.76
802.57,368.13,802.97,366.23
824.10,352.76,824.30,352.77
824.52,383.99,823.86,384.17
828.15,352.76,827.59,352.77
824.77,382.24,824.36,382.67
803.24,366.23,802.97,366.23
827.58,352.91,827.55,354.20
768.81,354.47,768.07,356.24
828.31,354.19,827.55,354.20
767.68,354.49,766.95,356.25
828.27,352.91,828.31,354.19
827.58,352.91,828.27,352.91
797.38,382.38,796.93,383.37
808.97,366.33,809.71,368.28
823.90,352.91,823.62,354.19
823.89,354.20,823.62,354.19
793.40,420.92,795.25,421.45
782.76,371.05,780.93,372.17
766.83,358.16,766.08,360.00
824.15,352.91,823.89,354.20
764.43,364.29,765.26,366.30
830.69,352.87,830.45,352.86
791.11,421.49,793.54,421.62
762.53,366.25,763.66,368.09
830.98,354.16,830.69,352.87
763.68,368.03,765.07,369.66
830.70,354.15,830.98,354.16
827.28,352.85,830.74,352.85
811.64,368.33,812.06,366.38
826.25,354.16,826.29,352.87
788.53,422.36,791.11,421.49
765.55,368.97,767.06,370.26
826.99,352.86,826.29,352.87
764.66,369.64,766.29,371.04
827.02,354.15,826.99,352.86
766.29,371.04,768.12,372.15
826.25,354.16,827.02,354.15
768.00,372.25,769.99,373.07
830.29,352.72,830.49,352.72
765.96,372.92,768.04,373.42
826.98,352.72,830.29,352.72
767.97,373.34,770.09,373.51
826.42,352.72,826.98,352.72
818.35,366.48,819.13,368.48
823.90,352.91,826.29,352.87
826.25,354.16,826.29,352.87
778.70,364.87,778.25,366.57
823.62,354.19,826.25,354.16
777.67,350.64,779.17,350.29
823.90,352.91,823.62,354.19
819.13,368.48,821.16,368.53
830.69,352.87,828.27,352.91
828.31,354.19,828.27,352.91
779.65,347.82,780.39,348.01
830.98,354.16,828.31,354.19
830.69,352.87,830.98,354.16
821.16,368.53,821.60,366.53
823.89,354.20,827.55,354.20
782.14,348.33,783.92,349.07
827.58,352.91,827.55,354.20
787.81,442.19,788.78,442.05
782.04,348.84,783.74,349.55
824.15,352.91,827.58,352.91
783.92,349.07,785.56,350.07
823.89,354.20,824.15,352.91
745.65,371.11,747.25,373.10
821.89,366.53,821.60,366.53
826.99,352.86,830.45,352.86
800.04,337.26,801.20,333.57
787.44,350.19,788.85,351.84
830.70,354.15,830.45,352.86
784.03,445.11,784.25,445.86
745.65,371.11,746.88,373.52
826.99,352.86,827.02,354.15
829.59,352.67,827.23,352.71
824.15,352.91,827.59,352.77
827.58,352.91,827.59,352.77
786.59,356.08,787.05,358.01
828.15,352.76,827.58,352.91
830.49,352.72,828.15,352.76
804.42,357.37,804.55,357.49
800.78,405.15,801.34,405.53
828.27,352.91,828.15,352.76
830.49,352.72,828.27,352.91
830.69,352.87,830.49,352.72
830.29,352.72,830.69,352.87
826.98,352.72,830.29,352.72
827.43,352.71,830.75,352.71
830.45,352.86,830.29,352.72
774.93,352.04,773.75,353.04
831.14,368.74,831.90,366.69
826.99,352.86,830.45,352.86
823.90,352.91,824.15,352.91
824.30,352.77,824.15,352.91
823.90,352.91,824.30,352.77
824.10,352.76,824.30,352.77
826.99,352.86,826.98,352.72
790.52,405.15,792.64,406.11
769.80,352.84,768.81,354.47
826.29,352.87,826.99,352.86
831.90,366.69,831.60,366.69
769.80,352.84,767.68,354.49
826.29,352.87,823.90,352.91
824.10,352.76,823.90,352.91
826.42,352.72,824.10,352.76
826.29,352.87,826.42,352.72
767.26,356.37,766.83,358.16
821.01,352.82,821.21,352.82
824.48,352.82,821.21,352.82
788.43,406.79,790.52,405.15
825.03,352.82,824.48,352.82
758.84,382.90,758.94,382.48
821.01,352.82,825.03,352.82
824.47,352.96,824.44,354.24
758.94,382.48,759.19,378.17
825.19,354.24,824.44,354.24
825.15,352.96,825.19,354.24
824.47,352.96,825.15,352.96
781.92,410.98,782.92,411.10
820.81,354.24,820.54,354.24
821.06,352.96,820.81,354.24
820.81,352.96,821.06,352.96
827.55,354.20,827.29,352.91
781.30,409.97,786.81,406.21
827.55,354.20,827.82,354.20
824.15,352.91,827.58,352.91
779.34,363.32,778.70,364.87
823.13,354.20,823.17,352.92
823.86,352.91,823.17,352.92
823.89,354.20,823.86,352.91
823.13,354.20,823.89,354.20
776.59,348.01,779.65,347.82
823.30,352.78,827.34,352.78
804.89,421.92,803.62,421.74
827.14,352.77,827.34,352.78
823.85,352.77,827.14,352.77
823.30,352.78,823.85,352.77
786.76,427.45,789.04,441.46
780.27,347.88,782.04,348.84
820.81,352.96,823.17,352.92
823.13,354.20,823.17,352.92
786.75,426.03,804.35,424.79
796.20,325.73,795.96,325.60
820.54,354.24,823.13,354.20
820.81,352.96,820.54,354.24
825.19,354.24,825.15,352.96
827.82,354.20,825.19,354.24
804.67,424.05,805.37,423.32
827.54,352.92,827.82,354.20
786.46,353.81,786.59,356.08
820.81,354.24,824.44,354.24
824.47,352.96,824.44,354.24
820.81,354.24,821.06,352.96
787.21,356.87,787.45,357.85
823.86,352.91,827.29,352.91
823.89,354.20,827.55,354.20
823.86,352.91,823.89,354.20
826.42,352.72,824.10,352.76
821.06,352.96,824.48,352.82
796.95,438.68,795.75,421.97
824.47,352.96,824.48,352.82
825.03,352.82,824.47,352.96
772.62,350.21,771.18,351.44
827.34,352.78,825.03,352.82
794.60,439.21,793.82,422.17
825.15,352.96,825.03,352.82
827.34,352.78,825.15,352.96
827.14,352.77,827.34,352.78
829.59,352.67,831.31,352.71
769.91,351.42,769.80,352.84
827.14,352.77,827.54,352.92
824.30,352.77,827.59,352.77
827.29,352.91,827.14,352.77
805.01,424.39,804.73,425.06
823.86,352.91,827.29,352.91
768.67,352.86,767.68,354.49
821.21,352.82,821.06,352.96
767.97,354.67,767.26,356.37
773.82,358.80,774.10,360.00
820.81,352.96,821.21,352.82
823.30,352.78,823.85,352.77
767.42,354.43,766.68,356.21
823.86,352.91,823.85,352.77
764.08,357.84,766.23,358.08
823.30,352.78,823.86,352.91
823.17,352.92,823.86,352.91
791.45,324.48,778.72,324.48
800.29,366.89,800.47,366.73
763.75,360.00,763.91,360.00
775.80,355.26,775.70,355.74
823.17,352.92,820.81,352.96
821.01,352.82,820.81,352.96
823.30,352.78,821.01,352.82
806.46,441.39,804.68,427.41
823.17,352.92,823.30,352.78
761.74,364.22,763.21,365.76
821.41,352.88,818.17,352.88
821.96,352.87,821.41,352.88
817.97,352.87,821.96,352.87
763.12,368.08,764.52,369.72
821.40,353.01,821.37,354.28
762.71,377.84,762.74,377.86
822.12,354.28,821.37,354.28
808.12,440.03,806.23,441.74
822.08,353.01,822.12,354.28
821.40,353.01,822.08,353.01
764.12,369.96,765.74,370.64
817.77,353.01,817.50,354.28
817.77,354.28,817.50,354.28
818.02,353.01,817.77,354.28
817.77,353.01,818.02,353.01
824.44,354.24,824.18,352.97
824.44,354.24,824.71,354.24
753.12,377.87,752.09,377.81
821.06,352.96,824.47,352.96
778.42,348.27,780.25,348.42
820.06,354.24,820.10,352.97
808.87,347.58,808.85,347.73
820.78,352.97,820.10,352.97
806.69,438.49,807.72,439.10
778.35,347.73,780.27,347.88
820.81,354.24,820.78,352.97
820.06,354.24,820.81,354.24
782.89,348.86,785.78,348.77
820.22,352.83,824.23,352.83
824.03,352.83,824.23,352.83
784.78,352.54,785.82,354.24
817.77,353.01,820.10,352.97
820.06,354.24,820.10,352.97
785.35,351.98,786.46,353.81
817.50,354.28,820.06,354.24
783.74,327.47,784.00,327.91
800.29,362.80,800.47,362.80
817.77,353.01,817.50,354.28
824.43,352.97,822.08,353.01
822.12,354.28,822.08,353.01
789.26,423.32,791.53,422.74
787.31,355.75,787.21,356.87
824.71,354.24,822.12,354.28
814.71,406.80,816.56,404.46
817.77,354.28,821.37,354.28
780.38,360.00,780.25,361.75
821.40,353.01,821.37,354.28
774.13,349.15,774.24,349.22
818.02,353.01,821.40,353.01
772.50,350.15,772.62,350.21
817.77,354.28,818.02,353.01
828.97,359.53,831.73,359.56
752.24,384.60,751.29,384.68
820.78,352.97,824.18,352.97
777.01,347.19,777.23,347.09
823.30,352.78,821.01,352.82
830.72,339.72,831.27,341.08
776.38,386.45,755.04,384.21
818.02,353.01,821.41,352.88
788.97,441.39,792.07,440.03
821.40,353.01,821.41,352.88
821.96,352.87,821.40,353.01
778.57,333.17,778.26,328.39
768.43,352.79,767.97,354.67
822.08,353.01,821.96,352.87
767.42,354.43,766.68,356.21
824.23,352.83,822.08,353.01
789.29,441.73,797.77,441.73
764.58,355.73,764.08,357.84
824.43,352.97,824.23,352.83
826.42,352.72,828.15,352.76
763.92,357.83,763.75,360.00
824.03,352.83,824.43,352.97
820.77,352.83,824.03,352.83
795.69,324.15,795.27,324.20
821.21,352.82,824.48,352.82
761.03,360.00,761.20,362.15
824.18,352.97,824.03,352.83
820.77,352.83,824.18,352.97
791.55,347.73,791.40,348.83
761.84,383.10,760.86,382.70
820.78,352.97,824.18,352.97
817.77,353.01,818.02,353.01
817.77,353.01,818.17,352.88
790.63,347.57,790.65,347.76
817.97,352.87,818.17,352.88
820.22,352.83,820.77,352.83
820.78,352.97,820.77,352.83
822.26,359.55,823.04,359.55
820.22,352.83,820.78,352.97
822.83,360.96,823.04,359.55
820.10,352.97,820.78,352.97
822.83,360.96,822.26,359.55
820.10,352.97,817.77,353.01
820.22,352.83,817.97,352.87
799.53,362.80,800.29,358.71
760.55,369.61,764.52,369.72
820.10,352.97,820.22,352.83
764.00,378.46,764.00,378.08
814.97,352.93,815.18,352.93
762.62,369.05,763.95,372.03
818.39,352.93,815.18,352.93
773.97,357.36,773.80,357.54
818.93,352.93,818.39,352.93
780.38,360.00,780.25,361.75
814.97,352.93,818.93,352.93
819.09,354.32,818.35,354.33
819.06,353.07,819.09,354.32
785.05,341.09,785.70,342.17
818.38,353.07,819.06,353.07
819.70,360.96,819.14,359.56
814.78,353.07,814.51,354.32
814.78,354.33,814.51,354.32
815.03,353.07,814.78,354.33
814.78,353.07,815.03,353.07
821.37,354.28,821.12,353.02
821.37,353.03,821.12,353.02
821.64,354.29,821.37,353.03
821.37,354.28,821.64,354.29
776.38,386.45,774.95,385.63
818.02,353.01,821.40,353.01
812.65,359.55,818.60,359.58
817.03,354.29,817.07,353.03
796.27,400.19,797.15,402.27
817.03,354.29,817.77,354.28
820.97,352.88,821.17,352.89
812.34,410.72,812.18,410.50
817.73,352.88,820.97,352.88
817.19,352.89,817.73,352.88
817.03,354.29,817.07,353.03
814.51,354.32,817.03,354.29
820.25,410.72,818.61,411.14
778.02,333.85,778.57,333.17
774.69,343.18,778.32,342.39
814.78,353.07,814.51,354.32
819.09,354.32,819.06,353.07
821.64,354.29,819.09,354.32
781.24,386.45,759.67,385.38
815.03,353.07,818.38,353.07
814.78,354.33,815.03,353.07
810.25,360.94,809.72,359.57
780.36,321.38,781.94,325.45
817.74,353.02,821.12,353.02
821.37,354.28,821.12,353.02
817.77,354.28,821.37,354.28
820.22,352.83,817.97,352.87
815.03,353.07,818.39,352.93
760.57,383.88,761.78,382.93
818.93,352.93,818.39,352.93
818.38,353.07,818.39,352.93
818.93,352.93,818.38,353.07
821.17,352.89,818.93,352.93
761.38,382.83,761.60,382.49
819.06,353.07,818.93,352.93
761.78,382.93,761.99,382.67
821.17,352.89,819.06,353.07
763.05,382.59,763.66,378.41
821.37,353.03,821.17,352.89
823.30,352.78,825.03,352.82
761.60,382.49,762.21,378.33
820.97,352.88,821.37,353.03
804.09,360.92,804.37,360.92
782.01,336.04,781.45,336.73
817.73,352.88,820.97,352.88
785.55,323.64,778.57,324.33
818.17,352.88,821.41,352.88
763.33,383.03,763.50,382.78
821.12,353.02,820.97,352.88
804.09,360.92,804.32,359.57
817.73,352.88,821.12,353.02
817.74,353.02,821.12,353.02
814.78,353.07,815.03,353.07
815.18,352.93,815.03,353.07
804.09,360.92,804.32,359.57
814.97,352.93,815.18,352.93
817.19,352.89,817.73,352.88
797.33,362.29,799.23,360.44
817.19,352.89,817.74,353.02
817.19,352.89,814.97,352.93
811.84,355.69,809.72,359.57
779.46,343.33,783.31,337.92
817.07,353.03,817.19,352.89
815.42,352.98,812.22,352.98
815.95,352.98,815.42,352.98
812.02,352.98,815.95,352.98
816.11,354.36,815.38,354.37
768.41,362.29,770.18,360.44
816.07,353.12,816.11,354.36
815.41,353.12,816.07,353.12
811.83,353.12,811.56,354.36
811.83,354.37,811.56,354.36
811.83,353.12,811.83,354.37
801.15,360.91,801.11,359.58
818.35,354.33,818.11,353.07
818.63,354.33,818.36,353.08
751.29,384.68,751.20,384.91
815.03,353.07,818.38,353.07
814.04,354.33,814.08,353.08
814.75,353.07,814.08,353.08
814.04,354.33,814.75,353.07
814.04,354.33,814.78,354.33
814.21,352.94,818.16,352.94
817.96,352.94,818.16,352.94
814.74,352.94,817.96,352.94
814.21,352.94,814.74,352.94
811.83,353.12,814.08,353.08
814.04,354.33,814.08,353.08
811.83,353.12,814.04,354.33
811.83,353.12,811.56,354.36
793.47,389.19,793.87,389.67
818.36,353.08,816.07,353.12
793.47,389.19,794.75,388.87
818.36,353.08,816.11,354.36
818.63,354.33,816.11,354.36
815.41,353.12,815.38,354.37
812.08,353.12,815.41,353.12
811.83,354.37,812.08,353.12
814.75,353.07,818.11,353.07
814.75,353.07,814.78,354.33
815.95,352.98,815.41,353.12
816.07,353.12,815.95,352.98
777.12,401.12,777.72,409.33
818.36,353.08,816.07,353.12
818.36,353.08,818.16,352.94
758.02,384.75,758.53,384.93
820.22,352.83,821.96,352.87
817.96,352.94,818.36,353.08
814.74,352.94,817.96,352.94
815.18,352.93,818.39,352.93
818.11,353.07,817.96,352.94
814.75,353.07,818.11,353.07
811.83,353.12,812.08,353.12
812.22,352.98,812.08,353.12
812.02,352.98,812.22,352.98
814.21,352.94,814.74,352.94
814.75,353.07,814.74,352.94
814.21,352.94,814.75,353.07
814.08,353.08,814.75,353.07
814.08,353.08,811.83,353.12
812.02,352.98,811.83,353.12
814.08,353.08,812.02,352.98
814.21,352.94,812.02,352.98
814.08,353.08,814.21,352.94
809.11,353.03,809.32,353.03
812.49,353.03,809.32,353.03
809.11,353.03,812.49,353.03
813.02,353.03,812.49,353.03
813.18,354.41,812.45,354.41
813.14,353.17,813.18,354.41
808.93,354.41,808.66,354.41
809.17,353.17,808.93,354.41
832.69,355.14,829.91,355.17
815.38,354.37,815.14,353.12
815.38,353.13,815.14,353.12
815.38,354.37,815.38,353.13
815.65,354.37,815.38,353.13
815.38,354.37,815.65,354.37
811.81,353.12,811.15,353.13
811.10,354.37,811.83,354.37
798.95,340.63,799.08,340.30
822.93,355.58,829.21,355.51
811.27,352.99,815.19,352.99
814.99,352.99,815.19,352.99
811.80,352.99,814.99,352.99
798.15,359.54,796.41,359.36
811.27,352.99,811.80,352.99
822.26,359.55,823.04,359.55
808.92,353.17,811.15,353.13
811.10,354.37,811.15,353.13
808.92,353.17,811.10,354.37
808.66,354.41,811.10,354.37
808.92,353.17,808.66,354.41
813.18,354.41,813.14,353.17
815.65,354.37,813.18,354.41
815.38,353.13,815.65,354.37
822.63,355.26,819.99,355.29
808.93,354.41,812.45,354.41
812.48,353.17,812.45,354.41
795.07,351.45,795.66,352.83
809.17,353.17,812.48,353.17
794.65,351.45,795.28,352.83
808.93,354.41,809.17,353.17
821.43,354.11,821.83,354.10
811.81,353.12,815.14,353.12
811.81,353.12,815.38,354.37
814.21,352.94,812.02,352.98
809.17,353.17,812.49,353.03
812.48,353.17,812.49,353.03
813.02,353.03,812.48,353.17
813.14,353.17,812.48,353.17
813.14,353.17,813.02,353.03
815.19,352.99,813.14,353.17
815.38,353.13,813.14,353.17
815.38,353.13,815.19,352.99
817.19,352.89,818.93,352.93
814.99,352.99,815.38,353.13
812.22,352.98,815.42,352.98
815.14,353.12,814.99,352.99
814.98,354.20,814.94,354.20
811.81,353.12,815.14,353.12
808.92,353.17,809.17,353.17
809.32,353.03,809.17,353.17
799.41,368.71,797.05,368.41
808.92,353.17,809.32,353.03
809.11,353.03,809.32,353.03
811.81,353.12,811.80,352.99
810.53,355.40,810.35,355.72
811.27,352.99,811.81,353.12
813.05,355.37,810.35,355.72
811.15,353.13,811.81,353.12
813.05,355.37,810.53,355.40
811.15,353.13,808.92,353.17
802.83,331.61,802.40,332.21
809.11,353.03,808.92,353.17
811.27,352.99,809.11,353.03
811.15,353.13,811.27,352.99
778.70,355.13,776.30,355.13
808.37,353.04,805.31,353.10
778.70,355.13,776.42,355.34
806.56,355.64,806.69,356.15
808.37,353.04,809.17,353.10
811.95,354.25,812.32,354.24
805.31,353.10,805.51,353.10
808.65,353.10,805.51,353.10
805.31,353.10,808.65,353.10
805.31,353.10,809.17,353.10
804.18,355.79,809.88,355.72
808.64,353.23,808.62,354.46
809.33,354.46,808.62,354.46
808.64,353.23,809.33,354.46
746.80,383.94,747.95,384.67
809.29,353.23,809.33,354.46
808.64,353.23,809.29,353.23
803.57,359.57,804.32,359.57
805.12,353.23,804.86,354.46
805.13,354.46,804.86,354.46
805.37,353.23,805.13,354.46
805.12,353.23,805.37,353.23
805.78,354.33,805.44,354.34
812.45,354.41,812.21,353.17
812.46,353.18,812.21,353.17
812.72,354.41,812.46,353.18
812.45,354.41,812.72,354.41
808.91,353.17,808.25,353.18
819.18,331.61,819.77,332.04
808.21,354.41,808.93,354.41
812.06,353.04,812.26,353.04
808.90,353.04,812.06,353.04
808.37,353.04,808.90,353.04
801.07,355.51,799.06,355.53
805.12,353.23,808.25,353.18
805.12,353.23,804.86,354.46
812.46,353.18,809.29,353.23
809.33,354.46,809.29,353.23
812.72,354.41,809.33,354.46
812.46,353.18,812.72,354.41
805.37,353.23,808.64,353.23
812.45,354.41,812.21,353.17
808.64,353.23,808.65,353.10
809.17,353.10,808.64,353.23
829.54,355.23,831.38,353.96
809.29,353.23,809.17,353.10
812.26,353.04,809.29,353.23
829.35,355.53,828.60,359.55
812.46,353.18,809.29,353.23
829.35,355.53,829.40,359.55
812.46,353.18,812.26,353.04
796.16,379.24,795.97,378.79
779.90,391.44,781.13,390.67
814.21,352.94,815.95,352.98
812.06,353.04,812.46,353.18
750.64,383.77,751.85,383.07
809.32,353.03,812.49,353.03
812.21,353.17,812.06,353.04
781.06,400.73,781.09,401.31
808.91,353.17,812.21,353.17
805.12,353.23,805.37,353.23
805.12,353.23,805.51,353.10
808.91,353.17,808.90,353.04
808.25,353.18,805.12,353.23
808.25,353.18,805.31,353.10
808.37,353.04,805.31,353.10
795.56,382.15,795.72,382.30
795.56,382.15,795.97,382.03
804.27,369.71,804.64,371.27
804.27,369.71,804.27,356.03
804.64,371.27,804.27,369.71
754.76,377.42,753.88,377.37
805.37,353.23,808.64,353.23
804.64,354.46,809.11,354.46
832.81,373.54,830.42,373.46
800.70,332.99,800.65,332.97
824.06,355.08,824.01,355.30
805.09,372.62,805.41,372.76
802.49,394.65,801.73,393.08
830.21,373.31,830.46,373.31
830.21,373.31,832.65,372.08
797.54,390.70,796.28,391.02
830.42,373.46,830.62,373.45
830.21,373.31,830.62,373.45
798.69,372.62,792.42,372.41
830.46,373.31,830.62,373.45
815.61,340.33,814.04,340.41
830.42,373.46,832.81,373.54
832.68,373.39,830.42,373.46
776.87,397.90,777.57,395.72
830.21,373.31,830.42,373.46
832.68,373.39,830.21,373.31
827.23,373.35,831.31,373.35
830.75,373.35,831.31,373.35
758.34,377.61,758.77,374.58
827.23,373.35,830.75,373.35
827.43,373.35,830.75,373.35
827.23,373.35,827.43,373.35
759.73,377.69,759.20,376.12
830.74,373.21,831.44,373.21
761.20,362.15,764.43,364.29
831.47,371.91,831.44,373.21
777.14,397.94,776.78,400.13
830.74,373.21,831.47,371.91
830.70,371.90,831.47,371.91
830.74,373.21,830.70,371.90
827.03,373.21,827.28,373.21
824.48,339.90,822.84,339.98
827.02,371.90,827.28,373.21
808.88,362.87,809.01,362.87
826.75,371.91,827.02,371.90
827.03,373.21,826.75,371.91
768.01,377.33,767.79,377.77
785.89,390.22,784.04,390.59
829.43,371.99,830.20,372.00
830.17,373.30,830.20,372.00
829.46,373.29,830.17,373.30
784.89,388.90,784.40,388.69
829.59,373.43,830.15,373.44
821.48,340.05,819.86,340.12
833.49,373.44,830.15,373.44
829.59,373.43,833.49,373.44
829.59,373.43,833.69,373.43
764.43,355.71,765.41,353.73
830.21,373.31,830.46,373.31
827.03,373.21,829.43,371.99
829.46,373.29,829.43,371.99
827.03,373.21,829.46,373.29
831.44,373.21,831.47,371.91
788.93,392.46,788.28,391.15
827.02,371.90,827.28,373.21
830.70,371.90,830.74,373.21
798.82,359.15,798.82,360.51
827.02,371.90,830.70,371.90
799.11,355.61,801.37,353.34
830.17,373.30,830.20,372.00
830.17,373.30,833.65,373.30
831.31,373.35,830.74,373.21
830.75,373.35,830.74,373.21
831.31,373.35,830.75,373.35
818.53,340.19,816.93,340.27
831.31,373.35,831.44,373.21
825.73,395.89,826.46,396.65
830.15,373.44,833.49,373.44
827.03,373.21,827.43,373.35
827.28,373.21,827.43,373.35
829.59,373.43,830.15,373.44
829.46,373.29,829.59,373.43
829.46,373.29,827.23,373.35
827.03,373.21,827.23,373.35
829.46,373.29,827.03,373.21
802.41,404.04,803.05,402.49
826.42,373.33,828.15,373.25
812.02,372.86,814.21,372.93
803.28,398.28,802.90,396.01
826.42,373.33,824.10,373.25
809.99,368.28,811.93,368.33
824.10,373.25,828.15,373.25
768.89,363.24,768.81,363.20
792.18,372.19,791.97,372.17
824.10,373.25,827.59,373.25
824.30,373.25,827.59,373.25
768.89,363.24,768.15,368.41
792.18,372.19,791.97,362.81
818.58,365.62,812.53,365.53
824.10,373.25,824.30,373.25
819.41,368.48,821.44,368.53
827.58,373.11,828.27,373.11
828.31,371.82,828.27,373.11
821.22,367.82,822.08,365.67
827.58,373.11,828.31,371.82
821.22,367.82,822.72,360.96
827.58,373.11,827.55,371.81
829.30,368.69,831.43,368.74
823.90,373.11,824.15,373.11
823.90,373.11,823.89,371.81
823.90,373.11,823.62,371.82
830.69,373.19,830.98,371.90
830.70,371.90,830.69,373.19
830.45,373.20,830.69,373.19
830.70,371.90,830.45,373.20
827.43,373.35,830.75,373.35
826.25,371.90,827.02,371.90
826.25,371.90,826.99,373.20
777.42,338.92,777.93,339.03
799.19,405.13,799.29,404.93
826.29,373.19,826.99,373.20
826.25,371.90,826.29,373.19
830.29,373.33,826.98,373.33
769.62,380.35,770.16,379.99
826.42,373.33,830.29,373.33
760.15,366.57,759.16,367.94
830.15,373.44,833.65,373.30
830.49,373.33,830.29,373.33
823.90,373.11,823.62,371.82
827.03,373.21,827.28,373.21
826.25,371.90,823.62,371.82
830.69,373.19,830.98,371.90
823.89,371.81,824.15,373.11
824.15,373.11,827.59,373.25
828.15,373.25,827.58,373.11
830.49,373.33,828.27,373.11
828.15,373.25,828.27,373.11
778.07,398.21,778.39,400.45
830.49,373.33,828.15,373.25
753.64,384.70,752.68,384.78
778.07,398.21,778.21,400.28
830.49,373.33,830.69,373.19
777.97,395.64,778.47,397.97
826.99,373.20,830.45,373.20
783.33,378.99,783.38,379.82
830.29,373.33,830.45,373.20
826.98,373.33,830.29,373.33
761.08,356.87,760.90,356.87
824.10,373.25,824.30,373.25
824.15,373.11,824.30,373.25
823.30,373.23,825.03,373.15
823.30,373.23,821.01,373.15
776.78,324.08,776.63,323.74
825.19,371.73,825.15,373.01
801.90,343.01,802.57,343.04
802.83,395.98,801.98,393.91
824.44,371.72,825.19,371.73
820.81,371.72,821.06,373.01
820.54,371.73,820.81,371.72
820.81,373.01,820.54,371.73
827.54,373.09,827.82,371.81
798.15,351.93,798.25,351.80
827.29,373.10,827.54,373.09
768.72,378.00,769.01,378.37
827.55,371.81,827.29,373.10
824.30,373.25,827.59,373.25
769.01,378.37,769.24,378.95
778.31,397.94,777.97,395.86
823.13,371.81,823.89,371.81
769.01,378.37,769.18,378.88
823.13,371.81,823.86,373.10
823.17,373.09,823.86,373.10
823.13,371.81,823.17,373.09
823.30,373.23,823.85,373.23
781.38,378.99,781.44,379.87
799.87,360.67,800.07,360.44
827.14,373.23,823.85,373.23
778.32,398.08,778.47,397.97
761.33,355.78,762.45,356.08
826.98,373.33,830.45,373.20
781.05,378.98,781.11,379.94
799.71,360.52,799.89,360.32
827.34,373.23,827.14,373.23
798.82,360.51,799.00,360.44
823.30,373.23,827.34,373.23
820.81,373.01,820.54,371.73
794.97,380.74,793.14,380.99
811.84,355.69,812.32,354.24
823.90,373.11,824.15,373.11
771.40,360.51,771.57,360.44
823.13,371.81,820.54,371.73
820.81,373.01,823.13,371.81
756.74,362.12,760.15,360.00
826.29,373.19,826.99,373.20
770.70,360.59,770.88,360.52
823.17,373.09,823.13,371.81
770.88,360.52,771.05,360.32
820.81,373.01,823.17,373.09
778.07,398.21,777.83,395.81
827.54,373.09,827.82,371.81
825.19,371.73,827.82,371.81
771.03,382.15,770.32,382.30
825.15,373.01,825.19,371.73
827.54,373.09,825.15,373.01
820.81,371.72,821.06,373.01
820.81,371.72,824.47,373.01
770.79,378.36,770.55,378.79
823.86,373.10,823.89,371.81
827.55,371.81,823.89,371.81
823.86,373.10,827.55,371.81
827.29,373.10,827.55,371.81
823.86,373.10,827.29,373.10
801.34,329.02,800.01,328.45
821.06,373.01,824.48,373.15
824.48,373.15,824.47,373.01
776.66,320.87,776.53,320.91
825.03,373.15,824.48,373.15
825.03,373.15,825.15,373.01
778.98,398.14,780.09,397.16
827.14,373.23,827.54,373.09
827.34,373.23,827.54,373.09
827.47,398.27,827.11,400.32
827.14,373.23,827.34,373.23
828.92,339.68,829.21,339.80
780.96,399.24,781.02,398.17
824.98,354.06,824.04,355.56
776.08,325.13,776.23,325.48
823.86,373.10,827.29,373.10
821.01,373.15,821.21,373.15
820.81,373.01,821.21,373.15
778.94,398.84,780.17,398.17
823.17,373.09,823.30,373.23
774.26,355.54,776.10,360.72
823.17,373.09,821.01,373.15
820.81,373.01,821.01,373.15
820.22,373.13,817.97,373.05
781.88,398.27,780.86,400.36
821.41,373.05,821.96,373.05
781.64,400.51,780.47,402.23
817.97,373.05,821.41,373.05
818.17,373.05,821.41,373.05
817.97,373.05,818.17,373.05
821.40,372.91,822.08,372.91
822.12,371.64,822.08,372.91
821.40,372.91,822.12,371.64
821.37,371.64,822.12,371.64
821.40,372.91,821.37,371.64
817.77,372.91,818.02,372.91
817.50,371.64,817.77,371.64
778.37,394.98,779.55,394.65
824.44,371.72,824.71,371.72
824.44,371.72,824.43,372.99
824.18,373.00,824.43,372.99
803.68,340.67,803.15,341.97
824.44,371.72,824.18,373.00
800.86,328.22,800.01,328.45
821.21,373.15,824.48,373.15
820.06,371.72,820.81,371.72
820.78,373.00,820.81,371.72
820.06,371.72,820.78,373.00
820.10,372.99,820.78,373.00
827.95,397.10,828.09,401.60
825.79,339.55,826.05,339.44
820.06,371.72,820.10,372.99
820.22,373.13,820.77,373.13
824.03,373.13,820.77,373.13
776.10,355.32,776.03,355.21
820.22,373.13,824.03,373.13
817.77,372.91,817.50,371.64
727.89,360.00,729.50,355.04
821.07,339.80,821.22,339.81
761.99,353.76,762.15,353.81
821.83,354.10,821.33,355.59
820.81,373.01,821.06,373.01
817.77,372.91,820.06,371.72
823.17,373.09,823.86,373.10
820.10,372.99,820.06,371.72
817.77,372.91,820.10,372.99
822.12,371.64,824.71,371.72
817.77,371.64,821.40,372.91
777.52,397.00,777.28,396.72
820.78,373.00,820.81,371.72
820.78,373.00,824.44,371.72
818.02,372.91,821.41,373.05
777.51,399.86,778.42,401.14
821.96,373.05,821.40,372.91
824.23,373.13,822.08,372.91
802.88,402.55,803.05,402.49
830.49,373.33,828.15,373.25
824.23,373.13,821.96,373.05
824.03,373.13,824.23,373.13
820.78,373.00,824.18,373.00
801.34,329.02,800.80,329.16
776.91,402.27,776.82,402.17
821.06,373.01,824.47,373.01
828.94,361.98,828.72,364.45
824.03,373.13,824.18,373.00
777.30,399.35,777.51,399.86
820.77,373.13,824.03,373.13
782.45,352.04,782.62,352.40
803.97,353.10,801.68,353.10
817.97,373.05,818.17,373.05
817.77,372.91,818.17,373.05
818.02,372.91,818.17,373.05
820.77,373.13,820.78,373.00
820.10,372.99,820.22,373.13
780.41,394.23,779.77,392.69
817.19,373.03,818.93,372.96
822.79,340.10,822.84,339.98
817.19,373.03,814.97,372.96
814.97,372.96,818.39,372.95
775.97,354.56,775.53,355.58
818.38,372.81,819.06,372.82
801.15,400.54,801.35,400.38
818.38,372.81,819.09,371.56
814.78,372.82,815.03,372.81
790.31,385.75,792.47,395.75
814.78,371.55,815.03,372.81
814.78,372.82,814.78,371.55
814.78,372.82,814.51,371.56
821.37,372.89,821.64,371.63
774.94,395.75,775.16,396.34
821.12,372.90,821.37,372.89
821.37,371.64,821.12,372.90
818.17,373.05,821.41,373.05
817.03,371.63,817.77,371.64
817.74,372.90,817.77,371.64
794.10,382.84,794.34,382.99
800.78,398.22,801.09,400.28
803.97,353.10,807.72,353.04
817.19,373.03,817.73,373.03
820.97,373.03,817.73,373.03
820.77,373.13,824.18,373.00
821.17,373.03,820.97,373.03
817.19,373.03,821.17,373.03
770.09,347.02,769.99,346.93
817.77,372.91,818.02,372.91
817.03,371.63,814.51,371.56
820.10,372.99,820.78,373.00
817.07,372.89,817.03,371.63
821.37,372.89,821.64,371.63
819.09,371.56,821.64,371.63
820.38,331.61,820.30,331.61
802.21,404.29,802.23,404.12
821.37,372.89,819.09,371.56
819.06,372.82,819.09,371.56
821.37,372.89,819.06,372.82
818.38,372.81,815.03,372.81
824.78,377.05,825.11,377.77
814.78,371.55,818.35,371.55
821.37,371.64,817.77,371.64
821.12,372.90,821.37,371.64
812.84,340.59,813.00,340.58
794.17,335.51,791.33,336.30
815.03,372.81,818.39,372.95
830.36,339.34,830.52,339.34
818.39,372.95,818.38,372.81
810.14,376.49,809.79,376.85
800.29,370.44,800.22,370.03
821.17,373.03,819.06,372.82
818.93,372.96,819.06,372.82
791.36,392.12,792.41,392.04
827.34,373.23,825.03,373.15
821.17,373.03,818.93,372.96
820.97,373.03,821.37,372.89
787.72,341.46,787.96,341.35
818.06,374.36,808.54,374.02
817.74,372.90,821.12,372.90
792.91,331.30,793.22,331.46
818.02,372.91,821.40,372.91
820.97,373.03,821.12,372.90
817.73,373.03,820.97,373.03
796.35,341.28,796.60,341.38
814.97,372.96,815.18,372.95
795.47,393.66,795.69,393.71
797.05,449.31,795.33,445.67
815.03,372.81,815.18,372.95
817.19,373.03,817.73,373.03
817.07,372.89,817.19,373.03
800.95,343.39,801.28,343.49
827.21,339.49,827.37,339.50
814.97,372.96,817.19,373.03
817.07,372.89,814.97,372.96
814.78,372.82,814.97,372.96
772.22,355.34,773.89,355.24
817.07,372.89,814.78,372.82
814.21,372.93,815.95,372.86
815.42,372.86,815.95,372.86
812.22,372.86,815.42,372.86
828.91,339.40,829.18,339.29
812.02,372.86,812.22,372.86
799.12,353.11,798.69,353.11
815.41,372.72,816.07,372.72
815.41,372.72,816.11,371.47
815.41,372.72,815.38,371.46
792.10,328.18,793.37,320.87
811.83,372.72,812.08,372.72
790.29,341.34,790.44,341.34
797.03,443.89,798.93,438.91
811.83,371.46,812.08,372.72
811.56,371.47,811.83,371.46
763.25,379.47,765.32,377.94
818.36,372.79,818.63,371.54
818.11,372.80,818.36,372.79
791.69,341.26,791.94,341.15
818.35,371.55,818.11,372.80
794.52,336.30,791.33,336.30
747.64,383.68,745.21,382.63
815.18,372.95,818.39,372.95
814.04,371.54,814.78,371.55
747.82,383.48,746.64,382.54
814.75,372.80,814.78,371.55
801.72,398.17,801.65,397.16
814.04,371.54,814.75,372.80
814.21,372.93,814.74,372.94
787.72,341.46,787.87,341.47
748.20,382.20,746.30,378.02
817.96,372.94,814.74,372.94
814.21,372.93,817.96,372.94
762.82,351.31,762.62,350.95
817.73,373.03,821.12,372.90
818.16,372.93,817.96,372.94
814.21,372.93,818.16,372.93
793.15,360.77,793.56,358.92
811.83,372.72,811.56,371.47
747.60,378.09,747.49,377.72
729.50,355.04,727.89,354.79
801.19,397.94,800.98,395.86
814.78,372.82,815.03,372.81
814.04,371.54,811.56,371.47
809.01,372.30,808.97,372.40
818.36,372.79,818.63,371.54
756.50,384.64,755.61,385.00
816.11,371.47,818.63,371.54
818.36,372.79,816.11,371.47
808.35,340.81,808.66,340.80
816.07,372.72,816.11,371.47
818.36,372.79,816.07,372.72
792.42,372.41,801.97,372.41
811.83,371.46,812.08,372.72
815.41,372.72,812.08,372.72
811.83,371.46,815.41,372.72
781.13,360.00,780.36,360.00
815.38,371.46,815.41,372.72
814.75,372.80,814.78,371.55
818.35,371.55,814.78,371.55
818.11,372.80,818.35,371.55
815.95,372.86,815.41,372.72
815.42,372.86,815.41,372.72
815.95,372.86,815.42,372.86
797.02,357.06,797.85,356.76
818.16,372.93,816.07,372.72
815.95,372.86,816.07,372.72
818.16,372.93,815.95,372.86
803.68,340.67,803.83,340.67
818.16,372.93,818.36,372.79
817.96,372.94,818.16,372.93
792.35,341.48,792.61,341.59
814.03,339.44,814.03,338.70
790.94,403.03,801.55,403.03
814.75,372.80,818.11,372.80
791.86,321.15,791.86,324.45
794.17,335.51,791.09,335.51
815.03,372.81,818.38,372.81
811.83,372.72,812.22,372.86
799.41,391.20,799.33,391.26
812.08,372.72,812.22,372.86
805.18,340.58,805.44,340.48
800.75,401.20,800.43,400.92
814.74,372.94,814.75,372.80
814.21,372.93,814.74,372.94
800.54,369.00,799.69,369.35
814.08,372.79,814.21,372.93
772.27,357.10,772.27,355.56
814.08,372.79,812.02,372.86
802.85,341.08,803.16,341.07
811.83,372.72,812.02,372.86
800.31,401.32,800.01,401.38
814.08,372.79,811.83,372.72
809.11,372.77,813.02,372.77
795.53,341.07,795.68,341.08
798.28,396.00,798.61,395.26
809.11,372.77,812.49,372.76
774.04,357.07,773.97,357.36
781.18,419.34,781.97,419.69
799.12,396.12,798.61,395.26
809.32,372.76,812.49,372.76
781.25,418.90,782.08,418.94
809.11,372.77,809.32,372.76
797.85,362.85,796.28,367.74
812.48,372.62,813.14,372.63
781.02,418.15,781.69,417.66
813.18,371.39,813.14,372.63
812.48,372.62,813.18,371.39
796.98,340.99,797.23,340.89
803.29,344.71,804.31,345.83
780.65,418.39,781.05,418.06
812.48,372.62,812.45,371.38
808.92,372.63,809.17,372.62
780.64,419.28,781.05,419.58
808.93,371.38,809.17,372.62
750.78,384.23,749.87,384.30
780.81,419.57,781.33,420.08
808.92,372.63,808.93,371.38
832.33,347.79,829.73,348.62
805.58,340.95,805.89,340.94
808.66,371.39,808.93,371.38
750.78,384.23,749.91,384.58
808.92,372.63,808.66,371.39
798.21,340.94,798.36,340.95
783.23,417.18,784.03,416.90
815.38,371.46,815.38,372.70
783.30,417.64,784.03,416.90
815.14,372.71,815.38,372.70
812.22,372.86,815.42,372.86
819.02,368.57,821.15,370.47
811.10,371.46,811.83,371.46
799.67,340.86,799.92,340.75
814.99,372.84,811.80,372.84
792.52,303.57,792.32,302.38
792.31,341.60,792.61,341.59
814.74,372.94,818.11,372.80
815.19,372.84,814.99,372.84
809.17,372.62,812.49,372.76
813.02,372.77,812.49,372.76
815.19,372.84,813.14,372.63
821.17,373.03,818.93,372.96
788.85,368.16,788.87,368.11
815.19,372.84,813.02,372.77
814.99,372.84,815.38,372.70
814.99,372.84,815.19,372.84
794.61,341.13,794.56,341.02
808.92,372.63,809.32,372.76
811.15,372.70,809.11,372.77
784.30,388.76,785.38,388.76
808.37,372.74,809.17,372.64
805.31,372.64,809.17,372.64
805.31,372.64,808.65,372.64
808.64,372.50,809.29,372.51
805.12,372.51,805.37,372.50
812.45,371.38,812.72,371.37
812.45,371.38,812.46,372.61
808.21,371.37,808.91,372.62
804.23,355.80,804.39,355.52
808.37,372.74,808.90,372.75
783.79,352.68,782.79,352.57
808.37,372.74,812.06,372.75
808.92,372.63,809.17,372.62
784.85,352.82,785.93,353.48
808.21,371.37,804.86,371.28
816.89,340.39,817.21,340.39
756.39,369.89,754.95,369.89
771.54,360.00,771.45,360.95
811.15,372.70,811.81,372.71
808.25,372.61,808.21,371.37
786.49,352.04,787.67,353.04
805.12,372.51,808.25,372.61
812.46,372.61,812.72,371.37
829.26,376.68,825.66,376.54
812.46,372.61,809.33,371.28
822.98,355.60,823.15,355.30
805.13,371.27,805.37,372.50
778.77,362.04,778.71,362.51
790.62,360.00,790.47,361.92
805.13,371.27,808.64,372.50
808.62,371.27,808.64,372.50
783.20,304.64,783.23,304.35
810.86,340.30,811.11,340.19
778.77,362.04,775.53,362.51
790.62,360.00,790.00,361.83
805.13,371.27,808.62,371.27
789.99,366.30,790.00,366.26
831.29,355.48,829.76,355.53
808.91,372.62,808.93,371.38
812.45,371.38,808.93,371.38
828.38,376.80,824.88,376.66
789.99,366.30,788.85,368.16
808.91,372.62,812.45,371.38
812.21,372.62,812.45,371.38
828.38,376.80,823.55,378.60
808.91,372.62,812.21,372.62
747.64,374.60,747.67,375.06
805.37,372.50,808.65,372.64
829.43,348.90,828.25,351.17
809.17,372.64,808.64,372.50
829.63,350.19,828.25,351.17
784.39,369.66,782.76,371.05
808.65,372.64,808.64,372.50
809.17,372.64,808.65,372.64
812.26,372.74,809.29,372.51
809.17,372.64,809.29,372.51
818.16,372.93,815.95,372.86
812.26,372.74,809.17,372.64
828.41,366.19,829.07,367.89
812.06,372.75,812.46,372.61
812.26,372.74,812.46,372.61
812.06,372.75,812.26,372.74
808.91,372.62,812.21,372.62
796.24,309.23,795.56,309.86
809.17,372.62,812.48,372.62
812.06,372.75,812.21,372.62
787.10,383.57,795.78,384.16
820.81,367.73,819.18,367.70
808.90,372.75,812.06,372.75
805.31,372.64,805.51,372.64
770.33,360.00,771.45,360.95
808.90,372.75,808.91,372.62
808.37,372.74,808.90,372.75
805.31,372.64,808.37,372.74
808.25,372.61,805.31,372.64
805.12,372.51,805.31,372.64
808.25,372.61,805.12,372.51
771.14,369.92,773.09,370.45
799.05,356.31,799.02,356.31
769.62,380.35,769.95,379.28
770.16,380.86,769.88,380.77
788.55,304.35,788.55,304.17
808.00,332.98,807.82,333.27
758.67,375.83,759.34,375.90
799.30,369.42,799.18,369.42
800.24,359.59,800.89,355.82
799.02,356.31,799.18,356.31
799.18,369.42,799.18,356.31
770.12,368.29,771.52,369.49
799.02,356.31,799.18,369.42
799.02,369.41,799.18,369.42
799.02,356.31,799.02,369.41
772.78,370.93,774.56,371.67
799.05,369.41,799.94,369.41
799.94,356.31,799.94,369.41
799.05,369.41,799.94,356.31
799.05,356.31,799.94,356.31
799.05,369.41,799.05,356.31
799.30,356.31,800.39,356.31
799.30,356.31,800.39,369.42
769.62,380.35,769.62,381.77
799.30,369.42,800.39,369.42
769.29,381.49,769.45,381.70
799.30,356.31,799.30,369.42
811.27,372.84,809.11,372.77
798.93,369.89,799.74,365.78
798.33,369.40,798.29,356.32
800.62,368.18,799.74,365.78
798.33,356.32,798.29,356.32
798.58,356.32,798.46,356.32
807.42,332.02,807.36,332.36
798.58,356.32,798.46,369.40
830.26,405.22,830.18,405.12
778.81,309.04,783.84,308.32
798.58,369.40,798.46,369.40
778.44,372.07,780.50,372.15
798.29,356.32,798.46,356.32
798.46,369.40,798.46,356.32
798.29,356.32,798.46,369.40
798.29,369.40,798.46,369.40
798.29,356.32,798.29,369.40
803.45,361.99,804.19,356.17
805.51,372.64,808.65,372.64
798.93,369.89,800.62,368.18
798.33,369.40,799.22,369.39
774.52,380.51,774.27,380.49
778.32,341.54,791.70,341.75
799.22,356.32,799.22,369.39
798.33,369.40,799.22,356.32
798.33,356.32,799.22,356.32
798.33,369.40,798.33,356.32
799.66,369.40,799.66,356.32
808.90,372.75,812.21,372.62
798.58,369.40,799.66,369.40
786.75,383.56,795.78,384.16
798.58,356.32,798.58,369.40
797.61,369.38,797.57,356.32
797.86,356.32,797.74,369.38
783.83,302.64,787.35,302.09
797.86,369.38,797.74,369.38
746.95,374.06,747.67,374.14
805.12,372.51,805.37,372.50
797.74,369.38,797.74,356.32
811.96,383.57,821.50,384.16
808.25,372.61,808.91,372.62
797.57,369.38,797.74,369.38
797.38,382.38,822.73,383.37
797.57,356.32,797.57,369.38
780.22,345.00,793.55,346.29
797.86,356.32,797.86,369.38
772.78,355.18,772.38,355.29
800.90,342.48,795.15,342.34
822.58,355.60,822.77,355.31
796.89,369.36,796.86,356.33
782.18,382.51,783.34,383.17
830.43,406.33,830.50,406.18
797.14,356.33,797.02,356.33
801.17,340.69,808.39,340.69
812.26,372.74,809.17,372.64
797.14,356.33,797.02,369.37
795.91,378.02,796.09,378.80
783.76,302.83,783.83,302.64
776.30,354.68,779.11,354.69
797.14,369.37,797.02,369.37
769.62,380.35,770.16,380.85
797.02,369.37,797.02,356.33
787.15,389.46,787.05,389.54
796.86,369.36,797.02,369.37
796.86,356.33,796.86,369.36
804.80,389.54,804.91,389.46
797.78,356.33,797.78,369.36
796.89,356.33,797.78,356.33
752.10,383.78,750.90,382.83
796.89,369.36,796.89,356.33
798.22,369.37,798.22,356.33
770.79,380.07,770.86,379.25
752.10,383.78,750.90,382.83
798.33,369.40,798.29,369.40
797.14,369.37,798.22,369.37
827.90,418.87,828.67,418.75
805.37,372.50,808.64,372.50
797.14,356.33,797.14,369.37
825.24,394.71,825.43,395.41
799.52,372.32,794.93,378.16
803.87,355.81,804.04,355.53
796.18,369.06,796.14,356.62
830.12,406.39,830.23,406.44
812.58,387.94,808.86,387.94
796.42,356.62,796.30,356.62
830.12,406.39,829.98,406.34
812.58,387.94,808.42,387.69
767.68,365.51,769.80,367.16
796.42,356.62,796.30,369.06
791.21,343.19,792.37,344.02
796.30,369.06,796.30,356.62
796.14,369.06,796.30,369.06
796.14,356.62,796.14,369.06
823.00,379.66,822.94,380.51
796.28,325.44,795.60,325.49
797.06,356.63,797.06,369.05
796.18,356.62,797.06,356.63
753.39,378.41,753.28,378.03
796.18,369.06,796.18,356.62
753.65,382.78,753.15,378.46
797.50,369.07,797.50,356.62
796.42,356.62,797.50,369.07
801.77,442.10,802.11,442.17
795.56,309.86,795.56,318.84
789.57,356.37,790.48,358.10
797.61,369.38,797.57,369.38
795.99,324.57,796.43,324.08
753.50,382.89,753.03,378.43
796.42,369.06,797.50,369.07
753.75,383.22,753.50,382.89
796.42,356.62,796.42,369.06
804.37,360.92,803.42,365.41
795.46,368.60,795.43,357.07
795.71,357.07,795.59,357.07
795.71,357.07,795.59,368.61
795.59,368.61,795.59,357.07
795.43,368.60,795.59,368.61
795.43,357.07,795.43,368.60
796.35,357.07,796.35,368.60
795.46,368.60,796.35,357.07
795.46,357.07,796.35,357.07
795.46,368.60,795.46,357.07
796.79,368.61,796.79,357.07
796.95,438.68,793.82,422.17
772.78,355.18,772.20,355.29
795.71,368.61,796.79,368.61
795.71,357.07,795.71,368.61
781.11,379.94,781.05,378.98
794.75,367.67,794.72,357.99
751.97,378.33,753.28,378.03
794.75,357.99,794.72,357.99
810.38,336.30,811.21,336.07
795.00,357.99,794.88,357.99
810.38,336.30,810.43,335.37
795.00,357.99,794.88,367.67
794.72,357.99,794.88,357.99
797.44,380.86,797.60,380.88
788.73,362.38,788.76,362.32
794.88,367.67,794.88,357.99
752.58,382.49,751.97,378.33
794.72,357.99,794.88,367.67
794.72,367.67,794.88,367.67
788.38,363.66,788.27,363.49
794.72,357.99,794.72,367.67
754.01,382.59,753.39,378.41
794.75,367.67,795.64,367.67
795.64,357.99,795.64,367.67
794.75,367.67,795.64,357.99
767.48,379.21,767.41,380.06
794.75,357.99,795.64,357.99
784.51,379.06,786.48,381.85
794.75,367.67,794.75,357.99
795.00,357.99,796.07,357.99
796.07,367.68,796.07,357.99
795.00,357.99,796.07,367.68
748.00,375.21,747.98,375.61
796.18,369.06,796.14,369.06
795.00,367.68,796.07,367.68
795.28,378.29,794.93,378.16
795.00,357.99,795.00,367.68
769.62,380.35,769.45,379.05
812.35,366.38,811.93,368.33
794.05,365.40,794.01,360.25
775.18,371.68,775.03,371.13
811.71,367.64,811.93,368.33
794.05,360.25,794.01,360.25
798.26,395.88,799.31,395.16
794.57,388.79,795.70,388.69
794.29,360.25,794.17,360.25
811.21,329.23,811.82,329.84
794.29,360.25,794.17,365.41
794.02,382.51,794.30,382.43
809.48,365.91,809.19,365.49
794.01,360.25,794.17,360.25
794.17,365.41,794.17,360.25
794.01,360.25,794.17,365.41
784.59,386.64,771.40,382.89
794.01,365.40,794.17,365.41
793.71,379.22,793.90,379.91
778.57,341.44,778.26,341.77
794.01,360.25,794.01,365.40
769.62,380.35,769.62,379.00
812.35,366.38,811.71,367.64
794.05,365.40,794.93,365.40
805.72,325.59,806.19,326.67
794.93,360.25,794.93,365.40
769.62,380.35,769.80,379.07
794.05,365.40,794.93,360.25
794.05,360.25,794.93,360.25
794.29,360.25,795.36,360.25
794.29,360.25,795.36,365.41
794.29,360.25,794.29,365.41
829.35,355.53,828.46,359.56
776.82,402.17,776.78,400.13
744.37,368.25,744.34,368.42
821.15,370.47,811.58,368.41
742.45,368.25,761.21,368.68
831.12,370.72,821.09,368.62
831.07,368.83,831.54,366.79
761.03,360.00,763.92,362.17
779.85,393.46,778.39,394.71
821.09,368.62,821.53,366.62
828.89,368.78,828.08,366.73
830.64,405.53,830.58,405.31
788.55,304.17,788.25,304.21
778.52,372.97,780.50,372.15
811.58,368.41,812.00,366.47
795.46,410.62,795.82,409.41
830.64,405.53,830.50,405.34
778.52,372.97,780.48,372.25
811.58,368.41,818.24,366.57
819.02,368.57,818.24,366.57
761.16,364.25,761.33,364.21
777.65,395.79,777.05,397.91
816.44,377.01,817.23,377.13
796.24,309.23,796.32,309.57
821.88,334.84,821.67,333.85
814.23,353.01,821.03,353.99
800.39,426.89,800.02,426.43
801.13,400.31,800.82,398.24
801.36,353.24,799.06,355.53
801.36,353.24,802.52,354.27
805.37,354.22,803.91,355.48
786.56,341.51,785.43,341.48
802.96,354.26,801.51,355.51
811.56,354.13,810.07,355.41
811.56,354.13,804.36,355.47
797.75,441.52,804.27,427.45
805.83,354.22,804.36,355.47
756.71,369.88,754.95,369.89
821.67,333.85,821.67,330.01
805.83,354.22,811.56,354.13
807.94,355.49,807.94,358.27
815.03,354.08,813.52,355.37
815.03,354.08,821.03,353.99
821.53,353.99,819.99,355.29
830.98,353.84,829.40,355.18
799.71,353.11,808.88,353.33
781.91,346.80,781.97,346.87
831.49,353.84,829.91,355.17
804.04,355.53,805.44,354.34
794.52,336.30,804.36,335.42
805.64,355.76,806.12,354.33
794.52,336.30,794.84,336.02
805.64,355.76,805.78,354.33
798.02,378.95,798.17,379.66
763.21,354.24,762.56,353.80
804.39,355.52,805.78,354.33
811.84,355.69,811.98,354.24
780.73,396.13,780.94,397.11
828.43,365.76,829.19,360.98
813.18,355.42,814.62,354.20
780.73,396.13,779.89,396.24
755.04,384.53,754.12,384.61
828.43,365.76,829.49,360.98
813.18,355.42,814.94,354.20
814.44,355.66,814.94,354.20
813.00,355.71,812.31,359.56
780.09,397.16,778.93,397.44
821.79,365.67,822.08,365.67
813.00,355.71,813.08,359.56
814.86,355.66,815.33,354.20
824.48,373.15,825.03,373.15
814.86,355.66,814.98,354.20
798.93,397.96,798.99,399.42
813.55,355.41,814.98,354.20
761.24,357.86,761.71,355.74
780.62,392.04,781.49,390.83
778.51,400.58,778.67,400.54
803.32,355.68,803.04,355.79
820.91,355.59,821.43,354.11
821.33,355.59,821.83,354.10
821.33,355.59,821.47,354.10
820.02,355.33,821.47,354.10
824.58,354.06,824.24,354.06
754.76,377.42,755.20,377.63
822.58,355.60,822.64,359.55
798.93,355.84,798.93,360.91
829.40,359.55,828.60,359.55
831.44,353.96,831.80,353.96
829.94,355.22,831.44,353.96
802.25,367.37,803.59,360.93
827.54,352.92,827.34,352.78
804.27,327.35,804.86,327.47
800.19,365.77,801.20,360.90
800.24,359.59,798.93,360.91
800.24,359.59,800.75,360.93
719.93,364.15,717.66,366.10
799.55,402.34,801.63,402.61
724.42,367.18,726.53,366.10
830.78,367.92,832.33,361.00
815.50,355.40,815.60,355.30
829.57,360.97,832.33,361.00
789.04,441.46,797.75,441.52
784.69,411.50,785.49,411.21
828.97,359.53,829.57,360.97
776.47,335.53,776.16,334.10
802.79,440.48,802.06,439.68
782.99,307.73,787.43,307.09
828.46,359.56,822.79,360.95
717.81,360.00,714.54,360.00
828.01,365.66,821.76,365.58
822.79,360.95,821.76,365.58
828.01,365.66,822.79,360.95
815.38,353.13,813.18,354.41
787.55,390.09,788.64,390.09
829.05,361.00,822.79,360.95
828.01,365.66,829.05,361.00
803.69,435.99,803.01,436.50
819.09,359.54,819.66,360.94
820.81,367.73,822.29,360.98
822.29,360.98,819.66,360.94
804.36,355.47,804.23,355.80
812.65,359.55,813.20,360.93
818.60,359.58,813.20,360.93
802.50,425.69,802.22,425.71
797.76,363.20,799.65,360.75
787.90,423.70,787.36,424.44
747.48,373.22,747.70,373.56
787.13,424.79,786.75,426.03
818.60,359.58,819.16,360.97
722.09,352.45,722.94,354.87
818.18,365.53,812.22,365.45
813.20,360.93,812.22,365.45
808.86,366.42,802.91,366.32
809.60,368.37,808.86,366.42
776.63,402.13,776.59,400.11
809.60,368.37,802.51,368.22
799.74,365.78,800.75,360.93
821.09,379.67,821.08,377.08
804.84,357.37,804.79,357.09
803.73,355.79,803.07,359.59
760.85,370.33,764.41,372.14
804.18,355.79,803.53,359.56
775.89,370.27,778.70,367.46
812.87,355.69,812.18,359.58
789.92,398.81,791.98,398.66
812.87,355.69,809.67,359.55
809.16,365.90,810.21,360.92
808.80,365.40,803.12,365.32
804.72,439.72,804.14,439.67
804.05,360.91,808.80,365.40
784.19,440.48,784.99,440.21
803.22,416.32,803.08,417.06
722.14,349.46,722.09,350.02
807.49,361.37,800.22,358.20
831.80,365.81,832.10,365.81
766.45,379.21,766.44,379.91
722.48,348.89,722.28,349.05
831.80,365.81,832.10,365.81
774.21,384.07,775.43,385.10
725.91,349.44,722.48,348.89
831.20,368.01,832.77,360.99
830.90,368.01,831.20,368.01
830.42,352.65,830.62,352.65
832.47,360.99,830.90,368.01
733.58,360.00,733.04,356.57
830.90,368.01,831.20,368.01
829.43,367.98,831.20,368.01
829.14,367.98,829.43,367.98
776.61,360.92,774.73,355.64
781.94,325.45,782.57,325.83
830.90,368.01,829.14,367.98
799.65,360.75,799.87,360.67
725.91,370.56,729.01,368.98
829.14,367.98,829.43,367.98
803.50,362.37,803.61,362.63
828.74,366.20,829.43,367.98
828.45,366.20,828.74,366.20
771.22,360.44,771.40,360.51
715.95,368.98,719.05,370.56
828.45,366.20,828.74,366.20
829.90,360.98,828.74,366.20
776.72,349.29,793.61,350.21
829.61,360.98,829.90,360.98
798.44,449.08,797.06,449.39
828.45,366.20,829.61,360.98
711.92,356.57,711.37,360.00
828.43,365.76,828.13,365.76
772.32,357.40,772.44,357.52
829.19,360.98,828.13,365.76
829.49,360.98,829.19,360.98
805.10,444.16,805.51,444.48
828.43,365.76,822.08,365.67
828.43,365.76,821.79,365.67
805.42,443.89,805.91,444.22
828.13,365.76,821.79,365.67
828.43,365.76,828.13,365.76
823.12,360.96,822.08,365.67
781.55,336.84,779.36,343.18
822.83,360.96,823.12,360.96
798.25,358.73,798.33,358.35
821.22,367.82,822.72,360.96
781.03,382.96,781.58,383.20
820.93,367.82,821.22,367.82
781.23,383.18,781.80,383.43
822.43,360.96,820.93,367.82
765.56,370.75,769.06,371.31
820.93,367.82,821.22,367.82
797.48,331.43,792.54,332.26
770.87,358.73,770.95,358.35
819.54,367.79,821.22,367.82
770.94,365.91,777.80,364.63
778.02,349.07,777.11,352.09
784.59,386.64,770.44,381.25
819.25,367.79,819.54,367.79
757.75,360.00,758.30,363.49
819.25,367.79,819.54,367.79
819.25,367.79,818.88,366.05
819.25,367.79,818.59,366.05
762.41,350.85,765.56,349.25
818.59,366.05,818.88,366.05
768.27,378.57,771.87,378.76
802.60,386.64,807.72,381.44
782.34,375.94,782.22,376.31
819.98,360.96,818.88,366.05
818.59,366.05,819.98,360.96
819.70,360.96,819.98,360.96
775.86,349.67,775.89,349.73
818.58,365.62,818.29,365.62
824.96,370.40,825.09,370.14
819.30,360.96,818.29,365.62
801.14,366.72,826.17,367.15
803.42,427.09,805.47,440.91
818.58,365.62,819.30,360.96
819.59,360.96,819.30,360.96
801.14,366.72,826.17,370.15
818.58,365.62,819.59,360.96
780.50,356.05,780.50,356.08
818.58,365.62,812.53,365.53
824.92,366.81,825.19,367.38
812.25,365.53,812.53,365.53
818.29,365.62,812.25,365.53
818.58,365.62,818.29,365.62
785.20,429.57,785.56,429.62
782.06,390.88,783.82,389.90
780.50,363.94,780.50,363.92
812.25,365.53,812.53,365.53
813.52,360.94,812.53,365.53
825.02,394.60,833.20,382.55
813.24,360.94,813.52,360.94
799.43,360.67,799.23,360.44
811.71,367.64,813.14,360.94
770.84,359.15,771.40,359.15
810.11,367.61,811.71,367.64
811.43,367.64,810.11,367.61
780.42,410.98,779.50,410.62
777.01,393.46,778.10,390.93
809.83,367.61,810.11,367.61
764.41,372.14,764.51,372.07
809.83,367.61,810.11,367.61
830.70,425.63,831.38,426.24
809.48,365.91,810.11,367.61
758.03,367.50,758.16,367.46
809.20,365.91,809.48,365.91
810.53,360.94,809.48,365.91
809.20,365.91,810.53,360.94
810.25,360.94,810.53,360.94
791.11,421.49,793.40,420.92
809.20,365.91,810.25,360.94
810.62,339.25,810.57,338.89
794.89,379.59,795.91,378.02
755.59,360.00,755.74,360.00
809.19,365.49,808.91,365.49
809.88,360.93,808.91,365.49
810.62,339.25,810.89,338.90
794.89,379.59,795.63,381.87
790.43,309.88,790.61,310.18
798.82,357.79,798.63,357.86
792.21,412.92,794.43,412.44
809.19,365.49,809.88,360.93
770.76,357.62,788.79,355.96
810.16,360.93,809.88,360.93
758.03,352.49,758.16,352.54
809.19,365.49,803.42,365.41
755.55,382.45,755.76,382.11
808.91,365.49,803.14,365.41
824.28,351.78,825.18,350.21
768.43,347.30,768.35,347.23
803.14,365.41,803.42,365.41
755.76,382.11,756.36,378.02
804.37,360.92,803.42,365.41
767.50,380.49,767.30,380.88
804.09,360.92,804.37,360.92
769.33,379.63,769.38,380.45
793.90,379.91,793.87,380.88
802.64,367.46,804.00,360.92
802.36,367.46,802.64,367.46
773.75,337.26,773.75,332.79
803.72,360.92,802.36,367.46
758.26,360.00,757.75,360.00
802.36,367.46,802.64,367.46
801.11,367.43,802.64,367.46
802.36,367.46,801.11,367.43
795.06,379.24,796.12,379.51
819.75,385.69,818.19,385.23
756.89,377.56,756.92,377.54
800.83,367.43,801.11,367.43
831.35,430.66,831.90,430.36
760.33,366.39,759.91,366.64
800.83,367.43,801.11,367.43
796.10,371.38,796.54,378.22
800.51,365.78,801.11,367.43
831.35,430.66,831.89,431.55
800.83,367.43,800.51,365.78
770.72,382.84,772.80,385.75
800.23,365.78,800.51,365.78
765.77,370.34,765.56,370.75
800.23,365.78,800.51,365.78
801.24,360.91,801.51,360.91
767.28,371.38,767.98,377.86
800.23,365.78,801.24,360.91
769.13,370.87,769.06,371.31
800.88,360.91,801.15,360.91
800.15,365.77,801.15,360.91
800.88,360.91,800.15,365.77
798.47,356.39,799.13,356.36
800.88,360.91,799.88,365.77
775.52,368.79,775.70,369.15
799.88,365.77,800.15,365.77
770.18,357.85,769.27,356.19
779.47,363.36,779.81,363.49
800.72,368.10,800.99,368.10
802.84,368.13,800.99,368.10
829.59,352.67,830.17,352.80
802.57,368.13,802.84,368.13
804.43,421.62,805.03,422.14
779.47,356.64,779.81,356.50
802.57,368.13,802.84,368.13
771.39,382.76,771.34,382.44
760.97,349.73,759.91,353.35
767.25,380.32,766.76,380.59
803.24,366.23,802.84,368.13
802.57,368.13,803.24,366.23
810.61,350.63,823.15,349.24
775.52,351.20,775.70,350.85
803.24,366.23,809.24,366.33
824.77,381.39,824.46,382.02
808.97,366.33,809.24,366.33
803.24,366.23,808.97,366.33
825.11,381.54,824.77,382.24
802.97,366.23,808.97,366.33
769.13,349.13,769.06,348.69
808.97,366.33,809.24,366.33
795.28,381.12,794.99,382.38
805.01,355.32,805.09,355.21
809.99,368.28,809.24,366.33
794.94,381.04,794.67,382.24
809.71,368.28,809.99,368.28
762.41,350.85,762.74,351.20
809.71,368.28,809.99,368.28
802.77,355.18,804.15,355.18
811.93,368.33,809.99,368.28
789.00,350.63,789.76,349.79
796.93,383.37,822.14,383.99
811.64,368.33,811.93,368.33
822.14,383.99,823.86,384.17
830.70,354.15,830.45,352.86
809.71,368.28,811.64,368.33
787.01,356.87,787.58,356.87
811.64,368.33,811.93,368.33
824.07,376.82,824.46,377.25
796.18,368.26,795.67,368.25
825.11,377.77,825.32,378.68
812.35,366.38,811.93,368.33
812.06,366.38,812.35,366.38
812.06,366.38,818.35,366.48
798.94,359.15,798.98,358.65
826.42,352.72,830.49,352.72
812.35,366.38,812.06,366.38
819.41,368.48,818.63,366.48
779.65,347.82,779.74,347.90
821.16,368.53,821.44,368.53
821.89,366.53,821.44,368.53
821.60,366.53,821.89,366.53
770.03,360.09,768.41,362.29
769.57,363.24,769.18,362.36
821.60,366.53,828.19,366.64
819.34,355.65,826.06,353.88
829.01,368.69,829.30,368.69
828.19,366.64,829.01,368.69
831.43,368.74,829.30,368.69
779.84,363.46,779.16,365.08
792.64,406.11,800.93,406.11
831.90,366.69,831.43,368.74
799.91,369.67,824.96,370.40
788.82,398.91,788.77,400.75
832.49,355.48,828.97,359.53
829.61,360.98,829.90,360.98
764.25,369.57,765.81,370.21
829.81,359.55,829.90,360.98
829.49,360.98,829.40,359.55
829.19,360.98,829.49,360.98
828.60,359.55,829.19,360.98
781.11,378.03,781.29,377.17
790.79,391.32,783.52,391.32
790.03,363.75,789.30,365.51
829.21,355.51,828.46,359.56
795.90,380.35,795.71,381.70
822.21,359.54,828.46,359.56
779.60,370.14,779.60,369.13
822.83,360.96,823.12,360.96
823.04,359.55,823.12,360.96
770.86,380.07,770.85,380.43
821.86,359.55,822.64,359.55
771.18,380.45,770.85,380.43
822.72,360.96,822.64,359.55
821.86,359.55,822.72,360.96
763.66,378.41,763.66,378.03
822.43,360.96,822.72,360.96
818.38,353.07,818.35,354.33
785.05,341.09,785.30,342.89
784.01,384.58,784.14,384.18
819.09,359.54,821.72,359.57
807.40,362.40,807.45,362.01
781.36,385.87,779.86,386.88
819.91,359.56,819.98,360.96
819.14,359.56,819.91,359.56
794.46,382.08,793.26,381.60
803.61,362.63,803.50,362.37
818.74,359.56,819.52,359.56
779.78,405.09,780.42,404.04
770.36,357.62,770.56,357.54
794.46,382.08,793.47,382.08
803.61,362.63,803.78,362.74
818.74,359.56,819.59,360.96
819.30,360.96,819.59,360.96
802.75,355.50,802.33,355.38
760.56,384.09,761.84,383.10
818.74,359.56,819.30,360.96
789.28,395.43,782.04,395.43
830.07,397.17,830.25,397.30
806.39,329.84,806.39,329.92
813.34,355.69,812.65,359.55
830.08,397.10,830.25,397.30
819.31,355.62,812.65,359.55
792.72,343.85,792.32,344.14
778.25,353.42,779.16,354.92
800.26,405.58,800.34,405.37
766.54,368.11,767.42,365.57
792.70,390.83,793.51,390.67
810.72,383.18,811.34,383.43
799.97,353.88,799.26,355.65
782.04,395.43,788.99,397.13
746.83,377.40,747.05,377.61
819.31,355.62,818.60,359.58
813.24,360.94,813.52,360.94
813.46,359.56,813.52,360.94
795.90,380.35,796.39,381.23
812.69,359.56,813.46,359.56
803.19,355.17,803.69,355.30
817.19,352.89,821.17,352.89
813.24,360.94,812.69,359.56
812.31,359.56,813.08,359.56
752.08,381.95,750.99,382.87
807.72,372.76,803.97,372.63
768.81,363.20,770.78,366.17
813.14,360.94,813.08,359.56
812.31,359.56,813.14,360.94
812.31,359.56,812.86,360.94
804.06,355.67,804.19,356.17
821.37,353.03,819.06,353.07
810.21,360.92,812.72,360.96
792.17,337.31,792.17,341.44
809.67,359.55,810.21,360.92
766.50,380.38,767.25,380.32
790.48,360.95,789.80,360.95
809.34,359.57,810.10,359.57
809.34,359.57,809.88,360.93
809.21,359.59,803.53,359.56
804.79,355.57,804.79,357.09
814.78,353.07,815.18,352.93
803.57,359.57,804.32,359.57
821.65,379.59,822.75,381.27
804.09,360.92,803.57,359.57
804.19,356.17,804.19,360.91
803.21,359.57,803.95,359.57
804.54,360.71,804.56,360.77
817.07,353.03,814.78,353.07
804.00,360.92,803.95,359.57
803.21,359.57,804.00,360.92
791.09,329.84,792.18,331.25
806.86,360.72,806.89,360.72
803.72,360.92,804.00,360.92
805.68,355.14,804.67,355.14
812.02,352.98,812.22,352.98
803.21,359.57,803.72,360.92
806.76,355.31,806.86,355.54
801.20,360.90,803.59,360.93
803.07,359.59,801.20,360.90
800.68,359.56,801.20,360.90
815.41,353.12,815.38,354.37
803.07,359.59,800.68,359.56
801.24,360.91,801.51,360.91
801.47,359.58,801.51,360.91
801.24,360.91,801.47,359.58
804.62,360.71,805.00,357.52
800.73,359.58,801.47,359.58
801.24,360.91,800.73,359.58
789.64,359.05,789.80,359.05
800.37,359.58,801.11,359.58
800.37,359.58,801.15,360.91
800.88,360.91,801.15,360.91
800.37,359.58,800.88,360.91
777.84,371.95,777.65,369.39
829.72,355.51,832.49,355.48
772.34,355.57,772.76,357.09
829.91,355.17,829.72,355.51
775.19,364.52,775.97,365.44
802.88,417.04,802.20,417.55
804.15,362.04,806.93,355.45
830.94,406.33,832.13,408.10
791.46,340.91,791.09,339.24
796.06,380.32,796.07,380.55
800.22,358.20,800.32,358.65
772.13,360.71,772.09,360.71
829.02,359.55,829.81,359.55
781.11,379.94,781.29,380.82
768.72,378.00,772.02,378.69
829.76,355.53,829.02,359.55
811.10,354.37,811.15,353.13
831.38,353.96,831.80,353.96
774.26,360.72,774.23,360.78
831.04,353.96,831.38,353.96
776.61,360.92,776.61,355.14
770.80,381.59,770.15,382.36
831.44,353.96,831.04,353.96
774.35,355.31,776.10,355.32
823.13,355.25,822.93,355.58
824.48,355.55,823.04,359.55
811.97,376.07,811.57,376.50
772.13,355.57,773.96,355.35
824.58,354.06,824.98,354.06
824.24,354.06,824.58,354.06
744.87,377.84,742.34,381.33
767.28,371.38,770.34,368.71
815.38,353.13,813.14,353.17
824.62,354.06,824.24,354.06
789.64,359.05,790.69,359.05
822.63,355.26,822.44,355.59
819.80,355.62,822.44,355.59
819.99,355.29,819.80,355.62
804.58,357.86,804.58,357.99
792.37,337.35,791.80,340.90
749.52,384.40,748.58,384.48
802.65,357.87,804.58,357.86
819.14,359.56,819.91,359.56
821.33,355.59,819.91,359.56
819.85,355.63,819.14,359.56
806.25,349.89,807.00,350.72
821.10,354.11,821.43,354.11
830.21,352.80,832.65,354.06
782.09,336.19,785.76,335.79
772.34,355.57,772.44,355.33
806.24,349.94,806.95,350.72
821.47,354.10,821.10,354.11
819.51,355.30,819.31,355.62
796.41,355.55,796.48,355.40
786.41,349.94,785.70,350.72
813.34,355.69,819.31,355.62
813.52,355.37,813.34,355.69
819.51,355.30,813.52,355.37
804.55,357.49,804.42,357.37
824.06,355.08,815.92,351.33
812.69,359.56,813.46,359.56
813.38,355.70,812.69,359.56
807.43,346.84,807.72,347.55
814.98,354.20,815.33,354.20
803.06,332.31,802.83,332.35
813.05,355.37,812.87,355.69
802.83,331.61,802.83,332.35
810.35,355.72,812.87,355.69
829.23,407.56,830.07,406.33
796.52,359.36,796.41,359.36
774.48,355.16,772.78,355.18
809.72,359.57,810.47,359.57
808.88,372.40,809.01,372.30
817.07,353.03,814.97,352.93
811.84,355.69,810.47,359.57
829.87,398.86,829.95,399.01
803.21,332.67,803.00,331.77
778.77,362.04,775.70,355.74
778.42,371.73,778.35,372.27
811.98,354.24,812.32,354.24
829.87,398.86,829.88,398.78
715.85,351.14,713.62,353.80
778.77,362.04,778.77,355.34
811.56,351.58,802.95,353.20
811.98,354.24,811.62,354.25
798.15,351.93,798.15,354.45
804.36,355.47,804.18,355.79
780.87,412.92,782.26,413.09
804.09,358.05,804.09,358.26
789.42,357.17,789.76,358.57
805.78,354.33,806.12,354.33
804.01,358.36,804.09,358.26
805.76,354.34,806.12,354.33
811.10,356.22,811.10,359.33
798.82,359.15,799.00,357.85
805.44,354.34,805.76,354.34
803.91,355.48,803.73,355.79
801.51,355.51,801.33,355.82
830.08,405.73,830.38,405.56
797.65,355.39,797.93,355.12
808.21,354.41,808.25,353.18
819.18,331.61,819.40,332.31
803.91,355.48,801.51,355.51
800.73,359.58,801.47,359.58
799.21,367.55,806.41,367.35
798.88,397.96,798.97,396.52
802.78,355.79,800.73,359.58
767.26,378.84,767.79,378.73
806.48,367.70,806.41,367.35
798.82,355.15,798.50,355.12
808.37,353.04,812.26,353.04
802.89,354.38,803.26,354.37
802.58,354.38,802.89,354.38
802.92,354.37,802.58,354.38
800.89,355.82,801.07,355.51
798.93,355.84,801.07,355.51
773.44,373.12,772.78,370.93
794.99,353.27,795.21,353.74
793.37,320.87,793.54,320.91
798.93,355.84,799.06,355.53
799.43,395.42,799.82,394.98
831.56,350.94,832.32,352.45
771.45,360.95,771.61,360.95
800.63,413.22,800.64,413.70
830.95,346.94,830.84,348.04
818.11,338.88,817.26,343.87
831.80,365.81,831.78,365.72
829.91,347.19,829.52,347.87
831.36,346.22,830.95,346.94
770.93,360.95,771.61,360.95
830.78,367.92,832.33,361.00
795.47,321.87,796.20,323.48
832.05,345.95,831.36,346.22
830.90,368.01,832.47,360.99
830.78,367.92,830.90,368.01
771.98,362.84,771.65,361.44
829.07,367.89,830.78,367.92
794.43,329.41,794.06,329.24
830.90,368.01,830.78,367.92
804.90,328.56,804.56,328.38
790.82,355.71,791.33,357.84
829.14,367.98,830.90,368.01
805.43,329.69,805.13,329.61
802.80,395.58,804.61,403.71
829.07,367.89,829.14,367.98
771.18,368.55,772.72,365.80
828.41,366.19,829.07,367.89
798.07,394.30,797.52,392.83
829.14,367.98,829.07,367.89
798.53,393.99,797.95,392.46
802.54,411.92,802.54,411.50
828.45,366.20,829.14,367.98
828.41,366.19,828.45,366.20
829.57,360.97,828.41,366.19
805.48,330.65,805.48,332.77
828.45,366.20,828.41,366.19
829.57,360.97,828.45,366.20
829.61,360.98,828.45,366.20
829.57,360.97,829.61,360.98
821.76,365.58,821.79,365.67
828.01,365.66,821.76,365.58
799.41,418.86,799.41,418.45
828.13,365.76,828.01,365.66
828.01,365.66,829.05,361.00
829.19,360.98,829.05,361.00
828.13,365.76,829.19,360.98
828.01,365.66,828.13,365.76
767.28,371.38,768.64,377.90
821.79,365.67,821.76,365.58
822.79,360.95,821.79,365.67
822.83,360.96,821.79,365.67
822.79,360.95,822.83,360.96
820.81,367.73,820.93,367.82
819.18,367.70,819.25,367.79
818.18,365.53,819.16,360.97
819.30,360.96,819.16,360.97
818.18,365.53,818.29,365.62
813.20,360.93,812.22,365.45
812.25,365.53,812.22,365.45
813.24,360.94,812.25,365.53
813.20,360.93,813.24,360.94
812.86,360.94,812.72,360.96
811.43,367.64,812.86,360.94
811.43,367.64,811.31,367.55
809.83,367.61,811.43,367.64
809.76,367.52,809.83,367.61
809.20,365.91,809.83,367.61
809.20,365.91,809.16,365.90
776.09,348.24,776.40,349.25
786.09,352.59,786.49,352.04
808.91,365.49,803.14,365.41
803.12,365.32,803.14,365.41
808.80,365.40,803.12,365.32
808.91,365.49,808.80,365.40
808.80,365.40,808.91,365.49
804.31,345.83,804.21,346.96
804.09,360.92,803.14,365.41
804.05,360.91,804.09,360.92
783.49,368.97,784.39,369.66
802.25,367.37,803.59,360.93
802.25,367.37,802.36,367.46
780.01,353.93,779.11,354.69
800.77,367.35,802.25,367.37
802.36,367.46,802.25,367.37
800.77,367.35,802.36,367.46
800.77,367.35,800.83,367.43
800.83,367.43,800.77,367.35
800.23,365.78,800.83,367.43
800.19,365.77,800.23,365.78
770.97,361.54,770.93,360.95
801.20,360.90,800.19,365.77
800.23,365.78,800.19,365.77
801.24,360.91,800.23,365.78
801.20,360.90,801.24,360.91
768.67,367.13,769.80,367.16
799.74,365.78,800.75,360.93
827.33,355.71,831.36,354.00
819.34,355.65,823.23,349.44
799.88,365.77,800.88,360.91
799.74,365.78,799.88,365.77
800.72,368.10,799.88,365.77
800.62,368.18,800.72,368.10
802.51,368.22,800.62,368.18
800.72,368.10,800.62,368.18
802.57,368.13,800.72,368.10
802.51,368.22,802.57,368.13
770.48,381.22,771.03,381.91
831.69,354.31,830.79,355.49
799.70,394.21,798.91,394.01
802.57,368.13,802.51,368.22
802.91,366.32,802.57,368.13
792.07,440.03,791.53,422.74
802.97,366.23,802.57,368.13
802.91,366.32,802.97,366.23
802.97,366.23,802.91,366.32
808.97,366.33,802.97,366.23
808.86,366.42,808.97,366.33
809.60,368.37,808.97,366.33
809.60,368.37,808.97,366.33
809.71,368.28,808.97,366.33
809.60,368.37,809.71,368.28
776.26,348.21,776.40,349.25
789.30,354.49,790.50,354.47
811.58,368.41,809.60,368.37
809.71,368.28,809.60,368.37
811.58,368.41,809.71,368.28
811.64,368.33,809.71,368.28
811.58,368.41,811.64,368.33
811.64,368.33,811.58,368.41
812.00,366.47,811.64,368.33
771.07,358.05,771.22,357.86
812.06,366.38,811.64,368.33
812.00,366.47,812.06,366.38
771.40,359.15,771.22,360.44
785.78,368.03,784.78,367.46
818.24,366.57,812.00,366.47
812.06,366.38,812.00,366.47
818.24,366.57,812.06,366.38
818.24,366.57,818.35,366.48
818.35,366.48,818.24,366.57
819.02,368.57,818.35,366.48
802.70,355.35,802.78,355.24
819.13,368.48,819.02,368.57
821.09,368.62,821.16,368.53
821.16,368.53,821.09,368.62
802.66,426.40,802.66,425.99
821.60,366.53,821.16,368.53
804.38,423.16,805.49,422.37
828.19,366.64,821.60,366.53
828.89,368.78,828.19,366.64
831.07,368.83,829.01,368.69
781.19,351.94,780.71,350.84
830.60,350.97,830.95,351.34
782.11,413.22,782.46,412.50
831.60,366.69,831.54,366.79
774.94,395.75,775.16,396.34
775.05,395.84,775.29,396.48
831.87,359.54,831.73,359.56
804.22,443.77,805.10,444.16
831.73,359.56,831.87,359.54
804.02,444.04,804.22,443.77
800.13,402.17,800.65,401.60
828.97,359.53,829.57,360.97
828.97,359.53,829.61,360.98
829.02,359.55,829.61,360.98
828.97,359.53,829.02,359.55
806.63,340.53,814.00,340.53
829.72,355.51,829.02,359.55
829.02,359.55,828.97,359.53
828.60,359.55,829.19,360.98
829.05,361.00,829.19,360.98
828.60,359.55,829.05,361.00
828.46,359.56,829.05,361.00
828.60,359.55,828.46,359.56
828.46,359.56,828.60,359.55
758.34,377.61,758.99,376.00
829.21,355.51,828.46,359.56
822.83,360.96,822.79,360.95
822.21,359.54,822.83,360.96
822.26,359.55,822.83,360.96
822.21,359.54,822.26,359.55
822.26,359.55,822.21,359.54
821.86,359.55,822.43,360.96
821.86,359.55,822.29,360.98
821.72,359.57,822.29,360.98
821.86,359.55,821.72,359.57
802.91,407.59,803.09,406.79
822.58,355.60,821.86,359.55
821.72,359.57,821.86,359.55
794.90,379.77,794.94,380.43
798.55,444.04,804.02,444.04
822.58,355.60,821.72,359.57
805.49,422.37,802.91,407.59
822.44,355.59,821.72,359.57
819.70,360.96,819.66,360.94
819.09,359.54,819.70,360.96
783.92,426.40,784.27,425.69
819.14,359.56,819.70,360.96
819.09,359.54,819.14,359.56
819.14,359.56,819.09,359.54
819.16,360.97,819.30,360.96
818.60,359.58,819.16,360.97
818.74,359.56,818.60,359.58
796.52,442.72,793.83,446.48
818.60,359.58,818.74,359.56
786.24,407.59,788.53,422.36
819.31,355.62,818.60,359.58
799.04,392.46,798.37,391.15
813.24,360.94,813.20,360.93
799.15,329.93,799.15,333.99
812.65,359.55,812.69,359.56
809.46,340.39,816.89,340.39
813.34,355.69,812.69,359.56
800.34,330.01,800.34,333.85
812.69,359.56,812.65,359.55
812.72,360.96,812.86,360.94
812.31,359.56,812.72,360.96
812.18,359.58,812.72,360.96
812.31,359.56,812.18,359.58
825.50,400.99,825.18,402.05
771.40,359.15,771.92,359.57
802.41,331.87,802.33,330.77
766.54,351.89,767.42,354.43
819.34,355.65,819.34,349.48
812.18,359.58,812.31,359.56
788.09,441.72,788.78,442.05
812.87,355.69,812.18,359.58
810.25,360.94,810.21,360.92
809.67,359.55,810.25,360.94
810.39,355.74,809.72,359.57
790.70,406.28,792.64,406.11
783.44,334.23,783.91,334.02
810.35,355.72,809.72,359.57
792.04,395.06,792.19,393.46
782.12,392.21,781.92,392.31
809.72,359.57,809.67,359.55
802.03,412.34,802.54,411.92
798.65,394.44,798.14,394.56
809.34,359.57,809.88,360.93
809.74,360.95,809.88,360.93
821.14,379.77,821.09,379.67
798.65,394.44,798.07,394.30
809.34,359.57,809.74,360.95
809.21,359.59,809.74,360.95
791.97,396.81,794.06,396.41
809.34,359.57,809.21,359.59
803.61,427.16,803.53,425.53
780.42,410.98,780.77,409.98
810.02,355.74,809.34,359.57
793.38,384.17,794.00,383.99
809.21,359.59,809.34,359.57
803.42,427.09,803.61,427.16
809.88,355.72,809.21,359.59
803.53,359.56,804.05,360.91
794.58,329.82,804.90,328.56
781.06,400.73,781.09,401.31
803.53,359.56,804.09,360.92
781.11,398.81,781.06,400.73
791.24,408.10,788.82,405.53
803.57,359.57,804.09,360.92
788.86,398.81,788.81,400.73
803.53,359.56,803.57,359.57
784.78,445.87,786.03,446.03
805.82,344.74,805.36,344.33
789.04,396.95,788.86,398.81
803.57,359.57,803.53,359.56
803.21,359.57,803.72,360.92
751.33,376.56,750.69,380.61
789.34,395.19,789.04,396.95
803.59,360.93,803.72,360.92
782.52,392.12,782.00,393.56
803.07,359.59,803.59,360.93
790.29,392.12,789.76,393.56
803.21,359.57,803.07,359.59
803.87,355.81,803.21,359.57
790.91,390.88,790.29,392.12
803.07,359.59,803.21,359.57
803.87,355.81,803.07,359.59
781.98,370.26,780.28,371.30
805.64,441.72,805.44,442.05
810.11,341.06,791.80,340.89
803.73,355.79,803.07,359.59
826.06,353.88,826.77,355.65
774.24,346.25,776.39,346.42
800.68,359.56,801.20,360.90
785.38,388.76,784.58,389.19
800.73,359.58,801.24,360.91
793.21,388.76,792.39,389.19
800.68,359.56,800.73,359.58
798.25,358.73,798.33,358.35
794.90,388.82,794.05,388.64
778.10,390.93,779.49,389.36
800.75,360.93,800.88,360.91
787.85,389.31,787.04,388.82
778.31,391.08,779.68,389.53
800.37,359.58,800.75,360.93
788.64,390.09,787.85,389.31
765.55,351.03,764.25,352.54
800.24,359.59,800.75,360.93
796.54,390.09,795.74,389.31
830.94,391.28,830.91,390.98
771.24,382.39,771.51,382.51
764.66,350.35,763.27,351.98
800.37,359.58,800.24,359.59
797.28,391.15,796.54,390.09
800.24,359.59,800.37,359.58
829.91,355.17,829.72,355.51
798.44,401.45,798.97,402.09
829.76,355.53,829.72,355.51
799.76,401.81,800.34,402.52
833.53,401.06,826.14,397.46
829.91,355.17,829.76,355.53
798.02,400.49,798.44,401.45
831.49,353.84,829.91,355.17
829.94,355.22,829.91,355.17
800.60,394.70,800.07,394.06
831.44,353.96,829.94,355.22
802.15,394.33,801.56,393.63
831.49,353.84,831.44,353.96
764.43,364.29,764.08,362.16
830.98,353.84,831.49,353.84
797.75,399.29,798.02,400.49
831.44,353.96,831.49,353.84
831.04,353.96,831.44,353.96
830.98,353.84,831.04,353.96
829.54,355.23,829.35,355.53
829.21,355.51,829.35,355.53
764.66,369.64,765.55,368.97
829.54,355.23,829.21,355.51
802.81,401.03,803.11,399.70
829.40,355.18,829.21,355.51
773.52,362.49,774.10,362.38
829.40,355.18,830.98,353.84
801.00,391.43,801.68,393.53
829.54,355.23,831.04,353.96
829.40,355.18,829.54,355.23
751.33,384.41,750.34,384.60
823.13,355.25,822.93,355.58
751.29,384.68,750.34,384.60
822.98,355.60,822.93,355.58
801.92,391.79,802.28,394.25
823.13,355.25,822.98,355.60
824.68,353.94,823.13,355.25
824.62,354.06,823.15,355.30
798.11,395.84,798.51,393.99
824.68,353.94,824.62,354.06
824.18,353.95,824.68,353.94
824.62,354.06,824.68,353.94
800.10,391.71,801.02,393.27
824.36,376.57,824.78,377.05
824.24,354.06,824.62,354.06
824.18,353.95,824.24,354.06
793.45,381.56,790.31,385.75
800.20,404.35,800.43,402.62
822.77,355.31,822.58,355.60
822.44,355.59,822.58,355.60
794.81,389.00,796.06,388.85
803.42,394.29,802.75,392.78
782.04,348.84,782.14,348.33
822.77,355.31,822.44,355.59
801.11,404.74,800.20,404.35
822.63,355.26,822.44,355.59
822.63,355.26,824.18,353.95
824.24,354.06,824.18,353.95
781.91,373.20,783.97,372.29
822.77,355.31,824.24,354.06
822.63,355.26,822.77,355.31
819.99,355.29,819.80,355.62
819.85,355.63,819.80,355.62
821.53,353.99,819.99,355.29
776.38,392.62,777.39,393.47
820.02,355.33,819.99,355.29
798.88,397.96,797.73,396.67
821.47,354.10,820.02,355.33
821.47,354.10,821.53,353.99
774.13,349.15,774.74,348.46
804.03,398.26,803.11,399.70
821.10,354.11,821.47,354.10
821.03,353.99,821.10,354.11
819.64,355.35,819.46,355.64
819.31,355.62,819.46,355.64
764.41,372.14,719.05,370.56
819.64,355.35,819.31,355.62
801.02,393.27,800.91,393.37
819.51,355.30,819.31,355.62
774.93,352.04,776.25,351.23
819.51,355.30,821.03,353.99
821.10,354.11,821.03,353.99
779.87,309.66,782.51,307.27
819.64,355.35,821.10,354.11
779.22,308.41,782.50,305.26
819.51,355.30,819.64,355.35
813.52,355.37,813.34,355.69
813.38,355.70,813.34,355.69
813.52,355.37,813.38,355.70
813.55,355.41,813.52,355.37
802.84,403.60,801.75,402.71
814.98,354.20,813.55,355.41
773.72,360.00,773.82,361.20
815.03,354.08,814.98,354.20
801.09,402.90,801.75,402.71
814.98,354.20,815.03,354.08
814.62,354.20,814.98,354.20
814.55,354.09,814.62,354.20
803.11,399.70,803.05,398.21
813.18,355.42,813.00,355.71
812.87,355.69,813.00,355.71
763.21,365.76,762.56,366.20
813.18,355.42,812.87,355.69
802.96,399.67,803.11,399.70
813.05,355.37,812.87,355.69
813.05,355.37,814.55,354.09
771.40,359.15,771.57,360.44
799.83,401.89,800.43,402.62
814.62,354.20,814.55,354.09
780.08,414.50,780.22,413.77
803.08,396.71,802.77,395.34
813.18,355.42,814.62,354.20
803.86,396.18,803.42,394.29
813.05,355.37,813.18,355.42
810.53,355.40,810.35,355.72
810.39,355.74,810.35,355.72
810.53,355.40,810.39,355.74
810.56,355.44,810.53,355.40
799.05,399.44,799.36,400.80
812.03,354.13,811.98,354.24
811.56,354.13,812.03,354.13
811.98,354.24,812.03,354.13
798.29,399.96,798.93,397.96
811.62,354.25,811.98,354.24
811.56,354.13,811.62,354.25
799.36,400.80,799.76,401.81
798.93,369.89,800.75,360.93
810.20,355.46,810.02,355.74
801.68,393.53,800.91,393.37
809.88,355.72,810.02,355.74
769.95,379.28,769.80,379.07
800.36,393.47,801.02,393.27
811.62,354.25,811.56,354.13
810.20,355.46,811.62,354.25
804.23,355.80,804.18,355.79
785.78,351.97,784.78,352.54
805.83,354.22,804.36,355.47
804.39,355.52,804.36,355.47
805.78,354.33,804.39,355.52
803.08,396.71,802.77,395.34
805.83,354.22,805.78,354.33
787.28,355.78,787.31,355.75
805.37,354.22,805.83,354.22
803.20,398.21,803.08,396.71
805.78,354.33,805.83,354.22
803.05,398.21,802.93,396.74
805.44,354.34,805.78,354.33
803.11,399.70,803.20,398.21
805.37,354.22,805.44,354.34
804.04,355.53,803.87,355.81
802.81,401.03,803.11,399.70
803.73,355.79,803.87,355.81
780.25,361.75,783.42,362.11
804.04,355.53,803.73,355.79
769.69,379.68,770.68,379.68
799.16,392.53,799.29,392.62
803.91,355.48,803.73,355.79
803.91,355.48,805.37,354.22
767.80,378.31,767.98,377.86
802.34,402.07,802.81,401.03
806.24,349.94,804.62,348.93
824.48,355.55,824.62,354.06
750.98,384.74,750.01,384.83
805.44,354.34,805.37,354.22
802.21,401.98,802.67,400.97
804.04,355.53,805.44,354.34
801.75,402.71,802.34,402.07
803.91,355.48,804.04,355.53
801.51,355.51,801.33,355.82
791.70,328.41,791.70,333.12
801.09,402.90,801.75,402.71
801.37,355.83,801.33,355.82
798.13,397.91,799.03,396.48
791.85,328.39,791.85,333.12
800.99,402.80,801.63,402.61
801.51,355.51,801.37,355.83
802.96,354.26,801.51,355.51
800.43,402.62,801.09,402.90
801.54,355.55,801.51,355.51
802.96,354.26,802.92,354.37
802.52,354.27,802.96,354.26
802.92,354.37,802.96,354.26
802.58,354.38,802.92,354.37
797.07,381.22,796.21,381.91
799.36,400.80,799.83,401.89
798.93,369.89,798.93,360.91
802.52,354.27,802.58,354.38
770.79,382.44,771.51,382.53
801.00,404.85,802.02,404.49
801.19,355.56,801.02,355.84
798.99,399.42,799.29,400.74
762.45,363.92,761.74,364.22
801.19,355.56,800.89,355.82
801.11,404.74,801.00,404.85
801.07,355.51,800.89,355.82
797.73,396.67,797.99,395.50
801.07,355.51,802.52,354.27
802.58,354.38,802.52,354.27
801.19,355.56,802.58,354.38
801.07,355.51,801.19,355.56
801.36,372.50,799.06,370.20
799.62,393.99,798.53,393.99
801.36,372.50,802.69,370.30
803.90,400.32,804.03,398.26
802.69,370.30,799.06,370.20
798.93,369.89,799.06,370.20
798.93,369.89,802.69,370.30
792.21,389.69,784.91,389.69
805.09,372.62,802.69,370.30
770.52,382.53,771.51,382.53
803.42,402.23,803.84,400.36
811.77,370.54,802.69,370.30
802.55,369.99,802.69,370.30
786.94,405.53,788.24,406.31
823.83,373.23,811.77,370.54
803.49,402.16,803.90,400.32
821.30,370.79,811.77,370.54
825.80,402.35,825.31,402.40
790.82,355.71,791.33,357.83
811.62,370.22,811.77,370.54
812.34,340.25,811.80,341.58
793.58,376.82,795.63,377.39
779.85,403.69,780.47,402.23
789.57,356.37,790.02,356.21
833.75,373.55,821.30,370.79
823.83,373.23,821.30,370.79
772.56,352.83,791.20,354.02
802.76,403.69,803.42,402.23
782.75,389.90,783.82,389.90
831.27,371.06,821.30,370.79
777.92,341.91,777.93,328.18
778.91,321.16,779.52,320.32
783.12,389.00,782.80,389.10
775.09,342.13,776.37,341.36
821.15,370.47,831.27,371.06
779.33,401.98,780.65,401.60
791.71,340.68,791.58,341.00
803.56,362.95,803.36,362.82
831.12,370.72,831.27,371.06
741.53,369.80,743.45,369.81
829.43,354.11,829.46,352.81
793.61,350.21,775.07,350.21
777.00,358.83,776.91,360.00
803.44,398.27,803.08,396.03
750.99,382.87,749.79,383.57
807.72,372.76,803.97,372.63
802.90,396.01,802.06,393.96
749.79,383.57,748.60,383.94
808.65,370.92,804.90,370.82
770.79,382.44,771.78,382.44
801.00,404.85,801.93,404.59
803.97,372.63,804.90,370.82
803.27,398.28,802.90,396.01
800.08,404.45,801.00,404.85
801.68,372.63,803.97,372.63
803.27,398.28,803.44,398.27
807.72,372.76,801.68,372.63
803.41,400.51,803.44,398.27
777.01,347.19,776.13,348.07
747.70,369.81,752.08,381.95
805.41,372.76,801.68,372.63
800.20,404.35,801.11,404.74
801.36,372.50,801.68,372.63
777.01,347.19,787.20,347.68
805.41,372.76,801.36,372.50
807.72,372.76,808.65,370.92
816.92,373.05,807.72,372.76
805.41,372.76,807.72,372.76
816.92,373.05,805.41,372.76
802.23,404.12,802.88,402.55
802.73,344.14,803.29,344.71
753.46,369.81,752.08,381.95
814.56,373.05,805.41,372.76
798.58,401.89,799.24,403.43
802.23,404.12,802.41,404.04
814.56,373.05,805.09,372.62
801.55,405.00,802.41,404.04
747.70,369.81,753.46,369.81
814.23,372.92,805.09,372.62
801.35,405.09,802.23,404.12
827.56,371.45,817.87,371.18
798.14,399.99,798.58,401.89
816.92,373.05,817.87,371.18
800.34,405.37,801.35,405.09
826.59,373.37,816.92,373.05
814.56,373.05,816.92,373.05
799.51,404.85,800.54,405.28
770.95,357.85,777.80,361.37
754.18,377.40,754.36,369.80
824.17,373.37,814.56,373.05
799.29,404.93,800.34,405.37
755.06,369.82,754.18,377.40
823.83,373.23,814.23,372.92
779.06,370.74,783.92,384.07
836.57,373.69,826.59,373.37
824.17,373.37,826.59,373.37
771.35,381.10,772.34,381.10
796.46,391.16,796.67,391.20
823.83,373.23,824.17,373.37
798.34,403.87,798.55,403.76
802.78,355.79,802.92,354.37
783.92,384.07,785.20,370.74
836.57,373.69,826.59,373.37
796.82,389.31,797.91,389.42
826.60,352.70,836.57,352.52
772.98,349.19,771.52,350.51
826.60,352.70,836.57,352.52
784.52,430.83,784.43,430.78
797.56,402.13,798.55,403.76
772.98,349.19,773.09,349.55
826.60,352.70,834.09,352.52
823.84,352.84,833.75,352.66
779.63,400.76,779.25,401.20
833.75,352.66,824.17,352.70
824.17,352.70,834.09,352.52
779.63,400.76,778.92,400.38
770.12,351.71,769.68,351.32
817.87,354.75,826.60,352.70
796.70,400.11,795.87,397.91
824.17,352.70,826.60,352.70
823.84,352.84,814.56,352.87
808.64,354.87,817.87,354.75
796.48,400.13,796.70,400.11
781.36,385.87,782.70,385.10
816.92,352.87,817.87,354.75
784.76,411.95,784.69,412.40
808.64,354.87,816.92,352.87
784.19,441.38,784.01,441.63
807.72,353.04,816.92,352.87
814.56,352.87,816.92,352.87
779.86,346.37,780.27,347.88
795.47,393.66,795.25,392.70
767.45,378.79,767.30,379.51
814.23,353.01,805.41,353.04
824.68,396.70,824.81,396.59
819.77,331.18,819.88,331.38
805.41,353.04,814.56,352.87
801.11,359.58,801.47,359.58
777.21,324.13,777.07,323.82
795.59,421.74,803.62,421.74
777.80,364.63,777.66,364.29
805.64,355.76,804.32,359.57
803.95,359.57,804.32,359.57
805.64,355.76,803.95,359.57
793.78,421.92,795.59,421.74
805.28,355.76,803.95,359.57
810.10,359.57,810.47,359.57
788.53,422.36,791.43,422.14
811.84,355.69,810.10,359.57
813.08,359.56,813.46,359.56
819.52,359.56,819.91,359.56
790.28,449.50,790.05,449.44
824.48,355.55,823.04,359.55
784.23,324.37,787.08,324.09
785.19,432.06,785.55,432.11
799.36,368.54,799.41,368.71
824.48,355.55,822.64,359.55
824.04,355.56,822.64,359.55
831.29,355.48,829.81,359.55
831.29,355.48,829.40,359.55
821.96,352.87,821.41,352.88
809.19,365.49,810.53,360.94
829.02,359.55,829.81,359.55
809.19,365.49,810.16,360.93
754.40,377.21,755.06,369.82
809.24,366.33,810.11,367.61
824.23,352.83,821.96,352.87
809.24,366.33,809.99,368.28
818.88,366.05,819.54,367.79
783.60,303.00,783.60,302.72
819.41,368.48,819.54,367.79
783.01,329.18,783.16,329.84
804.53,355.52,804.57,355.31
818.63,366.48,819.41,368.48
799.51,357.70,798.82,357.79
801.93,358.06,801.82,358.06
783.92,319.92,778.73,320.48
828.74,366.20,829.90,360.98
754.66,384.85,755.95,385.26
828.43,365.76,829.90,360.98
801.82,358.06,801.82,358.27
828.43,365.76,829.49,360.98
829.90,360.98,829.49,360.98
828.74,366.20,829.43,367.98
786.82,392.62,786.37,391.30
829.30,368.69,829.43,367.98
791.61,422.46,805.50,422.46
804.82,360.91,803.80,353.23
795.70,388.69,796.06,388.85
803.80,353.23,804.82,355.10
776.00,348.49,777.84,348.05
804.89,421.92,805.50,422.46
803.80,360.91,803.80,353.23
796.06,392.18,799.16,392.53
816.03,384.60,815.08,384.11
803.80,360.91,801.65,353.23
818.55,366.04,819.25,367.79
803.22,416.32,803.29,416.36
801.37,360.91,801.37,353.34
813.75,340.15,814.07,340.16
819.80,355.62,819.14,359.56
799.11,360.91,799.00,355.87
799.00,355.87,799.11,355.61
798.93,355.84,798.93,360.91
802.64,367.46,803.42,365.41
811.71,367.64,813.14,360.94
785.86,341.05,785.82,341.64
818.88,366.05,819.98,360.96
772.93,357.49,774.28,357.48
818.58,365.62,819.98,360.96
785.82,341.64,785.70,342.17
818.58,365.62,819.59,360.96
819.98,360.96,819.59,360.96
800.15,365.77,801.15,360.91
829.21,355.51,822.21,359.54
801.11,367.43,800.51,365.78
829.46,373.29,830.17,373.30
775.55,346.37,774.56,348.33
800.99,368.10,800.15,365.77
801.11,367.43,802.64,367.46
802.84,368.13,802.64,367.46
802.84,368.13,800.99,368.10
801.11,367.43,800.99,368.10
814.23,372.92,811.77,370.54
811.93,368.33,811.71,367.64
792.07,400.57,791.98,398.66
810.35,355.72,809.67,359.55
810.11,367.61,809.99,368.28
819.54,367.79,821.22,367.82
821.44,368.53,821.22,367.82
792.16,401.60,789.87,400.73
821.89,366.53,822.08,365.67
819.54,367.79,819.41,368.48
829.43,367.98,831.20,368.01
822.44,355.59,819.09,359.54
831.43,368.74,831.20,368.01
780.22,396.95,780.52,395.19
829.43,367.98,831.43,368.74
829.43,367.98,829.30,368.69
800.21,414.04,799.95,414.48
806.64,343.22,817.89,343.22
798.82,359.15,799.42,359.15
797.77,378.37,798.02,378.95
762.56,353.80,763.66,351.91
829.81,359.55,829.90,360.98
790.66,394.30,790.12,392.83
829.49,360.98,829.90,360.98
798.07,394.30,797.52,392.83
830.29,373.33,830.69,373.19
829.40,359.55,829.49,360.98
829.81,359.55,829.40,359.55
822.72,360.96,823.12,360.96
823.04,359.55,822.64,359.55
819.91,359.56,819.98,360.96
819.59,360.96,819.98,360.96
819.91,359.56,819.59,360.96
826.29,373.19,826.42,373.33
819.52,359.56,819.59,360.96
819.91,359.56,819.52,359.56
813.46,359.56,813.52,360.94
810.47,359.57,810.53,360.94
810.16,360.93,810.53,360.94
810.47,359.57,810.16,360.93
769.99,346.93,772.18,346.53
786.94,405.53,789.66,406.04
824.47,373.01,825.15,373.01
810.10,359.57,810.16,360.93
804.32,359.57,804.37,360.92
804.00,360.92,804.37,360.92
804.32,359.57,804.00,360.92
772.20,346.66,772.65,349.36
779.14,409.97,786.62,406.78
820.81,373.01,821.06,373.01
803.95,359.57,804.00,360.92
804.32,359.57,803.95,359.57
801.47,359.58,801.51,360.91
801.15,360.91,801.51,360.91
801.47,359.58,801.15,360.91
781.92,319.82,776.73,320.39
801.47,359.58,801.11,359.58
799.00,369.86,799.00,360.91
798.93,360.91,799.00,360.91
778.72,393.63,780.10,394.06
798.93,369.89,798.93,360.91
768.94,378.29,769.18,378.88
799.00,360.91,799.00,369.86
798.93,369.89,799.00,369.86
768.55,347.73,766.71,348.86
831.80,353.96,831.29,355.48
830.85,355.48,831.29,355.48
780.40,395.35,780.73,396.13
831.80,353.96,830.85,355.48
824.04,355.56,824.48,355.55
798.93,369.89,799.00,360.91
824.58,354.06,824.04,355.56
780.00,394.84,780.40,395.35
821.83,354.10,820.91,355.59
777.51,393.57,779.55,393.83
779.21,395.02,780.40,395.35
821.43,354.11,820.91,355.59
821.83,354.10,821.43,354.11
814.44,355.66,814.86,355.66
811.41,355.70,811.84,355.69
812.32,354.24,811.95,354.25
774.31,346.36,774.24,346.25
806.12,354.33,805.64,355.76
781.37,398.20,781.27,396.87
805.28,355.76,805.64,355.76
806.12,354.33,805.28,355.76
780.12,398.21,780.01,396.74
805.76,354.34,805.28,355.76
781.29,399.51,781.37,398.20
806.12,354.33,805.76,354.34
774.28,350.03,776.22,347.97
803.26,354.37,802.78,355.79
826.08,402.07,826.20,401.44
781.04,400.69,781.29,399.51
802.39,355.79,802.78,355.79
826.02,402.15,826.14,401.46
779.76,400.97,780.03,399.67
802.89,354.38,802.39,355.79
780.16,402.17,780.65,401.60
813.00,340.58,812.00,341.97
799.00,355.87,798.93,355.84
779.61,402.34,780.16,402.17
799.11,370.13,799.11,360.91
801.36,372.50,799.06,370.20
778.81,309.04,778.91,319.51
777.23,404.35,777.46,402.62
801.37,372.39,799.11,370.13
827.92,418.87,829.63,419.12
779.06,402.09,779.61,402.34
805.49,340.59,813.37,341.90
799.06,370.20,799.11,370.13
778.56,401.45,779.06,402.09
799.06,355.53,799.11,355.61
779.25,402.07,779.69,401.03
801.37,353.34,799.11,355.61
779.25,402.07,779.33,401.98
801.37,353.34,799.06,355.53
802.85,341.08,803.68,342.35
801.37,360.91,801.37,372.39
778.18,402.80,778.79,402.61
809.16,350.37,806.51,350.86
780.68,396.18,779.95,396.71
801.65,372.50,803.80,372.50
779.28,394.33,778.72,393.63
803.80,372.50,803.97,372.63
777.90,399.29,778.16,400.49
804.63,340.99,804.99,342.28
801.36,372.50,801.37,372.39
779.16,401.32,779.60,401.52
801.65,372.50,801.36,372.50
803.80,372.50,804.82,370.64
805.58,340.95,806.41,342.22
803.80,360.91,804.82,370.64
779.69,401.03,780.33,402.16
803.80,360.91,804.82,360.91
778.09,404.74,778.95,404.49
801.68,353.10,801.36,353.24
803.80,360.91,803.80,372.50
801.65,360.91,803.80,360.91
801.65,372.50,801.65,360.91
777.46,398.00,778.21,396.94
803.97,372.63,803.80,372.50
775.47,395.84,775.85,393.99
804.90,370.82,803.97,372.63
830.52,349.16,830.60,350.97
781.29,399.51,779.58,398.08
805.08,353.17,801.36,353.24
797.77,441.73,806.23,441.74
805.08,353.17,801.68,353.10
803.92,421.22,803.58,420.82
801.02,395.66,801.30,396.87
805.08,353.17,805.41,353.04
777.30,399.35,778.04,400.65
801.65,353.23,801.68,353.10
803.80,353.23,801.65,353.23
803.97,353.10,803.80,353.23
743.74,377.37,743.63,377.51
807.72,353.04,803.97,353.10
780.71,400.32,779.69,401.03
743.43,377.42,743.31,377.56
805.41,353.04,807.72,353.04
801.68,353.10,805.41,353.04
775.46,396.58,776.49,396.84
804.90,354.92,804.82,355.10
780.33,402.16,779.25,402.07
803.97,353.10,804.90,354.92
803.80,353.23,803.97,353.10
794.12,382.72,794.34,382.85
807.72,353.04,808.64,354.87
799.54,372.10,800.29,370.44
800.47,370.61,799.54,372.10
799.54,353.49,800.22,355.58
800.29,355.17,800.22,355.58
780.01,396.74,779.72,395.40
807.86,355.07,807.67,354.90
779.50,410.62,779.14,409.97
778.43,397.96,778.31,397.94
770.88,357.77,771.05,357.98
767.97,373.34,765.96,372.92
808.97,353.33,807.86,355.07
779.95,396.71,779.65,395.34
807.94,355.49,807.86,355.07
778.39,400.45,778.17,398.19
795.62,338.90,795.67,339.33
809.01,362.87,807.94,358.27
780.03,399.67,780.12,398.21
807.86,358.69,807.67,358.86
778.39,400.45,778.51,400.58
809.01,362.87,807.67,358.86
743.65,371.05,744.09,377.26
809.01,362.87,807.67,366.85
779.76,400.97,780.03,399.67
807.86,367.03,807.67,366.85
809.01,362.87,807.86,367.03
779.69,401.03,779.97,399.70
807.94,367.45,807.86,367.03
782.12,353.87,781.16,352.01
780.42,410.98,777.72,409.33
803.67,342.71,803.86,342.72
808.97,372.40,807.94,370.23
800.47,354.99,799.54,353.49
798.69,353.11,792.42,353.22
821.88,329.08,822.11,329.93
780.83,396.15,780.68,396.18
801.97,353.22,792.42,353.22
792.30,306.23,788.33,306.23
819.38,332.55,820.08,332.29
800.47,354.99,801.44,353.46
803.86,378.59,803.33,378.91
801.82,353.46,801.44,353.46
778.08,402.90,778.70,402.71
801.97,353.22,798.69,353.11
777.57,402.52,778.18,402.80
801.97,353.22,799.12,353.11
801.19,355.56,802.58,354.38
799.71,353.11,801.97,353.22
777.46,402.62,778.08,402.90
808.78,353.10,801.97,353.22
801.19,355.56,802.89,354.38
799.71,353.11,808.78,353.10
817.10,334.74,806.97,336.02
776.13,396.48,776.41,395.16
779.85,403.69,780.47,402.23
801.82,372.17,801.44,372.16
801.82,353.46,800.47,354.99
802.20,353.45,800.47,354.99
776.59,400.74,777.02,401.81
801.82,353.46,802.20,353.45
827.90,418.87,831.62,418.53
776.28,396.52,778.13,395.50
795.00,356.49,794.20,357.45
801.82,372.17,800.47,370.61
802.20,372.18,801.82,372.17
792.18,353.45,794.20,357.45
829.93,372.00,830.20,372.00
776.54,403.43,777.23,404.35
819.51,330.52,819.83,330.69
793.56,358.92,794.20,357.45
781.14,402.49,781.64,400.51
792.18,353.45,795.90,356.15
795.00,356.49,795.90,356.15
792.18,353.45,795.00,356.49
781.37,402.55,781.14,402.49
809.01,362.87,809.01,353.43
801.11,395.51,800.73,396.13
808.97,353.33,809.01,353.43
807.86,370.64,807.67,370.81
779.78,405.09,779.57,405.00
799.71,372.63,799.12,372.62
778.66,405.28,779.57,405.00
796.24,309.23,796.00,308.93
801.97,372.41,799.12,372.62
801.11,395.51,801.43,396.24
792.18,353.45,793.56,358.92
793.87,394.71,795.42,395.79
800.71,395.02,800.39,395.35
808.97,372.40,809.01,362.87
799.71,372.63,808.78,372.63
780.68,396.18,780.27,394.29
800.76,400.18,801.66,399.17
801.97,372.41,799.71,372.63
798.69,372.62,801.97,372.41
780.83,396.15,780.41,394.23
780.83,398.26,780.68,396.18
780.50,363.92,780.36,360.00
798.69,372.62,792.42,372.41
780.47,402.23,780.86,400.36
796.28,357.93,795.70,359.27
780.71,400.32,780.83,398.26
778.70,367.46,778.20,366.64
798.47,356.39,796.16,356.44
778.16,393.73,779.53,392.14
776.78,400.13,776.63,402.13
817.65,331.30,817.60,331.64
797.85,356.76,798.47,356.39
793.56,366.73,793.15,364.87
771.61,360.95,771.65,361.44
795.32,360.96,795.70,359.27
797.85,362.85,795.70,359.27
797.02,357.06,796.28,357.93
779.72,403.60,778.95,404.49
797.85,362.85,796.28,357.93
779.06,404.59,779.85,403.69
777.84,348.05,779.60,349.85
821.67,330.01,821.67,333.85
776.16,399.44,776.59,400.74
778.19,404.85,779.06,404.59
801.65,353.23,801.37,353.34
817.96,372.94,818.36,372.79
799.69,356.38,797.85,356.76
777.23,404.35,778.09,404.74
799.82,394.98,799.49,394.65
800.54,356.74,799.69,356.38
792.18,372.19,795.90,369.54
819.55,330.47,819.18,330.41
795.32,364.70,795.19,362.83
775.50,399.99,775.91,401.89
803.25,400.61,803.27,398.28
797.85,368.93,796.16,369.25
775.35,397.91,775.44,399.96
798.47,369.34,797.85,368.93
761.60,370.33,763.43,370.42
797.85,362.85,795.32,364.70
781.30,390.84,781.09,390.89
802.61,344.88,803.54,345.90
797.02,368.62,797.85,362.85
802.55,369.99,802.51,368.22
800.62,368.18,802.55,369.99
764.25,367.46,765.55,368.97
788.99,422.97,787.34,423.17
798.93,369.89,802.55,369.99
815.38,371.46,815.65,371.46
811.62,370.22,811.58,368.41
809.60,368.37,811.62,370.22
798.86,398.00,798.08,396.94
821.15,370.47,821.09,368.62
782.13,396.01,782.05,393.96
831.12,370.72,831.07,368.83
806.24,349.94,806.95,350.72
781.88,398.27,781.90,396.03
798.31,400.02,799.47,400.65
782.85,418.31,783.37,418.83
828.89,368.78,831.12,370.72
823.84,352.84,824.68,353.94
813.02,372.77,812.48,372.62
824.18,353.95,824.68,353.94
776.78,400.13,776.59,400.11
826.38,389.54,822.34,388.09
790.87,309.95,790.95,310.28
797.85,356.76,796.16,356.44
823.84,352.84,824.18,353.95
819.55,332.76,819.51,332.70
819.02,368.57,811.58,368.41
811.56,354.13,812.03,354.13
782.76,371.05,782.89,371.14
814.55,354.09,815.03,354.08
828.89,368.78,821.09,368.62
792.18,372.19,793.56,366.73
778.35,355.59,777.73,356.59
814.23,353.01,814.55,354.09
781.06,390.58,781.83,389.81
800.95,337.57,800.64,337.92
824.04,355.56,822.64,359.55
805.08,353.17,805.37,354.22
821.88,334.84,821.52,334.39
814.23,353.01,823.84,352.84
801.37,355.83,801.54,355.55
802.78,355.79,801.37,355.83
805.64,355.76,804.39,355.52
816.96,339.90,822.84,339.98
781.06,390.58,780.76,391.02
782.62,352.40,782.79,352.57
805.64,355.76,804.23,355.80
780.62,392.04,779.16,393.16
805.12,372.51,804.86,371.28
811.84,355.69,810.39,355.74
814.86,355.66,813.55,355.41
763.95,372.03,765.96,372.92
783.71,389.14,782.80,389.10
813.38,355.70,813.55,355.41
790.52,354.51,789.48,355.53
814.86,355.66,813.38,355.70
784.25,391.72,784.04,390.59
790.94,403.03,788.98,405.15
791.23,356.24,791.68,358.09
819.85,355.63,820.02,355.33
821.33,355.59,819.85,355.63
785.39,389.42,783.71,389.14
824.48,355.55,823.15,355.30
824.48,355.55,822.98,355.60
790.83,364.26,790.02,363.79
829.76,355.53,829.94,355.22
760.90,363.13,761.33,364.21
777.14,397.94,777.05,397.91
779.23,395.06,777.79,396.41
830.78,367.92,828.41,366.19
818.55,366.04,819.18,367.70
769.25,381.86,769.38,381.81
781.45,336.73,781.94,325.45
820.91,355.59,819.52,359.56
811.31,367.55,809.76,367.52
809.16,365.90,809.76,367.52
811.31,367.55,809.16,365.90
810.77,387.13,804.97,385.45
778.74,396.81,777.37,398.22
768.96,365.49,769.95,367.11
800.19,365.77,800.77,367.35
769.80,367.16,771.05,368.61
802.25,367.37,800.19,365.77
769.91,368.58,771.52,369.49
798.93,355.84,800.24,359.59
778.17,398.19,777.97,395.64
796.86,356.33,797.02,356.33
830.85,355.48,829.54,355.23
829.35,355.53,830.85,355.48
796.89,356.33,796.86,356.33
824.04,355.56,822.77,355.31
786.81,369.85,785.23,370.78
776.43,325.59,776.70,325.39
778.43,397.96,778.01,395.89
793.90,379.91,793.87,380.88
808.97,353.33,807.67,354.90
796.89,369.36,797.78,369.36
822.58,355.60,824.04,355.56
803.74,330.94,803.81,330.90
779.23,395.06,778.39,394.71
778.67,400.54,778.92,400.38
819.46,355.64,819.64,355.35
820.91,355.59,819.64,355.35
779.23,395.06,780.93,393.56
778.37,394.98,778.23,395.47
819.46,355.64,820.91,355.59
752.05,383.10,751.79,382.78
814.44,355.66,813.18,355.42
813.00,355.71,814.44,355.66
810.02,355.74,810.20,355.46
796.14,356.62,796.30,356.62
811.41,355.70,810.20,355.46
810.02,355.74,811.41,355.70
778.74,396.81,777.79,396.41
753.28,378.03,753.12,377.87
796.18,356.62,796.14,356.62
805.28,355.76,804.04,355.53
796.18,369.06,797.06,369.05
803.87,355.81,805.28,355.76
801.02,355.84,801.19,355.56
802.39,355.79,801.19,355.56
778.47,397.97,778.13,395.59
801.02,355.84,802.39,355.79
795.46,357.07,795.43,357.07
804.00,360.92,803.42,365.41
803.95,331.61,803.90,331.97
788.53,403.20,785.86,403.71
795.46,368.60,796.35,368.60
804.37,360.92,804.00,360.92
813.14,360.94,812.53,365.53
777.82,398.24,777.53,396.18
813.52,360.94,813.14,360.94
771.74,371.02,772.20,367.34
822.72,360.96,822.08,365.67
778.11,400.31,777.92,398.22
752.05,383.10,751.79,382.78
823.12,360.96,822.72,360.96
755.04,384.21,773.60,384.58
802.64,367.46,802.84,368.13
803.24,366.23,802.64,367.46
799.11,360.91,799.00,360.91
809.24,366.33,809.48,365.91
818.88,366.05,818.58,365.62
818.63,366.48,818.88,366.05
821.89,366.53,821.22,367.82
796.12,379.51,796.06,380.32
828.74,366.20,828.43,365.76
828.48,366.64,828.74,366.20
831.20,368.01,831.43,368.74
831.90,366.69,831.20,368.01
801.78,436.55,801.69,437.30
827.78,419.02,834.08,459.20
721.36,355.12,727.89,354.79
779.15,369.75,779.75,369.14
722.94,354.87,727.89,354.79
729.50,355.04,722.94,354.87
774.13,370.85,774.24,370.78
799.87,394.91,801.39,394.16
724.53,355.12,729.50,355.04
778.32,398.08,778.67,400.54
730.95,355.78,724.53,355.12
778.17,398.19,778.51,400.58
725.95,355.85,730.95,355.78
732.10,356.94,725.95,355.85
727.09,356.99,732.10,356.94
781.50,370.14,782.24,369.75
732.84,358.39,727.09,356.99
783.47,371.51,783.75,369.39
727.82,358.41,732.84,358.39
785.18,370.85,785.23,370.78
733.10,360.00,727.82,358.41
728.07,360.00,733.10,360.00
732.84,361.61,728.07,360.00
727.82,361.58,732.84,361.61
732.10,363.06,727.82,361.58
793.62,343.51,795.15,342.34
727.09,363.01,732.10,363.06
730.95,364.21,727.09,363.01
725.95,364.15,730.95,364.21
729.50,364.95,725.95,364.15
724.53,364.88,729.50,364.95
727.89,365.21,724.53,364.88
722.94,365.13,727.89,365.21
726.28,364.95,722.94,365.13
804.75,328.78,805.05,328.42
799.16,331.31,798.32,331.07
810.20,355.46,811.95,354.25
721.36,364.88,726.28,364.95
723.67,363.06,719.93,364.15
718.79,363.01,723.67,363.06
722.93,361.61,718.79,363.01
718.06,361.58,722.93,361.61
722.68,360.00,718.06,361.58
717.81,360.00,722.68,360.00
778.23,399.06,777.73,399.91
722.93,358.39,717.81,360.00
718.06,358.41,722.93,358.39
723.67,356.94,718.06,358.41
718.79,356.99,718.06,358.41
718.79,356.99,723.67,356.94
795.68,341.08,795.17,342.35
777.71,396.12,778.00,395.42
724.83,355.78,718.79,356.99
748.48,371.21,745.42,370.89
798.57,413.79,797.68,413.27
719.93,355.85,724.83,355.78
778.41,396.00,778.72,395.26
726.28,355.04,724.83,355.78
743.40,375.31,743.73,374.98
777.16,398.72,777.73,399.91
721.36,355.12,726.28,355.04
830.52,339.34,829.95,340.73
719.93,355.85,721.36,355.12
780.38,310.18,785.11,309.52
820.15,332.32,820.24,331.97
722.09,350.02,722.09,352.45
724.42,352.82,722.09,352.45
726.53,353.89,724.42,352.82
753.59,382.24,753.26,382.53
804.58,324.35,787.08,324.09
785.84,431.68,785.55,432.11
725.18,350.51,726.53,353.89
800.06,373.72,808.54,376.45
784.69,445.35,785.36,445.67
830.94,391.28,829.76,392.15
727.96,351.92,726.53,353.89
728.20,355.56,726.53,353.89
827.11,400.32,826.48,402.41
725.67,349.59,725.40,349.98
783.72,437.67,784.08,437.73
727.96,351.92,728.20,355.56
730.17,354.13,728.20,355.56
729.27,357.67,728.20,355.56
778.79,394.84,779.21,395.02
729.64,360.00,729.27,357.67
746.30,377.66,747.33,377.56
715.95,351.47,713.62,353.80
793.47,445.78,795.33,445.67
782.44,393.88,782.04,395.43
732.07,360.00,729.64,360.00
794.72,378.33,795.45,378.38
782.44,393.88,781.59,395.19
732.07,360.00,729.27,362.33
795.45,445.87,792.21,412.92
731.58,363.08,729.27,362.33
782.08,319.76,783.78,319.76
728.20,364.43,729.27,362.33
829.67,400.67,830.38,402.41
807.69,439.75,808.00,439.33
795.47,424.43,803.58,424.44
731.58,363.08,728.20,364.43
779.92,400.06,780.11,399.17
790.64,343.63,793.62,343.51
726.53,366.10,728.20,364.43
725.18,369.49,724.42,367.18
801.13,400.63,800.98,400.58
722.09,367.55,724.42,367.18
725.18,369.49,722.09,367.55
790.32,413.09,790.58,411.10
722.09,369.98,722.09,367.55
719.76,367.18,722.09,367.55
719.01,369.49,719.76,367.18
717.66,366.10,719.76,367.18
715.99,364.43,717.66,366.10
714.91,362.33,715.99,364.43
805.73,329.47,805.75,330.54
799.47,418.90,799.08,418.94
803.06,332.31,802.83,332.35
787.34,423.17,788.53,422.36
807.72,439.10,807.96,438.68
815.36,355.04,815.28,355.20
714.02,365.87,714.91,362.33
712.60,363.08,714.91,362.33
714.54,360.00,714.91,362.33
777.65,369.39,779.15,369.75
799.91,422.53,799.35,422.04
756.21,363.94,756.36,363.92
712.11,360.00,714.54,360.00
714.91,357.67,714.54,360.00
796.26,379.28,795.72,378.49
715.99,355.56,714.91,357.67
717.66,353.89,715.99,355.56
830.19,394.48,830.18,395.45
795.47,393.66,795.42,395.79
714.02,354.13,717.66,353.89
778.23,399.06,778.15,397.99
719.76,352.82,717.66,353.89
776.22,368.79,777.65,369.39
802.45,441.60,801.77,442.10
802.14,342.46,802.82,342.73
716.22,351.92,719.76,352.82
722.94,354.87,722.09,352.45
724.42,352.82,722.94,354.87
810.99,347.30,810.41,347.40
780.76,391.02,780.62,391.16
724.53,355.12,724.42,352.82
728.20,355.56,725.95,355.85
727.09,356.99,728.20,355.56
729.27,357.67,727.09,356.99
800.62,398.19,800.41,395.64
727.82,358.41,729.27,357.67
729.64,360.00,727.82,358.41
728.07,360.00,729.64,360.00
729.27,362.33,728.07,360.00
801.03,397.96,800.88,395.89
727.82,361.58,729.27,362.33
728.20,364.43,727.82,361.58
727.09,363.01,727.82,361.58
727.09,363.01,728.20,364.43
811.06,378.03,810.90,378.99
799.82,394.98,800.36,395.55
725.95,364.15,726.53,366.10
724.53,364.88,725.95,364.15
724.53,364.88,724.42,367.18
805.28,355.76,803.95,359.57
722.94,365.13,722.09,367.55
826.46,395.62,826.29,395.45
719.76,367.18,722.94,365.13
800.88,400.70,800.75,401.20
721.36,364.88,719.76,367.18
717.66,366.10,721.36,364.88
778.44,400.02,778.04,400.65
766.40,351.84,765.41,353.73
715.99,364.43,719.93,364.15
820.53,373.72,829.46,376.45
777.46,398.00,777.52,397.00
762.53,353.75,764.43,355.71
718.79,363.01,715.99,364.43
829.46,386.24,833.72,386.37
777.11,398.02,777.15,397.34
823.91,355.40,824.01,355.30
714.91,362.33,718.79,363.01
801.03,397.96,800.70,395.72
718.06,361.58,714.91,362.33
714.54,360.00,718.06,361.58
801.30,400.36,801.03,397.96
797.77,355.65,821.12,355.39
714.91,357.67,717.81,360.00
799.26,355.65,822.73,355.39
718.06,358.41,714.91,357.67
715.99,355.56,718.06,358.41
780.22,413.77,780.46,413.71
801.63,396.30,801.11,395.51
717.66,353.89,715.99,355.56
778.32,332.26,777.67,333.77
801.50,400.00,801.29,397.92
718.79,356.99,715.99,355.56
801.55,350.78,825.18,350.21
746.60,383.77,745.13,383.29
719.93,355.85,718.79,356.99
779.99,414.47,780.45,415.23
799.96,394.84,800.71,395.02
721.36,355.12,722.94,354.87
804.27,324.09,804.42,324.16
719.76,352.82,722.09,352.45
719.93,355.85,717.66,353.89
721.36,355.12,719.93,355.85
719.76,352.82,721.36,355.12
757.09,382.20,757.69,378.09
805.47,440.91,805.66,440.93
818.37,338.75,817.57,343.76
802.20,412.64,802.03,412.34
722.09,350.02,725.18,350.51
805.48,330.65,806.39,331.24
818.41,338.84,818.11,338.88
722.14,349.46,725.40,349.98
801.13,400.31,800.78,398.22
725.40,349.98,725.18,350.51
778.54,328.35,778.74,327.87
743.63,377.87,743.31,377.92
728.34,351.47,725.18,350.51
747.82,383.48,746.64,382.54
801.35,395.96,801.04,395.84
771.26,358.70,771.29,359.15
727.96,351.92,725.18,350.51
747.11,382.45,746.90,382.11
800.71,395.02,801.35,395.96
771.18,358.30,771.26,358.70
743.63,377.87,743.31,377.56
728.34,351.47,725.40,349.98
748.41,382.53,748.20,382.20
800.26,394.84,800.71,395.02
771.85,358.35,771.92,358.73
729.01,351.02,725.91,349.44
728.72,351.14,725.67,349.59
800.14,395.79,800.36,395.55
728.34,351.47,727.96,351.92
806.89,343.01,829.67,343.03
775.12,332.10,775.78,332.30
730.67,353.80,727.96,351.92
747.85,382.39,747.35,378.14
799.49,394.65,800.26,394.84
746.60,383.77,748.96,384.23
730.17,354.13,727.96,351.92
730.67,353.80,728.34,351.47
810.95,338.14,814.03,338.70
801.46,400.06,801.15,400.76
731.46,353.47,729.01,351.02
728.72,351.14,729.01,351.02
801.87,399.45,801.46,400.06
747.85,383.86,745.39,383.07
731.14,353.56,728.72,351.14
732.17,356.74,730.17,354.13
814.08,372.79,814.75,372.80
747.11,382.45,746.90,382.11
801.04,398.17,801.65,397.16
801.65,399.94,801.87,399.45
731.58,356.91,730.17,354.13
732.17,356.74,730.67,353.80
731.14,353.56,731.46,353.47
746.90,382.11,746.30,378.02
801.43,396.24,801.65,397.16
733.04,356.57,731.14,353.56
732.68,360.00,731.58,356.91
732.68,360.00,732.17,356.74
800.75,401.20,800.01,401.38
733.58,360.00,733.04,356.57
732.70,356.62,733.04,356.57
793.68,332.36,793.66,332.00
800.78,398.08,801.15,400.54
801.29,397.92,800.98,395.86
804.04,331.61,803.98,331.24
733.58,360.00,732.70,356.62
733.23,360.00,732.70,356.62
732.68,360.00,732.07,360.00
793.47,389.19,792.39,389.19
800.62,398.19,800.98,400.58
743.63,377.51,743.74,377.37
732.17,363.26,732.07,360.00
794.29,388.76,792.39,389.19
798.61,395.26,799.43,395.42
731.58,363.08,732.07,360.00
743.63,377.51,744.60,377.42
732.17,363.26,732.68,360.00
805.02,346.95,805.34,347.69
800.31,401.32,799.54,401.52
733.04,363.43,733.58,360.00
733.23,360.00,733.58,360.00
732.70,363.38,733.23,360.00
732.17,363.26,731.58,363.08
730.67,366.19,731.58,363.08
799.43,395.42,800.46,396.24
730.17,365.87,731.58,363.08
730.67,366.19,732.17,363.26
798.28,396.00,799.12,396.12
731.46,366.53,733.04,363.43
732.70,363.38,733.04,363.43
731.14,366.43,732.70,363.38
730.67,366.19,730.17,365.87
801.07,400.33,800.31,401.32
747.85,383.86,748.96,384.23
727.96,368.07,730.17,365.87
799.87,401.14,799.08,401.32
729.01,368.98,731.46,366.53
731.14,366.43,731.46,366.53
799.71,353.11,799.12,353.11
723.67,363.06,724.83,364.21
800.66,398.21,800.26,395.81
747.73,384.11,746.63,383.16
728.72,368.86,731.14,366.43
728.34,368.52,727.96,368.07
725.40,370.02,728.34,368.52
798.08,396.94,798.92,397.00
725.91,370.56,729.01,368.98
728.72,368.86,729.01,368.98
725.67,370.41,728.72,368.86
784.23,324.37,786.92,324.16
725.40,370.02,725.18,369.49
744.63,377.99,744.86,377.94
722.14,370.54,725.18,369.49
800.76,400.20,799.87,401.14
802.39,355.79,802.89,354.38
722.09,369.98,725.18,369.49
801.02,355.84,800.37,359.58
744.63,377.99,744.75,377.57
722.14,370.54,725.40,370.02
799.47,400.65,798.65,400.80
722.48,371.10,725.91,370.56
783.78,324.14,782.20,320.08
725.67,370.41,725.91,370.56
722.28,370.95,725.67,370.41
722.14,370.54,722.09,369.98
718.89,370.02,722.09,369.98
719.01,369.49,722.09,369.98
718.89,370.02,722.14,370.54
798.01,397.99,798.86,398.00
719.05,370.56,722.48,371.10
801.04,398.17,800.96,397.11
801.65,399.94,801.46,400.06
802.16,325.45,802.70,325.83
722.28,370.95,722.48,371.10
718.90,370.41,722.28,370.95
718.89,370.02,719.01,369.49
828.48,366.64,822.08,365.67
715.95,368.52,719.01,369.49
807.49,361.37,800.32,358.65
800.49,399.86,799.47,400.65
716.22,368.07,719.01,369.49
715.95,368.52,718.89,370.02
760.90,363.13,760.85,363.13
802.05,398.14,801.65,397.16
826.35,394.40,826.30,394.48
799.15,399.91,798.31,400.02
715.95,368.98,719.05,370.56
798.94,399.00,799.15,399.91
778.74,396.81,780.52,395.19
772.78,349.07,771.14,350.07
831.20,368.01,832.10,365.81
715.85,368.86,718.90,370.41
715.95,368.52,716.22,368.07
801.19,397.94,801.37,400.19
713.62,366.19,716.22,368.07
830.76,404.27,829.38,404.12
798.09,399.06,798.94,399.00
795.78,384.16,784.59,383.61
714.02,365.87,716.22,368.07
817.57,334.94,805.13,335.72
769.11,376.29,771.25,376.29
792.69,389.90,791.62,389.90
713.62,366.19,715.95,368.52
798.86,398.00,800.06,398.02
786.75,383.56,784.10,383.42
713.49,366.53,715.95,368.98
805.19,325.65,805.32,325.69
715.85,368.86,715.95,368.98
798.94,399.00,798.86,398.00
744.60,377.42,743.43,377.42
713.43,366.43,715.85,368.86
713.62,366.19,714.02,365.87
712.12,363.26,714.02,365.87
799.15,399.91,798.94,399.00
712.60,363.08,714.02,365.87
749.16,377.66,749.05,377.80
800.26,399.35,799.15,399.91
712.12,363.26,713.62,366.19
802.01,398.84,801.72,398.17
748.85,377.71,748.73,377.85
800.12,398.72,800.26,399.35
711.92,363.43,713.49,366.53
713.43,366.43,713.49,366.53
798.25,356.19,828.54,355.65
711.87,363.38,713.43,366.43
712.12,363.26,712.60,363.08
796.85,439.39,794.25,421.60
711.61,360.00,712.12,363.26
790.13,441.88,796.85,439.39
711.37,360.00,711.92,363.43
711.87,363.38,711.92,363.43
801.35,395.96,801.63,396.30
747.77,384.35,746.46,383.60
711.37,360.00,711.87,363.38
789.16,361.26,789.76,361.44
800.71,395.02,801.63,396.30
747.73,384.11,746.46,383.60
711.34,360.00,711.87,363.38
711.61,360.00,712.11,360.00
801.46,424.27,803.43,421.60
712.60,356.91,712.11,360.00
789.80,359.05,789.76,358.57
775.89,370.27,778.20,366.64
800.26,394.84,799.96,394.84
804.08,441.88,801.46,424.27
776.00,371.51,777.65,369.39
799.00,360.91,799.00,355.87
712.12,356.74,711.61,360.00
806.10,439.39,804.08,441.88
711.92,356.57,711.37,360.00
711.87,356.62,711.34,360.00
712.12,356.74,712.60,356.91
803.43,421.60,794.25,421.60
714.02,354.13,712.60,356.91
806.10,439.39,803.43,421.60
713.62,353.80,712.12,356.74
796.85,439.39,806.10,439.39
713.49,353.47,711.92,356.57
711.87,356.62,711.92,356.57
796.01,380.33,795.19,380.71
713.62,353.80,714.02,354.13
798.41,414.57,798.32,415.32
798.29,413.80,798.41,414.57
715.95,351.02,713.49,353.47
713.43,353.56,713.49,353.47
798.01,413.30,798.29,413.80
715.85,351.14,713.43,353.56
715.95,351.47,716.22,351.92
803.53,333.38,803.94,333.82
719.01,350.51,716.22,351.92
772.27,339.97,772.72,340.38
718.89,349.98,715.95,351.47
715.85,351.14,715.95,351.02
830.01,398.99,829.95,399.01
744.30,377.47,744.63,377.99
719.05,349.44,715.85,351.14
741.53,369.80,742.22,369.82
799.15,399.91,799.47,400.65
798.40,420.08,798.12,419.58
744.51,377.63,744.63,377.99
804.86,333.76,804.40,333.95
718.90,349.59,715.85,351.14
718.89,349.98,722.14,349.46
798.09,399.06,799.15,399.91
831.90,366.69,832.10,365.81
719.01,350.51,718.89,349.98
798.94,399.00,800.06,398.02
766.32,379.24,766.33,379.84
719.05,349.44,722.48,348.89
799.12,396.12,799.43,395.42
718.90,349.59,719.05,349.44
783.92,347.64,785.78,348.77
803.61,427.16,805.66,440.93
798.85,438.49,806.69,438.49
825.16,402.70,825.94,403.91
764.41,347.86,722.48,348.89
802.93,431.68,802.66,432.11
826.08,392.13,826.16,392.58
808.12,440.03,805.86,422.74
800.82,427.67,800.34,428.46
719.05,349.44,722.48,348.89
829.40,400.96,825.56,400.96
798.89,418.39,798.00,418.81
775.53,355.58,779.11,354.69
768.35,347.23,725.91,349.44
805.17,327.80,805.46,328.61
798.89,418.39,798.09,418.06
806.55,438.93,806.69,438.49
761.12,377.54,760.87,377.77
768.35,347.23,722.48,348.89
748.85,377.71,749.05,377.80
800.12,398.72,799.15,399.91
781.10,344.77,776.87,344.95
729.01,351.02,725.91,349.44
780.94,344.71,776.73,344.89
731.46,353.47,729.01,351.02
819.95,339.75,827.52,339.75
778.68,352.49,733.04,356.57
819.95,339.75,827.63,339.87
778.68,352.49,731.46,353.47
711.61,360.00,712.60,363.08
790.13,441.88,794.25,421.60
789.16,361.26,789.80,360.95
800.71,395.02,801.11,395.51
733.04,363.43,733.58,360.00
780.50,363.94,731.46,366.53
780.50,363.94,733.04,363.43
778.68,367.50,731.46,366.53
800.26,394.84,800.71,395.02
712.12,356.74,712.11,360.00
729.01,368.98,731.46,366.53
794.68,444.93,795.68,444.48
767.40,380.90,770.60,380.06
780.27,394.29,779.64,392.78
775.86,370.33,725.91,370.56
767.40,380.90,767.41,380.06
775.86,370.33,729.01,368.98
789.16,358.74,789.76,358.57
799.49,394.65,799.96,394.84
806.10,439.39,801.46,424.27
791.69,358.11,790.69,359.05
772.30,372.14,722.48,371.10
799.51,360.59,799.71,360.52
722.48,371.10,725.91,370.56
713.62,353.80,712.60,356.91
799.31,360.52,799.51,360.59
719.05,370.56,722.48,371.10
764.41,372.14,715.95,368.98
796.85,439.39,803.43,421.60
770.52,360.52,770.70,360.59
713.49,366.53,715.95,368.98
748.42,375.49,748.27,375.74
758.03,367.50,713.49,366.53
770.70,360.59,770.88,360.52
711.92,363.43,713.49,366.53
819.46,355.64,818.60,359.58
756.21,363.94,711.37,360.00
788.53,422.36,791.11,421.49
819.46,355.64,818.74,359.56
748.52,375.10,748.42,375.49
756.21,363.94,711.92,363.43
746.30,377.66,746.41,377.51
715.95,351.47,714.02,354.13
770.56,360.75,770.76,360.67
711.37,360.00,711.92,363.43
829.87,398.86,830.01,398.99
803.21,332.67,803.08,332.67
778.77,362.04,776.42,355.34
799.63,448.49,797.11,445.35
788.43,406.79,786.24,407.59
748.56,374.64,748.52,375.10
755.59,360.00,711.92,356.57
756.21,356.05,713.49,353.47
713.49,353.47,711.92,356.57
833.56,387.95,812.88,388.24
758.03,352.49,713.49,353.47
800.51,337.97,798.44,344.39
715.95,351.02,713.49,353.47
730.17,365.87,728.20,364.43
760.85,349.67,719.05,349.44
749.30,383.97,748.07,383.26
795.24,427.08,796.95,440.91
802.78,355.79,801.47,359.58
803.58,424.44,803.82,424.02
760.85,349.67,715.95,351.02
781.38,344.43,798.02,344.77
719.05,349.44,715.95,351.02
772.55,349.25,769.06,348.69
805.45,421.49,805.03,422.14
768.43,347.30,769.06,348.69
775.70,350.85,772.55,349.25
802.22,425.71,802.34,426.49
778.20,353.35,775.70,350.85
821.79,365.67,822.08,365.67
779.81,356.50,778.20,353.35
784.55,411.12,784.84,410.67
780.50,356.08,778.20,353.35
774.43,342.41,773.78,342.19
718.90,349.59,718.89,349.98
780.36,360.00,779.81,356.50
781.13,360.00,779.81,356.50
779.81,363.49,780.36,360.00
784.54,412.65,784.43,411.88
778.20,366.64,779.81,363.49
822.43,360.96,822.72,360.96
775.70,369.15,778.20,366.64
791.81,346.92,792.02,347.40
782.57,424.07,782.28,424.50
772.55,370.75,769.06,371.31
794.75,381.52,794.94,381.97
784.05,440.05,784.34,439.62
791.34,308.40,791.52,308.76
764.51,372.07,769.06,371.31
762.41,369.15,765.56,370.75
759.91,366.64,762.41,369.15
758.30,363.49,759.91,366.64
808.73,376.68,809.60,376.80
758.16,367.46,759.91,366.64
796.90,442.05,788.78,442.05
758.30,356.50,757.75,360.00
759.91,353.35,758.30,356.50
744.42,383.45,744.96,383.49
783.97,423.22,784.33,423.26
806.89,360.72,806.48,357.54
783.78,431.34,783.89,432.13
756.36,356.08,758.30,356.50
762.41,350.85,759.91,353.35
768.43,347.30,772.35,347.92
775.89,349.73,772.30,347.86
778.70,352.54,775.89,349.73
778.70,352.54,775.86,349.67
754.76,383.68,754.80,382.63
780.50,356.08,778.70,352.54
778.68,352.49,778.70,352.54
781.13,360.00,780.50,356.08
832.01,407.43,830.65,405.77
800.06,398.02,800.11,397.34
799.91,366.58,825.02,367.01
781.13,360.00,780.50,356.05
798.86,398.00,798.92,397.00
801.14,366.72,826.17,367.15
781.12,360.00,781.13,360.00
780.50,363.92,781.12,360.00
800.26,399.35,799.47,400.65
778.70,367.46,780.50,363.94
778.68,367.50,778.70,367.46
812.86,360.94,813.14,360.94
775.86,370.33,775.89,370.27
769.38,379.66,769.38,380.45
772.30,372.14,775.86,370.33
772.30,372.14,772.35,372.07
768.35,372.77,772.30,372.14
811.43,367.64,811.71,367.64
768.43,372.69,768.35,372.77
768.35,372.77,768.43,372.69
764.51,372.07,768.35,372.77
780.30,321.12,785.11,319.71
809.88,355.72,803.53,359.56
760.97,370.27,764.41,372.14
760.85,370.33,760.97,370.27
758.16,367.46,760.85,370.33
756.36,363.92,758.16,367.46
772.80,385.75,771.40,382.89
756.36,363.92,758.03,367.50
800.65,392.21,801.98,393.91
756.36,356.08,755.74,360.00
756.36,356.08,755.59,360.00
758.16,352.54,756.21,356.05
760.97,349.73,758.03,352.49
801.72,439.62,802.06,439.68
764.51,347.92,760.97,349.73
760.85,349.67,760.97,349.73
801.45,440.05,801.72,439.62
764.41,347.86,760.85,349.67
764.41,347.86,768.43,347.30
764.41,347.86,764.51,347.92
805.91,444.22,805.51,444.48
762.74,351.20,759.91,353.35
758.30,356.50,759.91,353.35
758.79,356.64,758.30,356.50
819.75,385.69,818.06,374.36
757.75,360.00,758.79,356.64
758.30,363.49,758.26,360.00
758.79,363.36,758.30,363.49
831.55,430.13,832.23,429.46
781.56,347.97,783.42,348.42
759.91,366.64,758.79,363.36
782.04,348.84,783.74,349.55
762.41,369.15,759.91,366.64
831.35,431.36,831.89,431.55
782.04,348.84,784.00,349.19
762.41,369.15,760.33,366.39
831.54,431.96,832.22,432.56
783.92,349.07,785.56,350.07
765.56,370.75,762.41,369.15
762.74,368.79,762.41,369.15
834.53,394.77,826.14,397.46
827.78,419.02,829.75,420.85
775.87,367.19,772.36,367.19
721.36,355.12,722.94,354.87
748.73,377.85,749.05,377.80
787.46,350.24,787.03,351.32
769.06,371.31,765.56,370.75
787.46,350.24,788.87,351.89
769.06,371.31,765.77,370.34
769.13,370.87,765.77,370.34
769.06,371.31,769.13,370.87
772.55,370.75,769.13,370.87
775.70,369.15,772.55,370.75
787.72,355.78,788.22,357.86
772.49,370.34,772.55,370.75
775.70,369.15,772.49,370.34
777.92,366.39,775.52,368.79
777.92,366.39,778.20,366.64
779.81,363.49,777.92,366.39
780.36,360.00,779.81,363.49
780.00,360.00,780.36,360.00
779.81,356.50,780.00,360.00
778.20,353.35,779.47,356.64
775.70,350.85,778.20,353.35
777.92,353.61,778.20,353.35
775.70,350.85,777.92,353.61
772.55,349.25,775.52,351.20
772.49,349.66,775.52,351.20
775.12,337.26,777.54,337.10
765.56,349.25,769.06,348.69
775.12,337.26,772.84,335.61
765.56,349.25,769.13,349.13
751.73,384.64,750.40,383.88
762.41,350.85,765.56,349.25
803.41,440.43,803.28,439.64
765.77,349.66,765.56,349.25
762.41,350.85,765.77,349.66
762.74,351.20,765.77,349.66
760.99,378.30,760.99,377.93
805.73,423.62,805.86,422.74
749.23,382.48,749.65,382.30
787.01,356.87,787.43,356.87
787.54,356.87,787.43,356.87
787.01,356.87,787.54,356.87
787.58,356.87,787.54,356.87
749.73,377.54,749.95,377.77
760.85,363.13,761.24,363.13
761.08,363.13,761.24,363.13
760.90,363.13,761.08,363.13
796.93,344.33,795.88,345.48
751.64,378.38,751.64,378.01
800.81,437.15,800.69,436.37
812.35,366.38,818.63,366.48
760.85,363.13,760.90,363.13
761.24,363.13,761.08,363.13
761.33,364.21,761.08,363.13
800.15,359.15,799.42,359.15
762.45,356.08,761.03,357.87
762.45,356.08,761.99,358.01
787.66,362.13,786.59,363.92
786.82,445.78,785.36,445.67
787.05,361.98,786.59,363.92
801.57,422.83,801.30,423.26
816.48,377.10,817.27,379.09
778.24,346.19,787.52,346.92
787.31,364.25,787.58,363.13
787.21,363.13,787.58,363.13
823.30,373.23,827.14,373.23
761.16,355.75,760.90,356.87
783.23,417.18,783.74,416.39
815.38,371.46,815.14,372.71
757.24,355.80,760.90,356.87
775.18,371.68,775.03,371.13
799.69,426.38,800.02,426.43
760.64,362.15,760.85,363.13
782.60,381.91,784.14,381.59
760.32,362.15,760.85,363.13
760.56,363.13,760.85,363.13
826.13,379.71,826.03,381.04
799.43,426.81,799.69,426.38
760.32,362.15,760.56,363.13
826.01,379.71,825.90,381.12
799.34,427.56,799.43,426.81
760.64,362.15,760.85,363.13
760.64,362.15,761.24,363.13
761.03,362.13,761.24,363.13
799.46,428.34,799.74,428.85
760.47,360.00,760.64,362.15
760.15,360.00,760.64,362.15
802.72,435.97,802.60,435.19
760.32,362.15,760.64,362.15
760.15,360.00,760.32,362.15
821.16,368.53,821.44,368.53
761.03,362.13,760.64,362.15
771.70,354.33,790.51,355.75
750.23,378.30,750.11,377.93
760.64,357.85,760.47,360.00
746.10,377.56,745.98,377.70
775.89,349.73,772.55,349.25
830.09,393.82,829.89,392.84
760.32,357.85,760.47,360.00
821.89,366.53,828.48,366.64
760.87,360.00,760.47,360.00
784.43,411.88,784.55,411.12
761.03,357.87,760.87,360.00
753.13,384.80,753.20,384.53
748.48,371.21,747.25,373.10
760.56,356.87,760.85,356.87
760.64,357.85,760.85,356.87
760.56,356.87,760.64,357.85
760.32,357.85,760.64,357.85
789.04,361.18,791.83,361.17
800.13,432.74,800.01,431.96
828.19,366.64,828.48,366.64
760.56,356.87,760.32,357.85
750.58,383.67,751.87,384.41
761.03,357.87,760.64,357.85
760.85,356.87,760.64,357.85
761.03,357.87,760.85,356.87
761.24,356.87,760.85,356.87
802.91,407.59,801.34,405.53
829.01,368.69,829.30,368.69
761.03,357.87,761.24,356.87
804.06,355.67,802.19,360.91
774.43,379.22,774.36,380.06
760.85,356.87,761.24,356.87
760.90,356.87,761.24,356.87
802.19,360.91,804.19,356.17
760.90,356.87,761.08,356.87
761.24,356.87,761.08,356.87
831.14,368.74,831.43,368.74
787.43,363.13,787.54,363.13
780.73,415.72,780.45,415.23
752.86,377.92,751.52,377.64
787.23,362.15,787.01,363.13
752.67,377.69,751.52,377.64
787.66,362.13,787.01,363.13
802.04,431.54,801.92,430.76
767.45,371.05,769.20,371.18
787.43,363.13,787.01,363.13
787.66,362.13,787.43,363.13
790.52,405.15,791.92,405.02
769.80,352.84,769.95,352.89
787.21,363.13,787.01,363.13
783.42,414.04,783.13,414.48
787.23,362.15,787.01,363.13
787.23,362.15,787.21,363.13
783.53,413.29,783.42,414.04
787.45,362.15,787.21,363.13
783.43,412.51,783.53,413.29
757.68,385.38,758.67,385.47
787.39,360.00,787.23,362.15
757.61,385.13,758.67,385.47
787.82,360.00,787.23,362.15
787.66,362.13,787.23,362.15
783.14,412.01,783.43,412.51
757.61,385.13,758.58,385.22
787.82,360.00,787.66,362.13
787.45,362.15,787.23,362.15
782.49,412.42,782.78,411.98
787.62,360.00,787.45,362.15
829.76,392.20,829.76,392.15
787.66,357.87,787.39,360.00
787.82,360.00,787.39,360.00
801.64,339.80,801.21,340.19
787.66,357.87,787.82,360.00
799.46,428.34,799.34,427.56
763.92,362.17,764.08,362.16
787.62,360.00,787.39,360.00
787.23,357.85,787.39,360.00
797.21,338.97,798.17,338.74
787.23,357.85,787.62,360.00
762.56,366.20,762.53,366.25
787.23,357.85,787.01,356.87
787.43,356.87,787.66,357.87
801.93,335.76,801.53,335.53
760.32,357.85,760.15,360.00
787.01,356.87,787.23,357.85
778.70,352.54,778.20,353.35
830.00,392.56,826.16,392.56
760.64,357.85,760.47,360.00
771.95,359.15,771.92,359.57
787.45,357.85,787.01,356.87
771.29,359.15,771.92,359.57
764.52,369.72,766.29,371.04
787.21,356.87,787.01,356.87
797.53,334.35,798.45,334.74
760.64,357.85,760.87,360.00
787.45,357.85,787.21,356.87
755.03,383.99,753.75,383.22
801.36,427.12,801.24,426.34
765.91,372.84,765.96,372.92
786.74,367.14,787.83,366.69
765.74,370.64,767.97,373.34
785.03,366.70,786.74,367.14
785.03,366.70,787.83,366.69
785.59,367.42,786.74,367.14
783.79,367.32,785.03,366.70
780.36,321.38,782.04,325.32
781.97,419.69,781.68,420.12
783.94,367.15,785.03,366.70
775.16,396.34,775.62,396.75
798.03,341.49,798.88,340.93
805.37,423.32,791.61,422.46
784.90,366.85,786.03,366.08
782.75,333.63,782.41,332.86
784.90,366.85,785.03,366.70
799.38,342.13,800.06,342.13
789.73,365.31,788.83,366.07
772.35,372.07,772.55,370.75
783.17,334.11,782.97,334.09
782.79,367.43,785.59,367.42
829.56,401.08,829.17,402.31
800.65,341.48,800.06,342.13
752.86,377.92,751.76,377.86
781.61,367.52,784.42,367.51
777.91,364.15,777.94,364.55
782.62,367.60,783.94,367.15
753.03,378.08,753.28,378.03
742.22,369.82,743.65,371.05
782.79,367.43,783.94,367.15
794.94,378.74,795.18,378.47
781.54,423.18,781.65,422.43
829.54,390.87,830.91,387.25
799.41,340.17,799.08,340.30
785.93,366.22,786.03,366.08
775.29,396.48,775.62,396.75
789.26,423.32,791.61,422.46
786.93,365.32,786.03,366.08
829.76,392.15,825.87,392.15
800.18,340.13,799.85,340.26
790.49,364.41,789.73,365.31
753.15,378.46,753.03,378.43
785.93,366.22,784.90,366.85
781.61,367.52,784.42,367.51
781.61,367.52,783.25,367.42
782.62,367.60,782.79,367.43
830.91,390.98,829.56,391.18
791.68,341.40,791.46,340.91
781.41,367.69,782.79,367.43
830.91,390.98,829.54,390.87
783.74,333.76,783.76,333.88
781.41,367.69,781.61,367.52
786.85,365.44,787.70,364.42
786.78,438.52,787.07,439.04
786.85,365.44,786.93,365.32
787.70,364.42,786.93,365.32
791.11,363.41,790.49,364.41
788.31,363.41,790.49,364.41
786.12,438.89,786.42,438.46
785.93,366.53,785.93,366.22
786.85,365.44,785.93,366.22
785.93,366.53,786.85,365.44
824.69,405.18,824.83,405.22
785.93,366.53,784.85,367.19
786.09,417.15,785.80,417.59
829.72,420.22,829.66,420.14
782.55,327.83,782.97,327.28
787.45,357.85,787.62,360.00
777.25,324.57,777.21,324.13
786.10,367.43,784.87,368.18
804.19,360.91,803.45,361.99
786.01,439.64,786.12,438.89
782.10,367.14,783.25,367.42
780.44,367.43,783.25,367.42
780.44,367.43,782.10,367.14
752.28,383.56,753.52,384.27
782.62,367.60,781.41,367.69
753.52,384.27,752.07,384.17
787.23,357.85,787.39,360.00
782.62,367.60,783.79,367.32
783.68,367.67,783.79,367.32
795.69,324.15,795.85,323.78
783.68,367.67,782.62,367.60
782.45,367.97,782.62,367.60
784.49,436.55,784.38,437.30
783.68,367.67,784.85,367.19
784.87,368.18,784.85,367.19
743.44,369.89,743.44,370.69
785.44,417.55,785.80,417.59
784.38,435.77,784.49,436.55
783.54,368.74,784.87,368.18
792.37,344.02,793.21,345.00
795.94,324.13,795.80,323.82
787.64,364.52,787.70,364.42
807.45,362.01,807.40,362.40
799.63,448.49,798.56,448.96
813.00,355.71,813.18,355.42
788.76,362.32,791.11,363.41
787.64,364.52,786.85,365.44
784.79,430.76,784.91,430.00
786.89,365.70,786.85,365.44
785.93,366.53,786.10,367.43
794.62,380.96,794.58,380.34
784.34,439.62,784.70,439.68
781.99,329.74,782.19,328.80
786.10,367.43,784.87,368.18
805.36,347.87,804.69,348.91
801.15,400.76,800.75,401.20
827.31,362.22,828.72,362.38
791.42,342.91,782.86,342.91
781.01,366.69,782.10,367.14
779.29,367.15,782.10,367.14
783.17,428.46,782.88,428.90
800.90,342.48,791.42,342.91
779.29,367.15,780.44,367.43
781.19,368.07,781.41,367.69
785.89,326.60,785.76,326.67
782.45,367.97,783.68,367.67
781.98,418.17,782.08,418.94
782.14,369.07,783.68,367.67
751.76,377.86,752.09,377.81
786.03,366.08,785.03,366.70
783.54,368.74,783.68,367.67
782.14,369.07,783.54,368.74
783.54,368.74,784.87,368.18
783.54,368.74,785.18,368.79
788.27,363.49,788.76,362.32
793.14,380.99,793.27,381.59
782.24,428.34,782.52,428.85
788.27,363.49,788.31,363.41
821.65,376.83,822.07,376.99
805.32,325.69,804.72,324.41
788.76,362.32,788.31,363.41
789.04,361.18,791.56,362.32
788.76,362.32,791.56,362.32
800.00,355.38,802.45,355.18
778.83,401.32,779.25,401.20
812.19,376.19,810.14,376.49
788.27,363.49,787.64,364.52
787.72,364.74,788.27,363.49
796.20,325.73,795.96,325.60
787.68,366.97,786.50,367.98
779.04,367.32,779.29,367.15
779.04,367.32,780.21,367.60
819.16,360.97,813.20,360.93
779.93,367.97,780.21,367.60
818.18,365.53,819.16,360.97
779.75,369.14,781.19,368.07
806.78,344.55,806.86,344.49
770.72,368.93,778.74,369.14
779.75,369.14,780.70,369.20
782.24,369.75,783.54,368.74
782.24,369.75,783.75,369.39
805.44,442.05,805.47,440.91
829.40,400.96,829.39,400.99
824.90,393.79,825.33,394.77
803.03,332.75,802.81,331.82
803.29,416.36,802.77,415.61
763.95,372.03,763.99,372.11
804.89,421.92,805.50,422.46
789.13,360.00,791.83,361.17
796.95,440.91,796.90,442.05
807.33,362.04,807.28,362.51
755.04,384.53,755.58,384.72
799.42,448.64,798.44,449.08
788.13,365.40,787.19,366.49
806.51,350.86,807.55,351.17
762.41,350.85,759.91,353.35
788.68,365.80,787.68,366.97
795.56,382.15,794.30,382.44
783.89,432.13,783.77,432.87
782.01,329.66,782.22,328.65
786.50,367.98,785.18,368.79
805.57,444.67,805.91,444.22
779.11,365.31,780.01,366.07
795.47,424.43,787.36,424.44
793.90,379.91,793.63,380.06
777.20,366.08,780.01,366.07
797.77,441.73,806.07,441.46
763.84,382.89,764.31,378.43
777.20,366.08,779.11,365.31
777.20,366.08,778.20,366.70
780.55,369.20,781.65,369.14
764.51,372.07,765.56,370.75
753.43,384.76,754.72,385.16
762.57,378.34,762.71,377.84
781.50,370.14,781.50,369.13
781.65,369.79,781.65,369.14
781.50,370.14,781.65,369.79
787.08,425.67,786.42,427.16
785.23,370.78,785.18,368.79
770.88,360.52,771.05,360.32
789.13,360.00,789.01,361.20
786.93,354.68,787.70,355.58
801.62,421.25,800.91,420.75
801.02,395.66,799.52,398.08
803.74,332.29,803.48,332.54
789.04,358.82,791.93,360.00
774.01,356.34,774.56,356.51
789.13,360.00,791.93,360.00
798.68,337.26,796.13,337.41
788.99,422.97,791.43,422.14
788.86,362.49,788.73,362.38
788.86,362.49,789.01,361.20
805.66,440.93,805.64,441.72
789.43,362.84,788.38,363.66
788.88,364.17,788.13,365.40
772.94,337.42,777.18,337.42
789.49,364.48,788.13,365.40
826.11,339.56,825.21,340.94
788.13,365.40,788.68,365.80
786.85,369.79,785.23,370.78
799.88,365.77,800.72,368.10
803.58,424.44,803.35,425.67
798.18,445.86,801.27,444.58
784.37,307.66,786.86,304.60
776.30,365.32,779.11,365.31
776.89,366.22,777.20,366.08
783.80,441.60,784.33,442.10
802.11,436.04,802.18,436.50
775.97,365.44,777.20,366.08
788.35,448.96,784.69,445.35
830.16,397.71,830.20,397.32
795.24,427.08,805.47,440.91
829.11,402.31,825.27,402.31
776.30,365.32,777.20,366.08
825.21,402.14,829.11,402.31
767.79,361.89,770.40,360.95
777.92,366.85,779.04,367.32
795.49,446.33,798.29,445.37
801.02,355.84,800.37,359.58
778.70,367.67,779.04,367.32
778.70,367.67,777.92,366.85
783.68,367.67,784.87,368.18
830.88,339.71,831.27,341.08
774.95,385.63,755.04,384.21
779.75,369.14,780.70,369.20
780.55,369.20,780.70,369.20
779.75,369.14,780.55,369.20
779.75,369.14,779.60,369.13
780.55,370.22,780.55,369.20
759.13,383.78,760.58,383.02
781.50,369.13,780.55,369.20
780.55,370.22,781.50,369.13
781.50,370.14,781.50,369.13
791.55,347.73,792.18,348.76
761.84,383.10,762.10,382.78
780.55,370.22,781.50,370.14
779.75,369.79,779.75,369.14
769.18,378.88,769.33,379.63
779.75,369.14,779.60,369.13
798.28,404.11,799.19,405.13
763.66,378.03,763.54,377.87
779.75,369.14,779.75,369.79
732.84,358.39,732.10,356.94
781.50,370.14,781.65,369.79
782.24,369.75,781.65,369.79
806.33,364.27,807.45,364.55
776.00,371.51,777.84,371.95
804.58,440.48,804.04,441.01
824.16,405.69,824.18,405.48
776.02,324.65,776.57,324.20
795.64,392.03,794.77,391.44
781.63,371.95,782.24,369.75
760.97,370.27,765.56,370.75
783.79,367.32,783.94,367.15
800.07,360.44,800.22,360.09
783.75,369.39,782.24,369.75
781.63,371.95,783.75,369.39
786.42,427.16,788.13,440.93
783.47,371.51,785.23,370.78
732.84,361.61,733.10,360.00
791.11,356.59,791.56,357.68
799.71,360.52,799.89,360.32
791.83,358.83,791.56,357.68
788.76,357.68,791.56,357.68
787.34,423.17,787.90,423.70
788.76,357.68,791.83,358.83
727.82,361.58,728.07,360.00
789.04,358.82,791.83,358.83
789.16,361.26,789.01,361.20
789.26,360.00,789.01,361.20
800.82,398.24,800.51,396.18
804.22,443.77,805.79,438.91
751.41,371.30,748.22,370.98
789.11,360.00,789.04,358.82
791.83,358.83,791.93,360.00
789.04,358.82,789.13,360.00
789.16,361.26,789.26,360.00
824.88,376.66,824.83,376.71
749.91,384.58,748.97,384.50
797.51,341.34,797.81,341.34
815.38,371.46,816.11,371.47
789.16,361.26,788.86,362.49
797.54,341.22,797.81,341.34
789.76,361.44,788.86,362.49
770.95,360.44,771.09,360.09
819.70,360.96,819.98,360.96
788.86,362.49,789.43,362.84
797.44,380.86,797.07,381.22
789.43,362.84,788.88,364.17
788.29,368.55,787.68,366.97
788.29,368.55,788.68,365.80
773.75,337.26,772.67,333.73
783.45,444.58,780.11,412.44
786.81,369.85,784.00,370.81
767.97,354.67,767.26,356.37
791.95,410.98,793.61,410.62
777.73,363.41,778.35,364.41
790.05,449.44,785.36,445.67
829.82,373.25,829.34,373.80
775.53,364.42,778.35,364.41
775.53,364.42,777.73,363.41
778.56,401.45,778.16,400.49
775.97,365.44,776.30,365.32
782.98,432.52,783.48,433.30
802.33,427.12,802.16,426.82
775.19,364.52,776.30,365.32
789.26,423.32,805.37,423.32
794.09,377.77,794.29,378.68
775.53,364.42,776.30,365.32
804.67,424.05,789.26,423.32
779.46,343.33,775.61,343.51
777.53,367.19,777.92,366.85
775.20,362.97,772.12,362.95
804.67,424.05,787.82,424.05
777.53,367.19,778.70,367.67
777.86,368.74,778.70,367.67
788.31,363.41,791.11,363.41
761.84,383.10,761.99,382.67
779.15,369.75,779.26,369.07
777.86,368.74,779.15,369.75
761.99,382.67,762.21,378.33
780.55,369.20,779.60,369.13
762.21,378.33,762.32,377.96
779.60,370.14,780.55,370.22
831.33,350.01,830.95,351.34
779.58,398.08,781.29,399.51
779.15,369.75,779.75,369.79
807.72,353.04,814.56,352.87
777.84,371.95,779.75,369.79
780.87,412.92,782.26,413.09
825.00,402.59,828.46,403.77
803.94,327.04,804.63,327.20
779.60,370.14,779.75,369.79
745.65,371.11,743.50,370.83
798.80,414.54,798.29,413.80
781.34,410.62,780.11,412.44
803.64,327.28,803.44,327.26
781.63,371.95,783.47,371.51
803.07,359.59,803.59,360.93
783.42,371.58,781.63,371.95
762.31,384.21,763.59,383.22
784.00,370.81,785.18,370.85
786.24,407.59,786.81,406.21
803.20,327.83,802.99,327.81
782.24,371.54,784.00,370.81
788.31,356.59,791.11,356.59
782.22,376.31,781.88,376.70
795.91,393.73,799.16,392.53
767.97,354.67,766.68,356.21
804.68,427.41,804.61,426.13
788.73,357.62,788.31,356.59
804.44,355.34,804.11,355.24
805.39,442.19,805.64,441.72
801.34,406.21,801.34,405.53
804.82,360.91,804.82,355.10
802.62,329.66,802.85,328.65
792.16,341.69,792.02,328.22
788.31,356.59,788.76,357.68
788.73,357.62,788.76,357.68
802.66,425.99,802.22,425.71
747.77,373.64,747.70,373.56
786.99,425.05,786.75,426.03
783.50,389.19,784.30,388.76
802.66,425.99,802.34,426.49
783.50,389.19,783.93,388.79
801.34,329.02,804.50,329.77
785.51,435.97,785.40,435.19
793.32,306.56,792.97,306.34
772.30,347.86,729.01,351.02
788.76,357.68,789.04,358.82
789.80,360.95,789.64,360.95
831.53,424.50,831.52,425.20
756.36,356.08,757.75,360.00
788.13,365.40,786.89,365.70
789.64,360.95,789.80,360.95
790.69,360.95,789.64,360.95
790.44,361.54,789.80,360.95
830.52,424.34,830.71,423.81
760.97,349.73,762.41,350.85
830.65,424.77,830.52,424.34
768.35,347.23,772.35,347.92
790.44,361.54,790.48,360.95
782.84,432.74,782.73,431.96
830.65,424.77,830.51,425.04
768.35,347.23,772.30,347.86
790.44,361.54,789.76,361.44
789.43,362.84,790.44,361.54
790.08,363.05,790.44,361.54
745.72,384.20,746.98,384.59
782.53,389.51,781.06,390.58
788.26,368.61,786.81,369.85
802.54,411.50,801.81,410.71
778.29,342.36,778.74,342.17
787.07,368.58,786.81,369.85
782.49,325.98,781.45,336.73
786.81,369.85,785.62,369.82
808.45,439.21,805.86,422.74
777.86,368.74,779.26,369.07
805.14,333.26,805.17,333.36
778.09,341.86,778.29,342.36
777.28,362.32,777.73,363.41
794.02,439.75,795.22,439.33
774.92,363.41,777.28,362.32
775.19,364.52,775.53,364.42
775.25,362.40,775.39,362.85
807.96,438.68,805.22,422.17
790.29,341.34,791.17,342.53
805.46,332.50,805.51,332.58
775.97,365.44,776.89,366.22
803.86,421.97,807.96,438.68
806.69,438.49,807.96,438.68
805.67,331.57,805.46,332.50
775.30,367.43,777.53,367.19
776.53,368.18,777.53,367.19
771.74,362.01,771.66,362.37
806.69,438.49,803.86,421.97
795.75,421.97,806.69,438.49
798.85,438.49,806.69,438.49
805.75,330.54,805.67,331.57
776.22,368.79,777.86,368.74
824.36,376.57,824.78,377.05
792.14,342.48,791.42,342.91
780.21,367.60,780.44,367.43
777.65,369.39,777.86,368.74
798.85,438.49,795.75,421.97
825.77,400.68,825.68,401.02
799.42,419.34,798.99,419.69
805.75,330.54,805.81,330.53
776.22,368.79,777.65,369.39
778.26,397.92,778.03,395.84
777.84,371.95,779.60,370.14
780.55,370.22,779.60,370.14
777.84,371.95,780.55,370.22
827.55,354.20,827.54,352.92
781.30,409.97,781.34,410.62
779.65,372.17,781.63,371.95
829.61,400.68,829.52,401.02
799.41,418.45,798.68,417.66
779.65,372.17,779.74,372.10
781.63,371.95,779.74,372.10
782.24,371.54,783.42,371.58
784.00,370.81,783.74,370.45
804.72,327.47,805.14,327.91
798.91,419.28,798.12,419.58
795.41,381.17,795.32,380.78
782.04,371.15,783.74,370.45
786.67,426.13,786.75,426.03
804.72,327.47,804.74,327.34
798.91,419.28,798.40,420.08
782.04,371.15,784.00,370.81
787.70,355.58,790.49,355.59
784.31,411.18,784.55,411.12
766.68,356.21,766.23,358.08
804.27,427.45,804.20,426.03
789.01,358.80,789.11,360.00
789.80,359.05,789.87,360.00
789.26,360.00,789.87,360.00
780.25,361.75,779.84,363.46
789.80,359.05,789.26,360.00
789.87,360.00,789.80,359.05
789.87,360.00,789.64,359.05
827.66,394.44,827.64,396.15
784.29,427.12,784.18,426.34
789.87,360.00,789.71,360.00
790.69,360.95,789.64,360.95
825.56,400.96,829.40,400.96
800.29,413.93,799.61,414.44
829.56,401.08,829.17,402.31
790.77,360.00,790.69,360.95
795.63,449.50,797.05,449.31
790.52,365.49,790.08,363.05
788.73,362.38,788.27,363.49
789.50,367.16,790.52,365.49
798.56,448.96,795.33,445.67
829.40,400.96,829.56,401.08
803.03,332.75,802.87,331.77
778.74,342.17,779.22,342.37
788.31,367.13,787.07,368.58
800.62,368.18,802.51,368.22
789.29,441.73,792.34,440.40
774.46,362.32,777.28,362.32
805.57,444.67,799.42,448.64
774.46,362.32,777.00,361.17
775.49,365.70,775.97,365.44
797.75,441.52,797.77,441.73
784.76,411.95,785.60,411.99
774.21,366.49,776.45,366.53
784.99,444.93,794.40,444.67
775.30,367.43,776.45,366.53
795.59,421.74,803.62,421.74
784.76,411.95,785.49,411.21
831.73,359.56,829.57,360.97
800.10,423.72,799.66,424.07
774.21,366.49,775.30,367.43
743.44,370.69,743.50,370.83
786.59,363.92,785.82,365.76
798.40,415.22,798.06,415.76
776.58,348.42,778.49,347.86
795.75,421.97,803.86,421.97
800.15,423.28,799.75,423.32
775.30,367.43,776.53,368.18
776.22,368.79,776.53,368.18
778.42,348.27,780.27,347.88
820.06,354.24,820.78,352.97
806.55,438.93,807.72,439.10
712.60,363.08,714.54,360.00
788.97,441.39,786.68,427.41
779.65,372.17,779.74,372.10
798.55,444.04,797.03,443.89
779.65,372.17,777.84,371.95
756.71,370.83,756.71,369.88
779.65,372.17,781.56,372.02
807.69,439.75,799.63,448.49
780.39,371.99,781.56,372.02
778.49,372.14,780.39,371.99
779.65,372.17,778.49,372.14
791.61,422.46,793.82,422.17
797.51,389.51,798.80,390.20
830.91,387.25,829.54,387.16
775.16,396.34,775.46,396.58
805.37,423.32,805.50,422.46
801.84,422.74,801.57,422.83
780.39,371.99,782.04,371.15
798.82,438.93,798.85,438.49
805.66,329.42,805.73,329.47
780.25,371.58,782.04,371.15
797.17,362.45,797.54,363.24
788.65,448.49,788.35,448.96
800.29,413.93,799.95,414.48
787.62,424.38,786.99,425.05
801.81,421.28,801.25,420.79
788.83,353.93,789.73,354.69
802.40,341.09,803.08,342.17
800.97,418.31,801.30,417.60
786.03,353.92,789.73,354.69
798.44,401.45,799.52,398.08
809.91,329.84,810.43,329.98
802.18,436.50,801.69,437.30
787.64,355.48,786.93,354.68
816.58,406.44,811.28,407.05
779.87,360.00,779.73,361.68
798.72,408.58,798.28,404.11
771.18,351.44,774.93,352.04
760.85,370.33,713.49,366.53
785.23,370.78,786.50,367.98
785.12,388.64,786.20,388.64
788.86,357.51,788.27,356.51
768.72,378.00,768.94,378.29
794.40,444.67,795.68,444.48
789.01,358.80,788.73,357.62
801.41,421.95,800.56,421.93
788.86,357.51,789.01,358.80
825.73,401.86,825.86,401.73
789.16,358.74,789.01,358.80
757.04,370.69,757.04,369.89
790.77,360.00,789.71,360.00
789.64,359.05,789.71,360.00
809.91,329.84,806.83,330.57
790.05,449.44,788.86,449.31
790.69,359.05,789.64,359.05
790.44,361.54,790.48,360.95
790.08,363.05,790.44,361.54
791.69,361.89,790.44,361.54
766.29,371.04,767.06,370.26
791.69,361.89,790.08,363.05
791.23,363.76,790.52,365.49
804.95,404.50,802.21,404.29
803.38,420.25,802.47,420.68
776.16,334.10,774.84,333.57
790.50,365.53,789.50,367.16
802.88,402.68,802.21,404.29
775.24,334.53,774.84,333.57
803.33,420.70,802.47,420.68
789.30,365.51,789.50,367.16
789.50,367.16,788.31,367.13
806.14,335.33,806.14,342.60
797.03,443.89,797.02,439.02
777.15,335.53,776.85,334.10
803.40,421.16,802.88,421.97
788.31,367.13,787.07,368.58
776.47,335.53,776.85,334.10
787.90,366.89,787.07,368.58
787.07,368.58,786.71,368.29
824.58,340.02,824.74,340.01
822.93,355.58,822.26,359.55
785.31,369.49,785.56,369.92
770.14,359.59,770.87,359.57
796.95,411.68,794.43,412.44
796.27,400.19,794.53,400.10
772.72,334.35,773.19,333.18
802.65,441.63,802.37,441.74
786.71,368.29,785.31,369.49
830.42,419.12,829.69,419.27
761.29,352.09,760.15,353.42
785.82,371.16,783.92,370.93
774.10,362.38,774.46,362.32
774.56,363.49,775.19,364.52
801.32,399.51,801.06,400.69
774.67,364.74,775.19,364.52
800.26,394.84,800.98,395.86
787.32,347.84,788.02,348.93
774.67,364.74,774.56,363.49
774.67,364.74,775.49,365.70
819.83,330.69,819.51,330.52
828.46,359.56,829.05,361.00
773.28,365.40,775.49,365.70
756.01,382.71,755.12,382.34
804.22,443.77,805.42,443.89
774.21,366.49,775.49,365.70
773.28,365.40,774.21,366.49
774.21,366.49,775.30,367.43
801.06,400.69,800.65,401.60
773.72,366.97,775.30,367.43
774.90,367.98,775.30,367.43
802.28,441.29,801.48,441.58
773.72,366.97,774.90,367.98
762.32,377.96,763.54,377.87
798.72,408.58,799.19,405.13
800.13,402.17,799.52,398.08
778.49,372.14,779.65,372.17
780.39,371.99,780.25,371.58
778.42,371.73,780.25,371.58
831.44,353.96,831.80,353.96
780.39,371.99,778.49,372.14
780.25,371.58,782.04,371.15
801.16,364.52,799.91,364.73
780.25,371.58,782.14,371.67
780.27,372.12,782.14,371.67
798.97,402.09,798.44,401.45
825.02,365.04,801.16,364.52
804.38,440.44,803.41,440.43
783.97,372.29,783.92,370.93
755.06,369.82,754.10,369.83
821.52,334.39,821.52,329.47
784.02,440.17,784.70,439.68
816.89,340.39,817.75,341.71
781.97,373.12,783.92,370.93
809.31,340.39,808.77,341.71
747.11,375.66,746.93,375.16
785.03,353.30,788.83,353.93
798.02,400.49,799.52,398.08
802.13,436.94,801.69,437.30
753.20,384.53,754.12,384.61
786.03,353.92,786.93,354.68
802.88,417.04,802.54,417.59
779.93,352.04,780.21,352.40
798.44,401.45,798.02,400.49
802.18,436.50,801.78,436.55
787.64,355.48,788.27,356.51
796.50,338.14,796.00,338.00
787.72,355.26,788.27,356.51
827.31,367.51,827.24,366.85
802.11,436.04,801.66,435.77
788.38,356.34,788.86,357.51
801.94,435.74,801.66,435.77
788.87,355.84,788.86,357.51
797.73,396.67,799.52,398.08
801.94,435.74,801.38,435.25
788.87,355.84,789.42,357.17
797.65,355.39,796.65,355.22
789.42,357.17,788.86,357.51
773.96,355.35,774.05,355.33
789.76,358.57,789.42,357.17
796.95,440.91,805.44,442.05
824.62,354.06,824.98,354.06
790.48,359.05,789.80,359.05
797.65,397.97,797.73,396.67
801.74,435.71,801.04,435.19
789.76,358.57,789.80,359.05
825.19,369.97,825.09,370.14
789.76,358.57,790.48,359.05
790.43,358.46,790.48,359.05
753.36,382.11,753.20,382.36
789.64,359.05,789.80,359.05
790.48,359.05,789.80,359.05
789.64,359.05,790.48,359.05
790.69,359.05,790.48,359.05
827.31,369.89,827.31,367.51
754.05,377.90,753.36,382.11
790.77,360.00,790.69,360.95
800.08,423.24,800.15,423.28
829.94,355.22,829.76,355.53
791.83,360.00,790.69,360.95
791.69,361.89,791.24,363.74
789.30,365.51,790.50,365.53
805.08,442.72,805.44,442.05
793.87,389.67,794.32,389.34
819.02,368.57,818.24,366.57
805.08,442.72,796.90,442.05
795.06,379.24,795.07,379.84
791.23,363.76,789.30,365.51
828.94,364.85,828.72,364.45
794.75,379.21,795.07,379.84
790.03,363.75,789.30,365.51
827.31,364.60,828.94,364.85
788.86,365.32,787.90,366.89
821.47,354.10,821.83,354.10
788.31,367.13,787.90,366.89
794.29,388.76,794.57,388.79
787.90,366.89,786.71,368.29
806.83,330.57,791.09,329.84
788.28,367.21,787.03,368.67
786.71,368.29,787.03,368.67
789.01,361.20,788.73,362.38
785.82,371.16,787.03,368.67
793.47,389.19,794.29,388.76
806.52,355.31,806.20,355.21
716.22,351.92,717.66,353.89
800.41,362.95,803.36,362.82
801.63,336.84,799.44,343.18
787.03,368.67,785.56,369.92
819.79,331.30,819.85,331.64
727.89,360.00,724.83,364.21
785.78,371.23,783.97,372.29
801.45,432.52,800.75,433.30
774.10,360.00,776.91,360.00
781.30,409.97,786.81,406.21
800.46,396.24,800.51,396.18
773.72,360.00,774.19,361.18
801.45,432.52,801.01,432.87
774.10,360.00,774.19,361.18
807.24,364.15,806.33,364.27
776.59,371.99,779.65,372.17
804.79,439.78,804.30,440.59
788.80,449.07,799.42,448.64
773.82,361.20,774.10,362.38
773.52,362.49,773.82,361.20
800.93,406.11,804.80,420.92
788.45,347.83,789.08,348.85
774.56,363.49,774.10,362.38
787.88,348.91,776.40,349.25
772.53,364.17,774.67,364.74
788.83,440.91,788.78,442.05
792.64,406.11,803.44,420.72
773.72,366.97,774.21,366.49
799.91,364.73,801.16,364.52
804.19,439.23,803.38,438.89
775.12,342.41,775.78,342.13
773.28,365.40,773.72,366.97
774.24,370.78,774.90,367.98
778.26,397.92,778.98,398.14
775.89,371.58,774.24,370.78
797.46,378.00,797.89,378.29
777.30,408.58,777.33,404.11
775.89,371.58,777.75,372.02
776.59,371.99,777.75,372.02
775.89,371.58,776.59,371.99
806.77,345.79,803.54,345.90
776.59,371.99,778.49,372.14
796.95,440.91,788.83,440.91
778.42,371.73,778.49,372.14
776.58,371.58,778.42,371.73
775.44,368.69,774.00,369.57
778.35,372.27,780.27,372.12
754.76,383.68,756.01,382.71
788.43,406.79,788.53,422.36
755.59,360.00,711.37,360.00
780.25,371.58,778.42,371.73
803.21,431.58,802.32,432.06
767.63,358.09,767.79,358.11
780.27,372.12,782.14,371.67
786.27,439.32,787.07,439.04
801.53,436.40,801.59,435.96
766.50,358.10,767.48,360.00
781.97,373.12,783.97,372.29
801.77,437.16,800.81,437.15
806.30,343.99,806.86,344.49
805.91,444.22,807.69,439.75
785.03,353.30,787.83,353.31
803.69,435.99,802.72,435.97
778.06,337.10,777.42,335.30
787.05,358.01,787.21,360.00
785.93,353.78,785.03,353.30
785.03,353.30,786.03,353.92
788.87,355.84,788.38,356.34
766.40,368.16,766.54,368.11
788.87,355.84,789.42,357.17
765.07,369.73,767.81,369.81
789.48,355.53,790.07,356.96
778.39,400.45,778.21,400.28
753.88,377.37,754.76,377.42
790.43,358.46,789.76,358.57
772.44,355.67,771.62,356.18
801.07,400.33,800.88,400.70
793.58,376.82,793.93,377.25
779.26,369.07,779.75,369.14
783.69,445.37,784.78,445.87
793.18,376.66,793.58,376.82
779.15,369.75,779.75,369.79
780.11,412.44,780.87,412.92
790.43,358.46,790.07,356.96
766.70,371.05,768.53,372.17
790.43,358.46,790.48,359.05
792.69,389.90,793.47,389.19
790.43,358.46,790.69,359.05
818.95,332.31,819.18,332.35
790.69,359.05,790.77,360.00
790.67,309.66,788.36,307.26
791.83,360.00,791.69,361.89
804.72,439.32,804.39,439.83
791.69,324.66,791.69,320.87
790.48,361.90,791.23,363.76
790.48,361.90,790.03,363.75
787.10,427.09,788.83,440.91
796.33,380.43,796.29,379.81
785.62,369.82,784.00,370.81
791.23,363.76,790.03,363.75
804.35,438.98,803.99,438.52
784.44,328.61,784.51,329.52
802.80,395.58,803.28,398.28
772.53,364.17,773.28,365.40
779.34,364.27,777.94,364.55
804.55,439.01,803.99,438.52
802.83,395.98,803.28,398.28
827.95,397.10,827.95,401.73
789.57,363.62,789.30,365.51
804.55,439.01,804.27,439.04
774.01,363.66,774.67,364.74
789.57,363.62,788.86,365.32
802.92,354.37,803.26,354.37
789.30,365.51,788.86,365.32
798.29,445.37,801.27,444.58
785.78,371.23,787.46,369.76
781.05,372.27,785.78,371.23
758.15,358.25,756.75,357.89
773.13,360.00,773.82,361.20
782.12,392.21,782.19,391.16
772.65,370.64,774.28,369.96
776.59,371.99,778.42,371.73
773.52,362.49,774.01,363.66
827.31,367.51,827.02,367.31
788.38,356.34,788.27,356.51
802.11,436.04,801.78,436.55
781.89,391.20,782.19,391.16
788.29,368.55,786.50,367.98
787.90,364.25,791.33,362.17
777.88,351.29,779.28,350.96
771.98,362.84,774.01,363.66
795.45,445.87,798.29,445.37
772.53,364.17,774.01,363.66
781.89,391.20,782.12,392.21
777.88,351.29,779.17,350.29
771.98,362.84,772.53,364.17
801.74,435.71,801.38,435.25
785.82,365.76,786.90,366.20
771.92,364.48,773.28,365.40
803.42,427.09,803.53,425.53
722.28,349.05,725.67,349.59
772.72,365.80,773.28,365.40
779.64,392.03,778.92,392.70
780.55,349.78,781.50,349.85
771.92,364.48,772.72,365.80
801.59,435.96,800.78,435.62
778.48,393.66,779.64,392.03
773.72,366.97,774.90,367.98
830.03,406.28,830.07,406.33
790.47,358.08,790.62,360.00
771.18,368.55,774.90,367.98
825.09,367.18,825.09,370.14
801.53,436.40,800.78,435.62
784.78,367.46,785.35,368.02
781.63,348.05,783.47,348.49
747.05,377.61,748.38,378.19
772.62,369.79,774.90,367.98
829.99,406.15,830.03,406.28
791.50,360.00,791.33,362.16
825.09,367.18,825.19,369.97
796.99,362.35,797.17,362.45
801.53,436.40,800.69,436.37
798.56,448.96,799.63,448.49
781.97,373.12,782.14,371.67
772.62,369.79,774.24,370.78
830.72,353.69,830.37,353.33
784.88,395.58,782.34,395.98
783.42,348.42,784.00,349.19
772.98,370.81,775.89,371.58
827.24,370.56,827.02,370.09
771.05,357.98,771.18,358.30
727.96,368.07,724.42,367.18
791.09,329.84,790.56,335.37
776.59,371.99,776.58,371.58
827.41,402.35,826.08,402.07
827.02,370.09,827.02,367.31
803.89,436.02,803.35,436.55
806.19,344.04,806.30,343.99
769.30,376.69,771.41,376.69
786.85,354.56,786.03,353.92
784.00,349.19,785.62,350.18
774.79,371.15,776.58,371.58
780.78,404.29,783.19,404.50
769.30,376.69,771.41,378.25
786.85,354.56,787.64,355.48
774.79,371.15,776.59,371.99
804.10,435.32,803.71,435.37
787.72,355.26,788.38,356.34
772.55,355.84,774.01,356.34
785.31,350.51,786.71,351.71
776.58,371.58,778.42,371.73
777.14,400.10,777.12,401.12
789.48,355.53,789.42,357.17
777.70,373.80,780.27,372.12
827.31,364.60,828.72,364.45
803.86,434.55,803.30,434.06
793.47,389.19,794.81,389.00
770.98,358.46,771.65,358.57
788.87,351.89,790.00,353.73
777.70,373.80,778.35,372.27
780.27,372.12,778.35,372.27
776.86,400.19,777.14,400.10
779.86,373.63,781.97,373.12
814.03,338.70,814.36,338.32
781.91,373.20,779.86,373.63
795.29,356.76,794.50,357.67
780.81,419.57,780.67,418.86
779.06,373.09,783.92,372.36
779.55,393.83,780.10,394.06
802.96,354.26,801.36,353.24
785.59,352.58,786.74,352.86
782.11,413.22,782.63,413.70
777.31,339.31,777.52,339.25
780.21,352.40,779.29,352.85
782.79,352.57,786.74,352.86
784.90,353.15,785.03,353.30
787.05,358.01,788.39,360.00
785.93,353.78,786.85,354.56
810.76,338.25,810.95,338.14
789.48,355.53,788.87,355.84
779.58,398.08,779.00,394.01
788.67,354.21,789.48,355.53
791.24,356.26,790.43,358.46
788.68,365.80,787.68,366.97
803.57,331.61,803.53,331.38
799.46,338.70,796.50,338.14
791.83,360.00,791.69,358.11
825.86,402.09,826.30,402.09
810.62,338.52,810.76,338.25
790.48,361.90,791.68,361.90
795.94,325.02,795.99,324.57
775.59,343.36,775.59,321.87
790.03,363.75,789.57,363.62
780.60,394.70,781.01,395.66
790.48,361.90,790.03,363.75
800.98,445.11,805.08,442.72
777.14,400.10,778.26,400.57
810.95,338.87,810.62,338.52
788.86,365.32,789.28,365.57
796.50,338.87,799.46,339.44
788.87,368.11,789.28,365.57
796.18,339.25,796.13,338.89
767.30,379.23,766.44,379.91
782.89,371.14,787.44,369.81
782.26,413.09,790.32,413.09
806.20,326.60,805.72,325.59
776.89,324.61,777.07,323.82
774.46,357.68,777.73,356.59
781.09,390.89,778.10,391.32
779.64,392.03,781.06,390.58
802.40,343.63,800.90,342.48
758.67,385.47,778.81,386.97
773.23,361.26,773.13,360.00
827.75,384.53,827.20,384.18
792.22,372.40,792.15,372.16
758.05,353.83,761.99,353.76
771.61,360.95,773.13,360.00
757.69,378.09,757.69,377.72
827.03,352.85,826.75,354.15
792.35,342.16,791.80,340.90
747.52,384.63,748.48,384.71
773.23,361.26,773.52,362.49
793.61,446.03,795.45,445.87
771.98,362.84,773.52,362.49
804.80,420.92,805.03,422.14
778.49,347.86,780.39,348.01
786.03,446.03,793.61,446.03
790.95,310.28,790.97,319.50
799.45,338.68,799.39,338.18
795.01,378.24,795.45,378.38
771.92,364.48,772.53,364.17
800.70,413.25,800.18,412.51
771.26,359.59,771.85,359.95
761.59,371.42,762.08,371.65
800.63,412.80,799.90,412.01
772.50,369.85,771.18,368.55
801.29,397.92,801.63,396.30
772.98,370.81,774.13,370.85
777.70,373.80,776.43,372.12
805.22,422.17,805.86,422.74
805.51,332.58,805.17,333.36
778.54,341.69,778.29,342.36
774.92,363.41,777.73,363.41
776.89,324.61,776.57,325.08
780.93,372.17,779.06,373.09
805.31,353.10,805.51,353.10
777.82,398.24,777.77,400.20
791.47,390.37,790.79,391.32
800.46,396.24,800.51,396.18
774.00,369.57,774.28,369.96
784.42,352.49,785.59,352.58
799.41,418.86,799.04,418.13
784.91,389.69,784.19,390.37
800.24,396.72,800.46,396.24
772.75,354.21,773.30,354.62
813.14,372.63,813.18,371.39
784.90,353.15,785.93,353.78
716.22,368.07,717.66,366.10
811.09,339.64,810.76,339.51
793.24,332.59,793.27,332.37
785.93,353.48,784.90,353.15
789.76,349.79,789.05,350.63
785.68,389.29,784.91,389.69
800.06,398.02,800.11,397.34
812.45,371.38,812.48,372.62
787.67,353.04,788.12,354.62
788.12,354.62,788.67,354.21
790.52,354.51,790.07,356.96
719.01,350.51,722.09,352.45
766.50,361.90,766.83,361.83
791.24,356.26,791.69,358.11
793.21,388.76,792.21,389.69
804.64,354.46,809.11,354.46
800.82,398.24,800.06,398.02
771.36,369.82,772.98,370.81
791.68,358.09,791.69,358.11
766.68,363.79,767.26,363.62
815.14,372.71,815.38,371.46
790.48,358.10,791.83,360.00
794.43,412.44,796.95,411.68
799.46,338.70,799.46,337.97
791.83,360.00,790.63,360.00
790.63,360.00,790.48,361.90
780.58,418.83,780.94,418.81
811.81,372.71,815.14,372.71
790.14,360.00,790.00,361.83
812.49,372.76,812.48,372.62
790.47,361.92,790.02,363.79
790.00,361.83,789.57,363.62
815.38,372.70,813.14,372.63
790.00,366.26,789.28,365.57
827.81,401.45,828.14,401.30
803.40,328.05,803.81,327.55
801.14,416.88,800.57,416.39
789.01,358.80,789.26,360.00
788.85,368.16,790.00,366.26
783.30,417.64,784.14,417.67
782.75,389.90,781.49,390.83
798.74,414.50,798.38,413.77
787.43,356.87,787.54,356.87
772.65,349.36,774.00,350.43
774.10,362.38,774.92,363.41
778.95,372.99,780.28,371.30
815.14,372.71,815.38,372.70
784.54,369.73,787.44,369.81
815.19,372.84,815.38,372.70
791.09,329.84,790.56,329.98
788.85,368.16,787.44,369.81
810.38,329.01,791.33,329.01
802.83,331.61,802.83,330.88
788.05,389.82,787.27,389.35
798.74,414.50,798.22,414.03
770.09,372.97,770.60,372.07
831.19,421.07,831.45,420.55
784.54,369.73,782.89,371.14
819.66,360.94,818.55,366.04
774.92,356.59,778.35,355.59
801.29,397.92,802.05,398.14
773.82,358.80,773.72,360.00
781.16,367.99,786.48,366.24
785.86,341.05,786.03,341.04
771.65,361.44,771.61,360.95
770.97,361.54,770.93,360.95
797.89,390.89,801.83,391.69
790.49,355.59,791.11,356.59
780.39,371.99,782.24,371.54
818.58,331.18,818.74,331.02
771.45,360.95,770.93,360.95
830.36,339.34,829.79,340.73
798.22,414.03,797.42,413.71
831.39,347.15,830.55,346.95
781.30,409.97,786.24,407.59
770.40,360.95,770.93,360.95
798.17,414.47,797.33,414.46
804.51,355.29,804.15,355.18
805.08,442.72,805.44,442.05
771.45,360.95,770.40,360.95
771.33,363.05,771.98,362.84
774.56,371.67,774.79,371.15
780.28,371.30,780.93,372.17
781.61,352.48,784.42,352.49
780.24,345.32,790.64,344.90
791.90,332.27,791.42,332.28
782.62,352.40,781.61,352.48
783.45,422.71,783.97,423.22
771.54,360.00,771.61,360.95
786.09,352.59,787.67,353.04
784.30,412.64,785.19,413.19
825.73,376.35,823.96,378.80
788.67,354.21,789.48,355.53
832.84,382.07,824.90,393.79
789.50,367.16,787.07,368.58
803.08,332.67,802.87,331.77
803.22,415.90,802.49,415.11
764.12,369.96,765.91,372.84
805.22,422.17,805.86,422.74
792.07,440.03,794.60,439.21
790.52,354.51,788.67,354.21
787.07,368.58,785.31,369.49
802.85,415.58,802.15,415.07
805.38,347.68,805.36,347.87
791.23,356.24,790.52,354.51
791.23,356.24,791.24,356.26
799.45,391.29,801.83,391.69
820.81,367.73,822.29,360.98
790.48,358.10,791.68,358.09
790.63,360.00,790.14,360.00
801.30,417.60,800.94,416.86
797.96,359.36,801.82,358.06
790.48,358.10,790.63,360.00
775.59,362.04,775.53,362.51
790.14,360.00,790.00,361.83
800.82,398.24,801.13,400.31
800.80,418.02,800.73,417.56
772.18,346.53,774.31,346.36
773.75,353.04,774.24,353.53
800.71,352.26,824.28,351.78
802.78,355.79,801.11,359.58
789.71,360.00,789.80,360.95
819.18,367.70,820.81,367.73
790.00,361.83,790.47,361.92
790.83,364.26,790.47,361.92
790.47,361.92,790.02,363.79
790.83,364.26,790.00,366.26
802.54,411.92,802.40,412.66
785.94,368.09,789.99,366.30
828.38,378.82,823.55,378.60
785.94,368.09,784.54,369.73
782.76,371.05,781.98,370.26
776.22,347.97,778.02,349.07
766.50,358.10,767.63,358.09
806.25,331.84,806.04,332.33
785.31,350.51,785.56,350.07
802.87,331.77,802.80,330.76
803.24,416.80,802.89,416.39
790.52,365.49,789.52,367.11
773.13,360.00,771.54,360.00
773.23,358.74,773.13,360.00
808.24,333.05,808.04,332.94
808.45,439.21,808.12,440.03
771.38,360.00,771.54,360.00
730.95,355.78,729.50,355.04
817.07,372.89,817.74,372.90
746.30,378.02,746.30,377.66
805.91,444.22,808.00,439.33
808.19,439.60,807.87,440.40
792.16,341.69,791.96,342.17
802.85,415.58,801.88,415.51
787.07,368.58,785.62,369.82
785.82,371.16,783.97,372.29
783.84,421.58,784.35,420.79
800.15,423.28,800.10,423.72
795.42,382.44,796.21,381.91
771.38,360.00,771.45,360.95
800.14,395.79,800.51,396.18
814.23,353.01,811.56,354.13
756.39,369.89,754.95,369.89
783.67,421.28,784.35,420.79
763.27,351.98,762.15,353.81
767.06,370.26,766.70,371.05
786.24,407.59,788.82,405.53
770.40,360.95,771.45,360.95
801.55,405.00,801.93,404.59
795.47,393.66,795.64,392.03
769.80,367.16,768.96,365.49
770.68,379.68,767.38,380.33
773.82,361.20,774.46,362.32
769.91,368.58,771.05,368.61
773.09,370.45,772.78,370.93
802.45,441.60,802.28,441.29
774.24,370.78,777.65,369.39
773.44,373.12,774.56,371.67
829.40,355.18,831.04,353.96
773.52,362.49,774.56,363.49
759.71,375.16,759.11,375.10
774.73,373.66,774.80,373.77
768.96,354.51,772.75,354.21
776.86,373.49,776.96,373.60
804.14,439.67,804.19,439.23
778.52,372.97,780.50,372.15
805.73,423.62,805.01,424.39
809.16,365.90,809.76,367.52
780.50,372.15,780.28,371.30
803.57,421.46,803.77,421.48
800.93,432.44,800.86,431.98
787.05,358.01,787.66,357.87
783.91,307.91,784.10,307.57
783.68,352.33,783.79,352.68
776.89,324.61,776.70,323.86
810.21,360.92,809.16,365.90
782.62,352.40,783.79,352.68
800.93,432.44,801.43,432.03
759.76,373.64,759.83,374.10
783.68,352.33,782.62,352.40
797.24,320.42,798.57,323.80
794.56,330.84,794.17,330.57
798.44,449.08,799.42,448.64
808.46,332.37,807.78,332.14
784.87,351.84,784.85,352.82
808.59,341.71,832.65,340.59
776.89,324.61,776.89,323.72
783.54,351.29,784.87,351.84
800.49,321.38,796.20,323.48
808.48,331.25,808.13,331.30
789.30,354.49,790.03,356.25
808.80,365.40,809.74,360.95
791.23,356.24,790.03,356.25
791.50,360.00,790.47,361.92
776.16,334.10,775.69,332.99
803.38,420.25,802.56,419.92
805.39,336.33,810.95,338.90
790.82,364.29,791.33,362.16
801.30,396.87,799.52,398.08
787.07,366.25,790.82,364.29
800.75,427.22,800.82,427.67
809.57,332.00,809.40,331.68
785.78,368.03,785.94,368.09
814.16,386.82,813.02,387.95
807.67,366.85,800.47,366.73
814.03,338.70,814.36,339.05
786.90,366.20,785.94,368.09
820.68,329.02,820.40,328.22
783.42,435.74,784.10,435.25
804.03,435.27,803.51,434.78
780.39,348.01,781.56,347.97
746.81,374.01,747.01,373.61
784.78,367.46,783.49,368.97
781.98,370.26,782.33,371.04
784.52,412.66,785.48,412.74
776.43,372.12,778.35,372.27
741.63,380.80,741.74,380.73
779.60,350.91,779.76,350.91
782.33,371.04,780.50,372.15
779.60,350.91,779.76,350.24
782.33,371.04,780.48,372.25
824.65,350.78,823.15,349.24
778.06,400.33,778.11,400.31
779.60,349.85,779.76,350.24
762.15,366.19,764.25,367.46
782.32,371.12,780.48,372.25
791.53,422.74,793.82,422.17
763.12,368.08,764.52,369.72
797.54,390.70,798.80,390.20
800.25,428.04,800.75,427.62
809.40,333.05,809.57,332.73
776.30,354.68,780.01,353.93
787.31,364.25,786.48,366.24
743.55,373.58,745.05,374.34
775.19,355.48,775.53,355.58
809.40,333.05,809.54,332.71
776.30,354.68,775.53,355.58
809.14,333.31,809.40,333.05
773.52,357.51,774.10,357.62
798.72,408.58,801.29,405.31
786.93,354.68,789.73,354.69
800.19,365.77,800.77,367.35
771.38,360.00,771.45,359.05
782.14,350.96,781.67,350.91
801.27,444.58,805.66,440.93
788.86,357.51,788.73,357.62
770.40,359.05,770.33,360.00
802.66,426.40,802.50,425.69
770.40,360.95,770.93,360.95
747.95,370.84,745.14,370.75
795.90,362.79,795.90,355.12
774.23,360.78,772.15,360.77
771.52,350.51,770.12,351.71
783.49,351.03,784.78,352.54
767.79,361.89,771.33,363.05
808.42,387.69,808.86,387.94
768.81,365.53,768.96,365.49
788.87,368.11,787.03,368.67
802.33,427.12,802.66,426.40
787.21,303.74,787.51,303.78
796.42,369.06,796.30,369.06
768.81,365.53,769.80,367.16
802.80,395.58,802.49,394.65
792.55,332.37,791.98,331.94
769.91,368.58,770.12,368.29
804.22,443.77,807.30,439.02
830.03,405.14,829.96,405.28
770.12,368.29,771.14,369.92
808.82,331.30,809.53,331.45
782.61,431.29,783.49,430.83
802.77,395.34,802.75,392.78
780.59,414.09,780.66,414.54
830.07,405.09,829.96,405.28
769.68,368.67,771.14,369.92
830.17,404.99,830.07,405.09
783.49,302.94,783.60,303.00
807.36,332.36,807.34,332.00
771.14,369.92,772.78,370.93
830.29,404.96,830.17,404.99
783.28,304.17,783.40,304.21
807.67,358.86,800.47,362.80
773.34,373.20,775.45,373.70
783.33,304.42,783.40,304.21
772.65,373.60,775.45,373.70
782.60,432.74,783.12,433.25
785.93,353.78,786.03,353.92
785.94,351.91,787.44,350.19
830.23,405.02,830.12,405.05
783.33,304.42,783.28,304.17
772.65,373.60,774.80,373.77
774.73,373.66,774.52,372.69
802.79,440.48,802.34,440.21
774.19,361.18,774.46,362.32
805.39,329.87,804.98,328.99
803.24,341.05,803.20,341.64
776.50,372.53,774.73,373.66
776.86,373.49,774.73,373.66
784.88,430.11,785.85,430.14
800.75,427.62,800.82,427.67
830.58,405.31,830.50,405.13
788.40,302.99,788.69,302.94
776.50,372.53,778.44,372.07
778.52,372.97,778.44,372.07
784.67,430.08,785.56,429.62
787.58,356.87,787.54,356.87
830.50,405.34,830.43,405.18
788.25,304.21,788.40,302.99
776.44,373.47,778.52,372.97
784.43,430.78,784.91,430.00
787.45,357.85,787.62,360.00
830.55,405.55,830.50,405.34
806.68,335.39,806.97,336.02
778.48,373.07,780.48,372.25
776.87,397.90,775.47,395.84
784.49,430.34,784.91,430.00
782.46,412.50,782.63,412.80
784.49,430.34,785.20,429.57
780.48,372.25,780.50,372.15
788.86,362.49,788.38,363.66
795.74,335.51,791.46,335.51
771.65,358.57,771.61,359.05
779.29,352.85,782.10,352.86
798.39,394.58,799.52,398.08
808.86,366.42,802.91,366.32
781.01,353.31,782.10,352.86
784.66,431.54,785.19,432.06
792.52,303.57,792.32,302.38
779.29,352.85,781.01,353.31
802.20,353.45,801.97,353.22
785.35,351.98,786.48,353.76
824.03,352.83,824.23,352.83
763.92,357.83,764.08,357.84
796.32,338.25,796.50,338.14
780.21,352.40,780.44,352.57
789.10,305.10,788.83,304.77
784.66,431.54,784.90,431.54
791.34,308.40,788.36,307.26
779.84,363.46,782.93,364.17
830.64,406.01,830.65,405.77
792.52,303.57,792.41,303.57
779.29,352.85,780.44,352.57
804.61,426.13,804.73,425.06
770.60,372.07,772.53,372.53
779.93,352.04,781.41,352.31
781.78,422.82,782.29,422.04
802.54,411.92,802.37,411.20
781.67,350.91,781.19,351.94
793.82,422.17,795.75,421.97
804.96,357.49,804.55,357.49
716.22,368.07,715.99,364.43
785.93,353.48,786.09,352.59
761.26,371.27,761.59,371.42
782.45,352.04,781.19,351.94
805.01,424.39,805.73,423.62
788.28,352.79,789.28,354.43
814.62,354.20,814.94,354.20
811.80,352.99,815.14,353.12
782.14,350.96,783.68,352.33
808.54,346.82,807.72,347.55
811.80,352.99,814.99,352.99
782.14,350.96,783.54,351.29
784.69,412.40,784.52,412.66
830.50,406.38,830.50,406.18
783.54,351.29,785.18,351.23
782.01,426.89,782.54,426.38
830.40,406.47,830.50,406.38
782.91,304.89,782.85,304.77
788.29,351.44,787.67,353.04
774.01,363.66,774.56,363.49
788.29,351.44,786.49,352.04
788.31,356.59,791.56,357.68
789.50,352.84,788.29,351.44
784.69,411.50,784.76,411.95
830.40,406.47,830.43,406.33
788.29,351.44,789.52,352.89
774.84,333.57,774.32,332.97
801.65,422.71,800.96,423.22
784.31,411.18,784.52,411.20
830.29,406.50,830.33,406.42
789.50,352.84,789.30,354.49
776.85,334.10,776.37,332.99
803.92,421.22,803.49,421.57
801.02,395.66,799.52,398.08
790.03,356.25,789.57,356.37
784.07,411.89,784.14,411.44
830.17,406.45,830.23,406.44
789.30,354.49,790.03,356.25
784.17,411.92,784.14,412.34
830.07,406.33,830.12,406.39
789.57,356.37,790.00,358.16
773.19,333.18,773.78,332.41
803.91,420.32,803.46,420.03
753.20,384.53,755.58,384.72
786.03,353.92,788.83,353.93
802.13,436.94,801.43,437.73
791.50,360.00,790.47,358.08
829.99,406.15,830.07,406.33
792.90,304.23,792.96,304.15
791.50,360.00,790.62,360.00
829.96,406.12,830.03,406.28
791.33,362.17,791.33,362.16
827.20,384.18,819.14,383.80
780.08,414.50,780.59,414.09
829.91,405.91,829.96,406.12
788.57,304.89,788.33,304.64
786.90,366.20,787.07,366.25
781.25,418.90,781.18,419.34
829.94,405.93,829.96,406.12
811.26,380.82,811.57,381.52
787.90,364.25,787.07,366.25
786.90,366.20,787.90,364.25
788.83,304.77,788.57,304.89
779.06,370.74,778.07,386.28
785.82,365.76,784.78,367.46
781.02,418.15,781.19,418.45
810.45,382.33,810.98,382.96
779.06,370.74,776.76,385.87
785.82,365.76,785.78,368.03
783.96,369.64,783.49,368.97
783.88,426.82,784.29,427.12
782.49,305.10,782.50,305.26
784.78,367.46,783.49,368.97
780.65,418.39,780.81,418.13
829.92,405.69,829.94,405.46
759.73,373.22,759.89,373.56
784.78,367.46,783.96,369.64
814.58,382.28,812.40,382.16
778.90,309.18,778.81,309.04
783.96,369.72,782.32,371.12
772.67,333.73,773.18,333.05
802.86,440.94,802.34,440.21
801.32,399.51,799.52,398.08
782.68,418.02,783.37,418.83
801.29,397.92,802.01,398.84
772.29,373.42,770.16,373.59
780.55,349.78,779.60,349.85
785.05,341.09,785.05,342.99
782.32,371.12,780.48,372.25
799.07,419.57,798.91,419.28
824.78,405.53,824.73,405.31
782.14,328.73,782.22,328.65
798.85,323.64,791.63,324.33
778.20,353.30,777.20,353.92
771.61,359.05,773.13,360.00
777.92,353.15,777.20,353.92
761.94,370.42,772.97,370.66
775.51,335.76,775.24,334.53
802.62,440.17,801.72,439.62
776.30,354.68,777.20,353.92
758.31,371.11,755.55,377.47
792.14,362.81,794.68,372.12
777.92,353.15,779.29,352.85
774.67,355.26,774.56,356.51
773.10,335.80,773.40,334.35
802.21,440.83,801.48,441.58
771.99,357.17,773.52,357.51
783.23,417.18,783.30,417.64
770.98,358.46,771.61,359.05
808.46,332.37,808.89,332.94
770.93,359.05,771.61,359.05
800.13,402.17,799.52,398.08
771.45,359.05,771.61,359.05
802.66,426.40,802.68,426.89
770.93,359.05,770.40,359.05
795.54,371.23,795.66,370.43
829.29,418.79,828.75,418.89
727.89,360.00,732.10,363.06
767.64,360.00,770.40,360.95
782.85,418.31,782.71,417.60
785.58,350.72,785.36,351.17
768.07,363.76,768.23,363.74
780.10,394.06,780.60,394.70
768.07,363.76,767.79,361.89
792.78,333.05,792.55,333.08
767.68,365.51,768.81,365.53
781.77,427.58,782.25,426.81
789.50,352.84,789.52,352.89
785.58,350.72,773.51,351.45
768.07,363.76,767.68,365.51
802.77,395.34,802.15,394.33
785.36,416.36,785.30,416.80
767.68,365.51,768.67,367.13
791.20,354.02,800.71,352.26
768.93,366.89,768.67,367.13
767.97,365.32,768.93,366.89
770.12,368.29,769.68,368.67
785.13,415.60,785.30,415.90
797.08,308.32,791.86,319.50
829.38,404.12,829.23,407.56
768.43,367.21,769.68,368.67
784.50,426.45,785.23,427.24
792.56,332.22,778.37,332.23
769.68,368.67,771.14,369.92
784.68,416.29,784.75,415.84
829.46,379.17,823.98,378.91
771.33,372.36,771.44,372.29
780.08,414.50,780.42,415.24
784.74,416.74,784.68,416.29
770.55,373.09,773.34,373.20
784.91,417.04,784.77,416.32
772.53,372.53,774.73,373.66
797.75,399.29,799.52,398.08
782.76,371.05,780.28,371.30
774.52,372.69,774.31,373.64
804.05,435.77,803.62,436.12
791.69,361.89,790.69,360.95
776.50,372.53,774.52,372.69
799.74,423.95,799.40,424.50
776.44,373.47,776.50,372.53
799.69,356.38,799.13,356.36
781.41,422.50,781.62,422.53
776.39,373.57,778.52,372.97
781.17,423.20,781.24,422.76
829.11,402.31,829.01,402.63
776.33,372.11,780.48,372.25
792.14,362.81,794.69,362.80
777.92,353.15,778.20,353.30
783.49,368.97,781.98,370.26
779.76,350.91,780.71,350.84
809.29,372.51,808.64,372.50
783.49,368.97,782.76,371.05
778.81,400.36,778.47,397.97
779.76,350.91,781.19,351.94
773.82,361.20,774.19,361.18
791.68,361.90,791.69,361.89
783.54,351.29,783.75,350.64
786.85,350.21,786.49,352.04
786.85,350.21,788.29,351.44
778.95,404.49,779.72,403.60
771.18,351.44,772.75,354.21
830.43,405.18,830.26,405.22
807.42,332.02,808.00,331.69
759.01,373.78,759.11,374.18
805.51,353.10,808.65,353.10
786.81,350.15,788.29,351.44
804.69,348.91,804.62,348.93
823.15,355.30,824.62,354.06
788.26,351.39,788.29,351.44
783.05,432.08,782.98,432.52
821.65,382.35,823.64,382.54
788.26,351.39,789.50,352.84
785.74,439.72,786.27,439.32
812.64,381.85,823.64,382.54
787.07,351.42,789.50,352.84
766.50,361.90,767.63,361.90
785.74,439.72,786.33,439.78
790.44,341.34,798.02,342.60
766.95,363.75,767.68,365.51
793.93,377.25,795.91,378.02
812.64,381.85,814.36,382.03
806.25,349.89,804.69,348.91
787.07,351.42,788.31,352.86
781.46,390.70,782.53,389.51
789.50,352.84,788.31,352.86
782.82,431.32,782.98,431.62
787.90,353.11,789.30,354.49
789.30,354.49,788.86,354.67
786.33,349.89,786.41,349.94
831.29,355.48,831.80,353.96
788.86,354.67,790.02,356.21
825.02,365.04,799.91,364.73
804.38,440.44,803.69,440.95
797.46,378.00,797.77,378.37
777.30,408.58,779.87,405.31
777.92,366.85,779.29,367.15
775.89,371.58,776.00,371.51
785.78,371.23,785.82,371.16
831.29,355.48,831.44,353.96
788.86,354.67,789.57,356.37
791.50,360.00,791.33,357.84
770.51,372.99,772.53,372.53
791.50,360.00,791.33,362.17
782.60,432.74,782.46,432.03
788.40,362.15,787.90,364.25
743.44,369.89,743.50,370.83
787.72,364.22,785.82,365.76
785.04,431.32,784.87,431.58
770.52,382.53,769.82,382.27
786.46,366.19,785.35,368.02
783.42,357.89,783.09,355.80
786.46,366.19,784.78,367.46
785.35,368.02,783.96,369.64
785.35,368.02,783.96,369.72
800.03,358.30,799.39,358.73
745.13,383.29,743.71,382.53
774.36,372.92,776.33,372.11
778.15,370.99,782.32,371.12
786.41,446.48,793.83,446.48
781.89,332.93,782.20,333.02
774.67,355.26,775.19,355.48
774.67,355.26,774.01,356.34
807.91,345.65,807.82,345.69
774.67,355.26,772.55,355.84
773.30,354.62,772.55,355.84
782.45,427.67,782.38,428.11
772.55,355.84,771.99,357.17
785.13,435.27,785.66,434.86
771.94,355.53,771.99,357.17
785.13,435.27,785.72,435.32
821.50,384.16,823.86,384.17
771.94,355.53,771.34,356.96
789.30,365.51,787.90,366.89
803.66,434.52,802.96,434.01
776.86,400.19,777.12,401.12
789.99,353.70,790.82,355.71
779.86,373.63,780.27,372.12
771.34,356.96,770.98,358.46
792.49,345.79,791.72,345.69
803.51,434.78,802.69,434.44
802.40,341.09,803.20,340.46
781.91,373.20,781.97,373.12
771.99,357.17,771.34,356.96
744.42,383.45,745.72,384.20
782.19,391.16,784.04,390.59
782.12,366.13,781.16,367.99
767.79,358.11,770.93,359.05
821.72,359.57,819.66,360.94
788.22,357.86,788.40,357.85
783.94,352.85,786.74,352.86
785.82,371.16,785.56,369.92
803.52,435.68,802.72,435.97
821.72,359.57,822.29,360.98
783.94,352.85,785.03,353.30
782.01,426.89,782.22,426.92
823.62,379.71,823.51,378.29
767.64,360.00,770.40,359.05
781.84,427.14,782.01,426.89
797.76,379.71,823.62,379.71
767.63,361.90,767.79,361.89
794.75,367.67,794.72,367.67
758.93,375.88,758.83,375.66
829.56,389.07,829.77,388.65
786.03,341.04,785.99,341.68
767.48,360.00,767.79,361.89
767.63,361.90,768.07,363.76
781.77,427.58,781.84,427.14
797.66,378.29,797.76,379.71
766.50,361.90,768.07,363.76
805.48,330.65,806.04,332.33
787.19,353.53,787.72,355.26
766.95,363.75,768.07,363.76
781.86,427.62,781.83,428.04
825.90,381.12,823.51,381.12
767.26,363.62,767.97,365.32
799.24,341.26,798.32,342.59
798.13,380.88,798.36,380.67
767.97,365.32,768.93,366.89
782.46,432.03,782.61,431.29
769.47,371.23,771.33,372.36
784.27,425.69,784.44,425.99
791.99,341.26,799.60,342.52
798.21,380.62,798.36,380.67
768.55,372.27,771.33,372.36
784.06,425.66,784.27,425.69
770.51,372.99,770.55,373.09
761.26,371.27,761.60,370.33
791.50,360.00,791.50,360.00
791.69,341.26,791.17,342.53
770.51,372.99,772.59,373.49
787.72,364.22,787.90,364.25
772.53,372.53,774.52,372.69
796.25,335.61,796.12,333.77
774.46,357.68,774.19,358.82
782.09,330.65,782.95,329.92
776.39,373.57,774.31,373.64
781.50,350.91,781.67,350.91
781.50,350.91,780.71,350.84
782.25,350.29,781.67,350.91
781.66,350.24,781.67,350.91
781.66,350.24,781.50,350.91
768.96,365.49,772.72,365.80
786.81,350.15,786.85,350.21
805.07,422.97,804.06,423.70
793.61,350.21,794.65,351.45
786.81,350.15,788.26,351.39
825.19,367.38,825.02,367.01
785.62,350.18,787.07,351.42
787.07,351.42,787.90,353.11
788.28,352.79,788.86,354.67
791.23,356.24,791.69,358.11
788.28,352.79,789.28,354.43
782.04,395.43,781.76,397.13
800.32,395.98,800.26,395.81
790.83,355.73,789.28,354.43
803.21,421.45,804.43,421.62
760.87,360.00,761.99,358.01
778.94,381.44,769.58,380.88
790.83,355.73,790.02,356.21
797.62,390.09,795.74,389.31
761.83,360.00,761.99,358.01
789.28,354.43,790.02,356.21
762.56,366.20,763.66,368.09
795.98,423.69,793.54,421.62
792.76,349.25,804.69,348.91
792.16,328.35,778.54,341.69
791.33,357.83,791.33,357.84
786.71,351.71,787.90,353.11
788.57,360.00,788.40,362.15
788.57,360.00,791.50,360.00
786.59,363.92,785.82,365.76
787.88,348.91,776.40,349.25
786.59,363.92,786.46,366.19
779.77,369.61,783.96,369.72
785.36,368.08,783.96,369.72
782.98,431.62,783.89,432.13
780.59,414.98,780.42,415.24
768.67,367.13,769.91,368.58
784.05,427.12,784.29,427.12
778.02,370.93,774.28,369.96
812.00,366.47,811.58,368.41
803.34,430.83,803.42,430.88
780.25,348.42,780.39,348.01
787.51,303.57,787.36,302.41
768.93,366.89,769.91,368.58
780.67,418.86,781.02,418.15
781.78,422.82,781.85,423.28
775.77,369.05,774.28,369.96
786.81,406.21,788.82,405.53
787.28,364.21,786.48,366.24
775.49,354.30,774.67,355.26
799.69,369.35,799.13,369.37
805.66,331.64,805.44,332.66
774.56,356.51,774.46,357.68
807.87,440.40,806.23,441.74
774.24,353.53,774.67,355.26
806.55,438.93,807.72,439.10
773.30,354.62,771.94,355.53
767.79,358.11,770.98,358.46
817.77,340.17,818.10,340.30
766.68,363.79,767.42,365.57
767.81,369.81,769.47,371.23
766.23,358.08,766.08,360.00
750.69,380.61,750.36,381.65
772.18,373.47,774.31,373.64
766.29,371.04,768.00,372.25
774.69,331.43,775.48,331.07
766.70,371.05,768.76,371.30
774.26,372.84,774.36,372.92
814.53,339.58,814.03,339.44
791.24,408.10,799.76,405.02
787.72,355.78,787.05,358.01
778.81,399.45,778.94,398.84
774.28,369.96,776.22,372.03
801.43,432.03,801.45,432.52
779.04,352.68,777.92,353.15
770.09,372.97,772.09,373.57
778.42,398.66,778.74,396.81
770.09,373.51,770.16,373.59
803.20,341.04,803.16,341.68
810.31,341.64,810.63,341.63
782.18,382.51,783.34,383.17
779.93,352.04,778.70,352.33
779.60,349.85,779.60,350.91
824.46,350.78,823.23,349.44
830.85,355.48,829.40,359.55
777.48,396.24,777.53,396.18
779.76,350.24,779.76,350.91
784.74,394.65,782.34,395.98
783.92,372.36,783.97,372.29
782.24,348.46,784.00,349.19
774.13,370.85,775.89,371.58
777.28,396.72,777.48,396.24
779.60,350.91,779.60,349.85
825.71,402.45,825.19,402.51
774.74,371.54,776.59,371.99
777.15,397.34,777.28,396.72
780.55,350.83,781.50,350.91
782.46,432.03,782.98,432.52
781.50,349.85,780.55,350.83
777.51,399.86,777.77,400.20
780.55,349.78,780.55,350.83
788.77,400.75,788.79,401.09
777.16,398.72,777.11,398.02
782.25,350.29,781.66,350.24
751.33,384.41,752.64,384.50
781.63,348.05,781.66,350.24
788.81,400.73,788.83,401.31
777.82,398.24,777.30,399.35
783.75,350.64,782.25,350.29
784.00,349.19,786.81,350.15
793.58,382.42,793.93,382.02
788.82,398.91,788.77,400.75
800.58,395.59,800.70,395.72
795.33,321.73,793.75,320.39
786.81,350.15,785.62,350.18
785.62,350.18,787.07,351.42
796.06,409.33,798.72,408.58
809.67,359.55,809.72,359.57
795.98,423.69,791.43,422.14
786.68,427.41,788.97,441.39
785.31,350.51,786.71,351.71
787.03,351.32,788.28,352.79
786.64,304.47,787.19,304.23
762.45,356.08,761.74,355.78
773.40,340.38,772.42,338.97
786.71,351.71,788.28,352.79
761.24,356.87,761.08,356.87
769.27,356.19,788.79,355.96
790.00,353.73,789.28,354.43
742.54,377.96,743.19,377.99
796.52,442.72,805.08,442.72
769.27,356.19,789.04,355.75
790.00,353.73,790.83,355.73
788.40,357.85,791.33,357.83
808.12,440.03,804.68,427.41
776.86,373.49,779.06,373.09
789.34,395.19,789.04,396.95
800.99,400.45,800.88,400.70
787.05,361.98,788.22,362.14
788.28,367.21,786.71,368.29
788.39,360.00,788.22,362.14
788.39,360.00,787.05,361.98
789.69,393.88,789.28,395.43
802.05,398.14,802.00,397.44
787.28,364.21,787.54,363.13
749.38,383.35,748.41,382.53
790.02,363.79,788.86,365.32
787.43,363.13,787.28,364.21
789.76,393.56,789.34,395.19
801.63,396.30,801.85,396.81
795.66,397.94,795.87,397.91
786.59,363.92,787.28,364.21
775.49,354.30,775.97,354.56
787.28,364.21,786.46,366.19
775.77,369.05,778.02,370.93
774.24,353.53,775.49,354.30
800.22,370.03,799.21,367.55
772.45,370.21,774.00,369.57
779.50,410.62,779.14,409.97
800.22,367.30,799.21,367.55
824.77,381.39,824.77,382.24
768.81,354.47,768.96,354.51
772.65,370.64,774.00,369.57
782.25,350.29,782.14,350.96
769.38,379.66,769.43,380.44
747.18,378.12,747.35,378.14
775.33,352.59,773.75,353.04
810.54,376.37,821.65,376.83
766.50,361.90,767.26,363.62
774.24,353.53,773.30,354.62
771.94,355.53,771.34,356.96
799.28,367.22,806.41,367.35
758.79,363.36,758.26,360.00
779.74,347.90,781.63,348.05
804.93,355.30,805.09,355.21
767.26,356.37,766.83,358.16
768.23,356.26,771.34,356.96
797.02,357.06,796.28,357.93
752.68,384.78,752.78,385.03
768.07,356.24,767.79,358.11
767.63,358.09,767.48,360.00
806.41,367.35,806.23,367.20
760.33,366.39,758.79,363.36
780.39,348.01,783.42,348.42
766.50,358.10,766.35,360.00
807.67,366.85,807.86,367.03
762.74,368.79,760.33,366.39
782.24,348.46,784.00,349.19
768.07,356.24,766.50,358.10
802.78,355.24,804.15,355.18
775.12,337.26,777.42,338.92
764.08,362.16,766.23,361.92
766.69,360.00,766.83,361.83
799.45,370.27,799.28,370.13
802.78,355.24,804.11,355.24
775.12,337.26,772.73,337.41
764.08,362.16,764.58,364.26
766.69,360.00,766.50,361.90
771.41,378.25,771.41,376.69
792.07,440.03,786.68,427.41
807.86,370.64,806.41,370.31
765.77,370.34,762.74,368.79
783.74,349.55,785.31,350.51
830.18,395.52,826.34,395.52
766.83,358.16,766.69,360.00
791.11,421.49,793.40,420.92
762.53,366.25,765.26,366.30
766.83,361.83,767.26,363.62
806.48,367.70,806.48,369.97
766.69,360.00,766.83,361.83
764.58,364.26,767.42,365.57
814.55,354.09,810.53,355.40
829.72,355.51,828.97,359.53
766.68,363.79,767.42,365.57
765.41,366.26,766.54,368.11
775.37,370.33,773.83,370.33
783.83,422.48,784.63,422.83
766.40,368.16,765.41,366.26
766.40,368.16,767.81,369.81
784.13,308.43,784.14,318.85
799.04,392.46,797.28,391.15
799.21,369.79,799.21,367.55
764.66,369.64,767.06,370.26
787.07,353.75,787.90,355.74
755.71,385.25,756.94,385.34
806.48,369.97,806.48,367.70
765.96,372.92,769.99,373.07
776.49,396.84,793.74,396.84
768.12,372.15,770.60,372.07
770.09,372.97,772.18,373.47
811.81,372.71,811.83,371.46
782.86,416.86,783.09,416.80
795.41,389.82,794.61,389.35
798.40,415.22,798.74,414.50
793.71,393.16,793.59,391.80
772.09,373.57,772.18,373.47
772.09,373.57,774.24,373.75
785.70,339.93,785.82,340.46
792.22,372.40,792.39,372.39
771.61,360.95,771.54,360.00
768.04,373.42,774.24,373.75
800.29,358.71,799.21,358.43
779.47,363.36,777.92,366.39
782.12,366.13,778.25,366.57
778.70,364.87,777.82,366.31
770.16,373.59,774.24,373.75
771.19,382.99,771.19,382.85
770.09,373.51,770.16,373.59
761.82,376.82,767.54,377.10
797.77,441.73,806.23,441.74
819.82,340.25,820.36,341.58
800.29,355.17,799.21,355.45
777.84,348.05,779.17,350.29
772.20,373.34,772.29,373.42
772.65,370.64,774.26,372.84
770.95,371.05,772.65,370.64
785.29,446.33,786.41,446.48
780.25,348.42,782.04,348.84
776.72,367.59,775.77,369.05
774.19,358.82,777.00,358.83
777.11,367.91,775.77,369.05
797.28,391.15,796.54,390.09
817.98,336.29,817.57,334.94
800.63,413.22,800.11,412.74
777.88,351.29,778.70,352.33
777.53,352.82,777.88,351.29
779.17,350.29,779.76,350.24
821.03,353.99,819.51,355.30
758.01,385.02,757.93,385.26
790.82,364.29,790.00,366.26
750.48,384.31,750.52,384.55
779.74,347.90,779.60,349.85
830.16,396.08,830.33,396.09
799.19,405.13,800.34,405.37
770.95,371.05,772.65,370.64
781.63,348.05,780.55,349.78
784.19,441.38,785.10,440.99
783.42,348.42,781.63,348.05
784.03,445.11,788.38,442.72
826.99,352.86,830.70,354.15
745.65,371.11,747.04,373.20
786.90,353.80,787.07,353.75
783.42,348.42,783.47,348.49
788.87,351.89,787.03,351.32
788.85,351.84,790.00,353.73
792.13,331.79,791.98,331.94
791.24,408.10,800.78,405.15
807.86,367.03,806.41,367.35
831.06,424.05,831.39,423.14
787.90,355.74,788.40,357.85
778.58,396.30,778.79,396.81
776.39,373.57,774.24,373.75
805.38,328.27,805.78,328.61
782.27,366.17,786.48,366.24
799.77,372.40,799.02,372.40
783.09,364.20,787.31,364.25
770.86,379.25,771.84,371.33
770.16,346.41,774.24,346.25
807.86,370.64,806.23,370.45
826.34,395.52,830.30,395.65
781.01,367.94,779.63,369.55
770.16,346.41,772.29,346.58
807.86,370.64,807.67,370.81
826.34,395.52,830.18,395.52
781.01,367.94,777.11,367.91
797.77,441.73,807.72,439.10
778.52,347.02,778.48,346.93
805.05,328.42,805.19,328.65
778.25,366.57,777.11,367.91
775.44,351.31,776.72,352.41
776.45,353.48,777.53,352.82
781.56,347.97,781.63,348.05
804.31,330.73,804.54,330.72
750.60,384.06,751.73,384.43
770.81,370.60,772.45,370.21
748.85,382.59,747.65,382.51
780.39,348.01,782.24,348.46
758.92,363.32,758.56,363.46
772.75,354.21,771.94,355.53
804.37,331.46,804.58,331.37
756.72,377.70,756.78,378.04
768.96,354.51,768.23,356.26
758.49,375.73,758.93,375.88
776.50,372.53,778.95,372.99
768.07,356.24,768.96,354.51
787.62,424.38,789.10,423.62
804.52,332.11,804.72,331.95
756.78,378.04,756.32,382.41
766.95,356.25,766.50,358.10
785.56,350.07,786.71,351.71
826.29,395.45,826.34,395.52
805.48,332.77,805.38,333.02
766.50,358.10,766.69,360.00
747.33,376.00,747.57,376.12
786.85,354.56,786.93,354.68
764.58,364.26,766.23,361.92
814.53,339.58,814.73,339.45
791.24,408.10,801.34,405.53
756.75,362.11,756.57,360.00
765.26,366.30,766.40,368.16
806.48,367.70,806.41,367.35
758.15,361.75,756.75,362.11
787.66,357.87,787.21,360.00
801.28,343.49,802.28,343.15
763.66,368.09,765.07,369.73
787.05,358.01,787.21,360.00
826.43,396.64,826.46,396.65
802.57,343.04,802.28,343.15
765.07,369.66,765.07,369.73
788.22,357.86,788.39,360.00
776.72,352.41,777.11,352.09
801.61,343.36,802.57,343.04
714.02,354.13,715.99,355.56
765.55,368.97,767.06,370.26
774.26,360.72,776.10,360.72
783.09,364.20,782.27,366.17
801.90,343.01,802.82,342.73
766.29,371.04,768.12,372.15
807.94,367.45,806.48,369.97
749.23,382.48,748.85,382.59
787.45,362.15,787.21,363.13
826.30,394.48,830.18,395.45
767.06,370.26,768.76,371.30
811.80,372.84,815.14,372.71
756.71,369.88,755.24,369.88
783.29,421.51,783.70,421.18
761.99,353.76,761.16,355.75
768.12,372.15,768.76,371.30
779.16,365.08,778.25,366.57
802.14,342.46,803.03,342.27
768.00,372.25,769.99,373.07
758.71,375.12,758.77,374.58
761.30,377.76,761.12,377.54
767.97,373.34,770.16,373.59
759.25,368.42,757.37,368.42
785.91,421.22,786.82,420.82
790.96,346.79,790.67,347.58
772.20,373.34,770.09,373.51
785.91,420.32,786.71,420.03
801.30,417.60,801.32,418.08
771.52,369.49,773.09,370.45
769.20,371.18,772.20,373.34
785.97,420.78,786.71,420.03
770.95,371.05,772.20,373.34
757.68,368.25,775.20,368.68
785.91,420.32,786.42,419.52
801.30,417.60,801.37,417.64
769.20,371.18,770.95,371.05
777.22,368.68,759.60,368.25
785.53,419.99,785.76,419.92
776.72,367.59,777.11,367.91
777.67,350.64,777.88,351.29
782.71,417.60,782.86,416.86
776.56,351.84,777.88,351.29
782.71,417.60,782.68,417.12
779.16,365.08,778.25,366.57
764.28,377.92,764.31,378.43
795.45,445.87,798.29,445.37
774.19,358.82,777.28,357.68
776.25,351.23,777.67,350.64
801.98,421.99,801.46,421.51
806.73,340.41,814.04,340.41
756.92,377.54,756.78,378.04
779.60,349.85,780.55,349.78
797.08,308.32,791.86,309.04
758.85,373.51,759.01,373.78
779.65,347.82,781.63,348.05
783.42,348.42,782.24,348.46
792.07,440.03,788.97,441.39
762.15,353.81,763.21,354.24
748.41,377.69,748.73,377.85
783.74,349.55,785.56,350.07
808.81,331.25,808.45,331.20
758.33,373.75,758.23,374.14
785.82,348.83,787.03,351.32
799.21,369.79,806.48,367.70
826.29,395.45,830.18,395.52
804.75,332.61,804.93,332.40
766.23,361.92,766.68,363.79
760.32,357.85,760.56,356.87
750.21,377.71,749.16,377.66
787.07,353.75,789.99,353.70
781.77,411.10,780.42,410.98
799.21,367.55,806.48,367.70
788.85,351.84,789.99,353.70
781.05,372.27,783.92,372.36
787.82,360.00,787.05,361.98
763.66,368.09,766.40,368.16
787.66,357.87,787.82,360.00
803.57,421.46,803.90,420.73
787.21,360.00,787.82,360.00
782.12,366.13,782.27,366.17
802.94,338.84,802.58,343.87
802.11,436.45,802.18,436.50
811.43,381.32,811.15,380.67
782.12,366.13,783.09,364.20
778.25,366.57,781.01,367.94
826.03,381.04,825.60,382.38
776.25,351.23,775.33,352.59
784.91,417.04,785.80,417.59
802.79,440.88,802.27,440.39
771.18,380.51,771.84,371.33
774.93,352.04,775.33,352.59
800.97,418.31,801.17,418.34
802.28,441.29,802.21,440.83
776.25,351.23,774.93,352.04
769.20,371.18,769.13,370.74
819.70,386.87,818.96,387.04
770.95,371.05,769.20,371.18
769.95,352.89,768.96,354.51
800.70,395.72,800.88,395.89
797.76,379.71,797.66,381.12
766.95,356.25,768.07,356.24
760.49,382.58,760.99,378.30
818.58,340.13,818.10,340.30
767.25,380.32,767.26,380.55
804.72,439.72,804.19,439.23
823.51,381.12,823.21,382.38
766.50,358.10,766.83,358.16
804.38,440.44,804.72,439.72
766.08,360.00,766.69,360.00
823.90,352.91,824.15,352.91
766.08,360.00,766.23,361.92
827.70,396.83,827.81,397.47
814.36,382.03,812.19,381.91
800.47,370.61,800.29,370.44
766.83,361.83,766.68,363.79
785.56,350.07,787.03,351.32
817.10,330.06,817.51,329.77
786.26,440.23,786.77,441.01
784.87,351.84,786.09,352.59
765.55,368.97,765.07,369.66
786.27,439.32,787.18,439.83
765.07,369.73,766.71,371.14
791.24,408.10,801.34,406.21
791.83,360.00,790.77,360.00
774.37,331.78,775.48,331.07
767.06,370.26,768.76,371.30
766.16,371.12,768.00,372.25
785.89,438.98,786.78,438.52
799.74,423.95,799.94,423.98
808.48,369.38,808.46,369.14
801.60,436.86,801.53,436.40
790.50,354.47,791.23,356.24
768.00,372.25,768.12,372.15
768.76,371.30,770.60,372.07
768.12,372.15,770.09,372.97
807.94,370.23,806.48,369.97
826.42,352.72,830.29,352.72
767.97,373.34,768.04,373.42
802.79,440.88,802.86,440.94
771.00,366.34,771.16,366.09
769.20,371.18,770.09,373.51
801.77,437.16,801.97,437.20
802.16,426.82,802.09,426.36
768.23,363.74,768.96,365.49
777.84,348.05,777.67,350.64
776.39,346.42,776.44,346.53
774.00,350.43,775.44,351.31
797.77,441.73,807.87,440.40
772.20,373.34,774.26,372.84
777.84,348.05,779.74,347.90
783.74,349.55,783.92,349.07
779.60,349.85,779.76,350.24
784.25,445.86,784.78,445.87
747.05,377.61,746.81,374.01
785.82,348.83,787.46,350.24
756.17,384.17,755.04,384.53
803.69,435.99,803.89,436.02
786.90,353.80,785.94,351.91
811.04,391.99,810.85,391.89
827.69,418.65,828.67,418.75
791.60,333.85,791.81,333.32
809.77,331.69,809.93,332.00
785.10,434.78,785.51,434.44
787.43,356.87,787.66,357.87
801.09,432.74,801.43,432.03
787.43,356.87,787.05,358.01
785.56,350.07,787.03,351.32
786.59,356.08,787.43,356.87
829.01,368.69,831.14,368.74
783.58,362.12,783.09,364.20
779.16,365.08,782.12,366.13
782.93,364.17,782.12,366.13
769.13,370.74,769.20,371.18
793.37,320.87,791.69,320.87
807.67,354.90,806.29,355.22
768.67,352.86,767.68,354.49
839.96,348.80,823.15,349.24
771.44,347.70,773.44,346.87
767.68,354.49,767.26,356.37
804.03,435.27,804.10,435.32
766.83,358.16,766.23,358.08
766.68,356.21,766.23,358.08
766.68,356.21,766.83,358.16
776.22,347.97,774.36,347.07
766.23,358.08,766.08,360.00
763.91,360.00,766.23,358.08
799.14,358.08,806.55,358.04
781.98,370.26,780.28,371.30
763.91,360.00,764.08,362.16
763.92,362.17,764.43,364.29
768.76,348.69,768.53,347.83
761.71,364.25,764.43,364.29
829.94,405.93,829.99,406.15
788.33,304.64,788.59,304.52
794.29,365.41,794.17,365.41
810.43,329.98,811.82,329.84
787.90,364.25,790.82,364.29
762.56,366.20,761.71,364.25
768.76,348.69,766.70,348.95
761.71,364.25,762.53,366.25
761.12,377.54,759.96,377.49
762.56,366.20,763.68,368.03
800.75,427.62,800.23,427.14
764.25,367.46,763.68,368.03
763.21,365.76,764.25,367.46
764.25,367.46,765.55,368.97
764.66,369.64,766.29,371.04
764.52,369.72,766.16,371.12
802.78,355.79,801.47,359.58
766.16,371.12,768.00,372.25
762.17,370.99,768.00,372.25
765.91,372.84,767.97,373.34
771.57,357.85,771.72,358.05
767.45,371.05,767.97,373.34
830.61,339.60,828.92,339.68
798.50,355.12,798.50,362.79
771.05,351.39,769.80,352.84
765.74,370.64,767.45,371.05
779.84,363.46,779.16,365.08
776.00,348.49,777.67,350.64
770.60,372.07,772.53,372.53
805.25,376.59,803.86,378.59
776.25,351.23,777.67,350.64
777.75,347.97,777.84,348.05
793.14,379.68,796.01,380.33
762.78,376.12,762.24,376.39
807.94,370.23,806.41,370.31
778.49,347.86,780.39,348.01
778.49,347.86,780.25,348.42
816.86,330.05,817.21,330.41
806.41,370.31,806.23,370.45
799.21,369.79,799.28,370.13
782.14,348.33,783.92,349.07
781.97,346.87,783.92,349.07
795.90,370.46,798.50,370.46
777.66,364.29,777.66,361.71
783.97,347.70,783.92,349.07
827.52,339.75,825.85,339.83
795.66,370.43,795.90,362.79
784.54,350.26,787.44,350.19
785.04,431.32,785.55,432.11
780.21,415.22,780.05,414.92
785.82,354.24,786.90,353.80
799.28,367.22,806.23,367.20
792.77,340.51,792.45,340.64
785.78,351.97,786.90,353.80
804.77,330.41,805.13,330.05
799.28,367.22,799.45,367.08
785.05,430.42,785.96,430.92
786.59,356.08,787.28,355.78
824.18,353.95,822.63,355.26
783.42,362.11,782.93,364.17
772.65,349.36,772.45,349.79
780.25,361.75,779.84,363.46
784.39,369.66,782.89,371.14
798.65,394.05,799.16,392.53
805.39,344.31,810.95,338.90
779.29,352.85,783.25,352.58
772.20,346.66,770.16,346.41
765.74,370.64,767.45,370.60
798.50,362.79,798.50,355.12
800.36,359.15,800.32,359.64
795.54,354.35,795.66,362.79
765.74,370.64,767.45,371.05
767.68,354.49,767.97,354.67
766.16,348.88,766.29,348.96
813.00,355.71,812.31,359.56
764.58,355.73,766.23,358.08
783.59,360.00,780.25,361.75
762.15,366.19,763.27,368.02
768.04,346.58,769.99,346.93
763.27,368.02,764.66,369.64
764.52,369.72,764.66,369.64
771.36,350.18,769.91,351.42
808.85,347.73,808.14,348.83
762.17,370.99,766.16,371.12
807.94,358.27,806.48,358.40
762.17,370.99,763.99,372.11
766.16,348.88,768.00,347.75
765.74,370.64,765.91,372.84
779.84,363.46,779.34,363.32
759.56,355.12,759.23,354.92
789.16,358.74,789.26,360.00
779.73,361.68,779.84,363.46
806.48,358.40,806.29,358.55
807.96,438.68,808.19,439.60
775.89,348.42,776.00,348.49
754.36,369.80,753.46,369.81
774.13,349.15,776.00,348.49
776.59,348.01,777.75,347.97
824.44,354.24,824.43,352.97
774.74,348.46,776.59,348.01
801.82,353.46,801.22,353.24
776.58,348.42,778.42,348.27
802.33,427.12,802.53,427.15
770.55,378.79,770.32,378.49
802.28,394.25,801.68,393.53
782.71,417.60,782.62,417.56
800.70,395.72,800.98,395.86
799.16,392.53,799.98,391.61
804.19,439.23,804.35,438.98
778.44,372.07,780.28,371.30
781.97,346.87,780.27,347.88
799.21,355.45,799.39,355.30
781.97,346.87,782.14,348.33
760.54,350.45,762.17,349.00
762.45,363.92,762.15,366.19
761.29,352.09,760.54,350.45
784.39,350.34,784.54,350.26
795.21,362.79,795.21,371.85
791.60,340.84,792.17,341.44
771.36,350.18,769.91,351.42
784.39,350.34,785.78,351.97
786.46,353.81,785.82,354.24
792.22,353.23,801.59,353.23
770.12,351.71,768.43,352.79
769.68,351.32,768.43,352.79
784.91,417.04,784.74,416.74
787.21,356.87,787.58,356.87
774.79,348.84,776.58,348.42
824.12,339.65,825.21,340.94
774.13,349.15,772.62,350.21
801.97,353.22,801.59,353.23
769.91,351.42,771.05,351.39
822.08,353.01,821.40,353.01
809.48,365.91,810.11,367.61
768.43,352.79,767.42,354.43
783.49,351.03,784.78,352.54
800.86,431.98,800.10,431.21
796.61,333.98,797.17,332.65
791.83,360.00,791.83,360.00
778.26,333.12,778.26,328.39
768.93,353.11,767.97,354.67
764.43,355.71,764.08,357.84
761.94,370.42,761.59,371.42
761.20,357.85,763.75,360.00
783.42,357.89,780.38,360.00
762.15,366.19,761.33,364.21
762.45,363.92,761.33,364.21
783.45,422.71,783.28,422.41
762.15,366.19,763.21,365.76
759.67,385.38,759.55,385.13
776.39,373.57,774.24,373.75
796.25,335.61,796.61,333.98
774.46,357.68,777.28,357.68
795.90,362.79,795.66,355.16
767.79,361.89,770.97,361.54
762.15,366.19,763.27,368.02
802.79,440.48,802.86,440.94
802.25,367.37,800.77,367.35
769.80,367.16,769.95,367.11
763.12,368.08,763.27,368.02
759.17,367.99,764.52,369.72
762.44,378.38,762.56,378.01
760.55,369.61,762.17,370.99
791.00,346.82,790.96,346.79
760.54,369.55,762.17,370.99
762.15,370.93,763.95,372.03
798.48,353.34,792.18,353.45
764.12,369.96,763.95,372.03
779.73,361.68,780.25,361.75
824.68,353.94,823.13,355.25
772.98,349.19,774.74,348.46
804.55,439.01,804.72,439.32
776.86,373.49,778.95,372.99
778.42,348.27,778.35,347.73
777.70,346.20,780.27,347.88
829.34,373.80,824.22,379.71
779.80,346.29,781.97,346.87
783.49,351.03,784.39,350.34
781.98,349.73,783.49,351.03
783.80,441.60,783.63,441.29
789.36,344.71,788.34,345.83
784.78,352.54,785.35,351.98
782.25,350.29,783.54,351.29
793.34,348.05,793.70,348.24
786.48,353.76,786.46,353.81
811.28,407.05,811.45,407.56
785.36,351.92,786.48,353.76
770.87,356.20,769.31,362.15
783.06,436.45,783.59,436.04
783.09,355.80,786.48,353.76
793.96,347.19,805.38,347.68
780.38,360.00,783.59,360.00
787.52,346.92,787.20,347.68
772.50,350.15,774.13,349.15
769.91,351.42,770.12,351.71
768.12,347.84,770.09,347.02
762.62,369.05,764.25,369.57
764.25,369.57,764.12,369.96
807.72,439.10,808.19,439.60
802.79,440.88,802.81,441.38
790.48,358.10,790.00,358.16
790.02,392.46,789.37,391.15
800.29,413.93,800.63,413.22
780.38,360.00,779.73,361.68
768.43,352.79,767.42,354.43
765.41,353.73,764.58,355.73
761.20,357.85,761.03,360.00
785.62,350.18,785.31,350.51
761.03,362.13,761.24,363.13
760.54,369.55,759.17,367.99
742.30,374.22,741.63,374.89
792.72,341.02,792.79,340.85
780.48,347.75,782.32,348.88
778.32,328.41,778.32,333.12
772.09,355.56,772.20,355.29
780.25,358.25,780.38,360.00
779.63,350.45,778.15,349.00
772.98,349.19,774.79,348.84
784.52,430.83,785.05,430.42
779.80,346.29,777.70,346.20
779.06,346.90,779.80,346.29
780.93,347.83,779.06,346.90
800.63,413.22,800.70,413.25
779.63,369.55,781.16,367.99
761.74,355.78,761.99,358.01
798.95,343.86,798.95,340.63
759.56,364.87,760.44,366.31
780.28,348.69,782.76,348.95
762.56,353.80,762.53,353.75
781.98,349.73,783.96,350.35
819.79,331.30,820.24,331.26
727.89,360.00,722.68,360.00
799.47,368.93,799.36,368.54
779.34,356.68,779.73,358.32
760.40,383.66,761.38,382.83
774.26,360.72,774.17,360.72
783.96,350.28,785.36,351.92
785.35,351.98,785.36,351.92
810.64,391.57,824.59,392.09
745.65,371.11,744.30,377.47
798.60,371.38,798.50,370.46
819.51,332.70,819.07,332.71
724.83,355.78,723.67,356.94
762.84,382.93,763.05,382.59
782.27,353.83,786.48,353.76
798.91,354.32,798.82,355.15
831.02,369.67,831.21,369.85
775.55,346.37,776.43,347.88
761.38,382.83,761.60,382.49
782.93,355.83,783.09,355.80
761.26,370.24,759.83,369.08
825.70,400.51,829.61,400.68
791.32,342.69,791.87,342.46
782.12,353.87,783.09,355.80
780.25,358.25,783.42,357.89
775.55,346.37,777.70,346.20
782.93,355.83,783.42,357.89
784.52,430.83,784.67,430.08
791.92,352.44,792.74,350.99
787.28,355.78,787.54,356.87
784.13,308.43,783.84,318.83
776.22,372.03,776.33,372.11
767.79,377.77,767.71,378.25
772.98,349.19,771.36,350.18
783.96,369.72,782.32,371.12
771.52,350.51,771.36,350.18
784.52,430.83,784.49,430.34
761.45,377.94,761.55,377.35
784.13,308.43,784.14,318.85
773.09,349.55,771.52,350.51
783.80,441.60,784.01,441.63
816.92,352.87,824.17,352.70
762.82,368.69,762.62,369.05
791.36,392.12,790.29,392.12
809.01,353.43,808.97,353.33
761.29,367.91,762.62,369.05
765.26,353.70,764.43,355.71
786.71,351.71,787.90,353.11
808.78,353.10,809.01,353.43
761.71,355.74,761.20,357.85
779.73,358.32,779.87,360.00
778.48,346.93,780.48,347.75
781.65,369.14,782.14,369.07
760.54,350.45,759.16,352.06
761.99,358.01,761.07,360.00
778.48,393.66,778.39,394.71
767.45,348.95,769.20,348.81
779.26,369.07,779.93,367.97
779.63,350.45,781.01,352.06
760.87,360.00,761.03,362.13
782.00,428.34,781.83,428.04
761.03,362.13,761.99,361.98
762.74,376.48,763.25,376.40
759.73,377.69,759.95,374.63
760.90,363.13,761.08,363.13
761.33,364.21,761.08,363.13
781.50,349.85,780.55,349.78
782.46,432.03,783.05,432.08
781.44,379.87,781.29,380.82
780.93,347.83,781.05,347.73
762.53,353.75,761.71,355.74
761.16,364.25,761.99,366.24
783.42,348.42,785.23,349.22
757.24,364.20,761.99,366.24
798.60,354.20,795.90,355.12
832.40,419.40,831.59,419.40
762.15,349.07,761.29,352.09
759.16,367.94,760.54,369.55
762.62,350.95,761.29,352.09
789.16,358.74,789.80,359.05
760.15,366.57,760.54,369.55
761.24,356.87,761.03,357.87
760.15,366.57,761.29,367.91
783.20,437.16,783.41,437.20
804.42,348.42,795.53,348.68
783.92,426.40,783.82,426.36
779.73,358.32,780.25,358.25
752.00,379.39,751.35,380.65
764.25,352.54,763.21,354.24
761.54,352.41,760.44,353.69
779.84,356.54,779.73,358.32
774.79,348.84,774.56,348.33
762.84,382.93,761.60,382.49
782.27,353.83,783.09,355.80
724.83,355.78,727.89,360.00
774.56,348.33,776.43,347.88
791.95,410.98,793.61,410.62
798.90,353.52,798.91,354.32
762.12,383.99,762.84,382.93
779.84,356.54,780.25,358.25
777.62,346.12,779.80,346.29
747.57,374.22,746.32,373.58
763.21,354.24,762.45,356.08
782.00,428.34,782.21,428.37
780.78,404.29,781.37,402.55
790.58,411.10,791.95,410.98
805.44,340.48,803.93,340.55
777.32,404.45,778.09,404.74
798.47,356.39,799.13,356.36
758.56,363.46,758.05,366.13
778.95,347.01,779.06,346.90
804.09,355.13,806.44,355.13
787.01,363.13,787.21,363.13
776.96,346.40,779.06,346.90
827.24,370.56,827.02,370.09
779.04,352.68,780.21,352.40
780.28,348.69,780.93,347.83
762.82,351.31,761.54,352.41
778.95,347.01,780.28,348.69
781.98,349.73,782.33,348.96
761.54,367.59,762.62,369.05
760.56,363.13,760.85,363.13
817.75,340.53,818.10,340.30
772.65,346.40,774.80,346.23
782.33,348.96,783.96,350.28
799.46,339.12,799.51,338.68
795.46,353.52,795.78,354.20
825.86,402.09,825.12,402.07
783.96,350.28,785.36,351.92
776.08,324.15,776.23,323.78
781.16,352.01,783.96,350.28
806.46,441.39,806.07,441.46
781.86,427.62,782.38,427.22
779.84,356.54,782.93,355.83
784.26,427.15,784.94,427.68
784.17,411.92,784.14,411.44
768.93,366.89,770.12,368.29
802.81,332.76,802.33,332.76
773.09,349.55,771.52,350.51
771.14,350.07,771.52,350.51
773.09,349.55,771.14,350.07
796.95,411.68,804.38,423.16
773.09,349.55,772.78,349.07
777.70,346.20,778.35,347.73
760.15,366.57,761.54,367.59
808.88,353.33,808.78,353.10
760.15,366.57,761.29,367.91
783.75,350.64,785.18,351.23
761.54,367.59,761.29,367.91
783.42,362.11,783.58,362.12
729.50,364.95,730.95,364.21
767.95,350.24,766.54,351.89
827.04,391.28,834.22,391.52
766.71,348.86,767.81,350.19
759.71,375.16,759.66,375.70
763.66,351.91,765.26,353.70
801.59,372.40,801.82,372.17
761.74,355.78,761.71,355.74
784.88,395.58,787.43,395.08
795.54,354.35,795.66,355.16
780.28,348.69,781.98,349.73
759.56,364.87,760.15,366.57
761.74,355.78,761.24,357.86
761.16,364.25,760.90,363.13
787.05,361.98,786.59,363.92
760.56,363.13,761.16,364.25
726.28,355.04,727.89,360.00
761.33,355.78,761.24,356.87
801.60,343.82,799.39,339.18
757.24,364.20,761.16,364.25
758.05,366.13,757.24,364.20
796.52,442.72,795.49,446.33
795.61,409.97,801.34,406.21
824.92,365.24,799.91,364.73
780.21,352.40,781.61,352.48
787.28,364.21,786.46,366.19
793.61,410.62,795.61,409.97
827.23,373.35,827.43,373.35
779.84,356.54,779.34,356.68
761.99,361.98,762.45,363.92
792.45,340.64,792.79,340.85
779.16,354.92,779.84,356.54
775.97,354.56,775.19,355.48
799.21,367.55,799.28,367.22
773.44,346.87,772.78,349.07
803.86,342.72,806.14,342.60
772.78,349.07,774.56,348.33
797.75,441.52,806.07,441.46
767.48,379.21,770.60,380.06
775.45,346.29,773.44,346.87
746.90,382.11,746.30,378.02
764.25,350.43,762.62,350.95
782.76,348.95,782.89,348.86
818.10,340.30,817.75,340.53
774.80,346.23,776.96,346.40
791.24,408.10,791.95,410.98
776.86,346.51,774.80,346.23
777.79,396.41,778.39,394.71
778.95,347.01,778.44,347.93
792.72,343.85,792.72,341.02
782.32,348.88,783.96,350.28
779.16,354.92,782.12,353.87
774.79,348.84,776.43,347.88
781.01,352.06,782.12,353.87
730.95,364.21,732.10,363.06
781.01,352.06,779.16,354.92
776.43,347.88,778.35,347.73
789.04,441.46,788.97,441.39
777.70,346.20,779.86,346.37
799.11,343.58,792.72,343.85
748.01,380.73,747.41,381.33
769.59,348.83,771.14,350.07
799.21,369.79,806.41,370.31
824.71,354.24,824.43,352.97
775.89,348.42,776.59,348.01
779.80,346.29,781.91,346.80
798.95,343.86,799.11,343.58
771.44,347.70,772.78,349.07
767.81,350.19,767.95,350.24
814.75,353.07,818.35,354.33
784.74,394.65,787.43,395.08
798.95,340.63,799.11,340.69
759.23,365.08,760.15,366.57
801.90,339.57,802.14,339.29
799.14,355.79,799.21,355.45
801.82,353.46,801.44,353.46
776.16,340.19,775.51,338.53
784.00,349.19,785.62,350.18
760.44,366.31,760.15,366.57
800.22,355.58,800.22,358.30
747.93,374.10,747.88,374.05
794.17,335.51,793.66,332.73
765.07,350.26,766.40,351.84
799.11,343.58,798.95,343.86
763.66,351.91,766.40,351.84
782.33,348.96,783.96,350.35
722.68,360.00,722.93,361.61
746.32,373.58,744.93,373.36
763.66,351.91,762.53,353.75
747.95,370.84,742.06,368.63
795.90,362.79,798.50,355.12
771.52,350.51,769.91,351.42
783.49,351.03,785.78,351.97
826.88,384.49,799.03,384.01
798.90,353.52,798.60,354.20
760.55,350.39,759.17,352.01
777.62,346.12,777.70,346.20
760.15,360.00,760.32,362.15
790.12,329.87,779.73,336.99
793.71,340.51,800.36,340.17
756.74,362.12,760.32,362.15
799.13,356.36,799.02,356.10
790.12,336.33,790.12,329.87
757.24,364.17,757.24,364.20
759.23,365.08,758.05,366.13
789.10,305.10,788.57,304.89
778.70,355.12,779.16,354.92
801.44,353.46,799.54,353.49
769.13,349.26,770.81,349.39
802.40,332.21,802.60,332.31
793.55,340.79,792.95,340.79
778.25,353.42,779.16,354.92
760.85,356.87,760.56,356.87
793.71,340.51,792.77,340.51
777.82,353.69,778.70,355.12
743.40,375.31,743.73,374.98
773.34,346.80,775.45,346.29
772.65,346.40,773.34,346.80
774.73,346.34,772.65,346.40
827.86,386.62,827.86,387.57
795.21,353.74,795.54,354.35
766.29,348.96,764.66,350.35
767.45,348.95,769.20,348.81
802.13,331.38,802.10,331.61
774.73,346.34,774.80,346.23
783.59,360.00,783.42,362.11
798.48,372.39,799.02,372.40
776.50,347.47,776.86,346.51
791.36,392.12,789.76,393.56
825.86,396.45,825.12,396.49
781.16,352.01,782.27,353.83
817.81,340.69,818.23,340.63
774.73,346.34,776.50,347.47
779.16,354.92,779.84,356.54
818.23,343.86,817.81,343.58
776.44,346.53,778.44,347.93
782.45,367.97,782.14,369.07
761.29,352.09,759.16,352.06
817.81,343.58,818.23,343.86
778.52,347.02,780.48,347.75
811.12,343.85,817.81,343.58
780.48,347.75,782.32,348.88
778.15,349.00,780.48,347.75
779.63,350.45,779.77,350.39
809.91,340.62,808.39,340.69
799.71,353.11,808.78,353.10
811.27,340.97,811.12,341.02
777.11,352.09,778.25,353.42
765.74,349.36,767.45,348.95
811.12,343.85,811.27,344.14
743.41,376.60,742.54,377.96
769.47,348.77,771.44,347.70
769.47,348.77,767.81,350.19
801.59,372.40,792.39,372.39
827.01,387.25,825.65,387.16
787.90,336.79,788.07,326.34
765.07,350.34,763.66,351.91
790.12,334.55,789.66,334.63
763.99,347.89,765.96,347.07
761.24,362.14,761.74,364.22
788.39,360.00,787.21,360.00
765.55,351.03,764.25,352.54
810.89,340.79,810.82,340.51
763.68,351.97,763.66,351.91
782.86,307.04,783.52,306.93
727.89,360.00,723.67,363.06
751.33,379.35,750.69,380.61
763.68,351.97,762.56,353.80
798.91,354.32,798.82,355.15
762.45,363.92,763.21,365.76
773.23,361.26,771.61,360.95
827.90,387.04,818.96,387.04
753.75,384.95,752.78,385.03
751.55,377.96,751.33,379.35
763.21,354.24,762.45,356.08
762.15,353.81,762.45,356.08
795.51,339.39,795.67,339.74
795.66,362.79,795.66,355.16
817.97,352.87,817.77,353.01
799.71,340.59,798.95,343.86
761.99,366.24,763.27,368.02
799.12,362.79,798.91,371.27
759.23,354.92,758.56,356.54
771.61,359.05,771.65,358.57
816.98,340.46,810.29,340.79
761.16,355.75,760.90,356.87
767.81,350.19,766.40,351.84
750.69,375.31,751.33,376.56
760.32,357.85,760.15,360.00
805.05,332.93,804.75,332.61
764.58,364.26,765.41,366.26
756.57,360.00,760.32,357.85
762.21,378.33,762.56,378.01
762.15,370.93,762.17,370.99
798.48,356.05,799.02,356.10
782.14,350.96,782.45,352.04
769.31,362.15,768.56,362.14
760.15,353.42,758.05,353.87
817.77,340.17,817.58,340.46
756.57,360.00,756.74,362.12
795.78,371.38,798.50,370.46
816.82,340.17,817.77,340.17
756.75,362.11,757.24,364.17
772.80,385.75,774.94,395.75
772.29,373.42,774.36,372.92
758.56,363.46,757.24,364.17
814.73,337.93,814.22,338.06
776.72,352.41,778.25,353.42
765.96,347.07,769.99,346.93
812.02,372.86,812.22,372.86
779.93,352.04,779.76,350.91
777.11,352.09,778.25,353.42
771.16,366.09,799.91,366.58
799.31,372.32,798.90,372.06
832.41,386.82,827.78,387.33
776.56,351.84,775.33,352.59
770.60,347.93,772.53,347.47
814.36,338.32,814.73,337.93
770.27,378.57,773.95,378.43
770.55,346.90,773.34,346.80
771.33,347.64,773.34,346.80
770.60,347.93,772.59,346.51
814.08,372.79,814.75,372.80
759.47,368.80,761.46,368.80
770.27,378.57,770.32,378.25
770.55,346.90,772.65,346.40
772.59,346.51,772.65,346.40
761.75,369.08,759.47,368.80
773.74,379.06,773.89,378.76
772.53,347.47,774.52,347.31
770.64,380.34,770.68,380.99
795.21,371.85,795.54,371.23
759.83,369.08,759.47,368.80
770.12,378.87,773.89,378.76
772.59,346.51,774.52,347.31
774.73,346.34,774.52,347.31
798.90,353.52,795.78,354.20
795.21,371.85,795.59,362.79
797.85,368.93,799.69,369.35
759.83,369.08,761.75,369.08
770.12,378.87,770.27,378.57
795.98,423.69,804.06,423.70
772.59,346.51,774.73,346.34
776.39,346.42,778.48,346.93
769.59,379.25,773.51,379.30
776.39,346.42,778.48,346.93
763.43,370.42,763.14,370.33
760.44,353.69,759.56,355.12
769.59,379.25,769.89,379.10
776.39,346.42,778.52,347.02
776.72,367.59,775.44,368.69
776.33,347.89,778.48,346.93
777.11,352.09,779.63,350.45
787.37,342.72,787.22,342.71
799.31,353.27,798.90,353.52
766.29,348.96,764.66,350.35
769.47,348.77,771.33,347.64
765.07,350.34,766.71,348.86
744.96,369.89,743.50,369.88
768.04,346.58,772.09,346.42
772.02,379.06,772.25,379.30
765.07,350.34,765.07,350.26
763.12,351.92,761.99,353.76
810.94,338.46,810.62,338.52
758.15,361.75,758.56,363.46
758.01,360.00,758.52,361.68
758.52,361.68,758.56,363.46
758.05,353.83,757.24,355.80
768.27,378.57,772.02,379.06
758.52,361.68,758.92,363.32
810.82,340.51,811.05,340.85
758.92,363.32,759.56,364.87
765.07,350.34,763.68,351.97
807.67,366.85,806.41,367.35
755.58,377.98,755.12,382.34
768.07,356.24,767.63,358.09
764.25,352.54,763.68,351.97
779.90,391.44,780.08,391.80
761.21,368.68,744.37,368.25
757.24,355.80,760.32,357.85
770.09,347.02,772.18,346.53
768.94,377.24,772.55,377.42
775.77,350.95,777.11,352.09
810.95,339.60,810.95,338.87
779.93,352.04,779.28,350.96
768.55,347.73,770.55,346.90
749.05,378.17,748.73,378.22
782.12,366.13,781.01,367.94
768.12,372.15,770.09,372.97
771.23,381.69,770.55,382.03
772.59,346.51,772.53,347.47
772.20,373.34,770.16,373.59
830.18,395.52,830.36,395.62
769.99,373.07,772.09,373.57
774.52,347.31,774.31,346.36
795.21,362.79,795.59,362.79
762.87,370.24,761.75,369.08
772.53,347.47,774.52,347.31
763.14,370.33,762.87,370.24
774.31,346.36,776.39,346.42
775.45,346.29,775.55,346.37
774.05,355.33,773.94,355.18
761.33,364.21,762.15,366.19
774.36,347.07,776.33,347.89
775.77,350.95,778.02,349.07
787.54,363.13,787.31,364.25
794.69,362.80,794.68,353.50
763.12,351.92,761.99,353.76
758.56,356.54,758.15,358.25
776.44,373.47,774.31,373.64
791.97,362.81,792.14,362.81
759.97,374.06,759.83,374.10
758.05,353.83,761.16,355.75
793.73,382.39,794.02,382.51
758.15,358.25,758.01,360.00
798.60,354.20,798.50,355.12
781.98,349.73,783.49,351.03
808.78,372.63,808.88,372.40
810.39,355.74,809.72,359.57
795.85,395.70,795.69,393.71
769.59,371.16,772.78,370.93
762.62,350.95,762.15,349.07
768.76,348.69,770.60,347.93
799.53,362.80,800.29,362.80
793.14,383.94,792.97,382.80
768.76,348.69,770.51,347.01
803.51,434.78,802.96,434.01
791.62,389.90,790.91,390.88
802.40,341.09,803.24,341.05
771.99,357.17,770.98,358.46
799.14,355.79,806.48,355.36
831.59,419.40,832.33,419.53
768.53,347.83,770.51,347.01
775.33,352.59,776.45,353.48
791.69,341.26,790.53,341.22
777.22,368.68,777.26,368.80
792.22,353.23,792.42,353.22
800.47,370.61,801.44,372.16
727.89,360.00,722.93,358.39
770.60,347.93,772.18,346.53
808.78,372.63,808.88,372.40
772.18,346.53,774.31,346.36
774.31,346.36,776.44,346.53
758.56,356.54,758.15,358.25
774.26,347.15,774.28,350.03
778.43,337.35,792.35,342.16
785.93,353.48,786.85,354.56
775.19,355.48,774.92,356.59
805.64,355.76,803.57,359.57
769.68,351.32,768.43,352.79
727.89,360.00,733.10,360.00
758.52,358.32,758.01,360.00
779.77,392.69,778.97,391.69
808.78,353.10,808.97,353.33
782.12,353.87,779.84,356.54
750.37,374.98,750.69,380.61
776.50,347.47,778.44,347.93
787.21,356.87,787.58,356.87
761.71,355.74,764.43,355.71
793.88,359.08,795.70,359.27
824.52,383.99,822.14,383.99
727.89,360.00,732.84,361.61
758.52,358.32,758.39,360.00
798.83,362.79,798.91,354.32
808.88,353.33,809.01,353.43
761.99,358.01,761.83,360.00
744.34,368.42,743.44,369.89
757.24,355.83,757.24,355.80
758.56,356.54,756.75,357.89
772.65,349.36,774.28,350.03
792.39,353.24,801.22,353.24
768.12,347.84,770.60,347.93
795.46,353.52,795.78,354.20
808.97,372.40,808.78,372.63
772.21,381.68,771.03,381.91
763.99,347.89,768.00,347.75
766.16,348.88,764.52,350.28
817.81,340.69,817.75,340.53
774.73,346.34,776.86,346.51
797.57,377.90,797.46,378.00
781.16,352.01,785.36,351.92
766.29,348.96,764.52,350.28
806.41,370.31,799.45,370.27
780.27,347.88,782.14,348.33
798.91,371.27,798.82,362.79
764.52,350.28,763.12,351.92
803.47,337.55,818.18,337.55
760.55,350.39,763.12,351.92
767.80,378.31,768.09,377.97
801.22,353.24,799.31,353.27
774.36,347.07,778.48,346.93
831.38,353.96,831.04,353.96
782.53,389.51,783.71,389.14
747.67,375.06,747.77,375.46
805.78,328.61,806.04,328.89
759.16,352.06,758.05,353.83
766.70,348.95,766.71,348.86
770.81,349.39,772.45,349.79
761.99,361.98,761.74,364.22
783.42,357.89,783.59,360.00
768.00,347.75,769.99,346.93
818.90,340.26,818.10,340.30
824.18,353.95,819.99,355.29
786.46,353.81,787.28,355.78
769.99,346.93,772.09,346.42
795.46,372.06,795.78,371.38
779.53,392.14,780.62,391.16
794.50,357.67,796.28,357.93
822.79,340.10,823.33,341.44
768.04,346.58,770.16,346.41
761.82,379.07,762.32,379.17
794.58,329.82,804.98,328.99
800.47,354.99,800.29,355.17
787.28,355.78,787.54,356.87
829.29,418.79,832.00,418.57
727.89,360.00,727.89,365.21
767.42,371.30,769.13,371.30
770.09,346.49,772.20,346.66
787.28,355.78,787.58,356.87
765.55,351.03,763.68,351.97
727.89,360.00,726.28,364.95
767.42,371.30,768.53,368.37
770.09,346.49,770.95,348.95
795.59,362.79,795.54,354.35
777.75,347.97,779.74,347.90
795.90,356.15,795.00,356.49
769.20,348.81,770.95,348.95
770.95,371.05,774.26,372.84
752.22,377.99,752.00,379.39
754.97,385.04,753.99,385.12
762.15,353.81,761.33,355.78
765.81,349.79,767.45,349.39
766.16,348.88,764.52,350.28
775.33,352.59,776.56,351.84
827.95,397.10,828.09,397.26
771.00,366.34,770.94,365.91
762.17,349.00,764.52,350.28
799.17,353.72,798.90,353.52
783.42,362.11,779.84,363.46
765.74,349.36,767.45,349.39
796.27,362.15,796.25,356.20
760.55,350.39,764.52,350.28
798.48,356.05,799.13,356.36
760.15,353.42,759.23,354.92
763.21,365.76,764.25,367.46
803.80,353.23,804.82,355.10
770.81,349.39,770.95,348.95
816.98,340.46,816.82,340.17
758.15,361.75,758.56,363.46
826.96,355.65,796.56,355.97
769.20,348.81,770.95,348.95
769.91,351.42,768.67,352.86
767.97,346.66,768.04,346.58
783.42,348.42,785.18,349.15
760.60,384.48,759.55,385.13
771.14,350.07,770.12,351.71
811.14,340.64,811.05,340.85
773.44,346.87,775.55,346.37
763.14,370.33,761.26,370.24
760.15,353.42,759.23,354.92
780.27,394.29,779.64,392.78
808.78,353.10,809.01,353.43
782.45,367.97,781.65,369.14
800.53,333.47,800.19,332.44
787.90,355.74,790.82,355.71
767.45,349.39,769.13,349.26
744.98,369.88,743.53,369.89
766.70,348.95,765.07,350.34
789.66,330.67,789.66,334.63
763.95,347.97,765.96,347.07
771.33,347.64,771.44,347.70
789.76,361.44,789.80,360.95
765.91,347.15,767.45,348.95
802.41,340.72,800.93,340.80
802.20,372.18,801.82,372.17
763.95,347.97,762.17,349.00
811.05,340.85,811.14,340.64
758.56,363.46,759.23,365.08
762.15,349.07,762.17,349.00
759.16,367.94,759.17,367.99
758.56,363.46,759.56,364.87
762.15,349.07,760.54,350.45
774.24,373.75,774.31,373.64
763.95,347.97,765.91,347.15
792.72,343.85,799.95,343.58
760.32,362.15,760.56,363.13
792.17,337.31,792.17,333.17
764.43,355.71,764.58,355.73
764.12,350.03,763.95,347.97
776.05,397.96,776.19,397.96
798.69,353.11,798.48,353.34
800.71,352.26,801.55,350.78
762.62,350.95,761.29,352.09
760.85,356.87,760.90,356.87
780.28,348.69,781.98,349.73
798.57,323.80,798.69,323.81
764.25,350.43,765.81,349.79
764.12,369.96,765.74,370.64
818.06,374.36,808.54,376.45
762.62,350.95,764.12,350.03
800.92,356.56,800.54,356.74
821.07,339.80,821.33,339.68
727.89,360.00,730.95,355.78
777.77,400.20,778.06,400.33
777.20,353.92,781.01,353.31
727.89,360.00,732.10,356.94
775.12,369.08,775.27,368.80
727.89,360.00,732.84,358.39
776.58,348.42,778.42,348.27
780.10,394.06,779.58,398.08
786.89,354.30,787.72,355.26
815.26,340.10,823.33,341.44
770.09,346.49,770.16,346.41
829.29,418.79,831.56,418.52
727.89,360.00,729.50,364.95
761.83,360.00,761.03,362.13
779.75,369.14,779.93,367.97
742.54,377.96,742.76,379.35
779.63,350.45,778.25,353.42
779.26,369.07,779.75,369.14
801.68,395.08,803.44,403.20
770.55,346.90,771.33,347.64
761.29,352.09,760.44,353.69
773.23,361.26,771.65,361.44
773.23,358.74,771.65,358.57
752.00,376.60,752.22,377.99
761.16,355.75,761.08,356.87
771.61,359.05,773.23,358.74
759.16,352.06,758.05,353.87
781.67,350.91,782.45,352.04
781.16,367.99,779.77,369.61
778.44,347.93,778.52,347.02
773.30,354.62,772.55,355.84
769.20,348.81,770.81,349.39
795.00,369.19,794.19,368.22
779.76,350.91,779.28,350.96
779.63,369.55,778.02,370.93
772.75,354.21,771.94,355.53
767.79,358.11,767.64,360.00
772.67,340.93,772.27,339.97
776.45,353.48,775.49,354.30
794.99,372.32,795.46,372.06
832.39,386.53,827.90,387.04
770.51,347.01,772.59,346.51
761.75,369.08,761.46,368.80
779.77,350.39,782.32,348.88
776.45,353.48,774.24,353.53
767.48,360.00,767.63,361.90
767.38,380.33,767.40,380.50
795.21,362.79,795.21,353.74
804.63,340.99,803.16,341.07
801.97,372.41,808.97,372.40
762.87,370.24,759.83,369.08
781.52,402.68,783.19,404.50
782.09,330.65,781.82,328.65
780.93,372.17,782.89,371.14
775.33,352.59,774.24,353.53
794.68,353.50,795.21,353.74
769.89,379.10,773.74,379.06
774.52,347.31,776.50,347.47
761.26,370.24,759.83,369.08
791.48,342.52,799.60,342.52
798.91,371.27,798.82,370.43
769.89,379.10,770.12,378.87
774.52,347.31,776.44,346.53
761.26,370.24,762.87,370.24
800.47,358.88,800.29,358.71
766.68,363.79,767.97,365.32
796.82,389.31,794.90,388.82
755.58,384.72,754.66,384.64
766.71,371.14,768.55,372.27
801.82,344.26,802.23,344.43
799.54,353.49,799.17,353.72
770.95,348.95,772.65,349.36
768.53,347.83,768.55,347.73
768.94,379.25,769.27,379.30
775.77,350.95,777.11,352.09
766.35,360.00,766.50,361.90
768.76,371.30,770.51,372.99
798.90,372.06,798.60,371.38
766.83,361.83,766.23,361.92
767.06,349.73,765.07,350.34
768.65,379.10,772.55,379.45
768.55,347.73,771.33,347.64
743.50,369.88,743.53,369.89
768.76,371.30,770.60,372.07
816.36,379.55,813.74,384.95
800.37,359.58,800.88,360.91
767.06,349.73,765.55,351.03
764.52,350.28,763.27,351.98
768.65,379.10,768.94,379.25
768.55,347.73,769.47,348.77
743.50,369.88,744.98,369.88
744.96,369.89,744.98,369.88
795.54,371.23,795.66,362.79
829.29,418.79,828.61,418.75
727.89,360.00,730.95,364.21
743.44,369.89,743.50,369.88
770.09,372.97,772.18,373.47
819.89,332.58,820.15,332.32
742.46,368.42,743.44,369.89
748.27,373.51,747.56,373.33
744.11,369.83,744.97,369.89
772.09,373.57,774.24,373.75
770.94,365.91,799.73,366.39
795.21,353.74,795.54,354.35
811.62,370.22,802.51,368.22
743.53,369.89,744.97,369.89
742.22,369.82,743.53,369.89
770.16,373.59,776.39,373.57
771.40,382.89,771.34,382.54
763.27,351.98,761.99,353.76
799.04,392.46,797.95,392.46
800.26,395.81,800.14,395.79
772.29,373.42,776.39,373.57
771.82,378.43,771.87,378.76
791.24,408.10,795.61,409.97
778.25,353.42,777.82,353.69
772.65,370.64,774.28,369.96
759.19,368.68,761.21,368.68
774.28,350.03,775.77,350.95
743.45,369.81,743.72,369.83
830.76,404.27,830.64,405.53
741.94,369.81,743.45,369.81
741.94,369.81,741.53,369.80
778.80,321.15,778.91,320.33
744.11,369.83,743.45,369.81
811.00,387.34,804.43,387.35
777.81,397.97,777.89,396.67
776.89,353.78,777.20,353.92
817.98,331.61,818.03,331.98
761.94,370.42,763.43,370.42
772.03,370.68,772.97,370.66
792.39,353.24,799.31,353.27
773.72,370.72,772.97,370.66
772.93,370.74,772.03,370.68
772.93,370.74,773.72,370.72
778.47,370.72,773.72,370.72
805.05,333.88,806.14,335.33
779.87,405.31,780.65,404.12
744.60,377.42,743.74,377.37
793.79,342.41,792.38,342.47
770.14,359.59,770.11,359.15
778.47,370.72,772.93,370.74
759.44,376.02,759.20,376.12
777.26,368.80,775.27,368.80
777.04,369.08,777.26,368.80
777.99,391.43,778.85,391.79
798.91,354.32,798.60,354.20
767.45,370.60,769.20,371.18
777.04,369.08,775.12,369.08
775.61,370.24,777.04,369.08
824.18,353.95,821.53,353.99
775.61,370.24,774.00,370.24
763.75,360.00,764.08,362.16
800.54,356.74,799.69,356.38
775.25,370.42,773.83,370.33
800.54,356.74,799.77,356.09
756.71,369.88,756.39,369.89
755.52,369.89,755.24,369.88
805.08,353.17,814.23,353.01
757.04,369.89,756.71,369.88
747.05,377.61,746.83,374.58
780.61,309.88,782.51,307.27
759.25,368.42,755.52,369.89
808.88,362.87,809.01,372.30
759.25,368.42,757.04,369.89
754.10,369.83,756.39,369.89
789.35,341.28,796.35,341.28
755.06,369.82,756.39,369.89
768.41,377.63,772.02,377.81
756.74,357.87,760.32,357.85
806.23,370.45,806.41,370.31
770.09,347.02,772.18,346.53
817.10,330.06,806.68,330.84
777.22,368.68,775.20,368.68
752.68,369.83,753.42,369.81
792.22,353.23,792.39,353.24
753.42,369.81,754.10,369.83
790.43,358.46,789.42,357.17
778.39,400.45,778.11,400.31
800.92,369.17,800.92,362.87
800.92,369.17,808.88,362.87
755.06,369.82,754.36,369.80
766.70,348.95,768.55,347.73
744.98,369.88,744.97,369.89
770.81,349.39,772.65,349.36
785.57,370.68,783.47,370.66
783.22,370.72,778.47,370.72
779.06,370.74,783.22,370.72
785.20,370.74,783.22,370.72
779.06,370.74,785.20,370.74
767.95,350.24,769.68,351.32
747.05,377.61,746.81,374.01
817.10,330.06,806.68,330.84
820.09,355.44,819.82,355.68
761.55,378.53,761.45,377.94
799.39,338.18,799.23,337.82
748.48,371.21,745.65,371.11
774.45,357.07,772.76,357.09
796.10,397.90,797.98,397.91
747.78,376.02,747.57,376.12
762.53,353.75,765.26,353.70
747.98,375.61,747.84,375.90
747.65,375.99,747.84,375.90
747.98,375.61,748.42,375.49
820.68,329.02,821.25,328.45
747.92,375.73,748.10,375.83
748.05,375.16,748.52,375.10
792.41,303.57,787.51,303.57
747.23,375.57,747.92,375.73
747.43,375.88,747.92,375.73
747.23,375.57,747.43,375.88
748.03,374.63,748.56,374.64
747.23,375.57,747.77,375.46
747.93,374.10,748.52,374.18
803.45,361.99,803.45,356.18
747.77,373.64,747.93,374.10
796.28,367.74,795.70,366.39
826.10,407.43,824.80,405.77
747.06,375.12,747.67,375.06
746.97,374.59,747.06,375.12
774.10,357.62,773.82,358.80
747.77,373.64,748.42,373.78
814.86,355.66,812.69,359.56
747.67,374.14,747.64,374.60
767.97,346.66,770.16,346.41
746.97,374.59,747.64,374.60
788.69,302.94,792.32,302.38
808.55,333.38,808.48,333.48
747.34,373.21,747.56,373.33
747.01,373.61,747.67,374.14
747.92,373.50,748.10,373.41
747.15,373.31,747.34,373.21
800.06,413.19,799.21,413.17
791.48,342.37,791.82,342.36
761.20,371.21,759.95,374.63
779.73,358.32,780.38,360.00
761.24,357.86,761.07,360.00
803.58,330.95,803.43,331.18
761.20,371.21,758.31,371.11
829.34,373.80,829.82,373.25
777.67,341.01,777.31,339.31
761.20,371.21,759.52,373.10
759.01,375.49,759.34,375.90
799.05,369.41,799.02,369.41
759.01,375.49,758.85,375.74
758.85,375.74,759.34,375.90
759.54,375.61,759.01,375.49
758.67,375.83,759.12,375.99
795.70,366.39,795.32,364.70
807.42,332.71,807.84,332.68
759.14,374.64,759.71,375.16
746.80,383.94,746.98,384.59
779.90,391.44,781.06,390.58
789.84,344.14,789.36,344.71
759.14,374.64,759.11,375.10
824.43,352.97,822.08,353.01
764.58,355.73,766.68,356.21
790.40,395.19,789.34,395.19
794.50,368.00,793.88,366.57
758.33,375.46,758.49,375.73
782.53,389.51,783.86,389.72
759.81,374.63,759.14,374.64
752.28,383.56,751.31,382.73
758.33,375.46,758.78,375.57
785.23,349.22,786.49,352.04
808.00,331.69,807.84,332.00
780.44,352.57,781.61,352.48
758.71,375.12,758.33,375.46
758.19,374.60,758.73,374.59
758.85,373.51,759.62,373.33
747.88,374.05,748.03,374.63
796.74,307.57,797.00,307.91
759.42,373.21,759.62,373.33
808.48,331.25,808.45,331.20
758.99,373.61,758.23,374.14
759.42,373.21,758.67,373.41
758.33,373.75,758.99,373.61
795.00,356.49,794.50,357.67
800.54,362.87,800.54,356.74
791.33,362.16,790.83,364.26
759.20,373.31,758.33,373.75
758.49,373.50,758.33,373.75
759.20,373.31,758.49,373.50
796.16,356.44,798.47,356.39
747.01,373.61,746.88,373.52
785.78,368.03,783.49,368.97
746.95,374.06,747.01,373.61
746.83,374.58,746.81,374.01
795.29,368.92,796.16,369.25
746.95,374.06,746.81,374.01
803.38,331.31,803.43,331.65
795.00,369.19,795.90,369.54
783.49,368.97,781.98,370.26
746.83,374.58,746.95,374.06
802.61,411.95,802.09,411.21
782.53,389.51,782.80,389.10
759.19,368.68,761.46,368.80
759.19,368.68,759.47,368.80
747.06,375.12,746.97,374.59
747.11,375.66,746.93,375.16
792.14,342.48,795.15,342.34
780.21,367.60,781.61,367.52
747.06,375.12,746.93,375.16
747.11,375.66,747.06,375.12
747.33,376.00,747.23,375.57
747.43,375.88,747.23,375.57
747.57,376.12,747.33,376.00
747.57,376.12,747.43,375.88
782.63,413.70,783.53,413.29
771.33,363.05,771.92,364.48
747.78,376.02,747.57,376.12
782.19,391.16,784.25,391.72
784.60,382.03,782.60,381.91
747.78,376.02,747.65,375.99
791.32,327.52,791.32,327.40
782.12,392.21,784.25,391.72
747.84,375.90,747.65,375.99
769.80,352.84,768.96,354.51
747.93,375.70,747.78,376.02
747.93,375.70,747.84,375.90
782.26,412.48,782.49,412.42
772.50,369.85,772.98,370.81
748.00,375.21,747.93,375.70
782.02,413.19,782.49,413.94
796.27,400.19,797.34,402.17
773.09,370.45,774.79,371.15
747.99,374.63,748.00,375.21
774.79,371.15,776.58,371.58
747.88,374.05,747.99,374.63
747.93,374.10,748.03,374.63
747.48,373.22,747.77,373.64
800.92,362.87,800.92,356.56
791.57,309.17,791.86,319.50
747.56,373.33,747.77,373.64
747.56,373.33,747.48,373.22
803.20,333.61,802.99,333.63
778.03,405.13,778.94,405.58
747.34,373.21,747.04,373.20
795.46,368.60,795.43,368.60
747.25,373.10,747.04,373.20
747.34,373.21,747.25,373.10
829.15,404.07,829.04,401.51
759.28,373.20,758.99,373.61
829.15,404.07,826.71,401.91
759.28,373.20,759.06,373.52
758.83,374.06,758.99,373.61
759.06,373.52,758.99,373.61
758.83,374.06,759.06,373.52
798.48,369.67,799.02,369.63
771.74,371.02,772.20,367.34
758.73,374.59,758.83,374.06
771.51,382.53,771.78,382.44
798.48,369.67,799.13,369.37
771.74,371.02,775.32,367.34
758.73,374.59,758.88,374.01
798.47,369.34,799.13,369.37
747.70,369.81,745.62,383.57
758.77,374.58,758.88,374.01
758.71,375.12,758.73,374.59
806.67,335.43,806.66,342.60
772.65,346.40,777.62,346.12
798.75,414.98,798.60,415.24
772.20,346.66,774.36,347.07
761.12,377.54,761.20,371.21
765.96,372.92,772.09,373.57
747.70,369.81,743.32,381.95
758.77,374.58,758.73,374.59
758.78,375.57,758.71,375.12
758.78,375.57,758.76,375.16
758.83,375.66,758.76,375.16
758.93,375.88,758.78,375.57
829.77,388.65,829.77,401.25
787.19,341.04,787.14,341.78
767.79,358.11,770.40,359.05
758.83,375.66,758.78,375.57
759.12,375.99,758.93,375.88
759.12,375.99,758.99,376.00
800.54,362.87,800.92,356.56
771.19,382.85,771.39,382.76
759.20,376.12,758.99,376.00
759.34,375.90,759.12,375.99
759.20,376.12,759.12,375.99
779.63,350.45,781.16,352.01
759.34,375.90,759.20,376.12
759.54,375.61,759.34,375.90
742.85,382.21,741.53,369.80
759.54,375.61,759.44,376.02
795.70,359.27,794.50,357.67
759.81,374.63,759.71,375.16
762.10,382.78,762.57,378.34
801.59,372.40,801.22,372.38
829.99,406.15,830.07,406.33
785.16,339.03,785.43,339.11
768.53,372.17,770.55,373.09
759.81,374.63,759.84,375.21
759.95,374.63,759.84,375.21
759.83,374.10,759.81,374.63
792.22,372.40,792.39,372.39
759.95,374.63,759.81,374.63
762.48,377.81,763.54,377.87
791.97,372.17,792.15,372.16
775.02,371.74,774.87,371.18
794.05,365.40,794.01,365.40
759.83,374.10,759.95,374.63
791.97,362.81,792.15,372.16
759.97,374.06,759.95,374.63
759.76,373.64,759.83,374.10
759.76,373.64,759.97,374.06
779.06,370.74,779.06,386.37
759.20,373.31,759.28,373.20
781.46,390.70,780.76,391.02
759.52,373.10,759.73,373.22
828.48,366.64,821.89,366.53
759.42,373.21,759.52,373.10
747.70,384.01,747.95,384.67
747.52,384.63,748.48,384.71
746.98,384.59,748.48,384.71
777.67,369.20,777.26,368.80
746.98,384.59,747.95,384.67
748.62,384.21,747.63,384.40
806.89,343.01,830.83,341.97
821.33,355.59,819.14,359.56
748.62,384.21,749.87,384.30
788.12,354.62,788.87,355.84
782.09,330.65,781.37,329.46
776.43,372.12,778.35,372.27
777.11,398.02,777.15,397.34
745.82,377.34,746.83,377.40
782.37,328.61,782.62,328.89
759.95,374.63,759.97,374.06
760.82,384.74,760.97,384.98
810.36,340.68,810.50,341.00
749.87,384.30,748.96,384.23
779.73,361.68,779.34,363.32
768.01,379.16,768.35,379.51
749.04,384.74,750.01,384.83
750.23,384.83,751.29,384.68
751.20,384.91,751.29,384.68
830.57,405.77,830.55,405.55
797.86,356.32,797.74,356.32
772.73,337.41,772.94,337.42
788.89,305.26,788.57,304.89
752.68,384.78,751.73,384.70
752.64,384.50,751.73,384.43
806.04,328.89,806.25,329.34
770.40,359.05,771.38,360.00
771.18,380.51,770.86,379.25
753.01,385.04,753.99,385.12
788.27,356.51,787.70,355.58
770.33,360.00,771.38,360.00
751.80,384.95,753.99,385.12
752.78,385.03,753.99,385.12
796.06,323.62,795.85,323.78
753.01,385.04,754.09,384.89
753.99,385.12,754.09,384.89
825.80,396.50,826.02,396.76
754.12,384.61,753.20,384.53
816.41,379.46,818.19,385.23
754.12,384.61,753.13,384.80
754.09,384.89,753.13,384.80
766.32,379.24,767.45,378.79
787.83,353.31,788.83,353.93
801.97,437.20,801.43,437.73
754.66,384.64,755.58,384.72
750.34,384.60,751.29,384.68
781.01,395.66,780.60,394.70
794.10,382.84,790.31,385.75
754.12,384.61,755.58,384.72
799.14,355.79,799.14,358.08
781.01,395.66,779.28,394.33
794.10,382.84,794.34,382.99
801.51,360.91,800.51,365.78
754.72,385.16,755.71,385.25
754.65,384.92,755.71,385.25
754.65,384.92,755.61,385.00
778.72,371.65,799.73,369.85
809.60,368.37,808.86,366.42
799.65,338.06,799.31,337.93
748.41,377.69,747.78,376.02
755.95,385.26,756.94,385.34
789.92,398.81,788.81,400.73
757.93,385.26,757.04,385.10
758.88,383.56,758.37,382.63
801.44,372.16,799.54,372.10
756.94,385.34,757.04,385.10
746.98,384.59,747.95,384.67
756.16,384.75,758.53,384.93
797.98,343.37,795.15,342.34
757.09,384.83,758.53,384.93
778.80,320.32,778.91,320.33
756.16,384.75,757.09,384.83
828.17,349.22,829.59,350.99
758.58,385.22,758.67,385.47
808.78,372.63,799.77,372.40
772.18,346.53,774.24,346.25
742.22,369.82,744.11,369.83
778.07,386.28,779.06,386.37
741.53,369.80,744.11,369.83
777.75,386.88,779.06,386.37
798.48,372.39,799.02,369.63
776.87,320.33,776.73,320.39
778.81,386.97,779.06,386.37
819.13,368.48,818.35,366.48
758.23,374.14,758.19,374.60
759.41,369.48,759.06,369.20
817.21,330.41,817.02,330.39
758.78,369.07,759.47,368.80
767.42,365.57,768.43,367.21
744.86,377.94,745.12,382.20
749.30,383.97,750.42,384.33
759.19,368.68,759.47,368.80
787.88,348.91,788.02,348.93
759.41,369.48,759.06,369.20
829.67,400.67,830.38,402.41
806.78,344.55,806.77,345.79
784.39,342.24,784.28,341.71
768.23,356.26,770.98,358.46
783.19,404.50,785.86,403.71
783.58,357.87,787.45,357.85
807.72,381.44,809.19,381.52
759.83,369.08,759.47,368.80
792.35,342.16,778.40,342.13
761.94,370.42,762.08,371.65
761.60,370.33,761.59,371.42
761.94,370.42,761.60,370.33
778.03,405.13,778.87,405.37
778.29,327.72,778.74,327.87
743.50,369.88,743.65,371.05
743.53,369.89,743.65,371.05
743.50,369.88,743.53,369.89
792.49,342.40,792.48,342.36
746.60,383.77,747.72,384.14
743.31,377.56,743.63,377.51
770.25,378.33,769.82,378.47
777.82,398.24,777.63,396.17
778.03,405.13,777.98,404.93
743.50,369.88,743.50,370.83
743.44,369.89,743.50,369.88
830.34,394.29,830.36,395.62
778.22,333.32,778.32,333.12
765.07,369.73,769.47,371.23
798.75,414.98,798.41,414.57
783.37,418.83,783.73,418.87
743.50,370.83,743.65,371.05
745.14,370.75,745.42,370.89
798.74,414.09,798.01,413.30
745.42,370.89,745.65,371.11
798.38,413.77,797.68,413.27
748.22,370.98,745.42,370.89
745.46,382.02,745.67,382.35
751.41,371.30,748.48,371.21
776.58,348.42,776.59,348.01
776.86,373.49,774.80,373.77
751.12,371.08,748.22,370.98
798.24,414.92,797.45,415.23
792.16,328.35,792.02,328.22
761.26,371.27,759.41,369.48
789.87,400.73,788.83,401.31
761.26,371.27,761.26,370.24
772.20,373.34,774.36,372.92
744.96,383.49,746.26,384.24
802.62,331.87,802.41,331.87
742.07,368.80,743.44,369.89
778.91,319.51,778.80,319.50
794.05,332.67,793.47,333.02
743.12,377.21,744.09,377.26
743.12,377.21,743.65,371.05
761.99,366.24,763.12,368.08
767.17,378.24,767.26,377.64
810.64,391.57,811.12,392.09
745.65,371.11,743.65,371.05
751.41,371.30,762.08,371.65
800.46,412.50,799.56,411.98
751.12,371.08,751.41,371.30
768.35,376.99,767.54,377.10
773.23,358.74,773.82,358.80
751.12,371.08,761.59,371.42
791.32,342.56,791.48,342.37
742.45,368.25,742.07,368.80
742.46,368.42,742.07,368.80
742.45,368.25,742.46,368.42
742.45,368.25,742.06,368.63
785.55,323.64,784.07,320.03
759.19,368.68,742.45,368.25
820.40,328.22,810.38,329.01
783.41,437.20,784.08,437.73
777.92,353.15,776.89,353.78
745.72,384.20,746.80,383.94
745.62,383.57,746.80,383.94
771.36,350.18,772.50,350.15
782.32,390.20,784.04,390.59
745.62,383.57,745.72,384.20
784.91,417.04,785.12,417.06
787.43,303.99,788.33,306.23
785.74,439.72,785.64,439.67
772.98,349.19,771.36,350.18
744.41,382.87,745.62,383.57
745.72,384.20,746.98,384.59
744.96,383.49,746.26,384.24
778.78,327.52,778.70,327.40
744.42,383.45,746.26,384.24
745.72,384.20,746.26,384.24
744.42,383.45,745.72,384.20
803.26,332.21,803.43,332.04
795.28,352.83,795.75,354.33
743.32,381.95,744.41,382.87
803.58,332.30,803.43,332.04
743.18,382.49,744.41,382.87
828.01,401.73,825.86,401.73
803.58,332.30,803.74,331.98
795.75,354.33,771.86,354.33
743.18,382.49,744.42,383.45
783.04,435.96,783.45,435.62
782.24,348.46,782.04,348.84
729.01,368.98,731.14,366.43
746.46,383.38,746.63,383.16
799.30,358.35,799.39,358.73
744.96,383.49,743.71,382.53
743.96,382.36,743.71,382.53
746.47,382.29,746.90,382.11
743.39,382.24,743.96,382.36
792.02,328.22,792.10,328.18
742.85,382.21,743.39,382.24
743.71,382.53,743.39,382.24
742.85,382.21,743.71,382.53
770.25,382.40,769.82,382.27
822.98,355.60,822.26,359.55
791.32,342.56,791.32,342.69
746.40,384.02,746.26,384.24
746.40,384.02,744.96,383.49
746.40,384.02,745.13,383.29
743.80,382.11,743.96,382.36
774.24,370.78,776.00,371.51
787.46,369.76,785.82,371.16
780.30,310.51,785.04,309.86
803.67,353.78,804.58,357.86
831.52,352.32,831.70,352.83
831.14,368.74,831.07,368.83
795.88,345.48,803.99,346.37
796.00,339.75,799.12,339.58
755.04,384.21,753.75,383.22
743.32,381.95,741.53,369.80
794.56,335.39,794.56,330.84
798.12,356.42,797.33,362.29
782.05,400.61,782.13,398.28
745.13,383.29,743.96,382.36
797.60,380.88,798.13,380.88
784.05,427.12,784.58,427.63
781.85,423.28,781.78,423.72
778.02,370.93,776.22,372.03
825.19,367.38,826.35,367.52
745.13,383.29,744.44,382.26
803.34,430.83,803.37,431.32
768.93,366.89,770.12,368.29
791.53,347.55,788.44,347.65
745.39,383.07,744.44,382.26
743.31,377.92,743.80,382.11
744.23,381.94,744.44,382.26
743.80,382.11,743.39,382.24
742.93,377.90,743.39,382.24
795.81,339.64,796.32,339.51
778.08,333.79,778.22,333.32
742.93,377.90,743.39,382.24
742.93,377.90,742.85,382.21
741.53,369.80,742.85,382.21
742.93,377.90,741.53,369.80
746.40,384.02,747.63,384.40
746.40,384.02,747.72,384.14
743.71,382.53,744.96,383.49
792.49,342.40,796.72,342.34
746.60,383.77,746.40,384.02
745.13,383.29,746.40,384.02
805.51,328.53,805.73,329.47
743.71,382.53,744.42,383.45
776.66,344.44,776.53,344.40
825.02,365.04,799.91,364.73
746.63,383.16,744.44,382.26
786.48,366.24,785.35,368.02
743.63,377.87,745.46,382.02
773.78,332.41,774.46,332.41
745.46,382.02,745.28,382.45
827.11,400.32,834.18,403.22
743.31,377.56,743.31,377.92
747.70,369.81,743.72,369.83
743.63,377.51,743.31,377.56
771.18,358.30,771.92,358.73
743.63,377.87,743.63,377.51
747.04,373.20,746.88,373.52
805.08,327.67,805.17,327.80
747.85,383.86,748.96,384.23
747.72,384.14,748.96,384.23
746.60,383.77,747.72,384.14
804.66,330.06,794.56,330.84
776.86,400.19,777.14,397.94
747.85,383.86,746.60,383.77
747.85,383.86,746.63,383.16
745.28,382.45,745.67,382.35
826.08,402.07,826.20,401.44
803.03,328.73,803.37,327.95
744.75,377.57,744.86,377.94
744.90,382.34,745.21,382.63
743.63,377.87,744.23,381.94
745.12,382.20,745.46,382.02
750.60,384.06,750.42,384.33
777.54,399.00,777.11,398.02
744.63,377.99,745.12,382.20
744.75,377.57,744.60,377.42
743.63,377.51,744.75,377.57
742.93,377.90,743.31,377.92
747.94,382.82,747.65,382.51
747.85,383.86,748.97,384.50
746.63,383.16,747.85,383.86
800.03,358.30,800.12,358.70
745.13,383.29,743.96,382.36
747.73,384.11,746.46,383.38
784.23,324.37,801.30,324.37
745.21,382.63,745.28,382.45
746.46,383.38,745.21,382.63
793.02,396.58,793.93,396.68
746.46,383.60,745.21,382.63
744.75,377.57,744.86,377.94
744.51,377.63,744.75,377.57
744.63,377.99,744.51,377.63
745.98,377.70,746.30,377.66
760.15,353.42,759.16,352.06
746.30,378.02,745.98,377.70
789.88,335.46,789.66,334.63
744.63,377.99,745.12,382.20
790.68,321.12,790.98,321.15
744.43,377.98,744.90,382.34
752.71,382.49,751.47,383.45
745.12,382.20,744.90,382.34
745.98,378.07,745.62,378.04
786.75,383.56,781.80,383.43
767.28,371.38,766.32,379.24
772.01,336.00,772.42,335.80
744.34,377.47,744.51,377.63
743.43,377.42,743.74,377.37
713.49,366.53,715.85,368.86
744.34,377.47,743.43,377.42
742.96,377.40,743.31,377.56
805.08,337.38,805.31,336.83
777.53,352.82,778.70,352.33
771.92,337.37,772.32,337.39
747.77,384.35,748.97,384.50
771.78,378.38,772.02,378.69
831.29,355.48,829.02,359.55
747.73,384.11,746.46,383.38
747.73,384.11,747.77,384.35
794.10,382.84,794.12,382.72
792.17,333.17,792.17,328.36
746.39,382.71,745.21,382.63
792.17,333.17,791.85,328.39
747.64,383.68,746.39,382.71
783.91,327.20,784.11,327.18
753.52,384.27,754.66,384.64
794.56,330.84,794.17,335.51
746.47,382.29,745.98,378.07
771.23,379.16,770.85,379.81
776.86,400.19,776.78,400.13
746.30,378.02,745.98,378.07
748.73,377.85,748.73,378.22
746.30,378.02,747.49,377.72
747.49,377.72,747.33,377.56
746.30,377.66,747.49,377.72
799.78,338.32,799.65,338.06
754.72,385.16,755.71,385.25
745.64,377.54,745.98,377.70
799.78,338.32,799.31,337.93
806.20,357.07,806.14,357.36
754.72,385.16,756.94,385.34
825.40,395.15,825.33,394.77
719.05,349.44,715.95,351.02
805.70,332.88,805.38,333.02
744.30,377.47,744.43,377.98
719.01,350.51,722.09,350.02
800.95,337.57,805.21,337.32
745.62,378.04,745.98,378.07
769.69,381.00,769.41,381.52
802.92,354.37,803.26,354.37
797.10,337.39,797.21,335.80
793.23,331.42,792.91,331.25
753.01,385.04,753.99,385.12
777.16,398.72,777.54,399.00
768.53,372.17,768.55,372.27
755.61,385.00,754.66,384.64
744.43,377.98,744.90,382.34
773.18,341.53,772.67,340.93
744.34,377.47,743.43,377.42
744.09,377.26,743.12,377.21
826.32,397.71,830.03,397.73
805.81,329.52,806.39,329.84
748.96,384.44,750.23,384.83
826.32,397.71,830.16,397.71
748.96,384.44,749.04,384.74
747.77,384.35,749.04,384.74
778.43,337.35,778.46,332.49
748.96,384.44,747.77,384.35
748.96,384.44,746.46,383.60
747.64,383.68,746.46,383.60
748.96,384.44,747.64,383.68
746.30,378.02,747.60,378.09
753.20,384.53,754.66,384.64
797.35,389.14,796.06,388.85
784.50,426.45,784.44,426.89
808.48,381.21,808.25,381.44
767.95,369.76,769.68,368.67
747.23,377.77,747.49,377.72
782.46,432.03,782.82,431.32
798.59,389.72,799.75,390.59
784.44,425.99,784.50,426.45
769.47,371.23,769.59,371.16
747.33,377.56,746.41,377.51
747.33,377.56,746.10,377.56
747.07,377.61,746.10,377.56
783.06,436.45,783.41,437.20
802.78,349.44,795.53,348.68
783.88,426.82,783.82,426.36
794.89,341.47,795.70,342.71
772.18,373.47,774.52,372.69
756.36,378.02,756.72,377.70
745.62,378.04,744.43,377.98
783.23,418.08,783.06,418.34
772.55,355.84,773.52,357.51
796.18,339.25,796.13,338.89
744.30,377.47,745.62,378.04
745.64,377.54,744.30,377.47
749.10,384.21,750.34,384.60
750.23,384.83,750.34,384.60
749.10,384.21,750.23,384.83
748.96,384.44,750.23,384.83
748.96,384.44,749.10,384.21
747.64,383.68,748.96,384.44
746.64,382.54,747.11,382.45
792.49,345.79,790.31,344.88
748.07,383.26,746.64,382.54
747.35,378.14,747.23,377.77
775.45,346.29,777.70,346.20
747.05,377.61,747.23,377.77
747.35,378.14,747.05,377.61
747.18,378.12,747.05,377.61
747.35,378.14,747.18,378.12
747.07,377.61,746.10,377.56
747.07,377.61,745.82,377.34
747.07,377.61,746.83,377.40
749.30,383.97,750.42,384.33
796.72,332.37,797.17,332.65
749.10,384.21,750.34,384.60
756.01,382.71,756.11,382.29
747.82,383.48,748.07,383.26
747.82,383.48,749.30,383.97
749.10,384.21,749.30,383.97
747.82,383.48,749.10,384.21
749.95,377.77,750.21,377.71
789.28,365.57,788.28,367.21
748.41,382.53,748.20,382.20
821.65,376.83,821.65,379.59
766.35,360.00,766.50,361.90
746.63,383.16,745.67,382.35
769.24,378.95,769.38,379.66
756.36,378.02,756.47,377.66
747.85,382.39,748.20,382.20
750.52,384.55,751.80,384.95
787.44,369.81,785.78,371.23
747.85,382.39,747.35,378.14
750.52,384.55,753.01,385.04
747.85,382.39,747.18,378.12
768.43,372.69,772.35,372.07
750.42,384.33,751.73,384.43
750.60,384.06,749.30,383.97
750.60,384.06,748.07,383.26
749.38,383.35,748.07,383.26
750.60,384.06,749.38,383.35
749.38,383.35,748.41,382.53
749.20,383.58,748.41,382.53
761.16,355.75,761.33,355.78
748.01,382.63,747.85,382.39
770.70,360.59,771.40,360.51
790.83,393.56,789.76,393.56
793.35,362.82,793.01,362.82
779.04,352.68,779.29,352.85
747.65,382.51,747.85,382.39
818.06,332.55,818.37,332.71
781.63,348.05,781.50,349.85
747.05,377.61,747.18,378.12
818.03,331.98,818.06,331.97
748.41,377.69,748.38,378.19
751.73,384.70,751.73,384.43
811.56,351.58,815.28,355.20
750.60,384.06,751.73,384.70
750.48,384.31,751.73,384.70
749.38,383.35,750.60,384.06
749.20,383.58,749.38,383.35
747.94,382.82,748.01,382.63
748.85,382.59,747.65,382.51
801.08,340.81,808.87,342.10
743.39,382.24,743.71,382.53
748.38,378.19,747.18,378.12
830.76,404.27,830.29,404.96
809.77,349.85,810.49,350.63
748.41,377.69,748.38,378.19
748.73,377.85,749.05,377.80
750.48,384.31,751.73,384.70
749.20,383.80,749.20,383.58
746.08,382.41,745.98,378.07
750.52,384.55,749.20,383.80
742.93,377.90,743.80,382.11
775.48,343.45,775.86,342.76
749.14,382.90,747.65,382.51
799.16,343.11,799.92,342.19
748.59,377.49,748.41,377.69
748.73,378.22,748.73,377.85
750.21,377.71,749.16,377.66
749.95,377.77,748.85,377.71
749.20,383.80,747.94,382.82
750.40,383.88,747.94,382.82
749.14,382.90,747.94,382.82
804.54,360.71,802.70,360.71
749.14,382.90,748.85,382.59
749.23,382.48,749.05,378.17
749.95,377.77,748.85,377.71
830.69,352.87,828.27,352.91
787.62,360.00,787.45,362.15
749.95,377.77,748.59,377.49
750.11,377.93,750.37,377.87
750.11,377.93,750.21,377.71
800.06,332.30,798.68,332.10
751.73,384.64,750.52,384.55
750.40,383.88,749.39,382.73
808.19,439.60,807.87,440.40
786.48,366.24,785.36,368.08
824.76,406.18,824.89,406.14
753.43,384.76,754.72,385.16
750.11,377.93,749.95,377.77
750.49,378.25,750.37,377.87
799.54,353.49,799.17,353.72
750.73,382.58,751.09,382.39
791.91,333.27,791.67,333.02
743.31,377.56,742.93,377.90
750.23,378.30,750.11,377.93
795.28,382.24,795.63,381.87
751.87,384.41,753.13,384.80
751.73,384.64,753.01,385.04
784.60,382.03,782.60,381.91
750.58,383.67,751.87,384.41
750.58,383.67,751.73,384.64
750.58,383.67,750.40,383.88
750.23,378.30,749.95,377.76
745.21,382.63,744.90,382.34
752.07,384.17,753.20,384.53
746.39,382.71,746.08,382.41
796.53,335.80,797.21,335.80
751.87,384.41,753.13,384.80
750.58,383.67,750.84,383.46
750.58,383.67,752.07,384.17
751.31,382.73,751.09,382.39
750.90,382.83,751.09,382.39
750.90,382.83,750.73,382.58
749.05,378.17,749.05,377.80
811.01,339.39,811.09,339.64
769.89,377.39,773.21,377.42
749.05,378.17,750.37,377.87
769.89,377.39,769.59,377.24
810.14,376.49,810.54,379.06
749.95,377.76,751.31,378.34
826.14,402.48,825.31,402.40
742.85,382.21,743.32,381.95
799.46,339.12,799.39,339.18
751.34,377.84,749.95,377.76
751.64,378.01,751.76,377.86
801.34,334.85,800.80,334.70
751.34,377.84,751.52,377.64
748.56,374.64,748.52,375.10
759.11,375.10,759.54,375.61
807.58,333.02,808.00,332.98
752.89,377.92,752.67,377.69
747.43,375.88,747.65,375.99
756.33,384.74,757.61,385.13
753.03,378.08,752.86,377.92
718.90,349.59,722.28,349.05
744.51,377.63,744.30,377.47
774.21,384.07,772.03,370.68
773.47,384.18,772.03,370.68
794.56,330.84,794.56,335.39
746.47,382.29,746.30,378.02
829.76,392.15,829.97,392.13
753.52,384.27,753.20,384.53
753.52,384.27,750.84,383.46
824.90,404.27,824.78,405.53
809.54,332.02,809.93,332.00
748.42,373.78,747.93,374.10
782.10,352.86,783.25,352.58
752.10,383.78,751.31,382.73
744.43,377.98,745.12,382.20
787.45,357.85,787.23,357.85
750.56,382.70,751.79,382.78
750.09,378.28,750.56,382.70
787.72,364.22,786.90,366.20
753.03,378.08,753.28,378.03
782.22,332.84,782.41,332.86
753.12,377.87,752.09,377.81
770.87,356.20,768.53,368.37
783.06,436.45,783.42,435.74
785.05,430.42,785.11,430.88
785.82,365.76,784.78,367.46
795.80,325.35,795.60,325.49
751.97,378.33,751.97,377.96
751.31,378.34,751.34,377.84
752.08,381.95,753.46,369.81
788.83,366.07,787.83,366.69
751.64,378.01,751.34,377.84
805.80,344.01,795.88,345.48
806.42,355.15,806.78,355.26
751.97,378.33,751.64,378.01
751.31,378.34,751.64,378.01
801.97,372.41,801.59,372.40
756.26,371.05,756.39,369.89
751.64,378.38,751.64,378.01
797.98,342.19,798.66,342.19
753.15,378.46,753.03,378.08
794.72,378.33,795.18,378.47
725.40,370.02,727.96,368.07
772.03,370.68,753.03,378.43
826.45,394.29,826.39,393.88
811.10,356.22,811.10,359.33
772.03,370.68,773.47,384.18
781.01,353.31,780.01,353.93
796.06,323.62,795.60,323.72
753.39,384.52,753.52,384.27
753.39,384.52,752.28,383.56
786.48,353.76,787.31,355.75
752.10,384.00,750.83,383.02
826.14,402.48,825.31,402.40
802.87,329.74,803.08,328.80
802.55,369.99,811.77,370.54
797.14,356.33,798.22,356.33
750.83,383.02,750.56,382.70
796.63,324.00,796.28,323.74
753.15,378.46,753.03,378.08
758.54,370.89,756.71,370.83
758.31,371.11,756.26,371.05
757.58,377.56,757.69,377.72
782.46,389.87,781.13,390.67
773.60,384.58,753.50,382.89
773.47,384.18,753.50,382.89
761.46,370.98,758.54,370.89
773.60,384.58,773.47,384.18
808.37,353.04,808.91,353.17
741.63,374.89,741.74,380.73
808.25,353.18,808.91,353.17
773.60,384.58,775.43,385.10
795.43,357.07,795.59,357.07
776.76,385.87,778.07,386.28
777.75,386.88,778.07,386.28
795.43,357.07,795.59,368.61
776.76,385.87,777.75,386.88
750.11,377.93,749.73,377.54
753.43,384.76,754.65,384.92
795.78,324.08,795.69,324.15
753.39,384.52,752.10,383.78
749.05,378.17,749.05,377.80
753.39,384.52,752.10,384.00
752.58,382.49,751.97,378.33
752.10,384.00,750.83,383.02
754.01,382.59,751.97,378.33
795.71,357.07,796.79,357.07
753.32,384.09,750.83,383.02
795.71,357.07,796.79,368.61
753.32,384.09,752.05,383.10
801.13,324.14,801.44,324.43
759.60,368.25,759.25,368.42
747.43,375.88,747.33,376.00
779.73,336.99,790.12,344.31
754.36,369.80,753.46,369.81
752.09,382.67,751.64,378.38
785.56,323.87,799.20,323.87
777.62,369.07,777.22,368.68
753.39,378.41,753.28,378.03
794.67,382.24,794.26,383.18
829.75,369.53,831.02,369.67
783.12,389.00,781.83,389.81
775.09,342.13,775.69,341.36
821.15,370.47,821.30,370.79
786.48,381.85,784.51,381.74
747.84,375.90,747.78,376.02
786.77,389.31,788.64,390.09
753.02,381.94,753.36,382.11
802.32,432.06,802.66,432.11
753.65,382.78,753.39,378.41
783.53,388.87,783.60,388.85
750.17,384.20,748.60,383.94
753.82,383.03,753.50,382.89
747.99,374.63,748.05,375.16
754.05,377.90,753.04,382.21
771.65,361.44,771.98,362.84
803.24,366.23,802.84,368.13
774.95,385.63,773.60,384.58
794.77,379.17,794.90,379.77
760.33,382.83,760.49,382.58
795.71,324.65,795.63,324.65
776.38,386.45,774.95,385.63
760.33,382.83,760.86,382.70
776.38,386.45,775.43,385.10
785.58,350.72,786.33,349.89
752.80,382.83,752.58,382.49
776.38,386.45,757.68,385.38
754.66,384.85,753.43,384.76
754.66,384.85,752.10,384.00
829.15,404.07,826.36,406.64
752.80,382.83,752.58,382.49
752.80,382.83,752.09,382.67
752.30,382.93,752.09,382.67
754.01,382.59,753.39,378.41
749.23,382.48,748.73,378.22
753.65,382.78,754.01,382.59
753.82,383.03,753.65,382.78
752.30,382.93,752.09,382.67
826.01,379.71,825.90,381.12
755.03,383.99,753.82,383.03
768.23,356.26,767.79,358.11
804.93,355.30,805.03,355.15
767.26,356.37,766.50,358.10
776.38,386.45,756.38,384.98
756.38,384.98,757.68,385.38
800.22,367.30,800.29,366.89
764.12,350.03,762.15,349.07
792.17,337.31,791.60,333.85
764.43,355.71,763.92,357.83
781.41,352.31,782.62,352.40
750.83,383.02,750.56,382.70
756.38,384.98,757.61,385.13
828.48,366.64,829.43,367.98
783.78,319.76,783.92,319.92
753.51,383.88,754.81,384.63
828.48,366.64,829.30,368.69
753.51,383.88,754.66,384.85
753.78,383.66,752.30,382.93
814.88,339.12,814.36,339.05
778.02,349.07,778.15,349.00
774.28,350.03,775.77,350.95
830.21,352.80,829.93,354.10
774.19,380.43,770.85,380.43
786.33,349.89,774.78,350.20
753.51,383.88,752.30,382.93
756.33,384.74,755.03,383.99
756.33,384.74,755.04,384.21
756.45,384.48,757.61,385.13
778.25,366.57,776.72,367.59
785.80,323.78,798.78,323.78
754.81,384.63,756.07,385.02
753.51,383.88,753.78,383.66
753.51,383.88,755.02,384.38
778.81,386.97,758.67,385.47
753.78,383.66,752.80,382.83
755.20,383.76,754.22,382.93
755.20,383.76,756.45,384.48
755.03,383.99,755.20,383.76
756.33,384.74,755.03,383.99
755.02,384.38,756.16,384.75
779.60,370.14,779.60,369.13
756.16,384.75,757.60,384.85
756.45,384.48,753.78,383.66
774.59,360.92,774.31,360.91
748.60,383.94,747.70,384.01
774.59,360.92,776.61,360.92
804.42,324.16,801.44,324.43
748.60,383.94,747.95,384.67
792.97,382.80,793.39,382.67
748.91,384.59,748.48,384.71
749.45,384.63,748.48,384.71
749.45,384.63,748.58,384.48
749.52,384.40,748.58,384.48
770.94,365.91,770.56,360.75
756.39,369.89,756.26,371.05
764.43,364.29,765.41,366.26
747.04,373.20,747.15,373.31
755.06,369.82,756.39,369.89
762.53,366.25,766.40,368.16
803.08,353.39,803.67,353.78
778.51,394.58,779.00,394.01
788.12,354.62,789.48,355.53
767.68,365.51,767.97,365.32
785.18,349.15,786.81,350.15
763.22,377.94,761.98,377.04
830.33,396.09,830.16,396.14
749.52,384.14,748.62,384.21
763.22,377.94,762.32,376.70
796.12,333.77,796.61,333.98
749.52,384.14,749.87,384.30
830.28,396.04,830.33,396.09
750.78,384.23,749.87,384.30
788.85,351.84,788.87,351.89
804.93,332.40,805.19,332.69
766.08,360.00,766.83,361.83
801.51,331.62,802.10,331.61
773.96,355.35,772.13,360.71
814.78,372.82,817.07,372.89
827.70,396.83,827.81,397.47
779.74,372.10,780.55,370.22
803.44,327.26,803.94,327.04
791.32,327.52,778.78,327.52
750.98,384.74,750.01,384.83
779.74,372.10,781.50,370.14
803.44,327.26,804.14,327.07
791.32,327.52,791.48,327.67
750.98,384.74,751.20,384.91
752.17,384.83,751.20,384.91
751.33,384.41,750.42,384.33
798.88,333.73,799.43,333.05
771.91,371.89,775.02,371.74
752.24,384.60,751.29,384.68
798.88,333.73,798.66,332.41
771.91,371.89,771.90,371.74
752.24,384.60,751.33,384.41
769.62,380.35,769.29,379.24
798.03,333.18,798.66,332.41
752.24,384.33,751.33,384.41
779.93,367.97,781.19,368.07
794.12,350.20,795.07,351.45
752.24,384.33,751.33,384.41
791.34,308.40,791.52,308.76
753.64,384.70,752.68,384.78
792.90,344.05,793.63,344.94
753.64,384.70,752.78,385.03
804.05,360.91,809.74,360.95
779.59,395.51,779.89,396.24
823.85,373.23,827.14,373.23
775.89,325.21,776.06,325.60
770.78,380.49,771.18,380.51
796.28,325.44,796.20,325.73
754.97,385.04,753.99,385.12
754.09,384.89,753.99,385.12
800.60,394.70,799.52,398.08
789.39,345.90,788.72,346.96
785.18,351.23,784.87,351.84
831.78,365.72,831.80,365.81
808.81,333.48,809.14,333.31
755.04,384.80,754.09,384.89
830.11,351.61,830.82,353.03
755.04,384.53,754.12,384.61
766.23,361.92,766.68,363.79
755.58,384.72,754.12,384.61
755.61,385.00,755.58,384.72
798.44,401.45,800.34,402.52
756.58,384.92,755.61,385.00
756.58,384.92,755.71,385.25
800.77,392.31,799.33,391.26
758.01,385.02,757.04,385.10
831.49,431.10,831.85,432.23
779.95,396.71,780.01,396.74
804.62,355.56,804.71,355.29
784.99,320.41,784.81,319.69
782.49,305.10,782.85,304.77
782.86,333.95,782.88,333.82
758.02,384.75,757.09,384.83
768.43,367.21,768.93,366.89
791.69,358.11,791.83,360.00
804.86,327.47,805.27,327.91
758.02,384.75,757.09,384.83
797.23,340.89,795.78,340.96
775.29,397.91,775.35,397.91
804.86,327.47,804.72,327.47
795.70,366.39,795.32,364.70
775.32,367.34,772.20,367.34
759.46,384.85,758.53,384.93
779.65,395.34,779.64,392.78
824.58,403.77,829.38,404.12
804.89,327.65,805.44,328.44
780.70,369.20,781.19,368.07
759.46,384.85,758.53,384.93
792.69,331.30,792.22,331.30
801.37,372.39,799.11,370.13
807.70,347.73,807.08,348.76
759.46,384.85,758.58,385.22
791.85,341.77,791.65,342.26
759.55,385.13,758.67,385.47
822.44,355.59,821.72,359.57
791.70,341.75,791.65,342.26
759.67,385.38,758.67,385.47
759.67,385.38,758.67,385.47
810.07,355.41,810.20,355.46
779.86,386.88,778.81,386.97
779.86,386.88,778.81,386.97
818.80,330.52,819.15,330.47
779.86,386.88,779.06,386.37
824.72,383.76,824.08,383.94
805.49,422.37,804.38,423.16
827.59,352.77,824.30,352.77
824.10,352.76,828.15,352.76
778.57,324.33,778.33,324.66
775.25,370.42,775.37,370.33
811.17,338.03,811.01,338.40
792.07,440.03,786.67,426.13
784.00,349.19,785.31,350.51
798.90,353.52,798.60,354.20
775.50,399.99,775.84,401.83
802.20,372.18,808.97,372.40
762.17,349.00,766.16,348.88
782.65,389.34,781.00,390.42
775.25,370.42,775.36,371.42
788.87,351.89,788.28,352.79
753.78,383.66,752.80,382.83
756.71,370.83,756.26,371.05
787.07,302.38,783.49,302.94
746.95,374.06,747.64,374.60
790.68,321.12,790.68,320.30
830.74,352.85,830.70,354.15
827.64,396.15,834.22,396.73
750.64,383.77,749.52,384.14
757.04,369.89,756.71,369.88
774.36,380.06,774.36,380.62
799.18,340.53,799.08,340.30
776.50,347.47,778.95,347.01
776.66,320.87,776.53,344.40
758.31,371.11,756.71,370.83
797.17,332.65,797.48,331.43
787.21,360.00,787.05,361.98
792.07,440.03,787.62,424.38
786.48,366.24,785.36,368.08
758.81,370.75,758.54,370.89
802.20,353.45,808.97,353.33
792.79,340.85,792.45,340.64
746.20,381.94,744.93,382.32
778.44,347.93,780.50,347.84
771.18,359.64,771.09,360.09
775.89,325.21,776.08,325.13
761.20,371.21,758.54,370.89
807.94,367.45,807.86,367.03
761.20,371.21,758.31,371.11
778.92,392.70,780.08,391.80
747.34,373.21,748.10,373.41
764.18,371.30,761.46,370.98
807.94,367.45,806.48,367.70
761.20,371.21,761.46,370.98
775.05,395.84,774.94,395.75
749.04,384.74,751.20,384.91
782.20,320.08,782.37,320.03
753.04,382.21,752.71,382.49
764.18,371.30,761.20,371.21
801.82,372.17,801.44,372.16
810.95,338.87,810.57,338.89
771.14,350.07,769.68,351.32
792.32,344.14,792.72,343.85
747.41,381.33,746.32,382.10
779.77,350.39,781.16,352.01
812.08,353.12,815.41,353.12
777.04,369.08,775.61,370.24
789.76,349.79,791.33,348.81
775.60,371.27,777.04,369.08
761.29,352.09,760.15,353.42
775.60,371.27,777.45,369.48
802.14,325.32,802.70,325.83
750.71,384.24,749.52,384.40
781.62,332.61,781.37,331.95
759.63,368.80,757.04,369.89
826.23,397.17,826.19,397.10
759.63,368.80,757.04,370.69
758.67,373.41,758.85,373.51
758.31,371.11,756.26,371.05
753.04,382.21,752.08,381.95
764.18,371.30,761.30,377.76
825.99,398.78,829.88,398.78
715.85,368.86,718.89,370.02
782.37,328.61,782.51,328.36
764.28,377.92,785.57,370.68
775.36,371.42,775.13,371.65
828.59,344.21,827.76,345.53
796.18,339.25,795.62,338.90
744.30,377.47,744.43,377.98
775.60,371.27,775.36,371.42
799.34,340.46,799.41,340.17
763.21,354.24,761.74,355.78
723.67,356.94,722.93,358.39
759.60,368.25,759.63,368.80
759.99,368.63,759.63,368.80
798.91,371.27,798.50,370.46
785.36,351.92,786.48,353.76
800.36,340.17,799.95,340.46
761.33,355.78,761.08,356.87
777.62,369.07,759.60,368.25
754.76,377.42,754.88,377.57
750.99,382.87,749.79,383.57
759.83,374.10,759.11,374.18
752.05,383.10,750.56,382.70
751.47,383.45,749.79,383.57
776.52,325.56,776.63,325.44
750.71,384.24,749.45,384.63
821.79,365.67,822.83,360.96
830.21,352.80,832.68,352.75
750.71,384.24,748.91,384.59
752.01,383.49,750.71,384.24
826.34,395.52,826.29,395.45
752.71,382.49,751.47,383.45
782.21,389.67,781.00,390.42
751.97,377.96,752.09,377.81
757.04,369.89,756.71,370.83
753.26,382.53,751.47,383.45
751.97,377.96,753.12,377.87
750.64,383.77,752.02,383.29
753.26,382.53,752.01,383.49
752.08,381.95,750.99,382.87
796.16,369.25,798.47,369.34
747.01,373.61,746.95,374.06
758.23,374.14,758.83,374.06
804.50,334.85,803.81,332.32
752.02,383.29,753.26,382.53
780.77,409.98,778.92,409.81
805.05,328.42,805.48,328.53
758.67,374.62,759.11,374.18
779.28,350.96,777.88,351.29
811.39,337.89,814.65,337.71
761.83,360.00,761.99,361.98
820.95,386.55,832.84,381.24
811.27,344.14,811.12,343.85
778.15,349.00,779.77,350.39
753.04,382.21,753.26,382.53
763.95,347.97,763.99,347.89
742.76,376.56,743.40,375.31
765.07,350.26,767.81,350.19
779.97,399.70,780.12,398.21
801.97,353.22,808.78,353.10
750.71,384.24,749.45,384.63
800.22,358.30,800.29,358.71
780.21,352.40,781.41,352.31
750.75,384.02,752.02,383.29
800.93,432.44,800.13,432.74
777.93,339.03,777.54,337.10
790.48,361.90,789.57,363.62
752.01,383.49,752.02,383.29
750.75,384.02,752.01,383.49
753.82,383.03,754.01,382.59
750.71,384.24,752.01,383.49
777.73,356.59,777.28,357.68
748.01,382.63,748.20,382.20
788.87,368.11,788.28,367.21
792.22,372.40,801.59,372.40
727.89,360.00,722.93,361.61
751.33,379.35,751.35,380.65
763.68,351.97,763.21,354.24
753.04,382.21,754.36,369.80
751.85,383.07,752.81,382.26
801.06,337.10,801.13,335.30
782.89,371.14,785.78,371.23
751.97,378.33,751.97,377.96
753.20,382.36,752.81,382.26
756.78,378.04,756.60,378.07
752.02,383.29,753.20,382.36
753.85,377.92,753.02,381.94
753.85,377.92,753.36,382.11
761.94,370.42,763.43,370.42
772.88,379.50,773.21,379.45
778.48,346.93,780.48,347.75
753.02,381.94,754.07,382.35
827.02,370.09,827.31,367.51
753.85,377.92,753.36,382.11
770.18,360.44,770.36,360.67
762.71,377.84,762.56,378.01
754.05,377.90,754.36,369.80
826.16,392.58,826.09,392.19
754.05,377.90,753.59,382.24
750.75,384.02,749.52,384.14
754.80,382.63,756.01,382.71
753.11,383.16,752.81,382.26
754.71,382.20,754.55,382.45
778.79,394.84,778.23,395.47
754.71,382.20,755.12,382.34
825.93,392.20,826.08,392.13
754.28,382.02,754.55,382.45
827.23,352.71,827.03,352.85
825.93,392.20,826.09,392.19
754.28,382.02,754.07,382.35
805.44,336.79,805.44,326.35
753.61,377.87,753.72,377.51
753.61,377.87,753.97,377.56
830.20,354.11,830.46,352.80
753.32,384.09,752.05,383.10
750.64,383.77,750.78,384.23
751.89,383.86,750.78,384.23
753.51,383.88,752.30,382.93
806.19,335.94,805.21,337.32
751.89,383.86,753.11,383.16
751.89,383.86,751.85,383.07
821.06,352.96,824.47,352.96
804.06,423.70,803.58,424.44
829.46,352.81,827.23,352.71
756.78,378.04,756.60,378.07
818.47,332.58,818.20,332.32
754.88,377.57,754.88,377.94
829.46,352.81,829.59,352.67
834.22,387.72,827.01,387.25
754.88,377.57,753.61,377.87
755.04,384.21,753.75,383.22
754.88,377.57,753.61,377.87
820.32,331.24,820.68,329.02
753.72,377.51,753.61,377.87
753.36,383.97,752.24,384.33
797.46,378.00,797.77,378.37
824.43,352.97,824.18,352.97
754.88,377.94,754.28,382.02
827.03,352.85,829.43,354.11
747.52,384.63,748.58,384.48
777.76,395.98,777.63,396.17
754.71,382.20,754.28,382.02
775.61,343.51,776.73,344.89
753.72,377.51,754.88,377.57
753.72,377.51,754.76,377.42
753.72,377.51,753.88,377.37
756.88,382.53,757.09,382.20
804.86,327.47,805.70,328.36
753.97,377.56,753.85,377.92
796.28,325.44,795.80,325.35
764.28,377.92,764.10,377.69
773.60,384.58,774.95,385.63
753.88,377.37,753.72,377.51
785.89,335.94,787.90,336.79
751.89,383.86,750.86,384.50
825.65,390.87,825.68,391.18
751.89,383.86,750.78,384.23
745.98,377.70,746.30,377.66
756.25,384.64,757.58,383.88
753.55,383.60,754.80,382.63
753.37,383.38,754.80,382.63
756.30,384.41,756.25,384.64
753.37,383.38,754.55,382.45
755.20,377.99,755.20,377.63
755.20,377.99,754.88,377.57
756.60,378.07,756.72,377.70
774.21,384.07,772.93,370.74
803.53,333.38,804.75,332.61
755.58,377.98,755.12,382.34
803.94,333.82,803.53,333.38
755.20,377.99,754.71,382.20
778.46,342.26,778.77,342.24
754.89,384.31,755.03,384.55
756.11,382.29,756.60,378.07
822.58,355.60,821.86,359.55
778.46,332.49,778.32,332.26
754.76,377.42,754.88,377.57
754.76,377.42,755.08,377.47
805.37,353.23,808.65,353.10
754.76,377.42,754.14,377.42
763.87,377.92,762.74,377.86
826.26,396.14,830.16,396.14
806.50,386.91,812.11,383.56
754.40,377.21,754.18,377.40
778.26,342.36,778.40,342.13
752.10,384.11,750.86,384.50
777.82,398.24,778.11,400.31
752.24,384.35,750.86,384.50
753.55,383.60,752.24,384.35
799.88,365.77,800.15,365.77
796.16,356.44,795.29,356.76
753.37,383.38,753.55,383.60
752.10,384.11,753.37,383.38
756.58,384.92,756.50,384.64
756.01,382.71,756.32,382.41
812.08,353.12,811.83,354.37
755.95,382.54,756.11,382.29
758.88,383.56,759.13,383.78
791.70,333.12,778.32,333.12
757.64,384.27,756.50,384.64
830.18,395.52,830.30,395.65
756.11,382.29,756.60,378.07
791.70,333.12,778.30,333.26
757.64,384.27,755.04,384.53
756.11,382.29,756.36,378.02
791.68,333.26,778.30,333.26
756.17,384.17,755.04,384.53
755.76,382.11,756.36,378.02
757.84,384.52,757.64,384.27
756.36,378.02,757.69,377.72
783.61,337.57,783.31,337.92
756.47,377.66,757.69,377.72
756.47,377.66,757.58,377.56
755.55,377.47,755.20,377.99
788.82,405.53,790.52,405.15
758.84,382.90,759.13,382.59
821.01,352.82,824.48,352.82
756.72,377.70,756.92,377.54
829.56,401.22,829.63,401.77
755.20,377.63,755.20,377.99
799.17,360.25,800.03,360.00
804.37,331.46,804.31,330.73
768.96,354.51,771.94,355.53
756.72,377.70,756.60,378.07
814.21,352.94,817.96,352.94
756.92,377.54,756.78,378.04
771.72,360.25,771.18,360.00
804.52,332.11,804.37,331.46
756.78,378.04,755.12,382.34
777.40,337.41,777.52,335.56
755.08,377.47,755.20,377.63
771.18,358.30,771.26,358.70
755.38,377.26,755.20,377.63
785.99,340.41,787.14,340.29
755.08,377.47,755.38,377.26
755.08,377.47,754.40,377.21
827.54,352.92,827.29,352.91
786.48,338.78,786.77,339.11
766.54,368.11,769.68,368.67
752.24,384.35,750.98,384.74
753.44,384.44,750.98,384.74
821.37,353.03,821.64,354.29
774.79,371.15,774.74,371.54
810.47,359.57,810.53,360.94
814.78,354.33,818.35,354.33
750.34,384.60,750.42,384.33
753.55,383.60,754.80,382.63
753.49,384.21,752.24,384.60
827.86,387.57,828.26,387.54
793.37,344.44,791.87,342.46
757.58,377.56,758.01,377.77
758.01,377.77,757.69,377.72
817.74,353.02,817.77,354.28
757.69,377.72,758.01,377.77
800.86,431.98,800.91,431.54
830.26,405.22,830.33,405.07
758.23,375.06,758.33,375.46
781.41,352.31,781.61,352.48
782.01,336.04,781.55,336.84
758.02,378.14,757.69,377.72
806.33,361.74,807.39,361.55
801.30,324.37,804.27,324.09
815.19,352.99,813.02,353.03
769.59,348.83,769.68,351.32
784.33,341.77,785.19,341.88
757.58,377.56,757.89,377.61
826.29,352.87,824.10,352.76
756.89,377.56,757.89,377.61
756.63,377.51,756.89,377.56
771.91,368.41,772.28,366.46
810.95,338.87,810.76,338.25
787.19,353.53,786.89,354.30
782.38,427.22,783.18,426.94
830.50,406.38,830.58,406.21
771.19,382.85,771.78,382.43
783.13,304.52,783.20,304.64
795.00,367.68,794.88,367.67
783.54,351.29,784.87,351.84
801.41,421.95,801.46,421.51
806.63,340.53,814.04,340.41
829.72,355.51,828.97,359.53
755.55,377.47,756.78,378.04
785.30,342.89,785.43,343.04
753.44,384.44,752.17,384.83
827.55,354.20,827.29,352.91
779.22,327.67,791.48,327.67
777.22,368.68,777.26,368.80
785.67,342.73,785.30,342.89
753.49,384.21,752.24,384.60
785.52,342.60,785.67,342.73
754.76,383.48,754.76,383.68
764.25,367.46,764.66,369.64
820.81,352.96,820.54,354.24
754.76,383.48,753.44,384.44
754.68,384.06,755.91,383.35
757.89,377.61,758.01,377.77
758.17,377.40,758.01,377.77
785.67,339.39,785.70,339.93
758.17,377.40,758.34,377.61
785.70,339.93,785.87,339.84
758.02,378.14,758.37,378.12
758.02,378.14,758.34,377.61
785.30,339.26,785.43,339.11
757.89,377.61,758.17,377.40
757.89,377.61,757.14,377.34
802.83,332.35,802.60,332.31
757.60,384.85,758.53,384.93
753.36,383.97,752.24,384.33
746.80,383.94,747.70,384.01
805.32,347.84,804.62,348.93
784.57,339.57,784.64,339.45
754.76,383.48,753.49,384.21
784.54,350.26,785.94,351.91
827.54,352.92,825.15,352.96
805.32,347.84,804.69,348.91
754.76,383.48,753.36,383.97
757.36,382.63,757.52,382.39
820.81,354.24,824.47,352.96
753.11,383.16,754.07,382.35
757.09,382.20,757.52,382.39
756.88,382.53,757.09,382.20
806.62,384.11,812.48,385.03
757.52,382.39,758.37,378.12
753.61,377.87,753.02,381.94
758.02,378.14,758.37,378.12
757.52,382.39,758.02,378.14
823.86,352.91,827.55,354.20
752.24,384.33,753.56,384.43
754.68,384.06,753.56,384.43
785.16,343.15,785.05,342.99
754.68,384.06,755.91,383.35
754.68,384.06,754.59,383.26
756.17,383.58,757.36,382.63
759.56,377.85,759.30,377.80
830.36,395.62,830.33,396.09
756.17,383.58,756.88,382.53
824.13,378.59,823.96,378.80
755.91,383.35,756.88,382.53
759.19,378.17,760.67,378.25
754.14,377.42,753.97,377.56
757.36,382.63,757.52,382.39
802.62,440.17,802.06,439.68
803.89,378.70,804.99,378.60
822.21,359.54,822.79,360.95
759.66,375.70,759.84,375.21
781.25,331.37,781.20,330.72
759.73,377.69,759.60,378.19
797.77,441.73,794.82,439.60
805.49,422.37,805.07,422.97
773.75,353.04,772.75,354.21
803.20,340.46,803.24,341.05
804.61,426.13,804.73,425.06
758.34,377.61,758.37,378.12
820.81,352.96,821.06,352.96
754.68,384.06,753.64,384.70
754.89,384.31,755.91,383.35
756.35,383.80,757.61,382.82
825.11,396.30,825.71,396.40
778.26,341.53,778.32,341.54
759.13,382.59,759.60,378.19
817.97,352.87,818.17,352.88
825.11,396.30,825.80,396.50
759.13,382.59,758.37,378.12
806.89,360.72,804.56,360.77
759.56,377.85,759.44,378.22
759.73,377.71,759.30,377.80
760.67,377.87,760.55,377.71
754.89,384.31,753.64,384.70
754.89,384.31,756.35,383.80
817.74,353.02,817.73,352.88
825.19,362.12,825.02,361.75
747.05,377.61,747.57,376.12
758.84,382.90,759.13,382.59
826.38,362.33,825.19,362.12
800.04,337.26,801.93,338.53
757.61,382.82,757.91,382.51
761.29,367.91,760.54,369.55
757.58,383.88,758.84,382.90
804.42,357.37,806.20,357.07
759.73,377.71,759.73,377.69
759.44,378.22,759.56,377.85
805.44,442.05,805.64,441.72
755.55,382.45,755.76,382.11
804.91,385.36,804.51,386.36
759.19,378.17,759.56,377.85
760.67,377.87,760.55,377.71
764.28,377.92,764.31,378.43
759.30,377.80,759.47,377.66
775.08,362.82,771.79,362.48
760.55,377.71,759.73,377.71
775.08,362.82,771.93,362.82
760.55,377.71,759.47,377.66
757.84,384.52,759.13,383.78
811.83,354.37,811.81,353.12
802.28,394.25,801.56,393.63
782.71,417.60,782.68,418.02
794.67,382.24,794.26,383.18
778.81,309.04,783.84,318.83
758.59,382.30,759.19,378.17
778.32,341.75,791.70,341.75
759.19,378.17,760.67,378.25
759.19,378.17,760.67,377.87
778.49,342.18,791.53,342.18
760.99,377.93,760.87,377.77
805.34,347.69,805.32,347.84
760.99,377.93,760.55,377.71
817.74,353.02,817.07,353.03
791.09,335.50,791.46,333.79
755.03,384.55,753.75,384.95
777.73,335.50,791.09,335.50
756.25,384.64,757.58,383.88
756.25,384.64,756.35,383.80
811.83,354.37,815.41,353.12
760.07,382.39,759.19,378.17
780.44,352.57,784.42,352.49
761.84,383.10,761.78,382.93
760.99,377.93,761.12,377.54
761.30,377.76,761.12,377.54
818.35,354.33,818.11,353.07
760.99,378.30,760.99,377.93
760.67,377.87,760.99,377.93
776.66,320.87,778.33,320.87
814.78,354.33,818.35,354.33
767.49,380.76,767.57,380.65
760.67,378.25,760.67,377.87
818.38,353.07,818.35,354.33
825.78,400.67,825.67,401.08
756.30,384.41,754.97,385.04
755.04,384.80,754.97,385.04
818.11,353.07,818.36,353.08
818.74,390.35,817.78,390.84
757.40,383.46,758.78,382.73
758.78,382.73,758.37,382.63
759.85,382.73,758.59,382.30
814.74,352.94,818.11,353.07
791.60,340.84,791.46,340.91
760.99,378.30,761.33,378.28
821.37,354.28,821.37,353.03
761.30,377.76,761.33,378.28
760.99,378.30,761.30,377.76
824.46,382.02,822.75,381.27
827.34,352.78,825.03,352.82
760.99,377.93,761.30,377.76
817.03,354.29,817.74,353.02
793.70,348.24,792.76,349.25
810.21,360.92,810.25,360.94
791.17,327.62,791.65,327.83
757.68,385.38,778.81,386.97
791.68,341.40,791.70,341.54
803.01,337.57,803.40,338.88
757.59,383.67,756.30,384.41
791.17,327.62,791.49,327.60
757.68,385.38,758.67,385.47
757.59,383.67,756.17,384.17
776.50,372.53,774.52,372.69
757.40,383.46,756.17,384.17
800.46,321.23,802.14,325.32
817.19,352.89,820.97,352.88
757.59,383.67,757.40,383.46
801.37,400.19,801.60,400.00
761.73,370.84,764.47,371.08
812.48,353.17,812.45,354.41
806.20,357.07,806.14,357.36
757.93,385.26,756.94,385.34
758.88,383.56,759.85,382.73
758.37,382.63,759.85,382.73
811.81,353.12,811.83,354.37
774.89,355.38,774.95,355.18
759.85,382.73,760.07,382.39
760.99,378.30,761.33,378.28
760.49,382.58,760.99,378.30
791.17,342.46,791.10,342.36
764.10,377.69,762.94,377.64
780.45,321.23,782.04,325.32
763.87,377.92,762.74,377.86
781.62,332.61,781.40,332.11
800.15,359.15,799.39,359.57
749.39,382.73,749.14,382.90
761.30,377.76,762.57,378.34
802.77,415.61,802.89,416.39
761.30,377.76,761.33,378.28
821.37,353.03,819.09,354.32
762.74,377.86,762.94,377.64
808.93,354.41,808.91,353.17
762.56,378.01,762.74,377.86
824.72,383.76,823.86,384.17
805.49,422.37,804.06,423.70
783.92,384.07,785.20,370.74
778.35,372.27,778.42,371.73
791.70,333.12,791.68,333.26
757.64,384.27,758.88,383.56
817.74,353.02,821.37,354.28
757.40,383.46,758.88,383.56
757.64,384.27,757.40,383.46
757.64,384.27,756.17,384.17
745.82,377.34,745.64,377.54
821.12,353.02,821.37,353.03
756.89,377.56,756.72,377.70
755.58,377.98,754.71,382.20
760.86,382.70,761.33,378.28
762.57,378.34,760.86,382.70
804.37,357.09,806.20,357.07
759.96,377.49,759.73,377.69
754.14,377.42,754.18,377.40
763.54,377.87,762.74,377.86
791.80,340.89,791.97,340.82
763.54,377.87,762.48,377.81
774.36,372.92,778.48,373.07
744.87,373.53,743.54,373.74
754.72,385.16,755.95,385.26
762.44,378.38,762.56,378.01
762.57,378.34,762.56,378.01
804.64,371.27,804.64,354.46
743.73,380.93,741.63,380.80
799.08,360.09,799.23,360.44
817.07,353.03,817.74,353.02
762.74,377.86,762.56,378.01
747.72,384.14,749.87,384.30
762.32,377.96,762.56,378.01
764.00,378.46,764.31,378.43
764.00,378.08,764.28,377.92
815.41,353.12,816.11,354.36
770.93,359.05,771.61,359.05
764.00,378.46,764.00,378.08
799.65,346.50,791.64,346.78
757.84,384.52,759.13,383.78
757.84,384.52,758.88,383.56
780.48,347.75,782.33,348.96
792.72,341.02,792.32,340.97
742.30,374.22,741.74,374.95
759.31,384.00,760.58,383.02
760.86,382.70,762.10,382.78
810.56,346.78,818.97,346.50
762.10,382.78,761.99,382.67
800.91,431.54,801.06,431.29
830.33,405.07,830.18,405.12
758.71,375.12,758.78,375.57
780.44,352.57,783.25,352.58
762.10,382.78,762.44,378.38
762.56,378.01,762.32,377.96
762.56,353.80,761.74,355.78
746.20,373.74,744.87,373.53
763.66,378.03,764.00,378.08
794.30,382.44,795.29,382.44
811.27,352.99,809.11,353.03
760.97,384.98,759.67,385.38
799.00,360.44,799.89,360.32
763.84,382.89,764.31,378.43
773.34,373.20,771.44,372.29
747.41,374.35,746.20,373.74
821.86,359.55,822.43,360.96
763.50,382.78,764.31,378.43
808.13,331.30,808.09,331.25
758.83,374.06,758.19,374.60
790.50,354.47,790.52,354.51
762.45,356.08,761.24,356.87
747.41,374.35,747.57,374.22
763.50,382.78,764.00,378.46
748.23,374.89,747.41,374.35
763.84,382.89,784.14,384.18
748.23,374.89,748.01,374.95
785.05,341.09,785.52,342.60
818.38,353.07,819.09,354.32
784.01,384.58,763.84,382.89
774.52,372.69,774.73,373.66
790.31,385.75,794.34,382.99
763.59,383.22,763.84,382.89
800.62,398.19,800.26,395.81
783.16,329.84,783.21,330.57
814.95,384.27,815.08,384.11
783.92,384.07,782.70,385.10
751.97,378.33,753.39,378.41
750.69,375.31,751.35,375.34
781.24,386.45,779.86,386.88
748.23,380.80,748.01,380.73
781.36,385.87,780.06,386.28
809.13,331.46,809.14,331.42
790.82,364.29,790.83,364.26
778.02,333.85,778.22,333.32
814.78,353.07,817.07,353.03
759.31,384.00,757.98,384.76
757.58,383.88,758.84,382.90
757.84,384.52,759.31,384.00
809.40,331.68,809.13,331.46
787.07,366.25,789.99,366.30
822.62,347.32,821.89,348.42
774.10,357.62,774.46,357.68
759.13,383.78,759.31,384.00
818.16,352.94,815.95,352.98
757.09,384.83,756.16,384.75
761.99,382.67,762.10,382.78
785.44,325.59,785.76,326.67
761.78,382.93,761.99,382.67
775.20,362.97,775.27,362.95
760.07,382.39,760.67,378.25
772.12,362.95,775.27,362.95
813.24,360.94,813.46,359.56
761.60,382.49,762.21,378.33
829.66,420.14,829.82,420.51
792.48,303.77,792.41,303.57
785.65,435.77,786.16,436.55
809.38,333.02,809.40,333.05
774.56,356.51,774.10,357.62
762.32,377.96,763.66,378.03
763.66,378.41,764.00,378.46
763.50,382.78,763.66,378.41
769.47,348.77,769.59,348.83
811.12,343.85,811.27,340.97
743.41,376.60,743.19,377.99
763.05,382.59,763.66,378.41
771.93,362.74,771.77,362.63
797.48,343.18,792.49,342.40
763.33,383.03,763.84,382.89
812.31,359.56,813.14,360.94
763.59,383.22,763.84,382.89
763.59,383.22,784.01,384.58
819.04,340.59,818.23,340.63
781.24,386.45,781.36,385.87
781.24,386.45,782.70,385.10
782.66,385.63,782.70,385.10
827.90,387.04,818.80,387.33
753.75,384.95,753.99,385.12
751.55,377.96,752.00,379.39
781.24,386.45,779.86,386.88
800.11,412.74,799.21,413.17
817.78,390.84,816.71,391.01
786.75,426.03,787.13,424.79
805.19,332.69,805.48,332.77
772.98,370.81,773.09,370.45
792.17,333.17,791.81,333.32
759.23,384.85,756.69,385.16
785.82,348.83,783.92,349.07
830.12,405.05,830.03,405.14
783.40,304.21,783.49,302.94
807.28,332.37,807.34,332.73
771.44,372.29,773.44,373.12
759.23,384.85,760.56,384.09
811.31,367.55,812.72,360.96
759.31,384.00,760.56,384.09
759.23,384.85,759.31,384.00
759.23,384.85,757.98,384.76
775.43,355.63,775.29,356.14
774.59,356.15,775.29,356.14
761.99,382.67,761.60,382.49
775.80,355.26,775.43,355.63
774.73,355.64,775.43,355.63
763.05,382.59,762.21,378.33
774.73,355.64,774.59,356.15
821.17,352.89,818.93,352.93
762.21,378.33,763.66,378.41
757.59,383.67,758.78,382.73
775.10,355.27,774.73,355.64
794.29,378.68,794.46,379.67
762.84,382.93,763.05,382.59
746.63,383.16,745.67,382.35
763.33,383.03,763.59,383.22
799.51,347.32,799.81,347.13
781.24,386.45,782.66,385.63
762.31,384.21,782.66,385.63
781.24,386.45,762.31,384.21
781.24,386.45,760.97,384.98
798.95,343.86,792.32,344.14
743.55,373.58,742.34,374.35
760.82,384.74,759.55,385.13
747.57,381.46,747.41,381.33
760.97,384.98,759.67,385.38
759.23,384.85,757.93,385.26
781.77,427.58,782.13,427.56
830.29,406.50,830.40,406.47
787.43,303.99,787.16,303.90
789.50,352.84,790.50,354.47
818.79,346.89,818.58,347.13
759.27,384.63,758.01,385.02
800.15,359.15,800.12,359.59
818.53,347.05,818.79,346.89
760.57,383.88,760.56,384.09
806.83,335.51,809.91,335.51
788.31,352.86,789.30,354.49
759.23,384.85,760.56,384.09
830.12,405.05,830.08,405.07
781.83,428.04,782.24,428.34
784.14,411.44,784.31,411.18
800.15,359.15,800.32,359.64
760.57,383.88,759.23,384.85
804.37,329.99,804.58,330.06
756.89,377.56,756.47,377.66
759.73,377.71,759.56,377.85
759.27,384.63,759.23,384.85
760.57,383.88,759.27,384.63
761.60,382.49,763.05,382.59
748.23,374.89,747.57,374.22
769.43,380.44,769.59,380.77
788.85,368.16,787.46,369.76
762.12,383.99,763.33,383.03
762.84,382.93,763.33,383.03
760.82,384.74,759.55,385.13
771.14,350.07,769.68,351.32
760.60,384.48,759.46,384.85
800.75,427.62,800.62,428.37
814.36,382.03,812.19,381.91
785.36,351.17,791.92,352.44
759.52,373.10,759.20,373.31
773.42,333.77,777.67,333.77
795.47,343.36,795.33,343.51
783.96,369.64,782.33,371.04
815.19,352.99,813.02,353.03
759.55,385.13,759.46,384.85
759.27,384.63,758.01,385.02
814.99,352.99,815.19,352.99
758.02,384.75,758.01,385.02
775.19,355.48,774.56,356.51
815.14,353.12,815.38,353.13
759.27,384.63,758.02,384.75
759.16,384.38,758.02,384.75
745.64,377.54,745.62,378.04
760.57,383.88,759.27,384.63
760.57,383.88,759.16,384.38
745.05,374.34,743.73,374.98
815.10,338.68,815.04,338.18
761.85,383.76,762.84,382.93
815.10,338.68,817.96,335.57
761.85,383.76,761.38,382.83
751.09,382.39,749.65,382.30
809.11,371.27,809.11,354.46
742.30,374.22,741.63,374.89
760.40,383.66,761.38,382.83
800.10,340.64,800.18,340.47
760.82,384.74,762.12,383.99
760.82,384.74,761.85,383.76
805.72,325.59,802.70,325.83
791.71,340.68,791.80,340.89
759.16,384.38,758.02,384.75
760.60,384.48,761.85,383.76
760.60,384.48,760.40,383.66
748.85,382.59,747.18,378.12
748.85,382.59,748.38,378.19
801.86,332.32,801.69,331.98
750.69,380.61,750.37,380.93
750.37,374.98,748.23,374.89
792.03,340.55,791.80,340.89
743.73,374.98,743.73,380.93
784.77,416.32,784.74,416.74
772.59,373.49,772.65,373.60
743.73,374.98,741.63,380.80
828.16,385.43,827.75,384.53
784.06,425.66,784.95,425.20
827.20,384.18,823.98,378.91
780.08,414.50,780.59,414.98
770.55,373.09,772.65,373.60
805.12,353.23,805.13,354.46
741.63,374.89,741.63,380.80
827.73,385.58,827.37,384.79
783.89,425.92,784.59,425.15
791.80,333.87,791.84,333.77
772.59,373.49,774.73,373.66
743.73,374.98,741.63,374.89
810.04,340.55,810.36,340.68
750.37,380.93,750.37,374.98
750.37,380.93,748.23,374.89
812.45,354.41,812.46,353.18
748.23,380.80,748.23,374.89
807.49,364.63,807.33,364.29
818.16,352.94,815.95,352.98
750.37,380.93,748.23,380.80
784.14,381.59,783.81,381.19
804.66,334.74,804.50,334.85
743.40,380.61,743.73,380.93
746.31,382.29,745.05,381.65
791.30,337.41,791.33,337.42
778.48,373.07,780.48,372.25
746.31,382.29,742.30,381.46
747.70,382.51,746.31,382.29
743.55,382.10,747.70,382.51
744.93,382.32,747.70,382.51
808.37,353.04,812.06,353.04
743.55,382.10,744.93,382.32
741.74,374.95,741.63,374.89
811.43,391.98,824.79,392.27
814.03,339.44,814.03,338.70
742.30,374.22,743.73,374.98
805.12,353.23,808.21,354.41
741.63,374.89,743.73,374.98
799.41,343.33,800.64,337.92
796.25,356.20,796.27,362.15
746.32,382.10,749.10,382.29
777.12,401.12,778.27,401.60
747.57,381.46,746.32,382.10
810.95,338.87,810.95,339.60
746.31,373.70,745.05,374.34
812.46,353.18,809.33,354.46
742.30,374.22,745.05,374.34
799.06,355.53,802.52,354.27
773.96,360.71,774.05,360.77
760.97,384.98,759.55,385.13
810.62,339.25,810.76,339.51
743.55,373.58,742.30,374.22
814.87,339.55,817.35,343.82
791.58,346.23,791.81,346.92
760.60,384.48,759.46,384.85
750.37,380.93,750.36,381.65
805.13,354.46,808.62,354.46
747.57,381.46,750.37,380.93
748.23,380.80,750.37,380.93
805.13,354.46,808.64,353.23
747.57,381.46,748.23,380.80
747.70,373.48,746.31,373.70
778.26,397.92,778.94,398.84
808.91,353.17,812.21,353.17
744.93,373.36,743.55,373.58
758.76,375.16,758.71,375.12
749.04,384.74,750.01,384.83
802.74,325.98,801.65,336.73
778.26,397.92,778.32,395.96
808.91,353.17,812.45,354.41
746.32,373.58,744.93,373.36
829.54,355.23,831.04,353.96
809.29,353.23,808.64,353.23
750.36,374.34,747.57,374.22
746.32,373.58,749.10,373.70
809.17,353.10,808.65,353.10
747.57,374.22,746.32,373.58
750.69,375.31,750.37,374.98
832.41,339.25,831.50,340.65
800.49,413.96,800.21,414.04
804.95,404.50,804.61,403.71
770.97,361.54,771.33,363.05
804.14,439.67,803.38,438.89
751.35,375.34,750.37,374.98
778.29,327.72,778.74,327.87
800.49,413.96,799.95,414.48
793.78,421.92,791.61,422.46
770.97,361.54,771.98,362.84
751.35,375.34,750.36,374.34
742.34,381.33,741.74,380.73
812.06,353.04,812.26,353.04
743.32,381.95,741.94,369.81
759.44,376.02,759.34,375.90
809.01,372.30,808.88,372.40
785.78,348.77,787.46,350.24
742.30,381.46,741.63,380.80
775.59,321.87,775.61,343.51
743.54,381.94,742.34,381.33
742.30,381.46,742.34,381.33
743.54,381.94,742.30,381.46
781.54,400.75,781.09,401.31
808.90,353.04,812.21,353.17
743.55,382.10,742.30,381.46
744.87,382.15,743.54,381.94
743.73,380.93,743.73,374.98
744.87,382.15,743.55,382.10
784.33,333.48,783.76,333.88
764.00,378.08,763.87,377.92
744.93,382.32,743.55,382.10
808.37,353.04,808.90,353.04
775.45,346.29,777.62,346.12
741.63,374.89,741.63,380.80
741.74,374.95,741.74,380.73
741.63,374.89,741.74,374.95
789.77,349.85,789.05,350.63
792.32,340.97,792.45,340.64
746.32,382.10,744.93,382.32
742.34,374.35,741.74,374.95
809.11,371.27,804.64,371.27
781.01,352.06,781.16,352.01
747.57,381.46,746.32,382.10
743.55,373.58,742.30,374.22
744.93,373.36,743.55,373.58
748.01,374.95,747.41,374.35
772.80,355.30,771.75,355.68
748.01,374.95,748.01,380.73
748.01,374.95,748.23,380.80
748.23,374.89,748.23,380.80
748.01,374.95,748.23,374.89
764.00,378.08,764.10,377.69
809.33,371.28,809.29,372.51
749.73,377.54,748.59,377.49
781.99,331.77,781.79,330.76
756.45,384.48,757.60,384.85
820.32,331.24,820.08,330.94
792.00,306.80,788.18,306.80
742.76,379.35,743.40,375.31
795.69,393.71,795.84,392.14
742.76,379.35,743.40,380.61
743.40,375.31,743.40,380.61
775.80,355.26,774.73,355.64
817.81,343.58,817.81,340.69
750.37,374.98,750.37,380.93
760.56,384.09,760.58,383.02
750.69,380.61,750.37,380.93
821.14,379.77,832.84,381.24
742.76,379.35,743.40,380.61
809.11,371.27,804.64,354.46
743.41,379.39,743.40,380.61
809.11,371.27,809.11,354.46
743.41,379.39,744.05,380.65
743.40,380.61,744.05,380.65
743.19,377.99,742.76,379.35
820.95,386.55,832.75,381.62
743.19,377.99,743.41,379.39
742.76,379.35,743.41,379.39
771.77,362.63,771.93,362.82
771.07,360.25,770.52,360.52
748.00,375.21,747.99,374.63
797.85,356.76,800.54,362.87
784.39,350.34,785.94,351.91
744.05,375.34,743.40,375.31
824.07,382.42,822.45,381.87
779.22,308.41,782.49,305.10
800.49,321.38,802.14,325.32
742.76,376.56,744.05,375.34
743.41,376.60,744.05,375.34
742.76,376.56,743.41,376.60
751.35,380.65,750.69,380.61
752.00,379.39,751.33,379.35
751.33,376.56,751.55,377.96
752.00,376.60,751.33,376.56
793.55,343.85,799.95,343.58
746.32,373.58,747.70,373.48
802.24,336.04,801.65,336.73
750.69,375.31,752.00,376.60
830.55,346.95,831.36,346.22
773.31,355.17,772.80,355.30
770.32,378.25,773.95,378.43
800.26,399.35,800.49,399.86
791.24,356.26,790.07,356.96
758.33,373.75,758.49,373.50
773.89,378.11,770.32,378.25
773.89,378.76,773.95,378.43
824.58,403.77,829.38,404.12
785.35,325.75,785.76,326.67
782.01,336.04,785.76,326.67
770.27,378.57,773.89,378.76
773.51,379.30,773.74,379.06
806.20,326.60,806.19,335.79
781.89,391.20,781.70,391.26
773.21,379.45,773.51,379.30
761.84,383.10,762.10,382.78
762.12,383.99,763.59,383.22
776.33,347.89,780.48,347.75
769.27,379.30,773.21,379.45
784.10,320.45,783.91,319.70
773.18,340.79,772.84,339.19
749.20,383.58,748.01,382.63
776.33,347.89,778.15,349.00
769.27,379.30,769.59,379.25
812.19,376.19,823.64,376.66
772.56,355.38,772.62,355.18
768.94,379.25,772.88,379.50
783.09,355.80,787.21,356.87
809.19,365.49,803.42,365.41
761.24,362.14,761.71,364.25
749.20,383.58,747.94,382.82
779.60,370.14,780.55,369.20
762.21,378.33,763.66,378.03
769.27,379.30,772.88,379.50
772.25,379.30,772.55,379.45
768.94,379.25,772.55,379.45
790.83,355.73,790.47,358.08
802.84,368.13,801.11,367.43
768.41,378.87,772.25,379.30
768.41,378.87,768.65,379.10
771.87,378.76,772.02,379.06
787.43,356.87,787.01,356.87
750.90,382.83,751.31,382.73
799.92,342.19,777.56,340.79
748.73,377.85,748.38,378.19
776.30,355.13,776.42,355.34
817.51,334.85,820.68,334.85
812.26,353.04,809.17,353.10
762.31,384.21,784.01,384.58
768.41,378.87,772.02,379.06
768.21,378.25,771.87,378.76
775.20,362.97,774.98,362.76
768.21,378.25,768.27,378.57
763.27,351.98,762.15,353.81
787.54,363.13,787.58,363.13
768.21,378.25,771.82,378.43
804.27,427.45,804.20,426.03
771.62,361.99,771.66,362.37
772.02,377.81,771.87,378.11
810.76,339.51,811.29,339.75
768.41,377.63,771.87,378.11
761.99,353.76,761.16,355.75
768.27,377.92,771.87,378.11
771.74,362.01,771.79,362.48
768.41,377.63,768.27,377.92
782.62,328.89,782.82,329.34
795.67,338.46,796.32,338.25
797.85,368.93,795.29,368.92
772.25,377.57,772.02,377.81
776.61,360.92,774.31,360.91
810.94,339.33,810.62,339.25
768.65,377.39,772.02,377.81
796.16,369.25,795.29,368.92
752.08,381.95,754.36,369.80
775.12,343.08,775.86,342.76
747.94,382.82,747.65,382.51
768.65,377.39,768.41,377.63
798.23,380.44,794.94,380.43
749.14,382.90,748.85,382.59
772.55,377.42,772.25,377.57
794.44,381.81,793.27,381.59
785.16,343.15,785.43,343.04
749.23,382.48,748.73,378.22
772.88,377.37,772.55,377.42
811.39,339.86,814.53,339.58
769.27,377.19,772.55,377.42
769.27,377.19,768.94,377.24
773.21,377.42,772.88,377.37
753.12,377.87,753.28,378.03
748.85,377.71,748.41,377.69
811.17,339.74,811.29,339.75
769.59,377.24,772.88,377.37
770.51,347.01,770.55,346.90
769.27,377.19,772.88,377.37
784.51,376.37,794.89,376.83
749.05,377.80,749.16,377.66
749.05,377.80,750.21,377.71
775.43,355.63,775.59,356.16
769.89,377.39,773.51,377.57
772.38,355.29,772.20,355.29
810.89,338.90,810.95,338.90
770.12,377.63,769.89,377.39
772.27,355.56,772.38,355.29
811.01,338.40,810.89,338.90
770.27,377.92,773.89,378.11
801.30,396.87,799.52,398.08
760.56,384.09,761.78,382.93
773.74,377.81,773.89,378.11
770.27,377.92,773.74,377.81
772.62,355.18,772.12,355.31
770.27,377.92,770.12,377.63
752.10,384.11,753.37,383.38
802.60,386.64,809.04,383.42
752.10,384.11,753.11,383.16
748.10,374.62,748.42,375.49
789.95,328.56,790.35,328.38
794.44,381.81,794.14,382.36
829.61,360.98,829.57,360.97
771.59,379.81,771.41,378.25
768.48,380.74,768.25,380.71
769.27,378.25,771.59,379.81
790.45,329.69,790.90,329.61
769.30,379.81,771.59,379.81
775.10,355.27,775.80,355.26
763.33,383.03,763.05,382.59
765.32,377.94,765.32,376.40
790.66,394.30,790.12,392.83
807.99,333.26,807.74,333.01
763.22,377.94,765.32,376.40
763.22,377.94,765.32,377.94
765.66,379.86,771.44,380.19
769.11,380.19,765.66,379.86
767.26,377.64,767.17,378.24
774.45,355.21,774.48,355.16
761.55,377.35,767.17,378.24
774.95,355.18,778.70,355.13
761.45,377.94,767.17,378.24
761.55,377.35,761.45,377.94
767.54,377.10,767.26,377.64
753.56,384.43,752.64,384.50
815.04,339.18,814.87,339.55
761.82,376.82,767.26,377.64
761.55,377.35,767.26,377.64
753.56,384.43,752.68,384.78
761.82,376.82,761.55,377.35
767.97,376.67,767.54,377.10
784.33,340.50,785.19,340.40
772.29,373.42,778.48,373.07
762.24,376.39,767.54,377.10
825.03,352.82,824.48,352.82
775.59,362.04,775.53,362.51
762.24,376.39,761.82,376.82
768.51,376.39,767.97,376.67
822.75,378.02,822.94,378.80
762.24,376.39,767.97,376.67
763.37,376.03,769.11,376.29
774.31,355.17,776.61,355.14
770.36,360.67,770.52,360.52
749.45,384.63,748.48,384.71
768.51,376.39,769.11,376.29
763.37,376.03,768.51,376.39
780.93,347.83,782.89,348.86
780.94,344.71,776.73,344.89
763.37,376.03,762.78,376.12
772.14,355.50,771.85,355.79
768.51,380.09,769.11,380.19
806.86,355.54,806.78,355.26
749.86,382.63,749.23,382.48
811.26,380.82,811.57,381.52
762.78,379.76,769.11,380.19
811.26,380.82,810.45,382.33
762.78,379.76,763.37,379.86
767.97,379.81,768.51,380.09
749.65,382.30,749.05,378.17
773.86,357.48,772.52,357.49
817.97,373.05,820.22,373.13
751.34,377.84,751.31,378.34
804.56,328.38,794.06,329.24
762.24,379.49,768.51,380.09
773.82,358.80,774.19,358.82
797.85,356.76,800.54,356.74
762.24,379.49,762.78,379.76
767.54,379.38,767.97,379.81
772.09,355.56,772.20,355.29
762.24,379.49,767.97,379.81
780.29,324.44,780.30,321.12
743.31,377.56,743.31,377.92
752.10,384.00,752.10,383.78
750.23,378.30,750.37,377.87
774.10,355.27,774.12,355.31
804.56,328.38,790.35,328.38
761.82,379.07,762.24,379.49
786.60,323.82,780.29,324.44
791.86,333.31,791.67,333.02
742.96,377.40,742.93,377.90
805.13,329.61,804.56,328.38
761.55,378.53,767.26,378.84
761.55,378.53,767.54,379.38
761.82,379.07,767.54,379.38
761.55,378.53,761.82,379.07
767.71,378.25,767.79,377.77
768.01,377.33,767.79,377.77
768.01,377.33,767.26,377.64
774.28,357.48,774.40,357.36
767.54,377.10,767.26,377.64
768.35,376.99,768.01,377.33
823.84,352.84,824.17,352.70
750.84,383.46,749.86,382.63
767.97,376.67,767.54,377.10
768.79,376.77,768.35,376.99
750.84,383.46,749.39,382.73
771.61,359.05,771.54,360.00
767.97,376.67,768.35,376.99
768.51,376.39,767.97,376.67
768.51,376.39,768.79,376.77
769.11,376.29,771.41,376.69
791.70,333.12,791.70,328.41
743.44,370.69,743.50,370.83
769.30,376.69,771.41,376.69
769.11,376.29,769.30,376.69
805.44,326.35,805.44,336.79
769.30,379.81,771.59,379.81
772.44,355.33,772.78,355.18
771.44,380.19,771.59,379.81
747.95,370.84,748.22,370.98
769.30,379.81,771.44,380.19
831.71,387.29,822.69,387.29
808.64,346.79,808.98,347.57
769.11,380.19,771.44,380.19
768.79,379.73,769.30,379.81
772.34,355.57,772.38,355.29
826.03,381.04,825.74,382.24
776.25,351.23,776.56,351.84
769.11,380.19,769.30,379.81
825.90,381.12,825.60,382.38
768.79,379.73,769.11,380.19
768.51,380.09,769.11,380.19
825.32,378.68,825.04,379.67
768.35,379.51,768.79,379.73
772.34,357.09,772.27,355.56
824.97,378.75,825.04,379.67
768.51,380.09,768.79,379.73
825.32,378.68,825.40,379.67
768.35,379.51,768.51,380.09
767.97,379.81,768.51,380.09
826.13,379.71,825.32,380.66
768.01,379.16,768.35,379.51
772.39,357.37,772.27,357.10
825.40,379.67,825.32,380.66
770.81,370.60,769.13,370.74
767.97,379.81,768.35,379.51
777.53,352.82,776.89,353.78
826.13,379.71,826.03,381.04
768.01,379.16,767.97,379.81
787.32,347.84,787.88,348.91
776.45,353.48,776.89,353.78
767.54,379.38,767.97,379.81
755.55,382.45,756.88,382.53
776.45,353.48,775.97,354.56
772.52,357.49,772.32,357.40
767.54,379.38,768.01,379.16
817.57,343.49,817.25,344.26
767.79,378.73,767.54,379.38
817.57,343.76,817.57,343.49
767.26,378.84,767.17,378.24
773.80,357.54,772.44,357.52
767.71,378.25,767.17,378.24
767.26,378.84,767.71,378.25
767.79,378.73,767.71,378.25
761.69,377.94,761.55,377.35
761.82,376.82,761.55,377.35
761.82,376.82,761.76,377.46
761.98,377.04,761.76,377.46
762.24,376.39,761.82,376.82
761.98,377.04,761.82,376.82
798.36,380.67,798.13,380.88
762.32,376.70,761.98,377.04
813.74,411.63,818.85,411.49
774.04,357.07,773.99,357.08
762.74,376.48,762.32,376.70
776.14,360.78,776.14,355.30
805.43,329.69,804.90,328.56
763.37,376.03,762.74,376.48
763.25,376.40,765.32,376.40
765.47,376.03,765.32,376.40
763.25,376.40,765.47,376.03
810.69,351.10,810.61,350.63
794.17,335.51,794.17,330.57
746.64,382.54,746.47,382.29
763.25,376.40,763.37,376.03
763.37,379.86,765.66,379.86
794.53,400.10,791.98,398.66
763.25,379.47,765.50,379.47
773.94,355.18,774.05,355.33
763.25,379.47,763.37,379.86
762.74,379.39,763.25,379.47
762.24,379.49,762.78,379.76
806.20,326.60,806.19,335.94
770.78,366.17,770.94,365.91
762.24,379.49,762.74,379.39
762.32,379.17,762.74,379.39
770.68,379.68,770.64,380.34
762.32,379.17,762.24,379.49
776.14,355.30,774.05,355.33
761.45,377.94,761.69,377.94
795.63,319.71,795.83,320.46
745.98,377.70,745.98,378.07
771.24,378.35,771.51,378.26
805.39,329.87,794.58,336.99
761.76,378.41,761.45,377.94
796.43,319.69,795.63,319.71
820.08,332.29,820.24,331.97
745.64,377.54,745.62,378.04
761.55,378.53,761.82,379.07
771.34,356.96,770.98,358.46
808.48,381.21,811.06,379.94
798.08,337.37,798.17,336.00
753.13,384.80,754.09,384.89
761.55,378.53,761.98,378.84
747.70,373.56,747.48,373.22
748.48,371.21,747.88,374.05
774.94,395.75,772.80,385.75
779.17,350.29,779.76,350.91
776.44,346.53,776.50,347.47
805.38,328.27,805.48,328.53
782.27,366.17,781.16,367.99
774.17,355.53,774.17,360.72
746.88,373.52,746.81,374.01
801.43,432.03,800.86,431.98
771.36,369.82,772.50,369.85
795.88,337.89,795.81,338.13
798.82,362.79,798.82,355.15
776.45,400.80,777.02,401.81
792.22,353.23,791.97,353.45
764.12,350.03,765.74,349.36
799.14,360.31,799.31,360.52
800.54,405.28,801.00,404.85
746.88,373.52,747.04,373.20
773.72,360.00,774.10,360.00
807.42,332.71,807.58,333.02
770.12,368.29,771.52,369.49
809.46,340.39,817.42,341.71
795.85,395.70,798.11,395.84
746.93,375.16,746.83,374.58
772.53,364.17,773.28,365.40
796.50,338.14,799.46,337.97
747.93,375.70,748.00,375.21
748.41,377.69,748.00,375.21
760.90,356.87,760.56,356.87
762.82,351.31,761.29,352.09
821.16,368.53,819.13,368.48
742.93,377.90,742.85,382.21
803.38,331.99,803.22,332.30
758.84,382.90,757.91,382.51
747.05,377.61,747.11,375.66
818.78,340.30,819.32,341.64
747.33,376.00,747.11,375.66
747.05,377.61,747.33,376.00
747.93,375.70,747.78,376.02
812.48,353.17,813.18,354.41
763.25,376.40,765.32,376.40
811.83,372.72,811.56,371.47
769.41,381.52,769.17,381.17
761.20,371.21,759.73,373.22
773.96,360.71,774.05,360.77
806.55,355.71,806.48,355.36
759.89,373.56,759.73,373.22
799.08,341.26,799.24,341.26
761.20,371.21,759.89,373.56
746.40,384.02,747.63,384.40
791.32,342.56,791.82,342.36
761.20,371.21,759.97,374.06
772.09,355.56,772.22,355.34
759.28,373.20,759.52,373.10
759.28,373.20,759.06,373.52
758.76,375.16,758.77,374.58
778.32,342.39,792.49,342.40
760.90,363.13,761.16,364.25
759.73,377.69,759.84,375.21
765.07,369.66,766.70,371.05
808.46,333.08,808.69,333.05
811.74,351.34,798.62,351.52
796.00,339.75,796.50,339.60
758.83,375.66,758.76,375.16
789.88,329.84,789.66,330.67
758.99,376.00,759.20,376.12
824.12,339.65,824.27,339.66
803.83,340.67,811.68,341.97
824.43,372.99,824.71,371.72
824.74,340.01,823.12,340.10
759.73,377.69,759.66,375.70
785.85,338.82,785.16,339.03
800.82,398.24,800.51,396.18
824.12,339.65,824.38,339.53
830.33,406.42,830.43,406.33
806.83,335.51,807.19,336.30
759.73,377.69,759.44,376.02
759.41,369.48,761.26,371.27
801.82,358.06,802.87,353.32
799.01,339.69,799.12,339.58
750.84,370.93,761.26,371.27
770.95,357.85,771.09,358.20
795.67,339.74,796.00,339.75
742.06,368.63,758.78,369.07
796.61,340.79,796.25,339.19
797.85,368.93,799.13,369.37
752.89,377.92,762.08,371.65
742.06,368.63,742.07,368.80
745.14,370.75,743.44,370.69
742.07,368.80,743.44,370.69
830.36,395.62,830.33,396.09
778.25,366.57,777.11,367.91
773.89,355.24,772.57,355.18
744.30,377.47,744.09,377.26
827.88,396.98,825.01,396.74
825.80,354.65,825.54,354.13
798.05,354.98,797.82,355.20
747.67,374.14,747.64,374.60
745.82,377.34,745.64,377.54
742.22,369.82,743.53,369.89
743.65,371.05,743.53,369.89
746.83,377.40,747.05,377.61
799.01,337.71,799.12,337.82
745.65,371.11,747.05,377.61
745.65,371.11,746.83,377.40
748.59,377.49,748.41,377.69
827.25,354.11,827.43,354.63
798.62,351.52,806.28,351.52
748.48,371.21,748.59,377.49
748.48,371.21,749.73,377.54
761.94,370.42,772.03,370.68
762.08,371.65,772.03,370.68
826.68,353.13,831.26,351.80
815.54,351.26,811.74,351.34
761.94,370.42,762.08,371.65
752.67,377.69,751.52,377.64
751.34,377.84,751.52,377.64
752.89,377.92,752.67,377.69
751.41,371.30,752.67,377.69
783.84,308.32,783.84,318.83
801.93,358.21,801.82,358.27
748.10,374.62,748.27,375.74
789.95,328.56,790.90,329.61
748.10,374.62,748.10,375.83
810.69,342.03,809.19,342.10
748.10,374.62,748.52,375.10
747.77,375.46,747.92,375.73
748.52,374.18,748.56,374.64
748.10,374.62,748.56,374.64
747.67,375.06,747.77,375.46
827.76,345.53,827.42,346.34
799.31,353.27,795.46,353.52
764.41,347.86,719.05,349.44
748.10,374.62,747.77,375.46
748.42,373.78,748.52,374.18
747.64,374.60,747.67,375.06
748.10,374.62,748.42,373.78
775.77,369.05,775.44,368.69
748.10,374.62,747.64,374.60
748.10,373.41,748.27,373.51
748.10,374.62,747.67,374.14
747.92,373.50,748.10,373.41
782.97,334.09,782.55,333.61
774.12,355.31,774.45,355.21
748.10,374.62,748.10,373.41
748.10,374.62,747.92,373.50
831.06,353.92,826.80,355.71
811.75,355.44,819.82,355.68
745.62,383.57,746.80,383.94
806.83,335.51,807.19,336.30
747.70,369.81,746.80,383.94
826.10,407.43,824.65,406.38
792.62,303.99,792.48,303.77
747.06,375.12,747.77,375.46
742.85,382.21,743.18,382.49
743.32,381.95,743.18,382.49
789.72,328.99,779.73,329.82
741.53,369.80,742.93,377.90
742.96,377.40,742.93,377.90
798.04,351.87,798.15,351.93
790.12,329.87,789.72,328.99
742.22,369.82,743.12,377.21
742.22,369.82,742.96,377.40
792.39,353.24,794.99,353.27
819.18,332.81,819.55,332.76
742.45,368.25,742.46,368.42
742.22,369.82,741.53,369.80
806.83,330.57,806.83,335.51
779.06,370.74,774.21,384.07
772.93,370.74,774.21,384.07
773.60,384.58,773.47,384.18
774.21,384.07,773.47,384.18
778.33,320.87,778.55,320.33
772.20,355.29,772.55,355.24
773.60,384.58,774.21,384.07
802.30,332.71,802.60,332.31
775.43,385.10,774.21,384.07
776.76,385.87,778.07,386.28
795.66,352.83,825.51,352.26
810.38,329.01,811.21,329.23
779.06,370.74,775.43,385.10
809.22,331.29,808.89,331.24
792.32,340.97,792.32,344.14
780.06,386.28,779.06,386.37
789.27,344.66,788.24,345.79
759.71,375.16,759.54,375.61
821.25,328.45,821.88,329.08
764.75,370.93,777.45,369.48
794.78,382.76,795.42,382.44
756.75,357.89,756.58,360.00
769.99,373.07,770.09,372.97
816.92,373.05,807.72,372.76
753.04,382.21,752.71,382.49
764.18,371.30,775.13,371.65
811.75,355.44,811.54,355.25
802.13,331.38,801.51,331.62
759.99,368.63,764.75,370.93
761.73,370.84,764.75,370.93
759.99,368.63,759.63,368.80
801.56,331.27,802.13,331.38
758.81,370.75,759.63,368.80
757.04,370.69,759.63,368.80
758.81,370.75,757.04,370.69
758.81,370.75,759.99,368.63
761.73,370.84,758.81,370.75
773.44,346.87,774.56,348.33
756.26,371.05,755.55,377.47
824.06,351.33,823.96,351.13
802.60,330.91,801.98,330.70
756.26,371.05,755.38,377.26
755.55,377.47,755.38,377.26
755.06,369.82,756.26,371.05
799.77,369.64,800.92,369.17
775.37,370.33,774.00,370.24
776.22,347.97,775.77,350.95
797.85,362.85,795.70,366.39
761.60,370.33,761.94,370.42
767.06,349.73,765.55,351.03
760.54,369.55,762.15,370.93
766.54,351.89,765.41,353.73
802.71,358.06,802.66,358.00
803.26,331.02,803.01,330.54
758.31,371.11,758.34,377.61
758.17,377.40,758.34,377.61
798.22,351.64,798.15,351.93
758.31,371.11,757.14,377.34
808.69,382.51,808.61,383.17
758.17,377.40,757.14,377.34
798.22,351.64,798.04,351.87
810.16,382.52,810.72,383.18
758.31,371.11,758.17,377.40
759.96,377.49,759.73,377.69
761.20,371.21,759.73,377.69
761.20,371.21,759.96,377.49
761.12,377.54,759.96,377.49
807.13,340.75,805.62,340.83
795.29,356.76,795.00,356.49
757.24,355.83,756.75,357.89
761.30,377.76,761.20,371.21
817.81,340.69,817.75,340.53
757.37,368.42,755.52,369.89
829.73,350.75,829.96,350.66
806.28,351.52,798.62,351.52
775.25,370.42,775.13,371.65
795.78,354.20,795.66,355.16
799.47,368.93,798.46,368.81
758.05,366.17,759.17,367.99
811.49,355.68,811.10,356.22
802.65,357.87,803.56,353.78
803.26,332.21,803.58,332.30
764.10,377.69,762.94,377.64
762.71,377.84,762.94,377.64
764.18,371.30,762.94,377.64
792.97,382.80,793.39,382.67
798.69,353.11,792.42,353.22
764.18,371.30,762.71,377.84
811.27,352.99,814.99,352.99
798.15,359.54,796.60,359.54
795.90,369.54,798.48,372.39
764.28,377.92,764.18,371.30
764.10,377.69,764.18,371.30
808.78,372.63,809.01,372.30
772.20,346.66,772.29,346.58
764.28,377.92,764.10,377.69
793.48,364.79,795.32,364.70
753.46,369.81,748.20,369.83
829.61,360.98,829.02,359.55
809.48,365.91,810.53,360.94
759.01,375.49,758.85,375.74
758.67,375.83,758.85,375.74
759.11,375.10,759.01,375.49
827.24,361.56,827.02,362.03
768.89,363.24,768.55,362.45
758.67,374.62,758.67,375.83
798.16,344.71,793.75,344.89
758.49,375.73,758.67,375.83
758.67,374.62,759.11,375.10
759.14,374.64,759.11,375.10
819.17,341.63,819.32,341.64
758.67,374.62,758.49,375.73
799.17,353.72,798.91,354.32
793.71,340.51,799.95,340.46
756.74,362.12,757.24,364.20
797.89,378.29,797.77,378.37
776.96,346.40,779.80,346.29
778.72,371.65,778.72,381.21
758.33,375.46,758.49,375.73
759.11,374.18,759.14,374.64
758.56,363.46,759.23,365.08
796.01,380.33,793.09,380.34
778.95,347.01,780.93,347.83
758.23,375.06,758.33,375.46
759.01,373.78,759.11,374.18
793.87,380.88,794.38,380.73
782.70,385.10,783.92,384.07
758.67,374.62,758.23,375.06
795.78,371.38,795.90,370.46
793.55,340.79,792.77,340.51
778.25,353.42,778.70,355.12
797.12,377.86,794.02,378.26
780.50,347.84,782.33,348.96
758.19,374.60,758.23,375.06
784.00,349.19,783.74,349.55
804.12,358.20,804.58,357.99
758.67,374.62,759.01,373.78
804.12,358.20,804.58,357.86
820.08,331.27,820.13,331.62
758.67,374.62,758.19,374.60
795.54,354.35,795.66,355.16
772.65,346.40,775.45,346.29
797.12,377.86,797.21,377.75
782.33,348.96,783.96,350.35
804.12,358.20,804.13,358.05
758.67,374.62,758.85,373.51
758.67,374.62,758.23,374.14
819.91,330.95,820.08,331.27
807.72,353.04,816.92,352.87
758.33,373.75,758.23,374.14
758.67,374.62,758.67,373.41
773.89,378.11,773.95,378.43
758.33,373.75,758.67,374.62
750.36,374.34,748.23,374.89
819.40,330.91,819.34,330.54
747.70,369.81,749.79,383.57
747.70,369.81,750.99,382.87
762.71,377.84,761.30,377.76
817.87,371.18,808.65,370.92
752.71,382.49,752.08,381.95
820.40,328.22,811.21,329.23
748.10,375.83,748.27,375.74
802.71,344.19,803.29,344.71
747.70,369.81,752.08,381.95
748.52,375.10,748.42,375.49
748.05,375.16,747.98,375.61
760.54,350.45,759.17,352.01
804.12,358.20,804.06,358.27
818.48,331.38,817.90,331.27
754.18,377.40,754.05,377.90
806.20,351.71,798.56,351.71
761.69,377.94,761.76,377.46
754.36,369.80,754.05,377.90
754.18,377.40,754.40,377.21
804.09,358.26,804.12,358.20
755.06,369.82,754.40,377.21
797.65,355.39,796.48,355.40
755.06,369.82,754.36,369.80
789.74,394.91,787.24,394.16
800.51,365.78,800.15,365.77
794.19,368.22,793.88,366.57
809.77,332.98,809.93,332.68
748.03,374.63,748.05,375.16
783.40,304.21,783.60,303.00
779.06,370.74,785.20,370.74
748.52,374.18,748.56,374.64
747.93,374.10,748.03,374.63
757.61,385.13,757.68,385.38
818.63,366.48,819.54,367.79
784.01,384.58,783.92,384.07
748.42,373.78,748.52,374.18
784.01,384.58,784.14,384.18
783.33,304.42,783.40,304.21
791.60,333.85,791.68,333.26
746.97,374.59,747.67,375.06
781.36,385.87,780.06,386.28
803.08,353.39,804.13,358.05
818.63,332.71,818.99,332.77
779.06,370.74,780.06,386.28
785.10,435.68,785.51,435.97
788.25,304.21,788.25,304.42
808.89,333.43,808.82,333.43
748.27,373.51,748.42,373.78
758.78,375.57,758.49,375.73
807.82,331.46,808.24,331.45
758.99,376.00,758.83,375.66
747.70,369.81,741.94,369.81
779.06,370.74,782.70,385.10
748.27,373.51,747.77,373.64
828.27,373.11,828.31,371.82
758.99,376.00,758.93,375.88
747.70,369.81,743.32,381.95
779.06,370.74,781.36,385.87
746.95,374.06,746.97,374.59
741.74,380.73,742.34,381.33
803.48,330.69,803.54,330.64
827.28,352.85,830.74,352.85
757.04,370.69,756.71,370.83
743.54,381.94,742.34,381.33
776.69,325.13,776.78,325.06
796.65,355.22,796.56,355.31
763.37,376.03,771.25,376.29
802.95,353.20,803.02,353.31
741.74,374.95,741.74,380.73
807.58,332.01,807.74,331.70
802.67,332.70,802.33,332.76
794.99,353.27,795.46,353.52
747.34,373.21,748.27,373.51
776.76,324.56,776.84,324.57
796.48,355.40,796.43,355.45
744.87,382.15,743.54,381.94
783.13,304.52,787.16,303.90
747.77,373.75,747.67,374.14
746.20,381.94,744.87,382.15
742.34,374.35,741.74,374.95
758.73,374.59,758.23,375.06
807.58,331.71,807.51,331.68
759.84,375.21,759.66,375.70
779.06,370.74,772.93,370.74
747.41,381.33,746.20,381.94
743.54,373.74,742.34,374.35
744.87,377.84,747.41,381.33
770.70,357.70,770.88,357.77
803.02,353.31,802.95,353.20
748.01,380.73,747.41,381.33
762.74,379.39,763.25,379.47
791.98,331.94,791.66,332.01
744.87,377.84,743.54,373.74
744.87,373.53,743.54,373.74
746.20,373.74,744.87,373.53
791.98,331.94,791.82,331.70
744.87,377.84,748.01,380.73
774.26,355.54,774.28,355.26
744.87,377.84,746.20,373.74
748.01,374.95,747.41,374.35
766.65,380.49,766.93,380.73
751.33,379.35,751.55,377.96
803.95,331.61,803.43,331.65
795.29,368.92,795.90,369.54
758.93,375.88,759.12,375.99
766.50,380.38,766.93,380.73
751.33,376.56,751.55,377.96
742.76,376.56,742.54,377.96
759.81,374.63,759.71,375.16
804.09,358.05,804.09,358.26
742.76,379.35,742.54,377.96
769.82,382.27,770.07,382.39
767.79,378.73,767.71,378.25
803.48,330.69,802.98,330.75
769.27,378.25,767.71,378.25
793.94,346.19,793.96,347.19
759.11,374.18,759.14,374.64
824.68,396.70,824.89,396.85
758.67,374.62,759.14,374.64
768.35,376.99,768.01,377.33
793.90,379.91,794.92,380.49
799.77,372.40,799.02,372.40
768.79,376.77,768.35,376.99
810.35,355.72,809.67,359.55
805.72,325.59,801.44,324.43
748.91,384.59,747.95,384.67
769.27,378.25,769.30,379.81
830.23,405.02,830.08,405.07
758.73,374.59,758.71,375.12
768.79,379.73,769.30,379.81
750.23,384.83,751.20,384.91
769.27,378.25,768.79,379.73
769.27,378.25,768.35,379.51
761.76,378.41,761.69,377.94
803.16,330.52,803.21,330.47
827.78,387.33,832.41,386.82
763.22,377.94,761.69,377.94
808.89,332.94,808.99,333.41
763.22,377.94,763.25,379.47
809.04,332.79,809.30,333.26
761.98,378.84,762.32,379.17
761.98,378.84,763.22,377.94
809.18,332.37,809.70,332.70
817.51,329.77,817.10,330.06
817.51,329.77,804.66,330.06
799.12,337.82,799.31,337.93
806.29,355.22,800.47,354.99
798.60,354.20,798.82,355.15
762.17,349.00,763.99,347.89
783.92,347.64,783.97,347.70
820.68,329.02,801.34,329.02
800.06,413.19,799.33,413.94
742.06,368.63,742.07,368.80
820.40,328.22,801.34,329.02
766.93,380.73,766.65,380.49
820.40,328.22,800.86,328.22
801.63,331.61,801.34,334.85
802.83,330.41,803.21,330.47
760.67,378.25,760.99,378.30
802.83,330.41,804.50,329.77
800.68,422.71,800.56,421.93
804.50,334.85,801.34,334.85
772.49,349.66,772.55,349.25
804.50,334.85,802.83,332.81
803.21,332.76,802.83,332.81
758.67,374.62,758.85,375.74
801.43,332.30,801.27,331.99
801.88,332.29,801.72,331.97
809.30,331.45,808.89,331.79
801.67,332.54,801.88,332.29
808.69,331.68,808.89,331.79
802.14,332.54,801.88,332.29
786.37,391.30,784.04,390.59
801.72,331.26,801.22,331.65
808.64,331.24,808.46,331.65
801.98,332.70,802.14,332.54
808.24,331.68,808.46,331.65
802.45,332.70,802.14,332.54
803.74,330.94,803.22,331.00
801.88,330.94,801.27,331.31
768.76,348.69,767.06,349.73
814.65,337.71,817.96,335.57
799.71,340.59,799.85,340.26
773.34,373.20,775.55,373.63
808.04,331.79,808.24,331.68
801.88,330.94,801.72,331.26
807.89,331.94,808.04,331.79
802.81,332.76,802.45,332.70
803.54,330.64,803.74,330.94
802.14,330.69,801.43,331.00
807.58,332.01,807.78,332.14
802.67,332.70,802.81,332.76
781.44,378.11,781.29,377.17
807.75,332.37,807.78,332.14
803.16,332.70,802.81,332.76
802.83,330.41,803.16,330.52
802.45,330.52,801.67,330.75
802.98,332.54,802.67,332.70
753.61,377.87,753.02,381.94
802.81,330.47,802.83,330.41
802.98,332.54,803.16,332.70
754.88,377.94,754.28,382.02
807.89,332.79,807.58,332.70
802.81,330.47,802.33,330.54
791.62,389.90,790.91,390.88
801.07,400.33,801.13,400.31
813.18,371.39,815.65,371.46
782.79,352.57,783.94,352.85
802.81,330.47,801.98,330.59
787.67,353.04,788.67,354.21
795.90,369.54,798.47,369.34
808.46,333.08,808.64,333.47
803.22,332.30,803.48,332.54
803.74,332.29,803.48,332.54
801.69,331.24,801.88,330.94
803.16,330.52,802.33,330.54
803.16,330.52,802.81,330.47
790.48,358.10,790.63,360.00
803.48,330.69,803.16,330.52
815.40,343.32,804.40,343.32
803.43,331.65,803.38,331.99
813.14,372.63,812.48,372.62
790.00,361.83,790.02,363.79
815.40,343.32,815.57,343.32
803.43,331.65,803.90,331.97
782.38,428.11,783.17,428.46
782.25,413.93,782.08,413.64
802.13,332.58,801.88,332.29
803.22,331.00,802.98,330.75
802.14,332.54,801.88,332.29
803.74,330.94,802.98,330.75
784.10,307.57,786.64,304.47
782.45,427.67,783.28,427.72
802.14,332.54,802.13,332.58
803.74,330.94,803.48,330.69
768.76,371.30,768.53,372.17
790.00,366.26,788.87,368.11
798.72,408.58,796.06,409.33
803.90,331.26,803.22,331.00
803.90,331.26,803.74,330.94
803.98,331.24,803.81,330.90
803.90,331.26,803.81,330.90
803.90,331.26,803.74,330.94
803.54,330.64,803.81,330.90
803.21,330.47,803.48,330.69
802.83,330.41,803.21,330.47
803.48,332.54,803.16,332.70
802.46,330.47,802.83,330.41
802.45,330.52,802.81,330.47
800.11,397.34,800.24,396.72
792.21,389.69,791.47,390.37
809.55,333.01,809.30,333.26
763.25,379.47,765.50,379.47
802.13,330.64,802.46,330.47
800.92,356.56,799.81,353.33
829.89,405.69,829.92,405.69
759.52,373.10,759.28,373.20
802.45,330.52,802.46,330.47
814.58,382.28,812.19,381.91
772.56,352.83,791.92,352.44
783.96,369.72,782.33,371.04
759.42,373.21,759.20,373.31
819.09,359.54,819.70,360.96
809.55,333.01,809.04,332.79
802.13,330.64,802.45,330.52
802.14,330.69,802.45,330.52
801.86,330.90,802.13,330.64
802.56,412.40,802.40,412.66
769.95,367.11,772.72,365.80
766.40,351.84,767.95,350.24
802.14,330.69,802.13,330.64
790.66,394.30,790.02,392.46
802.61,411.95,802.56,412.40
771.05,368.61,771.18,368.55
801.86,330.90,802.14,330.69
801.88,330.94,802.14,330.69
801.69,331.24,801.86,330.90
780.21,415.22,781.09,415.76
802.54,411.50,802.61,411.95
769.91,368.58,772.50,369.85
801.88,330.94,801.86,330.90
747.05,377.61,746.93,375.16
801.72,331.26,801.88,330.94
801.63,331.61,801.69,331.24
790.58,393.99,790.66,394.30
802.17,411.18,802.37,411.20
771.52,369.49,773.09,370.45
801.72,331.26,801.69,331.24
743.40,375.31,745.05,374.34
801.63,331.61,801.72,331.26
744.05,375.34,745.05,374.34
769.62,380.35,769.09,380.78
801.66,331.61,801.72,331.26
801.69,331.98,801.63,331.61
801.96,411.89,802.01,411.44
773.09,370.45,774.79,371.15
777.92,366.85,778.20,366.70
769.62,380.35,769.06,380.35
801.66,331.61,801.63,331.61
815.57,343.32,806.64,343.22
803.48,330.69,802.67,330.59
801.69,331.98,801.66,331.61
801.72,331.97,801.66,331.61
775.55,373.63,776.43,372.12
776.33,372.11,782.32,371.12
748.41,377.69,747.93,375.70
801.72,331.97,801.69,331.98
802.13,332.58,801.86,332.32
821.33,355.59,819.52,359.56
799.42,419.34,799.27,419.60
776.96,373.60,779.80,373.70
802.46,332.76,802.13,332.58
798.74,414.50,798.74,414.09
778.95,372.99,779.06,373.09
802.46,332.76,802.14,332.54
806.20,326.60,806.19,326.67
802.83,332.81,802.46,332.76
803.21,332.76,802.81,332.76
799.41,418.86,798.89,418.39
808.37,372.74,812.26,372.74
783.79,352.68,784.90,353.15
803.16,332.70,802.81,332.76
803.16,332.70,803.21,332.76
803.54,332.58,803.16,332.70
799.07,419.57,799.41,418.86
803.48,332.54,803.16,332.70
803.81,332.32,803.54,332.58
803.48,332.54,803.54,332.58
803.81,332.32,803.48,332.54
803.74,332.29,803.81,332.32
825.61,376.59,824.13,378.59
790.52,354.51,791.24,356.26
794.53,400.10,792.07,400.57
780.58,331.94,805.13,330.05
803.98,331.98,803.74,332.29
817.77,371.64,818.02,372.91
758.34,377.61,758.76,375.16
762.78,379.76,763.25,379.47
794.67,401.12,792.07,400.57
744.05,380.65,743.73,380.93
803.90,331.97,803.74,332.29
803.98,331.24,803.90,331.26
828.38,376.80,824.88,376.66
791.23,356.24,790.48,358.10
804.79,333.40,804.77,330.41
803.95,331.61,803.98,331.24
776.56,351.84,776.45,353.48
790.00,358.16,790.14,360.00
774.11,379.22,775.03,371.89
780.21,344.33,804.79,333.40
804.04,331.61,803.98,331.98
783.75,350.64,785.18,351.23
810.74,330.29,810.74,335.07
758.34,377.61,758.83,375.66
794.67,401.12,792.16,401.60
803.90,331.97,803.98,331.98
804.04,331.61,803.90,331.97
803.95,331.61,803.90,331.97
804.04,331.61,803.95,331.61
819.06,353.07,818.38,353.07
759.73,377.69,759.60,378.19
759.85,382.73,760.33,382.83
799.15,333.99,799.38,334.84
817.10,330.06,804.66,330.06
789.66,334.63,799.38,334.84
828.19,366.64,829.30,368.69
748.48,371.21,747.99,374.63
789.66,334.63,789.88,335.46
789.88,335.46,799.38,334.84
800.01,335.47,799.38,334.84
763.75,360.00,764.08,357.84
800.49,334.39,800.34,333.85
802.54,411.92,802.56,412.40
800.77,392.31,799.45,391.29
796.78,377.97,797.12,377.86
756.69,385.16,755.71,385.25
804.36,335.42,804.14,335.69
796.70,400.11,797.56,402.13
796.86,377.86,797.21,377.75
757.93,385.26,756.94,385.34
794.84,336.02,804.36,335.42
795.19,380.71,795.86,380.65
794.84,336.02,804.36,335.42
804.66,334.74,804.36,335.42
804.66,334.74,794.84,336.02
789.66,334.63,799.15,333.99
799.15,333.99,800.34,333.85
791.33,336.30,790.49,336.07
800.49,334.39,799.38,334.84
800.80,334.70,800.49,334.39
800.49,334.39,800.34,333.85
814.23,353.01,815.03,354.08
783.67,421.28,783.99,420.75
794.56,382.14,794.77,381.68
770.33,360.00,770.40,360.95
800.34,330.01,800.34,333.85
804.14,335.69,800.86,335.69
791.33,336.30,804.14,335.69
794.52,336.30,804.14,335.69
791.33,336.30,794.52,336.30
795.91,378.02,796.09,378.80
804.14,335.69,804.36,335.42
804.66,334.74,804.14,335.69
780.84,381.52,782.18,382.51
804.66,330.06,804.66,334.74
794.56,335.39,804.66,330.06
796.06,409.33,795.46,410.62
799.38,329.08,799.15,329.93
789.88,335.46,790.26,335.07
789.88,329.84,799.15,329.93
789.66,330.67,799.15,329.93
791.37,332.37,791.51,332.02
800.49,329.47,799.15,329.93
792.04,395.06,794.06,396.41
800.49,329.47,800.34,330.01
785.82,354.24,787.72,355.78
748.41,377.69,747.99,374.63
799.15,329.93,800.34,330.01
800.80,334.70,800.01,335.47
800.49,329.47,800.49,334.39
800.86,335.69,804.14,335.69
804.50,334.85,800.86,335.69
801.34,334.85,800.86,335.69
804.50,334.85,801.34,334.85
779.87,405.31,779.78,405.09
804.50,334.85,804.66,334.74
800.86,335.69,800.01,335.47
804.66,330.06,804.50,334.85
804.50,329.77,804.50,334.85
800.86,335.69,790.49,336.07
804.66,330.06,804.50,329.77
800.01,328.45,799.38,329.08
789.88,329.84,799.38,329.08
783.66,302.88,788.40,302.99
785.64,439.67,786.12,438.89
785.74,439.72,785.71,439.23
772.98,349.19,772.50,350.15
790.49,329.23,789.88,329.84
756.69,385.16,756.58,384.92
791.91,331.46,791.67,331.71
800.01,328.45,799.38,329.08
808.81,331.25,808.48,331.25
790.00,358.16,790.62,360.00
792.57,333.48,792.22,333.43
800.80,329.16,800.49,329.47
799.38,329.08,800.49,329.47
801.34,329.02,801.34,334.85
804.42,357.37,804.37,357.09
759.73,377.71,759.56,377.85
784.50,426.45,785.35,426.49
780.64,419.28,780.58,418.83
801.34,329.02,800.80,334.70
800.80,329.16,800.80,334.70
798.33,359.95,798.47,360.25
748.58,384.48,747.63,384.40
790.49,329.23,800.01,328.45
800.86,328.22,790.49,329.23
799.00,360.00,799.14,360.31
748.62,384.21,747.72,384.14
791.33,329.01,790.49,329.23
800.86,328.22,791.33,329.01
800.01,328.45,800.80,329.16
801.34,329.02,800.86,328.22
794.56,330.84,806.68,330.84
817.10,330.06,794.56,330.84
806.68,330.84,806.83,330.57
794.17,330.57,806.83,330.57
806.68,330.84,794.17,330.57
800.86,335.69,800.01,335.47
794.56,330.84,794.17,330.57
816.86,330.05,791.57,331.94
801.34,334.85,800.80,334.70
806.68,330.84,794.56,330.84
810.38,329.01,791.33,329.01
803.97,398.26,803.86,396.18
809.91,329.84,791.33,329.01
814.22,338.06,814.36,338.32
791.37,332.37,791.43,332.73
758.79,356.64,760.33,353.61
827.04,391.28,827.01,390.98
817.51,334.85,818.03,331.98
791.37,332.37,791.09,335.51
811.12,341.02,811.14,340.64
783.28,427.72,783.17,428.46
791.09,329.84,794.17,330.57
805.39,344.31,811.01,339.39
778.79,394.84,778.37,394.98
774.74,371.54,775.89,371.58
792.54,331.20,792.91,331.25
748.38,378.19,748.73,378.22
764.41,347.86,768.35,347.23
792.91,333.48,792.54,333.54
801.34,329.02,801.86,330.90
828.94,361.98,827.53,361.76
794.17,335.51,791.09,335.51
791.67,333.02,791.51,332.71
792.15,332.97,791.51,332.71
792.15,332.97,792.00,332.67
750.23,384.83,751.20,384.91
792.00,332.67,791.51,332.71
802.80,395.58,803.44,403.20
796.43,319.69,797.05,319.70
791.45,332.36,792.00,332.67
791.67,333.02,792.15,332.97
791.86,320.32,797.16,319.70
791.51,332.02,791.94,332.33
792.69,333.36,791.91,333.27
813.45,384.53,812.48,385.03
757.91,382.51,758.37,378.12
791.91,333.27,792.39,333.21
778.66,405.28,778.19,404.85
792.00,332.00,791.51,332.02
790.49,329.23,799.38,329.08
790.98,320.32,791.57,320.33
791.91,331.46,792.15,331.70
790.68,320.30,790.98,320.32
793.36,333.36,792.57,333.48
792.57,333.48,793.03,333.41
792.39,331.46,791.91,331.46
795.63,319.71,790.68,320.30
799.06,355.53,798.93,355.84
792.22,331.30,792.39,331.46
792.69,331.30,792.39,331.46
792.22,331.30,792.57,331.25
793.22,333.27,792.91,333.43
799.11,355.61,799.00,355.87
792.91,333.43,793.36,333.36
792.57,331.25,792.22,331.30
795.41,379.54,795.32,379.93
778.72,324.48,791.69,324.66
793.47,333.02,793.22,333.27
757.09,382.20,756.36,378.02
755.04,384.53,756.50,384.64
756.17,383.58,757.36,382.63
780.30,319.47,779.53,319.50
793.90,332.97,793.22,333.27
779.53,319.50,778.91,319.51
792.91,331.30,793.03,331.25
793.63,332.71,793.47,333.02
778.80,319.50,783.84,318.83
817.96,335.57,818.29,336.38
793.22,331.46,793.36,331.30
793.68,332.36,793.63,332.71
796.36,318.84,796.98,318.85
794.11,332.33,793.63,332.71
796.98,318.85,797.09,318.83
793.47,331.71,793.66,331.46
793.63,332.02,793.68,332.36
802.85,328.65,803.20,327.83
743.63,377.51,743.63,377.87
797.09,318.83,791.86,319.50
794.05,332.00,793.68,332.36
793.63,332.02,793.47,331.71
793.63,332.02,793.90,331.70
807.94,355.49,806.55,355.71
763.27,368.02,764.66,369.64
782.49,305.10,782.85,304.77
807.82,331.46,808.55,331.29
809.57,332.73,809.59,332.36
794.92,380.49,795.20,380.73
793.63,332.02,793.47,331.71
814.97,352.93,814.78,353.07
747.72,384.14,748.62,384.21
759.13,382.59,759.44,378.22
793.22,331.46,793.47,331.71
762.48,377.81,762.32,377.96
770.56,357.54,770.36,357.62
758.94,382.48,759.44,378.22
793.23,331.42,793.47,331.71
793.23,331.42,793.49,331.68
790.68,319.47,795.56,318.84
792.91,331.25,793.23,331.42
792.54,331.20,792.57,331.25
785.19,341.59,786.04,342.77
792.54,331.20,792.91,331.30
747.95,384.67,748.48,384.71
830.06,402.32,829.56,389.07
770.51,347.01,772.65,346.40
792.18,331.25,792.57,331.25
792.18,331.25,792.54,331.20
772.27,334.74,773.19,333.18
815.75,351.41,815.64,351.56
791.91,331.46,792.22,331.30
779.52,321.15,779.49,324.46
791.86,331.42,792.22,331.30
791.67,331.71,791.91,331.46
791.60,331.68,791.91,331.46
791.60,331.68,791.86,331.42
791.51,332.02,791.67,331.71
791.57,321.16,791.56,324.46
791.43,332.00,791.67,331.71
791.43,332.00,791.60,331.68
789.80,360.95,789.26,360.00
791.37,332.37,791.43,332.00
791.51,332.71,791.45,332.36
796.63,320.41,798.00,323.80
791.43,332.73,791.45,332.36
796.45,362.36,796.99,362.35
800.80,329.16,800.49,329.47
791.67,333.02,791.51,332.71
791.60,333.05,791.51,332.71
791.60,333.05,791.43,332.73
791.86,333.31,791.60,333.05
792.22,333.43,791.91,333.27
792.18,333.48,791.91,333.27
792.18,333.48,791.86,333.31
767.42,371.30,766.45,379.21
805.60,328.61,805.46,328.61
817.58,340.46,818.10,340.30
744.60,377.42,744.75,377.57
792.57,333.48,792.22,333.43
790.68,324.44,797.17,323.82
792.54,333.54,792.22,333.43
792.91,333.48,792.57,333.48
768.00,347.75,769.99,346.93
792.91,333.48,792.54,333.54
774.78,350.20,776.40,349.25
780.52,395.19,782.00,393.56
793.22,333.27,792.91,333.43
786.33,349.89,776.40,349.25
784.99,320.41,786.27,323.80
793.23,333.31,792.91,333.43
786.33,349.89,787.88,348.91
793.23,333.31,792.91,333.48
816.11,354.36,816.07,353.12
793.47,333.02,793.22,333.27
793.49,333.05,793.22,333.27
793.49,333.05,793.23,333.31
793.54,421.62,791.43,422.14
791.96,327.87,779.22,327.67
787.90,353.11,788.86,354.67
761.99,358.01,761.03,357.87
754.40,377.21,756.26,371.05
793.63,332.71,793.47,333.02
829.70,420.22,829.69,419.27
793.66,332.73,793.47,333.02
789.88,329.84,790.26,330.29
779.52,321.15,779.49,324.46
793.66,332.73,793.49,333.05
778.94,381.44,769.37,380.67
778.54,328.35,778.54,341.69
790.83,355.73,791.33,357.84
760.87,360.00,761.83,360.00
793.71,332.37,793.66,332.00
793.71,332.37,793.68,332.36
793.71,332.37,793.63,332.71
790.26,335.07,790.12,334.55
793.37,344.44,776.66,344.44
794.77,391.44,795.99,390.58
790.12,330.81,790.12,334.55
790.26,330.29,790.12,334.55
798.69,323.81,791.86,324.45
794.56,335.39,794.17,335.51
743.12,377.21,742.96,377.40
789.66,330.67,790.12,330.81
818.81,332.76,819.18,332.81
790.26,330.29,790.12,330.81
818.81,332.76,818.80,332.70
790.26,330.29,789.66,330.67
781.34,410.62,791.24,408.10
782.33,348.96,782.32,348.88
791.33,336.30,790.56,335.37
790.49,336.07,790.56,335.37
778.90,309.18,779.64,309.96
818.81,330.47,818.48,330.69
790.56,329.98,790.26,330.29
830.09,393.82,830.09,393.87
772.13,360.71,774.05,360.77
800.34,330.01,799.15,333.99
790.26,335.07,790.26,330.29
819.13,411.63,818.85,411.49
799.41,391.20,800.65,392.21
790.56,335.37,790.26,335.07
781.10,344.77,793.59,344.95
744.09,377.26,744.30,377.47
791.33,336.30,791.09,335.51
830.20,397.32,826.35,397.32
773.18,341.53,773.19,341.49
744.34,377.47,744.51,377.63
802.64,332.86,802.41,331.87
761.71,355.74,763.92,357.83
742.46,368.42,743.44,369.89
747.70,369.81,741.94,369.81
794.17,335.51,794.52,336.30
764.25,350.43,764.12,350.03
794.56,335.39,794.17,335.51
760.33,382.83,760.07,382.39
818.48,332.54,818.06,332.55
784.39,320.42,784.10,320.45
805.42,443.89,807.30,439.02
790.56,329.98,789.88,329.84
795.29,378.36,795.72,378.49
786.03,341.04,787.19,341.04
727.96,368.07,726.53,366.10
790.56,335.37,790.56,329.98
778.94,327.62,778.92,327.73
762.57,378.34,761.33,378.28
758.30,356.50,760.33,353.61
791.09,329.84,791.09,335.51
746.10,377.56,745.98,377.70
791.09,329.84,791.33,329.01
790.49,329.23,791.33,329.01
763.54,377.87,763.87,377.92
754.14,377.42,753.97,377.56
791.09,329.84,790.49,329.23
790.56,329.98,790.49,329.23
791.09,329.84,790.56,329.98
781.33,420.08,781.05,419.58
817.98,331.61,817.51,329.77
819.18,330.41,817.51,329.77
726.28,355.04,727.89,354.79
753.11,383.16,754.07,382.35
819.18,330.41,818.81,330.47
817.35,343.82,817.57,343.49
818.81,332.76,819.18,332.81
745.98,377.70,745.62,378.04
819.63,332.30,820.24,331.97
819.63,332.30,819.79,331.99
806.39,384.18,806.68,384.49
796.63,320.41,795.63,319.71
820.30,331.61,820.24,331.97
819.79,331.99,820.24,331.97
796.63,320.41,796.43,319.69
820.30,331.61,819.79,331.99
826.67,401.87,827.95,401.73
803.21,328.80,803.53,328.05
747.33,377.56,747.23,377.77
803.21,328.80,804.75,328.78
747.33,377.56,747.49,377.72
798.56,351.71,798.25,351.80
794.77,391.44,794.31,390.42
803.33,378.91,803.89,378.70
819.38,332.55,819.63,332.30
820.08,332.29,819.63,332.30
783.52,306.93,787.44,306.93
820.24,331.26,819.85,331.64
782.91,304.89,782.86,307.04
819.07,332.71,819.83,332.54
804.99,378.60,806.26,376.66
782.91,304.89,783.52,306.93
819.07,332.71,819.38,332.55
819.83,332.54,819.38,332.55
803.89,378.70,804.99,378.60
820.08,330.94,820.24,331.26
792.90,304.23,792.97,306.34
820.08,330.94,819.79,331.30
787.19,304.23,787.70,306.35
818.72,332.77,819.51,332.70
818.36,353.08,818.11,353.07
800.92,335.18,777.93,335.18
757.69,378.09,757.69,377.72
760.56,356.87,760.90,356.87
780.98,398.26,780.83,396.15
811.04,391.99,810.85,391.89
819.83,330.69,820.08,330.94
788.57,304.89,788.06,307.06
819.83,330.69,819.63,330.98
787.40,306.55,786.86,304.60
818.37,332.71,819.15,332.76
823.37,389.17,826.38,389.54
830.70,425.63,831.91,426.69
804.37,329.99,804.52,329.32
756.89,377.56,756.72,377.70
818.37,332.71,818.72,332.77
819.15,332.76,818.72,332.77
819.38,330.73,819.83,330.69
788.36,307.26,788.89,305.26
819.51,330.52,819.38,330.73
809.01,362.87,808.97,353.33
819.15,330.47,819.51,330.52
819.07,330.57,819.51,330.52
819.15,330.47,819.07,330.57
818.72,330.52,819.07,330.57
819.28,387.50,806.40,387.50
775.97,354.56,776.30,354.68
819.15,330.47,818.72,330.52
800.49,329.47,800.34,330.01
796.24,309.23,796.32,309.57
817.81,332.30,818.48,332.54
811.54,355.25,803.04,353.31
800.49,329.47,800.34,333.85
817.81,332.30,818.06,332.55
801.97,372.41,792.22,372.40
818.72,330.52,819.15,330.47
796.99,308.43,796.91,308.01
818.80,330.52,818.72,330.52
784.13,308.43,784.77,309.55
817.65,331.99,818.22,332.29
817.65,331.99,817.81,332.30
818.37,330.57,818.80,330.52
784.85,309.23,785.05,308.94
818.48,330.69,818.37,330.57
784.37,307.66,784.18,308.01
817.60,331.64,818.06,331.97
818.06,331.97,817.65,331.99
818.22,330.94,818.48,330.69
830.21,397.76,830.16,397.71
749.10,384.21,750.42,384.33
797.51,389.51,797.35,389.14
817.24,333.39,816.27,342.72
800.22,370.03,800.22,367.30
818.06,330.73,818.48,330.69
791.57,309.17,790.95,310.28
818.22,330.94,818.06,330.73
790.87,309.95,790.67,309.66
817.65,331.30,818.01,331.61
801.20,333.57,800.65,332.97
815.64,355.08,824.01,355.30
791.52,308.76,790.87,309.95
818.06,331.26,818.22,330.94
768.43,372.69,772.55,370.75
817.81,330.98,818.22,330.94
815.64,355.08,815.60,355.30
799.20,323.87,797.64,320.03
800.43,400.92,801.46,400.06
768.43,372.69,769.06,371.31
817.65,331.30,817.81,330.98
818.06,331.26,817.65,331.30
818.06,331.26,818.22,330.94
819.09,371.56,819.06,372.82
825.27,402.31,825.18,402.63
777.31,339.31,777.18,337.42
818.06,331.26,818.20,330.90
818.47,330.64,818.22,330.94
818.47,330.64,818.20,330.90
778.98,308.77,779.64,309.96
818.80,330.52,818.48,330.69
818.47,330.64,818.48,330.69
790.56,329.98,790.26,335.07
778.90,309.18,778.98,308.77
818.81,330.47,818.47,330.64
819.18,330.41,818.80,330.52
830.21,373.31,830.20,372.00
818.81,330.47,818.80,330.52
819.18,330.41,818.81,330.47
802.95,353.20,802.87,353.32
796.00,308.93,793.32,306.56
818.48,332.54,818.80,332.70
819.51,330.52,819.15,330.47
819.55,330.47,819.15,330.47
818.06,332.55,818.80,332.70
819.18,330.41,819.15,330.47
819.89,330.64,819.51,330.52
798.04,351.87,798.04,354.49
819.55,330.47,819.51,330.52
820.08,330.94,819.83,330.69
820.15,330.90,819.83,330.69
819.89,330.64,819.83,330.69
761.60,370.33,761.26,370.24
820.15,330.90,819.89,330.64
820.24,331.26,820.08,330.94
761.60,370.33,763.14,370.33
820.15,330.90,820.08,330.94
820.32,331.24,820.15,330.90
820.32,331.24,820.24,331.26
820.38,331.61,820.32,331.24
830.21,373.31,829.93,372.00
820.08,332.29,820.24,331.97
820.32,331.98,820.24,331.97
722.09,350.02,724.42,352.82
820.15,332.32,820.32,331.98
795.90,356.15,798.48,353.34
744.34,368.42,744.96,369.89
819.83,332.54,820.08,332.29
819.89,332.58,820.08,332.29
820.15,332.32,820.08,332.29
819.51,332.70,819.83,332.54
819.55,332.76,819.83,332.54
819.89,332.58,819.83,332.54
819.55,332.76,819.89,332.58
819.15,332.76,819.51,332.70
790.61,310.18,795.48,309.52
819.18,332.81,819.51,332.70
805.46,328.61,805.51,328.53
792.10,328.18,791.82,327.72
799.04,418.13,798.35,417.62
770.97,361.54,771.61,360.95
830.20,372.00,830.46,373.31
818.80,332.70,819.15,332.76
818.81,332.76,819.15,332.76
742.45,368.25,744.37,368.25
819.18,332.81,819.15,332.76
818.48,332.54,818.80,332.70
818.47,332.58,818.80,332.70
830.30,395.65,830.36,395.62
750.52,384.55,751.80,384.95
818.47,332.58,818.81,332.76
832.01,407.43,830.64,406.01
818.22,332.29,818.48,332.54
792.30,306.23,792.45,306.88
818.20,332.32,818.48,332.54
741.94,369.81,743.72,369.83
818.47,332.58,818.48,332.54
818.20,332.32,818.47,332.58
817.10,334.74,817.13,335.69
788.18,306.80,792.00,306.80
818.03,331.98,818.22,332.29
798.86,398.00,800.11,397.34
818.20,332.32,818.22,332.29
741.53,369.80,743.45,369.81
818.06,331.26,818.03,331.24
817.98,331.61,818.01,331.61
794.89,376.83,794.89,379.59
811.56,351.58,803.04,353.31
818.06,331.97,818.01,331.61
817.98,331.61,818.06,331.97
778.83,401.32,779.25,401.20
743.63,377.87,744.23,381.94
827.23,373.35,829.59,373.43
831.54,431.96,831.49,431.10
812.05,334.63,821.88,334.84
828.31,371.82,830.98,371.90
826.88,384.49,818.84,384.01
811.21,336.07,811.82,335.46
787.51,303.78,787.43,303.99
809.53,333.22,809.38,333.02
821.25,335.47,811.82,335.46
790.65,347.76,790.69,347.73
821.25,335.47,821.88,334.84
811.82,335.46,821.88,334.84
750.86,384.50,750.01,384.83
795.56,309.86,796.32,309.57
821.52,334.39,821.67,333.85
797.51,389.51,796.28,391.02
807.19,336.30,806.97,336.02
816.79,335.42,806.97,336.02
807.19,336.30,816.79,335.42
817.13,335.69,816.79,335.42
807.19,336.30,817.13,335.69
777.04,369.08,775.27,368.80
806.97,336.02,816.79,335.42
774.26,347.15,774.36,347.07
825.14,392.71,824.40,390.80
772.97,370.66,763.43,370.42
812.05,330.67,812.05,334.63
775.61,370.24,775.12,369.08
822.11,333.99,812.05,334.63
772.03,370.68,772.97,370.66
779.59,395.51,780.73,396.13
831.38,353.96,830.85,355.48
827.34,373.23,825.15,373.01
758.85,373.51,759.01,373.78
799.81,353.33,799.02,353.33
761.94,370.42,772.03,370.68
770.01,382.08,770.99,382.08
829.59,373.43,831.31,373.35
830.12,406.39,830.17,406.45
790.02,356.21,790.47,358.08
806.68,330.84,806.83,335.51
821.67,330.01,822.11,333.99
773.83,370.33,774.00,370.24
821.67,333.85,822.11,333.99
776.42,355.34,775.99,355.45
765.32,377.94,765.50,379.47
823.62,371.82,823.89,371.81
810.38,336.30,811.21,336.07
775.25,370.42,773.76,370.42
811.21,336.07,821.25,335.47
782.93,364.17,783.09,364.20
807.36,332.36,807.42,332.02
821.21,334.70,821.52,334.39
796.35,341.28,794.93,341.35
821.52,329.47,821.67,330.01
798.37,391.15,797.28,391.15
821.52,329.47,821.67,333.85
810.38,336.30,807.19,336.30
757.04,369.89,755.24,369.88
817.13,335.69,807.19,336.30
810.38,336.30,817.13,335.69
827.03,373.21,827.02,371.90
820.40,335.69,817.13,335.69
798.85,323.64,791.63,324.33
753.56,384.43,752.64,384.50
810.38,336.30,820.40,335.69
780.38,310.18,779.87,309.66
817.10,334.74,817.51,334.85
817.13,335.69,817.51,334.85
829.89,392.84,830.09,393.82
800.06,332.30,799.36,332.10
751.73,384.64,753.01,385.04
749.95,377.76,749.73,377.54
811.56,351.58,811.74,351.34
788.33,306.23,792.00,306.80
818.06,331.97,818.22,332.29
816.79,335.42,817.13,335.69
788.18,306.80,787.76,306.88
818.03,331.98,818.20,332.32
757.68,368.25,757.37,368.42
817.10,334.74,816.79,335.42
806.68,335.39,817.10,330.06
829.43,371.99,830.17,373.30
817.10,334.74,817.10,330.06
806.68,335.39,817.10,334.74
770.52,378.24,770.07,378.38
824.47,373.01,821.06,373.01
811.82,329.84,812.05,330.67
752.68,369.83,748.20,369.83
822.11,329.93,812.05,330.67
820.81,371.72,824.44,371.72
437.19,483.16,386.08,344.81
821.52,329.47,821.67,330.01
784.25,440.94,785.10,440.99
821.25,335.47,821.21,334.70
827.59,373.25,828.15,373.25
820.40,335.69,821.25,335.47
780.71,350.84,779.76,350.91
829.96,406.12,829.83,406.09
808.48,333.48,808.82,333.43
802.71,340.73,802.66,340.62
798.25,359.57,798.33,359.95
821.21,329.16,821.52,329.47
780.71,350.84,779.60,350.91
798.82,438.93,806.55,438.93
718.90,349.59,715.95,351.47
779.63,369.55,775.77,369.05
787.72,364.74,786.85,365.44
808.48,333.48,808.45,333.54
821.21,329.16,821.52,334.39
792.15,302.30,792.04,302.25
817.51,334.85,820.68,334.85
817.51,334.85,820.40,335.69
817.51,334.85,817.51,329.77
827.02,371.90,830.74,373.21
817.10,334.74,817.51,334.85
783.22,370.72,783.47,370.66
817.10,330.06,817.10,334.74
779.06,370.74,778.47,370.72
821.88,329.08,811.82,329.84
830.70,371.90,830.98,371.90
811.21,329.23,821.88,329.08
777.91,361.88,777.66,361.71
774.68,355.21,776.03,355.21
804.49,347.65,807.70,347.73
805.13,335.72,790.90,335.72
769.30,376.69,768.51,376.39
821.21,329.16,821.52,329.47
830.29,373.33,830.49,373.33
821.21,329.16,821.88,329.08
772.76,355.23,772.78,355.18
771.41,376.69,771.25,376.29
820.68,329.02,821.21,329.16
831.44,373.21,830.74,373.21
821.21,334.70,821.21,329.16
820.68,329.02,821.21,334.70
811.57,381.52,810.98,382.96
811.21,329.23,810.43,329.98
786.90,366.20,785.78,368.03
820.81,367.73,818.55,366.04
806.41,386.94,812.11,383.56
797.48,331.43,797.89,331.78
820.68,334.85,821.21,334.70
752.68,384.78,751.73,384.43
780.36,360.00,779.47,363.36
820.68,329.02,820.68,334.85
811.21,329.23,810.38,329.01
818.53,340.19,817.21,340.39
821.25,328.45,811.21,329.23
746.39,382.71,744.90,382.34
751.87,384.41,753.20,384.53
748.10,375.83,747.84,375.90
820.40,328.22,821.25,328.45
830.17,373.30,833.65,373.30
748.52,375.10,747.98,375.61
821.25,328.45,820.40,328.22
799.36,368.54,798.35,368.41
742.30,381.46,741.63,380.80
745.05,381.65,741.63,380.80
821.21,329.16,821.25,328.45
789.57,363.62,790.02,363.79
778.43,337.35,778.46,332.49
754.71,382.20,754.55,382.45
809.62,332.37,809.57,332.73
808.45,331.20,808.09,331.25
782.08,418.94,781.97,419.69
751.76,377.86,751.97,377.96
786.03,366.08,788.83,366.07
804.06,355.67,804.19,356.17
820.68,329.02,820.15,330.90
806.83,335.51,809.91,335.51
806.83,335.51,808.45,333.54
809.77,332.98,809.54,332.71
748.56,374.64,748.05,375.16
809.54,332.71,809.93,332.68
748.52,374.18,748.03,374.63
809.59,332.36,809.98,332.34
819.18,332.35,818.95,332.31
827.55,371.81,827.58,373.11
808.82,333.43,809.22,333.38
817.27,377.22,817.27,379.09
788.24,345.79,787.52,346.92
788.25,304.21,783.33,304.42
808.89,333.43,809.22,333.38
792.33,333.05,792.38,333.41
830.45,373.20,830.70,371.90
809.53,331.45,809.77,331.69
826.99,373.20,830.45,373.20
808.54,376.45,808.73,376.68
809.13,331.46,809.38,331.71
808.48,333.48,808.89,333.43
792.13,332.94,792.07,333.26
808.55,333.38,808.89,333.43
783.23,304.35,787.21,303.74
808.48,331.25,808.89,331.24
808.48,331.25,809.22,331.29
828.97,359.53,829.61,360.98
791.49,327.60,791.97,327.80
799.54,372.10,799.17,371.87
808.00,332.98,808.24,333.22
792.33,331.68,792.38,331.29
823.90,373.11,824.10,373.25
807.84,332.68,808.00,332.98
782.85,304.77,786.93,304.15
807.84,332.68,807.58,333.02
826.29,373.19,823.90,373.11
807.42,332.71,807.58,333.02
792.55,331.65,792.73,331.24
808.24,331.45,808.55,331.29
758.93,375.88,758.67,375.83
808.13,331.30,808.55,331.29
828.60,359.55,829.05,361.00
792.78,331.68,793.07,331.29
821.21,373.15,824.48,373.15
807.79,332.34,807.84,332.68
793.55,347.09,793.34,348.05
786.64,304.47,782.49,305.10
807.79,332.34,807.42,332.71
786.20,388.64,786.47,389.17
793.13,331.94,793.38,331.45
788.08,336.83,787.90,336.79
801.00,324.09,785.56,323.87
829.91,405.91,829.78,405.90
794.89,382.35,795.28,382.24
809.13,333.27,809.38,333.02
807.58,331.71,808.24,331.45
778.24,346.19,777.01,347.19
807.84,332.00,807.36,332.36
826.99,373.20,827.02,371.90
758.19,374.60,758.23,375.06
807.76,331.42,807.51,331.68
767.64,360.00,770.33,360.00
826.99,373.20,830.70,371.90
785.18,351.23,786.49,352.04
807.76,331.42,807.58,331.71
759.62,373.33,759.76,373.64
807.82,331.46,807.76,331.42
830.12,405.05,829.98,405.10
758.83,374.06,758.73,374.59
808.13,331.30,807.82,331.46
797.00,307.91,791.79,308.63
758.78,369.07,759.06,369.20
808.45,331.20,808.09,331.25
814.04,371.54,814.08,372.79
746.64,382.54,746.47,382.29
830.55,405.55,830.38,405.56
808.45,331.20,808.13,331.30
772.03,370.68,772.93,370.74
747.11,382.45,746.47,382.29
828.15,373.25,827.59,373.25
830.57,405.77,830.39,405.77
758.49,373.50,758.67,373.41
808.82,331.30,808.48,331.25
759.20,373.31,759.42,373.21
809.14,331.42,808.81,331.25
752.28,383.56,750.84,383.46
747.35,378.14,747.49,377.72
780.22,345.00,778.24,346.19
758.49,373.50,759.42,373.21
808.82,331.30,808.81,331.25
785.35,368.02,783.96,369.64
809.91,329.84,810.38,329.01
759.62,373.33,759.89,373.56
782.09,336.19,781.55,336.84
757.24,355.80,760.56,356.87
791.33,362.16,790.47,361.92
759.20,373.31,758.99,373.61
809.14,331.42,808.82,331.30
809.40,331.68,809.14,331.42
813.08,359.56,813.14,360.94
821.01,373.15,825.03,373.15
778.09,404.74,778.95,404.49
805.14,333.26,804.72,333.76
758.01,385.02,757.09,384.83
830.43,406.33,830.26,406.28
809.38,333.02,809.54,332.71
776.52,325.56,775.59,343.36
753.39,384.52,754.65,384.92
808.82,333.43,808.81,333.48
802.41,340.72,802.71,340.73
821.21,334.70,821.52,334.39
808.09,333.48,808.45,333.54
827.37,384.79,827.75,384.53
801.97,353.22,792.22,353.23
830.23,406.44,830.08,406.39
808.13,333.43,808.48,333.48
829.90,406.24,829.98,406.34
807.82,333.27,808.13,333.43
801.11,359.58,801.15,360.91
827.55,371.81,827.82,371.81
830.03,406.28,829.90,406.24
807.51,333.05,807.76,333.31
807.82,333.27,807.76,333.31
827.55,371.81,827.54,373.09
807.51,333.05,807.82,333.27
830.12,406.39,830.03,406.28
807.58,333.02,807.82,333.27
807.58,333.02,807.51,333.05
829.59,373.43,827.23,373.35
830.07,405.09,829.99,405.25
787.21,303.57,787.51,303.57
807.34,332.73,807.58,333.02
807.34,332.00,807.42,332.02
781.44,378.11,781.61,377.32
807.75,332.37,807.58,332.01
784.89,343.06,786.17,343.49
801.29,405.31,802.23,404.12
821.06,373.01,821.21,373.15
821.25,335.47,821.88,334.84
783.40,304.21,783.60,303.00
771.44,372.29,772.78,370.93
807.28,332.37,807.34,332.00
785.23,349.22,785.18,351.23
801.29,405.31,801.35,405.09
830.12,405.05,830.17,404.99
807.28,332.37,807.42,332.71
782.30,398.28,785.86,403.71
785.62,369.82,785.31,369.49
807.36,332.36,807.42,332.71
785.23,349.22,786.85,350.21
807.28,332.37,807.36,332.36
777.71,396.12,777.48,396.24
824.43,372.99,824.71,371.72
810.88,330.81,810.88,334.55
786.81,350.15,787.07,351.42
747.25,373.10,747.56,373.33
812.05,334.63,810.88,334.55
824.43,372.99,822.12,371.64
810.88,330.81,812.05,334.63
799.39,338.18,799.46,338.24
748.48,371.21,748.41,377.69
812.05,330.67,812.05,334.63
811.21,336.07,811.82,335.46
761.99,358.01,761.24,357.86
787.07,351.42,788.31,352.86
810.74,335.07,811.82,335.46
749.95,377.76,749.73,377.54
811.21,336.07,810.74,335.07
777.77,400.20,778.83,401.32
817.77,371.64,818.02,372.91
810.74,335.07,810.88,334.55
761.76,377.46,761.69,377.94
758.34,377.61,758.88,374.01
775.02,370.97,776.19,367.27
810.74,330.29,810.88,334.55
810.88,330.81,810.88,334.55
771.18,368.55,773.72,366.97
797.15,402.27,798.34,403.87
810.74,330.29,810.88,330.81
788.22,362.14,788.40,362.15
774.26,372.84,776.22,372.03
786.59,356.08,787.05,358.01
830.55,405.55,830.64,405.53
797.09,389.53,798.67,389.08
806.68,335.39,807.19,336.30
818.63,366.48,818.58,365.62
829.76,392.20,829.97,392.13
783.64,327.04,783.91,327.20
810.74,330.29,810.88,330.81
754.66,384.85,754.72,385.16
779.49,389.36,781.18,389.08
812.05,330.67,810.88,330.81
810.43,335.37,811.21,336.07
817.77,372.91,817.50,371.64
778.08,340.91,777.73,339.24
810.43,335.37,810.74,335.07
770.72,382.84,771.19,382.99
817.03,371.63,817.74,372.90
810.43,329.98,810.74,335.07
786.38,425.53,786.42,427.16
759.73,373.22,759.62,373.33
783.75,369.39,785.18,368.79
833.72,387.94,829.14,387.94
817.81,340.69,817.58,340.46
804.31,345.83,804.33,345.79
798.68,337.26,799.47,331.66
776.89,324.61,776.89,325.49
817.03,371.63,817.07,372.89
829.26,376.68,825.66,376.54
785.70,350.72,785.58,350.72
810.43,329.98,810.74,330.29
779.77,369.61,778.15,370.99
833.30,348.80,830.52,349.16
810.38,336.30,807.19,336.30
793.96,347.19,793.81,348.07
779.34,392.18,779.53,392.14
788.89,305.26,788.57,304.89
817.10,334.74,816.79,335.42
830.33,406.42,830.40,406.47
806.83,335.51,810.38,336.30
809.91,335.51,810.38,336.30
791.24,408.10,790.58,411.10
774.24,353.53,773.30,354.62
830.12,406.39,830.23,406.44
806.68,330.84,806.68,335.39
799.21,367.55,799.21,369.79
784.75,415.84,784.92,415.58
772.98,349.19,774.74,348.46
769.95,352.89,772.75,354.21
827.54,373.09,825.15,373.01
812.05,330.67,822.11,333.99
806.83,335.51,806.68,335.39
827.34,373.23,825.03,373.15
800.22,370.03,800.22,367.30
767.68,354.49,768.07,356.24
827.29,373.10,827.54,373.09
790.02,356.21,790.00,358.16
806.68,330.84,806.83,330.57
776.90,401.89,776.45,400.80
820.22,373.13,824.23,373.13
779.52,321.15,779.52,320.32
828.87,339.81,828.92,339.68
811.82,329.84,810.74,330.29
793.45,381.56,790.31,385.75
818.65,340.39,800.18,340.13
776.47,338.73,776.57,337.12
809.91,335.51,810.43,335.37
791.09,335.50,778.08,333.79
755.03,384.55,754.97,385.04
790.98,321.15,791.56,324.46
809.91,329.84,810.43,335.37
811.15,380.67,811.57,381.52
810.43,329.98,810.43,335.37
790.98,321.15,791.57,321.16
807.60,351.17,810.82,351.10
809.91,329.84,810.43,329.98
823.30,373.23,823.86,373.10
829.94,405.46,829.91,405.48
807.60,351.17,825.51,352.26
759.62,373.33,759.76,373.64
809.91,329.84,811.21,329.23
814.36,382.03,810.54,381.74
800.47,370.61,799.28,370.13
822.73,383.37,822.14,383.99
764.43,364.29,764.58,364.26
823.04,339.72,822.98,339.60
779.14,308.29,779.22,308.41
777.31,335.51,773.42,333.77
822.71,339.71,822.98,339.60
824.43,372.99,822.08,372.91
773.06,335.51,773.42,333.77
806.64,343.22,806.66,342.60
812.19,381.91,810.14,381.59
796.10,371.38,808.48,371.65
778.98,308.77,779.14,308.29
791.46,335.51,791.84,333.77
816.96,339.90,824.48,339.90
779.93,367.97,778.70,367.67
796.10,371.38,797.89,378.29
778.98,308.77,778.89,308.64
791.46,335.51,796.12,333.77
756.38,384.98,757.68,385.38
825.51,352.26,824.65,350.78
800.06,365.91,807.49,364.63
788.08,336.83,805.08,337.38
774.01,356.34,773.52,357.51
773.06,335.51,777.31,335.51
825.81,339.96,825.85,339.83
767.30,379.51,767.25,380.32
783.84,308.32,784.13,308.43
777.18,337.42,773.06,335.51
817.77,371.64,821.37,371.64
784.18,308.01,784.13,308.43
772.94,337.42,773.06,335.51
770.55,378.79,769.95,379.28
812.03,354.13,810.53,355.40
770.60,372.07,772.18,373.47
803.67,342.71,804.21,343.32
783.91,307.91,783.84,308.32
791.33,337.42,791.46,335.51
818.32,339.83,818.22,339.96
783.91,307.91,784.18,308.01
791.33,337.42,795.74,335.51
793.59,344.95,793.75,344.89
781.45,336.73,779.36,343.18
818.06,339.95,818.22,339.96
824.44,371.72,820.81,371.72
795.61,337.42,795.74,335.51
807.94,367.45,807.94,370.23
826.30,394.48,830.19,394.48
767.06,370.26,768.12,372.15
767.45,371.05,770.09,373.51
804.40,343.32,806.64,343.22
820.78,373.00,824.18,373.00
773.06,339.31,772.94,337.42
795.61,337.42,791.33,337.42
803.86,342.72,804.40,343.32
827.52,339.75,827.79,339.86
784.10,307.57,786.86,304.60
791.46,339.31,791.33,337.42
827.52,339.75,827.63,339.87
825.21,402.14,825.27,402.31
784.10,307.57,784.37,307.66
791.46,339.31,795.61,337.42
821.41,373.05,821.40,372.91
795.74,339.31,795.61,337.42
821.96,373.05,821.41,373.05
777.67,341.01,777.31,339.31
782.91,304.89,783.20,304.64
809.91,335.51,810.43,335.37
773.06,339.31,777.31,339.31
828.48,418.90,827.78,419.02
797.83,356.20,797.96,355.97
820.00,339.87,819.95,339.75
791.86,309.04,791.57,309.17
773.42,341.01,773.06,339.31
815.40,343.32,816.08,342.71
791.79,308.63,791.86,309.04
791.84,341.01,791.46,339.31
791.79,308.63,791.52,308.76
791.84,341.01,795.74,339.31
795.81,339.64,796.18,339.25
797.28,341.00,804.47,341.00
778.08,333.79,778.30,333.26
777.67,341.01,773.42,341.01
784.51,379.06,783.81,381.19
826.19,393.82,830.09,393.87
774.69,343.18,774.37,342.83
776.84,324.57,776.78,325.06
805.49,340.59,812.84,340.59
790.29,392.12,790.19,392.49
791.87,332.59,791.82,333.01
778.46,332.49,778.37,332.23
826.36,397.30,826.19,397.10
776.84,324.57,777.21,325.02
830.33,406.52,833.03,406.52
791.87,332.59,791.98,332.79
778.46,332.49,792.56,332.22
777.25,324.57,777.21,325.02
827.04,391.28,827.66,394.44
792.41,332.46,792.56,332.22
774.79,348.84,776.58,348.42
775.44,399.96,775.84,401.83
780.25,332.27,780.21,344.33
778.46,332.49,777.87,333.87
816.86,330.05,791.57,331.94
820.22,373.13,820.77,373.13
796.74,307.57,793.33,304.47
777.52,335.56,777.87,333.87
799.39,355.30,806.29,355.22
771.33,372.36,773.34,373.20
777.67,333.77,777.87,333.87
796.74,307.57,796.66,307.66
777.52,335.56,777.67,333.77
805.13,330.05,816.86,330.05
788.29,351.44,788.67,354.21
783.31,333.95,783.31,334.08
799.41,340.17,799.85,340.26
832.01,407.43,831.93,407.90
777.31,335.51,777.67,333.77
777.92,341.91,778.15,342.46
802.87,329.74,803.08,328.80
817.77,372.91,817.97,373.05
791.46,335.51,791.84,333.77
799.39,355.30,800.47,354.99
795.63,449.50,790.28,449.50
796.72,342.34,796.12,341.01
783.48,337.97,781.21,344.39
777.92,341.91,778.29,342.36
802.87,329.74,802.81,329.70
774.69,343.18,778.26,342.36
796.99,308.43,797.08,308.32
791.46,335.51,791.80,333.87
820.10,372.99,817.77,372.91
791.43,335.56,791.80,333.87
791.43,335.56,791.46,335.51
803.50,362.37,803.45,361.99
777.62,369.07,777.67,369.20
821.25,335.47,821.52,334.39
780.44,344.34,780.44,332.28
779.20,394.25,778.63,393.53
802.19,335.57,801.82,343.49
782.93,324.24,793.90,306.97
777.52,339.25,777.40,337.41
804.99,342.28,805.14,342.28
818.03,331.24,818.20,330.90
782.93,324.24,793.90,324.24
777.52,339.25,777.18,337.42
824.15,373.11,827.58,373.11
791.42,344.34,780.44,344.34
790.87,309.95,790.61,310.18
789.16,358.74,788.86,357.51
791.42,332.28,791.42,344.34
818.35,371.55,819.09,371.56
791.46,339.31,791.33,337.42
779.26,369.07,778.70,367.67
801.60,400.00,801.29,397.92
767.26,378.84,767.17,378.24
829.01,402.63,828.90,402.56
791.84,341.01,791.46,339.31
791.84,341.01,791.43,339.25
825.18,402.63,829.01,402.63
791.80,340.90,791.43,339.25
778.40,342.13,777.87,340.90
799.76,401.81,798.44,401.45
756.69,385.16,755.71,385.25
822.08,372.91,821.40,372.91
777.67,341.01,777.87,340.90
806.39,331.31,806.25,331.84
780.36,321.38,776.69,324.00
807.76,331.42,807.51,331.68
787.90,336.79,787.89,326.35
778.40,342.13,777.67,341.01
824.43,372.99,822.08,372.91
778.26,342.36,773.98,342.34
824.18,373.00,824.43,372.99
780.78,404.29,780.65,404.12
791.69,324.66,793.37,320.87
793.55,340.79,799.95,340.46
805.51,353.10,805.37,353.23
761.29,352.09,761.54,352.41
785.05,341.09,785.86,341.05
776.43,347.88,778.35,347.73
772.59,373.49,774.80,373.77
783.01,331.98,782.79,332.53
778.33,324.66,776.66,320.87
763.99,372.11,768.00,372.25
763.99,372.11,765.96,372.92
788.31,352.86,789.30,354.49
747.15,373.31,747.92,373.50
808.82,331.30,809.22,331.29
829.05,402.70,828.89,402.59
791.32,327.52,791.96,327.87
791.32,327.52,791.82,327.72
782.76,348.95,781.98,349.73
790.02,356.21,790.47,358.08
807.82,333.27,808.24,333.22
814.97,372.96,818.93,372.96
792.02,328.22,791.82,327.72
779.84,363.46,778.70,364.87
802.64,328.63,803.20,327.83
792.16,328.35,791.82,327.72
791.96,327.87,791.82,327.72
829.17,402.31,829.11,402.31
792.16,328.35,791.96,327.87
819.61,331.02,819.77,331.18
790.53,341.22,790.44,341.34
792.02,341.86,792.02,328.22
817.50,333.88,817.03,333.31
824.46,377.25,824.77,377.92
818.35,371.55,818.38,372.81
776.59,348.01,778.49,347.86
802.62,329.66,802.41,329.65
792.16,341.69,792.16,328.35
825.19,402.51,826.13,402.60
803.16,340.41,803.20,341.04
810.04,340.55,810.82,340.51
799.22,347.05,792.05,347.30
783.83,302.64,783.60,302.72
780.27,347.88,782.14,348.33
793.78,421.92,795.59,421.74
799.72,422.50,799.02,421.99
777.84,371.95,779.74,372.10
819.18,331.61,819.40,330.91
778.54,328.35,778.74,327.87
798.50,370.46,798.82,370.43
777.75,347.97,779.65,347.82
829.46,386.24,833.72,387.94
753.55,383.60,754.76,383.68
793.78,421.92,795.75,421.97
818.62,342.60,818.43,342.60
819.18,331.61,819.18,330.88
778.54,328.35,778.29,327.72
817.50,333.88,817.24,333.39
807.67,370.81,800.47,370.61
831.55,396.15,831.38,398.27
800.65,339.18,801.75,339.45
804.75,332.61,804.52,332.11
800.70,413.25,800.30,413.29
791.96,342.17,792.16,341.69
758.31,371.11,758.88,374.01
825.50,400.99,829.39,400.99
792.02,341.86,791.96,342.17
824.68,396.70,824.89,396.85
799.62,393.99,797.95,392.46
780.25,348.42,782.04,348.84
794.32,389.34,795.17,389.81
781.61,352.48,785.59,352.58
800.11,412.74,799.30,412.42
791.82,342.36,791.96,342.17
800.10,345.96,799.65,346.50
795.90,370.46,795.90,362.79
783.97,347.70,785.82,348.83
825.56,400.96,829.39,400.99
791.48,342.37,791.96,342.17
826.60,352.70,827.57,354.62
805.37,354.22,801.51,355.51
783.79,352.68,783.94,352.85
805.29,333.31,805.05,333.88
800.22,367.30,799.28,367.22
795.66,370.43,795.66,362.79
767.06,349.73,768.76,348.69
785.78,348.77,787.44,350.19
791.32,342.56,791.82,342.36
759.11,374.18,759.81,374.63
807.36,332.36,807.79,332.34
766.29,348.96,767.06,349.73
821.37,371.64,821.64,371.63
821.37,371.64,821.37,372.89
800.13,413.64,799.61,414.44
779.22,342.37,791.32,342.56
821.09,368.62,828.08,366.73
821.17,373.03,821.37,372.89
829.24,339.41,828.33,340.80
778.78,342.56,791.32,342.56
778.78,342.56,779.22,342.37
784.78,352.54,785.82,354.24
788.13,440.93,788.09,441.72
796.48,379.99,796.39,379.59
785.31,369.49,783.74,370.45
785.05,341.09,785.70,339.93
810.74,330.29,812.05,330.67
808.54,379.17,803.89,378.70
778.40,342.13,778.32,342.39
758.78,369.07,742.06,368.63
778.74,342.17,779.22,342.37
798.82,362.79,798.82,370.43
787.31,355.75,787.58,356.87
791.96,342.17,791.48,342.37
778.54,341.69,778.74,342.17
770.14,358.70,770.03,358.21
791.98,390.88,790.29,392.12
761.55,378.53,761.45,377.94
806.29,358.55,799.39,358.57
783.75,360.00,787.62,360.00
817.73,373.03,817.74,372.90
808.48,371.65,812.40,375.94
781.63,348.05,782.25,350.29
747.64,383.68,746.39,382.71
758.85,373.51,759.76,373.64
808.09,331.25,807.76,331.42
783.75,360.00,787.45,357.85
805.51,332.58,805.14,333.26
774.92,363.41,775.53,364.42
778.54,341.69,778.54,328.35
802.17,411.18,801.20,411.12
778.09,328.22,778.54,328.35
795.70,359.27,796.28,357.93
781.63,348.05,783.75,350.64
752.67,377.69,752.86,377.92
747.64,383.68,746.64,382.54
789.52,352.89,788.67,354.21
808.09,331.25,807.82,331.46
791.98,390.88,790.91,390.88
758.56,356.54,757.24,355.83
783.75,360.00,783.58,362.12
817.19,373.03,820.97,373.03
802.01,411.44,801.11,411.88
778.09,341.86,778.09,328.22
801.96,411.89,801.23,412.65
778.54,341.69,778.09,341.86
792.33,331.68,792.13,331.79
778.15,327.63,778.70,327.40
754.40,377.21,755.38,377.26
830.69,373.19,828.27,373.11
758.67,373.41,758.85,373.51
778.30,333.26,791.46,333.79
808.45,331.20,808.48,331.25
799.17,371.87,798.91,371.27
775.18,371.68,775.57,372.15
774.10,357.62,774.19,358.82
759.56,355.12,758.56,356.54
814.78,372.82,814.51,371.56
791.32,327.40,778.70,327.40
801.51,331.62,801.56,331.98
773.96,355.35,773.96,360.71
814.78,372.82,817.03,371.63
791.32,327.40,778.78,327.52
800.78,405.15,801.34,405.53
787.05,361.98,787.72,364.22
790.83,364.26,789.28,365.57
772.62,350.21,774.93,352.04
795.66,362.79,795.66,370.43
819.85,355.63,819.14,359.56
775.12,337.26,777.07,333.69
784.20,319.70,784.81,319.69
805.46,328.61,805.67,329.52
792.10,328.18,791.87,327.63
791.82,327.72,791.87,327.63
829.96,405.28,829.83,405.32
809.13,331.46,808.82,331.30
816.11,371.47,816.07,372.72
789.76,361.44,789.43,362.84
805.17,327.80,805.51,328.53
792.02,328.22,791.82,327.72
718.06,361.58,718.79,363.01
797.61,356.33,797.57,356.32
796.32,309.57,796.36,318.84
798.84,388.90,798.67,389.08
805.38,333.02,805.70,332.88
795.25,392.70,794.77,391.44
784.71,330.54,784.51,331.57
778.09,328.22,778.29,327.72
781.56,372.02,783.42,371.58
778.15,327.63,778.29,327.72
810.56,355.44,811.98,354.24
826.42,373.33,826.99,373.20
809.38,331.71,809.40,331.68
801.60,343.82,799.23,339.55
757.24,364.20,760.56,363.13
814.78,371.55,815.03,372.81
829.52,401.02,829.40,400.96
798.84,418.83,798.12,419.58
792.10,341.91,792.10,328.18
768.93,353.11,767.68,354.49
808.13,331.30,808.89,331.24
785.78,368.03,784.39,369.66
809.57,332.00,809.38,331.71
768.12,347.84,768.00,347.75
798.48,356.05,799.02,356.10
799.01,339.69,801.60,343.82
758.05,366.13,758.05,366.17
761.07,360.00,761.03,360.00
758.05,366.13,759.16,367.94
798.91,371.27,798.83,362.79
776.86,400.19,777.37,398.22
759.23,365.08,760.15,366.57
791.87,342.46,792.02,341.86
803.08,328.80,803.53,328.05
776.47,335.53,775.24,334.53
803.79,333.95,803.37,333.49
799.31,372.32,798.90,372.06
761.20,362.15,761.71,364.25
821.01,373.15,824.48,373.15
825.70,400.51,829.53,400.51
778.78,342.56,791.32,342.56
797.54,390.70,797.69,390.84
822.07,376.99,822.45,377.39
818.93,372.96,818.38,372.81
778.15,342.46,778.70,342.68
805.64,355.76,804.32,359.57
776.86,346.51,776.96,346.40
818.93,372.96,818.39,372.95
778.15,342.46,778.78,342.56
794.89,341.47,795.19,341.46
776.50,347.47,778.44,347.93
811.79,376.31,809.79,376.85
821.37,372.89,819.06,372.82
778.29,342.36,778.15,342.46
830.33,406.42,830.18,406.37
781.37,344.05,780.22,345.00
808.82,333.43,809.13,333.27
794.89,341.47,794.93,341.35
808.45,333.54,808.81,333.48
788.88,364.17,787.72,364.74
817.51,329.77,804.50,329.77
829.39,400.99,829.17,402.31
802.74,330.76,802.87,329.74
778.09,341.86,778.09,328.22
795.46,372.06,798.90,372.06
746.20,381.94,744.87,382.15
778.44,347.93,780.28,348.69
821.12,372.90,821.37,372.89
777.93,328.18,778.09,328.22
808.45,333.54,808.82,333.43
769.20,348.81,770.09,346.49
807.70,347.73,808.14,348.83
764.52,369.72,766.16,371.12
829.39,400.99,829.56,401.08
778.09,341.86,777.93,328.18
783.92,426.40,784.44,426.89
769.80,367.16,771.18,368.55
820.97,373.03,821.17,373.03
777.92,341.91,777.93,328.18
778.09,341.86,777.92,341.91
811.83,372.72,814.08,372.79
833.84,382.25,825.33,394.77
802.70,415.84,801.79,416.27
778.54,341.69,778.74,342.17
814.08,372.79,814.04,371.54
829.98,406.34,830.23,406.44
807.76,333.31,808.09,333.48
796.45,341.39,796.60,341.38
795.64,392.03,795.69,393.71
803.08,339.93,803.20,340.46
807.67,358.86,799.39,358.57
817.19,373.03,817.74,372.90
778.74,342.17,791.96,342.17
823.86,373.10,823.89,371.81
802.75,355.50,803.04,355.79
791.73,341.06,810.11,346.27
814.00,340.53,814.32,340.53
792.20,349.29,792.76,349.25
791.96,327.87,791.48,327.67
798.13,397.91,798.26,395.88
773.44,373.12,776.43,372.12
799.21,369.79,799.28,370.13
802.66,339.26,802.89,339.52
806.48,358.40,799.39,358.57
775.89,348.42,777.75,347.97
787.43,307.09,787.40,306.55
791.73,341.06,810.11,341.06
814.00,340.53,814.04,340.41
789.48,355.53,790.07,356.96
808.93,371.38,812.45,371.38
787.03,368.67,785.56,369.92
773.40,334.35,773.87,333.18
793.61,350.21,792.20,349.29
778.74,327.87,779.22,327.67
807.34,332.00,807.51,331.68
792.16,328.35,792.16,341.69
806.47,340.53,806.63,340.53
815.38,371.46,811.83,371.46
832.69,355.14,829.72,355.51
818.27,347.32,799.51,347.32
806.73,340.41,806.63,340.53
807.42,332.02,807.58,331.71
778.29,327.72,778.78,327.52
796.72,342.34,792.48,342.36
807.42,332.71,807.34,332.73
767.97,346.66,765.96,347.07
812.02,372.86,815.95,372.86
802.88,402.68,802.88,402.55
778.32,342.39,792.49,342.40
792.16,328.35,791.96,327.87
792.16,328.35,778.74,327.87
779.06,386.37,778.81,386.97
752.10,383.78,750.83,383.02
792.16,328.35,778.54,328.35
795.54,371.23,795.66,370.43
789.35,341.28,794.93,341.35
799.02,353.33,798.69,353.11
773.34,346.80,773.44,346.87
818.35,371.55,818.36,372.79
797.09,389.53,798.84,388.90
806.68,335.39,806.83,335.51
818.35,371.55,818.63,371.54
775.12,332.10,775.09,332.30
726.28,355.04,727.89,354.79
801.81,421.28,800.91,420.75
776.37,332.99,775.78,332.30
817.72,341.71,842.31,340.59
758.23,375.06,758.71,375.12
818.11,372.80,818.36,372.79
772.42,335.80,773.10,335.80
804.63,327.20,805.17,327.80
775.69,332.99,775.78,332.30
801.98,421.58,801.25,420.79
775.69,332.99,775.09,332.30
792.39,353.24,792.22,353.23
789.26,423.32,791.61,422.46
787.31,355.75,787.58,356.87
775.78,332.30,775.09,332.30
777.39,393.47,778.01,393.27
800.29,362.80,800.29,366.89
824.27,339.66,823.72,341.02
783.59,360.00,783.75,360.00
774.43,332.10,775.12,332.10
814.86,355.66,813.46,359.56
759.76,373.64,759.01,373.78
772.27,334.74,772.72,334.35
804.14,327.07,804.74,327.34
774.46,332.41,774.43,332.10
792.52,303.57,788.69,302.94
792.31,341.60,792.35,341.48
792.18,372.19,794.19,368.22
814.74,372.94,817.96,372.94
773.75,332.79,775.09,332.30
773.75,332.79,774.32,332.97
774.32,332.97,775.09,332.30
801.22,372.38,799.31,372.32
802.95,353.20,803.04,353.31
768.01,379.16,769.27,378.25
811.27,372.84,815.19,372.84
806.55,334.98,806.14,335.33
785.19,341.59,785.43,341.48
803.77,421.48,803.49,421.57
776.16,334.10,776.37,332.99
785.19,341.59,785.34,341.60
811.83,372.72,812.08,372.72
811.10,371.46,808.66,371.39
803.77,421.48,803.22,422.01
776.16,334.10,775.69,332.99
770.95,359.95,770.35,360.31
792.15,353.46,794.68,353.50
791.68,333.26,791.46,333.79
759.42,373.21,758.85,373.51
802.97,353.39,801.93,358.06
761.98,377.04,761.76,377.46
780.58,331.94,780.25,332.27
808.92,372.63,811.15,372.70
803.98,420.78,803.58,420.82
773.87,333.18,774.46,332.41
778.52,347.02,780.50,347.84
805.39,344.31,805.24,344.73
780.58,331.94,780.44,332.28
788.02,348.93,789.08,348.85
793.84,341.52,794.00,341.51
803.98,420.78,803.46,420.03
773.87,333.18,773.78,332.41
824.68,396.70,824.89,401.86
758.67,374.62,758.33,375.46
779.28,350.96,778.70,352.33
820.95,386.55,822.30,387.95
811.27,344.14,817.81,343.58
778.15,349.00,782.32,348.88
777.99,395.55,777.78,395.79
810.11,341.06,810.04,340.89
773.75,332.79,774.43,332.10
792.89,341.21,792.38,342.47
803.05,402.49,803.42,402.23
791.57,331.94,791.42,332.28
756.26,371.05,756.71,370.83
753.65,382.78,753.03,378.43
799.52,372.32,794.93,378.16
774.84,333.57,775.69,332.99
786.56,341.51,786.80,341.41
786.56,341.51,786.85,341.52
790.52,365.49,789.49,364.48
803.24,416.80,802.80,417.15
814.04,340.41,814.32,340.53
762.32,379.17,762.74,379.39
799.91,369.67,824.92,370.50
794.60,439.21,796.95,438.68
807.67,370.81,799.45,370.27
817.50,333.88,817.03,333.31
812.48,372.62,809.17,372.62
787.90,366.89,786.71,368.29
776.47,335.53,776.16,334.10
761.76,378.41,763.22,377.94
827.47,398.27,834.22,398.90
750.75,384.02,749.52,384.40
773.19,333.18,773.87,333.18
789.50,367.16,788.26,368.61
803.22,415.90,802.77,415.61
817.02,330.39,817.21,330.41
773.40,334.35,773.19,333.18
761.98,378.84,761.76,378.41
807.42,332.02,807.51,331.68
801.22,372.38,801.44,372.16
783.09,355.80,783.58,357.87
770.51,347.01,768.55,347.73
761.24,362.14,761.20,362.15
782.55,327.83,782.75,327.81
801.75,342.78,801.54,342.33
773.18,333.05,773.78,332.41
804.66,330.06,817.10,330.06
775.24,334.53,776.16,334.10
815.72,340.45,815.87,340.44
817.51,329.77,804.50,329.77
815.61,340.33,815.87,340.44
825.71,396.40,824.99,396.19
777.15,335.53,776.47,335.53
758.67,374.62,759.01,375.49
825.51,352.26,826.25,353.88
801.43,332.30,801.72,331.97
808.00,340.44,808.26,340.33
790.02,363.79,789.28,365.57
813.02,372.77,813.14,372.63
787.89,326.35,787.78,325.69
781.92,319.82,775.61,321.73
808.00,340.44,808.31,340.45
773.10,335.80,772.72,334.35
801.88,332.29,801.43,332.30
812.86,360.94,813.14,360.94
816.27,342.72,818.62,342.60
793.59,320.33,793.75,320.39
788.07,326.34,787.78,325.69
752.89,377.92,753.03,378.43
772.42,335.80,772.72,334.35
804.79,333.40,803.67,342.71
772.72,334.35,773.19,333.18
798.32,331.07,775.48,331.07
756.74,357.87,756.57,360.00
756.57,360.00,760.15,360.00
772.67,333.73,773.19,333.18
801.66,331.61,801.22,331.65
822.79,340.10,823.12,340.10
794.12,381.00,794.62,380.96
758.01,360.00,758.15,361.75
816.98,340.46,817.77,340.17
758.15,361.75,757.24,364.17
816.07,372.72,815.41,372.72
775.51,335.76,776.47,335.53
794.19,368.22,793.56,366.73
812.08,372.72,815.41,372.72
814.99,372.84,815.14,372.71
776.57,337.12,776.47,335.53
805.66,331.64,805.51,332.58
799.91,422.53,799.02,421.99
712.11,360.00,714.91,357.67
816.08,342.71,791.86,344.33
812.08,372.72,815.42,372.86
776.57,337.12,775.51,335.76
769.14,356.42,769.27,356.19
802.14,332.54,801.67,332.54
817.24,333.39,791.86,344.33
775.60,337.14,775.51,335.76
801.85,396.81,802.00,397.44
799.11,340.69,799.18,340.53
772.50,369.85,772.62,369.79
801.72,331.26,801.27,331.31
777.15,338.73,777.26,337.12
800.26,394.84,801.04,395.84
782.46,412.50,783.14,412.01
771.18,368.55,772.62,369.79
815.10,340.10,815.36,339.98
776.47,338.73,777.26,337.12
815.10,340.10,815.26,340.10
809.17,372.62,809.32,372.76
776.47,338.73,776.57,337.12
811.80,372.84,811.81,372.71
773.00,337.39,773.10,335.80
782.09,412.74,782.49,412.42
771.36,369.82,772.98,370.81
806.04,332.33,805.78,332.65
773.00,337.39,772.42,335.80
801.54,342.33,801.42,341.77
799.69,356.38,799.13,356.36
802.45,332.70,801.98,332.70
822.98,355.60,822.26,359.55
824.48,339.90,824.74,340.01
811.27,372.84,811.80,372.84
787.95,325.65,787.20,324.41
772.32,337.39,772.42,335.80
772.98,370.81,774.74,371.54
809.11,372.77,811.27,372.84
772.42,335.80,772.72,334.35
798.32,331.07,775.48,331.07
774.46,342.19,773.19,341.49
772.01,336.00,772.72,334.35
750.75,384.02,749.52,384.40
782.25,413.93,782.77,414.44
774.56,371.67,776.43,372.12
779.26,369.07,777.86,368.74
816.70,340.01,816.96,339.90
811.15,372.70,808.92,372.63
775.51,338.53,775.60,337.14
777.62,373.88,777.70,373.80
802.14,330.69,801.67,330.75
819.82,340.25,820.15,340.24
805.51,372.64,808.65,372.64
776.85,340.19,777.15,338.73
773.99,357.08,773.99,355.53
814.21,372.93,814.75,372.80
777.15,338.73,776.47,338.73
801.29,397.92,801.65,399.94
779.80,373.70,779.86,373.63
805.31,372.64,805.51,372.64
773.10,338.97,773.00,337.39
784.69,411.50,785.20,410.71
830.18,394.40,830.19,394.48
779.80,373.70,781.91,373.20
751.85,383.07,752.81,382.26
787.90,423.70,786.73,424.02
805.48,328.53,805.78,328.61
773.10,338.97,772.32,337.39
800.01,401.38,800.43,400.92
784.52,411.20,785.20,410.71
779.06,373.09,781.91,373.20
766.54,351.89,769.68,351.32
803.16,332.70,802.67,332.70
745.42,370.89,743.50,370.83
798.74,414.09,798.29,413.80
828.90,402.56,828.89,402.59
834.06,382.32,825.40,395.15
802.99,327.81,803.44,327.26
783.42,371.58,783.47,371.51
803.47,337.55,803.40,338.88
771.61,360.95,770.93,360.95
795.47,343.36,795.96,325.60
781.50,349.85,781.66,350.24
772.42,338.97,772.32,337.39
800.75,401.20,801.15,400.76
784.31,411.18,784.84,410.67
780.93,372.17,781.05,372.27
812.18,340.24,812.34,340.25
772.32,337.39,772.42,335.80
775.51,338.53,776.47,338.73
830.40,405.01,830.23,405.02
811.82,335.46,810.88,334.55
747.34,373.21,747.56,373.33
780.62,392.04,780.08,391.80
802.45,330.52,801.98,330.59
808.64,372.50,808.62,371.27
812.40,375.94,811.97,376.07
776.16,340.19,776.47,338.73
756.74,362.12,760.56,363.13
811.82,335.46,812.05,334.63
747.34,373.21,747.15,373.31
805.14,444.93,799.42,448.64
804.58,330.06,804.72,329.46
821.58,340.16,821.74,340.15
773.78,342.19,773.18,341.53
786.09,352.59,787.19,353.53
804.86,371.28,805.13,371.27
776.37,341.36,776.85,340.19
827.66,394.44,834.22,391.83
750.64,383.77,749.52,384.14
797.96,355.97,828.54,355.65
772.42,338.97,773.10,338.97
781.18,419.34,782.08,418.94
787.19,353.53,788.12,354.62
760.87,360.00,761.03,357.87
802.81,330.47,802.33,330.54
804.93,332.40,804.72,331.95
772.72,340.38,772.42,338.97
805.19,332.69,805.48,330.65
812.46,372.61,812.72,371.37
772.42,338.97,772.32,337.39
781.19,418.45,781.98,418.17
772.01,338.74,772.32,337.39
803.74,332.29,803.22,332.30
800.16,341.21,800.47,341.21
812.21,372.62,812.46,372.61
772.01,338.74,771.92,337.37
802.97,353.39,803.56,353.78
748.10,374.62,747.92,375.73
775.24,339.80,776.16,340.19
812.45,371.38,812.21,372.62
775.69,341.36,776.16,340.19
780.58,418.83,781.05,419.58
790.14,360.00,790.48,361.90
803.90,331.97,803.38,331.99
787.62,346.95,787.31,347.69
808.25,372.61,808.91,372.62
808.21,371.37,808.25,372.61
788.39,360.00,788.57,360.00
773.87,341.49,773.40,340.38
801.66,341.02,801.91,341.12
826.02,402.15,826.08,402.07
803.94,327.55,804.40,327.35
776.27,331.31,775.48,331.07
773.19,341.49,772.72,340.38
776.46,403.34,777.23,404.35
761.21,368.68,761.46,368.80
783.25,352.58,784.42,352.49
812.06,372.75,808.90,372.75
772.72,340.38,772.42,338.97
756.92,377.54,755.55,377.47
817.74,372.90,821.12,372.90
777.87,340.90,777.52,339.25
783.06,418.34,784.02,418.43
768.53,372.17,766.71,371.14
773.18,333.98,773.42,333.77
803.74,362.97,803.94,362.85
772.27,339.97,772.42,338.97
764.12,350.03,765.74,349.36
771.52,350.51,770.12,351.71
802.13,331.84,802.24,332.04
777.87,340.90,777.31,339.31
781.61,352.48,782.79,352.57
812.26,372.74,812.06,372.75
772.27,339.97,772.01,338.74
803.38,331.31,803.95,331.61
794.32,341.12,794.56,341.02
775.09,342.13,775.69,341.36
803.22,331.00,803.38,331.31
774.32,341.48,774.84,340.81
805.12,372.51,808.21,371.37
774.43,342.41,775.78,342.13
774.43,342.41,775.09,342.13
775.78,342.13,775.09,342.13
818.74,332.21,818.31,332.55
759.66,375.70,759.44,376.02
774.46,342.19,773.87,341.49
778.57,333.17,778.57,328.36
773.19,341.49,773.87,341.49
788.33,304.64,783.20,304.64
809.22,333.38,809.13,333.27
759.66,375.70,759.54,375.61
806.28,387.32,807.18,388.87
819.77,332.04,819.61,332.21
809.31,340.39,809.46,340.39
825.73,376.35,824.13,378.59
809.33,371.28,812.72,371.37
773.19,341.49,772.72,340.38
803.48,330.69,803.74,330.94
772.67,340.93,772.72,340.38
809.29,372.51,809.33,371.28
790.12,344.31,790.27,344.73
774.32,341.48,775.09,342.13
774.43,342.41,775.09,342.13
774.43,342.41,774.32,341.48
799.46,337.97,799.65,338.06
802.40,341.09,801.59,341.71
818.53,340.19,818.78,340.30
773.75,341.72,774.32,341.48
747.56,373.33,747.77,373.64
809.38,331.71,809.77,331.69
819.86,340.12,820.15,340.24
776.16,340.19,777.15,338.73
775.12,342.41,774.46,342.19
829.93,399.43,829.89,399.37
775.12,342.41,773.78,342.19
791.24,363.74,790.08,363.05
773.18,333.05,774.43,332.10
775.12,342.41,774.43,342.41
801.40,398.20,801.30,396.87
802.65,332.77,802.60,332.31
808.12,440.03,808.45,439.21
778.02,340.84,777.67,339.21
772.34,357.09,772.39,357.37
808.64,372.50,809.33,371.28
773.78,342.19,773.19,341.49
773.75,341.72,773.18,341.53
791.48,327.67,778.78,327.52
773.78,342.19,773.75,341.72
808.93,371.38,812.48,372.62
774.43,342.41,773.75,341.72
773.78,342.19,774.43,342.41
781.05,347.73,781.91,346.80
789.28,354.43,790.02,356.21
812.19,381.91,811.79,381.75
808.48,331.25,808.82,331.30
792.37,337.35,792.41,332.46
776.91,360.00,777.00,361.17
802.86,440.94,802.46,440.99
772.67,333.73,773.78,332.41
778.46,332.49,792.41,332.46
792.37,337.35,778.46,332.49
811.81,372.71,815.38,371.46
792.37,337.35,778.43,337.35
830.07,397.17,826.23,397.17
775.48,331.07,776.27,331.31
782.60,432.74,782.43,432.44
783.96,350.35,783.49,351.03
788.40,362.15,791.33,362.17
808.48,331.25,808.89,331.24
775.69,341.36,775.24,339.80
775.86,331.66,776.27,331.31
792.14,342.48,800.90,342.48
780.21,367.60,781.41,367.69
798.68,337.26,801.13,338.92
781.59,398.91,781.06,400.73
792.13,331.79,792.07,331.45
826.42,373.33,826.98,373.33
792.52,303.57,788.55,304.35
808.55,331.29,808.89,331.24
772.78,370.93,774.56,371.67
752.17,384.83,751.20,384.91
776.99,332.13,776.27,331.31
748.48,384.71,748.58,384.48
752.17,384.83,751.29,384.68
777.42,335.30,777.93,335.18
804.40,327.35,805.70,328.36
776.99,332.13,775.86,331.66
801.88,332.29,801.72,331.97
800.92,339.03,777.93,339.03
775.12,331.43,775.48,331.07
780.42,391.20,777.23,391.61
774.80,373.77,777.62,373.88
801.88,332.29,801.86,332.32
791.83,360.00,790.69,359.05
774.37,331.78,775.12,331.43
825.50,400.99,829.07,402.05
802.41,331.87,802.54,330.77
792.02,341.86,792.16,341.69
810.20,355.46,811.62,354.25
799.16,331.31,775.48,331.07
798.68,331.43,799.47,331.66
801.09,432.74,800.41,433.25
781.98,370.26,780.50,372.15
806.23,367.20,800.47,366.73
798.60,354.20,795.78,354.20
785.82,354.24,786.59,356.08
802.56,412.40,802.21,411.99
789.52,367.11,788.29,368.55
779.90,391.44,781.83,389.81
778.78,342.56,778.29,342.36
830.16,397.71,826.32,397.71
798.68,331.43,799.16,331.31
759.01,373.78,759.83,374.10
807.42,332.02,807.58,331.71
809.31,340.39,809.56,340.27
798.32,331.07,799.16,331.31
779.77,350.39,783.96,350.28
747.41,381.33,746.20,381.94
792.32,344.14,792.72,341.02
777.56,333.47,776.99,332.13
777.56,333.47,776.54,332.44
798.50,356.33,798.50,369.38
777.07,333.69,776.54,332.44
785.78,348.77,783.97,347.70
797.61,356.33,798.50,356.33
776.99,332.13,776.27,331.31
797.61,369.38,798.50,356.33
791.69,358.11,790.43,358.46
800.92,335.18,800.76,333.69
799.92,332.13,776.27,331.31
799.16,331.31,776.27,331.31
784.54,350.26,785.78,348.77
797.61,369.38,797.61,356.33
799.92,332.13,799.16,331.31
798.95,343.86,792.72,343.85
804.79,345.12,795.88,345.48
773.98,332.37,774.69,331.43
791.83,360.00,791.68,361.90
796.61,333.98,796.72,332.37
773.71,332.65,774.69,331.43
811.27,372.84,811.81,372.71
774.37,331.78,774.69,331.43
792.14,342.48,795.15,342.34
798.94,369.39,798.94,356.32
828.59,344.21,804.79,345.12
773.71,332.65,774.37,331.78
797.86,369.38,798.94,369.39
774.69,331.43,775.48,331.07
812.64,381.85,821.65,382.35
800.63,413.22,800.49,413.96
786.09,352.59,787.19,353.53
799.05,369.41,799.02,356.31
774.69,331.43,798.32,331.07
801.85,396.81,801.43,396.24
792.18,348.76,789.08,348.85
805.48,332.77,805.78,332.65
778.06,337.10,777.93,335.18
793.35,344.04,792.76,344.55
797.48,331.43,798.32,331.07
775.89,349.73,772.35,347.92
793.49,331.68,793.23,331.42
772.94,337.42,773.06,335.51
800.19,332.44,799.47,331.66
768.53,368.37,769.31,362.15
793.33,304.60,792.90,304.23
798.68,343.08,798.32,343.45
799.92,332.13,799.47,331.66
793.33,304.60,792.97,306.34
801.06,337.10,800.92,335.18
799.47,331.66,799.16,331.31
775.86,349.67,772.30,347.86
790.12,336.33,795.88,337.89
794.17,330.57,793.49,331.68
826.04,392.76,829.87,392.76
775.12,337.26,777.42,335.30
797.48,343.18,798.68,343.08
772.73,337.41,772.84,335.61
798.32,331.07,798.68,331.43
780.22,396.95,781.29,396.95
829.40,355.18,829.21,355.51
799.22,347.05,799.81,347.13
801.06,337.10,800.92,335.18
793.31,343.99,792.74,344.49
797.48,331.43,798.32,331.07
778.68,352.49,775.86,349.67
792.54,331.20,792.18,331.25
801.26,337.10,801.13,335.30
801.55,403.03,803.44,403.20
824.36,376.57,823.90,376.40
777.93,335.18,777.56,333.47
798.68,332.10,799.36,332.10
801.55,403.03,802.33,405.15
777.93,335.18,777.07,333.69
780.50,356.05,778.68,352.49
791.86,331.42,791.60,331.68
826.00,392.84,829.89,392.84
799.38,332.30,798.68,332.10
795.74,335.51,796.12,333.77
777.56,333.47,776.99,332.13
756.17,384.17,757.40,383.46
797.75,380.77,797.60,380.88
800.53,333.47,776.99,332.13
826.02,396.76,826.08,396.83
803.79,327.42,804.27,327.22
801.32,418.08,800.89,418.43
802.83,331.61,802.13,331.38
771.92,337.37,772.42,335.80
799.92,332.13,776.99,332.13
777.56,340.79,777.93,339.03
793.90,344.33,794.18,343.91
800.53,333.47,799.92,332.13
781.12,360.00,780.50,356.05
792.18,333.48,792.54,333.54
811.27,372.84,813.02,372.77
773.42,333.77,773.98,332.37
773.71,332.65,773.98,332.37
780.50,363.92,781.13,360.00
826.25,393.87,826.38,393.83
791.86,333.31,792.18,333.48
795.90,380.35,795.90,379.00
776.02,324.65,775.89,324.08
793.55,340.79,793.55,343.85
819.04,345.93,818.23,343.86
830.09,393.82,830.27,393.83
800.04,332.79,800.06,332.30
777.93,339.03,778.06,337.10
790.31,344.88,790.78,344.45
773.18,333.98,773.71,332.65
778.37,332.23,774.69,331.43
791.87,327.63,791.32,327.52
797.48,331.43,778.37,332.23
805.12,372.51,805.13,371.27
788.31,386.91,786.75,383.56
792.56,332.22,778.37,332.23
797.48,331.43,792.56,332.22
810.90,378.99,810.99,378.98
800.76,333.69,800.19,332.44
800.53,333.47,799.92,332.13
798.58,356.32,799.66,356.32
808.54,379.17,806.39,384.18
797.17,332.65,797.89,331.78
754.10,369.83,754.95,369.89
798.58,356.32,799.66,369.40
826.19,393.82,830.09,393.82
774.69,343.18,775.12,343.08
822.45,377.39,824.46,377.25
796.72,332.37,797.48,331.43
778.06,337.10,777.93,335.18
809.79,376.85,811.43,376.70
777.54,337.10,777.42,335.30
818.42,335.43,818.30,334.98
799.38,334.84,799.15,333.99
797.57,356.32,797.74,356.32
777.93,335.18,777.56,333.47
798.32,343.45,775.48,343.45
800.92,335.18,777.56,333.47
830.29,394.26,826.44,394.26
798.32,343.45,776.27,343.11
821.65,379.59,821.65,382.35
800.92,335.18,800.53,333.47
773.06,335.51,773.42,333.77
772.84,335.61,773.42,333.77
772.84,335.61,773.18,333.98
801.13,335.30,800.76,333.69
791.33,336.30,800.86,335.69
796.12,333.77,796.72,332.37
797.86,356.32,798.94,356.32
777.93,339.03,778.06,337.10
780.22,345.00,778.22,346.29
797.86,356.32,798.94,369.39
798.32,343.45,775.48,343.45
801.06,337.10,777.93,335.18
779.87,411.68,781.34,410.62
827.82,354.20,827.54,352.92
830.17,406.45,830.29,406.50
785.43,339.11,785.67,339.39
753.44,384.44,752.17,384.83
780.22,396.95,781.59,395.19
829.40,355.18,823.13,355.25
811.27,344.14,819.04,345.93
811.27,340.97,811.27,344.14
810.29,340.79,810.89,340.79
826.04,392.76,829.89,392.84
797.48,343.18,798.32,343.45
772.73,337.41,773.06,335.51
772.84,335.61,773.06,335.51
801.13,335.30,800.92,335.18
796.89,369.36,797.78,356.33
815.19,372.84,813.02,372.77
777.56,340.79,777.42,338.92
830.09,393.87,830.27,393.83
799.36,332.10,800.06,332.30
800.92,339.03,778.06,337.10
801.06,337.10,778.06,337.10
797.34,402.17,798.34,403.87
799.87,391.30,798.37,391.15
817.87,354.75,827.57,354.62
830.70,425.63,830.51,425.04
802.83,395.98,802.06,393.96
792.00,306.80,792.45,306.88
830.21,397.76,829.88,398.78
774.37,342.83,773.98,342.34
800.92,339.03,801.06,337.10
827.37,339.50,835.70,340.88
802.62,331.87,802.54,330.77
742.07,368.80,743.44,370.69
785.31,320.46,784.81,319.69
773.06,339.31,772.94,337.42
791.86,319.50,791.57,320.33
787.59,307.43,783.81,307.43
785.30,309.23,787.43,307.09
772.84,339.19,772.94,337.42
792.70,390.83,793.59,391.80
816.92,352.87,826.60,352.70
787.59,307.43,788.00,307.51
803.67,342.71,805.05,333.88
785.30,309.23,782.99,307.73
748.85,382.59,748.73,378.22
774.69,343.18,773.98,342.34
785.05,342.99,785.43,343.04
772.84,339.19,772.73,337.41
801.13,338.92,801.26,337.10
796.14,356.62,796.30,369.06
800.92,339.03,801.26,337.10
826.91,373.16,802.38,372.35
800.92,339.03,801.06,337.10
801.26,337.10,801.06,337.10
796.13,337.41,796.25,335.61
796.13,337.41,795.74,335.51
804.50,334.85,804.14,335.69
804.09,358.05,811.54,355.25
795.61,337.42,795.74,335.51
826.01,379.71,826.13,379.71
776.99,342.19,777.56,340.79
796.18,369.06,797.06,356.63
776.99,342.19,777.07,340.58
825.90,378.29,826.01,379.71
776.54,341.90,777.07,340.58
826.02,378.16,825.90,378.29
777.56,340.79,777.93,339.03
771.34,382.54,771.40,382.89
800.53,340.79,777.93,339.03
804.66,330.06,804.66,334.74
800.53,340.79,800.92,339.03
784.10,320.45,778.80,320.32
773.18,340.79,773.06,339.31
808.37,372.74,808.91,372.62
772.84,339.19,773.06,339.31
828.55,372.35,802.38,372.35
800.76,340.58,801.13,338.92
802.38,372.35,797.66,378.29
749.20,383.80,747.94,382.82
800.53,340.79,800.92,339.03
823.51,378.29,828.55,372.35
796.25,339.19,796.13,337.41
795.61,337.42,796.13,337.41
792.39,372.39,794.99,372.32
767.79,378.73,768.01,379.16
791.57,319.51,791.57,320.33
806.67,335.43,806.14,335.33
796.25,339.19,795.61,337.42
769.62,380.35,769.09,379.93
795.74,339.31,795.61,337.42
811.15,372.70,811.10,371.46
807.58,333.02,807.82,333.27
799.30,356.31,799.18,369.42
776.27,343.11,776.54,341.90
803.40,333.38,803.81,333.82
777.62,369.07,777.67,369.20
826.01,379.71,825.90,378.29
797.36,320.45,797.16,319.70
776.99,342.19,777.56,340.79
800.53,340.79,777.56,340.79
771.03,378.68,770.55,378.79
805.13,330.05,780.58,331.94
800.86,328.22,800.01,328.45
799.92,342.19,800.53,340.79
762.74,376.48,762.32,376.70
830.76,404.27,830.50,405.13
773.98,342.34,773.42,341.01
773.71,342.04,773.42,341.01
773.71,342.04,773.18,340.79
800.19,341.90,800.76,340.58
791.68,333.26,791.81,333.32
791.53,422.74,793.82,422.17
772.57,355.18,772.20,355.29
799.92,342.19,800.76,340.58
799.92,342.19,800.53,340.79
750.52,384.55,751.73,384.70
800.76,340.58,800.53,340.79
796.61,340.79,796.25,339.19
778.13,395.59,778.23,395.47
769.62,380.35,769.80,381.72
795.74,339.31,796.25,339.19
763.22,377.94,762.32,379.17
796.61,340.79,795.74,339.31
796.12,341.01,795.74,339.31
781.40,423.95,781.61,423.98
783.06,436.45,782.97,436.40
761.24,362.14,761.03,360.00
811.09,339.64,810.62,339.25
810.01,340.73,810.54,342.03
784.14,376.49,784.51,376.37
828.08,366.73,821.53,366.62
797.98,332.41,798.68,332.10
793.67,343.60,794.18,343.91
775.48,343.45,776.27,343.11
811.09,339.64,810.94,339.33
784.14,376.49,784.51,379.06
776.27,343.11,776.99,342.19
809.19,381.52,808.69,382.51
799.16,343.11,776.99,342.19
799.92,342.19,776.99,342.19
799.16,343.11,799.92,342.19
804.50,329.77,804.66,330.06
802.02,337.14,801.65,337.12
811.01,339.39,811.17,339.74
793.74,396.84,793.83,396.72
798.03,333.18,798.66,332.41
791.42,344.03,794.18,343.91
799.47,342.76,800.19,341.90
820.81,367.73,822.43,360.96
811.09,339.64,811.17,339.74
793.93,396.68,793.83,396.72
799.16,343.11,800.19,341.90
794.46,382.08,794.94,381.97
811.09,339.64,811.29,339.75
798.66,332.41,799.36,332.10
800.19,341.90,799.92,342.19
810.94,339.33,811.09,339.64
797.35,333.18,797.98,332.41
782.60,376.19,793.18,376.66
790.66,343.73,791.42,344.03
797.17,342.04,796.61,340.79
796.12,341.01,796.61,340.79
791.45,332.36,791.51,332.71
810.94,339.33,811.01,339.39
782.60,376.19,794.89,376.83
797.17,342.04,796.12,341.01
762.62,369.05,762.15,370.93
810.95,338.90,811.01,339.39
801.21,334.10,800.70,332.99
793.67,343.60,790.66,343.73
796.72,342.34,796.12,341.01
797.57,356.32,797.74,369.38
799.16,343.11,776.27,343.11
777.79,404.85,776.54,403.43
792.22,333.43,792.69,333.36
798.68,343.08,799.47,342.76
798.32,343.45,799.47,342.76
794.05,365.40,794.05,360.25
798.32,343.45,799.16,343.11
831.01,400.32,829.93,399.43
754.68,384.06,752.24,384.33
799.47,342.76,799.16,343.11
802.60,386.64,795.51,382.54
795.36,365.41,795.36,360.25
797.89,342.83,797.17,342.04
801.37,353.34,801.65,353.23
795.24,309.23,795.48,309.52
802.60,386.64,794.82,382.89
797.89,342.83,796.72,342.34
774.56,371.67,776.58,371.58
803.47,337.55,803.28,336.29
806.39,329.92,806.44,330.58
774.95,355.18,772.62,355.18
816.70,340.01,817.02,340.02
776.47,338.73,775.60,337.14
792.15,331.70,791.67,331.71
794.29,365.41,795.36,365.41
797.48,343.18,796.72,342.34
799.39,358.57,800.47,358.88
779.65,347.82,781.56,347.97
800.51,337.97,800.64,337.92
768.07,363.76,768.81,365.53
795.74,339.31,791.46,339.31
770.10,380.88,769.88,380.77
797.48,343.18,774.69,343.18
775.48,343.45,774.69,343.18
820.22,352.83,820.77,352.83
831.57,394.44,830.34,394.29
754.68,384.06,753.56,384.43
796.86,356.33,797.02,369.37
797.89,342.83,798.68,343.08
830.27,393.83,831.57,394.44
754.89,384.31,753.64,384.70
797.89,331.78,798.32,331.07
775.12,337.26,773.18,333.98
797.48,343.18,797.89,342.83
819.04,345.93,818.97,346.50
797.14,356.33,798.22,369.37
800.04,332.79,800.65,332.97
777.31,335.51,777.52,335.56
775.29,362.01,775.29,356.14
748.48,371.21,747.70,373.56
793.03,331.25,792.69,331.30
798.66,332.41,799.36,332.10
805.13,371.27,805.37,372.50
817.21,330.41,817.24,333.39
778.26,342.36,777.67,341.01
775.69,341.36,776.16,340.19
792.57,331.25,792.69,331.30
797.53,340.38,798.45,339.97
797.98,332.41,799.36,332.10
799.51,404.85,799.24,403.43
790.69,360.95,790.44,361.54
792.55,332.37,791.87,332.14
804.58,331.37,804.54,330.72
775.69,341.36,776.85,340.19
792.57,331.25,793.03,331.25
799.38,332.30,800.06,332.30
793.03,331.25,792.57,331.25
800.15,365.77,801.51,360.91
790.87,309.95,790.95,310.28
778.72,381.21,781.11,379.94
810.04,340.55,792.03,340.55
818.89,345.96,818.81,346.64
800.42,339.72,801.75,339.45
774.37,342.83,773.71,342.04
799.36,332.10,800.04,332.79
790.43,309.88,788.33,307.73
799.43,333.05,799.36,332.10
808.21,354.41,808.91,353.17
819.18,331.61,819.61,332.21
805.39,336.33,811.17,338.03
817.91,335.13,817.98,336.29
802.66,342.89,802.40,342.99
793.47,333.02,793.90,332.97
792.89,341.21,793.04,341.21
808.91,372.62,808.93,371.38
797.35,333.18,798.66,332.41
803.08,342.17,802.89,342.60
792.89,341.21,793.14,341.09
793.36,331.30,792.91,331.30
776.57,396.72,776.33,396.68
801.21,334.10,800.02,332.99
801.76,341.13,801.91,341.12
773.87,341.49,772.72,340.38
793.63,332.71,794.05,332.67
803.68,340.67,804.64,341.90
776.49,396.84,776.33,396.68
831.59,356.03,832.29,356.22
800.52,334.10,800.02,332.99
825.88,399.40,829.77,399.40
745.46,382.02,745.67,382.35
793.66,331.46,793.22,331.46
801.64,334.53,801.20,333.57
801.21,334.10,801.20,333.57
810.11,367.61,811.93,368.33
787.38,302.29,787.36,302.41
801.21,334.10,800.70,332.99
794.32,341.12,794.61,341.13
775.09,342.13,774.84,340.81
793.68,332.36,794.11,332.33
744.51,377.63,744.75,377.57
744.75,377.57,743.63,377.87
798.66,342.19,799.43,341.53
796.85,334.35,798.03,333.18
800.52,334.10,801.21,334.10
818.95,332.31,818.74,332.21
827.58,373.11,824.15,373.11
759.71,375.16,759.54,375.61
776.89,324.61,776.57,324.20
823.64,376.66,822.07,376.99
806.20,326.60,804.72,324.41
811.15,372.70,811.27,372.84
825.40,395.15,825.43,395.41
773.78,342.19,773.19,341.49
812.64,381.85,810.54,381.74
801.53,335.53,800.52,334.10
794.11,380.49,794.38,380.73
818.99,332.77,819.18,332.35
823.89,371.81,827.55,371.81
782.01,336.04,782.09,336.19
801.53,335.53,801.64,334.53
823.89,371.81,827.58,373.11
807.58,331.71,808.00,331.69
801.53,335.53,801.21,334.10
769.62,380.35,769.17,379.54
798.03,333.18,798.88,333.73
797.21,335.80,797.53,334.35
796.28,323.74,795.80,323.82
796.53,335.80,797.53,334.35
796.13,354.33,796.56,355.97
796.85,334.35,797.53,334.35
804.91,385.36,804.42,386.31
759.19,378.17,759.30,377.80
820.53,373.72,829.46,374.02
792.91,331.30,792.57,331.25
796.53,335.80,796.85,334.35
804.79,333.40,805.05,333.88
831.56,418.52,828.61,418.75
798.17,336.00,797.53,334.35
791.84,332.37,791.87,332.59
792.18,331.25,792.22,331.30
831.48,418.67,828.61,418.75
772.34,381.09,772.21,381.68
797.21,335.80,797.53,334.35
797.10,337.39,797.21,335.80
745.12,382.20,745.28,382.45
815.54,351.26,815.36,351.50
791.86,331.42,792.18,331.25
796.06,325.59,795.60,325.49
796.42,337.39,797.21,335.80
791.86,331.42,791.91,331.46
796.42,337.39,796.53,335.80
801.53,338.73,800.96,337.12
791.60,331.68,791.67,331.71
781.37,344.05,782.86,342.91
802.89,354.38,802.58,354.38
800.85,338.73,800.96,337.12
793.39,382.67,793.78,382.24
781.11,398.81,781.06,400.73
778.32,341.75,778.26,341.53
792.38,331.29,792.07,331.45
790.67,309.66,790.87,309.95
790.97,319.50,790.98,320.32
802.19,335.57,802.82,336.38
824.10,373.25,826.42,373.33
808.13,331.30,808.48,331.25
809.32,372.76,812.49,372.76
788.72,346.96,788.44,347.65
808.21,371.37,808.93,371.38
805.14,444.93,794.68,444.93
776.54,332.44,775.86,331.66
808.48,381.21,810.99,378.98
798.08,337.37,797.21,335.80
791.37,332.37,791.45,332.36
797.21,338.97,797.10,337.39
777.62,373.88,777.70,373.80
801.86,332.32,801.72,331.97
805.37,372.50,805.51,372.64
800.80,334.70,800.49,334.39
791.43,332.73,791.37,332.37
794.32,389.34,794.31,390.42
795.96,323.65,796.20,323.48
796.53,338.97,797.10,337.39
796.42,337.39,797.10,337.39
791.43,332.73,791.51,332.71
805.76,354.34,805.44,354.34
796.53,338.97,796.42,337.39
800.85,338.73,801.53,338.73
793.63,332.02,793.49,331.68
807.82,331.46,808.13,331.30
799.12,396.12,800.24,396.72
725.18,369.49,727.96,368.07
784.01,384.58,782.66,385.63
755.95,385.26,757.04,385.10
801.21,340.19,800.85,338.73
791.60,333.05,791.67,333.02
803.95,359.57,803.21,359.57
826.10,407.43,826.08,407.88
800.52,340.19,800.85,338.73
821.01,373.15,821.21,373.15
807.36,332.36,807.42,332.71
767.26,363.62,767.97,365.32
810.14,376.49,810.54,376.37
784.49,332.58,784.13,333.26
798.66,342.19,799.36,342.41
801.21,340.19,801.93,338.53
794.75,388.87,795.70,388.69
801.21,340.19,801.53,338.73
801.93,338.53,801.53,338.73
781.59,395.19,781.29,396.95
793.63,331.70,793.38,331.45
809.14,333.31,809.38,333.02
808.00,331.69,808.24,331.45
798.17,338.74,798.08,337.37
798.17,338.74,797.10,337.39
767.45,349.39,767.45,348.95
789.28,395.43,788.99,397.13
793.13,331.94,792.98,331.79
809.13,333.27,809.14,333.31
807.58,331.71,807.82,331.46
792.18,333.48,792.22,333.43
811.95,354.25,811.62,354.25
797.21,338.97,797.10,337.39
767.42,371.30,766.32,379.24
713.43,366.43,715.95,368.52
744.60,377.42,744.51,377.63
797.53,340.38,797.21,338.97
792.54,333.54,792.18,333.48
808.85,347.73,808.14,348.83
796.85,340.38,797.21,338.97
817.77,354.28,817.74,353.02
777.73,335.50,778.08,333.79
756.25,384.64,754.97,385.04
796.53,338.97,797.21,338.97
792.54,333.54,792.57,333.48
810.10,359.57,809.34,359.57
808.85,347.73,808.28,348.81
796.85,340.38,796.53,338.97
800.70,341.36,801.21,340.19
800.70,341.36,800.52,340.19
792.91,333.48,792.91,333.43
791.79,308.63,791.60,308.28
787.21,303.57,787.07,302.38
811.98,354.24,812.32,354.24
800.02,341.36,800.52,340.19
793.23,333.31,793.22,333.27
830.36,339.34,831.50,340.65
814.94,354.20,814.62,354.20
784.44,328.61,784.64,329.52
795.27,325.08,795.41,325.39
801.20,340.81,801.64,339.80
756.75,357.89,756.57,360.00
800.70,341.36,801.64,339.80
800.70,341.36,801.21,340.19
824.89,405.37,824.69,405.18
784.17,327.80,784.49,328.53
795.69,325.13,795.85,325.48
798.45,339.97,798.17,338.74
798.45,339.97,797.21,338.97
747.77,384.35,749.04,384.74
793.49,333.05,793.47,333.02
813.08,359.56,812.31,359.56
797.53,340.38,797.21,338.97
796.85,340.38,797.53,340.38
793.63,332.02,793.66,332.00
784.07,320.03,783.78,319.76
814.98,354.20,815.33,354.20
797.35,341.49,796.85,340.38
800.78,398.08,800.98,400.58
793.68,332.36,793.63,332.02
824.94,405.56,824.76,405.34
783.31,327.22,783.76,327.34
750.84,370.93,761.59,371.42
795.63,324.65,795.69,325.13
800.06,342.13,800.70,341.36
793.63,332.71,793.68,332.36
821.43,354.11,821.10,354.11
799.38,342.13,800.02,341.36
793.71,332.37,793.66,332.73
819.52,359.56,818.74,359.56
800.65,341.48,801.20,340.81
795.78,354.20,795.90,355.12
765.07,350.26,763.66,351.91
762.45,356.08,761.99,358.01
747.65,375.99,748.10,375.83
804.77,330.41,780.58,331.94
800.06,342.13,801.20,340.81
800.60,394.70,801.56,393.63
798.97,396.52,797.73,396.67
826.12,398.99,825.99,398.78
804.77,330.41,780.25,332.27
778.29,327.72,778.70,327.40
804.90,328.56,804.56,328.38
795.47,393.66,793.71,393.16
793.66,332.73,793.63,332.71
800.06,342.13,800.70,341.36
801.20,340.81,800.70,341.36
760.99,378.30,760.67,377.87
794.64,393.46,792.70,396.34
798.88,340.93,798.45,339.97
794.64,393.46,792.47,395.75
798.88,340.93,797.53,340.38
789.88,335.46,790.12,334.55
798.66,342.19,798.03,341.49
806.18,362.08,806.18,363.93
797.98,342.19,798.03,341.49
824.94,405.97,824.95,405.77
811.57,376.50,811.15,377.32
796.06,323.62,796.45,323.61
798.32,379.63,798.37,380.45
793.75,320.39,799.19,319.82
797.98,342.19,797.35,341.49
780.65,401.60,781.04,400.69
784.39,320.42,785.70,323.80
786.93,365.32,788.83,366.07
782.55,333.61,782.22,332.84
799.36,342.41,800.06,342.13
830.55,405.98,830.38,405.97
809.38,331.71,809.13,331.46
747.33,377.56,746.41,377.51
794.34,382.99,794.78,382.76
796.43,324.08,795.94,324.13
782.55,333.61,782.97,334.09
799.36,342.41,799.38,342.13
790.12,334.55,790.12,330.81
822.64,359.55,821.86,359.55
798.68,342.41,799.38,342.13
813.46,359.56,813.08,359.56
789.10,305.10,792.96,304.15
771.19,382.99,772.80,385.75
781.87,330.76,781.99,329.74
795.96,323.65,795.85,323.78
799.36,342.41,800.65,341.48
794.84,336.02,794.52,336.30
782.09,330.65,782.09,332.77
799.43,341.53,798.88,340.93
781.52,402.68,782.05,400.61
782.09,330.65,782.37,332.65
817.50,333.88,818.63,335.33
771.01,381.97,770.44,381.25
794.34,382.99,790.31,385.75
799.43,341.53,798.03,341.49
794.56,335.39,794.84,336.02
769.99,346.93,772.09,346.42
786.94,405.53,788.98,405.15
793.18,382.54,795.28,382.24
788.27,302.83,788.41,302.64
825.68,391.18,825.87,392.15
798.66,342.19,798.03,341.49
785.05,341.09,784.57,342.65
830.98,353.84,823.13,355.25
791.82,342.36,791.87,342.46
805.36,344.33,804.71,343.91
767.48,360.00,766.50,361.90
822.07,376.99,821.65,379.59
792.84,396.75,776.49,396.84
783.25,367.42,784.42,367.51
783.76,333.88,783.31,333.95
798.68,342.41,799.36,342.41
803.16,341.68,803.03,342.27
791.57,321.16,791.57,320.33
798.66,342.19,799.36,342.41
829.56,391.18,829.54,390.87
798.68,342.41,798.66,342.19
800.34,402.52,800.99,402.80
802.92,354.37,801.54,355.55
809.91,329.84,791.09,329.84
798.68,342.41,797.98,342.19
800.04,341.72,799.36,342.41
798.66,342.19,800.04,341.72
826.48,402.41,825.28,402.31
831.59,356.03,831.06,353.92
819.18,331.61,819.77,331.18
777.54,337.10,778.06,337.10
787.36,424.44,786.38,425.53
818.55,366.04,818.59,366.05
803.22,416.32,803.22,415.90
801.37,360.91,799.11,355.61
787.90,366.89,788.28,367.21
825.65,390.87,829.54,390.87
795.41,323.86,795.60,323.72
795.41,323.86,796.06,323.62
801.63,331.61,801.69,331.98
795.85,323.78,796.06,323.62
783.01,409.87,782.76,409.41
783.66,302.88,783.76,302.83
830.38,405.56,830.33,405.37
821.46,379.56,834.02,380.00
791.79,308.63,791.86,309.04
795.80,323.82,795.60,323.72
805.08,337.38,805.21,337.32
743.12,377.21,743.43,377.42
795.80,323.82,796.06,323.62
808.13,333.43,808.09,333.48
784.44,328.61,784.49,328.53
795.27,325.08,795.85,325.48
807.76,333.31,808.13,333.43
829.40,400.96,829.52,401.02
778.74,342.17,791.48,342.37
809.83,367.61,809.76,367.52
821.07,339.80,820.51,341.16
778.57,324.33,785.55,323.64
795.27,324.20,795.41,323.86
825.00,373.16,824.92,370.50
781.19,368.07,782.62,367.60
795.27,324.20,795.85,323.78
795.60,325.49,795.41,325.39
811.17,340.31,810.63,341.63
799.46,339.12,799.78,339.05
796.06,325.59,795.41,325.39
827.24,365.27,827.24,366.85
796.06,325.59,795.85,325.48
824.32,406.45,824.49,406.44
782.86,333.95,783.44,334.23
778.55,320.93,785.55,323.64
794.56,335.39,804.66,334.74
824.32,406.45,824.44,406.50
782.86,333.95,782.97,334.09
778.55,320.93,784.18,320.17
795.94,324.13,796.28,323.74
781.67,344.02,792.37,344.02
796.43,324.08,796.28,323.74
794.97,380.74,794.97,381.10
823.90,373.11,824.30,373.25
794.21,377.92,794.40,378.75
783.83,302.64,783.66,302.88
824.94,405.97,824.83,405.77
781.94,329.70,782.14,328.73
796.06,323.62,796.28,323.74
824.76,405.34,824.89,405.37
795.22,324.64,795.27,325.08
778.54,341.69,792.16,341.69
771.92,359.57,771.85,359.95
800.06,342.13,800.02,341.36
783.31,327.22,783.74,327.47
750.84,370.93,751.12,371.08
795.63,324.65,795.22,324.64
814.51,371.56,814.78,371.55
758.31,371.11,759.06,373.52
795.63,324.65,795.27,324.20
801.66,341.02,800.20,341.09
830.74,373.21,827.28,373.21
811.29,339.75,810.95,339.60
791.09,409.98,793.46,410.98
830.18,406.37,830.26,406.28
788.27,302.83,788.38,302.87
794.75,388.87,796.06,388.85
804.33,355.18,804.51,355.29
795.69,324.15,795.85,323.78
822.45,377.39,822.75,378.02
802.69,434.44,802.96,434.01
791.09,329.84,791.60,331.68
795.78,324.08,795.85,323.78
827.54,373.09,825.19,371.73
824.16,405.69,824.35,405.50
782.14,332.75,781.94,331.82
795.78,324.08,795.96,323.65
799.48,393.83,799.52,398.08
776.50,372.53,776.86,373.49
801.63,336.84,801.65,336.73
781.65,369.14,781.19,368.07
799.00,357.85,798.82,357.79
796.28,325.44,796.06,325.59
804.97,378.48,803.86,378.59
818.72,332.77,819.07,332.71
796.06,325.59,795.96,325.60
796.42,356.62,797.50,356.62
826.02,378.16,825.32,378.68
773.42,341.01,773.06,339.31
830.42,373.46,830.62,373.45
803.86,378.59,803.89,378.70
819.63,330.98,819.79,331.30
821.53,366.62,821.09,368.62
796.06,325.59,795.85,325.48
789.35,341.28,787.96,341.35
778.97,391.69,778.10,391.32
825.94,399.36,825.88,399.40
803.20,327.83,803.37,327.95
753.15,378.46,753.28,378.03
796.63,324.00,796.45,323.61
796.28,323.74,796.45,323.61
824.92,361.55,820.87,355.64
809.20,365.91,809.48,365.91
801.69,331.24,801.63,331.61
787.20,324.41,786.92,324.16
766.45,379.21,766.33,379.84
796.43,324.08,796.28,323.74
802.85,328.65,803.03,328.73
776.53,344.40,776.53,320.91
795.99,324.57,795.94,324.13
743.54,373.74,742.34,374.35
768.43,367.21,769.68,368.67
751.79,382.78,751.64,378.38
826.38,362.33,826.21,361.97
806.01,357.48,804.55,357.49
800.04,337.26,802.02,337.14
796.49,324.57,796.43,324.08
771.26,358.70,771.22,359.15
778.74,327.87,791.96,327.87
791.09,335.51,792.54,333.54
800.01,335.47,789.88,335.46
795.96,325.60,795.85,325.48
794.46,378.63,794.94,378.74
808.46,332.37,809.15,332.14
783.68,352.33,783.54,351.29
795.69,325.13,795.85,325.48
795.33,343.51,793.75,344.89
795.33,321.73,793.54,320.91
795.69,325.13,795.96,325.60
781.94,325.45,782.04,325.32
830.90,368.01,829.43,367.98
795.78,325.21,795.96,325.60
824.62,354.06,824.58,354.06
769.47,371.23,771.44,372.29
754.97,385.04,754.09,384.89
795.33,343.51,793.54,344.40
795.63,324.65,795.69,324.15
808.78,353.10,808.97,353.33
783.96,350.35,784.78,352.54
783.44,327.07,783.64,327.04
808.73,378.94,803.89,378.70
792.35,342.16,778.32,342.39
811.82,329.84,812.05,330.67
779.75,369.79,779.60,370.14
775.12,337.26,773.18,340.79
800.04,341.72,800.65,341.48
795.33,343.51,795.33,321.73
795.63,324.65,795.78,324.08
793.75,344.89,793.54,344.40
795.71,324.65,795.78,324.08
799.34,320.03,797.64,320.03
799.19,319.82,795.33,321.73
812.88,388.24,833.41,388.24
801.82,344.26,790.64,344.90
756.21,356.05,711.92,356.57
814.65,339.69,814.87,339.55
795.71,379.05,795.54,379.24
805.14,444.93,805.51,444.48
814.44,355.66,813.08,359.56
800.81,337.63,805.21,337.32
802.81,330.47,803.16,330.52
776.57,324.20,776.70,323.86
791.69,320.87,791.61,320.93
776.23,325.48,776.08,325.13
814.97,372.96,815.18,372.95
791.30,337.41,791.43,335.56
776.70,325.39,776.57,325.08
761.20,357.85,763.92,357.83
757.24,364.20,758.05,366.17
824.78,377.05,824.77,377.92
814.78,371.55,818.38,372.81
792.10,341.91,792.02,328.22
824.81,402.03,824.68,401.92
819.91,331.61,819.88,331.84
767.30,379.51,766.50,380.38
829.52,347.87,830.84,348.04
799.48,320.08,799.19,319.82
794.17,335.51,793.49,333.05
776.89,323.72,776.70,323.86
782.49,333.38,782.46,333.49
776.43,323.62,776.70,323.86
758.26,360.00,758.79,356.64
793.66,332.73,793.49,333.05
776.23,323.78,776.70,323.86
776.54,341.90,776.99,342.19
824.35,405.90,824.18,405.91
776.43,323.62,776.23,323.78
785.91,421.22,786.70,421.57
804.66,334.74,804.36,335.42
776.63,323.74,776.43,323.62
777.07,323.82,776.43,323.62
776.43,323.62,776.89,323.72
783.81,376.85,783.55,377.43
795.94,325.02,795.80,325.35
824.46,350.78,823.23,349.44
804.05,360.91,809.21,359.59
791.17,327.62,791.10,327.73
798.46,368.81,829.75,366.72
796.28,325.44,796.06,325.59
796.70,324.56,796.63,324.00
796.43,324.08,796.63,324.00
726.53,366.10,728.20,364.43
795.90,380.35,796.39,379.59
806.62,355.54,806.52,355.31
804.32,359.57,804.37,360.92
796.70,324.56,796.43,324.08
778.49,327.90,778.94,327.62
796.49,324.57,796.43,324.08
824.39,406.39,824.46,406.24
784.77,330.53,784.96,330.53
796.49,324.57,795.99,324.57
775.86,342.76,776.27,343.11
824.39,406.39,824.55,406.34
796.49,324.57,795.94,325.02
796.49,324.57,796.43,325.06
773.75,337.26,775.51,335.76
795.96,323.65,796.20,323.48
824.22,405.09,824.14,405.25
784.49,328.53,784.67,328.44
795.78,325.21,795.69,325.13
773.71,342.04,773.98,342.34
824.22,405.09,824.30,405.14
798.02,378.95,794.90,379.77
795.78,325.21,795.63,324.65
798.02,378.95,798.17,379.66
795.78,325.21,795.71,324.65
815.41,353.12,815.42,352.98
757.84,384.52,756.58,384.92
778.46,342.26,778.26,341.77
811.57,376.50,811.26,377.17
799.04,319.76,799.19,319.82
778.46,342.26,778.49,342.18
799.04,319.76,793.75,320.39
754.76,383.48,755.95,382.54
770.72,382.84,770.06,382.45
824.55,405.01,824.44,404.96
783.31,327.22,783.44,327.07
791.92,320.33,797.34,319.76
797.17,319.92,797.34,319.76
824.73,405.31,824.65,405.13
782.46,327.95,782.55,327.83
791.61,320.93,791.79,320.48
769.17,379.54,769.29,379.24
776.27,343.11,775.48,343.45
824.73,405.31,824.76,405.34
791.61,320.93,797.17,319.92
775.77,350.95,776.72,352.41
776.72,352.41,777.82,353.69
818.36,372.79,816.07,372.72
777.26,337.12,776.57,337.12
824.81,405.55,824.76,405.34
782.22,328.65,782.46,327.95
797.44,320.17,797.17,319.92
791.61,320.93,791.63,324.33
791.45,324.48,798.78,323.78
796.72,342.34,797.17,342.04
824.78,406.01,824.81,405.98
798.85,323.64,791.45,324.48
791.63,324.33,791.45,324.48
777.42,338.92,777.54,337.10
829.89,392.84,826.00,392.84
797.48,343.18,775.48,343.45
768.25,380.71,768.34,380.76
824.65,406.38,824.73,406.21
830.88,339.71,829.76,341.16
782.14,332.75,782.22,332.84
778.72,324.48,785.80,323.78
794.34,382.85,794.78,382.76
809.24,366.33,803.24,366.23
759.84,375.21,759.71,375.16
830.07,406.33,830.17,406.45
786.17,338.68,786.48,338.78
766.71,371.14,771.33,372.36
762.56,353.80,761.71,355.74
820.97,352.88,821.17,352.89
790.68,321.12,790.98,320.32
757.14,377.34,756.92,377.54
785.55,323.64,785.80,323.78
778.72,324.48,778.57,324.33
809.99,368.28,810.11,367.61
790.68,319.47,795.63,319.71
784.74,318.84,784.81,319.69
784.18,320.17,785.55,323.64
800.29,355.17,799.21,355.45
748.01,382.63,748.41,382.53
813.02,386.52,813.74,384.95
779.06,370.74,774.21,384.07
788.83,304.77,788.33,304.64
756.33,384.74,756.45,384.48
796.49,324.57,796.70,324.56
782.86,333.95,783.31,334.08
778.55,320.93,778.57,324.33
784.14,318.85,784.20,319.70
823.04,339.72,822.14,341.09
783.92,319.92,784.18,320.17
778.40,342.13,778.43,337.35
829.56,401.22,829.63,401.77
808.09,333.48,808.45,333.54
792.04,302.25,787.49,302.25
808.46,332.37,808.04,331.79
784.74,318.84,784.81,319.69
771.34,382.54,771.01,381.97
824.32,406.45,824.39,406.39
778.55,320.93,783.92,319.92
830.44,402.72,830.11,402.50
777.87,340.90,778.43,337.35
809.91,335.51,808.45,333.54
778.73,320.48,783.92,319.92
824.14,406.15,824.22,406.33
783.61,333.76,783.74,333.76
778.55,320.33,778.73,320.48
797.35,389.14,796.17,389.10
785.04,318.84,780.30,320.30
800.65,332.97,800.06,332.30
788.27,302.83,783.76,302.83
780.30,319.47,780.30,320.30
824.14,406.15,824.23,406.12
778.55,320.33,783.92,319.92
780.30,319.47,779.52,320.32
809.91,329.84,809.91,335.51
778.55,320.33,783.78,319.76
756.45,384.48,756.16,384.75
808.69,331.68,809.30,331.45
792.48,342.36,791.84,341.01
776.44,373.47,778.52,372.97
777.18,337.42,777.40,337.41
824.16,405.69,824.08,405.69
784.51,331.57,784.31,332.50
776.02,324.65,776.08,325.13
776.37,341.36,775.69,341.36
784.64,331.57,784.31,332.50
776.52,324.64,776.08,325.13
791.80,340.90,792.35,342.16
806.83,335.51,807.76,333.31
800.81,391.72,799.75,390.59
801.65,353.23,803.80,353.23
796.00,308.93,796.24,309.23
779.53,319.50,778.91,320.33
776.08,325.13,776.57,325.08
824.16,405.69,824.09,405.46
784.51,331.57,784.64,331.57
776.02,324.65,776.08,324.15
778.91,319.51,778.80,320.32
771.70,354.33,770.84,355.97
776.57,324.20,776.08,324.15
797.09,318.83,791.86,320.32
797.64,320.03,797.44,320.17
783.61,327.47,783.74,327.47
785.80,323.78,778.72,324.48
783.34,383.17,784.10,383.42
801.64,334.53,801.21,334.10
761.26,371.27,759.83,369.08
798.24,414.92,797.73,415.72
783.58,362.12,787.45,362.15
829.01,368.69,831.43,368.74
802.91,407.59,803.09,406.79
827.63,406.52,830.33,406.52
754.81,384.63,756.16,384.75
785.80,323.78,791.45,324.48
808.86,387.94,812.88,388.24
768.23,363.74,771.33,363.05
785.44,325.59,782.57,325.83
784.07,320.03,784.18,320.17
827.54,352.92,825.15,352.96
826.08,402.07,827.70,402.07
804.27,327.35,804.72,327.47
800.19,365.77,803.59,360.93
756.88,382.53,757.36,382.63
784.31,332.50,784.00,333.26
785.55,323.64,784.18,320.17
769.95,367.11,771.18,368.55
769.44,380.62,769.58,380.88
801.90,342.65,802.40,341.09
799.51,338.68,799.46,338.24
798.55,403.76,799.24,403.43
782.99,330.58,782.95,331.24
804.19,360.91,803.50,362.37
819.59,360.96,819.52,359.56
782.08,319.76,776.73,320.39
796.12,341.01,791.84,341.01
759.42,373.21,759.73,373.22
824.64,406.39,824.74,406.37
778.49,342.18,778.92,342.36
825.78,400.67,825.68,401.02
782.08,319.76,784.07,320.03
799.23,357.85,799.43,357.62
829.77,401.25,829.56,401.22
785.99,341.68,785.87,342.27
784.51,379.06,784.14,381.59
770.36,357.62,769.27,356.19
776.23,323.78,776.08,324.15
811.29,338.00,810.95,338.14
779.64,392.03,779.53,392.14
781.82,332.69,782.09,332.77
757.04,370.69,756.71,370.83
800.99,368.10,800.15,365.77
828.41,366.19,829.57,360.97
776.23,323.78,775.89,324.08
802.78,355.79,801.54,355.55
776.06,323.65,775.89,324.08
762.78,379.76,768.51,380.09
788.25,304.21,788.40,302.99
767.30,379.91,767.30,380.88
776.43,323.62,776.63,323.74
798.44,344.39,798.16,344.71
826.30,396.45,826.25,396.55
788.25,304.21,783.60,303.00
774.20,380.07,774.27,379.24
776.43,323.62,776.52,323.61
819.77,332.04,819.66,332.55
817.57,343.76,816.89,344.43
776.73,344.89,776.53,344.40
776.29,323.48,776.52,323.61
784.42,367.51,785.59,367.42
831.02,366.58,829.75,366.72
777.87,333.87,777.52,335.56
781.99,329.74,782.19,328.80
796.63,325.13,796.45,325.56
784.59,386.64,779.48,381.44
831.12,406.92,832.23,408.57
782.05,328.80,782.19,328.80
796.43,325.06,796.45,325.56
793.93,382.02,794.21,381.39
784.59,386.64,780.84,381.52
831.12,406.92,832.13,408.10
782.05,328.80,782.36,328.05
796.43,325.06,796.28,325.44
796.45,325.56,796.28,325.44
742.22,369.82,744.97,369.89
744.09,377.26,744.51,377.63
772.67,340.93,773.19,341.49
769.18,378.88,778.72,371.65
827.28,405.92,830.94,406.33
781.99,329.74,782.05,328.80
796.63,325.13,796.70,324.56
827.28,405.92,831.12,406.92
796.63,325.13,796.49,324.57
773.70,351.45,772.72,352.83
815.38,354.37,815.14,353.12
759.23,384.85,757.93,385.26
796.43,325.06,796.49,324.57
796.63,325.13,796.43,325.06
759.84,375.21,759.95,374.63
810.29,343.85,811.12,343.85
824.90,404.27,833.18,405.16
800.46,321.23,795.33,321.73
778.92,327.73,791.17,327.62
774.27,380.49,771.18,380.51
796.45,325.56,796.20,325.73
786.81,350.15,785.23,349.22
795.47,321.87,795.33,321.73
802.24,332.04,802.40,332.21
826.38,364.46,826.21,364.82
795.47,343.36,795.71,324.65
793.59,320.33,791.92,320.33
766.65,380.49,766.50,380.38
795.85,395.70,798.51,393.99
784.13,327.91,784.44,328.61
804.95,404.50,801.29,405.31
789.11,360.00,789.01,361.20
788.86,365.32,788.28,367.21
800.96,337.12,801.65,337.12
801.94,373.80,858.14,375.93
776.53,368.18,778.70,367.67
825.16,402.70,825.18,402.63
797.34,319.76,793.59,320.33
756.45,384.48,755.02,384.38
799.04,319.76,793.59,320.33
797.34,319.76,799.04,319.76
782.88,333.82,782.75,333.82
791.69,320.87,791.92,320.33
776.44,373.47,778.44,372.07
793.37,344.44,791.32,342.69
792.37,337.35,791.43,339.25
816.64,407.05,816.81,407.56
791.79,320.48,791.92,320.33
797.21,335.80,798.17,336.00
819.68,339.86,819.12,341.23
776.23,325.48,776.57,325.08
825.28,402.31,825.18,402.05
791.69,320.87,791.79,320.48
791.61,320.93,791.79,320.48
793.59,320.33,793.75,320.39
793.75,320.39,793.54,320.91
808.88,372.40,799.77,369.64
746.81,374.01,746.88,373.52
804.69,348.91,804.62,348.93
786.46,366.19,785.35,368.02
744.86,377.94,745.46,382.02
791.45,324.48,791.69,324.66
782.79,332.53,784.00,333.26
778.33,320.87,778.55,320.93
778.73,320.48,778.55,320.93
792.17,341.44,792.17,341.75
797.10,337.39,798.08,337.37
784.14,376.49,783.81,376.85
825.00,402.59,824.58,403.77
778.33,320.87,778.73,320.48
782.08,319.76,776.87,320.33
778.55,320.33,776.87,320.33
809.17,353.10,808.65,353.10
759.27,384.63,757.93,385.26
783.78,319.76,778.55,320.33
800.92,356.56,799.77,356.09
755.61,385.00,755.71,385.25
795.25,380.38,796.06,380.32
806.89,360.72,806.63,357.40
826.36,397.30,827.47,398.27
785.55,323.64,785.56,323.87
777.60,337.38,777.67,335.53
825.03,373.15,824.47,373.01
776.66,320.87,776.73,320.39
827.01,390.98,825.65,390.87
752.10,384.11,750.86,384.50
773.78,342.19,774.46,342.19
828.46,403.77,824.58,403.77
770.01,382.08,769.59,381.97
778.78,327.52,778.29,327.72
809.74,360.95,809.21,359.59
820.22,373.13,820.78,373.00
778.78,327.52,779.22,327.67
795.84,392.14,796.06,392.18
804.69,355.33,804.37,355.23
824.98,354.06,824.58,354.06
776.08,325.13,776.06,325.60
808.13,333.43,808.55,333.38
828.89,402.59,828.46,403.77
791.48,327.67,779.22,327.67
796.91,308.01,796.00,308.93
775.82,324.65,775.89,324.08
776.08,324.15,775.89,324.08
825.68,401.02,825.56,400.96
804.74,327.34,805.17,327.80
795.90,380.35,796.09,379.07
818.79,346.89,818.53,347.05
776.02,324.65,776.08,324.15
794.29,380.66,794.09,381.54
804.33,355.18,806.19,355.16
790.31,385.75,802.60,386.64
776.63,325.44,776.43,325.59
776.89,325.49,776.43,325.59
765.81,370.21,765.74,370.64
779.52,320.32,780.30,320.30
776.63,325.44,776.89,325.49
777.07,325.35,776.89,325.49
821.65,379.59,822.45,377.39
776.06,325.60,776.23,325.48
769.94,358.65,770.03,358.21
810.74,347.16,818.97,346.50
776.43,325.59,776.23,325.48
783.13,390.88,783.52,391.32
791.84,332.37,791.66,332.70
781.40,423.95,781.24,423.65
768.93,353.11,768.67,352.86
810.74,347.16,810.56,346.78
778.91,320.33,779.52,320.32
776.43,325.59,776.06,325.60
776.29,325.73,776.06,325.60
831.45,419.54,831.52,419.53
798.23,380.44,798.21,380.62
776.84,324.57,776.78,324.08
791.43,332.00,791.09,329.84
831.45,420.55,831.45,419.54
776.78,324.08,776.63,323.74
774.17,360.72,773.80,357.54
818.23,340.63,818.10,340.30
831.52,420.48,831.45,419.54
776.69,324.00,776.63,323.74
776.52,323.61,776.63,323.74
774.17,360.72,773.94,357.40
831.52,420.48,831.45,420.55
776.69,324.00,776.52,323.61
818.90,340.26,819.04,340.59
805.19,325.65,804.72,324.41
801.13,324.14,799.48,320.08
761.83,360.00,761.99,361.98
776.14,360.78,776.10,355.32
763.37,376.03,762.78,376.12
785.52,339.52,785.67,339.39
804.19,360.91,806.69,360.92
758.05,366.13,759.17,367.99
801.44,324.43,804.42,324.16
762.74,377.86,762.32,377.96
799.20,323.87,797.64,320.03
762.74,377.86,762.48,377.81
772.32,357.40,772.09,360.71
831.52,420.48,832.33,420.48
799.20,323.87,799.34,320.03
807.49,361.37,831.14,361.48
781.40,329.32,782.05,328.80
798.78,323.78,799.20,323.87
798.78,323.78,785.56,323.87
798.78,323.78,785.80,323.78
821.65,379.59,822.45,381.87
787.14,341.78,785.87,342.27
782.37,320.03,785.56,323.87
803.64,334.09,804.14,334.23
758.53,384.93,757.60,384.85
793.07,331.29,792.73,331.24
711.34,360.00,711.37,360.00
784.01,384.58,782.70,385.10
801.21,340.19,801.53,338.73
781.90,396.03,780.98,398.26
811.27,344.14,811.27,340.97
785.56,323.87,784.07,320.03
806.39,329.84,806.44,330.58
747.07,377.61,747.23,377.77
796.99,308.43,796.24,309.23
818.80,330.52,819.15,330.47
782.20,320.08,781.92,319.82
827.95,401.73,826.67,401.87
806.39,329.92,806.44,330.58
746.83,377.40,747.23,377.77
778.33,324.66,778.15,327.63
778.33,324.66,778.70,327.40
820.68,329.02,819.55,330.47
782.05,332.67,781.25,331.46
776.43,323.62,776.23,323.78
771.52,369.49,771.36,369.82
786.90,353.80,787.90,355.74
776.43,323.62,776.06,323.65
806.60,357.07,806.62,355.54
803.56,353.78,803.61,353.71
775.61,321.73,776.73,320.39
781.92,319.82,776.73,320.39
787.21,303.57,787.36,302.41
807.34,332.73,807.51,333.05
812.48,353.17,813.14,353.17
809.16,365.90,812.72,360.96
772.14,367.25,772.20,367.34
780.36,321.38,776.29,323.48
799.48,320.08,801.13,324.14
762.21,378.33,762.32,377.96
744.93,373.36,743.54,373.74
807.28,332.37,807.34,332.00
800.65,341.48,801.20,340.81
800.46,321.23,801.13,324.14
760.87,377.77,759.96,377.49
793.54,344.40,793.54,320.91
794.09,377.77,794.93,378.16
798.26,395.88,798.51,393.99
773.96,355.35,773.94,355.18
797.85,362.85,800.54,362.87
795.47,321.87,795.33,343.51
799.53,369.10,799.47,368.93
779.25,327.60,791.17,327.62
806.10,354.98,805.86,355.20
829.80,352.35,829.62,351.83
795.47,343.36,795.33,343.51
787.90,336.79,788.08,336.83
784.18,320.17,783.78,319.76
828.90,402.56,829.01,402.63
783.42,371.58,784.00,370.81
795.67,339.74,795.51,339.39
790.69,347.73,791.33,348.81
795.47,343.36,795.47,321.87
782.62,332.33,782.79,332.53
791.92,320.33,791.69,320.87
786.10,367.43,784.85,367.19
795.85,325.48,795.41,325.39
803.81,327.55,804.27,327.35
801.37,417.64,800.98,417.67
778.44,372.07,778.95,372.99
821.65,379.59,821.65,382.35
825.88,399.40,826.04,399.43
791.92,320.33,793.37,320.87
782.95,331.24,783.16,331.31
791.69,320.87,791.61,320.93
791.69,324.66,791.63,324.33
782.95,329.92,782.99,330.58
778.94,381.44,780.84,381.52
802.40,342.99,802.57,343.04
793.37,344.44,793.37,320.87
826.03,398.86,826.12,398.99
782.79,328.68,782.82,329.34
778.57,324.33,778.55,320.93
744.42,383.45,745.62,383.57
829.57,360.97,828.45,366.20
814.73,339.45,814.22,339.33
804.58,324.35,804.42,324.16
771.90,371.74,775.02,371.74
789.87,400.73,788.81,400.73
827.21,339.49,826.65,340.88
802.85,332.84,802.62,331.87
761.24,357.86,761.03,360.00
776.66,320.87,776.53,320.91
762.17,349.00,760.55,350.39
818.23,343.86,817.81,340.69
776.44,346.53,778.52,347.02
776.37,332.99,775.69,332.99
797.51,341.34,798.32,342.59
758.05,366.17,763.12,368.08
780.06,398.21,780.01,396.74
803.08,332.67,803.03,332.75
818.88,366.05,819.54,367.79
747.63,384.40,748.58,384.48
782.70,385.10,781.36,385.87
791.86,319.50,791.86,320.32
793.37,344.44,793.54,344.40
793.71,332.37,794.17,330.57
793.37,344.44,793.54,344.40
787.32,347.84,788.02,348.93
784.39,340.00,784.45,339.92
776.63,325.44,776.43,325.59
784.39,320.42,784.20,319.70
746.41,377.51,746.30,377.66
783.31,337.92,783.48,337.97
776.63,325.44,776.29,325.73
746.10,377.56,746.30,377.66
778.57,337.31,778.02,340.84
787.22,347.87,787.88,348.91
784.33,340.50,784.39,340.00
783.61,337.57,783.48,337.97
776.52,325.56,776.29,325.73
773.18,340.79,773.42,341.01
759.55,385.13,758.58,385.22
796.20,325.73,796.06,325.59
761.98,378.84,761.82,379.07
797.33,362.29,798.98,359.64
795.01,382.53,794.02,382.53
776.84,324.57,776.78,324.08
782.86,342.91,791.42,342.91
799.08,360.09,798.98,359.64
819.13,368.48,819.41,368.48
761.76,378.41,761.98,378.84
782.86,342.91,781.37,344.05
799.08,360.09,797.33,362.29
776.76,324.56,776.69,324.00
745.62,378.04,744.90,382.34
803.53,331.38,803.58,330.95
785.67,342.73,786.77,343.01
801.30,324.37,801.44,324.43
824.46,377.25,822.75,378.02
796.87,363.24,796.99,362.35
821.44,368.53,819.41,368.48
768.53,372.17,770.51,372.99
755.61,385.00,754.65,384.92
796.45,362.36,796.99,362.35
801.00,324.09,801.13,324.14
802.71,416.74,802.20,417.55
805.29,330.39,805.13,330.05
776.57,337.12,777.15,335.53
830.43,405.18,830.33,405.07
807.42,332.02,807.84,332.00
801.00,324.09,799.20,323.87
824.78,406.01,824.80,405.77
781.87,330.76,781.93,330.77
798.85,323.64,798.78,323.78
778.91,321.16,778.92,324.46
771.74,356.21,771.62,361.99
758.01,360.00,756.75,362.11
768.65,377.39,772.25,377.57
800.49,321.38,795.47,343.36
803.21,330.47,803.54,330.64
793.27,332.37,793.24,332.14
805.76,325.75,805.72,325.59
805.76,325.75,802.70,325.83
804.21,440.13,803.28,439.64
800.29,362.80,800.47,358.88
783.74,327.47,784.13,327.91
797.15,402.27,798.72,408.58
787.22,347.87,787.32,347.84
774.24,370.78,776.22,368.79
787.46,369.76,787.03,368.67
829.63,350.19,828.66,352.37
778.27,401.60,778.92,409.81
777.76,395.98,778.07,398.21
802.57,343.04,802.66,342.89
802.70,325.83,801.44,324.43
748.10,374.62,748.52,374.18
799.31,353.27,798.90,353.52
765.74,349.36,767.45,348.95
780.93,393.56,781.45,392.12
802.89,342.60,802.66,342.89
802.14,325.32,801.44,324.43
803.56,353.78,804.58,357.86
831.54,366.79,831.07,368.83
799.45,338.68,799.51,338.68
804.04,331.61,804.50,329.77
802.14,325.32,801.13,324.14
801.98,330.59,801.67,330.75
792.03,340.55,791.71,340.68
796.95,438.68,798.85,438.49
800.49,321.38,800.46,321.23
830.01,398.99,829.93,399.43
784.64,342.78,784.39,342.24
804.58,324.35,804.27,324.09
831.14,368.74,831.43,368.74
784.89,339.14,785.85,338.82
806.20,357.07,806.60,357.07
787.37,324.35,787.08,324.09
776.53,344.40,776.53,320.91
780.30,320.30,785.11,319.71
801.38,435.25,801.66,435.77
825.01,396.59,824.81,396.59
778.90,309.18,778.91,319.51
825.11,396.30,825.78,396.02
803.37,333.49,803.03,332.75
775.61,321.73,776.53,344.40
787.68,366.97,786.10,367.43
775.82,324.65,775.89,325.21
791.86,333.31,791.91,333.27
805.78,354.33,806.12,354.33
801.64,339.80,801.93,338.53
757.24,355.80,761.16,355.75
729.50,364.95,730.95,364.21
774.65,355.15,774.10,355.27
783.74,327.47,783.76,327.34
811.41,355.70,810.10,359.57
802.59,338.75,802.49,336.58
824.46,406.24,824.30,406.28
775.59,343.36,775.82,324.65
798.22,359.15,798.25,359.57
811.43,367.64,811.71,367.64
776.69,325.13,776.52,325.56
774.69,343.18,775.48,343.45
798.22,359.15,798.82,359.15
779.47,356.64,780.00,360.00
818.03,331.98,818.20,332.32
798.95,343.86,792.32,344.14
797.17,319.92,791.79,320.48
776.69,325.13,776.84,324.57
783.94,324.09,801.00,324.09
750.17,384.20,748.91,384.59
783.94,324.09,801.30,324.37
802.57,339.11,802.89,339.52
802.57,339.11,802.82,339.39
785.43,339.11,785.67,339.39
784.08,324.43,786.92,324.16
787.72,355.26,788.87,355.84
776.58,371.58,778.35,372.27
810.04,340.89,810.50,341.00
749.91,384.58,748.96,384.23
796.39,379.59,795.97,378.79
795.90,379.00,795.71,379.05
797.89,342.83,798.68,337.26
791.85,333.12,791.81,333.32
783.94,324.09,782.37,320.03
745.65,371.11,745.82,377.34
782.09,328.53,782.37,328.61
799.46,339.44,799.31,339.45
758.77,374.58,758.88,374.01
810.04,340.89,810.36,340.68
791.85,333.12,791.68,333.26
783.94,324.09,782.20,320.08
750.17,384.20,748.91,384.59
802.28,339.03,802.57,339.11
785.16,339.03,785.43,339.11
784.89,329.42,784.96,330.53
780.36,321.38,775.59,321.87
795.45,445.87,795.49,446.33
800.89,355.82,800.24,359.59
811.39,339.86,814.65,339.69
798.17,379.66,798.37,380.45
785.89,326.60,787.20,324.41
770.98,358.46,770.93,359.05
829.54,390.87,829.56,391.18
753.39,384.52,754.65,384.92
810.29,340.79,810.29,343.85
794.58,336.99,805.39,329.87
787.78,325.69,787.20,324.41
780.50,347.84,782.33,348.96
732.84,358.39,732.10,356.94
809.04,332.79,808.89,332.94
768.93,368.26,767.91,368.25
779.20,362.08,779.34,361.74
794.30,378.36,794.56,378.68
787.37,324.35,787.20,324.41
785.05,339.19,785.16,339.03
787.78,325.69,787.20,324.41
782.12,353.87,782.93,355.83
787.21,356.87,787.01,356.87
790.35,328.38,780.24,329.24
818.63,335.33,818.30,334.98
771.68,370.97,772.14,367.25
799.41,343.33,795.47,343.36
806.83,335.51,806.83,330.57
795.47,343.36,799.44,343.18
759.56,377.85,759.73,377.69
801.66,399.17,801.72,398.17
782.36,333.38,782.05,332.67
805.76,325.75,806.19,326.67
805.39,336.33,811.01,338.40
802.24,336.04,806.19,326.67
795.47,393.66,795.62,395.72
796.12,333.77,791.84,333.77
811.10,354.37,811.81,353.12
800.49,321.38,802.16,325.45
784.64,339.45,784.89,339.14
801.75,339.45,801.90,339.57
784.64,339.45,784.80,339.29
802.16,325.45,802.14,325.32
789.57,356.37,790.00,358.16
778.30,333.26,778.08,333.79
802.88,334.94,805.13,335.72
759.30,377.80,760.55,377.71
808.80,365.40,809.88,360.93
802.88,334.94,817.57,334.94
798.16,344.71,795.33,343.51
799.41,343.33,795.33,343.51
778.32,342.39,778.26,342.36
793.37,344.44,793.75,344.89
803.49,402.16,803.42,402.23
778.33,324.66,778.33,320.87
787.90,353.11,788.28,352.79
824.22,405.09,823.55,404.12
791.49,342.44,779.25,342.44
801.55,403.03,801.68,395.08
801.42,341.77,801.37,341.13
829.17,402.31,829.83,403.91
784.33,341.77,784.28,341.13
778.26,397.92,778.79,396.81
748.01,380.73,748.23,380.80
769.59,348.83,767.95,350.24
788.57,360.00,791.33,357.83
778.60,400.00,778.31,397.94
781.38,378.99,781.44,379.87
801.42,341.77,801.59,341.71
784.33,341.77,784.24,341.13
805.19,325.65,804.58,324.35
794.75,388.87,794.81,389.00
778.48,373.07,778.52,372.97
789.93,344.19,790.78,344.45
799.43,360.67,797.76,363.20
784.07,320.03,783.78,319.76
779.00,394.01,779.58,398.08
790.63,360.00,790.48,361.90
788.57,360.00,788.22,362.14
805.19,325.65,787.37,324.35
830.23,405.02,830.29,404.96
747.25,373.10,747.48,373.22
801.98,330.59,802.33,330.54
772.76,357.09,772.39,357.37
808.62,371.27,809.33,371.28
805.32,326.34,805.32,325.69
771.92,337.37,772.01,336.00
800.49,321.38,795.47,321.87
769.59,371.16,769.68,368.67
791.83,360.00,790.48,361.90
784.28,341.71,784.33,341.77
787.95,325.65,787.37,324.35
750.84,370.93,758.78,369.07
791.11,421.49,790.70,406.28
814.86,355.66,813.08,359.56
792.03,340.55,810.04,340.55
814.87,337.82,817.96,335.57
793.14,380.99,794.44,381.81
776.87,344.95,776.73,344.89
775.59,321.87,775.61,321.73
829.14,387.94,808.86,387.94
766.40,351.84,765.26,353.70
774.17,360.72,774.23,360.78
779.06,346.90,781.91,346.80
792.15,353.46,794.68,353.50
794.82,382.89,795.51,382.54
757.24,355.80,756.74,357.87
800.02,332.99,800.70,332.99
778.80,319.50,778.80,320.32
783.14,430.78,783.49,430.83
807.68,383.94,806.62,384.11
795.60,324.61,795.27,324.20
793.37,320.87,793.54,320.91
826.44,396.09,826.36,397.30
791.23,339.21,790.96,337.38
798.78,323.78,799.20,323.87
795.60,324.61,795.94,324.13
812.86,360.94,811.71,367.64
783.78,324.14,784.08,324.43
786.92,324.16,784.08,324.43
780.50,356.05,733.58,360.00
819.68,339.86,819.95,339.75
821.96,373.05,822.08,372.91
791.52,308.76,791.57,309.17
777.67,341.01,773.06,339.31
770.92,380.06,774.04,380.32
810.11,346.27,791.81,346.92
785.44,325.59,784.08,324.43
791.69,324.66,791.45,324.48
810.14,376.49,811.79,376.31
782.20,320.08,783.78,324.14
775.60,337.14,776.57,337.12
780.45,321.23,783.78,324.14
796.17,390.57,795.41,389.82
801.67,330.75,801.43,331.00
807.74,331.70,807.99,331.45
787.95,325.65,787.78,325.69
786.03,446.03,793.61,446.03
730.17,365.87,726.53,366.10
811.17,338.03,811.01,338.40
806.19,335.94,806.19,335.79
811.39,337.89,811.17,338.03
829.94,405.93,829.99,406.15
785.85,338.82,786.17,338.68
826.23,397.17,826.35,397.32
805.81,331.57,805.60,332.50
829.92,405.69,829.94,405.93
784.89,339.14,785.16,339.03
798.16,344.71,793.75,344.89
795.90,381.10,794.77,381.69
785.56,429.62,785.85,430.14
814.95,384.27,813.93,384.11
796.45,323.61,796.20,323.48
767.30,379.51,767.45,378.79
776.87,344.95,793.59,344.95
754.28,382.02,754.07,382.35
793.37,344.44,793.59,344.95
809.83,367.61,809.48,365.91
776.66,344.44,793.37,344.44
784.45,339.92,785.34,339.72
805.32,326.34,805.44,326.35
772.12,362.95,771.93,362.82
742.76,376.56,742.54,377.96
769.13,371.30,767.30,379.23
831.14,368.74,831.60,366.69
805.32,326.34,805.44,336.79
785.19,340.40,784.45,339.92
805.31,336.83,805.44,336.79
807.99,333.26,808.04,332.94
769.13,371.30,767.48,379.21
805.32,326.34,805.19,325.65
776.72,349.29,779.35,348.68
788.07,326.34,787.95,325.65
780.36,321.38,775.59,343.36
749.95,377.76,748.48,371.21
803.69,355.30,803.32,355.68
782.04,325.32,783.78,324.14
791.23,363.76,791.69,361.89
814.41,338.68,814.36,338.32
784.33,341.77,784.28,341.13
777.11,367.91,779.63,369.55
801.27,444.58,800.98,445.11
780.36,321.38,780.45,321.23
741.53,369.80,742.96,377.40
784.70,331.60,784.89,331.64
775.59,343.36,775.89,325.21
802.59,338.75,801.82,343.49
775.59,356.16,775.59,362.04
824.58,403.77,823.55,404.12
805.66,329.42,805.48,329.41
785.35,325.75,782.57,325.83
830.50,405.34,830.33,405.37
807.82,331.46,807.58,331.71
781.37,402.55,781.64,400.51
808.88,372.40,799.77,372.40
772.09,346.42,774.24,346.25
804.38,423.16,803.82,424.02
757.68,385.38,777.75,386.88
785.89,326.60,785.44,325.59
809.01,362.87,807.94,367.45
779.65,347.82,778.49,347.86
830.12,406.39,829.90,406.24
767.68,365.51,768.67,367.13
782.60,376.19,784.51,376.37
750.37,377.87,750.21,377.71
798.44,344.39,800.64,337.92
810.95,338.90,810.94,339.33
773.74,377.81,773.51,377.57
745.12,382.20,745.28,382.45
795.18,378.47,795.45,378.38
782.68,423.32,782.57,424.07
799.73,369.85,824.92,370.50
795.30,380.35,795.32,380.78
719.01,350.51,722.14,349.46
800.95,337.57,806.19,335.94
722.28,349.05,722.14,349.46
802.19,336.19,806.19,335.94
798.44,344.39,798.16,344.71
820.10,372.99,817.97,373.05
791.82,327.72,791.96,327.87
781.92,392.31,781.70,391.26
827.41,402.35,826.14,402.48
803.89,436.02,803.01,436.50
803.00,329.74,803.21,328.80
776.87,344.95,793.59,344.95
805.31,336.83,805.44,336.79
829.61,360.98,829.81,359.55
778.92,327.73,791.10,327.73
805.08,337.38,805.44,336.79
784.51,379.06,783.55,380.58
801.53,338.73,801.65,337.12
788.07,326.34,805.32,326.34
803.14,365.41,804.37,360.92
805.31,336.83,805.32,326.34
826.98,373.33,826.99,373.20
801.53,338.73,802.02,337.14
771.18,358.30,771.18,358.65
787.19,341.04,785.99,341.68
788.07,326.34,805.31,336.83
791.43,332.00,791.51,332.02
801.11,359.58,800.37,359.58
801.93,338.53,802.02,337.14
771.26,359.59,771.18,359.64
788.08,336.83,805.31,336.83
732.84,361.61,733.10,360.00
783.42,357.89,783.58,357.87
798.58,401.89,799.24,403.43
771.35,379.77,772.34,379.77
817.50,333.88,818.63,335.33
829.72,419.13,829.72,420.22
782.41,328.63,782.75,327.81
826.05,339.44,833.86,339.56
798.82,360.51,799.00,360.44
776.73,344.89,776.87,344.95
802.00,343.06,802.28,343.15
825.87,392.15,825.93,392.20
782.41,328.63,782.55,327.83
791.97,342.24,791.49,342.44
775.77,369.05,774.28,369.96
751.85,383.07,753.11,383.16
778.07,398.21,777.76,395.98
782.22,328.65,782.55,327.83
780.42,391.20,778.10,391.32
790.82,355.71,790.00,353.73
794.21,377.92,794.40,378.75
776.89,366.22,777.92,366.85
780.94,344.71,775.61,343.51
779.46,343.33,775.59,343.36
798.15,378.88,798.32,379.63
781.94,325.45,779.36,343.18
831.90,366.69,831.43,368.74
825.87,392.15,829.76,392.20
782.01,329.66,782.19,329.65
802.40,343.63,792.90,344.05
811.84,355.69,810.47,359.57
802.49,336.58,801.82,343.49
775.29,362.01,775.59,362.04
829.38,404.12,823.55,404.12
782.49,325.98,782.57,325.83
772.45,349.79,774.00,350.43
821.15,370.47,811.62,370.22
744.37,368.25,742.46,368.42
829.90,406.24,830.08,405.73
785.52,339.52,785.70,339.93
773.51,377.57,773.21,377.42
804.86,354.46,808.21,354.41
772.14,367.25,775.49,367.25
785.89,326.60,785.89,335.94
775.29,356.14,775.59,362.04
769.59,377.24,773.21,377.42
778.20,366.70,781.01,366.69
828.31,386.59,827.86,386.62
775.89,324.08,775.82,324.65
801.71,342.24,801.59,341.71
806.29,355.22,799.39,355.30
799.12,337.82,799.65,338.06
796.09,379.07,795.45,378.38
781.37,344.05,789.84,344.14
791.64,346.78,791.81,347.16
811.27,352.99,811.80,352.99
787.89,326.35,785.89,335.94
802.19,336.19,801.63,336.84
800.64,337.92,801.63,336.84
756.50,384.64,755.58,384.72
776.53,320.91,776.73,320.39
808.24,333.05,808.46,333.08
802.19,336.19,800.64,337.92
832.01,407.43,831.93,407.90
784.89,339.14,785.16,339.03
799.43,395.42,800.51,396.18
786.03,446.03,790.32,413.09
791.09,335.51,790.56,335.37
778.98,398.14,778.93,397.44
780.05,401.38,780.45,400.92
783.74,333.76,783.31,333.95
767.50,380.49,767.75,380.73
791.65,327.83,791.52,327.90
777.73,339.24,777.54,337.38
825.19,369.97,826.35,369.79
829.63,350.19,831.56,350.94
796.50,338.87,796.50,339.60
800.36,340.17,799.41,340.17
790.32,413.09,792.21,412.92
776.53,368.18,777.86,368.74
785.35,325.75,785.44,325.59
744.41,382.87,745.62,383.57
823.91,355.40,820.09,355.44
744.41,382.87,743.32,381.95
795.51,338.40,795.46,338.90
800.06,373.72,803.31,378.80
798.31,344.43,798.02,344.77
827.02,354.15,830.74,352.85
753.72,377.51,753.97,377.56
780.17,398.17,780.09,397.16
778.00,395.42,778.37,394.98
792.49,396.48,792.84,396.75
784.17,333.36,783.76,333.88
778.57,328.36,778.46,327.83
777.07,333.69,777.56,333.47
780.55,370.22,780.55,369.20
763.66,378.41,763.66,378.03
805.88,330.54,806.44,330.57
818.35,366.48,818.63,366.48
781.10,344.77,798.02,344.77
798.97,406.04,799.59,406.31
806.14,342.60,806.66,342.60
784.80,339.29,784.89,339.14
803.15,356.21,803.15,362.01
800.95,337.57,805.21,337.32
826.45,394.29,827.66,394.44
791.60,340.84,791.09,339.24
776.26,348.21,779.35,348.68
805.08,337.38,805.21,337.32
784.28,341.13,785.14,341.14
788.08,336.83,805.31,336.83
785.19,341.88,784.28,341.13
787.85,337.38,805.08,337.38
805.24,344.73,794.06,345.32
802.54,411.92,802.01,411.44
786.71,351.71,787.03,351.32
764.25,369.57,765.74,370.64
761.33,364.21,761.99,366.24
781.21,344.39,781.10,344.77
782.60,376.19,782.34,375.94
779.46,343.33,779.36,343.18
790.31,385.75,792.47,395.75
821.47,354.10,821.83,354.10
798.03,341.49,797.53,340.38
784.64,342.78,784.45,342.33
800.85,335.53,801.53,335.53
803.32,330.70,803.26,331.02
782.49,325.98,781.94,325.45
784.08,324.43,783.78,324.14
808.93,354.41,812.48,353.17
782.01,336.04,785.76,335.79
809.40,333.05,809.14,333.31
794.89,379.59,796.16,379.66
798.02,344.77,793.59,344.95
786.86,304.60,786.64,304.47
777.31,339.31,772.94,337.42
834.03,401.25,829.86,401.96
768.39,381.13,769.25,381.86
785.89,335.94,785.76,335.79
792.20,302.41,792.20,302.17
809.62,332.37,809.57,332.00
800.51,337.97,800.95,337.57
788.22,357.86,788.57,360.00
809.54,332.02,809.57,332.00
798.48,353.34,798.48,356.05
759.23,365.08,759.16,367.94
791.87,342.46,792.10,341.91
784.62,406.21,783.19,404.50
830.50,406.38,830.40,406.47
785.99,340.41,786.03,341.04
800.81,337.63,800.95,337.57
826.29,373.19,824.10,373.25
783.96,369.64,782.33,371.04
809.62,332.37,809.54,332.02
829.61,400.68,825.77,400.68
791.82,342.36,792.02,341.86
830.58,406.21,830.50,406.38
787.00,339.63,787.14,340.29
797.64,320.03,799.04,319.76
800.51,337.97,798.31,344.43
808.59,341.71,806.89,343.01
784.80,342.91,785.05,342.99
800.07,355.18,802.45,355.18
787.85,337.38,805.08,337.38
800.53,333.47,777.56,333.47
826.32,396.08,830.16,396.14
803.21,328.80,804.52,329.32
800.04,337.26,800.65,332.97
828.19,366.64,828.48,366.64
800.81,337.63,805.08,337.38
783.69,445.37,784.78,445.87
800.04,337.26,800.04,332.79
787.44,350.19,787.46,350.24
721.36,355.12,722.09,352.45
804.72,324.41,804.42,324.16
787.85,337.38,800.81,337.63
782.46,432.03,782.98,431.62
828.94,367.23,828.72,367.64
788.38,302.87,788.27,302.83
781.21,344.39,783.31,337.92
785.99,341.68,785.70,342.17
781.55,336.84,781.45,336.73
785.82,341.64,785.99,341.68
782.09,336.19,785.89,335.94
799.54,372.10,799.31,372.32
761.74,364.22,762.56,366.20
773.75,353.04,773.30,354.62
790.05,449.44,786.82,445.78
803.44,420.72,804.80,420.92
781.97,373.12,780.27,372.12
778.70,342.68,791.32,342.56
754.81,384.63,755.02,384.38
802.93,330.76,803.00,329.74
785.67,339.39,786.77,339.11
783.61,337.57,787.68,337.32
798.44,449.08,789.22,449.38
776.69,324.00,776.52,323.61
785.99,340.41,786.03,341.04
783.76,337.63,800.81,337.63
785.99,340.41,785.86,341.05
783.76,337.63,800.51,337.97
785.82,340.46,785.86,341.05
831.21,364.91,831.21,366.39
783.48,337.97,800.51,337.97
785.82,340.46,785.99,340.41
783.48,337.97,781.38,344.43
802.74,325.98,802.70,325.83
785.87,339.84,785.82,340.46
783.31,337.92,781.21,344.39
724.83,364.21,726.28,364.95
779.56,310.29,779.53,319.50
777.62,373.88,775.55,373.63
771.74,371.02,771.68,370.97
767.30,379.91,767.41,380.06
777.87,340.90,777.52,339.25
782.09,336.19,783.61,337.57
762.31,384.21,763.59,383.22
811.64,368.33,812.35,366.38
787.68,337.32,787.85,337.38
792.54,331.20,794.17,330.57
785.85,343.39,786.17,343.49
795.98,423.69,804.43,421.62
785.31,350.51,787.07,351.42
810.89,340.79,811.05,340.85
786.48,343.36,786.17,343.49
811.12,341.02,811.05,340.85
785.16,343.15,786.17,343.49
786.48,343.36,785.16,343.15
813.22,411.14,810.47,407.03
796.10,371.38,797.57,377.90
824.73,405.31,824.69,405.18
782.46,327.95,782.86,327.42
811.27,344.14,818.23,343.86
786.77,343.01,786.48,343.36
778.33,320.87,778.55,320.93
778.72,371.65,769.33,379.63
787.00,342.46,786.77,343.01
787.00,342.46,785.67,342.73
789.57,363.62,788.86,365.32
772.53,372.53,772.59,373.49
829.56,401.22,829.86,401.96
787.14,341.78,787.00,342.46
757.04,370.69,758.54,370.89
794.75,379.21,794.73,379.91
722.28,370.95,725.40,370.02
781.45,392.12,783.13,390.88
785.99,341.68,787.14,341.78
778.55,320.33,778.33,320.87
781.01,395.66,781.27,396.87
774.31,373.64,774.24,373.75
761.73,370.84,761.46,370.98
794.97,381.10,794.44,381.81
802.77,355.18,804.33,355.18
776.66,344.44,776.73,344.89
787.14,340.29,787.19,341.04
806.86,355.54,806.76,355.31
749.86,382.63,749.65,382.30
795.90,381.10,796.29,381.05
787.14,340.29,786.03,341.04
793.35,344.04,793.31,343.99
806.89,355.53,806.78,355.26
749.39,382.73,749.23,382.48
808.25,353.18,808.37,353.04
749.10,382.29,747.70,382.51
793.62,343.51,793.35,344.04
751.09,382.39,750.49,378.25
830.64,406.01,830.58,406.21
785.87,339.84,785.99,340.41
787.31,364.25,786.48,366.24
793.62,343.51,793.67,343.60
751.09,382.39,749.05,378.17
745.65,371.11,746.81,374.01
821.89,366.53,828.19,366.64
785.87,339.84,787.00,339.63
790.97,319.50,790.98,320.32
761.82,379.07,767.97,379.81
829.14,387.94,825.53,391.81
796.52,442.72,796.90,442.05
781.37,398.20,781.29,399.51
780.71,350.84,781.67,350.91
781.50,350.91,780.55,350.83
824.59,392.09,824.79,392.27
772.27,334.74,772.67,333.73
778.43,337.35,777.52,339.25
776.29,325.73,776.43,325.59
829.94,405.46,829.92,405.69
785.56,339.18,785.85,338.82
781.67,350.91,782.14,350.96
829.38,404.12,829.94,405.46
784.64,339.45,784.89,339.14
781.50,350.91,781.67,350.91
751.31,382.73,749.65,382.30
830.29,404.96,830.17,404.99
784.33,340.50,784.45,339.92
776.13,348.07,776.32,348.05
751.31,382.73,751.09,382.39
804.49,347.65,804.47,347.83
769.30,376.69,768.79,376.77
781.66,350.24,781.50,349.85
750.73,382.58,750.49,378.25
830.50,405.13,830.40,405.01
784.28,341.13,784.33,340.50
770.11,359.15,770.14,358.70
788.31,352.86,787.90,353.11
801.82,372.17,801.22,372.38
774.56,348.33,776.43,347.88
732.10,363.06,732.84,361.61
768.12,347.84,769.99,346.93
829.98,405.10,830.08,405.07
785.85,343.39,785.56,343.06
783.19,404.50,782.05,400.61
779.06,402.09,778.56,401.45
801.82,372.17,801.22,372.38
780.25,358.25,780.38,360.00
768.12,347.84,770.09,347.02
785.85,343.39,784.64,342.78
821.79,365.67,823.12,360.96
767.75,380.73,767.88,381.56
771.95,359.15,771.92,359.57
776.78,325.06,776.52,325.56
798.12,356.42,798.25,356.19
776.45,366.53,777.92,366.85
789.50,367.16,788.29,368.55
791.50,360.00,788.40,362.15
802.40,343.63,805.47,343.60
750.84,383.46,749.86,382.63
808.87,347.58,808.98,347.57
794.38,380.73,793.45,381.56
785.52,342.60,785.30,342.89
834.02,380.00,822.50,379.45
775.16,396.34,775.46,396.58
776.84,324.57,776.78,325.06
752.28,383.56,751.31,382.73
785.87,342.27,785.67,342.73
783.75,360.00,787.45,362.15
745.05,381.65,743.73,380.93
834.02,377.83,822.50,377.34
792.70,396.34,793.02,396.58
787.72,364.22,786.59,363.92
785.05,341.09,784.39,340.00
785.70,342.17,785.52,342.60
776.89,325.49,776.70,325.39
786.46,366.19,785.82,365.76
785.82,341.64,785.70,342.17
785.35,368.02,785.36,368.08
785.86,341.05,785.82,341.64
777.90,399.29,777.81,397.97
778.15,370.99,783.96,369.72
782.21,389.67,782.65,389.34
774.67,355.26,775.97,354.56
830.08,405.73,829.98,406.34
785.67,339.39,785.87,339.84
783.53,388.87,783.12,389.00
773.30,354.62,774.67,355.26
763.25,376.40,762.74,376.48
785.43,339.11,785.52,339.52
785.05,339.19,785.30,339.26
784.89,339.14,785.05,339.19
787.90,423.70,795.47,424.43
782.46,389.87,782.75,389.90
795.63,449.50,795.50,449.44
798.68,337.26,801.13,335.30
794.83,347.62,795.53,348.68
778.02,340.84,778.57,341.44
827.64,396.15,834.22,398.90
806.19,335.79,806.19,326.67
784.80,339.29,785.05,339.19
788.69,302.94,788.38,302.87
805.44,336.79,806.19,335.94
803.69,347.32,804.42,348.42
767.26,363.62,766.95,363.75
793.89,379.23,793.90,379.91
784.57,339.57,784.80,339.29
784.45,339.92,784.64,339.45
792.17,341.44,791.85,341.77
826.16,392.58,826.16,392.56
754.05,377.90,753.04,382.21
810.04,340.89,810.11,341.06
792.72,343.85,793.55,343.85
834.16,414.28,812.51,410.81
791.23,335.53,791.60,333.85
805.36,347.87,804.69,348.91
784.45,339.92,784.57,339.57
818.58,365.62,812.25,365.53
787.37,324.35,804.58,324.35
832.01,407.43,830.76,404.27
784.33,340.50,784.45,339.92
784.28,340.54,784.39,340.00
778.90,309.18,779.56,310.29
756.36,363.92,758.30,363.49
796.10,371.38,808.48,369.38
795.60,325.49,795.41,325.39
780.42,415.24,781.37,415.32
769.47,371.23,767.95,369.76
784.28,341.13,784.33,340.50
784.28,341.13,784.28,340.54
829.83,403.91,829.05,402.70
784.24,341.13,784.28,340.54
817.21,330.41,817.03,333.31
758.78,369.07,759.06,369.20
812.25,365.53,813.52,360.94
775.61,343.51,775.61,321.73
810.29,340.79,810.89,340.79
841.00,413.40,820.43,410.81
792.17,337.31,791.23,335.53
770.60,372.07,770.51,372.99
784.28,341.71,784.24,341.13
801.20,333.57,800.70,332.99
801.75,342.78,802.00,343.06
804.58,324.35,804.72,324.41
784.64,342.78,784.45,342.33
796.36,318.84,796.43,319.69
776.70,325.39,776.23,325.48
784.77,309.55,784.74,318.84
800.65,343.06,801.75,342.78
797.98,343.37,793.62,343.51
784.57,342.65,784.39,342.24
798.66,332.41,799.43,333.05
800.95,343.39,800.65,343.06
818.48,337.57,818.26,336.58
747.25,373.10,747.48,373.22
796.98,318.85,797.16,319.70
776.63,323.74,777.07,323.82
802.16,325.45,799.44,343.18
789.11,360.00,789.13,360.00
772.72,365.80,773.72,366.97
805.48,330.65,806.25,329.34
788.86,365.32,787.90,366.89
747.99,374.63,747.88,374.05
808.59,341.71,797.98,343.37
831.38,398.27,830.01,398.99
784.80,342.91,785.16,343.15
807.86,370.64,806.41,370.31
826.34,395.52,826.46,395.65
825.78,396.02,825.73,395.89
805.19,328.65,805.48,328.53
781.01,367.94,781.16,367.99
784.80,342.91,784.57,342.65
802.66,426.40,802.30,425.66
770.40,360.95,770.97,361.54
818.18,365.53,813.20,360.93
755.02,384.38,756.16,384.75
798.78,323.78,791.45,324.48
783.50,389.19,785.38,388.76
777.26,337.12,777.15,335.53
802.27,440.39,801.36,440.79
773.52,357.51,774.56,356.51
802.60,386.64,797.22,381.25
826.00,392.84,826.19,393.82
776.87,344.95,793.37,344.44
774.19,358.82,774.10,360.00
830.34,394.29,831.55,396.15
778.22,333.32,778.26,333.12
776.87,344.95,776.66,344.44
805.25,376.59,803.86,378.59
821.52,345.12,807.91,345.65
778.30,333.26,778.32,333.12
772.35,372.07,775.70,369.15
782.24,369.75,782.14,369.07
773.71,342.04,773.18,340.79
803.20,398.21,803.08,396.71
785.29,446.33,786.03,446.03
780.25,348.42,782.24,348.46
754.22,382.93,752.58,382.49
752.01,383.49,751.47,383.45
831.33,420.92,831.55,420.48
801.90,339.57,802.14,339.29
821.09,368.62,819.02,368.57
790.12,336.33,795.51,338.40
794.17,330.57,793.66,332.00
792.95,340.79,792.79,340.85
780.42,391.20,781.09,390.89
778.02,333.85,778.22,333.32
796.96,342.65,797.10,342.65
802.13,343.76,802.58,343.87
789.49,393.99,790.58,393.99
787.95,325.65,805.19,325.65
830.05,392.58,829.97,392.13
791.68,341.40,791.70,341.54
804.31,330.73,804.37,329.99
770.81,370.60,772.65,370.64
791.68,341.40,791.81,341.33
802.49,336.58,802.65,337.63
791.46,340.91,791.68,341.40
800.18,340.47,818.89,340.64
757.98,384.76,756.69,385.16
801.60,436.86,800.81,437.15
830.72,353.69,826.46,355.48
784.88,395.58,784.74,394.65
786.74,352.86,787.83,353.31
772.98,370.81,774.74,371.54
794.75,379.17,795.41,379.54
771.18,380.45,770.92,379.24
775.12,343.08,775.12,337.26
778.26,341.53,778.22,341.33
759.52,373.10,759.73,373.22
791.70,333.12,791.68,333.26
778.72,381.21,781.05,378.98
800.70,332.99,800.06,332.30
750.75,384.02,752.02,383.29
809.17,353.17,812.48,353.17
807.67,354.90,806.48,355.36
828.07,401.44,825.91,401.44
803.01,330.54,802.65,330.48
804.87,344.90,790.64,344.90
790.50,365.53,790.52,365.49
805.48,330.65,804.72,331.95
793.22,333.27,793.66,333.21
818.24,366.57,812.00,366.47
800.02,332.99,799.38,332.30
787.03,351.32,788.28,352.79
766.08,360.00,766.23,361.92
791.85,333.12,791.70,333.12
803.54,332.58,803.21,332.76
790.70,394.44,790.73,394.56
790.58,393.99,790.73,394.56
792.98,332.94,793.13,332.79
793.13,331.94,792.98,331.79
799.46,338.70,799.78,339.05
776.84,324.57,777.25,324.57
830.17,404.99,830.07,405.09
785.19,340.40,785.34,339.72
799.65,339.33,799.46,338.70
818.85,411.49,818.61,411.14
778.57,337.31,778.57,333.17
830.03,405.14,829.90,405.18
758.99,373.61,758.83,374.06
762.32,376.70,761.98,377.04
793.75,341.41,794.00,341.51
791.85,341.53,791.85,341.77
754.81,384.63,755.95,385.26
778.57,341.44,778.57,341.75
800.62,428.37,799.74,428.85
793.06,389.87,793.46,389.79
802.40,341.09,803.08,339.93
781.91,373.20,783.92,372.36
796.51,380.42,796.29,379.81
795.32,379.93,795.30,380.35
778.26,341.77,778.57,341.75
824.09,405.93,824.14,406.15
778.26,341.77,778.77,342.24
787.72,355.78,787.90,355.74
765.26,366.30,765.41,366.26
784.19,390.37,783.13,390.88
793.07,333.41,792.73,333.47
799.31,339.45,799.01,339.69
831.33,350.01,830.95,351.34
824.29,386.77,819.48,387.32
818.23,340.63,818.23,343.86
778.46,342.26,778.77,342.24
801.61,343.36,801.28,343.49
765.55,368.97,766.70,371.05
787.07,351.42,786.71,351.71
824.14,405.25,824.09,405.46
779.25,342.44,778.77,342.24
759.44,376.02,759.20,376.12
779.25,342.44,778.46,342.26
799.52,372.32,794.09,377.77
823.55,404.12,824.14,405.25
778.94,342.46,778.46,342.26
799.31,353.27,794.99,353.27
770.12,351.71,768.93,353.11
828.60,359.55,829.49,360.98
801.93,338.53,802.02,337.14
791.17,342.46,778.94,342.46
796.09,381.72,795.97,382.03
796.26,381.53,796.39,381.23
791.17,342.46,791.49,342.44
791.65,342.26,791.97,342.24
795.71,381.70,795.45,382.39
795.54,381.49,795.71,381.70
791.65,342.26,791.97,342.24
800.52,340.19,801.21,340.19
791.85,333.12,791.85,328.39
798.02,344.77,798.44,344.39
787.58,363.13,787.54,363.13
824.58,340.02,825.13,341.36
796.27,362.15,797.03,362.14
820.68,329.02,804.50,329.77
811.17,339.74,811.01,339.39
799.41,368.71,799.47,368.93
778.94,327.62,791.17,327.62
800.02,341.36,800.70,341.36
745.65,371.11,745.64,377.54
778.39,400.45,778.07,398.21
783.91,334.02,784.11,334.05
795.27,325.08,795.41,325.39
778.77,327.80,779.25,327.60
776.78,324.08,777.21,324.13
807.11,362.76,807.28,362.66
824.89,406.14,824.94,405.97
835.49,389.54,825.34,388.48
795.22,324.64,795.27,325.08
778.57,328.36,778.26,328.39
803.84,400.36,804.03,398.26
773.09,349.55,774.79,348.84
805.05,332.93,804.93,332.40
764.58,364.26,766.68,363.79
778.77,342.24,778.57,341.75
814.73,339.45,814.88,339.12
778.32,341.54,778.32,341.75
803.80,353.23,804.90,354.92
802.99,333.63,802.85,332.84
818.19,385.23,813.74,384.95
811.39,337.89,811.09,338.13
823.00,379.66,822.94,380.51
767.68,378.22,767.45,378.79
791.70,341.54,791.70,341.75
824.46,377.25,824.77,377.92
796.87,363.24,796.45,362.36
807.28,332.37,807.34,332.73
787.85,337.38,787.68,337.32
785.17,330.53,784.89,331.64
778.49,342.18,778.32,341.75
780.93,393.56,782.00,393.56
747.70,373.56,747.88,374.05
795.06,379.24,795.07,379.84
747.70,373.56,747.93,374.10
805.12,372.51,805.51,372.64
747.77,373.64,747.93,374.10
803.05,398.21,803.20,398.21
810.64,391.57,807.61,387.57
794.12,350.20,792.76,349.25
790.68,321.12,795.83,320.46
798.95,343.86,799.71,345.93
778.49,327.90,778.92,327.73
819.18,330.88,818.99,330.48
790.12,329.87,779.73,329.82
799.88,365.77,799.74,365.78
759.13,383.78,760.33,382.83
828.60,359.55,829.49,360.98
777.60,337.38,790.96,337.38
777.73,339.24,791.09,339.24
818.26,336.58,818.44,337.63
809.87,340.82,810.04,340.89
750.83,383.02,750.90,382.83
777.07,325.35,776.89,325.49
778.08,340.91,791.46,340.91
809.87,340.82,810.36,340.68
791.68,341.40,778.08,340.91
778.30,341.40,778.08,340.91
806.69,356.15,806.69,360.92
795.78,325.21,795.96,325.60
778.32,328.41,791.70,328.41
791.52,327.90,791.70,328.41
829.23,407.56,830.40,406.47
760.97,370.27,764.51,372.07
752.01,383.49,753.26,382.53
803.98,331.98,803.81,332.32
783.47,348.49,785.23,349.22
786.41,446.48,793.83,446.48
790.69,310.51,790.68,319.47
767.48,379.21,767.30,379.23
777.87,333.87,778.46,332.49
783.61,337.57,783.76,337.63
778.79,394.84,779.21,395.02
781.93,330.77,782.12,330.77
812.18,359.58,809.67,359.55
791.23,335.53,791.60,333.85
791.46,333.79,791.60,333.85
791.63,324.33,791.61,320.93
786.41,446.48,793.61,446.03
799.23,337.82,799.39,338.18
790.69,310.51,790.97,319.50
804.67,360.92,805.68,355.14
825.78,400.67,826.48,402.41
795.33,321.73,793.54,320.91
791.23,335.53,791.46,333.79
815.60,355.30,815.33,355.15
748.10,374.62,747.67,375.06
782.19,331.87,781.93,330.77
806.19,355.27,805.68,355.14
793.75,320.39,793.54,320.91
791.09,335.50,791.46,333.79
751.79,382.78,751.31,378.34
795.69,325.13,795.27,325.08
791.69,320.87,791.63,324.33
786.03,366.08,787.83,366.69
782.01,331.87,782.19,331.87
806.86,344.49,821.52,345.12
777.73,335.50,778.08,333.79
791.69,320.87,791.69,324.66
826.59,373.37,814.56,373.05
788.79,355.96,777.80,361.37
777.73,335.50,778.02,333.85
792.15,353.46,792.14,362.81
762.62,369.05,764.12,369.96
756.75,362.11,756.74,362.12
756.58,360.00,756.75,362.11
782.41,332.86,782.01,331.87
810.25,360.94,810.47,359.57
777.67,335.53,778.02,333.85
795.27,324.20,795.22,324.64
762.82,368.69,764.25,369.57
791.11,337.38,791.23,335.53
793.54,320.91,793.54,344.40
818.35,366.48,818.63,366.48
785.43,343.04,785.16,343.15
791.11,337.38,791.09,335.50
825.94,399.36,825.88,399.40
793.37,320.87,793.54,344.40
795.56,382.15,794.56,382.15
806.63,357.40,806.48,357.54
809.72,359.57,810.47,359.57
790.96,337.38,791.09,335.50
758.31,371.11,759.28,373.20
798.94,390.22,798.59,389.72
798.72,408.58,797.77,409.97
782.50,305.26,782.86,307.04
795.63,324.65,795.69,324.15
811.15,340.67,812.00,341.97
778.61,399.94,778.81,399.45
806.89,360.72,806.69,357.08
785.55,323.64,785.80,323.78
777.60,337.38,777.73,335.50
794.00,341.51,792.61,341.59
786.41,349.94,787.00,350.45
799.43,357.62,799.65,357.54
777.67,335.53,777.73,335.50
785.67,342.73,785.43,343.04
765.41,353.73,767.42,354.43
781.02,398.17,780.09,397.16
782.75,333.63,783.17,334.11
827.64,396.15,827.47,398.27
777.54,337.38,777.67,335.53
819.70,360.96,819.91,359.56
790.96,337.38,791.11,337.38
826.03,398.86,826.11,399.01
778.57,324.33,778.33,320.87
804.87,357.40,804.82,357.10
809.88,360.93,810.16,360.93
798.85,323.64,799.20,323.87
791.09,339.24,790.96,337.38
778.32,332.26,773.98,332.37
791.65,327.83,791.85,328.39
817.27,387.35,817.41,387.18
777.73,339.24,777.60,337.38
791.10,327.73,791.52,327.90
819.48,387.32,817.27,387.35
777.67,339.21,777.54,337.38
791.09,339.24,791.23,339.21
805.91,444.22,805.57,444.67
790.12,344.31,795.51,339.39
791.46,340.91,791.09,339.24
781.38,344.43,781.10,344.77
807.91,345.65,822.32,346.37
783.94,324.09,785.56,323.87
777.67,339.21,777.73,339.24
768.81,363.20,770.94,365.91
778.32,341.54,778.30,341.40
785.16,339.03,786.17,338.68
830.94,391.28,829.56,391.18
800.37,359.58,800.75,360.93
764.66,350.35,764.25,352.54
778.49,342.18,778.32,341.75
829.77,364.52,829.77,361.85
801.07,400.33,801.13,400.31
790.64,343.63,792.14,342.48
724.83,364.21,721.36,364.88
779.56,310.29,780.30,319.47
778.49,342.18,778.26,341.77
771.09,358.20,771.18,358.65
801.29,397.92,802.00,397.44
787.31,364.25,787.58,363.13
778.92,342.36,778.49,342.18
824.18,353.95,824.62,354.06
830.98,372.34,824.78,377.05
785.56,339.18,784.89,339.14
803.53,406.21,799.59,406.31
792.54,332.26,791.84,333.77
778.94,342.46,778.46,342.26
778.94,342.46,778.92,342.36
749.86,382.63,749.65,382.30
796.50,338.87,799.46,338.70
791.65,342.26,791.17,342.46
774.52,380.51,774.35,379.25
771.22,360.44,770.70,360.59
828.45,366.20,829.90,360.98
776.69,324.00,776.78,324.08
780.65,401.60,780.16,402.17
781.50,349.85,781.50,350.91
830.40,405.01,830.29,404.96
785.14,341.14,785.19,340.40
801.27,444.58,805.39,442.19
810.62,339.25,810.57,338.89
780.36,321.38,776.52,323.61
796.45,325.56,795.47,343.36
791.70,341.75,791.53,342.18
780.93,347.83,782.76,348.95
791.65,342.26,791.53,342.18
778.02,340.84,778.22,341.33
810.25,360.94,810.53,360.94
786.41,349.94,785.70,350.72
799.77,372.40,799.71,372.63
770.60,347.93,772.53,347.47
811.75,355.44,811.23,355.53
829.72,420.22,829.72,419.13
802.13,331.38,802.10,331.61
759.99,368.63,777.62,369.07
784.64,342.78,785.56,343.06
772.29,346.58,776.39,346.42
791.52,327.90,791.70,328.41
799.02,372.40,799.02,369.63
772.29,346.58,774.36,347.07
791.52,327.90,791.85,328.39
810.54,379.06,809.33,378.17
798.63,360.44,798.82,360.51
784.89,343.06,784.64,342.78
823.51,381.12,825.60,382.38
787.64,355.48,787.70,355.58
772.45,370.21,772.65,370.64
771.22,360.44,771.40,360.51
785.85,343.39,784.89,343.06
798.33,359.95,798.47,360.25
806.52,355.31,806.20,355.21
789.43,362.84,790.08,363.05
804.05,360.91,803.53,359.56
791.17,327.62,791.65,327.83
778.92,327.73,791.10,327.73
795.90,380.35,795.41,379.54
778.94,327.62,791.17,327.62
774.23,360.78,774.05,360.77
767.79,378.73,768.01,379.16
757.14,377.34,756.92,377.54
778.49,327.90,778.92,327.73
782.32,348.88,783.96,350.28
761.29,367.91,762.62,369.05
817.57,343.76,817.25,344.26
767.26,378.84,767.54,379.38
785.87,342.27,785.52,342.60
766.69,360.00,766.35,360.00
778.46,327.83,778.94,327.62
778.43,397.96,778.11,395.72
776.43,325.59,776.23,325.48
766.33,379.84,766.65,380.49
799.77,356.09,799.02,356.10
783.42,362.11,783.09,364.20
804.64,371.27,809.11,371.27
822.43,360.96,821.22,367.82
776.69,325.13,776.76,324.56
785.99,341.68,785.87,342.27
774.98,362.76,775.14,362.66
778.32,328.41,778.49,327.90
829.70,420.22,829.48,419.26
765.96,347.07,768.00,347.75
760.56,363.13,760.90,363.13
761.54,367.59,762.82,368.69
778.46,327.83,778.49,327.90
791.81,341.33,791.85,341.53
781.46,391.29,778.97,391.69
803.22,416.32,802.70,415.84
778.32,328.41,778.46,327.83
750.37,374.98,750.69,375.31
828.26,387.54,827.86,387.57
795.94,325.02,795.99,324.57
810.54,376.37,810.54,379.06
831.59,356.03,831.06,353.92
819.04,340.59,819.04,345.93
772.19,367.02,771.65,371.30
804.42,348.42,802.78,349.44
790.49,336.07,789.88,335.46
800.36,340.17,799.34,340.46
797.75,441.52,806.07,441.46
805.48,330.65,804.58,331.37
819.80,355.62,819.09,359.54
813.75,340.15,814.02,340.05
805.12,372.51,804.86,371.28
773.40,340.38,773.10,338.97
768.81,363.20,770.56,360.75
798.95,343.86,791.58,346.23
780.55,350.83,780.71,350.84
816.62,390.84,810.34,391.01
781.77,411.10,791.74,411.10
751.64,378.01,751.97,377.96
742.34,374.35,742.30,374.22
758.88,383.56,759.85,382.73
794.93,378.16,795.03,379.71
803.03,332.75,802.81,331.82
801.88,330.94,801.43,331.00
808.92,372.63,809.11,372.77
772.01,336.00,772.27,334.74
818.81,346.64,818.97,346.50
791.58,346.23,792.32,344.14
783.93,388.79,785.12,388.64
767.43,379.55,767.38,380.33
802.82,336.38,803.28,336.29
791.73,341.06,791.80,340.89
814.22,339.33,814.88,339.12
791.98,332.79,792.13,332.94
802.83,331.61,803.43,331.18
803.21,359.57,804.00,360.92
764.00,378.08,763.87,377.92
809.87,340.82,810.04,340.89
800.18,340.47,800.35,340.39
800.18,340.47,818.65,340.39
818.20,330.90,818.22,330.94
813.20,360.93,812.25,365.53
800.10,340.64,800.10,345.96
799.22,347.05,792.05,347.30
776.85,340.19,776.16,340.19
785.04,309.86,780.30,319.47
799.71,340.59,799.08,340.30
813.10,401.48,815.99,401.40
791.81,347.16,792.05,347.30
824.44,404.96,824.39,405.05
783.76,327.34,784.17,327.80
785.04,309.86,785.04,318.84
799.71,340.59,799.85,340.26
791.81,347.16,799.22,347.05
808.46,332.37,807.89,331.94
784.74,318.84,785.11,319.71
826.14,339.95,826.69,341.30
778.55,320.93,778.73,320.48
824.49,405.02,824.39,405.05
783.91,327.20,784.17,327.80
776.69,325.13,776.76,324.56
799.47,346.89,799.22,347.05
800.70,332.99,800.06,332.30
817.60,331.64,817.65,331.99
784.37,307.66,784.85,309.23
814.94,354.20,815.33,354.20
774.69,331.43,773.98,332.37
799.71,345.93,791.58,346.23
800.70,332.99,799.38,332.30
806.41,386.94,804.91,389.46
821.65,379.59,823.00,379.66
774.69,331.43,778.32,332.26
799.71,345.93,791.64,346.78
797.00,307.91,796.99,308.43
777.40,337.41,777.52,335.56
799.71,360.52,799.87,360.67
799.71,345.93,799.65,346.50
759.67,385.38,778.81,386.97
767.17,378.24,767.79,377.77
791.81,347.16,799.65,346.50
799.47,346.89,799.65,346.50
791.81,347.16,799.47,346.89
776.61,360.92,774.59,356.15
819.49,390.33,819.49,401.40
810.74,347.16,810.99,347.30
801.65,336.73,799.44,343.18
771.74,356.21,771.85,355.79
818.53,347.05,810.99,347.30
797.98,332.41,798.66,332.41
752.17,384.83,750.98,384.74
777.73,399.91,778.04,400.65
782.22,328.65,782.55,327.83
810.74,347.16,818.53,347.05
805.39,329.87,794.58,329.82
761.76,378.41,761.69,377.94
784.24,341.13,784.28,341.13
828.15,352.76,827.59,352.77
752.24,384.35,753.55,383.60
824.80,405.77,824.81,405.55
781.94,329.70,782.14,328.73
811.14,340.64,811.27,340.97
810.50,346.23,818.97,346.50
788.41,302.64,788.62,302.72
728.20,355.56,726.53,353.89
824.80,405.77,824.78,405.53
781.94,329.70,782.01,329.66
810.50,346.23,810.56,346.78
713.49,353.47,711.87,356.62
817.98,331.61,818.03,331.24
784.23,324.37,783.94,324.09
830.38,402.41,829.56,401.08
784.45,342.33,784.33,341.77
806.19,335.94,805.44,336.79
810.74,347.16,818.79,346.89
746.98,384.59,747.52,384.63
772.81,357.37,774.40,357.36
795.47,321.87,795.33,321.73
779.48,381.44,770.44,381.25
794.56,330.84,804.66,330.06
811.01,339.39,810.95,338.90
791.58,341.00,791.58,346.23
798.95,340.63,798.95,343.86
773.51,351.45,785.36,351.17
786.76,427.45,786.75,426.03
775.45,373.70,777.62,373.88
810.29,340.79,816.98,343.58
775.89,371.58,777.84,371.95
775.45,373.70,775.55,373.63
780.81,419.57,781.01,419.60
774.74,348.46,775.89,348.42
804.62,360.71,804.62,355.56
829.03,348.45,829.73,348.62
799.71,340.59,799.71,345.93
814.78,354.33,818.38,353.07
788.34,345.83,787.62,346.95
785.57,370.68,785.20,370.74
755.55,382.45,756.11,382.29
811.27,344.14,810.50,346.23
802.19,360.91,803.19,355.17
818.35,366.48,812.06,366.38
792.30,347.56,810.41,347.40
784.89,343.06,784.80,342.91
803.90,420.73,803.38,420.25
787.90,355.74,789.99,353.70
766.32,379.24,766.33,379.84
791.81,346.92,792.02,347.40
772.09,360.71,774.17,360.72
810.19,346.92,792.02,347.40
767.30,379.51,766.33,379.84
810.41,347.40,792.02,347.40
810.19,346.92,810.41,347.40
825.01,401.96,825.01,396.59
819.40,330.91,819.61,331.02
747.70,369.81,748.60,383.94
810.19,346.92,791.81,346.92
802.41,340.72,802.66,340.62
798.82,359.15,798.33,359.95
806.21,376.71,804.97,378.48
778.22,333.32,778.30,333.26
787.05,358.01,788.22,357.86
800.03,346.64,800.10,345.96
785.30,342.89,785.05,342.99
818.81,346.64,800.10,345.96
818.89,345.96,800.10,345.96
818.81,346.64,818.89,345.96
779.76,350.91,779.76,350.24
772.44,355.33,772.76,355.23
785.70,342.17,785.52,342.60
818.58,347.13,800.03,346.64
791.81,341.33,791.70,341.54
818.58,347.13,818.81,346.64
818.58,347.13,799.81,347.13
806.64,343.22,806.14,342.60
824.18,373.00,824.44,371.72
777.31,339.31,777.18,337.42
829.86,401.96,830.11,402.50
772.22,355.34,773.96,355.35
777.75,386.88,778.81,386.97
772.34,355.57,772.34,357.09
785.30,339.26,785.52,339.52
799.71,340.59,798.95,340.63
799.08,340.30,798.95,340.63
799.85,340.26,799.08,340.30
805.21,337.32,805.44,336.79
794.68,444.93,788.65,448.49
774.31,360.91,774.31,355.17
784.39,340.00,784.57,339.57
791.71,340.68,792.45,340.64
792.32,340.97,792.45,340.64
791.71,340.68,792.32,340.97
803.67,342.71,780.21,344.33
792.55,332.37,793.24,332.14
791.58,341.00,792.32,340.97
755.20,383.76,753.78,383.66
785.30,309.23,785.05,308.94
824.68,353.94,830.98,353.84
806.00,332.53,805.70,332.88
774.36,347.07,776.39,346.42
792.03,340.55,792.45,340.64
785.16,339.03,785.30,339.26
806.00,332.53,806.04,332.33
807.86,358.69,806.48,358.40
792.03,340.55,791.71,340.68
794.62,380.96,795.32,380.78
775.61,370.24,775.37,370.33
810.36,340.68,811.14,340.64
782.57,325.83,782.04,325.32
800.07,355.18,802.19,355.17
773.94,355.18,772.57,355.18
810.50,341.00,811.27,340.97
818.63,332.71,819.18,332.35
779.06,370.74,783.92,384.07
788.08,336.83,788.07,326.34
791.85,341.53,791.81,341.33
818.90,340.26,818.10,340.30
800.23,365.78,801.51,360.91
800.95,337.57,800.64,337.92
782.94,392.49,782.44,393.88
802.01,398.84,802.05,398.14
787.43,363.13,786.59,363.92
791.97,327.80,792.17,328.36
791.81,333.32,791.85,333.12
800.18,340.47,818.82,340.47
779.77,369.61,785.36,368.08
797.93,355.12,798.04,354.49
802.51,368.22,808.86,366.42
770.60,380.06,767.41,380.06
787.01,363.13,787.43,363.13
779.25,327.60,791.49,327.60
808.54,379.17,807.30,385.43
798.56,351.71,806.20,351.71
791.73,341.06,791.73,346.27
780.94,344.71,781.10,344.77
792.30,347.56,799.51,347.32
794.07,380.33,794.62,379.72
769.59,377.24,769.27,377.19
809.38,333.02,809.77,332.98
822.11,333.99,821.88,334.84
808.21,354.41,808.25,353.18
775.49,367.25,775.32,367.34
787.89,326.35,787.90,336.79
821.53,366.62,821.16,368.53
791.64,346.78,792.02,347.40
783.68,367.67,784.90,366.85
780.71,400.32,780.33,402.16
798.90,372.06,799.17,371.87
789.50,352.84,790.52,354.51
799.12,362.79,799.17,353.72
778.70,355.12,779.84,356.54
817.74,372.90,821.37,371.64
791.32,342.69,791.82,342.36
796.63,325.13,796.45,325.56
795.25,380.38,795.54,380.59
778.77,362.04,775.99,355.45
802.77,355.18,805.03,355.15
810.19,346.92,810.41,347.40
809.59,332.36,809.62,332.37
758.92,356.68,758.56,356.54
778.70,355.12,779.34,356.68
817.74,372.90,817.77,371.64
810.19,346.92,810.74,347.16
809.57,332.73,809.62,332.37
810.29,343.85,816.98,343.58
810.56,346.78,810.74,347.16
793.90,324.24,793.90,306.97
809.16,365.90,809.20,365.91
782.75,327.55,782.20,328.27
800.03,346.64,799.47,346.89
800.03,346.64,799.81,347.13
762.45,363.92,763.21,365.76
774.80,346.23,777.62,346.12
824.07,376.82,822.45,377.39
819.06,372.82,818.38,372.81
778.78,342.56,778.70,342.68
821.01,352.82,821.21,352.82
791.70,341.54,791.85,341.53
754.89,384.31,756.17,383.58
791.73,341.06,791.71,340.68
818.81,346.64,818.58,347.13
800.76,333.69,800.53,333.47
818.97,346.50,818.58,347.13
776.39,373.57,776.44,373.47
782.09,330.65,782.82,329.34
799.43,341.53,800.04,341.72
791.73,346.27,791.58,346.23
818.97,346.50,818.79,346.89
822.75,378.02,822.94,378.80
785.56,323.87,799.20,323.87
733.23,360.00,732.68,360.00
783.61,333.76,782.20,333.02
797.48,331.43,796.72,332.37
799.81,347.13,799.47,346.89
829.40,355.18,822.93,355.58
804.31,345.83,803.54,345.90
784.89,343.06,785.16,343.15
799.22,347.05,799.51,347.32
778.08,333.79,791.46,333.79
794.61,341.13,794.10,342.40
787.72,355.78,786.59,356.08
769.27,378.25,768.79,376.77
810.99,347.30,810.74,347.16
776.06,323.65,776.23,323.78
783.16,331.31,784.51,331.57
818.53,347.05,810.99,347.30
810.71,347.56,810.99,347.30
776.29,323.48,776.06,323.65
731.14,366.43,730.67,366.19
784.58,330.54,783.16,331.31
811.62,354.25,811.95,354.25
818.27,347.32,810.71,347.56
809.46,340.39,808.92,341.71
783.09,364.20,787.45,362.15
818.27,347.32,818.79,346.89
800.36,359.15,800.32,359.64
818.27,347.32,818.53,347.05
819.04,345.93,818.81,346.64
820.81,373.01,820.81,371.72
808.09,333.48,808.48,333.48
778.32,328.41,778.49,327.90
763.22,377.94,763.25,376.40
810.11,341.06,810.11,346.27
810.50,346.23,810.11,346.27
802.45,441.60,802.65,441.63
802.84,431.24,802.77,430.78
767.68,354.49,768.81,354.47
810.50,341.00,810.50,346.23
783.48,337.97,783.76,337.63
767.26,356.37,766.95,356.25
748.10,374.62,748.27,373.51
757.59,383.67,757.58,383.88
791.09,335.50,791.23,335.53
819.04,340.59,819.04,345.93
819.51,355.30,813.34,355.69
818.89,345.96,819.04,345.93
818.89,340.64,818.89,345.96
775.59,343.36,775.61,343.51
818.90,340.26,818.89,340.64
777.54,337.38,777.60,337.38
801.66,331.61,801.27,331.99
800.10,345.96,800.03,346.64
743.55,382.10,742.30,381.46
781.65,369.14,780.70,369.20
776.66,320.87,776.87,320.33
748.01,382.63,747.85,382.39
788.87,368.11,787.46,369.76
774.31,373.64,774.52,372.69
826.45,394.29,826.46,395.62
791.60,340.84,791.23,339.21
732.70,363.38,732.68,360.00
825.78,400.67,825.68,401.02
781.25,331.46,781.86,331.77
780.05,398.81,781.11,398.81
800.10,340.64,800.10,345.96
782.45,367.97,781.19,368.07
778.33,320.87,776.66,320.87
713.43,366.43,713.62,366.19
799.71,340.59,799.71,345.93
805.80,344.01,796.93,344.33
750.58,383.67,749.39,382.73
758.81,370.75,761.46,370.98
810.54,379.06,809.51,377.43
821.16,368.53,821.89,366.53
787.15,389.46,788.58,386.94
817.96,335.57,817.91,335.13
822.80,349.87,822.15,349.48
799.71,340.59,800.18,340.47
790.08,363.05,789.49,364.48
805.44,332.66,805.08,333.48
782.14,350.96,783.54,351.29
792.72,341.02,792.79,340.85
746.32,382.10,744.93,382.32
786.77,339.11,787.00,339.63
782.75,333.82,781.89,332.93
819.29,389.48,818.56,390.21
814.87,339.55,815.04,339.18
791.58,346.23,791.64,346.78
768.76,348.69,770.60,347.93
800.32,358.65,800.36,359.15
786.77,339.11,785.87,339.84
799.17,358.05,799.30,358.35
783.61,337.57,785.89,335.94
830.65,405.77,830.64,405.53
785.67,339.39,785.87,339.84
775.59,356.16,775.70,355.74
814.65,339.69,817.35,343.82
791.73,346.27,791.81,346.92
832.47,360.99,831.20,368.01
804.79,355.57,804.37,357.09
804.42,324.16,804.72,324.41
778.32,341.54,791.70,341.54
826.11,399.01,829.89,399.37
834.53,394.77,824.99,396.19
747.73,384.11,748.97,384.50
728.72,368.86,730.67,366.19
826.48,402.41,834.18,404.79
782.37,332.65,782.51,332.88
791.73,341.06,791.80,340.89
819.34,355.65,825.32,352.26
786.48,338.78,785.67,339.39
814.16,386.82,813.02,386.52
798.74,414.50,798.80,414.54
787.05,361.98,787.66,362.13
778.32,341.54,791.68,341.40
750.36,381.65,749.10,382.29
790.49,336.07,790.26,335.07
826.50,348.79,828.20,347.76
775.82,324.65,775.89,325.21
802.40,341.09,802.89,342.60
779.60,350.91,779.76,350.91
780.06,398.21,780.68,396.18
790.12,344.31,779.88,345.15
810.54,379.06,821.65,379.59
805.39,336.33,817.91,335.13
711.34,360.00,711.61,360.00
782.79,332.53,782.37,332.65
791.58,341.00,791.71,340.68
829.44,387.69,833.72,387.94
753.44,384.44,754.76,383.68
785.43,339.11,786.48,338.78
810.07,355.41,809.88,355.72
791.58,341.00,791.73,346.27
778.92,342.36,778.46,342.26
802.83,330.41,802.81,330.47
802.45,330.52,802.14,330.69
791.97,340.82,791.80,340.89
799.65,360.75,799.71,360.52
829.14,367.98,828.74,366.20
777.21,325.02,776.78,325.06
781.66,350.24,781.67,350.91
829.99,405.25,829.38,404.12
785.34,339.72,785.56,339.18
782.99,330.58,783.21,330.57
791.97,340.82,792.03,340.55
781.04,400.69,780.65,401.60
798.87,359.15,798.25,358.73
782.25,350.29,781.66,350.24
830.07,405.09,829.99,405.25
784.45,339.92,784.64,339.45
713.43,353.56,713.62,353.80
779.48,381.44,780.84,381.52
802.28,343.15,802.57,343.04
825.94,399.36,826.04,399.43
783.16,329.84,782.99,330.58
805.48,330.65,805.48,328.53
809.87,340.82,791.97,340.82
753.61,377.87,754.28,382.02
805.78,354.33,805.76,354.34
810.36,340.68,810.04,340.89
785.93,353.48,785.93,353.78
782.82,331.84,782.62,332.33
819.75,385.69,821.14,379.77
805.48,330.65,804.72,329.46
809.87,340.82,810.04,340.55
795.90,369.54,798.48,369.67
803.22,332.30,802.98,332.54
819.18,331.61,819.18,332.35
803.91,355.48,801.33,355.82
799.85,340.26,800.18,340.47
782.51,328.36,782.62,328.89
800.18,340.13,799.85,340.26
829.23,407.56,832.00,407.88
785.34,342.54,785.19,341.88
818.58,340.13,818.90,340.26
785.34,342.54,784.33,341.77
800.06,373.72,798.74,383.80
803.45,356.18,803.45,361.99
770.27,377.92,770.32,378.25
818.58,340.13,818.82,340.47
787.07,351.42,788.26,351.39
784.45,342.33,784.33,341.77
779.06,373.09,781.05,372.27
798.09,399.06,798.31,400.02
778.55,320.33,776.87,320.33
782.20,328.27,782.37,328.61
818.65,340.39,818.82,340.47
784.45,342.33,785.34,342.54
814.03,337.97,810.95,338.14
818.65,340.39,800.35,340.39
802.92,354.37,802.89,354.38
793.45,381.56,794.15,382.45
818.65,340.39,818.58,340.13
772.32,337.39,773.00,337.39
771.66,362.37,771.77,362.63
778.70,355.13,778.77,355.34
758.39,360.00,758.52,361.68
771.25,376.29,765.47,376.03
798.68,337.26,796.25,335.61
825.53,391.81,829.44,387.69
806.20,326.60,805.44,326.35
744.87,373.53,744.93,373.36
787.43,363.13,787.54,363.13
799.34,340.46,799.18,340.53
825.71,397.21,825.71,401.65
803.58,330.95,803.32,330.70
799.02,372.40,799.02,369.63
826.14,397.46,826.02,396.76
772.65,349.36,774.28,350.03
791.10,327.73,791.65,327.83
816.40,376.88,816.36,376.79
792.72,341.02,792.95,340.79
809.85,349.79,810.49,350.63
801.00,324.09,799.48,320.08
759.06,373.52,758.88,374.01
780.87,412.92,784.78,445.87
792.72,341.02,792.95,340.79
781.27,396.87,779.72,395.40
799.21,355.45,806.48,355.36
824.64,405.73,824.74,405.12
771.18,351.44,769.95,352.89
791.43,339.25,791.46,339.31
785.73,421.48,786.70,421.57
782.09,330.65,782.95,331.24
799.74,423.95,800.08,423.24
802.81,330.47,802.45,330.52
821.48,340.05,821.74,340.15
817.24,333.39,791.86,344.33
773.98,342.34,773.42,341.01
775.24,339.80,775.51,338.53
806.39,331.31,806.24,331.98
727.89,365.21,729.50,364.95
748.01,380.73,747.57,381.46
769.59,348.83,772.78,349.07
804.40,343.32,804.21,343.32
779.85,393.46,781.45,392.12
778.56,400.00,778.26,397.92
802.82,342.73,802.66,342.89
816.82,340.17,809.88,340.51
799.51,347.32,792.05,347.30
809.88,340.51,810.82,340.51
785.05,341.09,784.28,340.54
785.70,342.17,785.87,342.27
810.76,339.51,810.95,339.60
817.81,343.58,816.98,343.58
774.67,364.74,775.97,365.44
760.54,369.55,760.55,369.61
774.52,347.31,776.50,347.47
766.54,351.89,768.43,352.79
778.26,328.39,778.46,327.83
798.89,418.39,799.04,418.13
781.84,427.14,782.25,426.81
768.67,352.86,769.80,352.84
817.81,343.58,810.29,343.85
774.92,356.59,774.46,357.68
747.57,381.46,750.36,381.65
817.81,343.58,811.12,343.85
769.27,378.25,768.01,377.33
747.70,384.01,746.80,383.94
816.98,343.58,810.29,343.85
783.42,371.58,785.23,370.78
802.40,341.09,801.71,340.00
816.98,340.46,816.98,343.58
828.57,395.31,825.73,395.89
802.40,341.09,801.59,340.54
824.92,370.50,799.73,369.85
770.40,359.05,771.45,359.05
810.71,347.56,810.41,347.40
744.93,373.36,746.31,373.70
810.29,340.79,816.98,340.46
828.25,351.17,828.08,350.09
827.04,391.28,825.68,391.18
802.19,335.57,799.01,337.71
799.95,340.46,799.95,343.58
785.35,325.75,782.49,325.98
802.00,422.48,801.66,422.07
799.95,343.58,793.55,343.85
799.11,343.58,799.95,343.58
794.72,378.33,793.73,378.33
804.50,334.85,804.50,329.77
803.72,360.92,803.59,360.93
799.11,340.69,799.18,340.53
801.59,341.71,801.55,341.13
799.46,338.24,799.31,337.93
802.36,367.46,803.72,360.92
812.40,382.16,811.79,381.75
747.15,373.31,747.77,373.75
805.60,328.61,805.81,329.52
817.58,340.46,817.75,340.53
780.73,415.72,781.09,415.76
782.58,422.54,782.68,423.32
807.28,332.37,806.83,330.57
774.11,379.22,774.04,380.06
817.19,352.89,814.97,352.93
812.08,353.12,815.42,352.98
758.58,385.22,757.60,384.85
800.49,321.38,799.44,343.18
812.40,382.16,811.97,381.99
747.15,373.31,747.01,373.61
808.99,333.41,808.69,333.05
806.66,342.60,806.64,343.22
776.05,397.96,775.29,397.91
796.63,320.41,796.43,319.69
814.51,386.53,818.96,387.04
822.08,372.91,822.12,371.64
777.31,335.51,777.67,333.77
763.22,377.94,762.74,376.48
808.89,332.94,808.69,333.05
805.14,327.91,805.46,328.61
817.77,340.17,818.10,340.30
779.58,398.08,778.13,395.50
799.41,340.17,799.08,340.30
799.41,340.17,799.18,340.53
778.49,347.86,778.42,348.27
782.09,330.65,781.25,330.06
792.32,340.97,792.79,340.85
769.14,356.42,770.03,358.21
825.91,397.44,828.07,397.44
803.74,331.27,803.58,330.95
811.27,340.97,811.14,340.64
784.39,342.24,784.45,342.33
799.83,338.68,799.78,338.32
792.32,344.14,792.32,340.97
784.85,352.82,784.90,353.15
802.88,402.55,803.24,400.54
797.22,381.25,797.07,381.22
788.06,307.06,787.44,306.93
778.32,333.12,778.26,333.12
799.46,339.44,799.65,339.33
799.11,343.58,799.11,340.69
799.11,343.58,798.95,340.63
780.58,331.94,816.86,330.05
803.98,331.98,803.81,332.32
771.40,359.15,771.07,358.05
799.81,347.13,800.03,346.64
803.95,331.61,803.90,331.26
806.68,335.39,806.68,330.84
798.88,340.93,798.45,339.97
790.70,406.28,793.40,420.92
793.37,344.44,792.10,328.18
778.30,341.40,778.22,341.33
799.95,340.46,800.36,340.17
772.62,350.21,774.24,349.22
795.41,381.17,795.90,380.35
799.91,364.73,799.73,364.91
801.30,324.37,804.42,324.16
800.12,358.70,800.15,359.15
795.90,380.35,795.54,379.24
803.98,420.78,803.92,421.22
779.11,354.69,778.35,355.59
818.23,340.63,818.10,340.30
767.97,354.67,767.42,354.43
778.26,341.77,778.46,342.26
802.40,331.02,802.24,331.18
818.23,343.86,818.23,340.63
778.15,370.99,776.33,372.11
778.94,342.46,779.25,342.44
803.26,331.02,803.06,330.91
811.27,344.14,818.23,343.86
818.29,365.62,819.30,360.96
800.08,423.24,800.08,422.82
802.86,440.94,802.81,441.38
768.96,365.49,771.92,364.48
771.40,359.15,771.22,357.86
802.27,440.39,802.42,440.14
798.93,355.84,800.89,355.82
769.91,368.58,771.36,369.82
763.95,372.03,762.17,370.99
810.89,340.79,811.05,340.85
800.10,340.64,818.89,340.64
771.14,369.92,772.78,370.93
809.88,340.51,810.89,340.79
792.07,331.45,791.82,331.70
748.01,374.95,748.01,380.73
800.00,362.01,803.04,355.79
810.11,341.06,810.11,346.27
816.82,340.17,810.29,340.79
810.71,347.56,818.27,347.32
776.50,372.53,778.44,372.07
790.95,310.28,790.69,310.51
787.59,307.43,788.00,307.51
800.86,335.69,800.80,334.70
792.30,347.56,791.81,347.16
784.39,350.34,782.89,348.86
814.88,338.24,814.73,337.93
822.43,360.96,822.29,360.98
791.70,333.12,778.32,328.41
814.03,337.97,814.22,338.06
762.57,378.34,762.44,378.38
814.53,337.82,814.22,338.06
794.56,382.14,795.42,382.44
780.61,309.88,782.99,307.73
830.78,367.92,832.47,360.99
825.02,365.04,826.21,364.82
778.32,333.12,778.32,328.41
787.85,337.38,787.90,336.79
782.20,333.02,783.18,333.95
814.98,354.20,814.62,354.20
806.19,344.04,806.30,343.99
771.07,358.05,770.95,358.35
792.56,332.22,792.54,332.26
787.35,302.09,787.14,302.17
799.51,347.32,792.30,347.56
814.41,338.68,814.36,338.32
787.85,337.38,788.08,336.83
825.09,364.87,824.92,365.24
792.39,389.19,791.62,389.90
800.49,399.86,800.76,400.20
778.49,342.18,791.10,342.36
803.90,420.73,803.92,421.22
814.41,338.68,814.88,338.24
791.53,342.18,791.10,342.36
818.48,331.84,818.44,331.61
814.93,338.68,814.88,338.24
815.36,355.04,815.36,351.50
810.04,340.55,809.88,340.51
799.22,347.05,799.47,346.89
820.93,367.82,820.81,367.73
810.95,338.14,814.03,337.97
799.42,359.15,799.39,359.57
785.80,323.78,785.56,323.87
783.68,352.33,784.85,352.82
819.18,331.61,818.48,331.84
811.29,338.00,814.03,337.97
753.12,377.87,751.76,377.86
787.52,346.92,787.62,346.95
748.85,377.71,748.73,377.85
783.68,352.33,784.87,351.84
807.51,331.68,807.34,332.00
819.25,367.79,820.93,367.82
819.18,331.61,818.58,332.04
811.29,338.00,814.53,337.82
785.18,351.23,786.09,352.59
806.83,330.57,807.76,331.42
785.70,350.72,786.78,350.86
814.88,339.12,814.41,338.68
778.26,342.36,777.67,341.01
806.83,330.57,807.51,331.68
785.70,350.72,787.00,350.45
814.88,339.12,814.93,338.68
743.32,381.95,741.94,369.81
751.41,371.30,762.08,371.65
787.67,353.04,788.67,354.21
819.25,367.79,819.18,367.70
810.76,338.25,810.95,338.14
782.08,319.76,781.92,319.82
783.45,422.71,784.33,423.26
827.01,390.98,827.01,387.25
808.45,331.20,806.83,330.57
792.07,440.03,789.10,423.62
811.17,338.03,810.94,338.46
811.09,338.13,810.95,338.14
802.11,436.45,801.74,435.71
789.52,352.89,790.52,354.51
827.01,390.98,825.68,391.18
808.45,331.20,808.81,331.25
818.59,366.05,819.25,367.79
811.09,338.13,811.29,338.00
810.89,338.90,810.94,339.33
770.12,377.63,773.51,377.57
787.68,337.32,785.89,335.94
790.96,337.38,791.09,335.50
814.22,339.33,814.36,339.05
790.96,337.38,777.73,335.50
802.81,441.38,802.37,441.74
784.23,324.37,804.27,324.09
826.54,407.90,826.10,407.43
777.60,337.38,777.73,335.50
772.34,355.57,772.27,355.56
810.95,338.87,814.03,338.70
762.78,376.12,762.24,376.39
797.08,308.32,797.09,318.83
748.91,384.59,747.95,384.67
818.53,347.05,810.71,347.56
783.94,352.85,787.83,353.31
789.30,354.49,791.23,356.24
812.34,340.25,819.82,340.25
782.86,333.95,783.31,334.08
809.14,331.42,809.40,331.68
750.21,377.71,748.85,377.71
808.97,366.33,809.99,368.28
800.51,337.97,800.81,337.63
826.08,407.88,826.54,407.90
791.09,339.24,790.96,337.38
798.04,351.87,802.95,353.20
818.58,340.13,817.77,340.17
818.27,347.32,818.58,347.13
785.74,439.72,785.89,438.98
805.09,372.62,801.36,372.50
772.98,349.19,774.13,349.15
818.59,366.05,818.55,366.04
810.62,338.52,810.76,338.25
776.43,323.62,776.29,323.48
814.65,337.71,811.29,338.00
807.72,347.55,807.70,347.73
810.94,338.46,810.76,338.25
795.90,380.35,796.09,381.72
777.73,339.24,777.60,337.38
819.70,360.96,818.59,366.05
807.72,347.55,808.85,347.73
810.94,338.46,811.09,338.13
783.66,302.88,788.40,302.99
785.88,440.44,786.41,440.95
790.00,358.16,790.14,360.00
800.32,359.64,800.22,360.09
800.80,329.16,799.38,329.08
760.87,377.77,759.73,377.71
795.33,321.73,793.54,344.40
783.01,329.18,784.31,328.61
810.07,355.41,804.36,355.47
810.11,346.27,810.19,346.92
757.98,384.76,756.69,385.16
809.91,335.51,809.57,332.73
815.04,338.18,814.73,337.93
810.89,338.90,810.62,338.52
778.49,327.90,791.52,327.90
783.52,306.93,782.86,307.04
792.78,331.68,792.55,331.65
810.95,339.60,814.53,339.58
778.32,328.41,791.52,327.90
783.59,436.04,784.49,436.55
787.07,366.25,785.94,368.09
775.52,368.79,772.49,370.34
807.76,333.31,808.09,333.48
811.29,339.75,814.53,339.58
773.75,337.26,774.84,340.81
793.59,320.33,793.37,320.87
830.44,402.72,829.80,402.14
783.76,337.63,787.85,337.38
779.63,400.76,779.92,400.06
777.79,404.85,777.32,404.45
805.66,440.93,805.44,442.05
757.52,382.39,758.02,378.14
775.20,362.97,778.37,362.97
769.59,379.25,773.21,379.45
761.99,382.67,762.44,378.38
762.12,383.99,763.33,383.03
783.76,337.63,787.68,337.32
783.21,435.71,784.10,435.25
757.52,382.39,757.69,378.09
821.65,379.59,822.07,382.24
791.92,320.33,793.59,320.33
815.95,352.98,815.42,352.98
760.58,383.02,761.84,383.10
818.18,365.53,819.30,360.96
814.87,339.55,814.73,339.45
810.94,339.33,810.89,338.90
822.50,377.34,821.46,377.22
782.97,436.40,783.45,435.62
746.97,374.59,746.95,374.06
783.96,369.64,781.98,370.26
809.57,332.00,809.91,329.84
811.09,339.64,811.29,339.75
821.86,359.55,822.72,360.96
756.25,384.64,754.97,385.04
778.02,333.85,778.08,333.79
832.29,356.22,831.36,354.00
814.87,339.55,814.65,339.69
756.36,378.02,756.60,378.07
814.73,339.45,814.65,339.69
814.73,339.45,814.53,339.58
818.89,340.64,819.04,340.59
775.41,395.88,775.79,394.05
761.24,363.13,762.45,363.92
802.38,343.73,801.87,344.03
806.20,354.45,806.20,351.71
811.39,339.86,814.65,339.69
830.16,396.14,830.08,397.10
806.41,386.94,811.96,383.57
821.65,379.59,822.94,380.51
818.90,340.26,818.82,340.47
783.67,440.88,784.19,440.48
761.99,366.24,762.15,366.19
794.07,380.33,794.58,380.34
811.17,339.74,811.39,339.86
808.89,331.79,809.04,331.94
801.66,331.61,801.72,331.97
769.27,378.25,767.79,377.77
808.99,331.29,809.30,331.45
801.27,331.31,801.22,331.65
800.18,340.47,799.85,340.26
783.45,422.71,783.66,422.74
785.13,435.27,785.03,435.22
780.38,360.00,779.87,360.00
791.58,341.00,791.58,346.23
811.01,338.40,810.95,338.90
791.91,333.27,791.67,333.02
808.64,331.24,808.99,331.29
801.98,332.70,801.67,332.54
799.71,340.59,800.10,340.64
785.18,351.23,786.49,352.04
774.74,348.46,774.79,348.84
792.00,332.00,791.94,332.33
811.09,338.13,810.94,338.46
808.30,331.29,808.64,331.24
801.43,331.00,801.27,331.31
791.81,346.92,791.64,346.78
776.43,347.88,776.58,348.42
818.19,385.23,814.51,386.53
811.39,337.89,811.17,338.03
792.69,333.36,792.39,333.21
819.70,386.87,814.51,386.53
811.09,338.13,811.17,338.03
792.22,333.43,791.91,333.27
825.79,339.55,824.12,339.65
806.55,355.71,806.48,355.36
814.87,337.82,814.65,337.71
772.65,373.60,777.62,373.88
807.99,331.45,808.30,331.29
802.33,332.76,801.98,332.70
805.22,422.17,808.45,439.21
777.65,369.39,779.15,369.75
811.98,354.24,811.95,354.25
814.65,337.71,811.39,337.89
814.87,337.82,814.65,337.71
807.78,332.14,807.89,331.94
802.14,330.69,801.88,330.94
799.54,353.49,800.22,358.30
791.73,341.06,791.73,346.27
814.73,337.93,814.53,337.82
810.07,355.41,804.18,355.79
791.58,341.00,791.73,341.06
815.04,338.18,814.87,337.82
814.73,337.93,814.87,337.82
792.39,331.46,792.15,331.70
791.80,340.89,791.71,340.68
815.10,338.68,815.04,338.18
801.15,400.76,800.43,400.92
733.04,356.57,731.46,353.47
807.49,361.37,807.24,361.88
785.57,370.68,764.31,378.43
792.91,333.43,792.57,333.48
815.10,338.68,814.88,338.24
814.93,338.68,814.88,338.24
784.64,339.45,785.56,339.18
798.91,419.28,798.84,418.83
787.54,363.13,787.28,364.21
791.10,342.36,778.92,342.36
809.88,360.93,809.74,360.95
815.04,339.18,815.10,338.68
792.22,331.30,791.91,331.46
814.93,338.68,815.10,338.68
791.10,342.36,778.94,342.46
816.08,342.71,815.40,343.32
815.04,339.18,814.93,338.68
785.34,339.72,784.64,339.45
812.18,359.58,812.72,360.96
791.17,342.46,778.94,342.46
810.04,340.55,791.97,340.82
808.91,365.49,809.88,360.93
791.86,344.33,815.40,343.32
814.88,339.12,814.93,338.68
801.98,332.55,802.30,332.71
779.06,386.37,778.07,386.28
812.18,359.58,810.21,360.92
793.66,333.21,793.36,333.36
791.86,344.33,816.08,342.71
814.88,339.12,814.73,339.45
792.54,331.20,792.57,331.25
793.66,333.21,792.91,333.43
814.88,339.12,814.87,339.55
814.88,339.12,815.04,339.18
829.89,405.69,829.77,405.70
825.73,401.86,825.86,401.73
794.21,377.92,796.09,378.80
809.54,332.71,809.59,332.36
756.21,356.05,755.59,360.00
819.55,332.76,819.18,332.81
817.96,335.57,817.57,343.49
790.67,347.58,790.69,347.73
818.26,336.58,817.57,343.49
825.73,401.86,828.01,401.73
777.20,353.92,780.01,353.93
809.54,332.71,809.57,332.73
799.54,372.10,798.90,372.06
761.74,364.22,761.71,364.25
792.72,343.85,793.55,343.85
799.23,339.55,799.39,339.18
792.17,337.31,791.81,333.32
829.53,400.51,829.61,400.68
778.70,342.68,791.32,342.69
800.22,370.03,799.21,369.79
823.39,407.56,824.44,406.50
782.14,348.33,783.74,349.55
802.93,330.76,804.37,329.99
782.13,398.28,781.90,396.03
808.97,372.40,809.01,372.30
782.22,332.84,782.01,331.87
756.21,356.05,756.36,356.08
817.96,335.57,818.26,336.58
748.97,384.50,749.04,384.74
814.03,337.97,814.03,338.70
799.43,333.05,800.04,332.79
788.33,304.64,788.57,304.89
810.95,338.14,810.95,338.87
758.37,382.63,758.94,382.48
814.03,339.44,810.95,338.87
748.10,375.83,748.27,375.74
810.95,339.60,814.03,339.44
824.48,355.55,822.26,359.55
746.26,384.24,747.52,384.63
748.07,383.26,747.11,382.45
750.21,377.71,750.37,377.87
805.66,329.42,805.74,330.53
819.02,368.57,819.13,368.48
819.34,355.65,835.83,352.30
790.64,344.90,816.89,344.43
796.18,339.25,795.67,339.33
804.87,344.90,816.89,344.43
793.36,331.30,793.03,331.25
810.96,379.87,811.15,380.67
817.26,343.87,802.23,344.43
810.54,379.06,809.33,379.82
743.55,382.10,746.31,382.29
800.18,340.13,800.35,340.39
799.51,347.32,799.81,347.13
817.26,343.87,816.89,344.43
830.26,350.74,830.60,350.97
800.82,398.24,800.26,399.35
803.40,338.88,802.58,343.87
801.72,331.97,801.27,331.99
793.24,332.14,793.79,332.01
787.08,324.09,804.27,324.09
825.99,352.53,830.60,350.97
818.11,338.88,802.58,343.87
752.24,384.33,752.64,384.50
825.99,352.53,826.33,352.76
779.80,346.29,779.86,346.37
794.05,332.67,793.90,332.97
801.98,421.99,802.05,422.04
811.31,367.55,812.86,360.94
811.06,379.94,811.26,380.82
802.58,343.87,817.26,343.87
826.20,397.47,826.08,396.83
774.26,347.15,776.22,347.97
777.91,361.88,778.05,361.55
806.89,360.72,806.83,360.78
759.56,377.85,759.60,378.19
793.66,331.46,793.36,331.30
795.88,339.86,799.01,339.69
795.85,395.70,795.91,393.73
787.36,302.41,792.15,302.30
790.90,329.61,790.35,328.38
793.47,331.71,793.22,331.46
790.68,319.47,790.68,320.30
790.90,329.61,804.56,328.38
793.90,331.70,793.66,331.46
774.74,371.54,776.59,371.99
794.05,332.00,794.11,332.33
809.16,365.90,809.83,367.61
790.90,329.61,805.13,329.61
801.40,398.20,799.52,398.08
761.29,367.91,762.15,370.93
787.58,356.87,787.01,356.87
758.15,358.25,758.01,360.00
796.52,355.52,796.56,355.31
825.86,401.73,825.71,401.65
803.32,330.70,803.01,330.54
759.73,377.69,758.34,377.61
778.32,328.41,778.26,328.39
794.06,345.32,804.87,344.90
784.03,445.11,788.38,442.72
783.96,350.28,783.96,350.35
817.25,344.26,804.87,344.90
820.68,334.85,821.21,334.70
819.61,332.21,819.66,332.55
805.39,329.87,805.43,329.69
817.25,344.26,816.89,344.43
767.54,379.38,767.26,378.84
805.21,337.32,805.44,336.79
818.18,337.55,803.40,338.88
818.18,337.55,818.11,338.88
805.39,329.87,805.43,335.90
803.28,336.29,802.88,334.94
818.44,337.63,818.41,338.84
818.65,340.39,800.35,340.39
768.12,347.84,767.06,349.73
782.09,332.77,782.51,332.88
819.77,331.18,820.08,331.27
809.24,366.33,803.42,365.41
729.01,351.02,725.67,349.59
781.86,329.74,782.05,328.80
832.07,351.09,830.95,351.34
825.02,365.04,826.38,364.46
781.19,368.07,781.41,367.69
784.63,422.83,784.33,423.26
826.17,370.15,826.35,369.79
782.20,333.02,782.51,332.88
802.40,331.02,801.73,330.95
794.43,329.41,804.56,328.38
819.61,331.02,819.91,330.95
799.11,340.69,799.08,340.30
804.87,357.40,805.00,357.52
801.24,360.91,801.47,359.58
757.64,384.27,756.58,384.92
791.64,346.78,791.58,346.23
783.91,327.20,784.33,327.67
798.82,359.15,799.17,358.05
804.79,333.40,780.21,344.33
790.90,335.72,790.90,329.61
790.90,335.72,805.13,329.61
755.04,384.21,755.03,383.99
805.05,328.42,805.38,328.27
794.43,345.15,794.06,345.32
772.09,360.71,772.13,355.57
761.82,379.07,762.24,379.49
752.10,384.11,751.89,383.86
802.60,386.64,808.61,383.17
784.28,340.54,784.33,340.50
778.48,400.70,778.71,400.63
817.35,343.82,805.24,344.73
805.89,340.94,806.41,342.22
772.18,346.53,772.09,346.42
801.60,343.82,790.27,344.73
824.89,401.86,824.89,396.85
819.77,332.04,819.61,332.21
817.57,343.76,817.26,343.87
771.40,357.79,771.57,357.85
817.35,343.82,817.57,343.49
779.93,352.04,781.19,351.94
779.55,394.65,780.00,394.84
800.26,395.81,800.36,395.55
729.27,362.33,729.64,360.00
817.35,343.82,817.25,344.26
780.00,400.73,781.06,400.73
786.37,391.30,784.25,391.72
782.27,353.83,785.36,351.92
790.45,335.90,790.45,329.69
819.75,385.69,821.09,379.67
805.48,330.65,806.25,331.84
818.41,338.84,817.57,343.76
791.60,340.84,791.68,341.40
818.18,337.55,818.11,338.88
829.44,387.69,828.26,387.54
799.85,340.26,799.08,340.30
782.45,352.04,783.68,352.33
779.04,367.32,780.44,367.43
760.56,363.13,760.90,363.13
795.51,338.40,795.62,338.90
817.98,336.29,817.57,334.94
818.31,332.55,818.06,332.30
795.64,392.03,796.28,391.02
830.69,373.19,828.31,371.82
833.56,387.95,813.02,387.95
758.03,352.49,715.95,351.02
801.82,343.49,801.82,344.26
805.43,335.90,805.13,335.72
830.69,373.19,828.27,373.11
801.82,343.49,802.13,343.76
805.43,335.90,817.57,334.94
793.90,331.70,793.47,331.71
796.85,334.35,797.35,333.18
793.15,364.87,793.01,362.82
768.12,347.84,768.76,348.69
794.05,332.00,793.90,331.70
801.53,335.53,801.21,334.10
804.98,328.99,804.90,328.56
803.14,365.41,803.42,365.41
753.75,384.95,752.78,385.03
802.60,330.91,802.40,331.02
786.81,369.85,786.85,369.79
792.35,342.16,792.49,342.40
784.62,406.21,788.24,406.31
818.42,335.43,806.66,342.60
793.63,332.02,794.05,332.00
810.54,379.06,810.54,381.74
800.85,335.53,800.52,334.10
794.58,329.82,794.43,329.41
747.95,370.84,751.12,371.08
750.09,378.28,750.23,378.30
775.44,399.96,775.84,401.83
825.21,340.94,823.56,341.02
804.98,328.99,804.90,328.56
775.44,399.96,775.29,397.91
804.98,328.99,805.43,329.69
793.49,331.68,793.47,331.71
830.50,405.13,830.40,405.01
788.55,304.35,788.25,304.42
795.71,368.61,795.59,368.61
825.09,367.18,824.92,366.81
801.93,335.76,801.64,334.53
759.13,382.59,759.60,378.19
798.45,334.74,798.88,333.73
805.43,329.69,805.13,329.61
830.70,371.90,827.02,371.90
816.48,377.10,817.27,377.22
778.24,346.19,777.01,347.19
808.48,333.48,808.82,333.43
827.02,367.31,827.24,366.85
801.90,342.65,801.71,342.24
798.45,334.74,798.03,333.18
805.43,329.69,805.13,335.72
793.23,331.42,793.22,331.46
801.75,342.78,801.71,342.24
797.53,334.35,798.03,333.18
805.43,335.90,805.13,335.72
758.37,382.63,758.59,382.30
778.72,369.38,778.74,369.14
794.43,345.15,805.24,344.73
815.18,372.95,818.39,372.95
791.33,337.42,791.46,335.51
802.24,393.98,800.96,392.35
787.59,307.43,788.18,306.80
742.76,376.56,743.40,375.31
793.90,306.97,782.93,306.97
791.33,337.42,791.43,335.56
779.11,394.79,778.37,394.98
795.56,318.84,795.63,319.71
805.39,344.31,794.43,345.15
794.58,344.74,794.43,345.15
792.91,331.25,792.91,331.30
801.65,337.12,801.53,335.53
805.32,326.34,787.95,325.65
751.33,376.56,750.69,375.31
818.44,337.63,818.37,338.75
827.59,373.25,827.58,373.11
808.13,333.43,808.48,333.48
800.70,392.62,801.73,393.08
791.97,396.81,790.40,395.19
790.19,392.49,782.94,392.49
801.65,337.12,800.85,335.53
818.18,337.55,817.98,336.29
793.66,332.00,793.49,331.68
779.22,327.67,778.29,327.72
790.14,360.00,790.62,360.00
801.22,372.38,799.31,372.32
818.29,336.38,818.18,337.55
787.39,360.00,787.45,362.15
752.07,384.17,753.20,384.53
776.84,394.12,777.39,393.47
766.76,380.59,767.26,380.55
767.58,378.86,767.80,378.31
818.48,337.57,818.18,337.55
748.05,375.16,748.00,375.21
753.04,382.21,754.36,369.80
781.88,400.54,782.13,398.28
805.58,340.95,806.10,342.23
817.96,335.57,818.26,336.58
748.05,375.16,747.98,375.61
824.92,361.55,825.09,361.92
773.94,355.18,776.03,355.15
805.44,326.35,806.19,335.94
787.73,349.68,787.00,350.45
781.88,400.54,781.88,398.27
816.48,377.10,816.44,377.01
792.95,340.79,792.79,340.85
749.10,382.29,744.93,382.32
804.91,385.36,804.42,386.31
755.91,383.35,756.88,382.53
796.61,333.98,797.17,332.65
827.25,354.11,831.70,352.83
781.25,330.06,781.37,329.46
796.50,339.60,799.12,339.58
818.29,336.38,817.91,335.13
805.93,350.45,806.51,350.86
780.06,398.21,779.95,396.71
825.02,394.60,833.20,382.55
802.64,328.63,802.99,327.81
810.54,379.06,821.65,382.35
754.76,383.48,753.49,384.21
805.39,336.33,805.43,335.90
761.83,360.00,761.07,360.00
792.20,302.41,792.15,302.30
778.70,367.67,780.21,367.60
777.28,357.68,777.00,358.83
805.39,336.33,817.96,335.57
778.94,398.84,778.98,398.14
784.71,330.54,784.64,331.57
797.24,320.42,797.05,319.70
830.82,353.03,829.99,354.64
784.39,369.66,784.54,369.73
824.68,401.92,824.68,396.70
819.88,331.38,819.91,331.61
802.82,336.38,802.46,335.13
819.88,331.38,820.08,331.27
772.80,385.75,781.01,388.90
791.71,340.68,792.45,340.64
830.58,406.21,830.64,406.01
795.66,391.08,779.68,389.53
792.58,303.74,792.48,303.77
779.14,308.29,782.49,305.10
722.09,367.55,724.53,364.88
794.58,336.99,794.58,344.74
801.53,338.73,801.65,337.12
801.46,400.06,801.66,399.17
782.75,333.82,781.62,332.61
781.25,330.06,781.25,329.99
794.58,336.99,805.39,344.31
810.36,340.68,811.14,340.64
791.49,342.44,778.94,342.46
810.50,341.00,811.14,340.64
810.50,341.00,810.36,340.68
802.14,342.46,801.90,343.01
768.00,372.25,770.09,372.97
800.47,358.88,800.29,358.71
802.29,341.78,802.14,342.46
768.04,373.42,772.09,373.57
803.53,331.84,803.57,331.61
811.12,343.85,811.12,341.02
821.53,366.62,821.60,366.53
802.14,342.91,802.40,341.09
799.83,338.68,799.46,338.24
788.07,326.34,787.89,326.35
775.61,321.73,776.53,320.91
824.55,405.01,824.44,404.96
791.17,342.46,791.97,342.24
821.53,366.62,821.16,368.53
799.83,338.68,799.78,338.32
765.07,369.66,763.66,368.09
818.90,340.26,818.23,340.63
771.05,357.98,771.18,358.30
747.95,370.84,750.84,370.93
823.39,407.56,826.08,407.88
791.65,342.26,792.17,341.75
830.85,355.48,831.38,353.96
812.26,353.04,809.17,353.10
750.37,374.98,750.36,374.34
791.65,342.26,791.85,341.77
828.08,366.73,828.19,366.64
810.82,340.51,811.14,340.64
795.81,338.13,796.00,338.00
818.89,340.64,818.82,340.47
782.95,331.24,782.82,331.84
795.81,338.13,796.50,338.14
791.85,328.39,792.17,328.36
819.40,332.31,819.18,332.35
809.88,340.51,810.82,340.51
795.98,423.69,805.03,422.14
775.12,337.26,774.37,342.83
796.32,338.25,796.50,338.14
791.65,327.83,791.97,327.80
831.59,353.92,831.36,354.00
799.31,339.45,799.46,339.12
774.45,357.07,774.04,357.07
800.18,340.47,800.10,340.64
782.95,329.92,782.99,330.58
799.65,339.33,799.46,339.12
791.97,327.80,791.85,328.39
774.45,357.07,774.45,355.21
827.33,355.71,827.09,355.79
828.89,368.78,828.19,366.64
799.65,339.33,799.78,339.05
795.54,379.24,795.71,379.05
781.65,422.43,781.94,421.99
774.52,380.45,774.27,379.24
777.75,386.88,778.81,386.97
791.49,327.60,791.65,327.83
827.46,355.47,827.33,355.71
829.01,368.69,828.19,366.64
791.98,331.94,791.87,332.14
744.87,377.84,744.87,373.53
810.11,346.27,791.73,346.27
811.83,354.37,815.38,354.37
790.56,329.98,790.26,330.29
827.46,355.47,831.59,353.92
805.39,336.33,794.58,336.99
787.58,363.13,787.43,363.13
777.21,324.13,777.07,323.82
819.91,331.61,819.88,331.84
816.82,340.17,809.88,340.51
824.80,405.77,824.78,406.01
798.68,337.26,797.17,342.04
831.73,353.68,831.59,353.92
828.89,368.78,829.01,368.69
796.18,338.52,796.32,338.25
778.94,327.62,779.25,327.60
762.12,383.99,762.31,384.21
760.86,382.70,761.33,378.28
798.68,343.08,797.89,342.83
831.77,353.30,831.73,353.68
829.01,368.69,828.89,368.78
799.12,339.58,799.31,339.45
760.49,382.58,761.33,378.28
827.50,355.09,831.73,353.68
827.50,355.09,827.46,355.47
799.46,339.44,799.65,339.33
827.43,354.63,827.50,355.09
831.14,368.74,829.01,368.69
795.62,338.90,795.67,338.46
782.22,426.92,783.18,426.94
807.00,350.72,795.07,351.45
770.33,360.00,770.40,360.95
827.43,354.63,831.77,353.30
800.07,357.85,800.22,358.20
781.57,328.98,781.82,328.65
795.62,338.90,796.18,338.52
778.46,327.83,778.26,328.39
819.40,330.91,819.61,331.02
816.98,340.46,817.58,340.46
800.04,332.79,800.65,332.97
831.70,352.83,831.77,353.30
831.07,368.83,831.14,368.74
796.13,338.89,796.18,338.52
824.84,391.57,810.64,391.57
799.31,337.93,799.12,337.82
748.41,377.69,747.05,377.61
778.57,328.36,778.77,327.80
779.06,370.74,772.93,370.74
792.30,347.56,810.71,347.56
824.12,339.65,823.72,341.02
778.77,327.80,778.46,327.83
792.30,347.56,818.27,347.32
796.50,339.60,799.46,339.44
798.88,333.73,799.43,333.05
799.39,339.18,799.45,338.68
791.10,342.36,778.92,342.36
824.59,392.09,825.06,391.89
773.18,333.05,773.75,332.79
795.76,379.16,794.77,379.16
794.17,335.51,794.17,330.57
830.95,351.34,831.26,351.80
831.54,366.79,831.60,366.69
793.44,344.74,792.49,345.79
782.09,330.65,781.37,331.95
795.81,339.64,796.00,339.75
792.05,347.30,792.30,347.56
792.76,344.55,792.49,345.79
781.57,332.40,781.37,331.95
796.32,339.51,796.00,339.75
792.05,347.30,791.81,347.16
826.68,353.13,826.99,353.59
831.60,366.69,831.14,368.74
792.76,344.55,791.72,345.69
796.32,339.51,796.50,339.60
745.62,378.04,746.08,382.41
819.85,331.64,819.79,331.99
830.95,351.34,826.68,353.13
782.09,330.65,781.57,332.40
795.81,339.64,795.67,339.33
776.89,325.49,776.70,325.39
832.33,347.79,831.39,347.15
829.07,367.89,830.90,368.01
814.53,337.82,814.03,337.97
797.51,389.51,798.59,389.72
803.86,378.59,803.31,378.80
820.24,331.26,820.30,331.61
796.32,339.51,796.18,339.25
785.23,349.22,783.75,350.64
784.19,390.37,783.52,391.32
793.07,333.41,792.55,333.08
799.31,339.45,799.12,339.58
759.19,378.17,759.30,377.80
799.23,339.55,799.01,339.69
796.00,339.75,799.12,339.58
830.26,350.74,825.99,352.53
795.88,339.86,799.12,339.58
793.79,332.70,793.84,332.35
769.27,378.25,769.30,376.69
829.96,350.66,825.69,352.45
829.73,350.75,825.47,352.54
795.51,339.39,795.81,339.64
819.34,355.65,824.46,350.78
829.59,350.99,825.33,352.78
822.32,346.37,822.64,347.13
795.46,338.90,795.67,339.33
812.69,359.56,813.24,360.94
794.56,335.39,794.84,336.02
795.67,338.46,795.62,338.90
820.25,410.72,823.63,407.32
829.62,351.83,825.37,353.62
816.08,342.71,816.27,342.72
795.67,338.03,795.67,338.46
766.54,368.11,767.95,369.76
798.91,359.59,799.00,360.00
759.56,364.87,759.23,365.08
799.15,329.93,799.15,333.99
807.61,387.57,827.86,387.57
799.12,337.82,796.00,338.00
810.11,341.06,810.50,346.23
799.01,337.71,796.00,338.00
799.34,340.46,799.95,340.46
773.52,357.51,773.82,358.80
830.37,353.33,826.12,355.11
799.23,337.82,799.12,337.82
822.79,360.95,821.76,365.58
831.07,368.83,828.89,368.78
806.68,384.49,826.88,384.49
799.46,338.24,799.31,337.93
826.80,355.71,826.46,355.48
799.39,338.18,799.31,337.93
827.86,387.57,807.61,387.57
799.51,338.68,799.46,338.24
819.04,340.59,818.89,345.96
830.72,353.69,831.06,353.92
795.66,362.79,795.66,355.16
799.45,338.68,799.46,338.24
786.77,343.01,785.43,343.04
831.59,356.03,832.29,356.22
798.69,372.62,792.18,372.19
773.72,370.72,772.03,370.68
777.62,369.07,777.45,369.48
779.20,394.25,778.72,393.63
827.31,367.51,827.02,367.31
802.19,335.57,802.49,336.58
807.86,358.69,807.94,358.27
803.37,333.49,803.08,332.67
818.59,366.05,818.88,366.05
761.73,370.84,759.99,368.63
776.05,397.96,776.13,396.48
756.45,384.48,757.60,384.85
806.00,328.68,806.25,329.34
795.24,427.08,788.83,440.91
793.15,364.87,792.17,362.82
792.15,331.70,792.00,332.00
776.44,373.47,774.31,373.64
790.64,344.90,802.23,344.43
817.77,353.01,820.06,354.24
784.78,352.54,786.46,353.81
798.60,371.38,798.50,370.46
757.24,364.17,758.05,366.13
802.39,355.79,801.11,359.58
811.83,372.72,811.83,371.46
803.43,331.18,803.32,330.70
802.13,343.76,802.23,344.43
807.19,336.30,806.97,336.02
811.12,341.02,811.05,340.85
803.53,331.38,803.43,331.18
790.69,359.05,790.48,359.05
817.57,343.49,818.26,336.58
790.58,393.99,790.02,392.46
826.25,353.88,826.77,355.65
801.24,360.91,801.20,360.90
808.24,333.05,808.04,332.94
809.01,353.43,808.88,353.33
792.73,333.47,792.55,333.08
775.43,385.10,774.95,385.63
794.06,396.41,795.66,397.94
797.02,368.62,797.85,368.93
833.79,397.74,826.14,397.46
803.81,327.55,804.27,327.35
779.88,329.41,780.24,329.24
798.63,360.44,799.51,360.59
795.63,449.50,789.22,449.38
806.83,330.57,794.17,330.57
774.43,332.10,775.09,332.30
790.69,347.73,791.40,348.83
760.58,383.02,760.86,382.70
800.24,396.72,800.46,396.24
797.02,368.62,796.28,367.74
815.57,343.32,817.89,343.22
787.43,303.99,787.51,303.78
803.81,327.55,804.40,327.35
830.79,355.49,830.72,353.69
779.88,329.41,790.35,328.38
760.58,383.02,760.86,382.70
776.76,385.87,775.43,385.10
803.94,327.55,804.40,327.35
829.99,354.64,830.72,353.69
789.95,328.56,790.35,328.38
803.53,328.05,803.94,327.55
826.19,397.73,826.13,397.78
803.40,328.05,803.94,327.55
790.90,329.61,790.35,328.38
817.77,372.91,817.77,371.64
795.98,423.69,803.21,421.45
791.33,357.83,791.50,360.00
826.25,396.55,826.25,401.98
818.74,331.02,818.95,330.91
779.88,345.15,780.24,345.32
755.95,385.26,756.94,385.34
778.74,369.14,799.91,369.67
790.27,344.73,780.24,345.32
799.41,391.20,797.69,390.84
826.25,401.98,825.79,401.98
818.31,330.70,818.63,330.54
807.38,340.86,805.89,340.94
781.70,392.35,781.46,391.29
790.27,344.73,801.82,344.26
814.87,337.82,814.53,337.82
805.05,346.92,793.96,347.19
750.73,382.58,750.23,378.30
808.30,333.41,808.46,333.08
802.67,330.59,802.33,330.54
818.82,340.47,818.90,340.26
748.62,384.21,748.58,384.48
826.14,402.48,827.41,402.35
806.25,329.34,806.39,329.92
778.09,404.74,777.46,402.62
788.22,362.14,787.72,364.22
802.94,338.84,802.13,343.76
802.62,331.87,802.81,331.82
786.64,304.47,786.93,304.15
826.25,401.98,826.30,402.09
818.58,331.18,818.74,331.02
798.14,399.99,798.58,401.89
802.59,338.75,802.13,343.76
818.58,331.18,818.06,330.95
802.59,338.75,801.82,343.49
825.86,402.09,825.79,401.98
818.48,331.38,818.58,331.18
803.47,337.55,803.40,338.88
802.80,330.76,803.00,329.74
802.94,338.84,803.40,338.88
803.01,332.71,802.65,332.77
803.28,336.29,802.88,334.94
725.95,364.15,727.09,363.01
783.76,327.34,784.13,327.91
792.41,332.46,791.84,333.77
787.07,353.75,788.85,351.84
803.90,331.97,803.74,332.29
818.58,340.13,800.18,340.13
801.98,421.99,802.00,422.48
811.31,367.55,812.72,360.96
818.27,347.32,818.58,347.13
802.58,343.87,802.23,344.43
830.60,350.97,830.95,351.34
804.90,328.56,805.13,329.61
802.46,335.13,803.28,336.29
825.86,396.45,826.30,396.45
818.44,331.61,818.48,331.38
802.46,335.13,802.88,334.94
796.43,325.06,796.28,325.44
790.45,335.90,802.88,334.94
830.33,406.14,830.38,405.97
795.25,392.70,793.59,391.80
825.80,402.35,826.08,402.07
818.80,332.70,818.37,332.71
800.75,360.93,798.93,360.91
796.43,325.06,795.80,325.35
817.84,331.62,817.90,331.27
801.56,393.63,800.07,394.06
790.45,335.90,790.90,335.72
788.86,398.81,788.82,398.91
826.25,396.55,825.86,396.45
818.48,331.84,817.84,331.62
779.73,329.82,779.88,329.41
782.00,393.56,781.59,395.19
803.21,359.57,803.59,360.93
826.25,396.55,825.79,396.55
818.48,331.84,818.44,331.61
780.47,402.23,780.71,400.32
803.79,333.95,804.27,334.08
789.10,305.10,788.83,304.77
805.37,354.22,805.83,354.22
803.53,333.38,803.21,332.67
831.39,347.15,829.03,348.45
826.25,401.98,826.25,396.55
818.58,332.04,818.48,331.84
790.12,329.87,790.45,329.69
789.72,328.99,790.45,329.69
784.77,309.55,784.14,318.85
801.86,332.32,801.69,331.98
789.76,393.56,789.34,395.19
829.77,361.85,806.33,361.74
791.70,341.75,791.70,341.54
818.06,332.30,817.90,331.98
800.27,393.57,800.91,393.37
789.72,328.99,789.95,328.56
826.30,402.09,826.30,396.45
818.74,332.21,818.58,332.04
808.48,381.21,811.06,378.03
795.07,379.84,795.25,380.38
790.45,335.90,790.90,335.72
806.67,335.43,806.14,342.60
823.85,373.23,827.29,373.10
803.16,341.07,803.68,342.35
824.23,373.13,824.03,373.13
816.40,376.88,816.48,377.10
810.43,329.98,810.74,330.29
810.99,378.98,811.06,378.03
790.45,329.69,790.90,335.72
789.34,395.19,789.28,395.43
756.58,384.92,755.61,385.00
818.63,332.71,818.95,332.31
803.01,337.57,802.94,338.84
753.75,383.22,753.82,383.03
770.80,379.10,770.68,379.68
802.65,337.63,802.94,338.84
819.91,331.61,820.08,331.98
770.80,379.10,767.43,379.55
802.65,337.63,802.59,338.75
824.90,393.79,824.66,393.65
805.27,333.26,804.86,333.76
767.30,379.51,767.25,380.32
796.54,378.22,796.28,378.79
803.01,337.57,803.47,337.55
819.88,331.38,820.13,331.62
767.43,379.55,767.25,380.32
802.82,336.38,803.47,337.55
746.26,384.24,747.63,384.40
819.34,355.65,835.83,349.05
790.64,344.90,802.23,344.43
755.04,384.21,756.38,384.98
824.66,393.65,825.24,394.71
806.00,332.53,805.70,332.88
581.51,372.27,554.33,230.02
810.01,340.73,810.17,340.72
772.72,334.35,773.40,334.35
759.31,384.00,760.58,383.02
792.54,331.20,792.91,331.25
800.96,337.12,800.85,335.53
818.48,337.57,818.41,338.84
776.22,347.97,778.15,349.00
791.45,332.36,791.51,332.02
802.19,335.57,802.49,336.58
802.19,335.57,802.46,335.13
790.12,336.33,802.46,335.13
790.12,336.33,790.45,335.90
776.96,373.60,774.80,373.77
809.76,367.52,811.31,367.55
791.57,319.51,791.57,320.33
790.35,328.38,794.06,329.24
830.26,350.74,830.60,350.97
790.12,329.87,779.73,336.99
794.11,332.33,794.05,332.67
809.76,367.52,811.43,367.64
790.35,328.38,804.56,328.38
818.74,331.02,818.95,330.91
825.99,398.78,829.87,398.86
805.88,330.54,805.75,330.54
790.12,336.33,790.45,335.90
795.00,369.19,792.18,372.19
790.12,329.87,790.45,335.90
778.44,347.93,780.28,348.69
818.95,330.91,819.18,330.88
795.00,369.19,795.90,369.54
805.75,330.54,805.81,331.57
790.12,329.87,790.45,329.69
829.46,379.17,823.98,378.91
776.89,366.22,778.20,366.70
811.12,343.85,810.29,343.85
791.92,352.44,800.71,352.26
829.73,348.62,829.03,348.45
803.01,337.57,802.65,337.63
829.17,402.31,829.07,402.05
778.29,342.36,778.78,342.56
804.27,327.35,804.72,327.47
801.17,418.34,800.62,418.87
810.47,359.57,810.10,359.57
790.12,344.31,779.73,344.74
798.68,337.26,796.61,333.98
779.73,336.99,779.73,344.74
817.26,343.87,816.89,344.43
835.69,410.07,826.39,412.28
802.66,339.26,802.89,339.52
762.71,377.84,762.57,378.34
831.55,419.39,831.55,420.48
802.40,332.21,802.60,332.31
765.55,351.03,765.07,350.34
792.91,331.25,793.22,331.46
776.09,348.24,787.88,348.91
808.91,365.49,803.12,365.32
803.40,338.88,818.11,338.88
817.98,331.61,818.03,331.24
787.52,346.92,787.31,347.69
802.24,332.04,802.40,332.21
829.94,420.71,829.72,420.22
806.78,344.55,807.82,345.69
802.13,331.84,802.24,332.04
801.73,332.30,802.24,332.04
806.78,344.55,807.91,345.65
802.13,331.84,801.73,332.30
764.75,370.93,775.60,371.27
801.56,331.98,802.13,331.84
795.01,381.13,795.01,380.76
807.86,358.69,806.29,358.55
764.00,378.46,764.28,377.92
771.93,362.82,771.79,362.48
760.87,377.77,759.73,377.71
794.06,329.24,804.56,328.38
805.13,329.61,804.56,328.38
802.24,331.18,802.13,331.38
832.07,351.09,831.26,351.80
801.73,330.95,802.24,331.18
790.90,335.72,805.13,335.72
802.60,330.91,802.40,331.02
812.32,354.24,811.84,355.69
770.51,347.01,770.60,347.93
825.91,397.44,825.75,397.45
802.30,330.54,801.98,330.70
802.25,367.37,803.72,360.92
794.06,345.32,804.87,344.90
793.32,306.56,792.97,306.34
802.83,330.88,802.60,330.91
792.83,307.09,792.97,306.34
802.30,330.54,802.60,330.91
802.83,330.88,802.30,330.54
772.53,347.47,772.18,346.53
825.86,401.73,828.01,401.73
802.65,330.48,802.30,330.54
797.96,359.36,796.41,355.55
816.44,377.01,817.27,377.22
821.88,334.84,822.11,333.99
825.91,401.44,825.86,401.73
803.06,330.91,802.83,330.88
802.65,330.48,802.83,330.88
783.42,357.89,783.75,360.00
803.06,330.91,802.65,330.48
803.26,331.02,803.06,330.91
803.01,330.54,803.06,330.91
817.98,336.29,803.28,336.29
803.43,331.18,803.26,331.02
800.19,365.77,800.83,367.43
799.14,358.08,806.55,355.71
766.70,348.95,768.53,347.83
798.21,380.62,798.13,380.88
793.14,379.68,793.09,380.34
817.57,334.94,805.13,335.72
767.06,349.73,766.70,348.95
810.82,340.51,811.14,340.64
825.86,397.14,825.91,397.44
803.57,331.61,803.53,331.38
803.74,331.27,803.53,331.38
781.16,367.99,785.36,368.08
810.82,340.51,810.36,340.68
803.57,331.61,803.74,331.27
828.01,397.14,825.86,397.14
803.80,331.62,803.74,331.27
801.20,360.90,800.23,365.78
793.73,378.35,794.02,378.26
794.43,329.41,804.90,328.56
803.53,331.84,803.57,331.61
803.80,331.62,803.57,331.61
803.53,331.84,803.80,331.62
783.28,304.17,787.07,302.38
803.43,332.04,803.53,331.84
807.94,355.49,806.55,358.04
758.39,360.00,758.01,360.00
763.12,351.92,763.27,351.98
825.60,401.75,825.73,401.86
803.32,332.55,803.58,332.30
818.81,346.64,800.03,346.64
803.06,332.31,803.26,332.21
804.04,331.61,803.98,331.24
799.95,340.46,799.34,340.46
803.06,332.31,803.32,332.55
806.41,342.22,806.10,342.23
778.43,337.35,778.40,342.13
803.01,332.71,803.32,332.55
801.30,417.60,801.14,416.88
790.48,358.10,790.14,360.00
811.27,352.99,813.02,353.03
760.57,383.88,761.78,382.93
828.17,349.22,829.59,350.99
802.83,332.35,802.65,332.77
804.86,327.47,805.27,327.91
753.97,377.56,754.05,377.90
781.77,411.10,783.64,410.12
792.96,304.15,792.68,303.90
802.51,368.22,800.72,368.10
817.91,335.13,805.43,335.90
830.55,346.95,829.03,348.45
819.66,332.55,819.34,332.71
819.40,332.31,819.34,332.71
780.81,419.57,781.68,420.12
785.94,368.09,788.85,368.16
792.77,340.51,792.95,340.79
802.91,366.32,802.51,368.22
768.09,377.97,768.41,377.86
794.58,336.99,794.58,329.82
820.08,331.98,819.91,332.30
793.55,340.79,793.71,340.51
819.88,331.84,819.91,332.30
819.77,332.04,819.91,332.30
799.28,370.13,799.45,370.27
772.29,346.58,774.24,346.25
824.89,396.85,825.01,396.74
819.88,331.84,819.77,332.04
827.53,365.07,827.31,364.60
777.80,361.37,771.18,359.64
802.91,366.32,802.57,368.13
805.43,335.90,805.43,329.69
749.05,378.17,750.49,378.25
743.43,377.42,743.63,377.51
820.13,331.62,820.08,331.98
789.99,353.70,790.00,353.73
803.84,400.36,803.97,398.26
773.09,349.55,774.56,348.33
818.44,337.63,818.26,336.58
759.85,382.73,760.07,382.39
793.55,346.29,793.55,347.09
779.14,308.29,786.64,304.47
808.86,366.42,802.97,366.23
818.48,337.57,818.44,337.63
799.38,334.84,800.34,333.85
806.41,367.35,806.23,367.20
804.90,370.82,804.82,370.64
768.12,347.84,766.29,348.96
824.96,370.40,825.19,369.97
782.09,332.77,782.37,332.65
829.26,353.56,830.05,352.86
819.77,331.18,819.91,330.95
811.83,353.12,812.22,352.98
806.23,367.20,799.45,367.08
764.52,350.28,764.66,350.35
825.12,402.07,825.01,401.96
819.61,331.02,819.77,331.18
791.09,335.51,790.56,335.37
768.26,368.26,768.15,368.41
797.08,308.32,797.09,318.83
819.34,330.54,819.66,330.70
781.09,401.31,781.56,401.09
819.40,330.91,819.66,330.70
791.33,336.30,790.49,336.07
784.84,342.83,792.81,342.83
768.89,363.24,768.26,368.26
796.99,308.43,796.98,318.85
771.07,360.25,771.22,360.44
799.46,338.24,799.78,338.32
768.41,377.86,771.78,378.38
798.82,359.15,798.47,360.25
781.56,401.09,788.79,401.09
819.18,330.88,819.34,330.54
770.52,360.52,770.70,360.59
799.46,337.97,799.12,337.82
825.79,376.31,829.46,376.45
758.05,353.83,763.12,351.92
825.01,396.59,825.12,396.49
819.18,330.88,819.40,330.91
818.63,330.54,818.99,330.48
800.08,423.24,799.91,422.53
771.40,359.15,771.07,360.25
788.83,401.31,781.09,401.31
818.95,330.91,818.99,330.48
799.83,338.68,799.51,338.68
825.79,401.98,825.79,396.55
818.95,330.91,819.18,330.88
818.06,330.95,818.31,330.70
804.27,439.04,804.39,439.83
745.14,370.75,748.22,370.98
781.06,400.73,781.54,400.75
818.58,331.18,818.31,330.70
809.88,340.51,810.29,340.79
788.81,400.73,788.77,400.75
825.86,402.09,826.25,401.98
818.48,331.38,818.06,330.95
796.32,338.25,795.81,338.13
798.82,362.79,798.50,355.12
773.34,346.80,771.44,347.70
770.16,346.41,772.09,346.42
784.10,307.57,786.64,304.47
796.63,320.41,798.00,323.80
773.44,373.12,775.55,373.63
828.89,355.85,831.14,361.48
810.29,340.79,809.88,340.51
781.11,398.81,781.59,398.91
818.44,331.61,817.90,331.27
796.63,320.41,797.17,323.82
790.49,329.23,789.88,329.84
799.31,339.45,799.65,339.33
770.95,348.95,772.20,346.66
816.82,340.17,816.98,340.46
792.30,347.56,792.02,347.40
796.18,338.52,795.67,338.46
778.26,341.53,778.26,341.77
768.00,347.75,766.16,348.88
830.65,424.77,830.71,423.81
786.90,389.37,788.31,386.91
788.18,306.80,787.76,306.88
768.12,347.84,766.16,348.88
790.67,347.58,790.63,347.57
831.39,347.15,829.73,348.62
781.29,396.95,781.76,397.13
818.58,332.04,817.90,331.98
818.48,331.84,817.90,331.98
799.12,339.58,799.46,339.44
787.44,306.93,783.52,306.93
805.02,389.37,806.50,386.91
787.59,307.43,792.45,306.88
795.29,382.44,795.72,382.30
789.04,396.95,788.99,397.13
826.30,402.09,826.25,401.98
818.74,332.21,818.06,332.30
796.13,338.89,795.62,338.90
792.30,347.56,792.02,347.40
831.26,351.80,831.52,352.32
743.43,377.42,743.31,377.56
768.35,372.77,719.05,370.56
785.05,341.09,784.39,342.24
822.21,359.54,822.79,360.95
818.63,332.71,818.31,332.55
814.88,338.24,814.36,338.32
803.03,339.84,803.20,340.46
796.48,355.40,796.43,355.45
803.31,378.80,803.33,378.91
819.83,332.54,820.08,332.29
759.23,354.92,758.05,353.87
811.98,354.24,810.56,355.44
792.55,333.08,792.33,333.05
814.41,338.68,814.93,338.68
789.76,393.56,789.69,393.88
792.13,332.94,792.38,333.41
791.82,333.01,792.07,333.26
828.41,366.19,829.14,367.98
795.88,339.86,799.01,339.69
782.52,392.12,782.94,392.49
791.98,332.79,792.07,333.26
791.98,332.79,792.13,332.94
780.48,347.75,780.50,347.84
742.06,368.63,750.84,370.93
795.67,339.74,795.88,339.86
791.98,332.79,791.82,333.01
819.15,332.76,819.51,332.70
747.33,376.00,747.11,375.66
778.27,401.60,780.04,401.76
780.45,321.23,775.61,321.73
791.61,332.35,791.66,332.70
780.86,400.36,780.98,398.26
795.51,339.39,795.67,339.33
800.32,359.64,800.22,360.09
789.29,441.73,792.34,440.40
778.25,353.42,781.01,352.06
795.46,338.90,795.51,339.39
793.75,344.89,793.54,344.40
790.91,390.88,790.79,391.32
791.87,332.14,791.61,332.35
791.84,332.37,791.61,332.35
830.16,396.08,830.16,396.14
804.54,330.72,804.58,330.06
756.63,377.51,756.47,377.66
830.20,372.00,830.46,373.31
818.80,332.70,819.15,332.76
795.46,338.90,795.62,338.90
791.87,332.14,791.84,332.37
790.05,449.44,793.47,445.78
773.75,353.04,772.75,354.21
798.87,359.15,798.91,358.70
771.44,347.70,769.59,348.83
795.51,338.40,795.46,338.90
783.82,389.90,784.19,390.37
830.21,373.31,829.93,372.00
819.07,330.57,819.38,330.73
795.51,338.40,795.67,338.46
795.67,338.03,795.51,338.40
791.62,389.90,791.47,390.37
792.13,331.79,791.82,331.70
828.89,368.78,828.08,366.73
795.67,338.03,795.81,338.13
781.59,398.91,781.54,400.75
792.13,331.79,791.98,331.94
743.18,382.49,744.42,383.45
799.95,340.46,793.55,343.85
801.00,324.09,799.34,320.03
784.58,389.19,784.91,389.69
778.26,341.77,778.26,341.53
792.33,331.68,792.07,331.45
795.88,337.89,796.00,338.00
806.48,355.36,806.29,355.22
767.45,348.95,767.97,346.66
792.33,331.68,792.13,331.79
828.01,365.66,829.19,360.98
810.64,391.57,807.61,387.57
799.01,337.71,795.88,337.89
792.39,389.19,792.21,389.69
792.55,331.65,792.38,331.29
781.76,397.13,781.59,398.91
792.55,331.65,792.33,331.68
810.62,339.25,810.76,339.51
799.23,337.82,799.01,337.71
785.38,388.76,785.68,389.29
792.78,331.68,792.73,331.24
818.22,332.29,818.48,332.54
792.72,343.85,799.11,343.58
782.37,320.03,784.07,320.03
799.23,337.82,799.31,337.93
758.58,385.22,757.61,385.13
808.46,332.37,809.04,332.79
788.99,397.13,788.82,398.91
792.78,331.68,792.55,331.65
818.29,336.38,817.98,336.29
832.33,347.79,830.52,349.16
793.21,388.76,792.99,389.29
792.98,331.79,793.07,331.29
818.37,330.57,818.72,330.52
801.60,343.82,802.19,335.57
768.07,363.76,768.96,365.49
760.44,353.69,760.15,353.42
792.98,331.79,792.78,331.68
822.79,360.95,821.79,365.67
814.53,339.58,814.65,339.69
799.45,338.68,799.39,338.18
792.98,331.79,793.38,331.45
793.14,380.99,794.97,381.10
797.24,320.42,796.43,319.69
794.77,391.44,795.17,389.81
818.06,331.97,818.22,332.29
811.29,339.75,811.39,339.86
794.05,388.64,793.80,389.17
793.24,332.14,793.63,331.70
793.13,331.94,793.63,331.70
832.65,372.08,829.93,372.00
818.06,330.73,818.37,330.57
799.23,339.55,799.39,339.18
792.39,353.24,801.59,353.23
765.74,349.36,765.91,347.15
793.24,332.14,793.13,331.94
831.54,366.79,831.14,368.74
799.31,339.45,799.23,339.55
790.51,355.75,799.26,355.65
763.95,347.97,765.74,349.36
782.00,393.56,781.59,395.19
793.84,332.35,793.79,332.01
807.61,386.62,807.48,385.58
799.46,339.12,799.23,339.55
787.04,388.82,787.27,389.35
793.27,332.37,793.79,332.01
794.90,388.82,794.61,389.35
793.24,332.59,793.84,332.35
793.27,332.37,793.84,332.35
817.81,330.98,818.06,330.73
751.41,371.30,751.52,377.64
801.82,343.49,802.49,336.58
779.28,394.33,778.72,393.63
800.22,367.30,800.29,362.80
800.00,391.16,800.65,392.21
774.74,348.46,776.59,348.01
764.12,350.03,762.62,350.95
793.24,332.59,793.27,332.37
793.13,332.79,793.63,333.01
783.13,390.88,782.52,392.12
792.78,333.05,793.38,333.26
800.04,337.26,799.43,333.05
792.78,333.05,792.98,332.94
797.91,389.42,798.94,390.22
817.23,379.18,809.60,378.82
780.38,310.18,780.61,309.88
800.89,355.82,801.02,355.84
808.64,333.47,808.69,333.05
805.39,344.31,817.35,343.82
808.64,333.47,808.99,333.41
818.27,347.32,799.81,347.13
778.52,347.02,780.50,347.84
819.09,359.54,819.66,360.94
802.20,353.45,808.78,353.10
785.35,351.98,786.46,353.81
732.10,356.94,730.95,355.78
809.30,333.26,808.99,333.41
789.95,328.56,779.88,329.41
809.70,332.70,809.55,333.01
785.38,388.76,784.58,389.19
809.18,332.37,809.15,332.59
785.68,389.29,784.58,389.19
809.70,332.70,809.15,332.59
748.01,382.63,747.65,382.51
790.90,335.72,790.90,329.61
726.28,364.95,727.89,365.21
786.47,389.17,785.68,389.29
809.70,332.01,809.76,332.35
724.83,364.21,726.28,364.95
786.20,388.64,785.38,388.76
809.04,331.94,809.15,332.14
809.04,331.94,809.70,332.01
829.43,348.90,828.08,350.09
779.88,345.15,790.27,344.73
793.80,389.17,792.99,389.29
801.22,331.65,801.27,331.99
809.55,331.70,809.70,332.01
722.93,361.61,723.67,363.06
794.05,388.64,793.21,388.76
799.46,338.70,799.83,338.68
804.27,327.22,804.74,327.34
799.07,419.57,798.40,420.08
778.32,332.26,777.87,333.87
802.59,338.75,802.94,338.84
787.27,389.35,786.47,389.17
801.67,332.54,801.43,332.30
809.30,331.45,809.55,331.70
803.05,402.49,803.41,400.51
823.37,389.17,822.34,388.09
791.52,308.76,790.95,310.28
722.93,358.39,722.68,360.00
787.04,388.82,786.20,388.64
784.45,342.33,784.28,341.71
803.47,337.55,803.28,336.29
794.61,389.35,793.80,389.17
791.69,341.26,790.29,341.34
792.22,353.23,792.18,353.45
727.89,360.00,723.67,356.94
794.90,388.82,794.05,388.64
801.72,331.26,801.66,331.61
808.46,331.65,808.69,331.68
724.83,355.78,726.28,355.04
779.73,329.82,779.73,336.99
785.35,426.49,785.23,427.24
795.60,324.61,795.41,325.39
800.10,423.72,799.75,423.32
780.21,344.33,803.67,342.71
819.18,331.61,819.88,331.38
788.64,390.09,787.85,389.31
789.50,391.58,788.80,390.57
802.82,336.38,802.49,336.58
789.37,391.15,788.64,390.09
803.01,337.57,802.82,336.38
800.31,401.32,800.75,401.20
777.07,323.82,776.89,323.72
796.06,392.18,796.67,391.20
802.78,355.79,803.26,354.37
834.09,373.69,824.17,373.37
782.99,307.73,787.76,306.88
796.88,391.58,796.17,390.57
807.53,332.35,807.58,332.01
784.14,384.18,783.92,384.07
833.75,373.55,823.83,373.23
788.33,307.73,788.00,307.51
807.86,367.03,806.41,367.35
807.78,332.59,807.75,332.37
801.90,342.65,802.14,342.91
748.48,371.21,747.48,373.22
807.89,332.79,807.78,332.59
802.40,332.21,802.30,332.71
797.52,392.83,796.88,391.58
807.74,333.01,807.58,332.70
787.62,346.95,787.31,347.69
801.98,332.55,802.40,332.21
797.95,392.46,797.28,391.15
808.04,332.94,807.89,332.79
787.52,346.92,787.20,347.68
802.24,332.04,801.98,332.55
827.04,391.28,827.01,390.98
750.36,374.34,749.10,373.70
799.95,340.46,793.55,340.79
763.27,351.98,764.25,352.54
801.56,331.98,801.73,332.30
808.24,333.05,807.99,333.26
802.10,331.61,802.13,331.84
808.30,333.41,808.64,333.47
802.10,331.61,801.56,331.98
802.24,331.18,801.56,331.27
804.05,360.91,803.14,365.41
805.13,329.61,790.90,329.61
802.40,331.02,802.24,331.18
787.07,302.38,787.14,302.17
815.40,343.32,804.21,343.32
819.63,330.98,820.08,330.94
787.07,302.38,787.38,302.29
795.48,309.52,795.56,309.86
809.34,359.57,809.74,360.95
822.64,359.55,823.04,359.55
806.67,335.43,806.66,342.60
747.01,373.61,747.77,373.75
811.83,372.72,814.04,371.54
799.37,403.34,800.20,404.35
796.43,319.69,795.56,318.84
806.14,335.33,806.67,335.43
797.35,341.49,798.03,341.49
783.94,367.15,786.74,367.14
830.08,405.73,829.78,405.90
816.62,390.84,810.27,390.84
773.75,341.72,774.32,341.48
824.78,406.01,824.83,405.77
781.87,330.76,781.94,329.70
817.24,333.39,817.50,333.88
803.08,417.06,802.54,417.59
806.66,342.60,817.89,343.22
811.83,354.37,815.38,354.37
800.62,368.18,799.88,365.77
818.41,338.84,818.37,338.75
760.49,382.58,760.67,378.25
818.58,340.13,818.90,340.26
751.73,384.64,749.20,383.80
778.70,367.46,779.81,363.49
806.43,357.48,804.96,357.49
778.15,327.63,777.93,328.18
806.14,342.60,806.64,343.22
798.50,370.46,798.50,362.79
797.28,341.00,796.44,342.28
770.60,347.93,770.09,347.02
825.01,401.97,824.89,401.86
819.61,332.21,819.40,332.31
814.55,354.09,813.05,355.37
763.68,368.03,765.55,368.97
775.05,395.84,775.29,396.48
751.35,380.65,750.36,381.65
772.09,373.57,774.31,373.64
803.53,406.21,799.81,406.78
804.40,343.32,803.67,342.71
785.56,369.92,783.92,370.93
827.88,401.86,825.12,402.07
814.03,338.70,814.03,337.97
795.67,339.74,790.12,344.31
797.77,409.97,799.81,406.78
821.09,379.67,821.08,377.08
803.86,342.72,803.67,342.71
831.69,354.31,829.99,354.64
820.40,335.69,821.21,334.70
819.91,332.30,819.66,332.55
797.77,409.97,803.53,406.21
821.09,379.67,821.41,377.33
803.86,342.72,806.14,342.60
803.86,342.72,806.64,343.22
815.57,343.32,818.62,342.60
818.23,340.63,817.75,340.53
757.40,383.46,758.37,382.63
818.26,336.58,818.29,336.38
799.21,369.79,806.48,369.97
769.81,379.09,770.80,379.09
804.03,398.26,803.97,398.26
772.78,349.07,774.56,348.33
767.40,380.90,774.36,380.62
798.01,405.95,798.97,406.04
816.27,342.72,816.08,342.71
816.27,342.72,815.40,343.32
818.99,330.48,819.34,330.54
792.80,410.12,791.59,410.21
780.58,331.94,791.57,331.94
776.28,396.52,776.41,395.16
806.68,335.39,806.97,336.02
787.00,339.63,785.99,340.41
827.81,397.47,826.20,397.47
769.69,379.68,769.30,379.72
804.14,327.07,804.63,327.20
797.64,320.03,797.34,319.76
826.11,339.56,826.05,339.44
822.11,329.93,822.11,333.99
791.59,410.21,784.60,410.21
780.25,332.27,804.77,330.41
825.79,401.98,826.25,401.98
817.90,331.27,818.06,330.95
791.42,332.28,780.44,332.28
791.42,332.28,780.44,344.34
823.90,373.11,826.25,371.90
783.20,437.16,783.72,437.67
809.59,332.36,809.93,332.68
825.79,396.55,825.86,396.45
817.90,331.98,817.84,331.62
774.00,370.24,775.12,369.08
817.21,330.41,791.90,332.27
817.21,330.41,791.86,344.33
803.84,400.36,803.97,398.26
805.29,330.39,817.02,330.39
803.86,421.97,805.22,422.17
829.17,402.31,829.11,402.31
805.73,331.60,805.51,332.58
776.45,366.53,776.89,366.22
793.12,342.83,792.81,342.83
794.68,372.12,795.21,371.85
805.29,330.39,817.03,333.31
755.24,369.88,754.95,369.89
801.00,404.85,801.93,404.59
806.55,334.98,818.30,334.98
806.55,334.98,818.42,335.43
778.81,309.04,778.80,319.50
780.25,332.27,780.21,344.33
778.61,399.94,778.81,399.45
792.55,332.37,792.13,332.94
782.37,332.65,782.09,332.77
780.25,332.27,780.44,344.34
791.66,332.70,791.82,333.01
825.19,364.67,826.38,364.46
794.90,379.77,794.95,380.44
791.09,329.84,791.86,331.42
818.55,366.04,819.66,360.94
791.42,332.28,791.42,344.34
788.72,346.96,791.53,347.55
818.41,338.84,817.26,343.87
818.55,366.04,822.29,360.98
791.42,332.28,791.86,344.33
791.57,331.94,780.44,332.28
799.70,394.21,798.39,394.58
818.30,334.98,818.63,335.33
804.95,404.50,803.28,398.28
805.48,330.65,806.44,330.58
825.13,341.36,825.28,341.37
791.97,353.45,792.39,353.24
753.46,369.81,752.68,369.83
817.50,333.88,818.30,334.98
784.19,390.37,790.79,391.32
789.28,365.57,788.28,367.21
822.93,355.58,822.21,359.54
831.29,420.38,831.12,420.70
787.51,303.78,787.51,303.57
818.95,330.91,818.63,330.54
756.07,385.02,757.04,385.10
788.86,398.81,788.81,400.73
792.73,331.24,792.38,331.29
775.55,373.63,777.70,373.80
781.37,329.46,781.57,328.98
799.03,396.48,799.31,395.16
801.93,404.59,802.76,403.69
799.25,395.23,797.99,395.50
801.93,404.59,802.84,403.60
796.43,319.69,796.36,318.84
754.36,369.80,753.42,369.81
789.04,396.95,788.86,398.81
793.38,331.45,793.07,331.29
776.22,347.97,776.33,347.89
803.05,398.21,801.40,398.20
818.48,330.69,818.80,330.52
793.79,332.01,793.63,331.70
802.67,400.97,801.06,400.69
805.29,333.31,806.55,334.98
805.29,333.31,806.14,335.33
791.80,340.90,791.43,339.25
806.83,335.51,808.09,333.48
768.54,381.10,769.38,381.81
804.06,355.67,803.32,355.68
820.68,329.02,819.89,330.64
801.63,402.61,800.13,402.17
805.13,330.05,816.86,330.05
828.41,366.19,832.33,361.00
805.13,330.05,817.02,330.39
810.45,382.33,810.98,382.96
793.38,333.26,793.63,333.01
780.83,396.15,780.27,394.29
799.81,353.33,808.88,353.33
779.86,346.37,781.97,346.87
760.44,366.31,761.54,367.59
800.34,402.52,798.97,402.09
797.98,397.91,798.11,395.84
747.84,375.90,748.27,375.74
805.29,330.39,804.79,333.40
782.08,413.64,782.49,413.94
783.50,389.19,782.65,389.34
772.98,370.81,774.79,371.15
806.39,331.24,806.25,331.84
784.14,318.85,784.81,319.69
808.92,353.17,808.93,354.41
785.82,340.46,785.86,341.05
757.84,384.52,756.58,384.92
787.38,302.29,792.15,302.30
785.04,318.84,785.11,319.71
785.31,320.46,785.11,319.71
778.91,319.51,778.91,320.33
795.24,309.23,792.83,307.09
778.80,319.50,778.80,320.32
800.04,337.26,801.93,335.76
771.05,351.39,771.18,351.44
772.13,355.57,772.13,360.71
825.77,400.68,829.52,401.02
799.42,419.34,799.08,418.94
791.87,327.63,791.32,327.40
797.48,331.43,774.69,331.43
782.71,417.60,783.06,416.88
783.84,421.58,783.90,422.04
807.51,333.05,807.76,333.31
776.56,351.84,777.88,351.29
829.72,420.22,829.94,420.71
784.88,328.42,785.10,329.41
778.91,321.16,778.91,320.33
776.02,324.65,776.52,324.64
795.99,388.82,795.13,388.64
778.80,319.50,783.91,319.70
804.38,440.44,804.58,440.48
800.25,428.04,800.18,427.58
783.84,318.83,783.91,319.70
827.88,401.86,826.30,402.09
818.95,332.31,818.31,332.55
782.76,409.41,786.62,406.78
830.33,405.37,830.26,405.22
821.41,379.45,822.44,377.44
779.14,308.29,784.10,307.57
783.91,319.70,778.80,320.32
766.54,368.11,768.43,367.21
794.94,381.04,794.09,381.54
793.37,344.44,792.10,341.91
797.24,320.42,797.05,319.70
796.82,388.90,795.70,388.69
780.30,321.12,780.30,320.30
809.88,355.72,809.21,359.59
796.98,318.85,797.05,319.70
805.19,332.69,804.93,332.40
796.98,318.85,797.05,319.70
794.52,336.30,794.17,335.51
824.62,354.06,824.98,354.06
800.04,341.72,800.65,341.48
780.11,399.17,780.17,398.17
794.44,381.81,794.14,382.36
784.70,329.47,784.77,330.53
797.36,320.45,797.16,319.70
780.30,310.51,780.38,310.18
791.86,319.50,791.86,320.32
757.58,377.56,756.63,377.51
822.98,339.60,830.72,339.72
803.94,333.82,804.40,333.95
783.74,333.76,783.31,333.95
807.61,389.48,807.28,388.86
800.76,333.69,800.19,332.44
803.16,340.41,803.20,340.46
791.86,321.15,797.16,319.70
808.04,331.79,808.30,331.29
816.44,377.01,809.60,376.80
778.98,308.77,779.22,308.41
819.89,330.64,819.55,330.47
778.23,395.47,777.97,395.86
747.77,373.75,747.92,373.50
791.67,331.71,791.51,332.02
791.86,321.15,797.16,319.70
791.98,390.88,792.70,390.83
814.56,352.87,824.17,352.70
757.61,385.13,757.60,384.85
830.11,402.50,829.86,401.96
822.77,355.31,824.24,354.06
810.02,355.74,810.10,359.57
804.52,329.32,804.75,328.78
805.48,329.41,805.74,330.53
829.90,405.18,829.98,405.10
790.68,321.12,790.68,320.30
795.83,320.46,790.68,320.30
799.59,406.31,799.81,406.78
806.66,342.60,818.43,342.60
825.21,402.14,829.11,402.31
791.52,308.76,791.86,309.04
795.83,320.46,795.63,319.71
831.03,423.64,831.34,423.91
758.16,352.54,759.91,353.35
787.19,366.49,786.10,367.43
790.48,360.95,790.69,360.95
795.60,324.61,795.22,324.64
793.89,379.23,794.73,379.91
805.14,333.26,804.86,333.76
800.42,342.54,800.27,341.88
778.19,404.85,778.95,404.49
805.27,333.26,805.14,333.26
799.91,364.73,779.34,364.27
804.19,439.23,803.64,438.46
784.31,328.61,784.44,328.61
802.21,404.29,801.29,405.31
781.46,390.70,782.32,390.20
773.28,365.40,774.21,366.49
801.34,334.85,801.69,331.98
801.65,337.12,801.53,335.53
778.06,400.33,778.11,400.31
777.93,328.18,776.66,320.87
769.99,373.07,772.09,373.57
767.45,371.05,769.20,371.18
776.58,371.58,776.43,372.12
785.04,309.86,785.04,318.84
802.02,337.14,801.93,335.76
831.14,361.48,807.49,361.37
798.62,443.77,797.03,443.89
776.52,323.61,776.29,323.48
784.77,309.55,784.74,318.84
831.29,355.48,829.81,359.55
830.02,397.78,826.13,397.78
711.34,360.00,712.12,363.26
747.73,384.11,748.97,384.50
825.79,376.31,825.73,376.35
783.92,384.07,785.57,370.68
798.03,341.49,797.53,340.38
803.90,331.26,803.95,331.61
799.74,365.78,800.88,360.91
805.13,335.72,805.13,329.61
781.83,428.04,782.13,427.56
771.65,358.57,771.99,357.17
820.53,373.72,825.73,376.35
794.38,380.73,795.01,380.76
784.14,384.18,785.57,370.68
803.99,346.37,795.14,346.64
804.10,435.32,803.62,436.12
787.72,355.26,787.64,355.48
790.12,336.33,802.19,335.57
797.35,341.49,797.53,340.38
778.22,346.29,777.23,347.09
782.22,426.92,782.89,426.43
802.66,426.40,802.73,426.45
767.45,370.60,767.45,371.05
793.83,446.48,795.49,446.33
786.59,356.08,787.54,356.87
783.84,308.32,783.84,318.83
803.64,327.28,803.79,327.42
782.49,328.05,782.88,327.55
769.58,380.88,770.10,380.88
796.99,308.43,796.36,318.84
797.08,308.32,796.98,318.85
797.44,320.17,791.61,320.93
753.03,378.08,752.67,377.69
753.50,382.89,753.03,378.43
784.17,411.92,784.31,411.18
752.02,383.29,753.20,382.36
744.41,382.87,744.42,383.45
833.09,377.71,821.46,377.22
792.30,306.23,792.97,306.34
822.63,355.26,824.24,354.06
799.98,340.87,799.14,342.16
791.86,319.50,791.57,319.51
794.25,379.09,794.12,379.68
783.44,437.15,783.33,436.37
787.19,366.49,785.93,366.53
826.10,407.43,827.28,405.92
781.79,330.76,781.86,329.74
790.95,310.28,790.97,319.50
804.93,332.40,804.72,331.95
793.55,343.85,792.95,340.79
821.14,376.98,832.88,374.89
809.91,329.84,791.09,329.84
792.61,341.59,793.12,342.83
791.57,319.51,790.97,319.50
783.44,437.15,783.72,437.67
801.04,395.84,800.98,395.86
800.04,337.26,798.08,337.37
811.71,367.64,812.53,365.53
826.10,407.43,827.63,406.52
781.79,330.76,781.92,330.76
790.95,310.28,791.57,319.51
799.96,394.84,800.39,395.35
809.01,372.30,809.01,362.87
826.03,398.86,826.11,399.01
802.54,330.77,802.74,330.76
812.35,366.38,812.53,365.53
781.99,331.77,781.92,330.76
769.59,380.77,769.44,380.62
791.57,309.17,791.57,319.51
818.01,331.61,818.03,331.24
784.71,330.54,784.64,331.57
796.32,309.57,795.56,318.84
803.74,331.98,803.53,331.84
799.89,360.32,800.03,360.00
785.23,370.78,783.75,369.39
800.00,391.16,797.54,390.70
801.55,341.13,801.59,340.54
808.46,332.37,809.18,332.37
799.77,356.09,799.02,353.33
798.71,401.83,799.36,400.80
784.99,320.41,786.27,323.80
816.92,352.87,826.60,352.70
787.44,306.93,783.81,307.43
821.22,367.82,821.44,368.53
785.57,370.68,784.14,384.18
821.03,353.99,821.53,353.99
784.99,320.41,785.70,323.80
803.32,332.55,803.26,332.21
747.23,375.57,747.06,375.12
778.91,321.16,778.92,324.46
747.23,375.57,747.11,375.66
778.91,321.16,779.49,324.46
782.46,413.96,783.42,414.04
771.98,362.84,772.53,364.17
747.65,375.99,747.43,375.88
801.56,393.63,801.68,393.53
790.98,321.15,791.00,324.46
778.70,327.40,791.32,327.40
794.89,379.59,795.91,381.27
778.32,395.96,778.58,396.30
776.22,372.03,774.36,372.92
771.98,362.84,771.92,364.48
747.65,375.99,747.57,376.12
794.94,381.04,794.67,382.24
806.19,355.16,806.20,355.21
793.37,344.44,778.70,342.68
747.98,375.61,747.84,375.90
802.15,394.33,802.28,394.25
797.24,320.42,798.57,323.80
787.64,364.52,788.31,363.41
747.98,375.61,747.93,375.70
815.03,354.08,813.52,355.37
804.97,378.48,803.86,378.59
797.24,320.42,798.00,323.80
819.88,331.84,820.08,331.98
748.03,374.63,748.05,375.16
802.62,395.40,802.77,395.34
785.31,320.46,780.30,321.12
781.49,390.83,782.06,390.88
775.89,324.08,776.06,323.65
801.39,394.16,799.62,393.99
796.00,308.93,795.48,309.52
748.03,374.63,747.99,374.63
814.55,354.09,815.03,354.08
806.21,376.71,804.97,378.48
785.31,320.46,780.29,324.44
810.64,391.57,810.53,391.54
790.68,321.12,797.17,323.82
746.46,383.38,745.28,382.45
819.61,331.02,819.66,330.70
802.67,400.97,802.81,401.03
785.31,320.46,786.60,323.82
785.31,320.46,786.27,323.80
810.56,355.44,810.39,355.74
797.17,323.82,798.00,323.80
787.20,347.68,787.22,347.87
754.97,385.04,753.75,384.95
781.89,328.42,782.20,328.27
722.93,361.61,723.67,363.06
786.10,367.43,785.18,368.79
781.99,329.74,781.94,329.70
820.68,329.02,821.21,329.16
781.29,399.51,780.12,398.21
795.83,320.46,797.17,323.82
801.51,360.91,801.15,360.91
790.61,310.18,790.69,310.51
758.88,374.01,759.06,373.52
800.99,402.80,801.09,402.90
818.39,372.95,818.93,372.96
825.07,402.56,825.00,402.59
777.18,337.42,777.31,335.51
790.61,310.18,790.95,310.28
824.44,406.50,824.49,406.44
823.04,339.72,822.48,341.08
790.10,396.95,789.04,396.95
758.88,374.01,758.83,374.06
779.52,321.15,780.29,324.44
780.30,321.12,780.29,324.44
779.52,321.15,780.30,321.12
758.76,375.16,758.77,374.58
799.31,395.16,799.25,395.23
790.68,321.12,790.68,324.44
745.98,378.07,745.98,377.70
800.66,398.21,801.09,400.28
804.90,354.92,807.72,353.04
778.20,366.70,780.01,366.07
796.13,337.41,796.25,335.61
767.40,380.50,767.57,380.65
791.72,345.69,791.83,346.84
773.75,337.26,771.92,337.37
811.56,354.13,811.98,354.24
791.00,324.46,790.68,324.44
790.68,321.12,791.00,324.46
790.43,309.88,790.87,309.95
790.98,321.15,791.00,324.46
826.29,373.19,826.25,371.90
809.98,332.34,809.93,332.68
818.44,331.61,817.84,331.62
792.15,302.30,787.36,302.41
799.29,400.74,799.36,400.80
810.07,355.41,809.88,355.72
778.80,321.15,784.10,320.45
783.42,362.11,783.75,360.00
792.37,337.35,792.35,342.16
767.45,370.60,769.13,370.74
778.80,321.15,785.39,323.81
818.58,332.04,818.06,332.30
798.99,399.42,799.05,399.44
797.36,320.45,791.86,321.15
789.49,364.48,788.68,365.80
802.40,412.66,802.12,412.74
778.29,342.36,778.74,342.17
763.91,360.00,766.08,360.00
806.67,335.43,818.42,335.43
778.80,321.15,778.92,324.46
781.89,332.93,781.82,332.69
824.17,373.37,814.23,372.92
784.10,320.45,785.39,323.81
759.89,373.56,759.97,374.06
802.75,392.78,802.68,392.69
791.57,321.16,791.56,324.46
797.00,307.91,796.74,307.57
818.63,366.48,812.35,366.38
759.89,373.56,759.76,373.64
791.57,321.16,791.86,324.45
751.73,384.70,752.78,385.03
797.36,320.45,798.57,323.80
791.87,332.14,791.66,332.01
783.91,319.70,783.84,318.83
784.20,319.70,784.14,318.85
798.97,396.52,799.31,395.16
770.01,378.63,770.99,378.63
802.84,403.60,802.76,403.69
795.63,319.71,795.56,318.84
802.02,404.49,801.93,404.59
796.63,320.41,795.83,320.46
749.91,384.58,750.01,384.83
798.25,359.57,799.00,360.00
799.05,399.44,799.36,400.80
793.82,422.17,795.75,421.97
781.97,346.87,783.97,347.70
824.97,380.57,825.11,381.54
803.17,419.52,803.46,420.03
779.56,310.29,779.53,319.50
787.07,439.04,787.18,439.83
780.25,332.27,804.79,333.40
791.86,344.33,791.90,332.27
758.84,382.90,758.78,382.73
724.42,367.18,725.95,364.15
805.05,332.93,805.38,333.02
796.28,367.74,795.70,366.39
799.08,401.32,799.54,401.52
781.25,329.99,781.40,329.32
778.67,400.54,778.51,400.58
802.38,343.73,805.47,343.60
779.52,321.15,780.30,320.30
825.78,400.67,826.48,402.41
778.55,320.33,776.66,320.87
792.91,333.43,792.57,333.48
778.16,400.49,777.90,399.29
802.14,342.91,802.40,342.99
774.56,363.49,775.53,364.42
786.17,338.68,785.43,339.11
797.44,320.17,797.17,319.92
788.13,440.93,788.83,440.91
796.48,379.99,796.29,379.81
785.31,369.49,784.00,370.81
785.05,341.09,785.52,339.52
786.86,304.60,787.19,304.23
776.38,386.45,776.76,385.87
781.46,391.29,781.09,390.89
826.14,401.46,826.20,401.44
803.40,328.05,803.81,327.55
796.20,323.48,796.06,323.62
785.05,308.94,787.40,306.55
801.07,355.51,802.58,354.38
788.41,302.64,788.62,302.72
798.65,394.05,799.29,392.62
784.37,307.66,787.40,306.55
800.53,340.79,801.13,338.92
747.33,377.56,747.07,377.61
792.58,303.74,792.68,303.90
799.30,356.31,799.18,356.31
823.51,378.29,823.62,379.71
776.27,343.11,776.99,342.19
792.41,392.04,793.59,391.80
791.47,390.37,790.79,391.32
829.66,420.14,831.12,420.70
792.48,303.77,787.51,303.57
784.91,389.69,783.82,389.90
809.30,333.26,808.89,332.94
813.14,360.94,813.52,360.94
786.64,304.47,782.85,304.77
796.91,308.01,796.66,307.66
800.77,392.31,800.96,392.35
796.99,308.43,796.32,309.57
751.79,382.78,752.09,382.67
776.46,392.53,777.23,391.61
802.74,330.76,802.81,329.70
825.02,365.04,824.92,365.24
787.19,366.49,786.10,367.43
826.38,362.33,825.02,361.75
800.04,337.26,798.17,336.00
784.62,406.21,786.62,406.78
793.33,304.47,792.96,304.15
808.54,376.45,805.30,376.54
819.18,332.35,819.40,332.31
809.76,332.35,809.18,332.37
802.06,393.96,802.24,393.98
784.85,309.23,784.77,309.55
809.15,332.14,809.76,332.35
784.18,308.01,784.13,308.43
786.47,389.17,785.38,388.76
809.70,332.01,809.15,332.14
830.23,405.02,830.18,405.12
778.22,346.29,777.01,347.19
778.89,308.64,783.84,308.32
802.90,396.01,803.08,396.03
793.96,347.19,793.81,348.07
808.65,370.92,803.97,372.63
784.37,307.66,785.05,308.94
786.62,406.78,784.62,406.21
830.23,405.02,830.33,405.07
778.89,308.64,778.81,309.04
803.24,400.54,803.41,400.51
817.87,371.18,807.72,372.76
791.52,308.76,791.57,309.17
803.44,420.72,804.43,421.62
808.99,331.29,808.69,331.68
779.50,410.62,782.76,409.41
797.00,307.91,791.86,309.04
769.65,380.33,769.26,380.34
743.50,370.83,743.65,371.05
791.34,308.40,790.67,309.66
779.25,401.20,778.71,400.63
800.21,341.14,801.42,340.50
792.17,337.31,791.60,340.84
796.28,323.74,796.06,323.62
779.50,410.62,783.01,409.87
830.55,405.55,830.50,405.34
797.00,307.91,797.08,308.32
791.34,308.40,790.87,309.95
782.09,330.65,782.62,328.89
809.91,335.51,809.14,333.31
784.77,309.55,784.85,309.23
785.04,318.84,785.11,319.71
718.79,356.99,718.06,358.41
786.41,440.95,786.77,441.01
790.48,360.95,789.80,360.95
778.57,362.85,775.39,362.85
795.60,324.61,795.80,323.82
812.65,359.55,813.24,360.94
808.30,331.29,808.24,331.68
798.80,414.54,798.41,414.57
745.65,371.11,743.65,371.05
796.50,368.39,797.05,368.41
801.35,405.09,801.55,405.00
827.56,371.45,816.92,373.05
758.16,367.46,762.41,369.15
779.64,309.96,779.87,309.66
780.30,319.47,780.30,320.30
802.33,332.76,802.45,332.70
807.99,331.45,808.04,331.79
800.34,405.37,800.54,405.28
779.64,309.96,779.56,310.29
781.40,332.11,782.05,332.67
801.29,432.77,800.75,433.30
802.19,336.19,806.19,335.79
836.57,373.69,824.17,373.37
787.43,307.09,787.76,306.88
829.40,359.55,829.81,359.55
783.81,307.43,783.37,307.51
775.18,371.68,774.87,371.18
799.74,428.85,800.07,428.90
719.05,370.56,722.28,370.95
793.71,332.37,793.66,332.00
796.32,309.57,796.36,318.84
801.30,324.37,801.00,324.09
750.73,382.58,750.09,378.28
786.03,341.04,785.99,341.68
780.30,310.51,779.56,310.29
830.65,424.77,831.03,423.64
788.18,306.80,783.37,307.51
799.00,357.85,799.17,358.05
786.03,341.04,785.82,341.64
804.64,371.27,804.64,354.46
820.93,367.82,819.54,367.79
786.92,324.16,787.08,324.09
810.21,360.92,809.20,365.91
792.83,307.09,788.00,307.51
807.58,332.70,807.53,332.35
792.83,307.09,792.45,306.88
802.83,331.61,803.26,331.02
824.77,377.92,824.97,378.75
809.87,340.82,791.80,340.89
812.32,354.24,811.41,355.70
792.15,302.30,791.97,302.09
790.43,309.88,788.33,307.73
795.24,309.23,792.83,307.09
785.11,309.52,785.30,309.23
780.38,310.18,785.30,309.23
758.78,369.07,742.45,368.25
795.66,397.94,795.42,395.79
780.38,310.18,780.61,309.88
783.94,367.15,785.59,367.42
830.08,405.73,830.08,406.39
773.75,341.72,773.75,337.26
778.43,337.35,777.52,335.56
809.60,376.80,806.26,376.66
803.14,365.41,803.12,365.32
802.79,440.88,802.79,440.48
776.22,372.03,778.15,370.99
780.30,310.51,785.11,309.52
812.03,354.13,810.56,355.44
780.29,324.44,779.49,324.46
790.61,310.18,790.69,310.51
802.85,328.65,802.64,328.63
782.99,307.73,782.86,307.04
780.06,398.21,779.97,399.70
782.93,324.24,782.93,306.97
782.99,307.73,783.37,307.51
785.12,388.64,787.04,388.82
771.86,354.33,770.87,356.20
776.52,324.64,776.57,324.20
784.08,324.43,784.23,324.37
778.39,400.45,778.51,400.58
772.18,373.47,772.53,372.53
768.43,352.79,768.93,353.11
788.38,302.87,788.40,302.99
783.52,306.93,783.37,307.51
775.86,349.67,731.46,353.47
791.83,361.17,791.56,362.32
830.55,405.98,830.57,405.77
792.48,303.77,792.52,303.57
790.98,321.15,791.57,320.33
780.76,400.18,780.96,399.24
815.33,354.20,814.44,355.66
792.83,307.09,792.45,306.88
792.00,306.80,792.45,306.88
830.25,397.30,831.38,398.27
784.89,343.06,784.57,342.65
783.20,437.16,783.03,436.86
761.99,361.98,761.24,362.14
787.40,306.55,787.70,306.35
829.73,348.62,830.26,350.74
788.33,306.23,792.30,306.23
806.14,342.60,806.66,342.60
798.34,403.87,799.51,404.85
796.82,388.90,795.99,388.82
802.96,354.26,802.52,354.27
797.91,389.42,796.82,388.90
743.18,382.49,743.71,382.53
796.10,397.90,795.85,395.70
788.18,306.80,787.70,306.35
774.31,355.17,776.61,355.14
808.64,346.79,808.87,347.58
768.27,377.92,771.82,378.43
778.70,402.71,778.95,404.49
788.33,307.73,788.00,307.51
776.90,401.89,777.57,402.52
805.66,329.42,805.81,330.53
783.81,307.43,783.52,306.93
803.43,332.04,803.74,331.98
800.22,358.30,800.29,358.71
817.89,343.22,818.43,342.60
753.15,378.46,752.89,377.92
805.44,328.44,805.73,329.47
788.06,307.06,788.00,307.51
745.13,383.29,744.96,383.49
787.59,307.43,788.06,307.06
792.41,303.57,792.20,302.41
788.59,304.52,788.55,304.35
782.04,371.15,783.74,370.45
805.08,327.67,805.51,328.53
787.59,307.43,787.44,306.93
787.67,353.04,787.19,353.53
785.89,326.60,785.76,335.79
820.81,354.24,824.44,354.24
801.33,355.82,800.68,359.56
785.30,309.23,787.43,307.09
803.49,402.16,802.81,401.03
743.80,382.11,744.44,382.26
817.27,379.09,817.27,377.22
785.11,309.52,785.30,309.23
757.36,382.63,757.09,382.20
785.18,368.79,784.87,368.18
778.33,324.66,791.69,324.66
784.77,309.55,785.11,309.52
753.75,383.22,753.50,382.89
815.03,354.08,813.55,355.41
797.24,320.42,796.63,320.41
818.89,340.64,818.89,345.96
780.16,402.17,779.33,401.98
786.93,304.15,787.16,303.90
742.85,382.21,743.39,382.24
795.48,309.52,795.56,309.86
747.72,384.14,747.63,384.40
799.25,395.23,799.70,394.21
778.85,391.79,778.63,393.53
782.51,307.27,782.86,307.04
807.61,386.62,807.44,386.59
795.24,309.23,793.32,306.56
790.68,321.12,790.68,324.44
788.83,304.77,788.59,304.52
717.66,353.89,718.79,356.99
745.39,383.07,745.13,383.29
798.63,360.44,798.82,360.51
754.14,377.42,753.72,377.51
812.48,390.67,808.31,390.35
769.57,363.24,768.55,362.45
800.19,341.90,800.76,340.58
757.36,382.63,757.91,382.51
803.89,378.70,803.33,378.91
780.61,309.88,782.99,307.73
820.32,331.98,820.38,331.61
813.05,355.37,814.62,354.20
786.27,323.80,786.60,323.82
719.76,352.82,717.66,353.89
745.67,382.35,744.44,382.26
816.44,379.31,817.23,379.18
779.64,309.96,779.87,309.66
748.10,373.41,748.27,373.51
809.13,331.46,809.53,331.45
779.22,327.67,778.74,327.87
818.74,331.02,818.31,330.70
792.17,362.82,791.97,353.45
806.62,355.54,806.69,355.53
773.75,337.26,772.01,336.00
799.04,392.46,799.87,391.30
808.86,387.94,811.43,391.98
790.67,309.66,788.36,307.26
750.09,378.28,749.95,377.76
804.90,354.92,808.64,354.87
804.62,355.56,804.51,355.29
784.99,320.41,784.20,319.70
791.72,345.69,791.00,346.82
773.75,337.26,775.51,338.53
808.86,387.94,811.03,391.81
822.32,346.37,808.98,347.57
790.67,309.66,788.33,307.73
793.39,382.67,793.78,382.24
791.97,396.81,794.28,398.22
790.43,309.88,790.61,310.18
778.46,327.83,778.94,327.62
770.62,368.54,770.72,368.93
775.59,343.36,776.29,325.73
787.90,336.79,787.68,337.32
802.40,341.09,802.40,342.99
820.93,367.82,822.43,360.96
814.53,337.82,814.73,337.93
829.91,405.48,829.78,405.50
809.54,332.02,809.38,331.71
754.05,377.90,753.59,382.24
822.45,381.87,822.75,381.27
778.11,393.37,778.72,393.63
787.51,303.57,787.36,302.41
805.37,354.22,805.78,354.33
785.39,323.81,785.70,323.80
783.66,302.88,783.60,303.00
775.41,395.88,776.13,396.48
796.91,308.01,796.74,307.57
782.08,413.64,782.02,413.19
748.97,384.50,748.96,384.23
801.73,393.08,800.81,391.72
783.81,307.43,783.37,307.51
797.61,369.38,798.50,369.38
800.92,335.18,800.53,333.47
799.12,353.11,798.69,353.11
765.96,347.07,768.04,346.58
796.90,442.05,805.44,442.05
826.00,392.84,826.19,393.82
826.78,409.51,825.85,409.05
803.20,340.46,803.24,341.05
798.68,337.26,800.76,333.69
800.00,362.01,800.06,362.48
787.07,302.38,787.14,302.17
770.88,357.77,771.72,358.05
823.15,355.30,822.98,355.60
808.97,353.33,807.94,355.49
826.44,394.26,826.35,394.40
802.00,339.14,802.28,339.03
826.00,392.84,830.09,393.82
798.68,337.26,797.17,332.65
801.37,353.34,801.36,353.24
789.27,344.66,788.34,345.83
787.07,302.38,783.60,302.72
825.28,402.31,825.18,402.63
783.78,319.76,776.87,320.33
780.04,401.76,778.92,409.81
802.35,341.04,802.29,341.78
786.68,427.41,786.76,427.45
777.84,371.95,779.15,369.75
819.18,331.61,819.61,331.02
777.92,398.22,778.07,398.21
783.83,302.64,787.14,302.17
776.84,394.12,777.39,393.47
829.83,403.91,828.46,403.77
797.81,341.34,798.32,342.59
804.74,333.88,804.27,334.08
806.86,344.49,807.91,345.65
788.69,302.94,788.62,302.72
820.24,331.97,820.30,331.61
801.55,350.78,824.28,351.78
746.60,383.77,745.39,383.07
779.87,309.66,782.51,307.27
828.27,352.91,827.58,352.91
753.44,384.44,752.24,384.35
781.93,330.77,782.01,329.66
800.18,340.13,800.36,340.17
791.97,302.09,788.62,302.72
805.73,423.62,805.37,423.32
796.50,338.87,796.50,338.14
792.41,392.04,792.70,390.83
781.52,402.68,781.37,402.55
791.98,398.66,794.28,398.22
791.47,390.37,784.19,390.37
817.03,333.31,817.24,333.39
791.36,392.12,791.98,390.88
784.91,389.69,791.47,390.37
719.93,364.15,724.83,364.21
789.74,394.91,798.65,394.44
746.08,382.41,744.90,382.34
789.92,398.81,790.10,396.95
751.97,377.96,752.09,377.81
805.08,333.48,804.63,334.02
775.12,337.26,776.54,341.90
791.90,332.27,791.57,331.94
799.62,393.99,800.70,392.62
786.47,389.17,792.99,389.29
801.39,394.16,800.70,392.62
793.80,389.17,792.99,389.29
788.25,304.42,783.20,304.64
817.21,330.41,791.90,332.27
793.80,389.17,786.47,389.17
816.86,330.05,817.21,330.41
797.77,409.97,804.95,404.50
787.27,389.35,793.80,389.17
767.68,354.49,766.95,356.25
802.77,395.34,802.28,394.25
797.36,320.45,791.86,324.45
788.83,304.77,788.59,304.52
750.40,383.88,749.14,382.90
822.15,349.48,838.70,349.05
817.96,335.57,815.04,338.18
800.10,340.64,799.71,345.93
744.60,377.42,743.74,377.37
788.55,304.17,788.69,302.94
782.94,392.49,782.00,393.56
793.24,332.59,793.79,332.70
797.52,392.83,796.88,391.58
754.81,384.63,756.07,385.02
805.88,330.54,806.39,331.31
750.40,383.88,749.20,383.80
801.37,372.39,799.06,370.20
825.00,402.59,824.58,403.77
826.20,397.47,826.08,396.83
803.94,327.04,804.44,327.18
801.68,395.08,801.39,394.16
804.79,333.40,805.29,333.31
790.66,394.30,797.52,392.83
777.24,403.87,777.79,404.85
814.07,340.16,821.58,340.16
784.89,388.90,785.39,389.42
805.81,329.52,806.44,330.57
787.21,303.74,787.21,303.57
757.04,385.10,756.94,385.34
824.40,390.80,827.41,391.13
803.03,342.27,802.82,342.73
817.58,340.46,816.98,340.46
785.05,341.09,785.05,339.19
746.46,383.60,746.46,383.38
792.04,395.06,793.87,394.71
783.28,304.17,787.21,303.74
786.77,389.31,785.95,388.82
805.60,328.61,806.39,329.84
777.80,361.37,777.66,361.71
785.05,341.09,784.80,339.29
806.33,364.27,829.77,361.85
783.28,304.17,783.23,304.35
780.58,331.94,780.25,332.27
788.55,304.35,788.59,304.52
821.86,359.55,822.29,360.98
822.64,359.55,822.72,360.96
780.83,396.15,780.41,394.23
791.57,321.16,791.57,320.33
799.87,394.91,789.74,394.91
790.98,321.15,790.98,320.32
804.77,330.41,805.13,330.05
801.55,403.03,799.87,394.91
792.52,303.57,788.55,304.17
746.47,382.29,746.08,382.41
788.24,406.31,786.94,405.53
809.15,332.59,809.55,333.01
793.81,348.07,793.34,348.05
750.58,383.67,749.39,382.73
793.83,446.48,795.49,446.33
791.53,342.18,791.10,342.36
791.87,332.59,791.66,332.70
755.12,382.34,754.55,382.45
803.42,394.29,803.36,394.23
797.36,320.45,798.69,323.81
751.09,382.39,750.49,378.25
807.72,347.55,807.70,347.73
769.11,376.29,768.51,376.39
757.89,377.61,758.01,377.77
785.14,341.14,784.33,340.50
744.05,380.65,745.05,381.65
791.24,408.10,781.92,410.98
779.23,395.06,779.85,393.46
780.50,347.84,780.28,348.69
830.43,406.33,830.50,406.18
782.85,304.77,783.13,304.52
791.60,308.28,789.10,305.10
824.10,352.76,827.59,352.77
775.60,371.27,775.37,370.33
754.14,377.42,755.08,377.47
779.11,394.79,779.55,394.65
825.67,401.08,825.28,402.31
830.79,355.49,831.06,353.92
744.90,382.34,746.08,382.41
830.33,405.37,830.43,405.18
821.41,379.45,822.44,379.34
779.14,308.29,783.91,307.91
783.83,302.64,783.60,302.72
792.39,333.21,791.67,333.02
797.16,319.70,797.05,319.70
774.26,355.54,774.26,360.72
830.33,405.07,830.23,405.02
779.93,352.04,779.04,352.68
810.74,335.07,810.88,334.55
811.43,376.70,811.15,377.32
796.20,323.48,796.45,323.61
791.94,332.33,791.45,332.36
794.17,330.57,792.91,331.25
799.31,395.16,799.77,394.12
782.50,305.26,782.91,304.89
744.34,377.47,743.12,377.21
829.90,405.18,829.98,405.10
796.74,307.57,791.60,308.28
744.34,377.47,744.09,377.26
799.87,391.30,799.75,390.59
822.44,379.34,821.41,379.45
796.74,307.57,791.79,308.63
788.36,307.26,788.06,307.06
746.46,383.60,747.77,384.35
791.97,302.09,783.83,302.64
766.16,371.12,766.29,371.04
804.67,360.92,806.69,360.92
787.76,306.88,783.37,307.51
823.04,359.55,823.12,360.96
787.49,302.25,787.38,302.29
746.64,382.54,746.39,382.71
787.35,302.09,787.14,302.17
801.54,355.55,802.92,354.37
792.45,306.88,788.00,307.51
792.04,302.25,787.49,302.25
830.33,406.14,830.55,405.98
821.46,377.22,821.14,376.98
791.97,302.09,787.35,302.09
825.90,378.29,823.51,378.29
775.86,342.76,776.54,341.90
784.91,389.69,784.19,390.37
779.23,395.06,780.52,395.19
791.97,302.09,792.04,302.25
783.52,391.32,782.52,392.12
800.98,395.86,801.04,395.84
777.70,373.80,778.35,372.27
808.65,372.64,809.17,372.64
776.16,340.19,776.47,338.73
767.26,363.62,767.68,365.51
789.11,341.38,787.96,341.35
777.14,391.71,778.10,391.32
802.85,328.65,803.37,327.95
783.49,302.94,783.60,302.72
803.16,341.68,803.08,342.17
794.25,421.60,787.61,424.27
791.57,321.16,791.86,320.32
806.24,329.18,806.39,329.92
752.86,377.92,751.76,377.86
783.66,302.88,783.60,302.72
747.23,377.77,747.49,377.72
830.26,406.28,830.50,406.18
808.54,374.02,808.54,376.45
783.76,302.83,783.66,302.88
796.48,400.13,797.34,402.17
787.59,307.43,783.81,307.43
829.91,405.91,829.77,405.70
788.41,302.64,783.83,302.64
778.92,409.81,780.77,409.98
798.82,359.15,799.30,359.95
784.62,406.21,786.94,405.53
818.42,335.43,818.43,342.60
754.76,383.68,756.01,382.71
829.91,405.91,829.89,405.69
788.41,302.64,783.76,302.83
808.54,346.82,808.87,347.58
791.09,409.98,793.44,409.81
817.02,340.02,825.13,341.36
775.85,393.99,776.46,392.53
788.27,302.83,783.76,302.83
785.04,318.84,780.30,319.47
746.10,377.56,746.41,377.51
830.18,406.37,830.43,406.33
808.73,378.94,808.54,379.17
793.18,382.54,793.58,382.42
788.27,302.83,788.62,302.72
786.48,353.76,787.31,355.75
824.18,352.97,824.43,352.97
761.03,360.00,763.75,360.00
782.75,327.81,782.97,327.28
792.20,302.41,792.15,302.30
769.18,378.88,769.33,379.63
775.57,372.15,775.65,371.53
791.92,352.44,792.74,350.99
806.19,335.79,806.19,335.94
759.44,376.02,759.66,375.70
776.89,324.61,777.21,324.13
798.68,337.26,798.68,331.43
817.81,340.69,816.98,343.58
746.26,384.24,747.52,384.63
790.43,309.88,795.24,309.23
818.63,335.33,818.62,342.60
775.91,401.89,776.54,403.43
787.51,303.57,787.51,303.78
751.31,378.34,751.79,382.78
801.11,395.51,801.85,396.81
792.18,353.45,793.15,360.77
746.26,384.24,746.98,384.59
798.11,395.84,798.51,393.99
790.43,309.88,795.48,309.52
787.51,303.57,787.21,303.74
747.82,383.48,749.10,384.21
775.35,397.91,775.47,395.84
831.80,353.96,831.38,353.96
787.21,303.57,787.21,303.74
747.82,383.48,748.96,384.44
787.21,303.57,787.07,302.38
747.82,383.48,747.64,383.68
748.20,382.20,746.90,382.11
800.00,391.16,798.80,390.20
792.00,306.80,792.30,306.23
792.77,340.51,792.45,340.64
800.15,423.28,799.63,422.54
775.30,367.43,776.22,368.79
805.44,332.66,805.17,333.36
747.35,378.14,747.60,378.09
802.33,330.77,802.41,329.65
779.14,409.97,777.30,408.58
783.13,304.52,783.23,304.35
791.80,340.90,791.84,341.01
789.49,364.48,788.88,364.17
824.64,405.73,824.83,406.28
807.54,389.59,807.61,389.48
795.99,324.57,795.94,324.13
783.20,304.64,783.33,304.42
792.34,440.40,794.82,439.60
817.50,333.88,816.27,342.72
814.94,354.20,814.44,355.66
788.25,304.21,788.25,304.42
778.51,394.58,776.97,394.21
788.25,304.21,788.55,304.35
815.33,354.20,814.94,354.20
788.55,304.17,788.55,304.35
785.70,323.80,786.27,323.80
788.55,304.17,788.69,302.94
745.82,377.34,746.10,377.56
788.55,304.17,788.40,302.99
747.07,377.61,747.23,377.77
787.44,369.81,787.46,369.76
827.33,412.76,831.48,418.34
825.19,364.67,825.02,365.04
802.00,343.06,801.90,342.65
811.39,339.86,817.35,343.82
753.52,384.27,754.66,384.64
814.35,383.61,811.34,383.43
801.68,353.10,801.37,353.34
792.48,303.77,792.41,303.57
774.04,380.06,774.19,380.43
784.83,413.15,784.54,412.65
803.73,355.79,800.68,359.56
785.05,308.94,787.43,307.09
784.58,330.54,784.51,331.57
810.50,341.00,810.50,346.23
781.19,351.94,781.41,352.31
792.58,303.74,792.52,303.57
824.73,406.21,824.65,406.38
778.26,341.53,778.30,341.40
805.74,330.53,805.66,331.64
792.68,303.90,792.58,303.74
778.91,319.51,778.91,320.33
807.67,366.85,806.23,367.20
831.38,398.27,831.01,400.32
804.72,331.95,804.58,331.37
768.07,356.24,768.23,356.26
778.32,341.54,778.30,341.40
825.18,402.05,829.05,402.14
805.55,330.53,805.66,331.64
792.62,303.99,792.58,303.74
797.77,355.65,821.12,355.39
805.55,330.53,805.48,331.65
772.72,352.83,772.56,352.83
792.62,303.99,792.48,303.77
787.90,353.11,788.86,354.67
807.24,364.15,806.18,363.93
776.59,371.99,778.49,372.14
804.79,439.78,804.39,439.83
791.68,361.90,791.23,363.76
819.02,368.57,818.35,366.48
791.96,327.87,791.48,327.67
781.50,370.14,780.55,370.22
815.85,384.73,816.03,384.60
795.47,321.87,800.46,321.23
789.88,329.84,789.66,330.67
826.08,402.07,826.14,401.46
824.38,339.53,832.03,339.53
781.04,400.69,780.03,399.67
778.70,327.40,791.69,324.66
785.04,309.86,785.11,309.52
748.41,382.53,747.11,382.45
782.91,304.89,783.13,304.52
777.63,396.17,777.92,398.22
802.29,340.29,803.20,341.04
827.81,401.45,827.70,402.07
803.37,327.95,803.79,327.42
758.15,358.25,756.58,360.00
815.57,343.32,815.40,343.32
824.23,373.13,824.43,372.99
796.12,341.01,795.74,339.31
792.21,389.69,791.47,390.37
790.43,309.88,792.83,307.09
780.41,394.23,779.77,392.69
828.09,397.26,827.70,396.83
802.62,331.87,802.54,330.77
811.97,381.99,812.40,382.16
751.34,377.84,751.76,377.86
802.14,339.63,803.16,340.41
751.79,382.78,750.56,382.70
777.23,391.61,778.10,391.32
807.78,332.59,807.75,332.37
773.13,360.00,773.82,358.80
780.94,418.81,781.05,418.06
800.80,329.16,800.49,334.39
786.93,304.15,787.43,303.99
775.25,370.42,773.76,370.42
816.86,330.05,791.90,332.27
788.28,391.15,786.37,391.30
823.84,352.84,821.53,353.99
793.33,304.47,792.96,304.15
814.55,354.09,814.98,354.20
785.31,320.46,786.60,323.82
779.06,402.09,778.18,402.80
792.90,304.23,792.62,303.99
775.53,362.51,775.39,362.85
771.87,378.11,771.82,378.43
782.89,426.43,783.18,426.94
777.21,325.02,777.07,325.35
788.36,307.26,788.00,307.51
805.08,353.17,811.56,354.13
796.00,308.93,793.32,306.56
748.07,383.26,749.30,383.97
816.48,379.22,816.41,379.46
792.90,304.23,792.68,303.90
744.23,381.94,745.67,382.35
801.68,372.63,801.36,372.50
824.07,382.42,824.46,382.02
779.22,308.41,782.50,305.26
744.23,381.94,745.46,382.02
780.30,310.51,779.64,309.96
777.81,397.97,776.19,397.96
800.07,360.44,807.33,361.71
725.18,350.51,724.42,352.82
801.65,372.50,801.68,372.63
822.07,382.24,822.45,381.87
779.14,308.29,782.49,305.10
776.30,399.42,777.81,397.97
778.89,308.64,778.81,309.04
800.07,355.18,802.45,355.18
776.30,399.42,777.90,399.29
778.89,308.64,778.90,309.18
769.27,378.25,768.35,376.99
785.56,323.87,784.07,320.03
712.60,356.91,714.91,357.67
750.48,384.31,749.38,383.35
812.19,381.91,811.79,381.75
778.98,308.77,779.22,308.41
712.60,356.91,715.99,355.56
750.48,384.31,749.20,383.58
778.13,395.50,778.51,394.58
803.80,372.50,804.82,370.64
784.10,307.57,783.91,307.91
785.39,323.81,784.10,320.45
829.93,399.43,829.77,399.40
711.87,363.38,713.62,366.19
781.37,329.46,781.40,329.32
775.79,394.05,776.38,392.62
780.30,321.12,780.30,320.30
784.33,442.10,784.04,441.58
751.73,384.70,751.80,384.95
756.17,384.17,756.30,384.41
795.94,324.13,795.80,323.82
783.20,304.64,783.52,306.93
805.29,330.39,805.29,333.31
779.64,392.78,779.20,394.25
821.14,379.77,821.09,379.67
791.34,308.40,791.79,308.63
750.48,384.31,749.20,383.58
791.60,308.28,791.79,308.63
805.83,354.22,804.39,355.52
778.92,324.46,778.80,324.45
779.74,347.90,780.55,349.78
750.48,384.31,749.20,383.80
821.46,379.56,821.41,379.45
791.60,308.28,789.10,305.10
821.46,379.56,821.14,379.77
781.95,376.07,781.58,376.50
791.60,308.28,788.89,305.26
803.20,341.04,803.20,341.64
753.50,382.89,753.65,382.78
804.72,327.47,805.14,327.91
781.95,376.07,781.88,376.70
791.60,308.28,791.34,308.40
796.66,307.66,793.33,304.60
829.78,399.36,829.77,399.40
804.40,327.35,804.86,327.47
796.66,307.66,793.33,304.47
780.25,332.27,780.44,332.28
775.41,395.88,776.41,395.16
796.91,308.01,796.66,307.66
824.48,355.55,824.98,354.06
791.57,321.16,791.86,321.15
801.68,372.63,803.97,372.63
797.00,307.91,797.08,308.32
749.79,383.57,748.60,383.94
778.51,400.58,778.17,398.19
802.82,339.39,803.08,339.93
777.81,397.97,777.89,396.67
801.68,372.63,803.80,372.50
796.91,308.01,796.99,308.43
827.70,402.07,828.09,401.60
803.08,328.80,803.40,328.05
777.40,337.41,777.31,335.51
797.00,307.91,796.91,308.01
751.73,384.70,752.68,384.78
797.36,320.45,797.24,320.42
748.85,377.71,749.16,377.66
781.89,328.42,782.20,328.27
799.65,346.50,799.47,346.89
751.47,383.45,750.17,384.20
802.00,339.14,802.40,339.19
825.80,402.35,827.41,402.35
802.80,330.76,802.87,329.74
810.57,338.89,810.62,338.52
768.45,368.25,767.91,368.25
803.44,334.11,803.94,334.26
778.85,391.79,779.20,394.25
784.37,307.66,784.18,308.01
830.85,355.48,829.40,359.55
786.81,369.85,788.29,368.55
787.20,324.41,786.92,324.16
778.39,394.71,779.16,393.16
803.64,334.09,803.94,334.26
784.37,307.66,783.91,307.91
791.43,339.25,791.30,337.41
804.44,334.05,803.94,334.26
779.17,350.29,779.60,349.85
758.30,363.49,757.75,360.00
794.17,335.51,793.23,333.31
799.67,340.86,798.21,340.94
782.05,393.96,781.92,392.31
803.00,331.77,802.93,330.76
808.25,381.44,809.19,381.52
804.44,334.05,804.14,334.23
804.63,334.02,804.14,334.23
772.50,350.15,771.05,351.39
801.54,339.92,801.90,339.57
752.30,382.93,752.05,383.10
803.08,332.67,802.87,331.77
804.63,334.02,804.44,334.05
800.99,368.10,800.51,365.78
825.18,402.63,825.07,402.56
804.89,333.50,804.44,334.05
805.08,333.48,804.63,334.02
801.42,340.50,801.71,340.00
752.09,382.67,752.58,382.49
827.95,397.10,827.41,396.50
803.40,333.38,803.08,332.67
778.85,391.79,779.64,392.78
805.08,333.48,804.89,333.50
759.73,377.71,759.96,377.49
825.94,399.36,826.05,399.37
783.16,329.84,783.21,330.57
804.95,404.50,803.25,400.61
805.48,330.65,805.78,328.61
781.78,422.82,782.58,422.54
803.29,416.36,803.24,416.80
778.47,397.97,778.11,395.72
781.67,350.91,780.71,350.84
805.24,332.68,805.08,333.48
805.07,422.97,804.06,423.70
778.57,337.31,778.57,341.44
818.74,359.56,819.16,360.97
809.55,331.70,809.04,331.94
782.80,389.10,781.83,389.81
803.53,333.38,803.40,333.38
805.48,331.65,805.24,332.68
803.53,333.38,803.81,333.82
778.15,397.99,778.21,396.94
804.90,370.82,803.80,372.50
805.48,331.65,805.44,332.66
791.92,352.44,791.20,354.02
808.89,331.79,809.55,331.70
750.37,377.87,749.05,377.80
793.18,376.66,793.58,376.82
806.24,331.98,806.25,331.84
801.55,403.03,803.44,403.20
769.69,379.68,770.68,379.68
784.48,393.08,782.26,393.91
788.36,307.26,788.06,307.06
805.66,331.64,805.48,331.65
750.49,378.25,750.37,377.87
749.05,378.17,750.49,378.25
801.54,342.33,801.59,341.71
777.14,391.71,777.99,391.43
805.74,330.53,805.55,330.53
804.86,333.76,805.38,333.02
805.48,329.41,805.55,330.53
812.65,359.55,813.20,360.93
808.46,331.65,808.99,331.29
819.54,367.79,821.44,368.53
788.25,304.42,783.33,304.42
783.71,389.14,783.86,389.72
805.27,333.26,805.70,332.88
805.24,328.42,805.48,329.41
805.24,328.42,805.66,329.42
808.24,331.68,808.64,331.24
750.11,377.93,749.95,377.77
805.44,328.44,805.66,329.42
825.33,394.77,824.90,393.79
806.24,331.98,806.00,332.53
799.06,355.53,799.00,355.87
805.44,328.44,805.24,328.42
801.27,444.58,805.39,442.19
779.22,308.41,779.87,309.66
760.97,370.27,762.41,369.15
795.80,323.82,795.60,323.72
798.68,337.26,800.19,341.90
819.80,355.62,819.09,359.54
812.44,340.13,819.86,340.12
785.12,388.64,784.40,388.69
805.60,332.50,806.00,332.53
779.65,395.34,779.20,394.25
804.89,327.65,805.24,328.42
805.81,331.57,806.24,331.98
775.79,394.05,776.38,392.62
770.01,382.08,769.41,381.52
804.44,327.18,804.89,327.65
757.64,384.27,756.50,384.64
778.20,366.64,775.70,369.15
820.68,334.85,819.18,332.81
775.79,394.05,776.84,394.12
804.44,327.18,805.08,327.67
779.06,404.59,779.72,403.60
804.86,333.76,804.72,333.76
805.02,389.37,798.84,388.90
788.33,304.64,788.25,304.42
807.89,331.94,807.99,331.45
749.20,383.80,750.52,384.55
776.41,395.16,776.84,394.12
804.63,327.20,805.08,327.67
789.43,362.84,789.76,361.44
775.53,362.51,778.71,362.51
776.57,324.20,776.70,323.86
772.02,378.69,772.21,379.17
753.32,384.09,754.66,384.85
777.24,403.87,777.98,404.93
826.32,397.71,826.19,397.73
805.81,329.52,805.88,330.54
794.06,396.41,793.87,394.71
778.91,321.16,778.91,320.33
781.63,371.95,781.50,370.14
803.64,327.28,804.14,327.07
769.24,378.95,769.38,379.66
753.51,383.88,753.32,384.09
777.05,397.91,777.57,395.72
806.24,329.18,806.39,329.84
812.31,359.56,812.72,360.96
807.53,332.35,807.75,332.37
795.32,420.72,803.44,420.72
785.05,341.09,784.57,339.57
776.87,397.90,777.38,395.70
805.60,328.61,805.81,329.52
828.90,402.56,829.05,402.70
783.42,371.58,785.18,370.85
802.99,327.81,803.64,327.28
782.49,333.38,782.19,332.67
752.30,382.93,752.80,382.83
771.93,362.74,771.93,362.82
788.40,357.85,790.82,355.71
768.65,379.10,772.25,379.30
797.48,343.18,796.72,342.34
763.33,383.03,763.50,382.78
806.00,328.68,806.24,329.18
819.12,341.23,817.51,341.30
802.40,341.09,802.89,339.52
790.10,350.37,789.51,350.79
780.83,398.26,780.68,396.18
802.40,343.63,805.52,343.51
802.85,328.65,803.20,327.83
798.08,396.94,798.28,396.00
802.40,341.09,802.66,339.26
754.01,382.59,752.58,382.49
776.78,400.13,777.05,397.91
805.70,328.36,806.00,328.68
807.74,333.01,807.89,332.79
804.86,327.47,806.00,328.68
793.46,410.98,795.46,410.62
829.05,402.14,829.11,402.31
802.41,329.65,802.64,328.63
829.05,402.14,829.17,402.31
802.41,329.65,802.85,328.65
809.67,359.55,810.21,360.92
808.04,332.94,807.74,333.01
792.58,303.74,788.55,304.35
750.42,384.33,752.64,384.50
753.82,383.03,754.22,382.93
775.59,321.87,776.06,323.65
805.38,328.27,805.70,328.36
792.52,303.57,792.58,303.74
804.40,327.35,804.86,327.47
808.24,333.05,808.46,332.37
753.75,384.95,753.64,384.70
771.45,359.05,771.61,359.05
798.82,359.15,799.39,359.57
802.33,330.77,802.62,329.66
780.06,386.28,779.06,386.37
785.86,403.71,786.94,405.53
792.18,372.19,793.15,364.87
814.23,353.01,812.03,354.13
803.94,327.55,805.38,328.27
801.13,400.63,801.35,400.38
801.68,353.10,803.97,353.10
833.84,382.25,824.90,393.79
803.05,415.60,802.49,415.11
788.86,362.49,788.27,363.49
792.69,389.90,790.91,390.88
816.86,330.05,817.02,330.39
756.38,384.98,755.04,384.21
801.68,353.10,807.72,353.04
793.58,382.42,795.63,381.87
753.01,385.04,753.13,384.80
751.73,384.64,751.87,384.41
825.56,400.96,825.50,400.99
827.21,339.49,826.81,340.88
802.85,332.84,802.64,332.86
750.40,383.88,751.73,384.64
813.74,384.95,814.51,386.53
802.99,333.63,802.64,332.86
778.32,332.26,778.37,332.23
824.04,355.56,824.58,354.06
771.40,359.15,771.40,360.51
815.57,343.32,804.40,343.32
810.45,382.33,810.72,383.18
778.94,405.58,779.78,405.09
801.28,338.68,802.28,339.03
749.39,382.73,749.86,382.63
778.63,393.53,778.85,391.79
783.49,302.94,783.60,302.72
803.20,333.61,803.44,334.11
827.95,397.10,826.43,396.64
803.00,329.74,803.21,328.80
825.56,400.96,829.39,400.99
803.64,334.09,803.44,334.11
755.02,384.38,753.78,383.66
804.31,330.73,804.37,329.99
803.20,333.61,803.64,334.09
785.93,353.48,787.19,353.53
805.48,330.65,804.54,330.72
803.81,333.82,804.27,334.08
787.01,363.13,787.58,363.13
788.80,390.57,788.05,389.82
753.44,384.44,753.55,383.60
783.44,334.23,783.64,334.26
794.53,393.57,778.31,391.08
803.81,333.82,804.27,333.95
753.51,383.88,754.81,384.63
783.71,389.14,783.60,388.85
825.11,396.30,824.99,396.19
804.37,331.46,804.31,330.73
804.27,333.95,804.27,334.08
782.19,328.80,782.14,328.73
778.89,308.64,783.91,307.91
750.23,378.30,750.49,378.25
804.72,333.76,804.27,333.95
804.27,427.45,806.07,441.46
778.02,370.93,778.15,370.99
806.14,342.60,806.14,335.33
750.40,383.88,749.14,382.90
790.94,403.03,788.53,403.20
803.21,332.67,804.37,331.46
792.19,393.46,793.71,393.16
779.14,308.29,778.89,308.64
778.08,402.90,778.70,402.71
805.17,333.36,804.74,333.88
806.66,342.60,818.43,342.60
804.54,360.71,802.67,360.77
749.14,382.90,749.23,382.48
776.55,395.23,776.84,394.12
811.17,340.31,818.63,340.31
789.49,393.99,787.24,394.16
804.75,332.61,804.52,332.11
756.33,384.74,755.20,383.76
803.53,333.38,803.21,332.67
750.23,378.30,750.09,378.28
805.46,332.50,805.14,333.26
803.53,359.56,804.09,360.92
804.80,389.54,798.84,388.90
818.43,342.60,818.62,342.60
796.72,332.37,792.54,332.26
749.65,382.30,749.05,378.17
803.94,333.82,805.05,332.93
806.76,355.31,806.42,355.15
800.35,340.39,799.85,340.26
799.41,343.33,799.44,343.18
778.11,393.37,780.10,394.06
822.34,388.09,825.34,388.48
803.94,333.82,804.75,332.61
777.07,340.58,777.56,340.79
785.34,341.60,792.31,341.60
805.20,349.68,803.85,348.85
786.93,304.15,787.16,303.90
770.55,373.09,775.45,373.70
756.30,384.41,755.04,384.53
825.80,402.35,826.08,402.07
804.05,435.77,803.35,436.55
782.09,330.65,782.09,328.53
776.90,401.89,777.46,402.62
805.81,330.53,805.73,331.60
795.96,323.65,796.06,323.62
776.39,373.57,778.48,373.07
742.30,381.46,745.05,381.65
820.91,355.59,821.33,355.59
807.34,332.73,807.51,333.05
776.90,401.89,777.23,404.35
752.07,384.17,750.84,383.46
753.78,383.66,755.02,384.38
806.04,332.33,805.78,332.65
795.21,371.85,795.46,372.06
776.46,403.34,775.84,401.83
806.00,332.53,805.78,332.65
751.87,384.41,752.07,384.17
805.73,329.47,805.81,330.53
829.81,359.55,829.49,360.98
788.41,302.64,783.83,302.64
746.08,382.41,745.62,378.04
801.36,353.24,799.06,355.53
805.67,329.52,805.75,330.54
826.38,393.83,826.39,393.88
783.78,324.14,784.23,324.37
807.68,383.94,806.60,384.27
795.60,324.61,795.60,325.49
800.32,395.98,800.47,396.17
725.95,355.85,724.53,355.12
824.83,405.77,824.81,405.55
782.01,329.66,782.14,328.73
796.07,379.55,793.14,379.68
819.18,331.61,818.95,330.91
756.45,384.48,755.20,383.76
825.31,402.40,825.19,402.51
806.25,331.84,806.04,332.33
790.73,394.56,790.66,394.30
793.21,345.00,793.94,346.19
791.97,302.09,788.41,302.64
788.53,403.20,790.94,403.03
806.24,331.98,806.04,332.33
771.91,368.41,770.72,368.93
776.52,325.56,776.29,325.73
825.80,402.35,825.31,402.40
806.24,331.98,806.00,332.53
789.29,441.73,797.77,441.73
766.83,361.83,767.26,363.62
803.21,359.57,803.59,360.93
805.05,333.88,803.86,342.72
787.14,302.17,787.38,302.29
775.29,397.91,775.41,395.88
777.15,397.34,777.52,397.00
803.53,328.05,804.75,328.78
811.41,355.70,810.10,359.57
782.75,333.63,782.22,332.84
775.29,397.91,776.13,396.48
748.48,384.71,747.95,384.67
825.19,402.51,825.31,402.40
806.44,330.58,806.39,331.24
798.84,418.83,798.00,418.81
805.14,327.91,805.17,327.80
764.66,350.35,763.27,351.98
790.94,403.03,789.74,394.91
787.35,302.09,787.49,302.25
806.44,330.57,806.39,331.24
776.16,399.44,776.45,400.80
803.90,331.26,803.38,331.31
792.04,302.25,787.35,302.09
748.58,384.48,748.48,384.71
791.73,346.27,791.81,346.92
818.58,340.13,800.36,340.17
830.07,397.17,830.20,397.32
827.41,402.35,827.95,401.73
806.39,329.84,806.44,330.57
776.00,348.49,776.25,351.23
804.27,327.22,804.72,327.47
808.73,376.68,806.26,376.66
804.05,360.91,803.12,365.32
826.04,392.76,826.00,392.84
802.82,342.73,802.89,342.60
807.61,389.48,808.33,390.21
805.47,440.91,805.44,442.05
816.82,340.17,800.36,340.17
751.76,377.86,751.52,377.64
794.32,341.12,792.89,341.21
783.19,404.50,786.94,405.53
806.24,329.18,806.39,329.84
801.32,418.08,800.98,417.67
803.79,327.42,804.27,327.35
821.40,372.91,818.02,372.91
795.74,335.51,796.12,333.77
806.64,343.22,806.64,343.22
749.87,384.30,748.62,384.21
806.04,328.89,806.25,329.34
778.63,393.53,778.11,393.37
825.81,339.96,826.14,339.95
821.37,371.64,821.40,372.91
777.18,337.42,777.31,335.51
800.68,359.56,801.24,360.91
806.14,342.60,806.64,343.22
800.04,341.72,800.04,337.26
777.51,393.57,778.01,393.27
805.60,332.50,805.46,332.50
773.18,333.98,773.98,332.37
744.23,381.94,744.44,382.26
786.50,367.98,785.18,368.79
824.94,405.56,824.89,405.37
800.04,341.72,799.43,341.53
775.12,337.26,775.86,342.76
749.91,384.58,749.87,384.30
830.21,397.76,830.25,397.30
805.78,328.61,806.04,328.89
788.62,302.72,788.38,302.87
805.70,328.36,806.04,328.89
805.70,328.36,806.00,328.68
750.01,384.83,749.91,384.58
811.82,329.84,822.11,329.93
805.48,328.53,805.78,328.61
794.92,380.49,795.20,380.73
743.55,373.58,746.31,373.70
826.02,378.16,826.13,379.71
802.25,427.24,801.98,427.68
796.13,354.33,826.96,355.65
760.47,360.00,760.64,362.15
803.26,354.37,802.89,354.38
782.27,366.17,787.31,364.25
805.38,328.27,805.70,328.36
799.54,372.10,800.22,370.03
781.67,344.02,780.22,345.00
792.20,302.17,792.15,302.30
779.72,395.40,779.28,394.33
826.43,396.64,825.78,396.02
805.05,328.42,805.38,328.27
753.52,384.27,752.28,383.56
779.65,395.34,779.20,394.25
827.70,396.83,826.08,396.83
802.80,330.76,802.87,329.74
779.63,369.55,779.77,369.61
826.46,396.65,826.43,396.64
804.93,328.98,805.19,328.65
802.80,330.76,802.74,330.76
818.62,342.60,817.89,343.22
772.20,346.66,774.26,347.15
779.14,409.97,784.62,406.21
787.38,302.29,787.14,302.17
778.42,398.66,780.05,398.81
804.75,328.78,805.19,328.65
804.75,328.78,805.05,328.42
802.81,331.82,802.80,330.76
780.00,400.73,780.04,401.76
824.10,391.66,824.40,390.80
804.52,329.32,804.93,328.98
829.98,406.34,830.08,406.39
788.38,302.87,788.62,302.72
784.31,332.50,784.00,333.26
806.21,376.71,805.25,376.59
784.39,320.42,783.91,319.70
805.42,443.89,808.00,439.33
792.55,332.37,792.55,331.65
801.98,421.99,801.84,422.74
715.99,364.43,717.66,366.10
784.31,332.50,784.44,332.50
807.96,438.68,808.45,439.21
788.97,441.39,792.34,440.40
799.31,357.77,798.63,357.86
792.55,332.37,792.78,331.68
781.13,390.67,781.00,390.42
824.10,391.66,823.33,389.58
804.52,329.32,804.75,328.78
750.56,382.70,750.73,382.58
797.77,441.73,797.05,439.10
775.33,352.59,774.24,353.53
752.64,384.50,751.33,384.41
785.39,389.42,783.86,389.72
805.39,344.31,794.58,344.74
804.58,330.06,804.72,329.46
816.27,342.72,815.57,343.32
778.27,401.60,778.26,400.57
804.37,329.99,804.72,329.46
795.53,341.07,795.02,342.35
756.75,357.89,757.24,355.80
752.68,384.78,752.64,384.50
785.95,388.82,784.40,388.69
825.67,400.43,825.70,400.51
803.79,333.95,803.37,333.49
828.49,348.66,829.59,350.99
774.93,352.04,773.75,353.04
803.81,333.82,803.79,333.95
777.67,335.53,778.57,337.31
796.54,378.22,796.86,377.86
744.87,377.84,744.87,382.15
779.59,395.51,779.89,396.24
804.27,334.08,804.74,333.88
744.87,377.84,741.74,374.95
804.27,334.08,804.63,334.02
823.04,359.55,822.72,360.96
787.49,302.25,787.14,302.17
776.05,397.96,776.13,396.48
805.14,327.91,805.46,328.61
774.80,373.77,779.80,373.70
781.20,330.72,781.25,330.06
781.58,381.52,781.95,381.99
808.46,332.37,808.69,331.68
722.94,354.87,727.89,354.79
804.14,334.23,804.63,334.02
771.72,360.25,771.85,359.95
804.52,332.11,804.58,331.37
759.83,369.08,759.06,369.20
771.40,359.15,771.72,360.25
832.01,407.43,830.58,406.21
792.45,306.88,792.97,306.34
753.99,385.12,752.78,385.03
788.28,391.15,787.55,390.09
770.40,359.05,771.45,359.05
779.25,402.07,779.76,400.97
804.63,334.02,804.74,333.88
787.44,306.93,788.06,307.06
797.36,320.45,797.05,319.70
751.64,378.01,751.97,377.96
821.09,368.62,819.13,368.48
794.17,330.57,793.23,331.42
790.12,336.33,795.67,338.03
792.95,340.79,792.45,340.64
829.83,403.91,830.76,404.27
805.51,332.58,805.17,333.36
813.46,359.56,813.14,360.94
799.36,342.41,800.06,342.13
778.70,402.71,779.33,401.98
801.44,353.46,799.54,353.49
805.08,333.48,805.17,333.36
751.76,377.86,751.64,378.01
788.31,386.91,787.15,389.46
801.65,372.50,801.37,372.39
805.44,332.66,805.08,333.48
783.12,433.25,783.48,433.30
732.70,363.38,732.17,363.26
784.31,332.50,782.79,332.53
830.40,405.01,830.29,404.96
783.23,304.35,783.33,304.42
818.19,385.23,819.70,386.87
805.73,331.60,805.51,332.58
787.70,306.35,787.76,306.88
795.78,324.08,795.47,321.87
802.67,360.77,802.67,355.33
798.68,337.26,796.25,339.19
814.78,354.33,814.75,353.07
802.24,336.04,802.19,336.19
805.66,331.64,805.44,332.66
778.80,324.45,785.39,323.81
799.08,401.32,800.31,401.32
801.35,400.38,801.60,400.00
805.05,332.93,804.40,333.95
786.82,392.62,784.48,393.08
811.23,355.53,811.54,355.25
779.52,321.15,779.52,320.32
778.71,400.63,778.67,400.54
805.05,332.93,805.19,332.69
757.04,385.10,756.07,385.02
752.86,377.92,753.12,377.87
814.51,386.53,818.96,387.04
805.81,330.53,805.73,331.60
788.18,306.80,788.33,306.23
818.16,352.94,816.07,353.12
757.09,384.83,756.07,385.02
828.49,348.66,828.17,349.22
753.03,378.08,753.12,377.87
799.56,422.76,798.67,423.18
805.74,330.53,805.73,331.60
777.46,402.62,778.18,402.80
805.66,331.64,805.73,331.60
769.25,381.86,770.06,382.45
753.03,378.08,752.86,377.92
805.74,330.53,805.66,331.64
777.02,401.81,777.57,402.52
805.73,329.47,805.81,330.53
829.67,400.67,829.61,400.68
805.74,330.53,805.81,330.53
794.46,381.86,794.15,382.45
752.89,377.92,753.03,378.08
776.90,401.89,777.46,402.62
805.66,329.42,805.74,330.53
804.39,355.52,804.23,355.80
797.36,320.45,798.69,323.81
793.06,389.87,793.47,389.19
802.40,341.09,802.40,339.19
819.64,355.35,821.43,354.11
805.44,328.44,805.66,329.42
801.39,394.16,801.73,393.08
830.65,405.77,830.64,405.53
792.32,302.38,792.20,302.41
768.39,381.13,768.48,380.74
819.46,355.64,818.74,359.56
805.17,327.80,805.51,328.53
777.75,372.02,777.84,371.95
804.74,440.23,804.04,441.01
793.06,389.87,792.69,389.90
791.83,360.00,791.69,361.89
802.40,341.09,802.14,339.29
780.42,410.98,781.77,411.10
756.94,385.34,755.71,385.25
805.44,328.44,805.51,328.53
830.57,405.77,830.55,405.55
792.41,303.57,792.32,302.38
778.20,353.30,781.01,353.31
811.56,354.36,814.04,354.33
810.25,360.94,810.47,359.57
780.36,321.38,779.36,343.18
805.08,327.67,805.44,328.44
792.07,400.57,789.92,398.81
794.08,371.30,796.25,356.20
787.38,302.29,787.49,302.25
825.09,364.87,825.02,365.04
801.75,342.78,801.90,342.65
795.49,446.33,798.18,445.86
781.21,344.39,781.38,344.43
752.10,384.11,752.24,384.35
726.53,353.89,724.53,355.12
782.46,333.49,782.14,332.75
754.65,384.92,754.66,384.64
829.53,400.51,829.61,400.68
804.74,327.34,805.17,327.80
802.20,372.18,800.47,370.61
773.23,361.26,773.82,361.20
800.32,395.98,800.78,398.22
725.95,355.85,726.53,353.89
782.49,333.38,782.19,332.67
819.13,368.48,819.41,368.48
761.24,363.13,760.85,363.13
753.52,384.27,754.65,384.92
804.63,327.20,805.08,327.67
752.10,383.78,752.28,383.56
777.89,396.67,778.13,395.50
804.14,327.07,804.63,327.20
808.64,353.23,808.62,354.46
760.60,384.48,758.02,384.75
782.09,336.19,783.31,337.92
784.00,327.91,783.01,329.18
799.34,340.46,799.95,343.58
810.50,346.23,810.56,346.78
792.14,362.81,794.68,353.50
790.97,319.50,790.68,320.30
780.44,332.28,780.25,332.27
778.43,337.35,777.40,337.41
808.48,369.38,831.21,369.85
790.69,310.51,795.56,318.84
802.35,341.04,803.16,341.68
762.45,363.92,761.08,363.13
753.39,384.52,752.10,383.78
825.88,399.40,825.67,400.43
803.79,327.42,804.27,327.22
781.55,336.84,783.31,337.92
799.95,340.46,799.95,343.58
774.56,356.51,774.92,356.59
810.11,346.27,810.56,346.78
783.58,436.94,784.08,437.73
754.59,383.26,755.95,382.54
772.49,370.34,769.13,370.87
809.91,335.51,809.40,333.05
818.18,365.53,812.22,365.45
810.89,338.90,810.94,338.46
777.75,347.97,776.00,348.49
808.88,362.87,800.92,356.56
791.86,309.04,791.86,319.50
760.15,360.00,760.47,360.00
770.89,380.43,770.85,381.05
795.56,309.86,795.56,318.84
758.53,384.93,757.09,384.83
774.19,361.18,777.00,361.17
804.14,327.07,804.27,327.22
784.77,309.55,785.04,309.86
766.50,361.90,766.95,363.75
803.20,327.83,803.79,327.42
826.20,401.44,827.81,401.45
803.20,327.83,803.64,327.28
806.55,334.98,806.67,335.43
758.67,385.47,758.58,385.22
784.89,388.90,783.60,388.85
826.67,401.87,826.71,401.91
803.03,339.84,803.16,340.41
830.23,406.44,830.33,406.42
787.19,304.23,787.43,303.99
777.51,393.57,777.39,393.47
783.60,303.00,783.66,302.88
789.11,341.38,787.72,341.46
777.14,391.71,777.99,391.43
780.44,344.34,780.21,344.33
830.17,406.45,830.29,406.50
789.30,354.49,789.57,356.37
786.93,304.15,787.19,304.23
778.32,398.08,777.97,395.64
801.90,339.11,803.03,339.84
790.29,341.34,789.78,342.59
767.42,365.57,768.43,367.21
751.64,378.38,751.31,378.34
779.64,392.78,778.85,391.79
826.14,397.46,826.20,397.47
802.81,329.70,803.03,328.73
795.48,309.52,796.24,309.23
767.97,365.32,768.43,367.21
779.77,392.69,778.85,391.79
802.62,329.66,803.03,328.73
826.13,402.60,826.14,402.48
802.82,339.39,803.03,339.84
787.66,357.87,787.23,357.85
763.21,365.76,763.68,368.03
780.44,332.28,780.44,344.34
752.09,382.67,751.64,378.38
802.62,329.66,802.85,328.65
830.07,406.33,830.17,406.45
792.68,303.90,792.62,303.99
801.61,338.78,802.82,339.39
750.42,384.33,751.33,384.41
775.59,321.87,776.29,323.48
793.32,306.56,792.83,307.09
767.95,369.76,769.59,371.16
776.38,392.62,777.23,391.61
775.35,397.91,775.50,399.99
802.54,330.77,802.81,329.70
830.03,406.28,830.12,406.39
792.96,304.15,792.68,303.90
776.38,392.62,777.14,391.71
828.14,401.30,828.14,397.56
802.54,330.77,802.62,329.66
791.86,344.33,791.42,344.34
811.01,338.40,810.95,338.90
777.97,395.64,778.13,395.59
778.31,397.94,778.01,395.89
796.21,368.25,796.39,368.25
801.28,338.68,802.57,339.11
802.81,331.82,802.74,330.76
793.71,340.51,809.88,340.51
799.25,395.23,799.77,394.12
795.24,309.23,796.00,308.93
791.99,341.26,791.48,342.52
768.55,372.27,770.55,373.09
780.41,394.23,779.64,392.78
775.41,395.88,775.47,395.84
802.62,331.87,802.74,330.76
777.67,369.20,777.45,369.48
777.99,395.55,778.13,395.59
802.28,339.03,802.57,339.11
791.90,332.27,791.86,344.33
759.13,383.78,760.33,382.83
791.42,332.28,791.90,332.27
779.55,393.83,780.10,394.06
776.46,403.34,777.23,404.35
792.41,303.57,792.20,302.41
798.67,389.08,781.18,389.08
767.97,346.66,770.09,346.49
800.95,338.82,802.28,339.03
768.64,362.35,768.55,362.45
757.61,382.82,757.91,382.51
782.51,307.27,782.99,307.73
802.85,332.84,802.81,331.82
780.50,356.08,778.68,352.49
804.50,329.77,803.21,330.47
781.65,369.14,780.70,369.20
759.13,383.78,759.85,382.73
751.41,371.30,749.95,377.76
767.28,371.38,768.94,378.29
778.27,401.60,777.72,409.33
799.11,370.13,799.00,360.91
784.67,328.44,784.88,328.42
802.85,332.84,802.62,331.87
780.44,332.28,780.58,331.94
778.37,394.98,777.99,395.55
800.65,339.18,802.00,339.14
779.87,309.66,780.61,309.88
783.06,436.45,783.58,436.94
772.18,373.47,774.31,373.64
781.30,390.84,780.42,391.20
775.61,343.51,776.53,344.40
803.20,333.61,803.03,332.75
791.42,332.28,780.44,332.28
825.80,396.50,825.11,396.30
803.20,333.61,802.85,332.84
775.25,370.42,775.13,371.65
801.54,339.92,801.75,339.45
802.66,340.62,801.17,340.69
780.98,398.26,780.68,396.18
826.11,399.01,826.05,399.37
803.20,333.61,803.37,333.49
825.14,392.71,828.15,393.01
800.42,339.72,800.65,339.18
803.64,334.09,803.20,333.61
803.79,333.95,803.64,334.09
799.83,401.89,800.43,402.62
817.03,333.31,818.30,334.98
776.39,373.57,778.48,373.07
756.71,369.88,756.26,371.05
828.43,365.76,822.08,365.67
778.92,409.81,777.72,409.33
809.01,362.87,807.94,370.23
800.27,340.40,800.42,339.72
791.23,339.21,791.60,340.84
780.42,410.98,779.50,410.62
826.19,393.82,826.25,393.87
801.37,341.13,801.42,340.50
802.24,393.98,803.80,396.15
802.83,331.61,802.60,330.91
755.03,384.55,753.64,384.70
719.93,355.85,726.28,355.04
803.81,333.82,804.27,333.95
804.47,341.00,804.99,342.28
778.42,401.14,778.83,401.32
803.94,333.82,804.27,333.95
808.46,331.65,808.69,331.68
783.76,333.88,783.91,334.02
803.94,333.82,804.40,333.95
732.10,363.06,732.84,361.61
829.77,399.40,829.55,400.43
805.46,328.61,805.81,329.52
787.82,360.00,787.66,362.13
770.59,380.61,774.36,380.62
776.86,346.51,778.95,347.01
810.34,406.40,810.37,406.74
754.65,384.92,754.72,385.16
826.05,399.37,825.94,399.36
824.85,394.79,825.02,394.60
804.72,333.76,804.27,333.95
792.32,302.38,792.20,302.17
784.18,308.01,783.84,308.32
823.84,352.84,830.98,353.84
785.31,320.46,785.11,319.71
753.43,384.76,752.10,384.00
805.27,333.26,804.86,333.76
773.75,337.26,772.01,338.74
801.75,342.78,801.54,342.33
749.05,378.17,748.73,377.85
753.39,384.52,753.43,384.76
830.38,402.41,829.83,403.91
824.90,393.79,832.84,382.07
805.46,332.50,805.14,333.26
799.82,394.98,800.26,394.84
800.54,356.74,797.85,356.76
805.46,332.50,805.27,333.26
805.27,327.91,805.60,328.61
793.33,304.60,792.96,304.15
778.43,397.96,778.47,397.97
800.65,343.06,800.42,342.54
748.20,382.20,747.60,378.09
795.79,371.30,795.06,379.24
805.60,332.50,805.27,333.26
764.41,372.14,768.35,372.77
804.50,334.85,803.54,332.58
769.95,381.53,770.08,381.23
777.38,395.70,778.35,393.71
778.75,400.19,778.43,397.96
800.95,343.39,802.00,343.06
752.05,383.10,750.83,383.02
805.67,331.57,805.46,332.50
777.45,369.48,777.04,369.08
769.95,381.53,770.73,381.60
777.38,395.70,778.16,393.73
777.30,408.58,783.19,404.50
825.24,403.82,826.13,404.00
800.95,343.39,801.75,342.78
807.67,370.81,802.20,372.18
805.67,331.57,805.60,332.50
805.81,331.57,805.60,332.50
829.87,398.86,826.03,398.86
805.81,331.57,805.67,331.57
785.78,351.97,785.94,351.91
806.14,335.33,806.55,334.98
752.09,382.67,751.79,382.78
805.75,330.54,805.67,331.57
776.54,403.43,777.32,404.45
819.75,385.69,821.25,387.34
805.88,330.54,805.81,331.57
781.86,331.77,781.99,331.77
797.34,319.76,791.92,320.33
784.39,320.42,784.20,319.70
782.50,305.26,782.91,304.89
819.70,386.87,822.69,387.29
805.81,329.52,805.88,330.54
817.02,330.39,816.86,330.05
810.04,340.89,791.80,340.89
764.47,371.08,764.18,371.30
826.39,412.28,827.69,418.65
803.03,342.27,802.89,342.60
753.28,378.03,751.97,377.96
805.46,328.61,805.67,329.52
764.47,371.08,775.13,371.65
826.39,412.28,828.46,418.56
803.03,342.27,802.82,342.73
805.29,330.39,817.02,330.39
799.54,353.49,800.29,355.17
782.50,305.26,782.51,307.27
808.97,372.40,807.67,370.81
775.36,371.42,764.47,371.08
791.86,321.15,791.86,320.32
827.33,412.76,826.39,412.28
803.20,341.64,803.08,342.17
808.97,372.40,807.86,370.64
797.85,368.93,800.54,369.00
826.42,352.72,826.98,352.72
725.67,349.59,725.91,349.44
774.10,355.27,774.48,355.16
782.86,333.95,782.46,333.49
823.55,404.12,829.23,407.56
791.34,308.40,788.89,305.26
805.27,327.91,805.60,328.61
780.11,412.44,781.92,410.98
795.88,339.86,801.60,343.82
825.85,409.05,825.47,406.43
803.20,341.04,803.16,341.68
801.97,437.20,801.09,437.67
804.72,327.47,805.27,327.91
804.77,330.41,804.79,333.40
772.53,347.47,774.31,346.36
781.34,410.62,781.92,410.98
770.52,360.52,771.22,360.44
790.12,344.31,801.60,343.82
805.29,330.39,804.77,330.41
803.28,398.28,804.61,403.71
793.33,304.47,793.33,304.60
778.21,400.28,777.92,398.22
803.16,340.41,803.24,341.05
773.60,384.58,753.75,383.22
777.62,369.07,759.99,368.63
786.82,392.62,784.25,391.72
778.67,400.54,778.81,400.36
826.71,401.91,829.04,401.51
803.08,339.93,803.20,340.46
799.87,401.14,800.31,401.32
797.85,362.85,797.85,368.93
829.78,399.36,829.93,399.43
804.40,327.35,804.27,327.35
778.71,400.63,778.92,400.38
803.03,339.84,803.16,340.41
777.78,395.79,777.99,395.55
802.82,339.39,803.03,339.84
779.34,392.18,780.62,391.16
803.21,328.80,803.53,328.05
785.11,319.71,784.81,319.69
779.89,396.24,780.94,397.11
802.28,339.03,802.66,339.26
753.32,384.09,752.10,384.00
778.16,393.73,779.34,392.18
826.13,397.78,825.99,398.78
802.93,330.76,803.00,329.74
791.46,339.31,791.30,337.41
804.14,334.23,803.94,334.26
801.75,339.45,802.14,339.29
754.66,384.85,753.32,384.09
781.82,393.98,781.70,392.35
778.76,400.80,779.16,401.32
801.65,372.50,803.80,360.91
825.18,402.63,828.90,402.56
804.89,333.50,804.63,334.02
830.08,405.07,830.18,405.12
783.91,307.91,783.84,308.32
782.97,334.09,782.46,333.49
798.47,369.34,796.16,369.25
805.14,327.91,805.60,328.61
799.23,337.82,802.19,335.57
781.50,370.14,781.65,369.14
824.95,405.77,824.94,405.56
799.41,368.71,799.36,368.54
795.41,323.86,795.60,323.72
799.47,342.76,800.19,341.90
750.75,384.02,750.71,384.24
828.67,418.75,828.46,418.56
802.14,342.91,802.28,343.15
830.01,398.99,829.89,399.37
805.27,333.26,806.00,332.53
832.60,381.93,824.66,393.65
793.89,379.23,793.90,379.91
805.14,333.26,804.72,333.76
758.16,352.54,758.30,356.50
790.48,360.95,789.64,360.95
795.60,324.61,795.27,325.08
791.86,320.32,797.16,319.70
800.54,405.28,800.08,404.45
825.55,395.05,825.43,395.41
802.20,412.64,801.86,413.19
806.26,376.66,806.21,376.71
798.68,337.26,796.61,340.79
805.60,332.50,805.27,333.26
829.83,405.32,829.90,405.18
791.97,302.09,787.35,302.09
801.37,360.91,799.11,370.13
759.55,385.13,758.58,385.22
805.08,327.67,804.89,327.65
827.33,412.76,828.46,418.56
802.00,343.06,802.14,342.91
798.69,372.62,799.12,372.62
820.95,386.55,822.34,388.09
806.39,331.31,806.24,331.98
820.68,334.85,819.55,332.76
826.23,397.17,830.20,397.32
805.81,331.57,806.39,331.31
805.88,330.54,805.81,331.57
831.49,353.84,829.94,355.22
746.46,383.38,745.28,382.45
775.41,395.88,775.79,394.05
804.14,327.07,803.94,327.04
769.01,378.37,769.24,378.95
754.66,384.85,754.81,384.63
815.87,340.44,814.32,340.53
777.02,403.76,777.79,404.85
831.49,353.84,830.98,353.84
806.39,329.84,806.44,330.57
794.50,357.67,794.20,357.45
751.33,376.56,752.22,377.99
802.33,405.15,803.22,405.53
761.33,355.78,761.08,356.87
826.36,406.64,829.38,406.66
784.11,334.05,783.64,334.26
753.36,382.11,753.59,382.24
829.80,409.47,826.78,409.51
784.54,333.50,784.11,334.05
763.50,382.78,764.00,378.46
825.16,402.70,825.00,402.59
820.38,331.61,820.32,331.98
824.55,405.01,824.60,405.07
791.92,320.33,797.17,319.92
830.98,353.84,831.44,353.96
778.20,353.35,779.81,356.50
817.51,334.85,818.47,332.58
718.90,370.41,719.05,370.56
782.36,333.38,782.05,332.67
801.37,360.91,799.11,360.91
784.14,318.85,784.74,318.84
799.03,394.79,799.82,394.98
732.07,360.00,731.58,356.91
782.36,333.38,782.75,333.82
782.79,367.43,781.61,367.52
785.10,331.65,784.88,332.68
810.04,340.55,810.36,340.68
774.98,362.76,772.12,362.95
782.66,385.63,784.01,384.58
793.33,304.60,792.90,304.23
805.27,327.91,806.00,328.68
784.74,318.84,785.04,318.84
831.29,419.16,831.29,420.38
785.17,330.53,785.10,331.65
827.03,373.21,826.75,371.91
751.73,384.43,752.64,384.50
802.54,330.77,802.33,330.77
784.67,332.66,784.17,333.36
764.75,370.93,764.47,371.08
756.33,384.74,756.38,384.98
767.79,378.73,769.27,378.25
769.06,348.69,772.49,349.66
806.83,330.57,808.09,331.25
801.97,372.41,802.20,372.18
771.01,381.97,771.03,381.91
760.54,350.45,760.55,350.39
774.31,346.36,776.44,346.53
803.94,327.55,805.05,328.42
802.64,332.86,802.62,331.87
833.53,401.06,826.14,401.46
803.53,328.05,803.94,327.55
748.97,384.50,750.01,384.83
799.17,371.87,798.91,371.27
792.22,372.40,791.97,372.17
796.21,381.91,796.34,381.97
760.15,353.42,759.56,355.12
776.44,346.53,778.52,347.02
778.26,397.92,777.97,395.86
825.93,392.20,826.09,392.19
831.29,420.38,831.29,419.16
784.54,327.65,784.88,328.42
816.44,377.01,817.23,377.13
778.98,308.77,779.87,309.66
795.19,362.83,795.32,360.96
753.02,381.94,752.81,382.26
829.66,418.93,829.66,420.14
784.11,327.18,784.54,327.65
799.31,353.27,799.17,353.72
792.17,362.82,793.01,362.82
829.76,392.20,829.93,392.19
829.72,419.13,829.66,418.93
783.64,327.04,784.11,327.18
803.00,329.74,804.37,329.99
799.43,395.42,800.14,395.79
786.03,446.03,782.26,413.09
778.02,340.84,778.22,341.33
793.88,359.08,793.56,358.92
766.71,348.86,769.47,348.77
753.85,377.92,753.97,377.56
827.69,418.65,827.90,418.87
783.17,327.26,783.64,327.04
802.93,330.76,804.31,330.73
788.69,302.94,792.20,302.17
829.83,403.91,829.38,404.12
804.74,333.88,804.27,333.95
826.35,397.32,826.32,397.71
803.00,331.77,802.93,330.76
804.72,333.76,804.74,333.88
754.22,382.93,752.80,382.83
825.73,395.89,825.43,395.41
804.52,332.11,804.37,331.46
763.22,377.94,762.74,379.39
829.66,420.14,829.66,418.93
782.75,327.81,783.17,327.26
759.67,385.38,779.86,386.88
771.99,357.17,771.65,358.57
826.35,397.32,830.16,397.71
803.00,331.77,804.37,331.46
778.08,402.90,778.95,404.49
805.17,333.36,804.72,333.76
803.21,332.67,803.00,331.77
749.39,382.73,749.23,382.48
803.53,333.38,804.52,332.11
797.65,397.97,799.52,398.08
797.85,362.85,795.19,362.83
803.21,332.67,804.52,332.11
793.75,320.39,795.33,321.73
795.27,324.20,795.41,323.86
795.29,356.76,796.16,356.44
829.43,354.11,830.17,352.80
780.25,371.58,780.27,372.12
750.64,383.77,751.85,383.07
768.45,368.25,769.18,362.36
805.05,333.88,806.14,342.60
778.17,398.19,777.83,395.81
782.19,329.65,782.41,328.63
830.03,397.73,830.21,397.76
804.75,332.61,805.05,332.93
751.89,383.86,750.64,383.77
782.01,329.66,782.22,328.65
799.13,356.36,799.02,356.10
762.15,353.81,761.33,355.78
782.12,330.77,782.19,329.65
780.00,360.00,779.47,363.36
807.34,332.73,806.83,335.51
820.38,331.61,820.68,334.85
791.92,320.33,791.79,320.48
759.25,368.42,757.04,369.89
767.79,361.89,768.23,363.74
830.05,392.58,829.97,392.13
831.55,420.48,831.55,419.39
784.88,332.68,784.54,333.50
805.60,328.61,806.24,329.18
800.94,397.97,800.58,395.59
805.48,332.77,805.70,332.88
800.63,412.80,800.18,412.51
791.82,342.36,791.96,342.17
778.71,400.63,778.48,400.70
805.05,332.93,805.38,333.02
781.23,383.18,781.80,383.43
776.38,386.45,777.75,386.88
790.97,319.50,790.68,319.47
821.53,353.99,820.02,355.33
756.58,360.00,756.57,360.00
782.41,332.86,782.19,331.87
747.95,384.67,747.70,384.01
776.76,324.56,776.69,324.00
825.71,402.45,825.80,402.35
806.39,331.24,806.25,331.84
784.39,320.42,785.70,323.80
808.46,332.37,809.04,331.94
785.57,370.68,763.84,382.89
821.03,353.99,821.47,354.10
784.99,320.41,784.39,320.42
826.26,396.14,830.08,397.10
806.39,331.31,806.39,331.24
774.90,367.98,776.22,368.79
788.28,367.21,787.03,368.67
830.25,397.30,830.21,397.76
784.89,343.06,784.64,342.78
814.86,355.66,813.46,359.56
814.87,337.82,815.04,338.18
792.03,340.55,809.88,340.51
779.49,324.46,778.92,324.46
741.53,369.80,741.94,369.81
785.05,308.94,787.40,306.55
778.91,321.16,779.52,321.15
808.73,376.68,805.30,376.54
804.05,360.91,803.14,365.41
810.11,346.27,810.19,346.92
789.71,360.00,790.69,360.95
744.44,382.26,743.96,382.36
820.78,352.97,820.81,354.24
811.71,385.80,804.91,385.36
777.42,338.92,777.54,337.10
754.59,383.26,755.55,382.45
817.27,377.22,817.23,377.13
784.85,309.23,785.05,308.94
752.09,382.67,751.97,378.33
779.22,308.41,782.51,307.27
819.51,355.30,821.10,354.11
791.56,324.46,791.00,324.46
806.00,328.68,806.24,329.18
795.47,424.43,803.35,425.67
830.62,352.65,830.46,352.80
753.65,382.78,753.15,378.46
813.55,355.41,813.38,355.70
798.00,323.80,798.57,323.80
824.44,371.72,824.47,373.01
810.77,387.13,805.69,384.73
778.74,396.81,780.22,396.95
753.82,383.03,753.65,382.78
751.20,384.91,750.01,384.83
733.10,360.00,732.84,358.39
807.91,345.65,808.54,346.82
750.78,384.23,749.52,384.14
816.27,342.72,818.62,342.60
795.24,427.08,787.10,427.09
830.42,352.65,830.21,352.80
779.95,396.71,779.72,395.40
802.87,331.77,802.81,331.82
751.33,384.41,751.29,384.68
826.46,395.65,826.44,396.04
823.33,389.58,824.40,390.80
804.72,329.46,804.93,328.98
797.17,323.82,795.83,320.46
820.30,331.61,820.24,331.26
784.89,388.90,783.71,389.14
793.63,344.94,793.94,346.19
783.28,304.17,783.49,302.94
787.36,302.41,787.07,302.38
804.31,330.73,804.58,330.06
784.67,430.08,784.88,430.11
785.36,368.08,783.96,369.72
778.37,332.23,778.32,332.26
829.18,339.29,827.48,339.37
779.69,401.03,780.03,399.67
752.78,385.03,752.68,384.78
784.48,393.08,784.25,391.72
804.58,331.37,804.54,330.72
788.98,405.15,790.74,405.02
778.92,400.38,778.81,400.36
799.17,360.25,799.30,359.95
804.37,331.46,804.54,330.72
755.12,382.34,756.32,382.41
831.29,355.48,829.94,355.22
785.31,320.46,784.99,320.41
824.30,405.14,824.55,405.10
782.86,327.42,783.31,327.22
780.08,391.80,781.13,390.67
824.95,405.77,824.81,405.55
782.46,327.95,782.86,327.42
778.08,402.90,778.79,402.61
788.31,386.91,786.90,389.37
801.65,372.50,801.37,360.91
805.44,332.66,805.51,332.58
754.12,384.61,754.09,384.89
769.41,381.52,769.30,380.96
775.85,393.99,776.46,392.53
805.19,332.69,805.38,333.02
777.04,369.08,777.26,368.80
755.20,377.63,754.88,377.57
824.23,405.28,824.46,405.18
782.14,328.73,782.46,327.95
777.45,369.48,777.67,369.20
755.08,377.47,755.20,377.63
778.32,341.75,778.32,341.54
778.37,394.98,778.79,394.84
782.19,328.80,782.49,328.05
805.19,332.69,805.48,332.77
807.86,370.64,807.94,370.23
788.93,392.46,786.37,391.30
753.88,377.37,754.14,377.42
830.78,367.92,829.07,367.89
777.54,399.00,777.46,398.00
824.18,405.48,824.40,405.32
781.87,330.76,781.94,329.70
728.34,368.52,730.17,365.87
787.43,307.09,787.76,306.88
802.00,343.06,802.28,343.15
747.57,374.22,748.23,374.89
827.37,339.50,826.81,340.88
800.26,412.48,799.56,411.98
792.33,333.05,792.55,333.08
782.79,332.53,782.51,332.88
753.03,378.43,752.89,377.92
805.51,328.53,805.73,329.47
791.66,332.01,791.61,332.35
818.48,337.57,818.11,338.88
781.45,392.12,782.06,390.88
821.50,384.16,795.78,384.16
778.67,400.54,778.81,400.36
803.04,355.79,803.45,356.18
819.64,355.35,821.10,354.11
801.61,343.36,802.28,343.15
782.95,331.24,782.82,331.84
799.11,370.13,799.00,369.86
750.98,384.74,750.86,384.50
799.00,357.85,798.82,357.79
808.46,332.37,808.46,331.65
819.46,355.64,819.52,359.56
801.90,343.01,801.61,343.36
810.07,355.41,811.62,354.25
778.80,321.15,778.80,324.45
808.46,332.37,808.24,331.68
752.10,384.11,753.55,383.60
800.66,398.21,800.78,398.22
824.18,405.91,824.16,405.69
782.46,333.49,782.19,332.67
814.53,337.82,811.29,338.00
784.60,410.21,783.64,410.12
788.83,304.77,792.68,303.90
778.30,341.40,791.68,341.40
758.58,385.22,758.53,384.93
778.15,342.46,778.70,342.68
756.11,382.29,756.32,382.41
824.23,406.12,824.35,405.90
784.33,333.48,783.91,334.02
780.04,401.76,780.77,409.98
830.30,395.65,830.28,396.04
802.35,341.04,803.20,341.04
778.80,321.15,778.91,321.16
781.57,332.40,781.37,331.95
826.14,402.48,826.67,401.87
802.14,339.63,802.29,340.29
756.30,384.41,755.04,384.80
772.30,347.86,772.35,347.92
781.89,332.93,782.20,333.02
801.90,339.11,802.14,339.63
791.86,324.45,791.56,324.46
802.62,329.66,802.81,329.70
826.25,393.87,826.39,393.88
802.57,339.11,802.82,339.39
801.52,413.15,801.23,412.65
781.89,332.93,781.62,332.61
794.09,381.54,793.78,382.24
801.90,358.37,801.93,358.21
823.96,378.80,823.98,378.91
764.18,371.30,761.20,371.21
756.47,377.66,756.63,377.51
778.42,401.14,778.83,401.32
824.55,406.34,824.49,406.44
784.96,330.53,784.89,331.64
801.90,339.11,802.82,339.39
777.67,350.64,779.17,350.29
801.61,338.78,801.90,339.11
796.21,368.25,796.85,368.26
801.28,338.68,801.61,338.78
803.91,355.48,805.44,354.34
824.03,373.13,824.43,372.99
771.35,381.10,772.34,381.10
751.80,384.95,752.78,385.03
807.61,386.62,827.86,387.57
795.46,353.52,795.54,354.35
802.20,353.45,801.59,353.23
767.97,346.66,769.20,348.81
800.95,338.82,801.28,338.68
802.85,332.84,803.03,332.75
803.09,406.79,801.34,405.53
827.88,401.86,824.81,402.03
814.03,338.70,814.41,338.68
775.36,371.42,775.37,370.33
801.75,339.45,802.00,339.14
784.33,327.67,784.67,328.44
800.95,338.82,802.00,339.14
783.74,349.55,785.31,350.51
782.12,353.87,782.27,353.83
763.99,347.89,766.16,348.88
775.13,371.65,775.36,371.42
777.94,364.55,799.91,364.73
804.75,332.61,804.72,331.95
834.53,407.54,825.85,409.05
800.65,339.18,800.95,338.82
801.54,355.55,801.37,355.83
784.14,318.85,783.84,318.83
769.80,367.16,769.91,368.58
818.63,335.33,818.62,342.60
753.03,378.43,753.15,378.46
827.41,396.50,825.80,396.50
803.64,334.09,803.37,333.49
778.92,400.38,778.56,400.00
830.69,352.87,828.31,354.19
756.32,382.41,755.12,382.34
778.04,400.65,778.42,401.14
818.63,335.33,818.43,342.60
802.96,354.26,801.54,355.55
783.91,319.70,784.10,320.45
804.14,334.23,803.64,334.09
801.42,340.50,801.54,339.92
823.53,378.48,824.13,378.59
778.15,342.46,777.92,341.91
783.53,388.87,784.40,388.69
756.71,369.88,756.39,369.89
777.53,396.18,777.78,395.79
800.27,340.40,801.54,339.92
802.96,399.67,803.05,398.21
805.30,376.54,805.25,376.59
818.63,335.33,818.42,335.43
800.42,339.72,801.54,339.92
784.20,319.70,783.91,319.70
777.37,398.22,777.79,396.41
800.21,341.14,800.27,340.40
802.52,354.27,802.92,354.37
796.36,318.84,795.56,318.84
824.44,354.24,824.18,352.97
772.35,372.07,775.86,370.33
801.34,334.85,802.13,332.58
779.85,403.69,780.33,402.16
804.40,333.95,804.27,333.95
767.45,349.39,769.20,348.81
801.42,341.77,801.37,341.13
756.30,384.41,755.04,384.80
756.36,363.92,759.91,366.64
787.70,364.42,789.73,365.31
792.62,303.99,792.30,306.23
782.09,330.65,782.37,328.61
800.86,416.90,800.98,417.67
801.86,332.32,802.13,332.58
755.08,377.47,754.14,377.42
782.55,327.83,782.97,327.28
800.21,341.14,801.37,341.13
758.31,371.11,758.54,370.89
772.22,372.15,772.30,371.53
778.92,409.81,777.72,409.33
784.99,320.41,784.81,319.69
778.47,397.97,778.67,400.54
800.42,342.54,801.42,341.77
765.91,347.15,767.97,346.66
790.43,309.88,790.67,309.66
778.43,397.96,778.11,395.72
800.65,343.06,801.54,342.33
788.53,403.20,785.86,403.71
800.42,342.54,801.54,342.33
793.44,409.81,796.06,409.33
782.44,393.88,789.28,395.43
784.37,307.66,786.86,304.60
756.01,382.71,755.95,382.54
782.01,331.87,781.93,330.77
757.58,377.56,757.69,377.72
778.21,396.94,778.41,396.00
824.30,406.28,824.40,406.09
784.89,331.64,784.67,332.66
800.47,370.61,800.29,370.44
802.14,339.63,803.03,339.84
798.32,415.32,798.06,415.76
716.22,351.92,714.02,354.13
778.94,381.44,780.30,381.52
802.40,342.99,802.66,342.89
795.76,381.69,794.77,381.69
790.12,336.33,799.01,337.71
769.47,348.77,767.95,350.24
810.94,338.46,810.89,338.90
751.97,378.33,751.64,378.38
805.67,329.52,805.75,330.54
771.45,360.95,771.61,360.95
830.45,352.86,830.69,352.87
756.11,382.29,755.76,382.11
782.22,332.84,782.01,331.87
805.67,329.52,805.88,330.54
779.85,393.46,780.62,392.04
802.82,342.73,802.57,343.04
775.91,401.89,776.46,403.34
805.81,329.52,805.67,329.52
791.20,354.02,799.97,353.88
796.95,411.68,802.91,407.59
830.21,352.80,830.20,354.11
775.13,371.65,764.18,371.30
828.46,418.56,827.69,418.65
803.08,342.17,802.89,342.60
814.23,353.01,814.56,352.87
753.15,378.46,753.39,378.41
793.78,421.92,805.50,422.46
758.01,377.77,758.34,377.61
770.97,361.54,771.65,361.44
788.89,305.26,789.10,305.10
829.43,348.90,829.63,350.19
786.93,365.32,789.73,365.31
806.40,387.50,804.43,387.35
777.07,333.69,776.54,332.44
778.17,398.19,777.83,395.81
803.03,342.27,803.08,342.17
829.77,399.40,829.67,400.67
805.27,327.91,805.14,327.91
800.18,427.58,799.43,426.81
800.62,398.19,800.98,400.58
759.63,368.80,759.25,368.42
825.47,406.43,826.36,406.64
803.24,341.05,803.20,341.64
761.07,360.00,761.24,362.14
806.40,387.50,819.28,387.50
777.42,335.30,777.07,333.69
803.20,341.04,803.24,341.05
825.80,402.35,826.14,402.48
811.62,370.22,821.30,370.79
759.99,368.63,759.60,368.25
803.16,340.41,803.20,341.04
796.66,307.66,796.00,308.93
742.22,369.82,743.65,371.05
793.59,344.95,793.75,344.89
788.59,304.52,788.25,304.42
826.19,397.73,830.02,397.78
803.21,328.80,803.08,328.80
748.91,384.59,749.45,384.63
831.29,419.16,831.55,419.39
802.40,339.19,802.66,339.26
790.12,330.81,789.66,334.63
824.47,352.96,825.19,354.24
752.24,384.60,752.17,384.83
776.52,324.64,776.57,325.08
784.64,331.57,784.44,332.50
778.71,400.63,778.92,400.38
830.34,394.29,830.27,393.83
802.57,339.11,802.66,339.26
762.32,377.96,762.48,377.81
802.87,329.74,803.21,328.80
803.00,329.74,802.87,329.74
750.71,384.24,750.17,384.20
802.14,339.29,802.40,339.19
798.80,390.20,799.75,390.59
790.56,335.37,790.26,335.07
812.48,385.03,805.67,384.60
801.26,337.10,801.13,335.30
753.44,384.44,754.76,383.68
802.28,339.03,802.40,339.19
755.55,377.47,755.58,377.98
796.91,308.01,796.24,309.23
776.38,386.45,777.75,386.88
751.47,383.45,750.71,384.24
802.00,339.14,802.28,339.03
819.51,332.70,819.83,332.54
792.13,332.94,792.33,333.05
802.46,330.47,802.81,330.47
778.90,309.18,778.91,319.51
826.13,397.78,829.88,398.78
802.93,330.76,802.80,330.76
796.41,355.55,796.43,355.45
790.26,330.29,790.12,330.81
811.21,389.18,807.18,388.87
777.07,340.58,777.42,338.92
820.81,352.96,820.81,354.24
784.64,329.52,784.71,330.54
803.45,435.22,802.60,435.19
802.00,339.14,802.14,339.29
803.69,347.32,794.83,347.62
775.91,401.89,776.54,403.43
830.08,405.73,830.08,405.07
790.98,321.15,790.98,320.32
787.13,424.79,804.35,424.79
785.56,369.92,783.92,370.93
799.46,338.70,799.78,338.32
798.01,397.99,798.08,396.94
819.02,368.57,821.09,368.62
803.00,331.77,802.87,331.77
755.20,383.76,754.22,382.93
750.99,382.87,751.47,383.45
831.29,420.38,831.12,420.70
801.71,340.00,801.90,339.57
808.97,353.33,800.47,354.99
803.08,332.67,803.00,331.77
719.01,350.51,719.76,352.82
786.89,354.30,786.85,354.56
801.54,339.92,801.75,339.45
782.13,396.01,781.82,393.98
805.48,330.65,805.78,332.65
787.19,353.53,788.12,354.62
753.20,382.36,753.26,382.53
831.12,420.70,829.82,420.51
801.59,340.54,801.71,340.00
803.94,333.82,803.81,333.82
787.82,424.05,789.26,423.32
796.50,338.87,796.32,338.25
807.67,358.86,800.47,358.88
753.59,382.24,753.26,382.53
801.37,341.13,801.42,340.50
822.30,387.95,820.95,386.55
792.97,306.34,792.30,306.23
765.56,370.75,762.74,368.79
782.88,333.82,783.31,334.08
817.51,329.77,818.81,330.47
801.06,431.29,800.36,430.78
753.04,382.21,753.59,382.24
829.82,420.51,831.12,420.70
801.59,341.71,801.55,341.13
823.89,371.81,824.15,373.11
820.40,335.69,821.25,335.47
795.33,343.51,793.54,344.40
772.09,355.56,772.13,355.57
820.97,384.36,814.02,383.94
775.86,342.76,776.54,341.90
823.13,354.20,823.86,352.91
758.34,377.61,758.37,378.12
783.31,327.35,783.74,327.47
790.07,356.96,790.43,358.46
801.37,341.13,801.55,341.13
804.40,333.95,805.38,333.02
800.86,431.98,800.01,431.96
749.52,384.40,749.45,384.63
801.71,342.24,801.59,341.71
801.54,342.33,801.42,341.77
823.30,352.78,827.14,352.77
757.14,377.34,758.17,377.40
790.00,361.83,789.57,363.62
801.54,342.33,801.71,342.24
824.69,405.18,824.60,405.07
782.97,327.28,783.31,327.22
754.66,384.85,755.95,385.26
775.29,397.91,775.41,395.88
786.86,304.60,787.19,304.23
757.89,377.61,756.89,377.56
782.19,328.80,782.49,328.05
783.45,444.58,788.13,440.93
772.59,373.49,770.55,373.09
749.38,383.35,747.11,382.45
790.02,363.79,789.28,365.57
802.40,342.99,802.28,343.15
753.49,384.21,752.24,384.33
778.70,327.40,778.15,327.63
800.98,417.67,800.89,418.43
782.97,334.09,783.44,334.23
760.82,384.74,762.31,384.21
769.24,378.95,772.34,379.77
775.86,370.33,778.68,367.50
781.86,331.77,781.79,330.76
826.09,392.19,830.00,392.56
784.11,334.05,783.44,334.23
819.99,355.29,819.85,355.63
785.05,342.99,785.30,342.89
827.54,352.92,825.19,354.24
754.76,383.48,754.59,383.26
753.59,382.24,753.04,382.21
771.85,371.86,771.91,371.89
772.56,352.83,785.36,351.17
831.29,420.38,831.55,420.48
784.89,331.64,784.67,332.66
773.99,355.53,774.10,355.27
763.37,379.86,769.11,380.19
778.68,367.50,729.01,368.98
785.89,326.60,787.78,325.69
825.21,402.14,825.18,402.05
782.36,333.38,782.88,333.82
797.44,320.17,797.34,319.76
785.10,331.65,784.67,332.66
792.83,307.09,788.33,307.73
792.55,332.37,791.87,332.59
788.18,306.80,783.81,307.43
828.38,376.80,829.26,376.68
791.53,342.18,791.70,341.75
784.89,331.64,785.10,331.65
803.19,355.17,802.45,355.18
772.30,360.91,771.66,362.37
809.87,340.82,791.97,340.82
806.07,441.46,804.27,427.45
770.87,356.20,772.19,367.02
810.38,329.01,800.86,328.22
802.83,331.61,803.06,330.91
752.02,383.29,751.85,383.07
753.97,377.56,754.18,377.40
799.00,355.87,799.00,360.91
829.94,420.71,829.82,420.51
784.89,329.42,784.96,330.53
761.99,361.98,761.24,363.13
765.74,349.36,765.81,349.79
751.41,371.30,748.48,371.21
750.64,383.77,750.75,384.02
778.31,397.94,778.01,395.89
778.80,321.15,778.80,320.32
784.67,328.44,784.89,329.42
803.38,438.89,803.64,438.46
806.83,330.57,807.34,332.00
733.04,363.43,733.23,360.00
782.79,332.53,782.51,332.88
801.59,353.23,802.20,353.45
778.35,347.73,780.27,347.88
794.34,382.85,794.30,382.43
809.24,366.33,809.19,365.49
784.88,328.42,784.89,329.42
780.61,309.88,785.30,309.23
812.02,372.86,815.42,372.86
771.57,360.44,771.72,360.25
784.80,342.91,785.05,342.99
752.81,382.26,754.07,382.35
829.66,420.14,831.29,420.38
784.33,327.67,784.67,328.44
823.00,379.66,824.97,380.57
803.58,420.82,803.49,421.57
817.51,329.77,818.03,331.24
782.88,333.82,783.31,333.95
781.91,346.80,783.92,347.64
784.59,386.64,786.90,389.37
799.67,361.48,778.05,361.55
797.82,355.20,797.65,355.39
752.89,377.92,772.03,370.68
825.93,392.20,829.93,392.19
784.54,327.65,784.67,328.44
809.14,331.42,808.81,331.25
731.46,366.53,732.70,363.38
783.16,331.31,783.01,331.98
784.11,327.18,784.33,327.67
780.30,310.51,780.38,310.18
753.97,377.56,753.72,377.51
827.90,418.87,829.72,419.13
783.44,327.07,783.91,327.20
794.43,412.44,793.61,410.62
799.46,338.70,799.65,338.06
774.28,357.48,773.86,357.48
767.54,377.10,768.01,377.33
801.65,399.94,801.60,400.00
779.46,343.33,781.21,344.39
791.70,341.75,791.85,341.77
778.08,340.91,778.30,341.40
783.21,330.57,783.16,331.31
757.93,385.26,756.69,385.16
778.43,337.35,777.52,339.25
790.68,319.47,790.68,320.30
765.81,370.21,767.45,370.60
798.68,337.26,800.19,332.44
753.61,377.87,753.85,377.92
782.97,327.28,783.44,327.07
800.01,335.47,799.38,334.84
766.71,348.86,765.07,350.26
783.17,327.26,783.44,327.07
795.48,309.52,795.24,309.23
751.31,378.34,750.56,382.70
827.78,387.33,833.56,387.95
763.22,377.94,761.76,377.46
778.39,394.71,777.65,395.79
725.91,370.56,728.72,368.86
782.79,328.68,783.01,329.18
783.37,307.51,782.86,307.04
757.36,382.63,757.61,382.82
784.00,327.91,784.31,328.61
816.27,342.72,818.63,335.33
802.24,336.04,806.19,335.79
757.91,382.51,758.37,378.12
782.51,328.36,782.79,328.68
782.19,329.65,782.22,328.65
806.83,335.51,807.51,333.05
781.93,330.77,782.01,329.66
806.95,350.72,807.60,351.17
819.18,331.61,818.74,331.02
825.94,403.91,834.18,404.79
781.62,328.78,781.89,328.42
780.81,418.13,781.05,418.06
791.68,358.09,791.83,360.00
803.16,330.52,802.67,330.59
774.84,340.81,775.24,339.80
778.06,400.33,778.48,400.70
783.77,432.87,783.48,433.30
767.42,371.30,767.30,379.23
755.74,360.00,758.30,363.49
788.33,304.64,787.44,306.93
806.95,350.72,807.55,351.17
819.18,331.61,818.58,331.18
801.11,395.51,801.43,396.24
782.05,328.80,782.36,328.05
782.55,333.61,783.17,334.11
784.57,342.65,784.64,342.78
756.32,382.41,756.78,378.04
756.17,383.58,756.35,383.80
802.05,398.14,802.00,397.44
715.95,368.98,718.90,370.41
781.25,329.99,781.40,329.32
754.89,384.31,756.17,383.58
800.97,399.24,801.04,398.17
778.74,396.81,779.23,395.06
831.20,368.01,832.77,360.99
781.79,330.76,781.86,329.74
810.16,360.93,810.10,359.57
791.23,339.21,791.11,337.38
782.55,333.61,782.75,333.63
785.11,309.52,785.04,309.86
821.41,377.33,821.46,377.22
744.93,382.32,747.70,382.51
801.63,396.30,801.85,396.81
781.25,331.46,781.21,330.73
779.25,401.20,780.45,400.92
757.91,382.51,759.13,382.59
800.31,401.32,800.75,401.20
781.86,331.77,781.79,330.76
784.85,309.23,785.30,309.23
780.11,399.17,780.17,398.17
778.72,395.26,779.11,394.79
792.70,396.34,793.02,396.58
784.13,333.26,783.74,333.76
767.64,360.00,767.79,361.89
803.64,327.28,804.27,327.22
785.11,309.52,784.85,309.23
806.00,328.68,806.04,328.89
750.86,384.50,750.78,384.23
784.49,332.58,784.17,333.36
751.89,383.86,753.11,383.16
779.21,395.02,779.59,395.51
825.65,390.87,825.68,391.18
769.25,381.86,770.06,382.45
784.64,331.57,784.44,332.50
811.84,355.69,810.56,355.44
805.70,328.36,805.78,328.61
712.11,360.00,712.60,363.08
782.75,333.82,782.36,333.38
753.11,383.16,753.37,383.38
778.58,396.30,778.79,396.81
829.54,390.87,825.65,387.16
769.38,381.81,770.15,382.36
784.70,331.60,784.49,332.58
802.77,395.34,802.28,394.25
818.99,332.77,819.34,332.71
779.92,400.06,780.11,399.17
824.69,405.18,824.60,405.07
794.46,381.86,794.15,382.45
784.64,329.52,784.71,330.54
761.78,382.93,761.38,382.83
780.55,350.83,779.60,350.91
821.33,355.59,820.02,355.33
804.75,328.78,804.93,328.98
795.29,356.76,797.02,357.06
758.01,360.00,758.15,361.75
754.88,377.57,755.20,377.63
824.49,405.02,824.74,405.12
784.49,328.53,784.70,329.47
784.13,327.91,784.44,328.61
798.02,344.77,798.16,344.71
748.23,380.80,747.57,381.46
801.64,339.80,801.93,338.53
783.31,334.08,783.91,334.02
770.81,370.60,769.20,371.18
788.97,441.39,789.29,441.73
796.38,383.99,793.38,384.17
792.55,332.37,792.98,331.79
804.52,329.32,804.72,329.46
755.20,377.99,754.88,377.94
778.32,395.96,778.58,396.30
783.31,327.35,783.74,327.47
790.19,392.49,789.69,393.88
801.87,399.45,802.01,398.84
727.09,356.99,725.95,355.85
824.81,405.98,824.83,405.77
781.93,330.77,781.94,329.70
778.27,401.60,780.00,400.73
791.97,302.09,792.20,302.17
782.49,328.05,782.88,327.55
778.57,337.31,777.54,337.38
776.56,351.84,777.53,352.82
810.02,355.74,809.34,359.57
782.14,328.73,782.49,328.05
824.34,405.70,824.35,405.50
795.27,324.20,795.22,324.64
777.67,335.53,778.02,333.85
820.78,352.97,824.44,354.24
787.22,347.87,787.88,348.91
760.55,377.71,760.87,377.77
782.51,328.36,782.79,328.68
803.53,328.05,805.05,328.42
811.41,355.70,811.95,354.25
782.49,328.05,782.46,327.95
818.01,331.61,818.06,331.26
788.33,307.73,788.36,307.26
747.18,378.12,747.65,382.51
785.04,416.27,785.16,415.51
773.75,337.26,775.24,339.80
781.92,330.76,781.99,329.74
781.99,331.77,781.92,330.76
755.03,384.55,756.35,383.80
781.57,328.98,781.82,328.65
717.81,360.00,718.06,361.58
781.94,331.82,781.92,330.76
827.58,352.91,828.31,354.19
824.89,406.14,824.81,405.98
781.94,331.82,781.87,330.76
747.70,373.56,747.88,374.05
756.35,383.80,757.58,383.88
781.62,328.78,781.89,328.42
769.81,381.60,769.41,381.52
722.68,360.00,722.93,361.61
781.92,330.76,781.87,330.76
782.19,332.67,781.99,331.77
756.25,384.64,755.03,384.55
781.40,329.32,781.62,328.78
778.23,399.06,777.54,399.00
722.93,358.39,722.68,360.00
781.99,331.77,781.94,331.82
723.67,356.94,722.93,358.39
782.19,332.67,782.14,332.75
776.52,324.64,776.57,325.08
792.03,340.55,793.71,340.51
784.14,412.34,784.07,411.89
801.36,427.12,801.64,427.63
791.69,324.66,792.10,328.18
758.94,382.48,758.59,382.30
805.39,336.33,805.39,344.31
781.21,330.73,781.25,329.99
804.13,358.05,804.58,357.86
758.31,371.11,756.92,377.54
780.76,391.02,779.53,392.14
724.83,355.78,723.67,356.94
777.16,398.72,777.11,398.02
782.49,333.38,782.86,333.95
799.12,396.12,799.43,395.42
826.16,392.58,826.19,393.82
781.20,330.72,781.25,330.06
782.46,333.49,782.86,333.95
798.92,397.00,799.12,396.12
781.25,331.46,781.21,330.73
777.16,398.72,777.30,399.35
781.65,369.14,782.24,369.75
824.89,405.37,824.83,405.22
800.04,337.26,798.88,340.93
765.50,379.47,765.66,379.86
792.17,333.17,791.85,333.12
770.81,370.60,770.95,371.05
792.55,332.37,793.13,331.94
727.09,363.01,727.82,361.58
784.17,327.80,784.44,328.61
767.75,380.73,768.39,381.13
782.86,342.91,791.21,343.19
803.71,435.37,803.62,436.12
783.31,334.08,783.76,333.88
779.53,319.50,779.52,320.32
781.18,419.34,781.01,419.60
829.96,406.12,829.99,406.15
811.15,380.67,811.43,381.32
791.33,362.17,790.82,364.29
774.98,362.76,771.93,362.74
781.38,413.80,781.49,414.57
776.66,344.44,778.70,342.68
820.10,352.97,817.97,352.87
799.87,401.14,800.31,401.32
778.26,400.57,778.42,398.66
802.29,340.29,803.16,340.41
826.25,354.16,826.99,352.86
777.28,396.72,777.48,396.24
800.41,395.64,800.58,395.59
824.64,406.39,824.60,406.42
784.67,332.66,784.33,333.48
801.20,411.12,801.47,410.67
777.52,397.00,777.71,396.12
800.36,395.55,800.61,395.47
784.49,332.58,784.17,333.36
795.20,425.66,787.36,424.44
777.52,397.00,778.41,396.00
784.49,332.58,784.67,332.66
784.89,331.64,784.49,332.58
748.73,378.22,748.38,378.19
771.74,362.01,771.79,362.48
801.23,412.65,801.11,411.88
781.82,332.69,782.20,333.02
756.63,377.51,757.58,377.56
777.77,400.20,778.06,400.33
784.70,331.60,784.49,332.58
827.75,384.53,826.88,384.49
800.29,418.83,800.62,418.87
801.34,329.02,802.13,330.64
794.17,335.51,792.91,333.48
800.26,395.81,800.41,395.64
747.65,382.51,747.18,378.12
780.30,310.51,780.30,319.47
825.28,402.31,825.94,403.91
795.71,324.65,795.47,321.87
793.55,343.85,793.55,340.79
768.94,377.24,772.25,377.57
821.80,405.46,818.35,407.03
796.63,325.13,795.47,343.36
781.89,332.93,781.57,332.40
784.96,330.53,784.70,331.60
778.04,400.65,778.42,401.14
824.39,406.39,824.30,406.28
784.77,330.53,784.70,331.60
775.77,369.05,774.00,369.57
801.61,338.78,802.57,339.11
756.47,377.66,756.72,377.70
829.46,379.17,829.26,378.94
792.72,341.02,793.55,343.85
794.67,401.12,794.53,400.10
819.18,331.61,819.88,331.84
801.99,358.28,801.90,358.37
764.28,377.92,775.13,371.65
784.89,329.42,784.77,330.53
790.61,310.18,795.56,309.86
812.03,354.13,810.53,355.40
798.21,340.94,799.14,342.16
777.52,397.00,777.71,396.12
784.70,329.47,784.77,330.53
821.22,403.54,821.80,405.46
772.52,357.49,773.86,357.48
797.09,318.83,797.16,319.70
803.54,330.64,803.21,330.47
823.90,352.91,826.25,354.16
755.20,377.99,755.58,377.98
777.15,397.34,777.28,396.72
784.67,328.44,784.89,329.42
801.13,400.63,801.15,400.54
784.70,329.47,784.89,329.42
824.30,405.14,824.23,405.28
784.67,328.44,784.70,329.47
798.68,417.66,798.96,418.17
804.50,329.77,803.98,331.24
780.45,400.92,780.76,400.18
777.46,398.00,777.52,397.00
824.22,405.09,824.23,405.28
784.49,328.53,784.70,329.47
829.99,405.25,829.94,405.46
776.66,344.44,777.92,341.91
818.35,354.33,818.36,353.08
814.78,353.07,814.78,354.33
758.59,382.30,760.07,382.39
804.50,329.77,803.81,330.90
813.00,355.71,812.18,359.58
810.29,343.85,811.12,341.02
801.30,417.60,801.17,418.34
824.77,377.92,824.97,378.75
769.20,371.18,770.09,373.51
824.39,405.05,824.30,405.14
784.33,327.67,784.49,328.53
777.51,399.86,777.77,400.20
824.32,404.99,824.30,405.14
784.17,327.80,784.49,328.53
775.89,370.27,775.70,369.15
781.89,332.93,783.18,333.95
789.71,360.00,789.64,359.05
780.45,321.23,775.59,321.87
821.07,339.80,822.14,341.09
828.60,359.55,829.40,359.55
824.32,404.99,824.22,405.09
784.17,327.80,784.33,327.67
824.44,404.96,824.32,404.99
783.76,327.34,783.91,327.20
832.32,352.45,830.82,353.03
755.04,384.80,754.12,384.61
758.83,375.66,758.99,376.00
829.14,387.94,829.44,387.69
816.98,343.58,816.98,340.46
824.60,405.07,824.49,405.02
783.44,327.07,783.76,327.34
830.43,406.33,830.50,406.38
786.49,352.04,787.67,353.04
800.27,340.40,801.42,340.50
771.05,357.98,771.85,358.35
795.29,378.36,795.97,378.79
754.40,377.21,755.38,377.26
782.97,327.28,783.44,327.07
826.46,395.62,827.64,396.15
798.85,323.64,798.78,323.78
802.46,332.76,802.83,332.81
754.14,377.42,754.40,377.21
824.65,405.13,824.60,405.07
782.86,327.42,783.31,327.22
804.14,439.67,803.28,439.64
827.63,406.52,826.54,407.90
804.95,404.50,798.72,408.58
805.48,330.65,806.04,328.89
805.24,332.68,804.89,333.50
824.76,405.34,824.69,405.18
747.70,369.81,747.70,384.01
782.55,327.83,782.86,327.42
748.59,377.49,748.85,377.71
792.48,303.77,787.51,303.78
800.57,416.39,800.86,416.90
801.34,334.85,802.46,332.76
750.84,370.93,759.41,369.48
788.31,363.41,787.70,364.42
829.67,343.03,828.59,344.21
778.57,324.33,778.72,324.48
745.14,370.75,742.07,368.80
722.09,350.02,725.40,349.98
817.35,343.82,815.10,338.68
798.37,380.45,798.36,380.67
825.09,370.14,827.02,370.09
791.56,362.32,791.11,363.41
778.33,324.66,778.57,324.33
775.59,343.36,779.36,343.18
773.94,355.18,772.57,355.18
742.06,368.63,745.14,370.75
796.70,324.56,796.63,324.00
769.59,371.16,771.14,369.92
773.75,337.26,774.32,341.48
824.65,406.38,824.76,406.18
782.14,332.75,781.94,331.82
756.36,378.02,757.69,378.09
782.55,333.61,782.22,332.84
824.55,406.47,824.69,406.33
782.46,333.49,782.14,332.75
813.10,401.48,813.29,403.54
786.10,367.43,786.50,367.98
819.28,387.50,819.61,388.86
797.89,331.78,798.68,331.43
802.34,426.49,802.25,427.24
760.87,360.00,761.03,362.13
782.75,333.82,783.18,333.95
787.43,356.87,787.23,357.85
782.88,333.82,783.31,333.95
781.19,368.07,780.21,367.60
787.43,303.99,787.70,306.35
819.29,389.48,807.61,389.48
797.17,332.65,797.89,331.78
801.13,400.63,801.35,400.38
803.87,355.81,803.21,359.57
824.14,406.15,824.30,406.28
783.61,333.76,783.18,333.95
803.03,339.84,803.08,339.93
819.61,388.86,819.29,389.48
777.54,337.10,777.42,335.30
818.06,339.95,817.67,341.31
784.13,333.26,783.74,333.76
811.97,381.99,811.57,383.20
798.79,423.95,798.67,423.18
791.09,335.51,791.86,333.31
784.52,411.20,784.84,410.67
802.82,339.39,802.89,339.52
783.75,369.39,783.54,368.74
804.42,386.31,804.29,387.17
823.90,382.80,824.36,382.67
801.13,335.30,800.76,333.69
756.78,378.04,755.58,377.98
827.63,339.87,828.18,341.22
784.44,332.50,784.13,333.26
805.67,384.60,811.71,385.80
772.73,337.41,772.84,335.61
801.43,431.62,800.98,431.34
777.33,404.11,778.03,405.13
788.12,354.62,788.87,355.84
753.26,382.53,752.71,382.49
829.94,420.71,831.33,420.92
801.55,341.13,801.59,340.54
803.81,333.82,803.40,333.38
718.79,363.01,719.93,364.15
770.95,359.95,771.07,360.25
762.10,382.78,760.86,382.70
793.23,333.31,792.91,333.48
794.61,341.13,801.76,341.13
788.93,392.46,786.82,392.62
751.87,384.41,753.01,385.04
792.96,304.15,788.83,304.77
825.09,361.92,825.09,364.87
714.91,362.33,715.99,364.43
751.41,371.30,751.34,377.84
810.54,381.74,810.14,381.59
778.89,308.64,779.14,308.29
789.13,360.00,789.04,361.18
789.01,361.20,789.04,361.18
814.22,339.33,814.36,339.05
808.35,340.81,809.19,342.10
777.93,328.18,778.15,327.63
800.94,397.97,800.70,395.72
714.54,360.00,714.91,362.33
810.50,341.00,811.27,344.14
784.58,330.54,784.71,330.54
800.41,395.64,800.58,395.59
784.31,328.61,784.51,329.52
826.04,392.76,826.16,392.56
793.71,332.37,793.66,332.73
801.50,400.00,801.60,400.00
784.13,327.91,784.31,328.61
780.55,369.20,781.50,369.13
778.33,324.66,777.93,328.18
825.66,376.54,824.83,376.71
814.02,383.94,807.68,383.94
796.25,339.19,796.13,337.41
783.61,327.47,784.00,327.91
803.42,427.09,805.47,440.91
786.85,369.79,786.50,367.98
784.40,388.69,783.60,388.85
788.98,405.15,790.74,405.02
803.00,331.77,804.31,330.73
747.92,375.73,748.10,375.83
800.98,445.11,805.39,442.19
781.50,369.13,781.65,369.14
807.68,383.94,814.53,384.36
800.76,340.58,801.13,338.92
826.16,392.56,826.04,392.76
801.42,340.50,801.59,340.54
757.69,378.09,758.02,378.14
764.00,378.08,763.54,377.87
804.47,347.83,807.08,348.76
783.18,327.35,783.61,327.47
763.66,378.03,763.54,377.87
818.20,330.90,818.03,331.24
783.31,327.35,783.61,327.47
803.82,424.02,803.35,425.67
722.48,348.89,725.91,349.44
778.35,364.41,779.11,365.31
805.48,330.65,804.93,328.98
818.47,330.64,818.81,330.47
781.65,369.14,781.65,369.79
800.82,398.24,800.47,396.17
782.75,327.55,783.18,327.35
774.24,349.22,776.00,348.49
806.39,384.18,798.74,383.80
774.37,342.83,773.71,342.04
801.13,400.31,801.09,400.28
782.49,328.05,782.75,327.55
812.21,372.62,812.46,372.61
795.74,335.51,796.25,335.61
770.78,366.17,770.94,365.91
782.75,327.55,782.88,327.55
800.41,433.25,800.75,433.30
813.52,360.94,812.53,365.53
825.09,367.18,825.09,370.14
802.14,342.91,802.40,342.99
805.49,422.37,805.45,421.49
799.23,337.82,799.01,337.71
830.94,406.33,832.13,408.10
782.19,328.80,782.36,328.05
802.24,336.04,802.74,325.98
799.45,338.68,802.19,335.57
802.46,440.99,802.37,441.74
820.68,334.85,819.89,332.58
784.85,367.19,784.90,366.85
798.68,343.08,799.47,342.76
754.59,383.26,753.36,383.97
776.53,344.40,776.73,344.89
785.30,416.80,785.12,417.06
773.23,358.74,773.52,357.51
792.18,372.19,792.42,372.41
747.77,373.75,748.10,374.62
728.72,351.14,728.34,351.47
781.92,330.76,781.86,329.74
747.77,373.75,747.92,373.50
780.55,350.83,779.60,350.91
801.60,343.82,799.45,338.68
797.48,343.18,778.32,342.39
771.03,382.15,770.55,382.03
778.11,400.31,777.82,398.24
823.12,360.96,822.08,365.67
826.09,392.19,826.16,392.56
802.00,343.06,801.75,342.78
777.80,361.37,777.66,361.71
753.36,383.97,753.49,384.21
781.92,330.76,781.99,329.74
827.63,406.52,831.12,406.92
781.86,329.74,781.99,329.74
800.73,396.13,800.96,397.11
775.61,343.51,776.53,344.40
799.01,339.69,799.23,339.55
757.64,384.27,758.88,383.56
777.37,398.22,777.14,397.94
820.68,334.85,820.15,332.32
784.54,333.50,783.91,334.02
825.07,402.56,825.18,402.63
782.05,332.67,781.86,331.77
831.29,419.16,831.55,420.48
784.67,332.66,784.33,333.48
732.70,356.62,731.14,353.56
782.49,333.38,782.05,332.67
804.04,355.53,805.76,354.34
722.09,367.55,724.42,367.18
824.22,406.33,824.32,406.45
825.81,339.96,826.69,341.30
783.18,333.95,783.31,333.95
825.07,402.56,825.16,402.70
782.05,332.67,782.19,332.67
811.09,338.13,810.76,338.25
788.13,440.93,788.09,441.72
785.05,341.09,784.24,341.13
801.43,396.24,802.00,397.44
764.51,347.92,765.56,349.25
785.89,326.60,787.89,326.35
795.67,339.74,795.88,339.86
825.21,402.14,825.28,402.31
782.36,333.38,782.49,333.38
802.82,430.34,802.27,429.57
802.83,331.61,802.13,331.84
779.58,398.08,778.16,400.49
794.26,383.18,794.55,383.37
790.52,365.49,788.68,365.80
811.71,389.90,807.54,389.59
776.54,341.90,777.07,340.58
801.54,339.92,801.71,340.00
755.76,382.11,757.09,382.20
715.99,355.56,714.91,357.67
758.02,384.75,759.46,384.85
775.24,339.80,775.51,338.53
796.00,338.00,799.46,337.97
799.41,340.17,800.36,340.17
800.22,367.30,799.53,362.80
774.74,348.46,776.58,348.42
784.96,330.53,785.17,330.53
754.59,383.26,755.91,383.35
783.61,333.76,783.18,333.95
799.41,343.33,798.44,344.39
742.96,377.40,743.12,377.21
788.53,422.36,787.34,423.17
802.49,336.58,802.65,337.63
778.72,381.21,781.11,378.03
799.76,405.02,800.93,406.11
802.59,338.75,802.65,337.63
779.89,396.24,780.09,397.16
798.93,355.84,799.00,360.91
785.10,329.41,784.96,330.53
753.36,383.97,754.59,383.26
825.94,403.91,824.90,404.27
782.51,332.88,782.20,333.02
802.20,353.45,801.82,353.46
785.05,341.09,785.82,340.46
776.43,347.88,778.42,348.27
784.89,329.42,785.10,329.41
803.64,438.46,803.99,438.52
807.76,331.42,808.09,331.25
754.68,384.06,753.36,383.97
784.00,333.26,783.61,333.76
794.29,388.76,793.21,388.76
825.94,403.91,823.55,404.12
782.51,332.88,783.61,333.76
784.00,333.26,782.51,332.88
821.48,340.05,821.58,340.16
773.98,342.34,777.67,341.01
794.68,372.12,794.69,362.80
781.05,347.73,782.89,348.86
799.06,370.20,798.93,369.89
784.33,327.67,784.54,327.65
827.29,352.91,827.54,352.92
757.91,382.51,757.52,382.39
784.51,331.57,784.31,332.50
825.28,402.31,825.16,402.70
784.51,331.57,783.01,331.98
782.76,348.95,783.49,351.03
804.42,386.31,804.38,387.17
800.04,337.26,801.20,340.81
753.64,384.70,753.56,384.43
784.58,330.54,784.51,331.57
778.02,340.84,778.30,341.40
795.54,381.49,795.18,382.27
785.10,440.99,784.98,441.74
800.04,337.26,798.45,339.97
801.65,399.94,801.35,400.38
772.30,360.91,774.59,360.92
794.40,444.67,795.22,439.33
779.46,343.33,780.94,344.71
825.28,402.31,825.18,402.63
783.21,330.57,784.58,330.54
800.07,394.06,799.52,398.08
801.04,435.19,801.38,435.25
821.89,366.53,821.44,368.53
782.97,327.28,783.17,327.26
754.89,384.31,754.68,384.06
784.31,328.61,784.51,329.52
811.21,329.23,811.82,329.84
784.99,444.93,794.02,439.75
787.90,336.79,785.89,335.94
775.43,385.10,776.76,385.87
799.46,339.44,799.46,338.70
783.16,329.84,784.51,329.52
788.82,405.53,788.43,406.79
796.50,338.87,796.18,338.52
782.22,328.65,782.41,328.63
758.37,378.12,759.60,378.19
783.61,327.47,784.00,327.91
777.62,369.07,777.45,369.48
784.78,445.87,786.03,446.03
796.32,339.51,796.50,339.60
818.85,411.49,820.25,410.72
778.57,337.31,777.67,339.21
830.29,352.72,830.49,352.72
753.59,382.24,753.20,382.36
725.67,370.41,725.40,370.02
783.61,327.47,782.79,328.68
817.97,352.87,821.41,352.88
759.13,382.59,757.91,382.51
801.02,355.84,801.11,359.58
783.18,327.35,783.61,327.47
782.12,330.77,782.01,329.66
722.48,371.10,725.67,370.41
825.56,400.96,825.68,401.02
782.20,328.27,782.51,328.36
781.52,402.68,780.78,404.29
782.09,330.65,781.57,328.98
759.60,378.19,759.44,378.22
782.75,327.55,783.18,327.35
809.57,332.00,809.62,332.37
829.55,400.43,829.67,400.67
731.14,353.56,728.34,351.47
825.56,400.96,825.67,401.08
782.20,328.27,783.18,327.35
790.12,336.33,779.73,336.99
801.65,399.94,801.15,400.76
818.63,366.48,812.53,365.53
722.28,370.95,722.14,370.54
795.80,325.35,795.60,325.49
807.87,440.40,806.23,441.74
821.40,353.01,822.12,354.28
759.30,377.80,759.56,377.85
782.36,328.05,782.75,327.55
817.96,352.94,818.16,352.94
807.28,332.37,806.83,335.51
782.36,328.05,781.89,328.42
829.77,399.40,829.55,400.43
732.70,356.62,730.67,353.80
825.94,403.91,833.18,405.16
781.62,328.78,782.36,328.05
798.62,443.77,798.93,438.91
809.15,332.59,809.04,332.79
806.95,350.72,806.51,350.86
819.18,331.61,818.48,331.38
782.05,328.80,781.62,328.78
769.43,380.44,769.44,380.62
781.34,417.62,781.69,417.66
791.87,342.46,792.10,341.91
825.94,399.36,829.77,399.40
733.23,360.00,732.17,356.74
781.25,329.99,781.86,329.74
792.41,332.46,792.54,332.26
800.97,399.24,801.72,398.17
715.85,368.86,715.95,368.52
825.78,400.67,825.67,401.08
781.79,330.76,781.25,329.99
774.35,379.25,775.34,371.33
793.47,389.19,791.62,389.90
801.66,399.17,801.72,398.17
781.21,330.73,781.25,329.99
781.21,330.73,781.79,330.76
781.86,331.77,781.21,330.73
799.87,394.91,799.62,393.99
778.00,395.42,779.11,394.79
724.53,355.12,722.94,354.87
792.49,396.48,793.02,396.58
784.17,333.36,783.74,333.76
781.40,332.11,781.25,331.46
796.99,308.43,796.98,318.85
803.64,327.28,804.14,327.07
819.18,330.41,819.15,330.47
778.83,401.32,780.05,401.38
725.95,355.85,724.53,355.12
802.01,398.84,802.05,398.14
711.92,363.43,713.43,366.43
825.70,400.51,825.67,400.43
781.62,332.61,781.40,332.11
829.87,398.86,829.95,399.01
794.29,378.68,794.36,379.67
731.14,366.43,732.17,363.26
825.70,400.51,825.78,400.67
781.62,332.61,782.36,333.38
761.99,366.24,763.12,368.08
727.09,356.99,725.95,355.85
769.38,381.81,770.06,382.45
784.70,331.60,784.44,332.50
805.44,326.35,805.32,325.69
733.10,360.00,732.84,358.39
784.71,330.54,784.77,330.53
759.47,377.66,759.73,377.71
746.46,383.60,745.21,382.63
788.38,363.66,787.72,364.74
792.17,341.44,791.85,341.53
785.57,370.68,775.13,371.65
788.86,449.31,785.36,445.67
802.83,331.61,803.53,331.84
775.25,370.42,785.57,370.68
791.95,410.98,794.43,412.44
803.26,332.21,803.43,332.04
755.03,383.99,753.82,383.03
728.07,360.00,727.82,358.41
824.83,405.22,824.60,405.07
794.44,381.81,794.15,382.45
784.70,329.47,784.71,330.54
782.62,332.33,782.37,332.65
784.64,329.52,784.70,329.47
757.61,382.82,758.84,382.90
783.01,331.98,782.79,332.53
783.01,331.98,782.62,332.33
769.13,349.13,772.49,349.66
829.77,401.25,834.03,388.65
792.49,342.40,792.35,342.16
784.49,328.53,784.64,329.52
711.92,356.57,711.34,360.00
782.82,331.84,782.62,332.33
777.21,325.02,776.89,324.61
781.38,344.43,798.31,344.43
827.70,396.83,826.08,396.83
799.34,320.03,799.04,319.76
758.94,382.48,759.13,382.59
783.16,331.31,783.01,331.98
803.98,342.34,817.72,341.71
800.49,321.38,796.45,323.61
725.67,370.41,728.34,368.52
782.82,331.84,783.01,331.98
782.99,330.58,782.95,331.24
792.39,353.24,794.68,353.50
809.77,349.85,810.49,350.63
756.75,357.89,756.74,357.87
724.53,364.88,725.95,364.15
784.36,382.28,782.34,382.16
797.35,333.18,798.03,333.18
795.21,353.74,795.46,353.52
781.19,351.94,782.62,352.40
782.95,329.92,783.16,329.84
802.40,343.63,791.42,342.91
722.94,365.13,724.53,364.88
782.86,327.42,783.31,327.35
759.30,377.80,760.67,377.87
799.03,394.79,799.49,394.65
715.95,351.02,713.43,353.56
782.82,329.34,782.95,329.92
745.39,383.07,744.44,382.26
791.30,337.41,791.43,335.56
782.82,329.34,783.01,329.18
797.48,343.18,798.32,343.45
824.65,406.38,824.69,406.33
778.72,324.48,785.55,323.64
721.36,364.88,722.94,365.13
782.46,327.95,782.88,327.55
782.62,328.89,782.82,329.34
800.35,340.39,800.18,340.47
782.62,328.89,782.79,328.68
772.35,372.07,775.89,370.27
826.45,394.29,826.39,393.88
793.23,333.31,793.49,333.05
801.34,334.85,802.83,332.81
757.59,383.67,756.25,384.64
800.65,401.60,800.13,402.17
790.77,360.00,789.64,359.05
784.57,342.65,784.39,342.24
805.34,347.69,805.36,347.87
760.99,377.93,760.67,377.87
782.20,328.27,782.51,328.36
757.59,383.67,756.30,384.41
806.18,363.93,806.33,364.27
804.74,440.23,804.30,440.59
777.75,372.02,779.65,372.17
790.28,449.50,789.22,449.38
790.77,360.00,790.69,359.05
718.79,363.01,719.93,364.15
781.94,329.70,782.19,328.80
814.71,406.80,812.51,410.81
782.09,328.53,782.37,328.61
802.29,341.78,803.16,341.68
768.04,373.42,770.16,373.59
801.19,397.94,801.50,400.00
722.28,349.05,718.89,349.98
814.71,406.80,815.65,407.32
782.09,328.53,782.20,328.27
718.90,349.59,722.48,348.89
781.62,328.78,781.82,328.65
800.36,340.17,809.88,340.51
818.23,340.63,819.04,345.93
824.55,406.34,824.64,406.39
795.60,324.61,795.99,324.57
758.49,373.50,758.67,373.41
800.36,359.15,800.15,359.15
801.65,360.91,801.65,353.23
758.49,373.50,758.67,374.62
823.02,385.03,822.05,384.53
801.65,360.91,801.37,353.34
791.43,335.56,791.80,333.87
781.57,328.98,781.62,328.78
821.33,355.59,819.91,359.56
818.95,332.31,818.74,332.21
800.12,398.72,798.94,399.00
826.12,398.99,826.05,399.37
781.40,329.32,781.57,328.98
800.97,418.31,800.29,418.83
747.15,373.31,746.88,373.52
791.87,327.63,792.10,328.18
769.80,352.84,771.18,351.44
826.16,392.58,826.00,392.84
781.20,330.72,781.21,330.73
824.40,390.80,823.37,389.17
798.92,397.00,798.28,396.00
806.10,439.39,803.43,421.60
826.19,397.73,826.32,397.76
781.40,332.11,781.25,331.37
800.76,400.20,801.07,400.33
781.37,331.95,781.25,331.37
801.87,399.45,802.01,398.84
789.10,423.62,791.53,422.74
782.20,333.02,782.09,332.77
781.82,332.69,781.57,332.40
748.85,382.59,748.38,378.19
768.94,377.24,768.65,377.39
785.23,427.24,784.94,427.68
782.84,343.19,781.67,344.02
787.72,364.74,787.64,364.52
801.34,329.02,800.80,329.16
792.55,332.37,793.27,332.37
792.55,332.37,793.24,332.59
810.89,340.79,811.12,341.02
792.55,332.37,793.13,332.79
818.35,354.33,818.63,354.33
760.57,383.88,760.40,383.66
775.24,334.53,774.84,333.57
718.89,349.98,716.22,351.92
804.50,329.77,803.54,330.64
798.12,419.58,798.00,418.81
802.13,330.64,802.46,330.47
761.38,382.83,762.84,382.93
824.79,392.27,811.45,392.27
775.51,335.76,775.24,334.53
768.64,377.90,768.72,378.00
796.43,355.45,796.56,355.31
785.56,369.92,783.74,370.45
814.03,338.70,814.22,338.06
802.83,330.41,802.46,330.47
798.32,343.45,799.16,343.11
779.86,373.63,777.70,373.80
824.78,405.53,824.81,405.55
798.85,323.64,791.61,320.93
784.38,437.30,784.08,437.73
761.85,383.76,762.12,383.99
775.60,337.14,775.51,335.76
802.13,330.64,801.86,330.90
798.48,372.39,799.02,372.40
750.01,384.83,751.20,384.91
783.38,416.35,783.74,416.39
771.78,378.36,771.51,378.24
787.43,303.99,787.19,304.23
768.67,367.13,769.91,368.58
788.83,401.31,788.79,401.09
826.25,396.55,825.79,401.98
818.74,331.02,818.63,330.54
821.88,329.08,821.52,329.47
779.60,369.13,780.55,369.20
756.36,378.02,756.47,377.66
771.92,337.37,772.01,336.00
802.46,332.76,802.13,332.58
801.37,341.13,801.59,340.54
825.18,402.05,825.21,402.14
805.44,332.66,805.24,332.68
724.42,352.82,722.09,352.45
760.40,383.66,761.85,383.76
774.84,340.81,775.24,339.80
772.55,370.75,775.70,369.15
801.34,334.85,801.86,332.32
774.32,341.48,774.84,340.81
803.54,332.58,803.21,332.76
784.44,426.89,784.94,427.68
768.43,367.21,770.12,368.29
772.67,340.93,772.27,339.97
803.81,332.32,803.54,332.58
771.33,363.05,770.97,361.54
775.12,343.08,775.86,342.76
729.27,357.67,728.20,355.56
820.25,410.72,820.09,410.50
814.78,353.07,817.03,354.29
760.07,382.39,760.49,382.58
828.31,386.59,828.26,387.54
784.27,425.69,785.24,425.71
741.63,380.80,743.73,380.93
830.08,405.73,829.83,406.09
773.75,341.72,773.18,341.53
801.69,331.24,801.34,329.02
803.98,331.98,804.50,334.85
755.95,385.26,756.07,385.02
821.25,387.34,824.25,387.74
806.44,330.57,806.39,331.31
803.97,353.10,801.65,353.23
804.63,327.20,804.44,327.18
728.20,364.43,729.27,362.33
824.55,406.47,824.65,406.38
799.91,366.58,825.02,367.01
782.46,333.49,782.55,333.61
764.10,377.69,763.87,377.92
793.49,331.68,793.66,332.00
827.14,373.23,827.29,373.10
812.31,359.56,812.86,360.94
793.07,333.41,793.38,333.26
807.78,332.14,807.74,331.70
786.89,365.70,787.19,366.49
773.71,332.65,774.37,331.78
801.91,417.05,801.79,416.27
824.44,406.50,824.55,406.47
823.04,339.72,831.27,341.08
783.44,334.23,783.31,334.08
810.41,347.40,810.74,347.16
819.85,331.64,820.30,331.61
830.05,392.58,829.93,392.19
784.88,332.68,784.33,333.48
795.81,339.64,796.00,339.75
781.70,391.26,781.30,390.84
803.53,328.05,803.40,328.05
750.17,384.20,749.79,383.57
809.01,362.87,807.86,358.69
764.51,347.92,768.43,347.30
791.09,335.51,792.18,333.48
807.84,332.00,807.79,332.34
759.83,374.10,759.81,374.63
731.58,356.91,729.27,357.67
801.93,358.06,801.93,358.21
806.69,438.49,807.96,438.68
817.89,343.22,806.64,343.22
750.11,377.93,750.37,377.87
802.54,330.77,802.62,329.66
821.37,353.03,819.06,353.07
760.86,382.70,760.49,382.58
791.09,335.51,791.60,333.05
778.70,367.46,780.50,363.92
791.43,332.73,791.60,333.05
769.30,376.69,768.79,376.77
817.89,343.22,818.43,342.60
778.68,367.50,780.50,363.94
826.45,394.29,826.44,394.26
772.03,370.68,753.50,382.89
791.09,335.51,791.43,332.73
744.87,377.84,742.34,374.35
800.99,400.45,800.98,400.58
799.08,340.30,799.18,340.53
783.09,364.20,787.21,363.13
814.22,338.06,814.03,337.97
794.05,388.64,793.21,388.76
795.66,391.08,797.09,389.53
800.73,359.58,800.68,359.56
792.95,340.79,793.55,340.79
794.99,372.32,795.46,372.06
811.38,356.26,811.10,359.33
768.35,379.51,768.79,379.73
818.63,335.33,818.42,335.43
770.22,360.00,770.35,360.31
762.57,378.34,762.10,382.78
777.25,324.57,777.21,324.13
783.81,440.14,784.05,440.05
775.53,355.58,778.35,355.59
772.55,355.84,771.99,357.17
789.43,362.84,788.88,364.17
824.64,405.73,824.64,405.07
793.61,410.62,795.61,409.97
768.43,372.69,772.30,372.14
791.43,332.00,791.37,332.37
802.24,336.04,801.63,336.84
764.51,372.07,768.43,372.69
826.04,392.76,826.16,392.58
793.71,332.37,794.17,335.51
818.42,335.43,818.43,342.60
756.89,377.56,757.14,377.34
782.36,328.05,782.75,327.55
781.65,369.14,781.50,369.13
775.12,337.26,773.71,342.04
802.56,419.92,802.83,419.48
794.95,380.44,795.94,380.44
752.02,383.29,752.81,382.26
799.65,346.50,800.03,346.64
818.22,332.29,817.81,332.30
781.82,328.65,782.09,328.53
777.54,399.00,778.15,397.99
718.06,361.58,718.79,363.01
792.17,341.75,791.97,342.24
774.10,360.00,777.00,358.83
817.35,343.82,817.96,335.57
779.55,393.83,778.11,393.37
805.20,349.68,804.62,348.93
786.93,304.15,783.13,304.52
805.07,422.97,805.45,421.49
831.71,387.29,827.90,387.04
755.59,360.00,756.21,363.94
827.66,394.44,827.04,391.28
819.89,330.64,820.15,330.90
799.39,339.18,799.45,338.68
758.16,352.54,756.36,356.08
827.66,394.44,834.22,391.83
819.89,332.58,819.55,332.76
834.43,388.48,824.25,387.74
824.16,378.70,824.13,378.59
797.89,342.83,797.17,342.04
760.97,349.73,758.16,352.54
820.32,331.98,820.15,332.32
741.74,380.73,741.63,380.80
823.55,378.60,824.16,378.70
798.68,343.08,798.68,337.26
760.85,349.67,758.03,352.49
820.68,334.85,820.32,331.98
799.65,339.33,799.78,339.05
755.91,383.35,756.17,383.58
784.51,329.52,784.58,330.54
729.64,360.00,729.27,357.67
824.73,406.21,824.78,406.01
781.94,331.82,782.01,331.87
802.60,435.19,802.69,434.44
817.51,334.85,818.81,332.76
819.18,367.70,820.93,367.82
780.06,386.28,779.86,386.88
808.81,333.48,808.45,333.54
784.51,329.52,783.21,330.57
792.68,303.90,788.59,304.52
808.00,340.44,806.73,340.41
776.63,402.13,777.02,403.76
805.27,327.91,806.24,329.18
804.54,360.71,804.54,355.57
756.17,383.58,757.61,382.82
757.09,382.20,757.69,378.09
817.51,334.85,818.20,332.32
801.64,334.53,801.20,333.57
820.38,331.61,820.68,329.02
819.12,341.23,819.45,341.22
802.40,341.09,801.90,339.57
817.98,331.61,818.03,331.98
780.50,363.92,779.81,363.49
781.19,368.07,780.70,369.20
773.75,337.26,772.27,339.97
801.40,398.20,802.93,396.74
802.65,332.77,802.30,332.71
755.03,383.99,754.22,382.93
782.78,411.98,783.14,412.01
787.39,360.00,787.23,362.15
802.02,337.14,801.93,335.76
757.75,360.00,758.30,356.50
817.98,331.61,817.51,334.85
803.20,327.83,803.64,327.28
830.38,402.41,829.17,402.31
782.79,367.43,784.42,367.51
791.32,342.69,778.70,342.68
776.85,334.10,776.16,334.10
803.26,354.37,802.39,355.79
796.74,307.57,793.33,304.47
824.22,379.71,824.72,379.14
782.25,350.29,783.75,350.64
750.84,383.46,752.07,384.17
798.17,338.74,798.08,337.37
799.48,320.08,799.19,319.82
809.91,329.84,808.45,331.20
819.89,330.64,819.55,330.47
775.12,331.43,775.86,331.66
754.88,377.94,754.88,377.57
779.21,395.02,779.59,395.51
824.90,404.27,833.18,405.16
799.48,320.08,800.46,321.23
747.57,374.22,746.20,373.74
790.47,358.08,790.62,360.00
826.16,392.56,829.87,392.76
782.60,381.91,782.22,381.75
819.66,360.94,819.70,360.96
814.03,339.44,814.22,339.33
790.62,360.00,790.47,361.92
812.22,365.45,812.25,365.53
822.64,347.13,822.62,347.32
810.57,338.89,810.62,338.52
772.55,370.75,769.06,371.31
809.40,333.05,809.57,332.73
818.82,340.47,818.89,340.64
802.71,344.19,802.38,343.73
798.15,351.93,798.56,351.71
811.29,339.75,814.53,339.58
803.21,332.76,802.83,332.81
799.37,403.34,800.20,404.35
792.90,304.23,792.30,306.23
792.37,337.35,791.30,337.41
794.17,335.51,792.54,333.54
800.95,405.02,801.55,403.03
791.34,308.40,788.89,305.26
806.20,354.45,798.56,351.71
807.14,384.79,827.37,384.79
799.39,339.18,799.51,338.68
802.81,332.76,802.83,332.81
779.81,363.49,778.20,366.64
809.91,329.84,809.62,332.37
779.81,356.50,780.36,360.00
781.65,369.79,782.24,369.75
758.02,378.14,758.01,377.77
782.88,327.55,783.31,327.35
755.71,385.25,755.61,385.00
778.03,395.84,777.97,395.86
786.12,440.43,786.41,440.95
781.41,367.69,781.61,367.52
824.46,406.24,824.40,406.09
795.94,325.02,795.80,325.35
778.46,332.49,778.37,332.23
792.39,333.21,792.15,332.97
787.85,389.31,788.05,389.82
793.13,332.79,793.79,332.70
787.40,306.55,787.70,306.35
817.81,343.58,816.98,343.58
787.16,303.90,787.51,303.78
777.92,353.61,779.47,356.64
805.32,347.84,804.47,347.83
761.26,370.24,761.60,370.33
796.43,325.06,795.94,325.02
794.56,335.39,794.52,336.30
776.91,402.27,777.30,408.58
781.82,332.69,782.09,332.77
772.55,349.25,775.70,350.85
801.69,331.24,801.86,330.90
792.41,332.46,792.56,332.22
805.76,325.75,802.74,325.98
820.81,352.96,823.13,354.20
752.24,384.33,752.24,384.60
744.87,377.84,746.20,381.94
792.10,341.91,792.10,328.18
757.09,384.83,757.04,385.10
830.18,395.52,830.30,395.65
803.16,341.68,803.03,342.27
800.32,395.98,800.66,398.21
824.35,405.90,824.34,405.70
782.49,333.38,782.88,333.82
804.63,327.20,804.74,327.34
783.74,435.19,784.10,435.25
776.70,325.39,776.57,325.08
829.77,401.25,834.03,401.25
792.49,342.40,792.48,342.36
783.65,436.50,784.38,437.30
790.82,364.29,789.99,366.30
818.29,365.62,818.18,365.53
810.95,339.60,814.03,339.44
770.73,379.24,770.55,378.79
808.48,369.38,831.02,369.67
790.69,310.51,790.68,319.47
782.36,333.38,781.40,332.11
781.24,386.45,782.66,385.63
778.32,342.39,778.40,342.13
806.67,335.43,806.55,334.98
791.57,319.51,790.98,320.32
778.32,342.39,778.26,342.36
751.47,383.45,750.17,384.20
797.89,378.29,798.15,378.88
711.87,356.62,712.12,356.74
825.88,399.40,825.78,400.67
783.16,331.31,782.82,331.84
756.75,362.11,757.24,364.20
760.85,363.13,761.08,363.13
751.35,375.34,752.00,376.60
778.43,337.35,777.87,333.87
807.14,384.79,806.68,384.49
795.78,371.38,795.66,370.43
780.50,347.84,781.98,349.73
823.39,407.56,824.32,406.45
784.78,445.87,785.29,446.33
792.37,337.35,792.35,342.16
772.78,349.07,771.14,350.07
803.47,337.55,817.98,336.29
772.84,335.61,773.18,333.98
785.35,325.75,782.01,336.04
809.71,368.28,811.93,368.33
783.31,337.92,783.61,337.57
791.57,309.17,791.57,319.51
792.37,337.35,791.43,335.56
791.30,337.41,792.37,337.35
827.04,391.28,826.08,392.13
778.08,340.91,777.67,339.21
775.20,368.68,777.26,368.80
802.83,331.61,802.60,332.31
782.38,428.11,782.88,428.90
777.40,337.41,777.52,339.25
826.19,397.73,830.03,397.73
711.87,356.62,711.61,360.00
781.37,331.95,781.40,332.11
810.53,360.94,810.16,360.93
760.97,384.98,762.31,384.21
829.56,389.07,829.56,401.22
791.43,339.25,791.30,337.41
829.56,389.07,829.77,401.25
791.43,339.25,792.37,337.35
757.98,384.76,756.58,384.92
800.78,435.62,801.04,435.19
809.91,335.51,808.81,333.48
783.01,329.18,783.16,329.84
781.89,328.42,782.09,328.53
765.56,349.25,769.06,348.69
760.47,360.00,761.03,362.13
778.43,337.35,777.52,335.56
826.06,353.88,825.32,352.26
803.79,333.95,804.27,334.08
804.93,328.98,805.19,328.65
778.33,324.66,778.72,324.48
792.37,337.35,791.80,333.87
818.82,340.47,818.65,340.39
763.27,368.02,764.25,367.46
792.55,332.37,791.98,332.79
762.74,351.20,760.33,353.61
787.68,337.32,785.89,335.94
824.73,406.21,824.81,405.98
781.94,331.82,781.87,330.76
820.40,335.69,811.21,336.07
795.33,343.51,793.75,344.89
785.18,349.15,785.23,349.22
799.08,360.09,799.14,360.31
798.97,396.52,799.25,395.23
802.84,403.60,803.49,402.16
826.44,396.04,830.16,396.08
805.70,332.88,805.78,332.65
782.19,331.87,782.12,330.77
805.29,333.31,805.05,333.88
766.68,356.21,767.26,356.37
790.13,441.88,787.61,424.27
826.38,393.83,826.19,393.82
781.21,330.73,781.25,330.06
791.69,324.66,791.32,327.40
747.15,373.31,747.01,373.61
791.87,327.63,791.32,327.40
790.12,392.83,796.88,391.58
805.13,330.05,805.29,330.39
817.77,353.01,817.77,354.28
797.07,381.22,796.34,381.97
756.35,383.80,755.03,384.55
801.72,398.17,801.65,397.16
781.86,329.74,782.05,328.80
813.02,353.03,812.49,353.03
760.82,384.74,762.12,383.99
808.87,347.58,808.85,347.73
791.84,332.37,791.87,332.59
788.83,440.91,788.09,441.72
805.38,347.68,793.81,348.07
775.12,337.26,775.86,331.66
759.60,378.19,759.44,378.22
800.71,395.02,801.11,395.51
782.05,332.67,781.86,331.77
729.50,355.04,727.89,354.79
783.12,389.00,783.60,388.85
748.91,384.59,748.60,383.94
830.09,393.87,830.23,393.88
802.89,339.52,803.08,339.93
803.94,327.55,803.81,327.55
820.32,331.24,820.15,330.90
791.32,342.69,791.87,342.46
771.85,355.79,771.62,356.18
796.63,325.13,800.49,321.38
773.75,332.79,774.32,332.97
803.81,330.90,803.98,331.24
759.16,384.38,759.27,384.63
825.06,391.89,824.84,391.57
774.84,333.57,774.32,332.97
762.24,376.39,761.98,377.04
798.56,448.96,797.06,449.39
778.57,333.17,778.22,333.32
779.59,395.51,778.79,396.81
732.10,356.94,730.95,355.78
784.44,332.50,784.49,332.58
803.54,330.64,803.81,330.90
814.36,339.05,814.41,338.68
760.40,383.66,759.16,384.38
821.47,354.10,821.43,354.11
810.50,341.00,810.11,341.06
764.58,355.73,767.42,354.43
810.76,339.51,810.95,339.60
782.46,432.03,782.44,431.54
791.33,357.84,790.47,358.08
775.12,337.26,777.07,340.58
799.12,353.11,799.02,353.33
759.17,367.99,760.55,369.61
825.65,390.87,829.56,391.18
784.64,331.57,784.70,331.60
782.11,413.22,782.26,412.48
770.98,358.46,770.93,359.05
811.45,392.27,811.12,392.09
772.67,333.73,773.18,333.05
797.09,318.83,797.16,319.70
785.35,421.16,786.05,421.97
784.51,379.06,783.81,376.85
778.55,320.33,778.73,320.48
797.76,363.20,799.23,360.44
784.18,320.17,783.92,319.92
819.66,330.70,819.91,330.95
776.30,365.32,778.35,364.41
746.39,382.71,746.08,382.41
763.37,376.03,765.47,376.03
778.57,341.44,778.26,341.53
811.15,353.13,809.11,353.03
760.60,384.48,761.85,383.76
772.01,336.00,772.27,334.74
824.73,405.31,824.78,405.53
780.39,348.01,782.24,348.46
827.95,397.10,826.67,401.87
803.00,329.74,804.52,329.32
789.10,305.10,793.33,304.47
813.45,384.53,806.62,384.11
801.13,338.92,801.26,337.10
755.95,382.54,755.55,382.45
800.78,398.08,800.94,397.97
784.44,328.61,784.64,329.52
760.82,384.74,760.60,384.48
775.51,338.53,775.60,337.14
718.06,358.41,717.81,360.00
786.42,419.52,786.71,420.03
806.62,355.54,806.52,355.31
773.75,337.26,775.60,337.14
793.90,332.97,793.66,333.21
813.20,360.93,812.25,365.53
780.75,413.27,781.10,413.30
809.91,329.84,809.14,331.42
831.33,420.92,831.12,420.70
801.42,340.50,801.54,339.92
803.40,333.38,803.21,332.67
759.19,378.17,759.44,378.22
719.76,352.82,722.09,352.45
783.21,330.57,783.16,331.31
730.95,364.21,732.10,363.06
784.13,327.91,784.17,327.80
766.95,363.75,767.68,365.51
778.70,352.54,775.70,350.85
772.01,338.74,771.92,337.37
807.78,332.59,807.53,332.35
800.82,398.24,800.76,400.20
779.29,367.15,781.01,366.69
773.18,333.98,773.71,332.65
799.75,423.32,799.66,424.07
791.86,331.42,792.18,331.25
783.68,352.33,784.90,353.15
777.23,347.09,793.34,348.05
758.78,375.57,758.93,375.88
742.76,376.56,742.76,379.35
804.21,343.32,780.21,344.33
819.77,331.18,819.88,331.38
800.31,426.94,800.43,427.72
792.37,337.35,791.80,340.90
817.77,354.28,821.40,353.01
760.67,377.87,760.67,378.25
727.89,365.21,729.50,364.95
783.31,327.35,783.31,327.22
779.56,310.29,779.64,309.96
782.88,327.55,783.31,327.35
826.03,398.86,825.99,398.78
782.79,328.68,783.01,329.18
726.28,364.95,727.89,365.21
771.19,382.99,771.39,382.76
782.88,327.55,782.86,327.42
786.80,341.41,785.43,341.48
780.65,404.12,781.14,402.49
804.86,333.76,805.70,332.88
800.88,400.70,801.13,400.31
801.34,329.02,801.63,331.61
827.86,386.62,827.86,387.57
784.44,425.99,785.35,426.49
769.59,371.16,771.44,372.29
773.75,337.26,772.67,340.93
773.75,337.26,773.18,341.53
778.87,405.37,779.57,405.00
805.60,332.50,806.24,331.98
804.04,331.61,803.98,331.98
783.82,426.36,784.30,425.59
772.53,372.53,774.52,372.69
776.54,332.44,775.86,331.66
751.31,378.34,750.09,378.28
825.65,390.87,825.65,387.16
787.70,364.42,790.49,364.41
788.38,363.66,788.88,364.17
792.62,303.99,792.90,304.23
793.46,389.79,793.87,389.67
782.09,330.65,781.20,330.72
774.23,360.78,776.14,360.78
761.55,378.53,761.76,378.41
792.17,337.31,791.11,337.38
748.23,374.89,750.37,374.98
774.37,331.78,775.12,331.43
803.16,341.68,803.20,341.64
819.61,388.86,807.28,388.86
800.19,332.44,799.47,331.66
746.30,378.02,746.30,377.66
807.69,439.75,798.33,444.93
764.75,370.93,777.62,369.07
787.81,442.19,788.09,441.72
722.09,369.98,719.76,367.18
796.18,339.25,796.50,338.87
772.09,360.71,772.09,355.56
804.47,347.83,803.85,348.85
774.19,361.18,776.91,360.00
820.43,410.81,818.85,411.49
777.67,335.53,777.54,337.38
782.51,328.36,783.61,327.47
801.98,330.70,802.40,331.02
750.48,384.31,750.60,384.06
804.82,360.91,804.82,370.64
778.98,308.77,778.90,309.18
781.82,332.69,781.57,332.40
790.12,336.33,795.46,338.90
782.14,371.67,782.04,371.15
827.33,412.76,828.46,418.56
775.12,337.26,773.71,332.65
778.43,337.35,777.87,340.90
788.22,357.86,787.90,355.74
768.79,376.77,767.97,376.67
826.78,409.51,827.33,412.76
798.68,337.26,797.89,331.78
743.63,377.87,744.86,377.94
787.38,302.29,792.04,302.25
824.09,405.93,824.23,406.12
827.79,339.86,828.33,341.23
784.00,333.26,783.61,333.76
808.81,333.48,809.14,333.31
824.47,373.01,825.19,371.73
808.81,333.48,809.13,333.27
787.07,368.58,788.26,368.61
787.40,306.55,787.76,306.88
753.49,384.21,753.44,384.44
750.36,381.65,746.32,382.10
810.98,382.96,810.72,383.18
790.49,336.07,789.88,335.46
787.72,364.74,788.13,365.40
796.25,335.61,796.61,333.98
782.99,307.73,783.37,307.51
788.33,306.23,787.70,306.35
753.61,377.87,754.88,377.94
782.01,331.87,781.93,330.77
795.85,323.78,795.41,323.86
831.12,406.92,832.23,408.57
784.51,329.52,784.58,330.54
763.99,372.11,769.99,373.07
811.57,383.20,812.40,382.16
790.26,335.07,790.12,334.55
787.68,366.97,787.19,366.49
772.84,339.19,772.73,337.41
793.37,320.87,791.69,320.87
783.47,348.49,783.75,350.64
826.98,352.72,830.45,352.86
831.60,366.69,831.90,366.69
783.61,337.57,787.68,337.32
824.92,370.50,827.02,370.09
755.38,377.26,755.55,377.47
800.94,397.97,801.15,400.54
824.55,405.01,824.49,405.02
783.31,327.22,783.76,327.34
800.42,428.34,800.75,427.62
799.71,345.93,799.65,346.50
795.32,420.72,803.21,421.45
785.05,341.09,785.82,341.64
810.43,335.37,810.74,335.07
788.35,448.96,788.65,448.49
796.63,324.00,796.45,323.61
785.62,369.82,784.00,370.81
811.12,341.02,811.12,343.85
801.13,324.14,801.44,324.43
810.34,391.01,813.45,391.17
797.17,342.04,796.61,340.79
806.20,357.07,806.52,355.31
827.04,391.28,826.16,392.58
778.08,340.91,777.73,339.24
775.20,368.68,775.27,368.80
799.56,422.76,798.76,422.43
801.13,338.92,800.92,339.03
816.82,340.17,818.58,340.13
756.72,377.70,756.47,377.66
824.39,405.05,824.64,405.07
783.76,327.34,784.17,327.80
789.04,441.46,786.68,427.41
784.39,369.66,785.94,368.09
826.48,402.41,834.18,403.22
776.02,324.65,775.89,325.21
818.48,331.38,818.58,331.18
798.47,360.25,798.63,360.44
747.04,373.20,747.25,373.10
781.37,329.46,781.57,328.98
769.65,380.33,769.30,379.72
718.06,358.41,717.81,360.00
782.14,332.75,781.99,331.77
784.67,332.66,784.88,332.68
818.29,365.62,812.25,365.53
814.88,338.24,814.73,337.93
785.44,325.59,787.20,324.41
800.04,337.26,798.88,333.73
799.71,345.93,800.10,345.96
807.58,332.70,807.78,332.59
784.18,308.01,784.85,309.23
783.01,329.18,782.95,329.92
791.94,332.33,792.00,332.67
817.35,343.82,815.04,339.18
800.49,321.38,796.63,324.00
793.63,333.01,793.79,332.70
778.70,364.87,779.16,365.08
756.07,385.02,756.16,384.75
826.43,396.64,826.67,401.87
804.37,329.99,804.52,329.32
826.46,395.65,826.46,395.62
796.28,391.02,796.46,391.16
803.44,334.11,802.99,333.63
800.04,337.26,801.64,339.80
819.88,331.84,819.77,332.04
770.03,358.21,770.18,357.85
776.89,324.61,776.70,325.39
786.37,391.30,785.89,390.22
806.20,326.60,805.32,325.69
776.28,396.52,776.55,395.23
804.27,327.22,804.74,327.34
802.29,341.78,803.03,342.27
822.63,355.26,819.80,355.62
800.12,358.70,800.15,359.15
810.56,346.78,810.19,346.92
788.73,362.38,789.04,361.18
826.78,409.51,826.36,406.64
783.91,334.02,783.44,334.23
795.90,356.15,798.47,356.39
758.67,375.83,758.85,375.74
796.16,381.60,795.97,382.03
774.26,355.54,774.35,355.31
744.87,377.84,747.41,374.35
808.04,332.94,807.89,332.79
799.54,372.10,799.53,362.80
830.21,373.31,832.68,373.39
824.40,390.80,822.30,387.95
818.01,331.61,818.06,331.97
799.46,339.12,799.31,339.45
762.15,349.07,763.95,347.97
793.27,332.37,793.24,332.14
817.51,334.85,817.51,329.77
824.40,406.09,824.35,405.90
791.53,342.18,778.32,341.75
776.89,323.72,776.70,323.86
772.34,355.57,772.44,355.33
762.78,376.12,767.97,376.67
819.13,368.48,821.44,368.53
785.87,342.27,787.00,342.46
800.54,369.00,799.77,369.64
785.57,370.68,775.25,370.42
795.32,420.72,803.44,420.72
799.70,394.21,800.36,393.47
791.86,324.45,791.86,321.15
758.49,375.73,758.67,375.83
751.33,379.35,751.33,376.56
825.40,395.15,825.33,394.77
777.00,361.17,777.28,362.32
824.46,406.24,824.64,405.73
795.94,325.02,795.60,324.61
817.03,333.31,805.29,333.31
793.93,349.68,792.74,350.99
796.50,339.60,799.46,339.44
785.93,353.48,786.89,354.30
819.75,385.69,820.95,386.55
805.48,330.65,804.58,330.06
781.25,330.06,781.37,329.46
801.73,332.30,801.98,332.55
722.94,365.13,724.53,364.88
824.23,406.12,824.30,406.28
783.74,333.76,783.18,333.95
743.54,373.74,743.55,373.58
798.45,339.97,798.17,338.74
829.46,376.45,829.46,374.02
804.23,355.80,803.57,359.57
782.76,348.95,784.39,350.34
754.28,382.02,753.02,381.94
783.91,327.20,784.33,327.67
800.46,321.23,799.19,319.82
804.42,386.31,804.29,387.17
800.04,337.26,798.17,338.74
796.06,392.18,799.98,391.61
809.04,332.79,808.89,332.94
792.15,372.16,792.39,372.39
810.49,350.63,810.61,350.63
764.25,350.43,765.74,349.36
799.95,343.58,799.11,343.58
809.15,332.59,809.04,332.79
779.75,369.14,779.60,370.14
780.94,344.71,781.21,344.39
802.39,355.79,801.11,359.58
789.87,360.00,789.80,360.95
787.70,355.58,788.31,356.59
809.15,332.14,809.18,332.37
830.07,405.09,829.38,404.12
778.15,342.46,776.66,344.44
812.35,366.38,818.35,366.48
770.32,378.25,773.95,378.43
785.93,366.53,784.90,366.85
802.81,401.03,802.96,399.67
804.04,331.61,804.50,334.85
728.07,360.00,727.82,358.41
824.69,406.33,824.76,406.18
782.22,332.84,781.94,331.82
772.81,357.37,772.76,357.09
744.30,377.47,743.65,371.05
836.53,391.13,827.41,391.13
748.27,373.51,748.42,373.78
795.47,343.36,796.20,325.73
803.26,332.21,802.83,331.61
830.79,355.49,829.99,354.64
797.05,439.10,798.82,438.93
798.91,394.01,799.52,398.08
790.12,336.33,790.12,344.31
791.45,324.48,791.63,324.33
744.63,377.99,744.43,377.98
782.09,330.65,782.82,331.84
786.89,365.70,785.93,366.53
805.72,325.59,804.42,324.16
776.73,320.39,776.53,320.91
755.03,384.55,753.75,384.95
800.39,395.35,800.73,396.13
781.40,329.32,781.62,328.78
777.07,323.82,776.89,323.72
722.28,349.05,725.91,349.44
810.95,338.87,810.76,339.51
811.17,339.74,805.39,344.31
777.25,324.57,776.89,324.61
793.33,304.60,793.32,306.56
814.75,372.80,818.11,372.80
788.13,365.40,787.19,366.49
796.70,324.56,800.49,321.38
787.72,364.74,786.89,365.70
796.63,325.13,796.70,324.56
788.29,368.55,786.85,369.79
782.26,413.09,790.32,413.09
799.34,340.46,799.11,340.69
801.29,405.31,800.26,405.58
812.05,334.63,811.82,335.46
780.01,366.07,781.01,366.69
807.30,385.43,807.14,384.79
775.59,321.87,775.82,324.65
783.58,421.93,783.70,421.18
788.33,304.64,788.06,307.06
778.20,366.70,779.29,367.15
789.76,361.44,789.80,360.95
775.89,324.08,775.59,321.87
791.57,331.94,791.42,332.28
791.53,342.18,791.17,342.46
789.49,364.48,788.68,365.80
775.59,343.36,776.06,325.60
773.80,357.54,772.44,357.52
796.10,371.38,797.21,377.75
777.25,324.57,776.78,324.08
824.47,373.01,824.44,371.72
796.32,339.51,796.50,338.87
752.89,377.92,751.41,371.30
811.43,391.98,811.45,392.27
814.03,339.44,814.22,339.33
760.56,384.09,761.84,383.10
781.92,319.82,780.45,321.23
771.91,368.41,772.02,368.81
800.65,392.21,800.81,391.72
798.85,323.64,797.44,320.17
767.26,377.64,767.79,377.77
833.41,388.24,812.88,388.24
805.39,336.33,805.39,329.87
805.32,325.69,805.44,326.35
777.71,396.12,778.00,395.42
784.17,333.36,783.76,333.88
765.91,347.15,765.96,347.07
800.27,341.88,800.21,341.14
826.05,399.37,829.78,399.36
804.72,333.76,804.40,333.95
799.71,353.11,799.81,353.33
766.40,351.84,766.54,351.89
800.92,362.87,800.92,369.17
775.12,337.26,775.12,331.43
785.81,434.01,786.17,434.06
798.68,337.26,800.76,340.58
805.76,325.75,802.24,336.04
774.59,360.92,772.30,360.91
775.61,343.51,776.73,344.89
769.44,380.62,769.59,380.77
801.90,342.65,801.71,342.24
780.36,321.38,776.76,324.56
787.89,326.35,787.78,325.69
805.21,337.32,806.19,335.94
747.57,374.22,749.10,373.70
803.20,398.21,803.86,396.18
778.26,328.39,778.32,333.12
730.17,354.13,729.27,357.67
782.49,325.98,782.01,336.04
802.88,334.94,790.90,335.72
784.91,430.00,785.20,429.57
800.04,337.26,798.45,334.74
804.61,403.71,803.22,405.53
747.05,377.61,746.83,374.58
800.70,392.62,799.04,392.46
780.24,345.32,790.64,344.90
802.83,331.61,802.10,331.61
791.69,324.66,791.63,324.33
779.63,369.55,778.15,370.99
814.44,355.66,813.08,359.56
804.22,443.77,798.93,438.91
818.44,331.61,818.48,331.38
823.91,355.40,815.60,355.30
802.45,332.70,802.46,332.76
821.25,328.45,821.88,329.08
787.68,337.32,787.90,336.79
749.20,383.58,748.01,382.63
790.45,329.69,789.95,328.56
792.99,389.29,792.21,389.69
809.76,332.35,809.70,332.70
795.78,324.08,795.71,324.65
812.18,410.50,810.47,407.03
779.65,372.17,780.39,371.99
805.19,328.65,805.48,328.53
790.69,347.73,791.40,348.83
795.47,343.36,795.78,325.21
808.96,347.76,808.28,348.81
785.52,339.52,785.70,339.93
774.84,340.81,775.69,341.36
799.43,333.05,800.04,332.79
787.08,425.67,786.38,425.53
811.00,387.34,804.43,387.35
776.30,355.13,775.80,355.26
802.74,325.98,802.16,325.45
784.57,339.57,784.80,339.29
808.46,332.37,807.75,332.37
776.53,320.91,775.61,321.73
768.12,347.84,766.29,348.96
829.76,355.53,829.02,359.55
826.45,394.29,826.30,394.48
717.66,366.10,719.76,367.18
824.09,405.93,824.14,406.15
827.79,339.86,828.18,341.22
784.00,333.26,784.13,333.26
804.64,371.27,804.27,356.03
746.32,373.58,744.87,373.53
781.65,369.14,782.14,369.07
800.04,337.26,800.65,341.48
768.72,378.00,769.01,378.37
794.40,444.67,795.49,444.22
784.28,340.54,784.39,340.00
773.99,355.53,774.12,355.31
761.76,377.46,761.55,377.35
784.80,342.91,784.57,342.65
743.43,377.42,742.96,377.40
778.26,400.57,780.05,398.81
802.29,340.29,802.35,341.04
784.80,342.91,785.05,341.09
798.56,448.96,797.05,449.31
791.93,360.00,791.83,361.17
778.57,333.17,778.26,333.12
788.35,448.96,788.80,449.07
776.69,325.13,776.52,325.56
727.82,358.41,727.09,356.99
784.77,330.53,784.64,331.57
786.76,427.45,786.75,426.03
802.83,331.61,803.57,331.61
762.74,376.48,762.78,376.12
792.17,341.44,791.81,341.33
806.25,329.34,806.39,329.92
771.18,351.44,773.75,353.04
769.11,380.19,771.44,380.19
800.92,362.87,800.54,362.87
759.60,368.25,757.37,368.42
788.43,406.79,790.70,406.28
803.06,332.31,802.83,331.61
822.93,355.58,822.21,359.54
778.22,341.33,778.26,341.53
780.50,363.94,781.12,360.00
791.60,333.05,791.86,333.31
803.82,424.02,803.53,425.53
810.62,339.25,810.95,338.87
777.67,339.21,778.02,340.84
830.33,406.52,829.24,407.90
784.00,327.91,784.31,328.61
773.18,340.79,772.84,339.19
780.39,371.99,778.42,371.73
791.23,339.21,791.11,337.38
802.45,332.70,802.14,332.54
789.30,365.51,788.31,367.13
782.09,330.65,781.25,331.37
799.11,360.91,799.11,355.61
792.17,337.31,791.23,339.21
805.13,335.72,805.13,329.61
775.77,350.95,775.44,351.31
825.75,401.41,825.75,397.45
801.98,330.70,801.73,330.95
787.36,302.41,787.38,302.29
771.54,360.00,771.61,359.05
776.02,324.65,775.82,324.65
758.03,367.50,711.92,363.43
792.77,340.51,793.71,340.51
792.03,340.55,792.77,340.51
784.13,333.26,784.17,333.36
783.79,367.32,784.90,366.85
798.68,337.26,799.47,342.76
758.03,352.49,756.21,356.05
820.15,332.32,819.89,332.58
816.82,340.17,817.77,340.17
776.57,324.20,776.23,323.78
784.17,333.36,784.33,333.48
799.95,343.58,799.11,340.69
825.17,391.99,825.06,391.89
801.20,333.57,800.65,332.97
787.08,425.67,787.36,424.44
809.46,340.39,816.93,340.27
813.34,355.69,812.65,359.55
795.20,425.66,795.47,424.43
813.38,355.70,812.69,359.56
788.13,440.93,787.81,442.19
768.35,372.77,722.48,371.10
785.05,341.09,784.28,341.71
820.32,331.24,820.38,331.61
746.32,382.10,746.20,381.94
798.45,334.74,798.88,333.73
793.22,331.46,792.91,331.30
809.99,381.29,810.45,382.33
794.06,329.24,780.24,329.24
792.72,341.02,792.72,343.85
828.66,352.37,829.80,352.35
819.91,331.61,820.13,331.62
798.08,337.37,798.17,336.00
786.76,427.45,804.20,426.03
789.71,360.00,789.64,360.95
802.83,331.61,803.53,331.38
759.91,366.64,758.30,363.49
826.10,407.43,824.73,406.21
747.06,375.12,747.23,375.57
803.08,353.39,803.67,353.78
791.82,327.72,791.32,327.52
799.47,418.90,798.96,418.17
792.78,333.05,792.98,332.94
810.29,343.85,810.89,340.79
818.90,340.26,819.04,340.59
810.29,340.79,810.29,343.85
826.02,378.16,825.40,379.67
753.32,384.09,752.30,382.93
805.05,333.88,806.14,335.33
816.98,343.58,817.58,340.46
802.83,331.61,802.40,331.02
775.89,370.27,778.68,367.50
782.97,334.09,783.64,334.26
817.81,340.69,817.81,343.58
824.78,405.53,824.76,405.34
782.14,328.73,782.46,327.95
777.21,325.02,777.25,324.57
724.53,355.12,722.94,354.87
796.45,325.56,796.20,325.73
815.04,339.18,815.10,338.68
830.50,406.18,830.33,406.14
809.59,332.36,809.54,332.02
797.52,392.83,790.12,392.83
767.97,365.32,767.42,365.57
784.39,340.00,784.57,339.57
791.81,347.16,791.64,346.78
819.75,385.69,821.08,377.08
777.82,366.31,776.72,367.59
780.25,371.58,778.35,372.27
759.12,375.99,759.34,375.90
795.45,378.38,795.18,378.47
774.17,355.53,774.28,355.26
747.41,374.35,746.20,373.74
789.50,367.16,789.52,367.11
808.46,332.37,807.78,332.59
809.15,332.14,809.18,332.37
803.08,396.03,802.24,393.98
834.88,459.14,828.48,418.90
784.18,308.01,784.77,309.55
771.92,364.48,772.72,365.80
759.42,373.21,759.62,373.33
825.01,401.97,825.73,401.86
770.87,359.57,770.84,359.15
803.61,427.16,801.27,444.58
794.67,401.12,797.15,402.27
805.39,336.33,811.39,337.89
750.69,375.31,750.69,380.61
780.44,367.43,781.61,367.52
795.60,324.61,795.80,325.35
806.95,350.72,805.93,350.45
819.18,331.61,818.44,331.61
795.49,444.22,794.40,444.67
804.18,355.79,803.53,359.56
811.39,339.86,805.39,344.31
793.71,340.51,793.55,340.79
771.75,355.68,771.62,356.18
761.85,383.76,762.84,382.93
819.61,332.21,819.34,332.71
790.12,344.31,795.88,339.86
804.40,343.32,804.21,343.32
804.23,355.80,803.57,359.57
811.17,339.74,811.39,339.86
769.06,348.69,772.55,349.25
792.35,342.16,792.48,342.36
780.42,404.04,779.06,404.59
803.87,355.81,803.95,359.57
719.76,367.18,722.09,367.55
749.73,377.54,748.59,377.49
818.37,338.75,818.26,336.58
787.59,307.43,792.00,306.80
826.19,397.10,830.07,397.17
804.40,327.35,805.38,328.27
829.82,420.51,829.66,420.14
785.10,329.41,785.17,330.53
821.60,366.53,821.53,366.62
775.52,351.20,777.92,353.61
792.56,332.22,792.54,332.26
801.34,329.02,802.83,330.41
793.45,381.56,794.46,381.86
815.57,343.32,817.89,343.22
784.58,389.19,783.82,389.90
800.68,359.56,801.24,360.91
808.30,333.41,807.99,333.26
818.37,338.75,817.57,343.49
820.32,331.98,820.30,331.61
806.20,357.07,806.20,355.21
796.72,332.37,791.84,333.77
805.29,333.31,806.55,334.98
801.00,391.43,800.90,391.32
778.80,321.15,778.80,324.45
823.85,373.23,823.86,373.10
821.52,334.39,821.67,333.85
798.44,401.45,799.52,398.08
792.55,332.37,792.55,333.08
715.85,351.14,715.95,351.47
800.92,362.87,800.54,369.00
748.42,375.49,747.84,375.90
775.12,337.26,776.54,332.44
795.71,324.65,795.78,325.21
714.91,357.67,714.54,360.00
784.51,329.52,784.64,329.52
801.33,355.82,800.68,359.56
814.03,338.70,814.22,339.33
799.41,343.33,798.16,344.71
803.61,427.16,805.47,440.91
787.68,366.97,786.50,367.98
800.78,398.22,800.47,396.17
719.76,352.82,719.93,355.85
782.88,327.55,783.18,327.35
731.14,353.56,730.67,353.80
782.19,332.67,781.86,331.77
828.94,361.98,828.94,364.85
824.23,352.83,821.96,352.87
760.33,382.83,760.58,383.02
764.51,347.92,760.85,349.67
818.47,332.58,818.81,332.76
782.36,328.05,782.49,328.05
805.07,422.97,805.03,422.14
802.19,335.57,799.39,338.18
754.22,382.93,754.01,382.59
801.68,353.10,801.36,353.24
799.45,391.29,802.68,392.69
798.40,415.22,797.73,415.72
802.83,332.81,802.45,332.70
831.33,420.92,829.94,420.71
803.01,337.57,802.49,336.58
830.65,405.77,830.64,406.01
791.43,335.56,792.37,337.35
795.51,339.39,795.46,338.90
799.02,353.33,798.48,356.05
804.67,355.14,806.44,355.13
787.58,363.13,787.21,363.13
795.74,389.31,794.90,388.82
800.54,405.28,801.55,405.00
826.59,373.37,816.92,373.05
776.96,373.60,779.06,373.09
800.66,398.21,800.99,400.45
804.90,354.92,803.97,353.10
788.69,302.94,788.62,302.72
795.67,338.03,795.51,338.40
784.33,333.48,783.91,334.02
831.06,353.92,831.36,354.00
817.03,333.31,817.02,330.39
800.65,401.60,799.52,398.08
809.27,378.99,810.96,379.87
762.78,376.12,768.51,376.39
784.33,333.48,784.54,333.50
802.19,336.19,800.95,337.57
766.45,379.21,766.44,379.91
777.01,393.46,776.33,396.68
791.65,327.83,791.85,328.39
783.74,327.47,784.13,327.91
791.79,320.48,797.17,319.92
827.47,398.27,827.11,400.32
776.78,325.06,776.63,325.44
791.48,342.37,779.22,342.37
824.52,383.99,823.86,384.17
798.68,337.26,801.26,337.10
777.45,369.48,775.60,371.27
796.50,338.87,796.13,338.89
785.52,342.60,785.30,342.89
792.55,332.37,792.33,331.68
730.95,355.78,729.50,355.04
807.78,332.14,807.89,331.94
804.36,355.47,804.18,355.79
780.05,398.81,780.22,396.95
797.85,362.85,797.85,356.76
789.66,330.67,789.66,334.63
824.59,392.09,811.12,392.09
795.81,338.13,795.67,338.46
803.40,421.16,802.60,421.46
799.65,338.06,799.78,338.32
774.56,371.67,776.43,372.12
786.71,368.29,785.56,369.92
802.65,441.63,802.11,442.17
785.05,339.19,785.30,339.26
804.21,346.96,804.49,347.65
755.91,383.35,755.55,382.45
806.24,329.18,806.25,329.34
799.65,338.06,799.46,337.97
755.74,360.00,757.75,360.00
788.33,304.64,783.52,306.93
784.80,339.29,785.05,339.19
779.60,401.52,780.05,401.38
784.44,332.50,784.13,333.26
796.18,338.52,796.32,338.25
797.85,362.85,797.02,357.06
768.35,372.77,722.48,371.10
784.28,341.71,784.24,341.13
830.36,395.62,831.55,396.15
821.52,345.12,822.32,346.37
766.40,368.16,767.95,369.76
799.39,358.57,799.21,358.43
778.48,393.66,777.65,395.79
755.20,383.76,752.80,382.83
796.13,338.89,796.18,338.52
829.56,401.08,829.52,401.02
728.72,351.14,725.40,349.98
825.50,400.99,825.28,402.31
782.79,328.68,784.00,327.91
802.60,332.31,802.83,332.35
778.26,341.77,778.32,341.75
746.39,382.71,746.47,382.29
748.20,382.20,747.60,378.09
829.26,378.94,828.38,378.82
785.44,325.59,786.92,324.16
783.69,445.37,784.25,445.86
800.04,337.26,801.64,334.53
799.83,401.89,800.34,402.52
791.51,332.02,791.45,332.36
810.94,338.46,811.01,338.40
795.74,389.31,795.41,389.82
792.98,332.94,793.63,333.01
767.26,378.84,761.45,377.94
802.10,331.61,802.13,331.84
794.20,409.87,792.80,410.12
817.03,333.31,818.30,334.98
775.37,370.33,775.61,370.24
785.52,421.46,785.73,421.48
782.46,432.03,782.37,431.98
791.33,357.84,791.50,360.00
775.12,337.26,772.84,339.19
788.88,364.17,788.13,365.40
819.14,383.80,823.96,378.80
792.39,372.39,794.68,372.12
802.24,331.18,802.13,331.38
823.04,339.72,830.72,339.72
777.90,399.29,777.81,397.97
830.26,405.22,830.18,405.12
785.56,343.06,785.34,342.54
791.92,405.02,799.76,405.02
802.83,330.88,802.60,330.91
797.09,444.15,795.68,444.48
803.06,330.91,802.83,330.88
782.00,428.34,782.52,428.85
767.68,365.51,768.93,366.89
759.16,384.38,760.40,383.66
780.50,356.08,779.81,356.50
772.27,339.97,772.01,338.74
795.61,409.97,802.91,407.59
817.02,330.39,817.03,333.31
784.36,383.38,781.58,383.20
811.29,338.00,811.09,338.13
802.83,331.61,802.24,332.04
799.34,320.03,799.48,320.08
803.43,331.18,803.26,331.02
757.98,384.76,759.31,384.00
790.58,411.10,791.95,410.98
808.78,372.63,808.97,372.40
785.56,343.06,784.45,342.33
792.91,331.30,792.57,331.25
802.23,344.43,816.89,344.43
782.93,355.83,780.25,358.25
774.24,346.25,776.39,346.42
798.12,356.42,799.08,358.21
809.34,359.57,810.16,360.93
791.85,328.39,791.70,328.41
761.59,371.42,762.08,371.65
784.89,343.06,785.16,343.15
802.81,332.76,802.45,332.70
798.62,443.77,804.02,444.04
777.54,337.38,777.67,339.21
795.88,337.89,795.67,338.03
719.01,369.49,717.66,366.10
819.88,331.38,819.91,331.61
724.42,367.18,726.53,366.10
782.04,371.15,782.24,371.54
815.99,401.40,813.29,403.54
776.69,325.13,775.59,343.36
824.65,405.13,824.55,405.01
782.86,327.42,782.97,327.28
812.21,353.17,812.46,353.18
742.34,381.33,741.63,380.80
824.13,378.59,824.16,378.70
775.12,343.08,774.37,342.83
826.12,398.99,826.04,399.43
781.82,328.65,781.89,328.42
795.63,449.50,797.06,449.39
789.04,361.18,788.76,362.32
778.26,333.12,778.22,333.32
803.16,330.52,803.48,330.69
802.40,341.09,801.55,341.13
831.44,352.85,830.74,352.85
754.55,382.45,754.80,382.63
775.97,354.56,776.89,353.78
829.98,406.34,830.08,406.39
785.70,339.93,785.82,340.46
780.01,396.74,779.72,395.40
792.20,302.17,791.97,302.09
818.95,332.31,819.18,331.61
814.36,339.05,814.41,338.68
783.93,388.79,783.53,388.87
771.94,355.53,772.55,355.84
785.30,339.26,785.52,339.52
792.55,332.37,792.33,333.05
819.18,330.88,819.40,330.91
791.57,331.94,780.58,331.94
789.26,360.00,789.11,360.00
776.69,325.13,780.36,321.38
810.71,347.56,810.41,347.40
791.43,332.00,791.60,331.68
793.62,343.51,793.31,343.99
826.03,398.86,829.95,399.01
805.32,325.69,804.72,324.41
796.18,339.25,796.32,339.51
782.75,333.82,783.31,333.95
808.46,369.14,831.02,369.67
818.18,337.55,817.98,336.29
783.09,416.80,783.38,416.35
791.80,333.87,792.41,332.46
747.77,373.75,747.67,374.14
729.27,362.33,729.64,360.00
823.55,404.12,824.08,405.69
801.93,335.76,801.64,334.53
785.20,370.74,785.57,370.68
819.18,331.61,818.74,332.21
728.34,368.52,730.67,366.19
795.03,379.71,794.93,378.16
790.65,347.76,794.83,347.62
802.00,343.06,801.28,343.49
798.17,336.00,798.45,334.74
775.67,371.38,776.19,367.27
802.64,367.46,804.00,360.92
725.95,364.15,727.09,363.01
824.39,406.39,824.49,406.44
782.97,334.09,783.44,334.23
784.77,330.53,784.70,331.60
791.87,332.59,791.98,332.79
780.55,369.20,780.70,369.20
801.20,340.81,801.64,339.80
791.87,332.14,791.84,332.37
772.01,338.74,772.42,338.97
814.03,339.44,814.73,339.45
791.98,331.94,791.87,332.14
721.36,364.88,722.94,365.13
824.18,405.91,824.23,406.12
784.13,333.26,783.61,333.76
810.50,346.23,819.04,345.93
782.93,364.17,779.16,365.08
774.05,355.33,774.05,360.77
769.11,376.29,771.25,376.29
811.83,371.46,815.38,371.46
184.67,461.38,220.49,298.84
808.46,332.37,808.46,333.08
792.48,342.36,791.80,340.90
832.08,339.24,831.50,340.65
800.64,413.70,800.21,414.04
818.74,332.21,818.58,332.04
792.55,331.65,792.33,331.68
792.98,331.79,792.78,331.68
808.69,333.05,808.46,333.08
750.90,382.83,750.73,382.58
808.89,332.94,808.69,333.05
802.46,335.13,790.45,335.90
812.02,352.98,815.42,352.98
764.00,378.08,763.66,378.03
817.51,329.77,818.47,330.64
833.84,406.92,827.63,406.52
783.18,327.35,783.31,327.35
812.18,340.24,811.80,341.58
800.96,392.35,802.68,392.69
789.71,360.00,789.64,360.95
789.73,354.69,790.49,355.59
809.18,332.37,809.15,332.59
792.13,332.94,792.33,333.05
824.35,405.50,824.40,405.32
778.77,327.80,778.94,327.62
804.68,427.41,804.20,426.03
809.04,331.94,809.15,332.14
808.89,331.79,809.04,331.94
830.58,405.31,830.50,405.13
785.19,341.88,785.14,341.14
793.71,340.51,800.36,340.17
772.30,347.86,725.91,349.44
783.75,369.39,785.18,368.79
776.29,323.48,776.06,323.65
818.37,338.75,818.44,337.63
818.37,338.75,818.26,336.58
796.54,390.09,795.74,389.31
764.47,371.08,761.46,370.98
784.36,383.38,782.34,382.16
808.24,331.68,808.46,331.65
808.04,331.79,808.24,331.68
783.18,327.35,782.51,328.36
819.13,411.63,820.43,410.81
791.11,337.38,791.23,335.53
796.26,379.28,796.09,379.07
783.66,302.88,788.27,302.83
792.17,362.82,791.97,362.81
804.67,424.05,787.13,424.79
807.89,331.94,808.04,331.79
782.20,320.08,781.92,319.82
791.53,347.55,791.55,347.73
804.21,343.32,803.67,342.71
805.50,422.46,805.73,423.62
807.75,332.37,807.78,332.14
776.57,324.20,776.52,324.64
747.73,384.11,747.85,383.86
826.78,409.51,827.33,412.76
801.65,337.12,801.93,335.76
785.04,309.86,784.74,318.84
759.20,373.31,758.99,373.61
830.08,406.39,830.18,406.37
773.18,341.53,772.67,340.93
802.13,343.76,801.82,344.26
799.33,391.26,797.69,390.84
796.66,307.66,793.33,304.60
791.85,341.77,792.17,341.75
759.54,375.61,759.34,375.90
807.89,332.79,807.78,332.59
808.04,332.94,808.46,332.37
806.64,343.22,806.64,343.22
817.89,343.22,806.64,343.22
817.89,343.22,818.62,342.60
795.63,324.65,795.69,325.13
790.49,336.07,800.01,335.47
818.30,334.98,818.42,335.43
794.77,391.44,793.59,391.80
793.03,333.41,792.69,333.36
819.66,360.94,818.59,366.05
814.53,337.82,814.65,337.71
796.66,307.66,793.32,306.56
765.77,349.66,769.13,349.13
726.53,353.89,724.42,352.82
781.89,328.42,782.75,327.55
791.69,324.66,791.87,327.63
788.22,362.14,787.90,364.25
760.55,369.61,766.16,371.12
801.15,400.76,801.13,400.63
776.73,320.39,775.61,321.73
806.55,334.98,818.30,334.98
770.12,377.63,773.74,377.81
782.14,369.07,783.54,368.74
809.60,378.82,803.89,378.70
782.20,320.08,780.45,321.23
809.62,332.37,809.91,335.51
779.53,319.50,779.52,320.32
802.24,393.98,803.36,394.23
787.13,424.79,786.99,425.05
802.83,331.61,802.24,331.18
808.54,346.82,808.87,347.58
773.28,365.40,774.67,364.74
775.12,337.26,774.37,331.78
796.29,381.05,796.33,380.43
778.72,324.48,791.45,324.48
804.77,330.41,805.29,330.39
783.21,330.57,782.95,331.24
829.91,347.19,828.17,349.22
825.75,401.41,825.91,401.44
801.73,330.95,801.56,331.27
803.20,333.61,802.85,332.84
802.21,440.83,801.36,440.79
793.24,332.14,793.13,331.94
774.56,363.49,774.92,363.41
778.44,372.07,780.28,371.30
802.27,440.39,801.45,440.05
752.22,377.99,751.55,377.96
806.14,357.36,806.01,357.48
748.41,377.69,747.57,376.12
830.06,402.32,829.80,402.14
778.40,342.13,777.87,340.90
778.08,340.91,778.02,340.84
776.89,324.61,777.07,325.35
802.28,441.29,801.77,442.10
808.46,332.37,808.69,333.05
769.91,368.58,771.36,369.82
784.20,319.70,783.84,318.83
782.82,329.34,782.95,329.92
782.26,412.48,782.78,411.98
772.50,369.85,774.13,370.85
799.51,423.20,798.79,423.95
805.78,332.65,805.48,332.77
749.95,377.76,750.11,377.93
790.35,328.38,780.24,329.24
783.52,391.32,782.94,392.49
792.98,332.94,793.13,332.79
798.13,397.91,798.11,395.84
826.59,373.37,827.56,371.45
788.36,307.26,788.57,304.89
792.98,332.94,793.38,333.26
764.66,350.35,765.55,351.03
825.71,397.21,825.86,397.14
803.74,331.98,803.80,331.62
784.51,376.37,794.89,376.83
800.97,418.31,800.62,418.87
794.46,378.63,794.75,379.17
808.46,332.37,809.15,332.59
826.32,397.76,826.12,398.99
785.56,323.87,785.80,323.78
752.05,383.10,752.09,382.67
814.75,372.80,818.35,371.55
806.44,330.58,806.39,331.24
802.80,395.58,802.83,395.98
792.55,332.37,792.13,331.79
824.68,353.94,823.15,355.30
799.21,358.43,799.39,358.57
791.82,331.70,791.66,332.01
777.62,373.88,779.86,373.63
798.85,323.64,797.44,320.17
777.21,324.13,776.63,323.74
744.60,377.42,744.34,377.47
811.29,338.00,811.39,337.89
796.54,390.09,796.17,390.57
793.07,333.41,792.78,333.05
789.43,362.84,789.49,364.48
803.53,331.38,803.43,331.18
818.35,366.48,819.41,368.48
785.43,343.04,786.48,343.36
803.24,400.54,803.27,398.28
809.19,381.52,809.72,381.52
787.70,306.35,788.33,306.23
804.72,329.46,804.93,328.98
818.58,340.13,800.18,340.13
753.85,377.92,754.05,377.90
812.84,340.59,813.37,341.90
779.25,401.20,779.63,400.76
792.84,396.75,793.74,396.84
783.76,333.88,783.31,334.08
788.86,449.31,784.69,445.35
792.21,412.92,794.43,412.44
802.83,331.61,803.43,332.04
818.19,385.23,813.74,384.95
808.12,440.03,805.01,424.39
769.42,355.97,789.04,355.75
790.82,355.71,790.83,355.73
806.44,330.57,806.44,330.58
803.43,332.04,803.53,331.84
791.81,347.16,792.02,347.40
782.89,348.86,783.92,347.64
814.36,338.32,814.22,338.06
782.68,418.02,783.09,418.32
780.55,349.78,779.60,350.91
825.01,396.59,824.68,396.70
778.90,309.18,779.53,319.50
798.75,414.98,798.32,415.32
780.11,412.44,780.87,412.92
796.36,318.84,797.05,319.70
789.30,365.51,788.31,367.13
804.93,332.40,805.48,330.65
749.52,384.14,749.52,384.40
772.02,382.15,772.22,381.69
771.26,358.70,771.29,359.15
787.24,394.16,784.48,393.08
784.96,330.53,784.89,331.64
778.48,400.70,778.11,400.31
801.03,397.96,801.19,397.94
727.82,361.58,728.07,360.00
824.60,406.42,824.69,406.33
799.73,366.39,824.92,366.81
782.55,333.61,782.14,332.75
804.72,331.95,804.58,331.37
778.57,337.31,778.02,333.85
805.14,444.93,805.91,444.22
778.57,341.44,778.22,341.33
817.03,333.31,806.55,334.98
753.01,385.04,751.80,384.95
805.08,327.67,805.44,328.44
803.90,400.32,803.84,400.36
818.74,359.56,819.59,360.96
802.40,341.09,802.66,342.89
830.33,406.52,826.54,407.90
784.00,327.91,784.13,327.91
785.87,339.84,785.99,340.41
781.27,396.87,781.01,395.66
825.32,391.98,825.17,391.99
792.15,302.30,792.04,302.25
799.07,419.57,798.73,420.12
831.54,366.79,831.14,368.74
804.79,345.12,827.76,345.53
795.67,339.33,795.62,338.90
808.46,332.37,807.89,332.79
804.50,334.85,803.21,332.76
801.59,340.54,801.71,340.00
792.55,332.37,792.98,332.94
801.30,400.36,801.37,400.19
717.81,360.00,718.06,361.58
784.64,329.52,784.58,330.54
793.13,332.79,793.24,332.59
719.93,364.15,721.36,364.88
824.08,405.69,824.18,405.91
784.44,332.50,784.00,333.26
768.43,372.69,769.06,371.31
799.43,341.53,798.88,340.93
802.37,411.20,801.47,410.67
818.06,331.26,818.01,331.61
802.58,343.87,802.23,344.43
810.16,382.52,810.72,383.18
793.13,332.79,793.24,332.59
814.23,372.92,814.56,373.05
787.40,306.55,787.19,304.23
802.89,339.52,803.08,339.93
799.81,353.33,799.77,356.09
759.60,368.25,759.25,368.42
803.06,332.31,803.26,332.21
759.11,375.10,759.01,375.49
748.01,374.95,744.87,377.84
771.19,382.99,771.40,382.89
756.21,363.94,758.03,367.50
819.18,330.41,819.55,330.47
778.09,328.22,778.15,327.63
772.72,340.38,773.40,340.38
801.08,340.81,808.35,340.81
348.38,368.27,220.49,298.84
782.19,332.67,781.99,331.77
793.36,333.36,793.03,333.41
818.29,365.62,812.22,365.45
814.88,338.24,815.04,338.18
820.91,355.59,819.52,359.56
760.85,370.33,715.95,368.98
799.41,340.17,800.18,340.13
758.03,367.50,760.85,370.33
817.51,329.77,818.20,330.90
781.86,329.74,781.40,329.32
747.70,369.81,744.41,382.87
792.78,333.05,792.55,332.37
804.54,330.72,804.58,330.06
778.33,324.66,778.33,320.87
829.86,401.96,829.63,401.77
785.87,342.27,785.67,342.73
772.20,372.30,771.85,371.86
756.33,384.74,757.61,385.13
804.62,360.71,804.82,357.10
800.54,369.00,800.92,369.17
826.13,397.78,830.02,397.78
713.43,353.56,712.12,356.74
781.57,332.40,781.62,332.61
802.14,342.91,801.90,342.65
773.09,370.45,774.56,371.67
803.57,421.46,802.88,421.97
799.89,357.98,800.03,358.30
781.82,328.65,782.09,328.53
791.37,332.37,791.09,329.84
799.78,339.05,799.83,338.68
728.72,368.86,728.34,368.52
825.50,400.99,825.67,401.08
784.31,328.61,783.16,329.84
755.12,382.34,754.80,382.63
800.62,398.19,800.78,398.08
727.82,358.41,727.09,356.99
824.76,406.18,824.81,405.98
782.01,331.87,781.87,330.76
744.93,382.32,744.87,382.15
779.64,309.96,780.38,310.18
758.16,367.46,760.97,370.27
818.20,330.90,818.47,330.64
802.40,339.19,802.66,339.26
802.40,341.09,801.71,342.24
799.11,340.69,799.11,343.58
778.30,333.26,778.32,333.12
782.09,330.65,782.62,332.33
801.56,331.27,801.51,331.62
799.51,404.85,800.08,404.45
790.69,360.95,790.48,360.95
732.70,356.62,732.17,356.74
782.49,333.38,782.88,333.82
786.24,407.59,788.43,406.79
759.47,377.66,760.55,377.71
829.03,348.45,829.96,350.66
791.60,340.84,791.81,341.33
783.01,331.98,784.31,332.50
771.05,368.61,772.50,369.85
772.30,372.14,725.91,370.56
784.24,341.13,784.28,340.54
798.68,331.43,799.47,331.66
791.46,340.91,777.73,339.24
771.52,369.49,772.98,370.81
790.69,310.51,795.56,309.86
776.54,332.44,776.99,332.13
798.85,323.64,797.64,320.03
770.14,359.59,770.84,359.15
796.95,411.68,801.27,444.58
802.89,342.60,802.66,342.89
819.61,332.21,819.40,332.31
711.87,363.38,712.12,363.26
781.89,332.93,781.62,332.61
782.63,412.80,783.43,412.51
772.72,365.80,773.72,366.97
799.72,422.50,798.76,422.43
817.24,333.39,816.08,342.71
778.95,372.99,780.93,372.17
782.75,389.90,784.58,389.19
802.42,440.14,801.72,439.62
781.37,331.95,781.25,331.37
763.37,379.86,765.50,379.47
791.60,333.85,791.81,333.32
824.55,405.10,824.64,405.07
799.43,341.53,800.04,337.26
754.22,382.93,754.01,382.59
751.31,382.73,749.86,382.63
805.72,325.59,804.72,324.41
792.89,341.21,792.53,342.48
803.05,402.49,802.76,403.69
800.80,418.02,800.01,418.32
791.57,331.94,791.90,332.27
781.82,332.69,782.09,330.65
