782.56,355.04,784.17,354.79
776.74,355.12,784.17,354.79
778.33,354.87,784.17,354.79
778.33,354.87,784.17,354.79
785.78,355.04,784.17,354.79
779.91,355.12,778.33,354.87
779.91,355.12,785.78,355.04
787.23,355.78,785.78,355.04
787.23,355.78,779.91,355.12
788.38,356.94,787.23,355.78
782.47,356.99,781.34,355.85
783.20,358.41,789.12,358.39
783.45,360.00,783.20,358.41
783.45,360.00,789.38,360.00
788.38,363.06,789.12,361.61
782.47,363.01,783.20,361.58
782.47,363.01,788.38,363.06
787.23,364.21,788.38,363.06
787.23,364.21,782.47,363.01
781.34,364.15,787.23,364.21
785.78,364.95,787.23,364.21
779.91,364.88,781.34,364.15
779.91,364.88,785.78,364.95
784.17,365.21,785.78,364.95
784.17,365.21,779.91,364.88
778.33,365.13,784.17,365.21
776.74,364.88,782.56,364.95
775.31,364.15,781.10,364.21
773.45,361.58,779.21,361.61
773.20,360.00,773.45,361.58
773.20,360.00,778.96,360.00
779.21,358.39,778.96,360.00
779.21,358.39,773.20,360.00
773.45,358.41,773.20,360.00
779.95,356.94,779.21,358.39
779.95,356.94,773.45,358.41
774.18,356.99,773.45,358.41
774.18,356.99,779.95,356.94
776.74,355.12,782.56,355.04
775.31,355.85,776.74,355.12
774.99,352.82,777.32,352.45
774.24,350.51,777.32,352.45
777.32,350.02,779.66,352.82
783.19,351.92,781.76,353.89
783.43,355.56,781.76,353.89
783.19,351.92,783.43,355.56
785.40,354.13,784.50,357.67
784.87,360.00,784.50,357.67
784.50,362.33,784.87,360.00
786.82,363.08,784.50,362.33
786.82,363.08,783.43,364.43
785.40,365.87,783.43,364.43
785.40,365.87,781.76,366.10
783.19,368.07,779.66,367.18
780.41,369.49,779.66,367.18
780.41,369.49,777.32,367.55
777.32,369.98,777.32,367.55
774.24,369.49,772.89,366.10
771.46,368.07,772.89,366.10
771.22,364.43,772.89,366.10
771.46,368.07,771.22,364.43
769.25,365.87,771.22,364.43
769.25,365.87,770.15,362.33
767.83,363.08,770.15,362.33
769.78,360.00,770.15,362.33
767.83,363.08,769.78,360.00
767.34,360.00,769.78,360.00
770.15,357.67,769.78,360.00
767.34,360.00,770.15,357.67
767.83,356.91,770.15,357.67
767.83,356.91,771.22,355.56
769.25,354.13,771.22,355.56
772.89,353.89,771.22,355.56
769.25,354.13,772.89,353.89
771.46,351.92,772.89,353.89
774.99,352.82,772.89,353.89
779.91,355.12,778.33,354.87
781.76,353.89,779.66,352.82
779.91,355.12,779.66,352.82
783.43,355.56,781.76,353.89
783.43,355.56,781.34,355.85
782.47,356.99,781.34,355.85
782.47,356.99,783.43,355.56
784.87,360.00,784.50,357.67
784.87,360.00,783.20,358.41
783.45,360.00,783.20,358.41
784.50,362.33,784.87,360.00
783.45,360.00,784.87,360.00
783.20,361.58,783.45,360.00
783.43,364.43,784.50,362.33
783.20,361.58,784.50,362.33
782.47,363.01,783.20,361.58
781.76,366.10,783.43,364.43
782.47,363.01,783.43,364.43
781.34,364.15,782.47,363.01
779.66,367.18,781.76,366.10
781.34,364.15,781.76,366.10
779.91,364.88,781.34,364.15
777.32,367.55,779.66,367.18
779.91,364.88,779.66,367.18
778.33,365.13,779.91,364.88
774.99,367.18,777.32,367.55
778.33,365.13,777.32,367.55
776.74,364.88,778.33,365.13
772.89,366.10,774.99,367.18
775.31,364.15,776.74,364.88
774.18,363.01,775.31,364.15
770.15,362.33,771.22,364.43
774.18,363.01,771.22,364.43
773.45,361.58,774.18,363.01
773.45,361.58,770.15,362.33
770.15,357.67,769.78,360.00
773.45,358.41,773.20,360.00
773.45,358.41,770.15,357.67
774.18,356.99,773.45,358.41
775.31,355.85,774.18,356.99
776.74,355.12,778.33,354.87
774.99,352.82,777.32,352.45
774.99,352.82,772.89,353.89
774.99,352.82,775.31,355.85
777.38,349.46,780.93,349.59
783.58,351.47,780.41,350.51
783.19,351.92,780.41,350.51
780.93,349.59,780.64,349.98
777.32,350.02,777.32,352.45
783.99,351.14,780.64,349.98
783.58,351.47,780.64,349.98
784.31,351.02,781.21,349.44
783.99,351.14,780.93,349.59
785.91,353.80,783.19,351.92
785.40,354.13,783.19,351.92
783.99,351.14,783.58,351.47
785.91,353.80,783.58,351.47
786.76,353.47,783.99,351.14
786.41,353.56,783.99,351.14
785.91,353.80,785.40,354.13
787.41,356.74,785.91,353.80
788.34,356.57,786.76,353.47
788.34,356.57,786.41,353.56
787.96,356.62,786.41,353.56
787.96,356.62,787.41,356.74
787.92,360.00,787.41,356.74
788.88,360.00,787.96,356.62
788.50,360.00,787.96,356.62
786.82,363.08,787.31,360.00
788.50,360.00,787.92,360.00
787.41,363.26,787.92,360.00
788.34,363.43,788.88,360.00
788.34,363.43,788.50,360.00
787.96,363.38,788.50,360.00
785.91,366.19,786.82,363.08
785.40,365.87,786.82,363.08
786.41,366.43,787.41,363.26
785.91,366.19,787.41,363.26
786.76,366.53,788.34,363.43
786.76,366.53,787.96,363.38
786.41,366.43,787.96,363.38
783.19,368.07,785.40,365.87
786.41,366.43,785.91,366.19
783.99,368.86,785.91,366.19
783.58,368.52,785.91,366.19
784.31,368.98,786.76,366.53
786.41,366.43,786.76,366.53
784.31,368.98,786.41,366.43
783.99,368.86,786.41,366.43
783.58,368.52,783.19,368.07
780.64,370.02,783.19,368.07
780.41,369.49,783.19,368.07
780.93,370.41,783.58,368.52
780.64,370.02,783.58,368.52
781.21,370.56,784.31,368.98
783.99,368.86,784.31,368.98
781.21,370.56,783.99,368.86
777.55,370.95,780.64,370.02
777.38,370.54,780.64,370.02
777.78,371.10,780.93,370.41
774.17,370.41,777.38,370.54
777.55,370.95,777.78,371.10
774.35,370.56,777.55,370.95
774.17,370.41,777.55,370.95
774.13,370.02,774.24,369.49
771.19,368.52,774.24,369.49
771.46,368.07,774.24,369.49
777.32,369.98,774.99,367.18
774.17,370.41,774.13,370.02
774.24,369.49,774.99,367.18
771.12,368.86,774.13,370.02
771.19,368.52,774.13,370.02
771.25,368.98,774.35,370.56
774.17,370.41,774.35,370.56
771.25,368.98,774.17,370.41
771.12,368.86,774.17,370.41
771.19,368.52,771.46,368.07
768.86,366.19,771.46,368.07
769.25,365.87,771.46,368.07
771.12,368.86,771.19,368.52
768.69,366.43,771.19,368.52
768.86,366.19,771.19,368.52
768.80,366.53,771.25,368.98
771.12,368.86,771.25,368.98
768.80,366.53,771.12,368.86
768.69,366.43,771.12,368.86
768.86,366.19,769.25,365.87
767.83,363.08,769.25,365.87
785.78,355.04,778.33,354.87
768.69,366.43,768.86,366.19
767.14,363.38,768.86,366.19
767.36,363.26,768.86,366.19
767.22,363.43,768.80,366.53
781.34,355.85,779.91,355.12
767.22,363.43,768.69,366.43
767.14,363.38,768.69,366.43
767.36,363.26,767.83,363.08
766.85,360.00,767.83,363.08
767.34,360.00,767.83,363.08
788.38,356.94,781.34,355.85
767.14,363.38,767.36,363.26
766.60,360.00,767.36,363.26
766.85,360.00,767.36,363.26
766.68,360.00,767.22,363.43
783.20,358.41,782.47,356.99
766.68,360.00,767.14,363.38
766.60,360.00,767.14,363.38
767.36,356.74,767.34,360.00
767.83,356.91,767.34,360.00
767.22,356.57,766.68,360.00
766.60,360.00,766.68,360.00
767.36,356.74,767.83,356.91
769.25,354.13,767.83,356.91
788.38,363.06,783.20,361.58
767.14,356.62,767.36,356.74
768.86,353.80,767.36,356.74
768.80,353.47,767.22,356.57
767.14,356.62,767.22,356.57
781.34,364.15,782.47,363.01
768.80,353.47,767.14,356.62
768.69,353.56,767.14,356.62
768.86,353.80,769.25,354.13
771.19,351.47,769.25,354.13
771.46,351.92,769.25,354.13
785.78,364.95,781.34,364.15
768.69,353.56,768.86,353.80
771.25,351.02,768.80,353.47
768.69,353.56,768.80,353.47
778.33,365.13,779.91,364.88
771.25,351.02,768.69,353.56
771.12,351.14,768.69,353.56
771.19,351.47,771.46,351.92
774.13,349.98,771.46,351.92
774.17,349.59,771.19,351.47
774.13,349.98,771.19,351.47
774.18,363.01,779.95,363.06
777.55,349.05,774.13,349.98
774.17,349.59,774.13,349.98
777.38,349.46,777.32,350.02
779.95,363.06,775.31,364.15
774.24,350.51,777.38,349.46
774.13,349.98,777.38,349.46
774.24,350.51,774.13,349.98
778.96,360.00,779.21,361.61
774.17,349.59,777.55,349.05
778.96,360.00,773.45,361.58
774.17,349.59,777.78,348.89
774.35,349.44,777.78,348.89
774.17,349.59,774.35,349.44
827.99,347.86,777.78,348.89
831.93,347.23,781.21,349.44
831.93,347.23,777.78,348.89
781.21,349.44,777.78,348.89
781.76,366.10,782.47,363.01
835.88,347.86,784.31,351.02
835.88,347.86,781.21,349.44
779.66,367.18,781.34,364.15
839.44,349.67,786.76,353.47
777.32,367.55,779.91,364.88
842.26,352.49,788.34,356.57
767.14,363.38,767.22,363.43
842.26,352.49,786.76,353.47
788.34,356.57,786.76,353.47
774.99,367.18,778.33,365.13
766.85,360.00,767.34,360.00
844.07,356.05,788.88,360.00
789.38,360.00,783.20,358.41
766.60,360.00,766.85,360.00
844.70,360.00,788.34,363.43
789.38,360.00,789.12,358.39
844.70,360.00,788.88,360.00
767.36,356.74,766.85,360.00
844.07,363.94,788.34,363.43
770.15,362.33,774.18,363.01
767.14,356.62,766.60,360.00
842.26,367.50,784.31,368.98
842.26,367.50,786.76,366.53
768.86,353.80,767.83,356.91
839.44,370.33,781.21,370.56
839.44,370.33,784.31,368.98
831.93,372.77,777.78,371.10
768.69,353.56,767.36,356.74
835.88,372.14,777.78,371.10
774.35,370.56,777.78,371.10
827.99,372.14,771.25,368.98
827.99,372.14,774.35,370.56
824.43,370.33,768.80,366.53
824.43,370.33,771.25,368.98
768.80,366.53,771.25,368.98
821.60,367.50,767.22,363.43
768.80,353.47,767.22,356.57
821.60,352.49,768.80,353.47
827.99,347.86,774.35,349.44
824.43,349.67,774.35,349.44
824.43,349.67,771.25,351.02
829.27,349.25,832.76,348.69
828.10,372.07,829.27,370.75
823.61,366.64,826.12,369.15
819.95,363.92,823.61,366.64
821.46,360.00,822.01,363.49
819.33,360.00,822.01,363.49
819.95,363.92,822.01,363.49
822.01,356.50,821.46,360.00
819.95,356.08,821.46,360.00
823.61,353.35,822.01,356.50
821.75,352.54,822.01,356.50
784.50,362.33,783.45,360.00
826.12,350.85,823.61,353.35
824.56,349.73,823.61,353.35
770.15,357.67,773.20,360.00
832.02,372.69,831.93,372.77
774.18,356.99,771.22,355.56
828.10,372.07,832.02,372.69
827.99,372.14,831.93,372.77
777.32,352.45,778.33,354.87
824.56,370.27,828.10,372.07
827.99,372.14,828.10,372.07
824.43,370.33,827.99,372.14
824.43,370.33,824.56,370.27
821.75,367.46,824.43,370.33
776.74,355.12,775.31,355.85
821.60,367.50,824.43,370.33
774.99,352.82,776.74,355.12
819.95,363.92,821.75,367.46
821.60,367.50,821.75,367.46
819.95,363.92,821.60,367.50
819.79,363.94,821.60,367.50
780.64,349.98,780.41,350.51
819.33,360.00,819.95,363.92
819.33,360.00,819.79,363.94
819.17,360.00,819.79,363.94
780.93,349.59,781.21,349.44
819.95,356.08,819.33,360.00
819.17,360.00,819.33,360.00
783.58,351.47,783.19,351.92
821.75,352.54,819.95,356.08
821.75,352.54,819.79,356.05
821.60,352.49,819.79,356.05
783.99,351.14,784.31,351.02
824.56,349.73,821.75,352.54
827.99,347.86,831.93,347.23
832.02,347.30,831.93,347.23
828.10,347.92,832.02,347.30
826.46,351.20,824.05,353.61
826.46,351.20,823.61,353.35
787.96,356.62,788.34,356.57
822.01,356.50,823.61,353.35
824.05,353.61,823.61,353.35
822.01,356.50,824.05,353.61
822.51,356.64,824.05,353.61
787.92,360.00,787.31,360.00
821.46,360.00,822.01,356.50
821.46,360.00,822.51,356.64
821.98,360.00,822.51,356.64
788.50,360.00,788.88,360.00
822.01,363.49,821.46,360.00
821.98,360.00,821.46,360.00
822.01,363.49,821.98,360.00
822.51,363.36,821.98,360.00
787.41,363.26,786.82,363.08
823.61,366.64,822.01,363.49
822.51,363.36,822.01,363.49
823.61,366.64,822.51,363.36
824.05,366.39,822.51,363.36
826.12,369.15,824.05,366.39
826.46,368.79,824.05,366.39
785.91,366.19,785.40,365.87
829.27,370.75,826.12,369.15
826.46,368.79,826.12,369.15
829.27,370.75,826.46,368.79
829.49,370.34,826.46,368.79
832.76,371.31,829.27,370.75
832.76,371.31,829.49,370.34
781.34,355.85,787.23,355.78
826.12,350.85,829.27,349.25
829.49,349.66,829.27,349.25
826.12,350.85,829.49,349.66
839.44,349.67,784.31,351.02
826.46,351.20,829.49,349.66
783.20,361.58,789.12,361.61
825.44,363.13,825.90,363.13
825.73,363.13,825.90,363.13
825.44,363.13,825.73,363.13
825.54,363.13,825.73,363.13
825.44,363.13,825.54,363.13
827.14,356.08,825.69,357.87
827.14,356.08,826.68,358.01
820.65,362.12,825.13,363.13
825.80,355.75,825.54,356.87
782.56,364.95,784.17,365.21
821.14,355.80,825.54,356.87
825.22,362.15,825.44,363.13
824.90,362.15,825.44,363.13
825.13,363.13,825.44,363.13
776.74,364.88,778.33,365.13
824.90,362.15,825.13,363.13
781.10,364.21,782.56,364.95
825.22,362.15,825.44,363.13
781.10,364.21,776.74,364.88
825.22,362.15,825.90,363.13
775.31,364.15,776.74,364.88
825.69,362.13,825.90,363.13
779.95,363.06,781.10,364.21
774.24,350.51,777.32,350.02
825.06,360.00,825.22,362.15
824.73,360.00,825.22,362.15
824.90,362.15,825.22,362.15
774.18,363.01,775.31,364.15
777.55,349.05,777.38,349.46
824.73,360.00,824.90,362.15
825.69,362.13,825.22,362.15
779.21,361.61,779.95,363.06
825.06,360.00,825.22,362.15
825.22,357.85,825.06,360.00
824.90,357.85,825.06,360.00
824.73,360.00,825.06,360.00
824.90,357.85,824.73,360.00
825.53,360.00,825.06,360.00
825.22,357.85,825.06,360.00
825.22,357.85,825.53,360.00
825.69,357.87,825.53,360.00
773.45,358.41,779.21,358.39
825.13,356.87,825.44,356.87
825.22,357.85,825.44,356.87
784.31,351.02,781.21,349.44
825.13,356.87,825.22,357.85
780.93,370.41,783.99,368.86
825.54,356.87,825.73,356.87
831.76,360.00,831.91,361.90
832.08,360.00,831.91,361.90
819.79,363.94,767.22,363.43
831.62,361.92,832.07,363.79
830.68,366.26,832.80,365.57
819.17,360.00,766.68,360.00
819.79,356.05,767.22,356.57
831.65,368.16,831.81,368.11
831.65,368.16,830.68,366.26
819.79,356.05,768.80,353.47
829.81,369.73,833.07,369.81
829.81,369.73,831.45,371.14
829.80,369.66,831.45,371.14
821.60,352.49,771.25,351.02
831.43,371.05,831.45,371.14
831.91,358.10,831.76,360.00
832.08,360.00,831.76,360.00
831.91,358.10,832.08,360.00
832.23,361.83,831.62,361.92
831.47,360.00,831.62,361.92
831.47,360.00,832.23,361.83
831.62,361.92,832.07,363.79
829.85,364.26,832.07,363.79
829.85,364.26,831.62,361.92
829.68,364.29,830.68,366.26
830.51,366.30,831.65,368.16
827.28,366.25,831.65,368.16
828.41,368.09,831.65,368.16
829.80,369.66,828.41,368.09
828.41,368.09,829.81,369.73
829.80,369.66,829.81,369.73
829.80,369.66,831.43,371.05
830.24,368.97,831.43,371.05
831.75,370.26,831.43,371.05
830.24,368.97,831.75,370.26
830.94,371.04,832.77,372.15
831.47,360.00,832.08,360.00
829.34,362.16,831.62,361.92
831.47,360.00,831.62,361.92
783.19,368.07,781.76,366.10
829.34,362.16,829.85,364.26
829.68,364.29,829.85,364.26
829.68,364.29,829.34,362.16
829.68,364.29,830.51,366.30
827.28,366.25,830.51,366.30
827.28,366.25,828.41,368.09
828.41,368.03,828.41,368.09
828.95,367.46,830.24,368.97
828.41,368.03,830.24,368.97
828.41,368.03,829.80,369.66
830.24,368.97,829.80,369.66
830.24,368.97,831.75,370.26
830.94,371.04,831.75,370.26
829.32,369.64,830.94,371.04
830.80,371.12,832.64,372.25
830.94,371.04,832.64,372.25
830.94,371.04,832.77,372.15
827.90,372.11,834.63,373.07
831.86,373.34,831.94,373.42
779.21,361.61,774.18,363.01
825.06,360.00,825.69,362.13
777.78,348.89,777.55,349.05
832.23,358.16,831.62,358.08
786.76,353.47,784.31,351.02
832.07,356.21,831.62,358.08
825.44,356.87,825.22,357.85
831.62,358.08,831.47,360.00
788.34,363.43,788.88,360.00
825.69,357.87,825.44,356.87
829.17,362.17,829.34,362.16
829.00,360.00,829.34,362.16
825.90,356.87,825.44,356.87
829.17,360.00,829.34,362.16
767.14,356.62,766.85,360.00
825.95,362.15,829.68,364.29
786.76,366.53,788.34,363.43
826.45,364.25,829.68,364.29
827.29,366.20,826.45,364.25
826.45,364.25,827.28,366.25
825.90,356.87,825.73,356.87
827.29,366.20,828.41,368.03
828.95,367.46,828.41,368.03
827.91,365.76,828.95,367.46
827.93,368.02,829.32,369.64
828.95,367.46,830.24,368.97
829.32,369.64,830.24,368.97
829.32,369.64,830.94,371.04
771.25,368.98,774.35,370.56
829.16,369.72,830.94,371.04
830.80,371.12,830.94,371.04
829.16,369.72,830.80,371.12
830.80,371.12,832.64,372.25
826.08,370.99,832.64,372.25
767.22,363.43,768.80,366.53
827.90,372.11,832.64,372.25
766.68,360.00,767.22,363.43
829.80,372.84,829.87,372.92
831.18,371.05,831.86,373.34
829.47,370.64,831.18,371.05
829.47,370.64,831.17,370.60
831.17,370.60,831.18,371.05
829.85,355.73,831.62,358.08
826.12,350.85,823.61,353.35
829.34,357.84,829.17,360.00
829.00,360.00,829.17,360.00
829.00,360.00,829.17,362.17
825.78,360.00,829.17,362.17
825.95,362.15,829.17,362.17
825.95,362.15,826.45,364.25
779.66,352.82,777.32,352.45
825.97,362.14,826.45,364.25
826.47,364.22,826.45,364.25
827.14,363.92,827.91,365.76
826.47,364.22,827.29,366.20
826.81,366.19,828.95,367.46
827.93,368.02,828.95,367.46
827.76,368.08,829.16,369.72
827.93,368.02,829.16,369.72
827.93,368.02,829.32,369.64
829.16,369.72,829.32,369.64
829.16,369.72,830.80,371.12
783.20,358.41,782.47,356.99
824.46,369.61,830.80,371.12
827.85,372.03,826.08,370.99
826.08,370.99,827.90,372.11
827.85,372.03,829.80,372.84
827.85,369.96,829.47,370.64
827.85,369.96,829.47,370.64
827.97,369.57,829.47,370.64
829.53,370.21,829.47,370.64
827.97,369.57,829.53,370.21
829.85,355.73,832.07,356.21
829.17,357.83,829.34,357.84
829.68,355.71,829.34,357.84
829.85,355.73,829.34,357.84
829.17,357.83,829.00,360.00
825.78,360.00,829.00,360.00
825.97,362.14,825.78,360.00
825.78,360.00,825.95,362.15
825.97,362.14,825.95,362.15
827.14,363.92,825.99,364.21
827.14,363.92,826.81,366.19
827.14,363.92,827.91,365.76
826.81,366.19,827.93,368.02
826.63,366.24,827.93,368.02
827.76,368.08,827.93,368.02
826.63,366.24,827.76,368.08
823.07,367.99,829.16,369.72
824.46,369.61,829.16,369.72
824.46,369.61,826.08,370.99
824.43,369.55,826.08,370.99
826.04,370.93,826.08,370.99
826.04,370.93,827.85,372.03
826.35,369.05,827.85,372.03
827.85,369.96,827.85,372.03
826.35,369.05,827.85,369.96
826.54,368.69,827.97,369.57
827.97,369.57,827.85,369.96
830.68,353.73,829.85,355.73
829.68,355.71,829.85,355.73
829.68,355.71,830.68,353.73
826.68,361.98,825.97,362.14
825.90,363.13,827.14,363.92
825.99,364.21,826.81,366.19
826.63,366.24,826.81,366.19
819.95,356.08,822.01,356.50
826.63,366.24,827.76,368.08
821.96,366.17,827.76,368.08
823.07,367.99,827.76,368.08
823.07,367.99,824.46,369.61
821.75,352.54,823.61,353.35
824.43,369.55,824.46,369.61
824.43,369.55,826.04,370.93
825.02,367.91,826.04,370.93
826.35,369.05,826.04,370.93
825.02,367.91,826.35,369.05
831.81,351.89,830.68,353.73
825.97,357.86,826.45,355.74
826.45,355.74,825.95,357.85
826.52,360.00,825.80,360.00
826.52,360.00,825.69,362.13
825.54,363.13,825.73,363.13
825.54,363.13,825.99,364.21
823.05,367.94,823.07,367.99
820.39,385.22,820.51,385.47
823.05,367.94,824.43,369.55
806.82,377.66,806.95,377.51
809.00,374.63,809.52,374.64
823.88,366.57,824.43,369.55
815.64,384.31,817.12,383.80
813.93,377.37,814.97,377.42
824.16,366.31,825.25,367.59
814.97,377.42,815.11,377.57
823.88,366.57,825.02,367.91
813.75,377.51,813.93,377.37
831.65,351.84,831.81,351.89
831.65,351.84,830.51,353.70
827.28,353.75,830.51,353.70
818.68,382.51,820.12,382.59
827.28,353.75,826.45,355.74
813.86,377.92,814.05,377.90
826.47,355.78,826.45,355.74
825.20,370.33,826.74,370.33
826.68,358.01,825.97,357.86
804.55,377.47,804.70,377.98
825.13,363.13,825.54,363.13
804.55,377.47,806.10,378.04
825.13,363.13,825.80,364.25
821.14,364.20,825.80,364.25
808.88,375.70,808.70,376.02
807.55,369.81,811.93,381.95
821.14,364.20,825.13,363.13
807.55,369.81,813.31,369.81
821.14,364.20,821.96,366.17
821.94,366.13,821.96,366.17
821.94,366.13,823.05,367.94
820.84,373.56,820.65,373.22
822.96,365.08,823.05,367.94
823.88,366.57,823.05,367.94
822.96,365.08,823.88,366.57
828.41,351.91,831.65,351.84
827.29,353.80,828.41,351.91
825.95,357.85,829.17,357.83
804.90,381.65,800.99,380.80
825.90,356.87,825.73,356.87
825.99,355.78,825.73,356.87
804.21,377.84,806.75,374.35
824.73,360.00,824.90,362.15
820.65,362.12,824.73,360.00
811.07,376.56,811.29,377.96
822.29,363.46,822.96,365.08
822.63,363.32,823.28,364.87
809.09,370.84,812.80,371.08
822.29,363.46,822.96,365.08
810.43,380.61,810.10,380.93
829.80,350.34,828.41,351.91
828.41,351.97,827.91,354.24
825.99,355.78,827.14,356.08
825.80,355.75,825.73,356.87
825.99,355.78,825.73,356.87
824.90,357.85,824.73,360.00
820.48,360.00,820.65,362.12
820.64,362.11,820.65,362.12
819.77,375.88,820.00,375.99
829.80,350.34,831.45,348.86
831.45,348.86,829.81,350.26
822.24,361.68,822.29,363.46
822.63,363.32,822.29,363.46
816.05,384.53,815.13,384.61
822.24,361.68,822.63,363.32
829.80,350.34,828.41,351.97
828.95,352.54,826.81,353.81
826.81,353.81,827.91,354.24
826.81,353.81,825.99,355.78
825.80,355.75,825.99,355.78
784.50,357.67,783.43,355.56
821.14,355.80,825.13,356.87
784.50,357.67,782.47,356.99
821.14,355.80,824.90,357.85
820.47,360.00,820.48,360.00
831.43,348.95,829.80,350.34
830.24,351.03,829.80,350.34
831.75,349.73,830.24,351.03
822.24,361.68,821.88,361.75
829.32,350.35,828.95,352.54
827.93,351.98,828.95,352.54
827.93,351.98,826.63,353.76
821.14,355.80,825.80,355.75
805.27,369.88,805.23,369.89
820.64,357.89,821.14,355.80
821.14,355.80,820.65,357.87
820.64,357.89,820.47,360.00
809.42,377.69,808.70,376.02
821.88,358.25,820.47,360.00
821.74,360.00,820.47,360.00
809.42,377.69,808.88,375.70
821.88,358.25,821.74,360.00
823.42,369.08,823.05,368.80
830.94,348.96,829.32,350.35
831.75,349.73,829.32,350.35
831.75,349.73,830.24,351.03
824.86,370.24,823.42,369.08
829.32,350.35,830.24,351.03
821.88,358.25,821.74,360.00
806.41,384.02,807.64,384.40
822.11,360.00,821.74,360.00
821.96,353.83,827.76,351.92
811.93,381.95,814.26,369.80
821.13,355.83,820.64,357.89
803.79,369.88,803.79,369.89
821.88,358.25,820.64,357.89
808.98,374.62,809.48,375.10
822.41,384.48,821.26,384.85
822.41,384.48,821.36,385.13
801.80,369.81,803.67,369.83
829.16,350.28,829.32,350.35
808.22,373.21,807.99,373.31
801.43,369.80,804.22,369.83
822.24,358.32,821.88,358.25
823.07,352.01,827.76,351.92
774.35,349.44,771.25,351.02
839.06,384.58,815.33,382.89
823.07,352.01,821.96,353.83
822.96,354.92,822.29,356.54
829.68,355.71,829.17,357.83
803.46,380.93,800.99,380.80
805.70,382.02,805.91,382.35
830.80,348.88,830.94,348.96
825.95,357.85,825.78,360.00
805.37,382.20,805.53,382.45
832.64,347.75,830.80,348.88
775.31,355.85,782.56,355.04
830.80,348.88,829.16,350.28
816.06,382.45,816.61,382.29
824.46,350.39,829.16,350.28
805.11,377.94,805.37,382.20
822.96,354.92,822.29,356.54
817.84,382.20,818.44,378.09
823.28,355.12,822.29,356.54
817.84,382.20,816.87,378.02
823.28,355.12,822.63,356.68
823.05,352.06,823.07,352.01
823.05,352.06,821.94,353.87
817.00,369.88,816.65,369.89
822.96,354.92,821.94,353.87
814.20,369.83,815.21,369.89
831.86,346.66,831.94,346.58
783.43,364.43,784.50,362.33
829.87,347.07,831.94,346.58
774.35,349.44,777.78,348.89
827.91,354.24,827.14,356.08
825.13,356.87,825.54,356.87
830.80,348.88,832.64,347.75
771.25,351.02,768.80,353.47
827.90,347.89,830.80,348.88
774.35,349.44,771.25,351.02
826.08,349.00,824.46,350.39
823.28,355.12,822.96,354.92
825.02,352.09,823.88,353.42
831.18,348.95,831.86,346.66
829.80,347.15,831.18,348.95
829.47,349.36,831.18,348.95
812.03,383.29,813.21,382.36
815.08,369.82,813.41,369.81
826.08,349.00,827.90,347.89
827.85,347.97,826.08,349.00
826.12,369.15,829.27,370.75
825.02,352.09,823.88,353.42
824.16,353.69,823.88,353.42
827.85,347.97,829.80,347.15
827.85,350.03,829.47,349.36
825.25,367.59,826.35,369.05
826.04,349.07,827.85,347.97
826.35,350.95,826.04,349.07
827.85,350.03,826.35,350.95
822.29,363.46,823.28,364.87
808.04,384.35,809.31,384.74
825.02,352.09,825.25,352.41
826.54,351.31,825.02,352.09
831.86,373.34,829.87,372.92
826.35,350.95,825.02,352.09
827.97,350.43,829.47,349.36
809.48,375.10,809.36,375.49
827.97,350.43,827.85,350.03
809.48,375.10,808.92,375.61
827.97,350.43,826.35,350.95
830.51,366.30,830.68,366.26
782.56,355.04,784.17,354.79
827.85,347.97,829.47,349.36
829.85,364.26,830.68,366.26
784.17,360.00,784.17,354.79
809.62,371.21,808.85,374.05
785.78,355.04,784.17,354.79
787.23,355.78,785.78,355.04
809.42,377.69,809.37,378.19
788.38,356.94,787.23,355.78
789.12,361.61,789.38,360.00
788.38,363.06,789.12,361.61
785.78,364.95,787.23,364.21
827.91,365.76,828.95,367.46
784.17,360.00,785.78,364.95
784.17,365.21,785.78,364.95
811.85,383.46,810.87,382.63
784.17,360.00,784.17,365.21
818.11,382.63,818.68,382.51
782.56,364.95,784.17,365.21
778.96,360.00,779.21,361.61
807.74,374.06,807.75,374.59
784.17,360.00,778.96,360.00
784.17,360.00,779.21,358.39
826.54,368.69,826.35,369.05
819.55,374.62,819.76,375.74
808.22,373.21,809.18,373.51
781.10,355.78,779.95,356.94
782.56,355.04,784.17,360.00
825.54,356.87,825.13,356.87
825.13,363.13,825.44,363.13
826.63,353.76,825.99,355.78
824.85,371.27,823.01,369.48
825.54,363.13,825.44,363.13
825.13,363.13,825.54,363.13
822.74,368.68,823.05,368.80
831.75,349.73,831.43,348.95
825.34,369.08,825.04,368.80
807.59,374.01,807.69,373.52
825.34,369.08,823.05,368.80
807.75,374.59,807.74,374.06
824.86,370.24,826.46,370.24
813.43,384.78,812.48,384.70
808.04,375.57,807.85,375.12
825.20,370.33,825.56,370.42
808.27,375.88,808.04,375.57
803.79,369.89,805.23,369.89
808.52,375.99,808.27,375.88
803.79,369.88,805.27,369.88
805.27,369.89,805.27,369.88
808.70,376.02,808.45,376.12
805.27,369.89,803.79,369.88
803.75,369.89,803.79,369.88
808.75,375.90,808.52,375.99
803.75,369.89,805.27,369.89
826.35,350.95,827.85,350.03
815.09,383.26,816.06,382.45
826.52,360.00,826.68,361.98
804.76,368.42,803.75,369.89
789.12,358.39,788.38,356.94
802.24,369.82,805.23,369.89
808.92,375.61,808.75,375.90
803.79,369.89,805.23,369.89
804.82,368.25,804.76,368.42
808.97,374.63,808.98,375.21
804.82,368.25,802.88,368.42
809.00,374.63,809.01,375.16
824.76,368.68,804.82,368.25
808.85,374.05,808.97,374.63
822.74,368.68,824.76,368.68
821.96,366.17,823.07,367.99
808.90,374.10,809.00,374.63
811.35,384.06,810.93,384.33
802.90,368.25,822.74,368.68
824.90,357.85,825.13,356.87
819.56,384.75,818.64,384.83
807.14,382.54,807.62,382.45
807.55,369.81,803.67,369.83
806.82,377.66,808.04,377.56
823.88,366.57,825.02,367.91
808.71,373.64,808.90,374.10
803.43,369.81,803.67,369.83
806.62,383.77,806.41,384.02
808.40,373.22,808.65,373.56
801.43,369.80,803.43,369.81
808.22,373.21,808.48,373.33
801.43,369.80,803.43,369.81
808.22,373.21,807.87,373.20
801.43,369.80,802.24,369.82
822.29,356.54,821.13,355.83
825.56,370.42,838.33,370.66
803.65,377.87,803.33,377.92
819.62,374.06,819.80,373.61
825.99,364.21,826.63,366.24
815.53,369.88,815.21,369.89
819.33,360.00,821.46,360.00
825.80,364.25,826.63,366.24
817.00,369.88,815.21,369.89
815.83,369.89,815.53,369.88
824.56,349.73,826.12,350.85
819.67,368.42,815.83,369.89
820.94,374.06,820.93,374.63
817.35,369.89,815.83,369.89
777.78,348.89,781.21,349.44
820.84,373.56,820.94,374.06
816.65,369.89,815.21,369.89
815.08,369.82,816.65,369.89
820.65,373.22,820.84,373.56
818.13,368.25,817.79,368.42
820.40,373.10,820.12,373.20
820.05,368.25,819.67,368.42
818.13,368.25,838.75,368.68
816.18,384.85,817.47,385.26
820.30,373.21,820.65,373.22
840.77,368.68,820.05,368.25
812.62,369.83,808.14,369.83
813.31,369.81,808.14,369.83
808.81,384.59,807.84,384.67
807.55,369.81,808.14,369.83
813.31,369.81,807.55,369.81
814.26,369.80,813.41,369.81
812.61,382.49,811.37,383.45
812.62,369.83,813.41,369.81
814.26,369.80,812.62,369.83
813.25,382.53,812.01,383.49
813.31,369.81,812.62,369.83
814.26,369.80,813.31,369.81
814.26,369.80,813.41,369.81
815.08,369.82,814.26,369.80
825.91,376.82,825.64,377.35
805.67,382.10,805.55,381.94
807.80,377.61,807.59,374.01
810.10,374.98,810.10,380.93
815.80,384.55,814.52,384.95
808.12,373.10,808.40,373.22
784.17,360.00,787.23,364.21
809.42,377.69,808.45,376.12
829.47,349.36,829.53,349.79
809.36,375.49,809.18,375.74
779.66,367.18,781.76,366.10
809.36,375.49,808.75,375.90
827.85,350.03,829.47,349.36
816.66,383.35,817.63,382.53
808.92,375.61,808.75,375.90
808.98,375.83,808.75,375.90
808.52,375.99,808.75,375.90
777.32,367.55,779.66,367.18
827.90,347.89,832.64,347.75
819.10,377.61,819.54,375.16
816.66,383.35,816.06,382.45
808.92,375.61,809.36,375.49
817.63,382.53,817.84,382.20
808.77,375.73,808.98,375.83
772.89,366.10,774.99,367.18
818.21,384.98,819.51,385.38
824.43,350.45,824.46,350.39
808.52,375.99,808.98,375.83
814.52,384.95,814.98,385.12
809.52,374.64,809.01,375.16
809.48,374.18,809.00,374.63
808.90,374.10,809.00,374.63
808.47,375.06,808.59,375.46
818.11,382.63,818.27,382.39
809.36,373.78,808.90,374.10
818.38,382.82,818.68,382.51
807.85,375.12,808.47,375.06
804.75,377.63,804.88,377.99
807.75,374.59,807.85,375.12
808.71,373.64,809.36,373.78
808.98,373.41,809.18,373.51
808.77,373.50,808.98,373.41
807.99,373.31,808.22,373.21
809.44,384.44,809.31,384.74
807.99,373.31,808.59,373.75
809.62,371.21,806.27,371.11
807.82,373.61,808.59,373.75
819.10,377.61,819.66,374.01
815.12,377.94,815.11,377.57
827.28,377.94,829.38,377.94
820.93,374.63,820.94,374.06
783.43,364.43,783.20,361.58
822.34,371.21,820.40,373.10
820.40,373.10,820.65,373.22
820.49,375.61,820.25,375.90
819.94,375.49,820.25,375.90
819.94,375.49,819.76,375.74
820.06,375.10,820.49,375.61
825.80,364.25,825.99,364.21
820.06,375.10,819.94,375.49
819.55,375.83,820.00,375.99
819.77,375.88,819.55,375.83
784.17,360.00,788.38,356.94
825.02,367.91,824.43,369.55
820.79,374.63,820.68,375.16
819.50,375.12,819.15,375.46
819.03,375.06,819.15,375.46
819.94,373.78,820.80,374.10
819.03,375.06,819.50,375.12
820.53,373.33,820.71,373.64
819.76,373.51,820.71,373.64
805.47,383.57,806.65,383.94
820.71,373.64,819.94,373.78
819.62,374.06,819.51,374.59
819.62,374.06,818.99,374.60
819.03,374.14,818.99,374.60
820.30,373.21,819.76,373.51
819.80,373.61,819.62,374.06
820.04,373.31,820.30,373.21
819.33,373.50,820.30,373.21
819.15,373.75,819.80,373.61
820.04,373.31,819.15,373.75
819.33,373.50,819.15,373.75
807.74,374.06,807.59,374.01
804.21,377.84,801.08,380.73
826.74,370.33,824.86,370.24
814.21,384.53,816.85,384.72
807.71,375.16,807.60,374.58
813.39,384.50,812.48,384.43
825.56,370.42,827.05,370.42
807.91,375.66,807.71,375.16
808.32,383.48,808.58,383.26
814.67,384.52,815.93,384.92
808.27,375.88,808.17,376.00
804.24,381.94,804.45,382.26
808.52,375.99,808.45,376.12
808.88,375.70,808.70,376.02
825.97,357.86,825.78,360.00
808.75,375.90,808.70,376.02
811.11,384.50,810.17,384.58
808.88,375.70,808.75,375.90
808.98,375.21,808.88,375.70
808.98,375.21,808.92,375.61
809.01,375.16,808.98,375.21
802.92,377.90,802.75,382.21
808.97,374.63,809.01,375.16
809.00,374.63,808.97,374.63
808.85,374.05,809.00,374.63
808.65,373.56,808.85,374.05
806.41,384.02,807.64,384.40
811.35,384.06,809.81,383.97
808.90,374.10,808.85,374.05
808.65,373.56,808.90,374.10
808.71,373.64,808.65,373.56
806.62,383.77,805.14,383.29
808.40,373.22,808.71,373.64
808.12,373.10,808.40,373.22
808.12,373.10,808.48,373.33
807.87,373.20,807.99,373.31
804.24,381.94,805.91,382.35
808.12,373.10,807.87,373.20
820.12,373.20,819.80,373.61
820.12,373.20,819.86,373.52
803.65,377.87,803.33,377.56
819.62,374.06,819.86,373.52
825.56,370.42,837.50,370.68
819.66,374.01,819.86,373.52
819.51,374.59,819.62,374.06
814.73,384.76,816.02,385.16
819.51,374.59,819.66,374.01
819.55,374.58,819.66,374.01
819.50,375.12,819.51,374.59
814.67,384.52,815.93,384.92
806.62,383.77,809.21,384.23
819.55,374.58,819.51,374.59
819.54,375.16,819.55,374.58
830.24,351.03,828.95,352.54
808.09,383.86,806.62,383.77
819.59,375.57,819.50,375.12
808.09,383.86,805.41,383.07
819.59,375.57,819.54,375.16
829.32,350.35,827.93,351.98
808.98,374.62,808.77,375.73
819.63,375.66,819.54,375.16
819.77,375.88,819.59,375.57
808.98,374.62,809.52,374.64
819.63,375.66,819.59,375.57
819.77,375.88,819.63,375.66
819.82,376.00,819.63,375.66
820.00,375.99,819.77,375.88
819.82,376.00,819.77,375.88
820.00,375.99,819.82,376.00
805.70,382.02,805.53,382.45
820.08,376.12,819.82,376.00
820.25,375.90,820.00,375.99
828.10,372.07,832.76,371.31
820.08,376.12,820.00,375.99
820.25,375.90,820.08,376.12
782.47,356.99,788.38,356.94
804.22,369.83,805.23,369.89
824.56,370.27,829.27,370.75
825.80,360.00,826.68,361.98
819.67,368.42,817.35,369.89
820.36,376.02,820.08,376.12
824.56,370.27,826.12,369.15
820.36,376.02,820.25,375.90
803.66,377.51,803.80,377.37
820.68,375.16,820.49,375.61
803.66,377.51,804.81,377.42
820.68,375.16,820.62,375.70
816.65,369.89,815.21,369.89
818.29,377.56,818.43,377.72
820.82,375.21,820.62,375.70
820.79,374.63,820.68,375.16
818.29,377.56,818.76,377.77
820.82,375.21,820.68,375.16
820.79,374.63,820.82,375.21
817.00,369.88,815.53,369.88
820.93,374.63,820.82,375.21
820.80,374.10,820.79,374.63
820.93,374.63,820.79,374.63
820.71,373.64,820.80,374.10
777.55,349.05,781.21,349.44
820.71,373.64,820.94,374.06
820.53,373.33,820.71,373.64
808.09,383.86,809.21,384.23
820.84,373.56,820.71,373.64
807.98,384.11,809.22,384.50
820.53,373.33,820.84,373.56
820.40,373.10,820.04,373.31
811.37,383.45,809.64,383.57
820.30,373.21,820.04,373.31
840.77,368.68,818.13,368.25
811.37,383.45,810.07,384.20
820.30,373.21,820.53,373.33
820.65,373.22,820.53,373.33
820.40,373.10,820.65,373.22
816.18,384.85,816.02,385.16
820.30,373.21,820.40,373.10
806.88,384.59,807.84,384.67
808.81,384.59,808.48,384.71
807.55,384.01,807.84,384.67
806.88,384.59,808.48,384.71
806.88,384.59,807.84,384.67
821.96,353.83,826.63,353.76
808.48,384.71,808.59,384.48
820.94,374.06,820.80,374.10
808.64,384.21,807.73,384.14
808.64,384.21,807.64,384.40
820.80,374.10,820.93,374.63
808.59,384.48,807.64,384.40
809.21,384.23,810.11,384.30
807.73,384.14,810.11,384.30
807.73,384.14,808.64,384.21
807.35,374.95,804.21,377.84
820.65,362.12,821.14,364.20
809.31,384.74,810.27,384.83
810.71,384.83,811.68,384.91
810.27,384.83,811.68,384.91
809.31,384.74,810.27,384.83
819.42,385.13,819.51,385.38
810.84,384.60,811.79,384.68
811.29,384.55,814.00,385.04
810.71,384.83,811.79,384.68
811.38,377.93,811.64,377.87
811.68,384.91,811.79,384.68
818.91,384.27,817.78,384.64
810.71,384.83,811.68,384.91
811.84,384.41,810.93,384.33
813.82,383.60,815.07,382.63
811.84,384.41,810.84,384.60
812.48,384.43,813.39,384.50
770.15,362.33,771.22,364.43
823.88,353.42,823.28,355.12
820.73,377.69,820.62,375.70
809.01,375.16,809.48,375.10
825.20,370.33,827.05,370.42
827.76,351.92,827.93,351.98
813.43,384.78,812.48,384.43
813.43,384.78,813.55,385.03
830.51,353.70,829.68,355.71
814.98,385.12,815.09,384.89
815.13,384.61,814.21,384.53
777.38,370.54,777.32,369.98
824.64,382.93,824.85,382.59
816.80,382.41,817.10,378.07
815.13,384.61,814.13,384.80
820.04,373.31,819.80,373.61
807.75,374.59,807.60,374.58
807.78,377.61,806.63,377.56
815.93,384.64,816.85,384.72
829.27,370.75,832.76,371.31
818.58,385.10,817.61,385.02
816.89,385.00,815.93,384.92
781.76,353.89,779.91,355.12
816.89,385.00,815.93,384.64
826.81,376.48,826.87,376.12
817.47,385.26,818.46,385.34
807.35,380.73,807.59,380.80
816.02,385.16,818.46,385.34
816.02,385.16,817.01,385.25
817.61,385.02,818.58,385.10
823.28,364.87,823.88,366.57
781.34,355.85,779.91,355.12
818.64,384.83,817.71,384.75
823.28,364.87,824.16,366.31
781.34,355.85,781.76,353.89
818.64,384.83,817.61,385.02
818.64,384.83,820.33,384.93
825.53,360.00,826.68,358.01
811.19,377.77,809.89,377.71
806.87,382.71,805.16,382.34
820.33,384.93,819.40,384.85
819.51,385.38,844.27,386.97
819.51,385.38,820.51,385.47
802.88,381.94,801.68,381.33
822.33,369.07,823.01,369.48
826.63,353.76,825.80,355.75
822.33,369.07,822.64,369.20
822.33,369.07,823.05,368.80
806.49,377.70,806.48,378.07
822.74,368.68,823.05,368.80
823.05,368.80,822.64,369.20
776.74,355.12,777.32,352.45
824.85,371.27,825.20,371.42
824.85,371.27,825.20,370.33
779.21,361.61,779.95,363.06
825.56,370.42,825.71,371.65
825.20,371.42,825.71,371.65
807.75,374.59,808.43,374.60
825.56,370.42,825.20,371.42
804.30,377.26,804.75,377.63
803.79,370.83,803.91,371.05
824.43,350.45,823.07,352.01
803.79,369.89,803.91,371.05
804.56,377.47,803.17,377.21
803.79,369.88,803.79,370.83
806.41,384.02,807.73,384.14
811.35,384.06,808.58,383.26
803.75,370.69,803.79,370.83
819.55,374.62,819.33,375.73
812.88,384.41,814.13,384.80
803.79,370.83,803.91,371.05
808.59,373.75,808.77,373.50
814.96,382.20,814.80,382.45
806.04,370.89,803.79,370.83
805.41,383.07,805.14,383.29
805.77,370.75,806.04,370.89
806.04,370.89,806.27,371.11
807.55,377.40,807.97,377.77
825.25,367.59,825.02,367.91
807.99,373.31,807.82,373.61
809.44,384.44,808.04,384.35
809.37,370.98,806.04,370.89
809.09,370.84,809.37,370.98
829.87,347.07,832.64,347.75
813.08,371.30,809.62,371.21
813.08,371.30,809.37,370.98
812.80,371.08,809.37,370.98
823.42,369.08,823.01,369.48
802.50,368.80,803.75,370.69
808.04,377.56,807.78,377.61
803.17,377.21,804.30,377.26
813.56,383.56,811.85,383.46
803.17,377.21,803.91,371.05
806.27,371.11,804.55,377.47
819.50,375.12,819.55,374.58
803.81,382.11,804.45,382.26
806.27,371.11,803.91,371.05
813.08,371.30,809.62,371.21
825.53,360.00,826.52,360.00
825.20,371.42,825.71,371.65
810.98,377.54,809.63,377.49
820.39,385.22,819.42,385.13
812.80,371.08,825.71,371.65
813.08,371.30,825.71,371.65
819.33,375.73,819.77,375.88
812.80,371.08,813.08,371.30
827.91,354.24,826.47,355.78
824.85,371.27,825.20,371.42
812.80,371.08,825.20,371.42
812.52,370.93,812.80,371.08
802.88,368.42,802.50,368.80
774.24,350.51,774.99,352.82
822.33,369.07,802.51,368.63
820.80,374.10,820.06,374.18
822.33,369.07,802.90,368.25
805.47,383.57,805.62,384.20
771.22,355.56,770.15,357.67
804.32,383.45,805.47,383.57
812.83,378.34,813.31,382.78
806.25,384.24,806.88,384.59
806.25,384.24,807.51,384.63
804.32,383.45,806.25,384.24
819.03,374.14,819.62,374.06
804.32,383.45,805.62,384.20
804.32,383.45,804.95,383.49
803.08,382.49,804.32,383.45
803.08,382.49,804.27,382.87
820.48,360.00,824.90,357.85
808.48,373.33,808.71,373.64
826.68,361.98,827.14,363.92
805.14,383.29,803.97,382.36
803.97,382.36,803.71,382.53
806.65,383.94,806.88,384.59
808.60,382.39,808.34,378.09
803.81,382.11,803.97,382.36
807.64,384.40,807.51,384.63
807.85,375.12,807.75,374.59
827.05,370.42,826.74,370.33
806.41,384.02,806.25,384.24
807.78,377.61,806.35,377.34
804.95,383.49,806.25,384.24
830.68,353.73,832.80,354.43
827.14,356.08,826.47,355.78
807.85,375.12,807.71,375.16
806.41,384.02,804.95,383.49
826.54,351.31,825.25,352.41
812.35,384.11,811.11,384.50
806.41,384.02,805.14,383.29
804.99,377.57,803.65,377.87
821.94,366.13,821.14,364.20
808.45,376.12,808.27,375.88
803.81,382.11,803.97,382.36
822.88,370.84,826.14,371.08
816.02,385.16,817.01,385.25
822.96,365.08,821.94,366.13
817.84,382.20,818.44,378.09
816.85,384.72,815.93,384.64
822.51,356.64,822.01,356.50
815.93,384.92,817.01,385.25
802.75,382.21,801.43,369.80
801.43,369.80,801.80,369.81
768.69,366.43,768.80,366.53
829.27,349.25,832.76,348.69
805.14,383.29,803.97,382.36
814.67,384.52,814.80,384.27
808.32,383.48,809.81,383.97
804.45,382.26,803.97,382.36
831.17,349.39,831.18,348.95
829.27,349.25,832.85,349.13
805.14,383.29,804.45,382.26
829.49,349.66,832.85,349.13
805.41,383.07,804.45,382.26
815.93,384.92,816.89,385.00
804.24,381.94,803.81,382.11
807.82,373.61,807.69,373.52
808.10,378.14,807.97,377.77
802.75,382.21,803.71,382.53
829.85,355.73,832.80,354.43
812.01,383.49,813.25,382.53
803.18,381.95,801.43,369.80
803.33,377.92,803.81,382.11
808.10,378.14,807.80,377.61
802.75,382.21,803.08,382.49
803.33,377.92,804.24,381.94
802.24,369.82,804.22,369.83
804.24,381.94,804.45,382.26
811.29,377.96,811.07,379.35
820.61,384.00,822.08,384.09
802.92,377.90,803.38,382.24
814.19,377.40,814.05,377.90
811.29,377.96,811.85,379.39
802.92,377.90,803.81,382.11
802.92,377.90,803.38,382.24
807.87,373.20,807.69,373.52
802.75,382.21,803.38,382.24
802.92,377.90,802.75,382.21
830.94,348.96,831.75,349.73
806.62,383.77,807.73,384.14
805.14,383.29,806.41,384.02
815.44,377.63,815.45,377.99
806.62,383.77,805.41,383.07
805.41,383.07,804.45,382.26
805.91,382.35,804.45,382.26
820.64,362.11,821.13,364.17
805.11,377.94,805.70,382.02
821.88,361.75,821.13,364.17
782.56,364.95,778.33,365.13
771.12,351.14,771.19,351.47
803.65,377.87,805.70,382.02
811.35,384.06,812.48,384.43
804.24,381.94,805.70,382.02
821.88,361.75,822.29,363.46
771.12,351.14,771.25,351.02
814.00,385.04,815.09,384.89
803.65,377.87,804.24,381.94
825.73,356.87,825.54,356.87
809.84,382.59,807.95,378.12
806.87,383.16,805.41,383.07
808.09,383.86,806.87,383.16
805.70,382.02,805.91,382.35
806.71,383.38,805.91,382.35
805.53,382.45,805.91,382.35
806.71,383.38,805.53,382.45
803.66,377.51,803.65,377.87
805.16,382.34,805.53,382.45
805.37,382.20,805.53,382.45
805.37,382.20,805.70,382.02
804.81,377.42,803.80,377.37
802.50,376.56,803.90,375.34
808.70,376.02,808.45,376.12
811.23,384.31,809.97,383.80
804.99,377.57,804.81,377.42
803.66,377.51,804.99,377.57
802.92,377.90,803.33,377.92
779.95,363.06,781.10,364.21
802.96,377.40,802.92,377.90
820.04,373.31,819.33,373.50
803.80,377.37,803.66,377.51
803.47,377.42,803.66,377.51
803.47,377.42,803.33,377.56
777.55,349.05,780.93,349.59
809.22,384.50,809.21,384.23
814.44,377.21,815.60,377.26
808.09,383.86,809.22,384.50
806.87,383.16,808.09,383.86
807.98,384.11,806.87,383.16
806.71,383.38,806.87,383.16
807.98,384.11,806.71,383.38
806.71,383.38,805.53,382.45
807.91,375.66,807.85,375.12
806.73,383.60,805.48,382.63
804.88,377.99,805.11,377.94
820.20,378.17,820.32,377.80
820.36,376.02,820.08,376.12
804.88,377.99,804.99,377.57
806.65,383.94,807.84,384.67
806.81,378.02,806.82,377.66
806.65,383.94,807.55,384.01
806.81,378.02,806.49,377.70
815.45,377.99,815.12,377.94
819.55,374.58,819.66,374.01
805.48,382.63,805.16,382.34
807.98,384.11,808.09,383.86
811.19,377.77,809.63,377.49
806.87,382.71,806.57,382.41
804.88,377.99,805.37,382.20
805.37,382.20,805.16,382.34
826.10,377.92,826.15,378.43
805.48,382.63,805.53,382.45
816.84,383.99,815.63,383.03
806.98,382.29,806.48,378.07
804.81,377.42,804.99,377.57
804.81,377.42,804.75,377.63
804.56,377.47,804.75,377.63
803.47,377.42,803.80,377.37
804.81,377.42,803.47,377.42
804.56,377.47,803.47,377.42
811.29,384.55,812.57,384.95
804.81,377.42,804.56,377.47
802.96,377.40,803.33,377.56
803.47,377.42,802.96,377.40
803.17,377.21,802.96,377.40
814.86,378.43,814.97,378.46
812.57,384.95,814.98,385.12
809.22,384.50,809.31,384.74
812.57,384.95,813.55,385.03
825.97,357.86,825.95,357.85
808.04,384.35,809.22,384.50
807.98,384.11,809.22,384.50
826.68,358.01,825.80,360.00
808.75,375.90,809.18,375.74
807.98,384.11,806.71,383.38
808.04,384.35,806.73,383.60
821.14,364.20,826.63,366.24
821.74,360.00,822.24,361.68
807.14,382.54,806.98,382.29
806.98,382.29,806.57,382.41
806.98,382.29,806.48,378.07
806.81,378.02,806.82,377.66
826.63,353.76,825.80,355.75
806.81,378.02,808.22,377.72
808.34,378.09,808.22,377.72
812.71,384.64,814.00,385.04
808.22,377.72,808.04,377.56
816.92,383.58,817.63,382.53
806.49,377.70,806.82,377.66
806.14,377.54,806.10,378.04
820.65,357.87,820.48,360.00
806.10,378.04,806.57,382.41
805.16,382.34,806.57,382.41
807.74,374.06,808.47,374.14
803.79,369.88,803.79,369.89
804.56,377.47,803.47,377.42
803.17,377.21,803.47,377.42
807.99,373.31,808.77,373.50
809.44,384.44,810.71,384.83
819.55,374.62,820.11,374.64
809.31,384.74,810.71,384.83
808.13,383.68,806.87,382.71
807.14,382.54,806.87,382.71
779.95,356.94,779.21,358.39
804.30,377.26,804.55,377.47
808.13,383.68,807.14,382.54
808.32,383.48,807.14,382.54
806.98,382.29,807.41,382.11
807.14,382.54,806.98,382.29
814.63,377.92,813.09,377.64
806.81,378.02,808.34,378.09
827.76,351.92,826.63,353.76
808.94,382.20,808.34,378.09
808.94,382.20,806.81,378.02
807.97,377.77,808.22,377.72
819.83,382.90,818.68,382.51
808.04,377.56,808.22,377.72
819.15,375.46,819.33,375.73
808.04,377.56,807.97,377.77
819.59,375.57,819.33,375.73
807.78,377.61,807.97,377.77
787.96,363.38,787.92,360.00
808.34,378.09,808.22,377.72
814.18,377.42,813.75,377.51
808.10,378.14,808.22,377.72
807.97,377.77,808.22,377.72
808.10,378.14,807.97,377.77
819.15,375.46,819.59,375.57
802.90,368.25,802.88,368.42
808.04,377.56,806.95,377.51
802.90,368.25,802.51,368.63
808.04,377.56,806.63,377.56
807.78,377.61,806.63,377.56
806.63,377.56,806.49,377.70
783.58,368.52,785.40,365.87
806.63,377.56,806.14,377.54
806.35,377.34,806.14,377.54
806.14,377.54,804.55,377.47
809.60,384.21,810.71,384.83
819.76,373.51,820.53,373.33
805.62,384.20,806.88,384.59
808.32,383.48,809.60,384.21
780.93,370.41,781.21,370.56
823.15,382.49,823.75,378.33
808.58,383.26,807.14,382.54
777.78,371.10,781.21,370.56
808.32,383.48,807.14,382.54
806.14,377.54,806.49,377.70
774.24,369.49,777.32,369.98
809.15,382.53,808.94,382.20
774.17,349.59,771.12,351.14
821.94,353.87,821.13,355.83
806.10,378.04,804.70,377.98
774.35,370.56,777.78,371.10
808.60,382.39,808.10,378.14
825.56,370.42,825.20,370.33
807.78,377.61,807.97,377.77
814.97,377.42,815.44,377.63
807.80,377.61,807.97,377.77
814.71,377.92,837.50,370.68
814.83,378.08,815.07,378.03
805.77,370.75,809.37,370.98
814.83,378.08,814.89,377.87
807.95,378.12,807.80,377.61
816.45,382.54,816.61,382.29
820.64,362.11,821.14,364.20
808.10,378.14,807.95,378.12
814.97,378.46,814.71,377.92
807.55,377.40,806.35,377.34
808.04,375.57,807.91,375.66
809.81,383.97,810.93,384.33
810.84,384.60,810.93,384.33
825.80,360.00,825.78,360.00
832.77,347.84,830.80,348.88
808.17,376.00,808.04,375.57
809.60,384.21,810.84,384.60
814.67,384.52,813.56,383.56
808.32,383.48,809.60,384.21
821.34,382.39,820.20,378.17
808.58,383.26,807.62,382.45
819.60,382.30,820.20,378.17
810.12,383.35,807.62,382.45
809.15,382.53,807.62,382.45
810.12,383.35,809.15,382.53
808.60,382.39,808.94,382.20
820.39,385.22,819.40,384.85
823.94,383.99,824.64,382.93
808.76,382.63,808.60,382.39
808.60,382.39,808.10,378.14
807.95,378.12,808.10,378.14
802.90,368.25,824.76,368.68
811.35,384.06,812.48,384.43
771.22,355.56,773.45,358.41
817.47,385.26,818.58,385.10
813.31,382.78,813.18,378.38
810.93,384.33,812.48,384.43
827.29,353.80,827.28,353.75
827.29,353.80,826.47,355.78
810.12,383.35,808.58,383.26
811.35,384.06,810.12,383.35
822.34,371.21,820.93,374.63
822.33,369.07,822.74,368.68
827.14,363.92,826.47,364.22
810.12,383.35,809.15,382.53
809.95,383.58,809.15,382.53
808.71,382.82,808.42,382.51
805.62,384.20,806.65,383.94
826.81,366.19,827.91,365.76
808.76,382.63,808.42,382.51
805.62,384.20,806.88,384.59
826.81,366.19,825.99,364.21
808.76,382.63,808.60,382.39
808.42,382.51,808.60,382.39
815.43,384.06,812.75,384.33
811.38,377.93,811.64,377.87
807.80,377.61,809.37,378.19
819.45,385.26,818.46,385.34
809.42,377.69,807.80,377.61
811.23,384.31,812.48,384.70
819.86,373.52,819.80,373.61
811.23,384.31,811.35,384.06
807.82,373.61,808.47,374.14
809.95,383.58,810.12,383.35
809.95,383.58,808.76,382.63
827.28,377.94,825.75,377.94
808.71,382.82,808.76,382.63
811.07,379.35,810.43,380.61
809.37,378.19,807.95,378.12
824.90,357.85,825.22,357.85
809.75,377.85,809.74,378.22
808.98,374.62,809.48,374.18
809.37,378.19,809.74,378.22
811.35,384.06,812.48,384.70
810.21,377.66,810.07,377.80
813.25,382.53,811.37,383.45
775.31,355.85,774.18,356.99
809.89,377.71,810.07,377.80
809.75,377.85,810.07,377.80
810.12,383.35,811.35,384.06
775.31,355.85,781.10,355.78
809.89,377.71,809.75,377.85
827.85,350.03,827.85,347.97
810.65,383.77,809.54,384.14
818.15,384.74,816.84,383.99
809.62,371.21,808.12,373.10
820.49,375.61,820.25,375.90
820.05,368.80,817.35,370.69
811.29,384.55,812.57,384.95
827.85,350.03,826.04,349.07
820.49,375.61,820.36,376.02
811.29,384.55,812.48,384.70
821.75,367.46,823.61,366.64
826.68,361.98,825.90,363.13
820.62,375.70,820.36,376.02
811.23,384.31,812.48,384.70
829.81,350.26,833.07,350.19
820.62,375.70,820.49,375.61
811.23,384.31,809.95,383.58
809.97,383.80,809.95,383.58
810.65,383.77,810.76,384.02
809.62,371.21,808.97,374.63
811.29,384.55,809.97,383.80
811.23,384.31,811.29,384.55
832.02,347.30,829.27,349.25
808.71,382.82,808.42,382.51
820.44,368.63,820.05,368.80
809.84,382.59,808.42,382.51
777.38,349.46,780.64,349.98
809.74,378.22,809.37,378.19
809.84,382.59,809.74,378.22
809.89,377.71,809.42,377.69
829.80,372.84,831.86,373.34
809.63,377.49,809.42,377.69
806.87,383.16,804.45,382.26
809.75,377.85,810.07,377.80
810.06,378.17,809.75,377.85
809.74,378.22,809.75,377.85
811.45,377.71,810.21,377.66
809.97,383.80,808.71,382.82
828.41,351.97,828.41,351.91
811.39,383.88,808.71,382.82
806.92,381.46,805.67,382.10
816.18,384.85,813.40,384.00
810.13,382.90,808.71,382.82
828.41,351.97,827.29,353.80
811.39,383.88,810.13,382.90
817.78,384.64,816.85,384.72
826.81,353.81,827.14,356.08
810.39,382.73,810.23,382.48
827.97,350.43,826.54,351.31
814.34,382.83,814.12,382.49
810.66,382.30,810.06,378.17
825.80,355.75,825.54,356.87
810.23,382.48,810.06,378.17
810.23,382.48,809.74,378.22
810.06,378.17,809.74,378.22
826.04,378.84,825.83,378.41
820.48,360.00,824.73,360.00
810.17,384.58,810.27,384.83
810.06,378.17,810.07,377.80
779.21,358.39,778.96,360.00
810.06,378.17,811.64,377.87
811.76,378.25,811.64,377.87
810.06,378.17,811.76,378.25
819.55,374.62,819.94,375.49
781.10,355.78,784.17,360.00
810.71,384.24,809.53,384.40
811.45,377.71,811.64,377.87
819.55,374.62,819.55,375.83
781.10,355.78,782.56,355.04
841.84,386.45,818.21,384.98
811.38,377.93,811.45,377.71
810.76,384.02,812.03,383.29
811.19,377.77,811.45,377.71
825.25,367.59,826.54,368.69
812.71,384.64,814.00,385.04
825.44,356.87,825.13,356.87
813.55,385.03,814.98,385.12
812.71,384.64,811.29,384.55
809.97,383.80,811.29,384.55
825.44,356.87,825.54,356.87
812.71,384.64,809.97,383.80
828.95,352.54,827.91,354.24
813.04,381.94,812.83,382.26
816.35,384.63,817.61,385.02
811.39,383.88,809.97,383.80
827.93,351.98,826.81,353.81
804.21,382.15,802.88,381.94
816.18,384.85,817.47,385.26
812.71,384.64,811.39,383.88
815.05,383.88,816.18,384.85
810.39,382.73,810.13,382.90
807.59,374.01,807.82,373.61
811.39,383.88,810.39,382.73
823.42,369.08,825.34,369.08
807.74,374.06,807.82,373.61
829.47,370.64,831.18,371.05
811.59,383.67,810.39,382.73
820.65,357.87,824.90,357.85
810.23,382.48,810.66,382.30
826.46,370.24,823.42,369.08
807.60,374.58,807.59,374.01
829.53,370.21,831.17,370.60
810.87,382.63,810.66,382.30
806.25,384.24,807.51,384.63
807.60,374.58,807.74,374.06
807.64,384.40,808.59,384.48
815.32,383.66,814.34,382.83
810.87,382.63,810.23,382.48
810.39,382.73,810.23,382.48
815.05,383.88,813.84,382.93
812.37,382.39,811.76,378.25
812.37,382.39,810.06,378.17
814.21,384.53,815.13,384.61
804.21,377.84,802.88,381.94
807.71,375.16,807.75,374.59
810.66,382.30,810.06,378.17
775.31,364.15,772.89,366.10
817.01,383.76,816.02,382.93
811.23,377.76,810.98,377.54
811.38,377.93,810.98,377.54
810.98,377.54,811.19,377.77
811.76,378.25,811.64,377.87
811.52,378.30,811.64,377.87
808.04,377.56,806.95,377.51
812.88,384.41,814.13,384.80
802.90,373.58,801.66,374.22
818.15,384.74,816.87,384.21
810.65,383.77,811.87,383.07
814.00,385.04,814.13,384.80
802.88,373.74,801.68,374.35
812.88,384.41,814.00,385.04
811.59,383.67,812.88,384.41
811.59,383.67,812.71,384.64
811.39,383.88,812.71,384.64
814.53,382.02,814.32,382.35
811.59,383.67,811.39,383.88
810.39,382.73,810.87,382.63
802.88,368.42,804.76,368.42
809.01,375.16,808.92,375.61
811.59,383.67,810.39,382.73
810.87,382.63,810.66,382.30
828.10,372.07,831.93,372.77
812.58,382.73,810.66,382.30
826.08,370.99,830.80,371.12
812.58,382.73,812.37,382.39
827.85,372.03,827.90,372.11
812.37,382.39,811.76,378.25
805.16,382.34,805.48,382.63
824.56,370.27,827.99,372.14
812.01,382.58,811.76,378.25
827.85,369.96,829.80,372.84
812.01,382.58,811.52,378.30
821.74,360.00,821.88,361.75
810.65,383.77,811.02,384.23
811.39,378.28,811.23,377.76
819.55,374.62,820.06,375.10
808.22,373.21,808.98,373.41
812.88,384.41,814.21,384.53
818.26,384.48,817.71,384.75
806.27,371.11,803.79,370.83
814.53,382.02,814.80,382.45
811.59,383.67,811.85,383.46
813.08,384.17,811.85,383.46
802.75,382.21,803.38,382.24
823.05,368.80,825.04,368.80
818.26,384.48,816.57,384.38
808.04,384.35,809.31,384.74
814.53,382.02,814.32,382.35
811.59,383.67,813.08,384.17
819.55,374.62,819.15,375.46
812.88,384.41,813.08,384.17
818.26,384.48,815.32,383.66
811.59,383.67,812.88,384.41
824.56,349.73,821.60,352.49
820.51,377.66,820.32,377.80
811.85,383.46,810.87,382.63
815.11,377.57,813.63,377.87
812.58,382.73,810.87,382.63
824.43,349.67,824.56,349.73
813.56,383.56,812.58,382.73
831.75,349.73,829.80,350.34
806.73,383.60,805.48,382.63
812.58,382.73,812.37,382.39
827.99,347.86,832.02,347.30
812.01,382.58,811.52,378.30
806.49,377.70,806.10,378.04
828.41,368.09,833.07,369.81
811.39,378.28,811.52,378.30
827.99,347.86,828.10,347.92
812.01,382.58,811.39,378.28
814.63,377.92,813.33,377.86
806.10,378.04,805.16,382.34
811.23,377.76,812.83,378.34
822.11,383.88,820.81,384.63
812.88,377.84,811.23,377.76
805.67,373.58,804.21,373.53
812.88,377.84,812.83,378.34
813.08,384.17,814.21,384.53
825.15,383.03,825.68,382.89
813.19,378.01,813.33,377.86
788.88,360.00,788.34,356.57
825.42,383.22,825.68,382.89
812.88,377.84,813.33,377.86
812.88,377.84,813.09,377.64
804.70,377.98,805.16,382.34
813.33,377.86,813.09,377.64
814.45,377.69,814.63,377.92
812.35,384.11,813.62,383.38
813.08,384.17,814.21,384.53
814.80,384.27,814.21,384.53
812.14,383.86,811.11,384.50
814.21,384.53,815.93,384.64
822.74,368.68,802.90,368.25
814.80,384.27,813.08,384.17
811.85,383.46,813.08,384.17
813.56,383.56,812.58,382.73
813.38,383.78,812.58,382.73
806.81,378.02,806.48,378.07
810.76,384.02,809.53,384.40
825.80,364.25,826.63,366.24
827.28,377.94,829.38,376.40
812.18,382.83,812.58,382.73
813.38,383.78,812.18,382.83
812.13,383.02,811.86,382.70
812.18,382.83,811.86,382.70
811.86,382.70,812.01,382.58
832.77,347.84,830.94,348.96
801.80,369.81,803.43,369.81
811.86,382.70,813.31,382.78
808.48,373.33,808.71,373.64
815.81,377.47,815.85,377.98
801.80,369.81,801.43,369.80
808.13,383.68,809.44,384.44
812.83,378.34,811.86,382.70
811.39,378.28,811.86,382.70
814.89,377.87,813.33,377.86
803.71,382.53,803.38,382.24
814.97,377.42,815.11,377.57
814.63,377.92,813.33,377.86
812.83,378.34,812.88,377.84
808.14,369.83,803.67,369.83
813.19,378.01,812.88,377.84
812.83,378.34,813.19,378.01
817.24,384.64,818.57,383.88
809.62,371.21,806.27,371.11
813.18,378.38,813.19,378.01
787.31,360.00,784.87,360.00
813.33,377.86,813.67,377.81
813.53,377.96,813.67,377.81
787.31,360.00,784.50,362.33
813.33,377.86,813.53,377.96
813.33,377.86,813.19,378.01
803.08,382.49,803.71,382.53
814.83,378.08,815.07,378.03
814.89,377.87,815.07,378.03
814.97,377.42,815.30,377.47
814.63,377.92,814.89,377.87
806.25,384.24,807.64,384.40
814.97,378.46,814.83,378.08
814.86,378.43,814.71,377.92
814.97,378.46,814.86,378.43
815.33,382.89,814.86,378.43
828.41,351.91,827.28,353.75
837.50,370.68,814.86,378.43
812.35,384.11,812.51,384.35
815.93,384.92,815.93,384.64
814.80,384.27,815.93,384.64
814.80,384.27,815.93,384.92
807.51,384.63,808.48,384.71
813.56,383.56,814.80,384.27
813.38,383.78,813.56,383.56
814.67,384.52,813.38,383.78
823.01,369.48,822.64,369.20
812.13,383.02,812.18,382.83
813.38,383.78,812.13,383.02
813.40,384.00,812.13,383.02
804.30,377.26,803.17,377.21
812.13,383.02,811.86,382.70
817.30,384.41,815.96,385.04
816.99,377.66,818.43,377.72
813.18,378.38,812.83,378.34
813.63,382.67,813.18,378.38
815.11,377.57,813.63,377.87
808.13,383.68,806.73,383.60
831.93,372.77,777.78,371.10
813.53,377.96,813.67,377.81
803.75,370.69,806.04,370.89
813.19,378.01,813.53,377.96
813.52,378.33,813.53,377.96
824.46,350.39,827.76,351.92
813.52,378.33,813.19,378.01
823.05,352.06,821.96,353.83
827.85,372.03,829.87,372.92
815.19,378.41,815.07,378.03
774.24,350.51,771.46,351.92
815.47,382.78,814.97,378.46
817.35,369.89,815.53,369.88
829.16,350.28,827.76,351.92
815.47,382.78,814.86,378.43
817.00,369.88,816.65,369.89
838.93,384.18,815.33,382.89
825.02,367.91,826.35,369.05
817.79,368.42,815.83,369.89
774.35,349.44,771.12,351.14
803.14,375.31,803.46,374.98
827.91,354.24,827.29,353.80
812.03,383.29,813.25,382.53
815.08,369.82,814.20,369.83
825.83,378.41,825.75,377.94
807.73,384.14,809.21,384.23
814.73,384.76,815.93,384.92
806.62,383.77,807.73,384.14
813.93,384.44,811.24,384.74
814.67,384.52,813.38,383.78
767.36,363.26,769.25,365.87
829.81,350.26,831.65,351.84
807.95,378.12,808.42,382.51
813.93,384.44,812.66,384.83
814.67,384.52,813.40,384.00
822.34,371.21,818.93,371.11
814.73,384.76,813.40,384.00
817.71,384.75,820.33,384.93
811.07,376.56,810.43,380.61
813.93,384.44,815.24,383.68
814.67,384.52,814.73,384.76
774.13,370.02,777.38,370.54
803.38,382.24,803.97,382.36
808.94,382.20,808.34,378.09
814.85,384.09,812.13,383.02
814.85,384.09,813.57,383.10
810.71,384.83,810.84,384.60
813.84,382.93,813.63,382.67
813.57,383.10,813.31,382.78
781.21,370.56,784.31,368.98
827.91,365.76,828.41,368.03
824.46,350.39,823.07,352.01
813.52,378.33,813.18,378.38
819.79,363.94,819.95,363.92
803.75,369.89,803.79,370.83
805.62,384.20,806.25,384.24
808.32,383.48,809.44,384.44
813.52,378.33,813.53,377.96
815.19,378.41,815.07,378.03
815.47,382.78,815.19,378.41
814.97,378.46,815.19,378.41
815.47,382.78,814.97,378.46
824.43,369.55,823.07,367.99
820.11,374.64,820.06,375.10
802.50,368.80,803.75,369.89
818.77,378.14,818.76,377.77
823.88,353.42,822.96,354.92
841.84,386.45,819.51,385.38
823.88,353.42,821.94,353.87
808.04,375.57,808.27,375.88
809.53,384.40,808.59,384.48
808.46,383.94,807.84,384.67
813.99,384.21,812.74,384.60
810.71,384.24,808.81,384.59
814.73,384.76,816.02,385.16
815.09,383.26,816.06,382.45
829.80,347.15,829.87,347.07
811.37,383.45,810.07,384.20
815.26,383.48,815.24,383.68
813.40,384.00,814.73,384.76
808.04,375.57,808.59,375.46
812.01,383.49,810.71,384.24
814.85,384.09,813.40,384.00
816.18,384.85,814.85,384.09
813.63,382.67,814.12,382.49
814.34,382.83,813.63,382.67
823.88,353.42,822.96,354.92
813.84,382.93,813.63,382.67
813.52,378.33,815.19,378.41
815.81,382.59,813.52,378.33
814.12,382.49,813.52,378.33
804.27,382.87,805.47,383.57
806.57,382.41,806.10,378.04
815.63,383.03,815.47,382.78
819.10,377.61,819.63,375.66
819.40,384.85,820.33,384.93
815.59,383.22,815.63,383.03
816.84,383.99,815.59,383.22
827.85,347.97,829.87,347.07
816.18,384.85,814.73,384.76
816.87,384.21,815.59,383.22
820.73,377.69,820.36,376.02
818.61,377.61,818.88,377.40
816.87,384.21,818.21,384.98
803.46,374.98,803.46,380.93
811.38,377.93,811.19,377.77
841.84,386.45,816.87,384.21
826.35,350.95,825.02,352.09
818.15,384.74,819.42,385.13
813.75,377.51,813.63,377.87
814.39,384.70,813.43,384.78
819.76,375.74,820.25,375.90
810.23,382.48,809.74,378.22
804.21,382.15,802.90,382.10
816.18,384.85,816.35,384.63
824.85,371.27,823.42,369.08
820.49,375.61,819.94,375.49
817.10,378.07,817.23,377.70
814.85,384.09,816.18,384.85
826.87,376.12,826.34,376.39
816.05,384.53,817.78,384.64
806.16,382.29,804.90,381.65
815.05,383.88,814.85,384.09
814.05,377.90,814.26,369.80
813.84,382.93,814.34,382.83
814.34,382.83,814.12,382.49
811.64,377.87,811.45,377.71
815.81,382.59,814.12,382.49
803.46,374.98,800.99,374.89
815.63,383.03,816.02,382.93
808.81,384.59,809.44,384.63
804.90,374.34,803.46,374.98
819.42,385.13,819.40,384.85
818.26,384.48,819.40,384.85
801.68,374.35,801.66,374.22
826.34,376.39,825.91,376.82
826.47,364.22,827.91,365.76
818.15,384.74,819.42,385.13
817.61,385.02,817.71,384.75
815.05,383.88,815.32,383.66
816.57,384.38,815.32,383.66
824.32,377.86,824.06,377.81
807.55,373.48,806.16,373.70
813.63,377.87,813.99,377.56
815.64,384.31,816.92,383.58
815.05,383.88,816.35,384.63
811.52,378.30,811.23,377.76
812.14,383.86,811.02,384.23
818.15,384.74,818.26,384.48
825.80,378.08,825.46,378.03
806.92,374.22,808.95,373.70
817.01,383.76,818.26,384.48
801.68,381.33,801.08,380.73
816.57,384.38,817.71,384.75
817.71,384.75,819.40,384.85
801.66,381.46,800.99,380.80
815.32,383.66,816.57,384.38
809.81,383.97,808.58,383.26
807.51,384.63,808.59,384.48
807.84,384.67,807.55,384.01
808.27,375.88,808.98,375.83
803.26,376.60,802.28,377.96
820.58,377.85,820.73,377.69
818.26,384.48,819.42,385.13
813.36,383.16,814.32,382.35
804.99,377.57,805.11,377.94
809.44,384.63,808.48,384.71
806.71,383.38,805.48,382.63
808.59,384.48,808.48,384.71
809.53,384.40,808.59,384.48
809.84,382.59,809.37,378.19
809.54,384.14,808.64,384.21
810.11,384.30,808.64,384.21
810.84,382.87,811.37,383.45
811.02,384.23,810.11,384.30
811.02,384.23,810.11,384.30
808.88,375.70,808.98,375.21
810.17,384.58,810.11,384.30
815.26,383.48,816.45,382.54
811.11,384.50,810.17,384.58
808.47,375.06,808.59,375.46
810.21,374.34,808.95,373.70
818.77,378.14,818.76,377.77
808.92,375.61,808.88,375.70
811.24,384.74,810.27,384.83
807.35,380.73,806.92,381.46
811.68,384.91,810.27,384.83
823.62,382.78,824.09,378.34
812.66,384.83,811.68,384.91
812.66,384.83,811.79,384.68
804.21,373.53,802.88,373.74
811.84,384.41,811.79,384.68
827.28,377.94,826.04,377.04
821.13,382.73,821.34,382.39
822.58,377.76,822.62,378.28
812.74,384.60,811.84,384.41
816.80,382.41,815.39,382.34
812.75,384.33,811.84,384.41
825.83,378.41,825.55,377.94
812.75,384.33,811.84,384.41
826.04,378.84,825.91,379.07
819.94,373.78,820.06,374.18
814.30,384.43,813.39,384.50
806.75,374.35,805.55,373.74
813.43,384.78,813.39,384.50
817.17,377.51,818.29,377.56
814.30,384.43,813.43,384.78
803.33,377.56,803.66,377.51
817.30,384.41,816.05,384.80
816.99,377.66,818.29,377.56
828.10,347.92,824.56,349.73
815.12,377.94,814.53,382.02
814.39,384.70,813.43,384.78
819.28,384.76,817.99,385.16
807.59,374.89,806.75,374.35
807.55,369.81,803.18,381.95
813.55,385.03,813.43,384.78
786.82,356.91,784.50,357.67
820.20,378.17,821.95,378.25
821.26,384.85,820.33,384.93
814.98,385.12,813.55,385.03
822.80,384.98,824.14,384.21
829.81,350.26,828.41,351.91
809.54,384.14,808.64,384.21
828.10,347.92,829.27,349.25
828.95,367.46,829.32,369.64
810.13,382.90,808.42,382.51
810.10,380.93,810.10,374.98
821.88,361.75,822.29,363.46
816.05,384.80,815.09,384.89
828.10,347.92,826.12,350.85
810.13,382.90,809.84,382.59
825.88,377.69,825.65,377.92
810.10,380.93,807.59,374.89
815.26,383.48,813.99,384.21
819.12,384.52,817.86,384.92
813.37,382.11,812.83,382.26
817.47,385.26,817.61,385.02
816.05,384.80,815.13,384.61
810.76,384.02,812.01,383.49
840.42,385.63,816.87,384.21
822.01,363.49,823.61,366.64
829.47,349.36,831.18,348.95
816.05,384.53,816.85,384.72
821.95,383.66,823.66,383.76
817.78,384.64,816.85,384.72
816.89,385.00,816.85,384.72
810.17,384.58,809.21,384.23
781.10,355.78,774.18,356.99
815.24,383.68,816.49,382.71
817.86,384.92,816.89,385.00
819.15,373.75,819.03,374.14
810.10,374.98,810.43,380.61
817.24,384.64,818.57,383.88
817.01,385.25,816.89,385.00
789.12,361.61,789.38,360.00
844.07,363.94,786.76,366.53
819.45,385.26,818.46,385.34
789.12,361.61,783.45,360.00
819.45,385.26,818.58,385.10
828.41,351.91,830.51,353.70
829.16,350.28,827.76,351.92
807.62,382.45,806.98,382.29
780.41,350.51,779.66,352.82
819.54,385.02,818.58,385.10
826.47,355.78,826.68,358.01
802.28,377.96,802.50,379.35
818.64,384.83,818.58,385.10
824.09,378.34,823.98,378.38
811.24,384.74,810.27,384.83
820.33,384.93,818.64,384.83
819.56,384.75,820.33,384.93
804.22,369.83,803.43,369.81
831.76,360.00,831.91,361.90
821.26,384.85,820.33,384.93
820.51,385.47,820.39,385.22
819.79,356.05,819.17,360.00
821.36,385.13,820.51,385.47
811.85,379.39,811.21,380.65
817.24,384.64,815.96,385.04
802.90,373.58,801.68,374.35
810.65,383.77,812.03,383.29
818.15,384.74,818.21,384.98
801.66,381.46,800.99,380.80
832.77,347.84,830.94,348.96
808.17,376.00,807.91,375.66
809.60,384.21,810.93,384.33
807.84,384.67,808.48,384.71
808.98,374.62,808.59,375.46
817.00,370.83,816.52,371.05
813.93,384.44,815.24,383.68
787.41,356.74,785.40,354.13
829.17,360.00,831.62,361.92
823.53,382.67,823.75,378.33
817.35,369.89,817.00,369.88
819.28,384.76,820.61,384.00
812.07,377.99,811.85,379.39
827.31,379.47,829.57,379.47
817.00,370.83,817.00,369.88
812.88,377.84,813.09,377.64
817.35,369.89,817.00,370.83
814.45,377.69,813.09,377.64
825.47,378.41,825.46,378.03
810.21,381.65,805.67,382.10
824.09,378.34,822.16,382.70
813.99,384.21,813.93,384.44
817.35,370.69,817.00,370.83
825.91,379.07,826.38,379.17
807.35,374.95,807.59,380.80
815.09,384.89,814.98,385.12
817.35,370.69,819.16,370.89
805.11,377.94,805.70,382.02
816.45,382.54,816.61,382.29
817.35,370.69,817.00,370.83
811.93,381.95,813.31,369.81
821.13,355.83,821.14,355.80
815.93,384.92,816.02,385.16
819.16,370.89,817.00,370.83
821.96,353.83,821.14,355.80
816.52,371.05,817.00,370.83
822.29,356.54,820.64,357.89
808.64,384.21,810.11,384.30
822.41,384.48,821.26,384.85
818.93,371.11,816.52,371.05
807.55,369.81,803.18,381.95
822.26,377.93,822.11,377.77
815.13,384.61,815.09,384.89
819.44,370.75,822.60,370.98
816.27,382.11,816.87,378.02
819.44,370.75,819.16,370.89
819.42,385.13,820.39,385.22
817.01,383.76,814.34,382.83
822.29,356.54,821.88,358.25
822.41,384.48,819.56,384.75
818.59,383.67,817.30,384.41
818.93,371.11,819.16,370.89
822.27,378.30,822.62,378.28
803.46,374.98,800.99,380.80
822.34,371.21,819.16,370.89
812.51,384.35,811.24,384.74
822.88,370.84,822.60,370.98
825.86,371.30,822.60,370.98
813.19,378.01,813.53,377.96
825.86,371.30,822.34,371.21
823.75,378.33,823.98,378.38
814.83,378.08,814.63,377.92
826.52,360.00,826.68,361.98
820.05,368.80,817.35,369.89
817.35,370.69,817.35,369.89
814.44,377.21,815.08,369.82
821.50,385.38,820.51,385.47
809.48,374.18,809.52,374.64
815.07,378.03,813.53,377.96
826.14,371.08,825.86,371.30
819.55,375.83,819.76,375.74
825.99,364.21,825.73,363.13
820.05,368.25,819.67,368.42
820.05,368.80,819.67,368.42
781.76,366.10,783.43,364.43
814.20,369.83,816.65,369.89
820.05,368.25,840.77,368.68
818.91,384.27,820.15,383.56
841.18,369.07,820.44,368.63
809.64,383.57,808.46,383.94
816.92,383.58,817.12,383.80
823.88,366.57,825.25,367.59
810.07,384.20,808.46,383.94
779.66,352.82,778.33,354.87
813.37,382.11,813.21,382.36
808.81,384.59,808.46,383.94
812.66,384.83,811.24,384.74
820.70,384.38,819.56,384.75
814.18,377.42,813.99,377.56
816.05,384.53,815.13,384.61
813.31,382.78,811.86,382.70
811.07,376.56,811.29,377.96
820.75,384.85,819.28,384.76
809.95,383.58,808.76,382.63
821.36,385.13,820.39,385.22
819.55,374.62,819.03,375.06
812.61,382.49,810.84,382.87
820.32,377.80,820.58,377.85
811.93,381.95,810.84,382.87
820.05,368.25,818.13,368.25
822.80,384.98,821.50,385.38
824.32,377.86,824.11,378.01
813.21,382.36,813.25,382.53
825.31,377.87,824.06,377.81
813.25,382.53,812.61,382.49
820.70,384.38,821.95,383.66
829.38,377.94,829.38,376.40
825.80,378.08,825.65,377.92
812.94,382.21,813.58,382.24
818.88,377.40,818.76,377.77
809.53,384.40,809.44,384.63
821.34,382.39,821.95,378.25
821.95,383.66,823.31,382.93
818.93,371.11,815.81,377.47
818.61,377.61,817.67,377.34
810.71,384.24,812.01,383.49
810.76,384.02,810.71,384.24
815.63,383.03,815.81,382.59
804.32,383.45,805.62,384.20
816.02,382.93,815.81,382.59
809.44,384.44,806.73,383.60
809.37,370.98,809.62,371.21
825.99,364.21,825.73,363.13
810.10,380.93,807.59,380.80
815.26,383.48,813.87,383.97
819.12,384.52,820.41,383.78
813.37,382.11,813.21,382.36
808.98,374.62,808.47,374.14
825.64,377.35,825.55,377.94
813.99,384.21,812.74,384.60
814.26,369.80,813.31,369.81
820.06,374.18,820.11,374.64
816.05,384.80,815.09,384.89
811.87,383.07,812.83,382.26
821.13,355.83,821.96,353.83
816.87,384.21,815.59,383.22
825.82,378.46,825.80,378.08
820.44,368.63,841.18,369.07
818.93,371.11,819.86,373.52
812.03,383.29,812.83,382.26
813.63,377.87,813.04,381.94
826.34,376.39,825.91,376.82
813.04,381.94,813.37,382.11
774.13,370.02,777.32,369.98
803.38,382.24,803.71,382.53
813.04,381.94,814.32,382.35
813.37,382.11,813.58,382.24
803.75,369.89,803.75,370.69
812.71,384.64,812.88,384.41
825.86,371.30,822.34,371.21
827.28,353.75,829.68,355.71
807.55,382.51,806.16,382.29
827.46,376.03,833.66,376.39
818.93,371.11,816.52,371.05
812.94,382.21,814.26,369.80
805.55,381.94,804.21,382.15
814.05,377.90,812.94,382.21
801.66,374.22,800.99,374.89
823.62,382.78,823.53,382.67
813.58,382.24,812.94,382.21
835.88,372.14,781.21,370.56
814.05,377.90,813.58,382.24
806.75,381.33,805.55,381.94
806.27,371.11,807.59,374.01
809.54,384.14,809.53,384.40
825.91,379.07,833.12,379.81
812.52,370.93,825.20,371.42
815.43,384.06,815.09,383.26
812.03,383.29,811.87,383.07
822.16,382.70,822.62,378.28
825.91,379.07,826.34,379.49
825.86,371.30,822.58,377.76
812.83,382.26,814.32,382.35
814.53,382.02,813.04,381.94
821.96,353.83,825.80,355.75
784.17,360.00,782.56,364.95
811.85,383.46,810.39,382.73
815.12,377.94,814.53,382.02
810.27,384.83,810.17,384.58
825.02,352.09,824.16,353.69
803.18,381.95,801.80,369.81
804.75,377.63,804.55,377.47
810.65,383.77,809.54,384.14
811.02,384.23,809.54,384.14
819.12,384.52,819.28,384.76
811.87,383.07,813.36,383.16
810.65,383.77,811.87,383.07
826.47,355.78,825.97,357.86
813.99,384.21,812.66,384.83
808.46,383.94,807.55,384.01
810.71,384.24,809.44,384.63
802.24,369.82,803.91,371.05
821.13,364.17,821.14,364.20
825.88,377.69,825.86,371.30
809.22,384.50,810.27,384.83
819.95,356.08,819.17,360.00
813.62,383.38,814.80,382.45
814.32,382.35,814.80,382.45
821.13,364.17,821.94,366.13
809.22,384.50,810.17,384.58
813.62,383.38,814.32,382.35
808.09,383.86,809.21,384.23
802.50,379.35,803.14,380.61
824.16,366.31,823.88,366.57
820.75,384.85,819.45,385.26
811.79,384.68,811.68,384.91
811.19,377.77,809.89,377.71
829.47,370.64,829.80,372.84
819.76,373.51,819.94,373.78
814.96,382.20,814.80,382.45
809.84,382.59,809.37,378.19
816.35,384.63,817.47,385.26
804.95,383.49,806.25,384.24
827.99,347.86,824.43,349.67
814.52,384.95,813.55,385.03
815.45,377.99,814.96,382.20
786.41,353.56,785.91,353.80
828.10,347.92,824.43,349.67
812.18,382.83,812.37,382.39
814.39,384.70,813.55,385.03
815.12,377.94,814.96,382.20
820.94,374.06,820.84,373.56
814.26,369.80,814.05,377.90
803.33,377.92,803.81,382.11
813.75,377.51,815.11,377.57
827.14,356.08,825.90,356.87
808.76,382.63,809.15,382.53
827.29,353.80,826.45,355.74
814.19,377.40,814.05,377.90
825.99,355.78,825.90,356.87
813.99,377.56,814.05,377.90
827.97,350.43,829.53,349.79
813.75,377.51,813.99,377.56
818.59,383.67,817.18,384.17
822.41,384.48,823.66,383.76
813.93,377.37,813.75,377.51
821.60,367.50,768.80,366.53
821.26,384.85,820.39,385.22
806.63,377.56,806.95,377.51
812.35,384.11,811.11,384.50
825.54,356.87,825.90,356.87
816.49,382.71,816.80,382.41
812.14,383.86,811.02,384.23
822.11,377.77,820.78,377.71
815.07,382.63,815.39,382.34
812.35,384.11,813.36,383.16
806.92,381.46,806.75,381.33
809.42,377.69,808.97,374.63
826.87,376.12,826.34,376.39
812.14,383.86,813.36,383.16
807.99,373.31,807.69,373.52
807.59,380.80,806.92,381.46
826.81,376.48,826.38,376.70
812.35,384.11,812.14,383.86
813.62,383.38,815.07,382.63
813.62,383.38,814.80,382.45
815.45,377.99,815.44,377.63
807.73,384.14,807.64,384.40
815.45,377.99,815.11,377.57
806.92,374.22,805.55,373.74
827.31,379.47,829.57,379.47
817.23,377.70,816.99,377.66
825.31,377.87,825.65,377.92
808.95,373.70,807.55,373.48
816.02,382.93,814.34,382.83
806.87,383.16,805.91,382.35
826.38,379.17,826.81,379.39
820.62,375.70,820.82,375.21
814.96,382.20,815.39,382.34
815.45,377.99,814.96,382.20
807.55,369.81,801.80,369.81
817.27,378.04,817.10,378.07
802.51,368.63,802.50,368.80
818.93,371.11,819.66,374.01
810.76,384.02,809.54,384.14
816.80,382.41,817.27,378.04
803.14,380.61,803.46,380.93
825.64,378.53,826.04,378.84
814.18,377.42,815.30,377.47
813.93,377.37,814.18,377.42
826.81,366.19,827.93,368.02
813.63,377.87,813.04,381.94
804.75,377.63,804.99,377.57
802.90,373.58,804.90,374.34
814.19,377.40,814.44,377.21
817.30,384.41,817.24,384.64
814.44,377.21,814.19,377.40
809.09,370.84,812.52,370.93
813.99,377.56,814.19,377.40
815.08,369.82,814.26,369.80
818.59,383.67,817.30,384.41
814.18,377.42,813.99,377.56
807.69,373.52,807.59,374.01
818.46,385.34,817.01,385.25
812.51,384.35,811.11,384.50
822.11,383.88,822.08,384.09
812.51,384.35,811.24,384.74
813.82,383.60,812.51,384.35
803.65,377.87,805.11,377.94
812.35,384.11,813.82,383.60
809.44,384.63,808.48,384.71
803.04,377.99,802.50,379.35
807.55,369.81,809.64,383.57
808.98,375.21,808.97,374.63
812.35,384.11,813.62,383.38
815.24,383.68,816.49,382.71
803.65,377.87,804.24,381.94
815.24,383.68,815.07,382.63
821.61,382.83,821.34,382.39
813.82,383.60,815.07,382.63
803.26,376.60,803.90,375.34
808.17,376.00,808.45,376.12
816.61,382.29,816.80,382.41
814.05,377.90,813.58,382.24
816.61,382.29,817.10,378.07
802.75,382.21,803.08,382.49
827.46,376.03,826.87,376.12
818.29,377.56,818.43,377.72
817.86,384.92,816.89,385.00
816.99,377.66,817.17,377.51
831.91,358.10,831.76,360.00
807.55,369.81,806.65,383.94
817.43,377.56,817.23,377.70
811.07,376.56,812.07,377.99
819.86,373.52,819.66,374.01
816.99,377.66,817.23,377.70
807.55,369.81,805.47,383.57
817.43,377.56,816.99,377.66
804.56,377.47,804.75,377.63
803.79,369.88,803.91,371.05
784.17,360.00,779.95,356.94
817.17,377.51,816.99,377.66
808.48,373.33,808.40,373.22
815.81,377.47,815.45,377.99
805.55,381.94,804.21,382.15
802.50,368.80,803.75,370.69
812.74,384.60,811.79,384.68
812.94,382.21,812.61,382.49
829.80,350.34,829.81,350.26
817.23,377.70,817.10,378.07
825.20,370.33,825.20,371.42
812.94,382.21,813.25,382.53
817.23,377.70,817.27,378.04
813.58,382.24,813.25,382.53
819.79,363.94,766.68,360.00
817.42,377.54,817.27,378.04
814.00,385.04,812.57,384.95
819.17,360.00,767.22,356.57
815.85,377.98,815.39,382.34
823.31,382.93,822.93,382.83
804.21,377.84,804.21,373.53
830.68,366.26,831.81,368.11
817.27,378.04,815.39,382.34
804.21,377.84,807.35,380.73
816.87,378.02,818.44,378.09
825.65,377.92,824.51,377.64
807.55,369.81,801.80,369.81
817.27,378.04,816.80,382.41
816.52,371.05,816.65,369.89
822.27,378.30,822.62,378.28
815.60,377.26,815.44,377.63
815.81,382.59,815.19,378.41
811.87,383.07,812.83,382.26
815.81,377.47,815.44,377.63
820.41,383.78,821.88,383.02
822.63,384.74,823.94,383.99
822.27,378.30,822.58,377.76
815.60,377.26,815.81,377.47
814.44,377.21,815.60,377.26
827.28,377.94,826.38,376.70
813.82,383.60,815.24,383.68
825.46,378.03,825.31,377.87
805.77,370.75,803.75,370.69
812.51,384.35,813.82,383.60
828.95,352.54,828.41,351.97
781.10,355.78,779.95,356.94
815.24,383.68,816.45,382.54
816.49,382.71,816.45,382.54
818.61,377.61,818.76,377.77
810.17,384.58,809.22,384.50
788.88,360.00,788.34,356.57
829.17,360.00,831.47,360.00
817.86,384.92,817.01,385.25
802.24,369.82,803.79,369.89
818.76,377.77,818.43,377.72
805.67,382.10,804.29,382.32
814.44,377.21,816.52,371.05
818.43,377.72,818.76,377.77
821.88,361.75,820.64,362.11
817.12,383.80,818.57,383.88
802.51,368.63,812.52,370.93
818.44,378.09,818.43,377.72
826.68,358.01,826.52,360.00
807.98,384.11,806.73,383.60
839.06,384.58,815.59,383.22
818.29,377.56,818.61,377.61
807.98,384.11,808.04,384.35
817.18,384.17,816.05,384.53
820.44,368.63,820.05,368.25
802.90,382.10,801.66,381.46
818.29,377.56,817.43,377.56
817.17,377.51,817.43,377.56
815.26,383.48,816.45,382.54
802.90,382.10,806.16,382.29
818.29,377.56,817.17,377.51
817.43,377.56,817.42,377.54
815.43,384.06,814.30,384.43
807.80,377.61,807.95,378.12
817.42,377.54,815.81,377.47
801.66,374.22,803.46,374.98
816.02,385.16,817.47,385.26
813.93,384.44,812.66,384.83
826.63,353.76,826.81,353.81
818.27,382.39,819.14,378.12
808.27,375.88,808.52,375.99
820.99,377.49,820.73,377.69
806.82,377.66,808.22,377.72
787.96,356.62,785.91,353.80
823.75,378.33,825.46,378.03
822.93,382.83,824.64,382.93
813.08,371.30,813.09,377.64
811.37,383.45,810.71,384.24
815.26,383.48,813.93,384.44
784.17,360.00,789.12,358.39
811.45,377.71,810.21,377.66
815.39,382.34,815.07,382.63
813.08,371.30,812.88,377.84
826.45,364.25,830.51,366.30
823.75,378.33,823.88,377.96
815.26,383.48,813.99,384.21
808.10,378.14,808.34,378.09
816.87,384.21,839.06,384.58
800.99,380.80,801.08,380.73
820.44,368.63,826.42,370.93
818.93,371.11,820.12,373.20
812.03,383.29,813.21,382.36
808.98,375.83,809.18,375.74
816.27,382.11,817.84,382.20
809.62,371.21,809.63,377.49
817.23,377.70,817.42,377.54
813.58,382.24,813.21,382.36
816.06,382.45,816.27,382.11
816.87,378.02,816.99,377.66
811.23,377.76,810.98,377.54
818.27,382.39,818.77,378.14
827.90,372.11,829.87,372.92
809.89,377.71,809.75,377.85
816.87,378.02,817.23,377.70
811.23,377.76,809.62,371.21
818.27,382.39,818.44,378.09
817.27,378.04,815.85,377.98
826.04,349.07,825.02,352.09
818.21,384.98,819.42,385.13
826.04,349.07,824.43,350.45
826.12,350.85,829.27,349.25
818.21,384.98,819.51,385.38
818.88,377.40,819.10,377.61
815.47,382.78,815.81,382.59
818.77,378.14,819.14,378.12
808.59,375.46,808.77,375.73
805.67,373.58,807.55,373.48
819.10,377.61,819.14,378.12
829.38,377.94,829.57,379.47
809.48,374.18,809.52,374.64
825.80,378.08,825.31,377.87
818.76,377.77,819.10,377.61
822.29,356.54,822.24,358.32
821.93,377.87,822.26,377.93
817.99,385.16,817.01,385.25
813.57,383.10,811.86,382.70
808.43,374.60,808.47,375.06
817.67,377.34,818.88,377.40
777.55,370.95,780.93,370.41
807.62,382.45,807.41,382.11
806.27,371.11,807.80,377.61
824.14,384.21,822.80,384.98
817.99,385.16,818.46,385.34
804.56,377.47,804.30,377.26
813.57,383.10,813.31,382.78
806.73,383.60,808.04,384.35
813.87,383.97,812.75,384.33
808.59,373.75,808.77,373.50
813.87,383.97,813.99,384.21
831.93,372.77,774.35,370.56
813.53,377.96,814.89,377.87
815.09,383.26,813.87,383.97
815.64,384.31,814.39,384.70
812.37,382.39,810.66,382.30
815.05,383.88,816.57,384.38
813.63,377.87,813.75,377.51
811.84,384.41,813.39,384.50
832.07,356.21,831.62,358.08
811.52,378.30,811.38,377.93
808.64,384.21,808.59,384.48
818.68,382.51,819.14,378.12
825.69,362.13,826.68,361.98
818.27,382.39,818.77,378.14
813.87,383.97,812.75,384.33
830.80,348.88,829.16,350.28
813.87,383.97,815.09,383.26
829.34,357.84,831.62,358.08
825.75,377.94,825.83,377.46
813.63,377.87,815.12,377.94
823.01,369.48,822.64,369.20
816.92,383.58,818.11,382.63
772.89,353.89,774.18,356.99
823.42,369.08,823.05,368.80
523.29,483.16,485.02,344.81
816.66,383.35,817.63,382.53
813.40,384.00,812.13,383.02
827.31,376.40,826.81,376.48
818.68,382.51,818.27,382.39
808.95,382.29,807.55,382.51
810.07,384.20,809.64,383.57
825.80,360.00,825.97,362.14
823.98,378.38,823.53,382.67
820.73,377.69,819.10,377.61
804.21,377.84,801.68,381.33
826.74,370.33,826.46,370.24
773.20,360.00,773.45,361.58
823.75,378.33,823.88,377.96
819.10,377.61,820.58,378.19
826.08,349.00,829.16,350.28
813.86,377.92,813.37,382.11
816.87,384.21,816.84,383.99
815.43,384.06,816.66,383.35
773.20,360.00,769.78,360.00
823.75,378.33,824.11,378.01
819.10,377.61,819.14,378.12
814.39,384.70,814.30,384.43
812.94,382.21,814.26,369.80
806.88,384.59,807.51,384.63
809.44,384.44,810.71,384.83
813.63,382.67,813.18,378.38
816.66,383.35,816.92,383.58
809.44,384.44,809.60,384.21
813.63,382.67,813.52,378.33
813.63,377.87,813.86,377.92
815.64,384.31,816.66,383.35
814.89,377.87,813.67,377.81
821.50,385.38,820.51,385.47
817.12,383.80,818.38,382.82
811.79,384.68,810.84,384.60
816.92,383.58,818.11,382.63
812.14,383.86,811.87,383.07
818.15,384.74,816.84,383.99
820.12,382.59,820.58,378.19
815.63,383.03,815.33,382.89
825.91,379.07,826.34,379.49
807.35,374.95,807.35,380.73
818.68,382.51,819.14,378.12
820.44,368.63,820.05,368.80
825.64,378.53,825.55,377.94
820.58,378.19,820.44,378.22
802.50,379.35,803.14,375.31
818.59,383.67,818.41,383.46
822.41,384.48,821.95,383.66
814.96,382.20,814.53,382.02
815.80,384.55,814.39,384.70
814.52,384.95,814.39,384.70
808.48,384.71,807.84,384.67
808.97,374.63,808.85,374.05
815.64,384.31,815.80,384.55
816.52,371.05,815.81,377.47
817.12,383.80,815.80,384.55
807.78,377.61,807.55,377.40
815.08,369.82,816.52,371.05
815.64,384.31,816.92,383.58
832.85,370.87,829.49,370.34
817.12,383.80,818.38,382.82
817.71,384.75,818.64,384.83
819.54,385.02,819.45,385.26
818.38,382.82,818.68,382.51
826.42,370.93,826.14,371.08
820.12,382.59,820.44,378.22
818.93,371.11,817.67,377.34
827.14,356.08,826.68,358.01
820.58,378.19,820.44,378.22
827.91,365.76,827.29,366.20
820.12,382.59,820.58,378.19
820.78,377.71,820.58,377.85
820.39,385.22,820.33,384.93
820.64,362.11,820.48,360.00
820.20,378.17,820.32,377.80
826.34,376.39,826.04,377.04
822.36,377.54,820.99,377.49
771.46,351.92,774.99,352.82
820.58,377.85,820.32,377.80
808.04,375.57,808.77,375.73
820.51,377.66,821.79,377.71
820.32,377.80,820.51,377.66
825.64,377.35,832.41,377.64
808.98,374.62,808.98,373.41
813.99,384.21,812.75,384.33
807.80,377.61,807.59,374.01
822.34,371.21,820.65,373.22
821.79,377.71,820.78,377.71
815.32,383.66,813.84,382.93
826.45,355.74,829.68,355.71
807.80,377.61,807.60,374.58
822.34,371.21,820.84,373.56
821.79,377.71,820.51,377.66
800.99,380.80,803.46,380.93
776.74,364.88,774.99,367.18
816.02,382.93,814.12,382.49
829.49,370.34,829.27,370.75
818.57,383.88,819.83,382.90
803.46,380.93,803.46,374.98
812.75,384.33,813.39,384.50
807.85,375.12,808.59,375.46
831.93,372.77,832.02,372.69
817.47,385.26,818.46,385.34
820.75,384.85,820.61,384.00
818.38,382.82,819.83,382.90
819.95,382.48,820.12,382.59
819.83,382.90,820.12,382.59
781.76,353.89,779.66,352.82
810.43,375.31,810.10,374.98
813.99,377.56,813.75,377.51
783.99,368.86,783.58,368.52
822.11,383.88,823.31,382.93
819.83,382.90,819.95,382.48
825.69,362.13,825.90,363.13
822.63,356.68,822.29,356.54
819.95,382.48,820.20,378.17
777.32,369.98,780.41,369.49
825.44,356.87,825.90,356.87
822.11,377.77,820.99,377.49
784.17,360.00,779.21,361.61
807.74,374.06,808.43,374.60
826.34,379.49,826.81,379.39
819.33,375.73,819.55,375.83
821.93,377.87,821.95,378.25
826.38,379.17,826.34,379.49
820.11,374.64,820.06,375.10
820.32,377.80,821.93,377.87
831.86,346.66,829.87,347.07
803.66,377.51,803.33,377.56
811.23,384.31,810.12,383.35
819.54,375.16,819.50,375.12
809.84,382.59,808.42,382.51
814.71,377.92,814.83,378.08
817.24,384.64,815.96,385.04
825.02,352.09,824.43,350.45
815.80,384.55,815.96,385.04
815.80,384.55,814.52,384.95
819.33,373.50,819.55,373.41
815.80,384.55,817.12,383.80
816.61,382.29,817.10,378.07
819.55,375.83,820.25,375.90
819.15,373.75,819.55,374.62
817.24,384.64,815.80,384.55
808.98,374.62,809.18,375.74
818.57,383.88,819.83,382.90
819.38,382.63,819.95,382.48
819.38,382.63,819.60,382.30
804.21,377.84,802.88,373.74
819.95,382.48,819.60,382.30
825.64,378.53,825.83,378.41
819.76,373.51,819.94,373.78
826.12,350.85,826.46,351.20
822.26,377.93,822.11,377.77
822.26,377.93,822.36,377.54
771.22,364.43,775.31,364.15
816.84,383.99,815.63,383.03
822.27,378.30,822.26,377.93
814.05,377.90,812.94,382.21
802.90,368.25,802.88,368.42
822.27,378.30,821.93,377.87
825.97,357.86,825.80,360.00
815.13,384.61,816.85,384.72
820.05,368.25,820.05,368.80
807.59,374.89,810.10,374.98
821.95,378.25,821.93,377.87
828.95,352.54,827.91,354.24
827.91,354.24,827.14,356.08
814.85,384.09,813.57,383.10
810.13,382.90,810.23,382.48
817.78,384.64,816.89,385.00
826.81,353.81,825.99,355.78
825.53,360.00,825.69,362.13
826.54,351.31,826.35,350.95
818.59,383.67,818.57,383.88
809.42,377.69,809.75,377.85
812.07,377.99,811.29,377.96
827.31,379.47,829.38,377.94
815.08,369.82,814.44,377.21
814.18,377.42,814.19,377.40
818.59,383.67,817.24,384.64
820.68,375.16,820.06,375.10
818.59,383.67,819.78,382.73
810.07,377.80,810.21,377.66
817.18,384.17,818.41,383.46
802.90,382.10,807.55,382.51
818.41,383.46,819.78,382.73
818.41,383.46,819.38,382.63
806.87,383.16,805.91,382.35
820.70,384.38,819.56,384.75
819.78,382.73,819.38,382.63
821.13,382.73,821.34,382.39
825.25,352.41,824.16,353.69
822.11,383.88,820.70,384.38
819.60,382.30,821.34,382.39
821.77,382.58,822.27,378.30
829.53,349.79,831.17,349.39
809.62,371.21,806.04,370.89
815.11,377.57,815.12,377.94
820.30,373.21,820.53,373.33
821.95,378.25,822.27,378.30
821.77,382.58,821.95,378.25
769.78,360.00,773.45,361.58
784.17,360.00,789.12,361.61
820.79,374.63,820.11,374.64
808.95,382.29,804.29,382.32
809.42,377.69,808.98,375.21
821.34,382.39,821.95,378.25
787.23,364.21,788.38,363.06
822.58,377.76,822.62,378.28
802.90,373.58,801.66,374.22
810.23,382.48,809.84,382.59
816.49,382.71,816.80,382.41
822.26,377.93,822.58,377.76
822.63,384.74,823.66,383.76
822.27,378.30,822.26,377.93
805.55,373.74,804.21,373.53
813.39,384.50,811.84,384.41
784.31,368.98,786.76,366.53
827.29,366.20,827.28,366.25
824.11,378.01,824.32,377.86
815.30,377.47,814.18,377.42
817.30,384.41,816.05,384.80
816.05,384.53,816.05,384.80
816.87,378.02,818.43,377.72
817.30,384.41,816.05,384.53
803.33,377.56,802.92,377.90
809.63,377.49,809.89,377.71
817.18,384.17,816.05,384.53
817.18,384.17,817.30,384.41
811.64,377.87,810.07,377.80
801.08,374.95,801.08,380.73
818.41,383.46,817.18,384.17
818.61,377.61,818.76,377.77
810.71,384.24,809.44,384.63
818.44,378.09,818.77,378.14
804.29,373.36,806.16,373.70
820.15,383.56,821.13,382.73
805.77,370.75,802.50,368.80
801.68,374.35,801.08,374.95
819.38,382.63,821.13,382.73
825.65,377.92,824.32,377.86
804.29,373.36,802.90,373.58
827.46,376.03,829.56,376.03
820.15,383.56,819.38,382.63
821.95,383.66,822.93,382.83
804.75,377.63,804.99,377.57
810.76,384.02,809.53,384.40
818.41,383.46,819.38,382.63
819.55,373.41,819.76,373.51
821.61,382.83,821.77,382.58
821.36,385.13,820.39,385.22
809.09,370.84,802.51,368.63
802.88,373.74,801.68,374.35
821.34,382.39,821.77,382.58
807.75,374.59,808.47,375.06
820.20,378.17,820.44,378.22
819.15,373.75,819.03,374.14
822.16,382.70,822.62,378.28
818.21,384.98,816.87,384.21
819.80,373.61,819.03,374.14
821.77,382.58,822.62,378.28
803.14,375.31,803.46,380.93
816.85,384.72,815.13,384.61
827.28,377.94,826.81,376.48
822.58,377.76,824.09,378.34
830.24,351.03,828.41,351.97
808.59,373.75,808.47,374.14
824.32,377.86,824.51,377.64
824.25,377.84,824.51,377.64
825.80,378.08,825.65,377.92
810.10,380.93,810.21,381.65
825.80,378.08,825.88,377.69
777.32,350.02,780.64,349.98
841.18,369.07,820.05,368.25
818.91,384.27,816.05,384.53
802.50,376.56,802.28,377.96
818.41,383.46,820.15,383.56
820.47,360.00,820.64,362.11
805.41,383.07,806.62,383.77
820.15,383.56,821.13,382.73
821.61,382.83,821.77,382.58
821.61,382.83,822.16,382.70
829.47,349.36,831.17,349.39
818.57,383.88,819.78,382.73
821.88,383.02,822.16,382.70
810.71,384.24,810.07,384.20
810.21,381.65,808.95,382.29
824.09,378.34,822.62,378.28
811.52,378.30,811.76,378.25
825.31,377.87,824.32,377.86
823.98,378.38,824.11,378.01
824.09,378.34,824.11,378.01
824.25,377.84,824.11,378.01
824.09,378.34,824.25,377.84
823.88,377.96,824.11,378.01
806.14,377.54,806.10,378.04
820.41,383.78,821.13,382.73
819.55,374.62,819.76,373.51
810.43,380.61,810.10,380.93
808.65,373.56,808.40,373.22
805.67,373.58,804.29,373.36
825.46,378.03,825.31,377.87
814.05,377.90,813.37,382.11
816.61,382.29,816.87,378.02
817.99,385.16,817.86,384.92
822.74,368.68,825.04,368.80
815.45,377.99,815.85,377.98
825.68,382.89,826.15,378.43
806.87,382.71,806.98,382.29
787.41,356.74,786.82,356.91
811.86,382.70,811.39,378.28
826.81,379.39,827.31,379.47
807.55,377.40,807.80,377.61
826.46,370.24,825.34,369.08
806.63,377.56,806.82,377.66
827.28,377.94,825.83,377.46
813.40,384.00,813.38,383.78
822.60,370.98,819.16,370.89
806.95,377.51,806.82,377.66
813.21,382.36,812.83,382.26
818.91,384.27,817.86,384.92
806.63,377.56,806.49,377.70
808.22,373.21,808.48,373.33
817.01,383.76,816.02,382.93
803.90,375.34,803.14,375.31
807.91,375.66,807.71,375.16
820.15,383.56,820.41,383.78
818.91,384.27,820.15,383.56
803.91,371.05,804.30,377.26
819.63,375.66,819.82,376.00
820.61,384.00,821.88,383.02
808.98,374.62,808.43,374.60
816.61,382.29,816.27,382.11
804.55,377.47,804.30,377.26
808.45,376.12,808.17,376.00
805.27,369.88,803.79,369.89
808.81,384.59,807.84,384.67
809.89,377.71,810.21,377.66
825.82,378.46,825.80,378.08
820.78,377.71,820.32,377.80
825.47,378.41,825.46,378.03
819.38,382.63,819.60,382.30
811.23,377.76,811.38,377.93
819.12,384.52,817.86,384.92
808.77,373.50,808.22,373.21
806.27,371.11,803.91,371.05
818.26,384.48,819.40,384.85
818.44,378.09,818.43,377.72
813.93,384.44,812.51,384.35
823.88,377.96,824.06,377.81
802.51,368.63,802.50,368.80
820.41,383.78,820.61,384.00
821.88,383.02,823.36,383.10
825.64,378.53,825.91,379.07
823.53,382.67,823.62,382.78
823.53,382.67,823.98,378.38
823.88,377.96,825.46,378.03
826.04,377.04,825.83,377.46
822.34,371.21,818.93,371.11
822.93,382.83,823.15,382.49
819.60,382.30,820.20,378.17
810.11,384.30,809.21,384.23
812.52,370.93,824.85,371.27
809.48,375.10,809.36,375.49
821.50,385.38,821.36,385.13
808.77,375.73,808.98,375.83
787.41,363.26,787.31,360.00
824.14,384.21,825.42,383.22
802.24,369.82,802.96,377.40
815.43,384.06,813.87,383.97
787.96,363.38,788.34,363.43
826.12,369.15,823.61,366.64
817.35,369.89,817.00,369.88
819.28,384.76,817.99,385.16
811.07,379.35,810.43,380.61
819.45,385.26,817.99,385.16
801.43,369.80,802.75,382.21
813.31,382.78,812.83,378.34
777.55,370.95,777.38,370.54
824.14,384.21,825.42,383.22
820.75,384.85,822.08,384.09
827.29,366.20,828.41,368.09
825.31,382.78,825.82,378.46
814.71,377.92,814.45,377.69
829.32,350.35,827.93,351.98
810.21,374.34,807.59,374.89
822.08,384.09,823.36,383.10
811.21,380.65,810.21,381.65
815.64,384.31,815.43,384.06
780.64,370.02,780.41,369.49
823.31,382.93,823.53,382.67
783.20,361.58,783.45,360.00
767.22,356.57,766.60,360.00
819.54,385.02,818.58,385.10
822.93,382.83,823.53,382.67
814.12,382.49,813.52,378.33
815.43,384.06,816.66,383.35
825.13,356.87,824.90,357.85
809.42,377.69,809.37,378.19
819.10,377.61,820.08,376.12
829.87,372.92,831.94,373.42
818.59,383.67,819.78,382.73
771.19,351.47,768.86,353.80
813.18,378.38,813.19,378.01
811.23,377.76,811.39,378.28
818.11,382.63,818.38,382.82
819.78,382.73,819.95,382.48
824.85,382.59,823.75,378.33
822.33,369.07,822.64,369.20
824.85,382.59,825.47,378.41
819.12,384.52,820.61,384.00
819.14,378.12,820.58,378.19
823.94,383.99,825.42,383.22
822.58,377.76,822.36,377.54
258.45,461.38,302.40,298.84
823.94,383.99,825.15,383.03
809.60,384.21,809.81,383.97
819.78,382.73,819.95,382.48
806.92,381.46,810.21,381.65
816.45,382.54,816.06,382.45
787.92,360.00,786.82,356.91
824.85,382.59,825.47,378.41
825.55,377.94,832.32,378.24
808.98,373.41,809.18,373.51
829.32,369.64,831.75,370.26
822.63,384.74,821.36,385.13
820.75,384.85,822.08,384.09
809.18,373.51,808.71,373.64
815.81,377.47,815.85,377.98
820.81,384.63,820.75,384.85
808.47,374.14,808.43,374.60
817.42,377.54,817.27,378.04
822.11,383.88,820.81,384.63
823.94,383.99,825.15,383.03
808.76,382.63,808.94,382.20
814.45,377.69,813.09,377.64
825.31,382.78,825.82,378.46
812.01,383.49,811.37,383.45
824.64,382.93,824.85,382.59
813.38,383.78,812.18,382.83
811.11,384.50,810.27,384.83
823.15,382.49,824.85,382.59
819.12,384.52,820.41,383.78
809.09,370.84,805.77,370.75
824.64,382.93,823.15,382.49
814.00,385.04,814.98,385.12
824.64,382.93,825.15,383.03
823.94,383.99,824.14,384.21
822.63,384.74,823.94,383.99
777.38,370.54,780.41,369.49
822.36,377.54,820.99,377.49
829.00,360.00,829.34,357.84
822.63,384.74,821.36,385.13
819.56,384.75,818.64,384.83
826.34,376.39,833.12,376.67
837.50,370.68,815.33,382.89
809.62,371.21,809.42,377.69
821.36,385.13,821.26,384.85
820.81,384.63,819.54,385.02
819.56,384.75,819.54,385.02
820.70,384.38,820.81,384.63
806.27,371.11,807.69,373.52
826.38,376.70,826.04,377.04
813.36,383.16,813.62,383.38
809.44,384.63,808.59,384.48
822.11,383.88,821.95,383.66
815.09,383.26,816.45,382.54
829.80,347.15,831.86,346.66
815.64,384.31,814.39,384.70
817.63,382.53,816.27,382.11
827.85,347.97,827.90,347.89
823.66,383.76,823.94,383.99
826.04,349.07,826.08,349.00
819.51,385.38,820.51,385.47
809.95,383.58,808.71,382.82
822.41,384.48,823.66,383.76
819.44,370.75,817.35,370.69
819.56,384.75,821.26,384.85
826.87,376.12,826.38,376.70
831.62,358.08,831.47,360.00
825.97,362.14,826.47,364.22
804.95,383.49,803.71,382.53
807.80,377.61,808.45,376.12
827.76,351.92,826.63,353.76
822.08,384.09,823.31,382.93
807.35,374.95,806.75,374.35
826.81,379.39,827.31,379.47
815.39,382.34,816.80,382.41
822.41,384.48,820.70,384.38
820.99,377.49,820.73,377.69
807.55,377.40,807.80,377.61
811.07,379.35,811.29,377.96
810.10,374.98,810.43,375.31
776.74,355.12,778.33,354.87
820.78,377.71,820.73,377.69
827.90,347.89,829.87,347.07
806.98,382.29,806.81,378.02
825.80,378.08,826.10,377.92
784.17,360.00,785.78,355.04
808.46,383.94,807.55,384.01
812.48,384.70,812.57,384.95
815.85,377.98,815.39,382.34
808.42,382.51,807.95,378.12
819.12,384.52,818.91,384.27
825.80,364.25,825.54,363.13
806.92,374.22,807.59,374.89
815.09,384.89,814.13,384.80
825.15,383.03,824.85,382.59
804.21,377.84,805.55,381.94
815.44,377.63,815.11,377.57
800.99,374.89,800.99,380.80
818.88,377.40,819.10,377.61
814.97,377.42,814.18,377.42
825.68,382.89,826.15,378.43
805.55,373.74,804.21,373.53
804.55,377.47,803.91,371.05
820.41,383.78,821.61,382.83
814.18,377.42,814.44,377.21
823.36,383.10,823.62,382.78
814.97,377.42,813.93,377.37
825.91,376.82,825.64,377.35
807.59,380.80,807.59,374.89
823.36,383.10,822.16,382.70
826.04,377.04,825.91,376.82
822.34,371.21,820.73,377.69
803.26,379.39,803.90,380.65
825.68,382.89,825.31,382.78
803.14,380.61,803.46,380.93
826.38,376.70,826.34,376.39
822.58,377.76,822.34,371.21
804.90,381.65,803.46,380.93
801.66,381.46,804.90,381.65
824.06,377.81,823.88,377.96
825.82,378.46,826.15,378.43
812.01,383.49,812.03,383.29
814.00,385.04,814.98,385.12
806.48,378.07,806.10,378.04
811.07,376.56,810.43,375.31
813.93,384.44,813.82,383.60
823.88,377.96,825.31,377.87
804.21,377.84,806.75,381.33
813.62,383.38,813.82,383.60
804.29,382.32,807.55,382.51
810.07,377.80,811.45,377.71
802.90,382.10,804.29,382.32
826.87,379.76,827.46,379.86
804.29,382.32,807.55,382.51
815.96,385.04,815.09,384.89
769.78,360.00,770.15,362.33
784.17,360.00,789.38,360.00
825.02,352.09,823.05,352.06
811.45,377.71,809.89,377.71
815.39,382.34,814.80,382.45
826.04,378.84,827.28,377.94
826.35,369.05,827.97,369.57
802.50,376.56,803.14,375.31
808.98,374.62,808.98,375.83
822.26,377.93,821.93,377.87
825.83,378.41,826.04,378.84
818.99,374.60,819.03,375.06
802.90,373.58,806.16,373.70
825.71,371.65,837.50,370.68
786.76,353.47,784.31,351.02
823.31,382.93,823.53,382.67
806.92,374.22,805.67,373.58
808.27,375.88,808.77,375.73
821.96,366.17,826.63,366.24
822.08,384.09,821.88,383.02
815.30,377.47,815.60,377.26
779.66,352.82,777.32,352.45
811.21,375.34,810.21,374.34
825.15,383.03,825.42,383.22
825.82,378.46,826.10,377.92
817.43,377.56,817.67,377.34
826.04,378.84,826.38,379.17
809.18,373.51,809.36,373.78
819.44,370.75,820.05,368.80
801.68,381.33,800.99,380.80
771.22,364.43,772.89,366.10
816.84,383.99,816.02,382.93
818.61,377.61,817.43,377.56
808.47,374.14,808.43,374.60
821.88,383.02,822.16,382.70
814.71,377.92,813.08,371.30
787.31,360.00,786.82,356.91
825.31,382.78,825.47,378.41
815.09,383.26,816.66,383.35
806.75,381.33,805.67,382.10
806.27,371.11,808.12,373.10
807.55,369.81,810.84,382.87
801.66,381.46,801.68,381.33
812.52,370.93,823.01,369.48
804.99,377.57,805.11,377.94
818.26,384.48,817.01,383.76
802.90,382.10,801.66,381.46
808.77,373.50,808.98,373.41
814.89,377.87,813.67,377.81
809.36,375.49,809.18,375.74
802.90,382.10,802.88,381.94
827.31,376.40,829.38,376.40
804.29,373.36,802.90,373.58
825.82,378.46,826.15,378.43
804.29,382.32,802.90,382.10
803.18,381.95,804.27,382.87
826.87,376.12,833.66,376.39
802.24,369.82,803.17,377.21
816.52,371.05,815.60,377.26
801.08,380.73,800.99,380.80
800.99,374.89,801.08,380.73
801.08,374.95,801.08,380.73
800.99,374.89,801.08,374.95
804.29,382.32,804.21,382.15
818.93,371.11,819.10,377.61
801.08,374.95,800.99,374.89
823.62,382.78,823.98,378.38
812.75,384.33,814.30,384.43
801.66,374.22,801.08,374.95
813.08,371.30,811.23,377.76
801.66,374.22,800.99,374.89
810.07,384.20,808.81,384.59
813.86,377.92,813.37,382.11
812.83,378.34,811.39,378.28
807.59,374.89,806.92,374.22
819.28,384.76,817.86,384.92
801.68,374.35,801.08,374.95
820.61,384.00,819.28,384.76
782.56,355.04,781.10,355.78
825.69,357.87,825.22,357.85
817.99,385.16,817.01,385.25
826.45,355.74,829.17,357.83
808.70,376.02,808.52,375.99
807.35,380.73,806.75,381.33
806.27,371.11,807.55,377.40
817.43,377.56,818.61,377.61
806.57,382.41,806.48,378.07
819.54,375.16,819.55,374.58
812.74,384.60,811.79,384.68
780.41,350.51,781.76,353.89
819.54,385.02,818.64,384.83
819.67,368.42,817.79,368.42
816.92,383.58,818.38,382.82
802.88,373.74,802.90,373.58
827.31,376.40,829.56,376.03
804.29,373.36,802.88,373.74
825.88,377.69,824.51,377.64
804.21,373.53,804.29,373.36
806.92,374.22,805.67,373.58
827.46,379.86,829.75,379.86
805.55,373.74,805.67,373.58
774.99,367.18,777.32,367.55
826.08,349.00,830.80,348.88
814.85,384.09,813.84,382.93
815.05,383.88,813.84,382.93
823.36,383.10,823.53,382.67
825.56,370.42,837.50,370.68
812.74,384.60,812.66,384.83
826.87,379.76,827.46,379.86
806.75,374.35,806.92,374.22
825.95,357.85,829.00,360.00
820.58,377.85,820.58,378.19
829.85,364.26,832.80,365.57
812.01,382.58,812.37,382.39
784.17,360.00,788.38,363.06
823.98,378.38,824.11,378.01
813.99,377.56,813.86,377.92
814.83,378.08,814.63,377.92
823.66,383.76,824.64,382.93
808.22,373.21,808.12,373.10
802.51,368.63,805.77,370.75
806.75,381.33,805.55,381.94
807.59,380.80,807.35,380.73
807.35,374.95,807.59,374.89
819.66,374.01,819.62,374.06
803.14,375.31,803.46,374.98
809.75,377.85,809.37,378.19
818.77,378.14,819.10,377.61
806.27,371.11,806.14,377.54
810.43,375.31,810.43,380.61
804.21,377.84,801.68,374.35
818.58,385.10,818.46,385.34
802.50,379.35,803.14,380.61
820.20,378.17,820.58,377.85
819.94,373.78,820.06,374.18
772.89,353.89,771.22,355.56
823.42,369.08,822.64,369.20
778.33,354.87,777.32,352.45
813.58,382.24,813.25,382.53
819.55,374.62,820.06,374.18
817.01,383.76,815.32,383.66
812.61,382.49,811.37,383.45
803.26,379.39,803.14,380.61
803.14,380.61,803.90,380.65
815.32,383.66,814.34,382.83
826.52,360.00,826.68,358.01
803.90,375.34,804.90,374.34
819.51,374.59,819.50,375.12
814.19,377.40,814.26,369.80
807.55,369.81,808.46,383.94
803.04,377.99,803.26,379.39
820.64,357.89,820.65,357.87
802.88,381.94,801.68,381.33
817.86,384.92,817.78,384.64
802.28,377.96,803.04,377.99
807.71,375.16,807.60,374.58
820.71,373.64,820.80,374.10
806.16,373.70,804.90,374.34
820.32,377.80,821.79,377.71
802.50,379.35,803.26,379.39
809.44,384.44,808.13,383.68
803.90,380.65,804.90,381.65
815.07,378.03,814.89,377.87
802.50,376.56,803.14,375.31
810.93,384.33,813.39,384.50
819.12,384.52,820.15,383.56
815.26,383.48,815.09,383.26
802.50,376.56,803.26,376.60
811.21,380.65,810.43,380.61
825.91,379.07,832.69,379.38
820.73,377.69,820.93,374.63
811.07,379.35,811.21,380.65
819.79,356.05,819.95,356.08
813.36,383.16,814.32,382.35
827.31,376.40,829.38,376.40
811.85,379.39,811.07,379.35
809.60,384.21,810.84,384.60
816.35,384.63,816.57,384.38
815.43,384.06,814.39,384.70
815.33,382.89,815.47,382.78
822.34,371.21,820.94,374.06
810.10,374.98,807.59,374.89
811.85,376.60,812.07,377.99
826.10,377.92,825.88,377.69
820.12,373.20,820.40,373.10
811.85,376.60,811.07,376.56
811.21,375.34,811.85,376.60
809.18,373.51,809.36,373.78
819.10,377.61,819.55,374.58
826.87,379.76,827.31,379.47
819.55,375.83,819.76,375.74
820.78,377.71,820.99,377.49
821.77,382.58,822.27,378.30
806.87,382.71,806.57,382.41
801.43,369.80,802.92,377.90
826.34,379.49,826.87,379.76
800.99,374.89,803.46,374.98
818.99,374.60,819.51,374.59
809.36,373.78,809.48,374.18
827.28,377.94,827.31,379.47
814.80,384.27,813.56,383.56
820.75,384.85,817.99,385.16
825.83,377.46,825.75,377.94
803.75,370.69,803.79,370.83
827.46,376.03,836.40,376.29
824.43,349.67,821.60,352.49
813.56,383.56,810.87,382.63
826.04,377.04,825.83,377.46
803.75,369.89,803.79,369.88
808.32,383.48,808.13,383.68
813.52,378.33,815.07,378.03
829.16,350.28,827.93,351.98
807.62,382.45,807.41,382.11
826.38,376.70,826.04,377.04
815.81,382.59,815.19,378.41
827.46,379.86,829.75,379.86
832.41,378.84,825.55,377.94
825.31,382.78,826.15,378.43
773.45,361.58,774.18,363.01
825.53,360.00,825.69,362.13
803.14,375.31,804.90,374.34
807.82,373.61,807.74,374.06
821.93,377.87,821.79,377.71
811.23,384.31,809.95,383.58
815.30,377.47,815.44,377.63
822.26,377.93,821.79,377.71
808.98,374.62,809.18,373.51
825.64,377.35,832.32,378.24
822.11,383.88,823.31,382.93
808.59,373.75,808.47,374.14
819.03,375.06,819.15,375.46
821.79,377.71,822.11,377.77
813.63,382.67,813.31,382.78
808.98,374.62,808.47,375.06
825.42,383.22,825.68,382.89
819.03,374.14,818.99,374.60
815.96,385.04,814.52,384.95
823.66,383.76,824.64,382.93
825.91,376.82,832.69,377.10
818.15,384.74,817.01,383.76
811.52,378.30,811.39,378.28
812.14,383.86,813.36,383.16
820.81,384.63,819.45,385.26
826.38,379.17,826.81,379.39
814.71,377.92,814.86,378.43
802.90,368.25,802.50,368.80
803.08,382.49,804.32,383.45
822.11,383.88,820.75,384.85
819.83,382.90,819.78,382.73
809.15,382.53,807.41,382.11
802.90,368.25,804.82,368.25
784.31,351.02,780.93,349.59
822.08,384.09,823.36,383.10
822.24,358.32,821.74,360.00
804.29,373.36,807.55,373.48
826.87,379.76,834.27,380.19
820.61,384.00,821.88,383.02
784.17,360.00,787.23,355.78
815.85,377.98,814.96,382.20
820.20,378.17,821.95,378.25
808.65,373.56,808.85,374.05
819.55,374.62,819.03,374.14
805.67,373.58,808.95,373.70
826.34,379.49,833.66,380.09
826.87,379.76,833.66,380.09
824.16,353.69,823.28,355.12
808.71,373.64,808.90,374.10
813.36,383.16,812.83,382.26
810.21,374.34,806.92,374.22
818.93,371.11,820.40,373.10
813.86,377.92,813.99,377.56
816.35,384.63,817.61,385.02
804.88,377.99,804.70,377.98
788.50,360.00,787.41,356.74
825.15,383.03,825.31,382.78
826.34,379.49,833.12,379.81
804.21,377.84,805.55,373.74
825.91,376.82,832.41,377.64
825.65,377.92,824.32,377.86
826.68,358.01,825.69,357.87
820.44,378.22,820.58,377.85
827.31,379.47,827.46,379.86
803.91,371.05,803.79,369.89
820.65,362.12,824.90,362.15
807.35,374.95,806.75,374.35
802.50,376.56,802.28,377.96
811.11,384.50,811.02,384.23
820.12,382.59,818.68,382.51
826.04,378.84,826.38,379.17
805.14,383.29,804.95,383.49
804.21,377.84,804.21,382.15
807.51,384.63,808.48,384.71
827.46,376.03,826.87,376.12
824.25,377.84,822.58,377.76
807.99,373.31,807.82,373.61
777.32,350.02,780.41,350.51
818.91,384.27,817.78,384.64
827.46,376.03,826.81,376.48
819.83,382.90,820.12,382.59
804.70,377.98,805.16,382.34
821.74,360.00,820.64,362.11
804.70,377.98,805.37,382.20
810.06,378.17,811.76,378.25
818.91,384.27,818.41,383.46
807.80,377.61,807.60,374.58
802.92,377.90,801.43,369.80
821.74,360.00,821.88,361.75
818.91,384.27,817.18,384.17
815.11,377.57,815.44,377.63
807.80,377.61,807.71,375.16
825.86,371.30,824.51,377.64
827.31,376.40,827.46,376.03
781.10,364.21,782.56,364.95
803.33,377.56,803.33,377.92
824.25,377.84,824.32,377.86
808.58,383.26,809.81,383.97
821.95,383.66,822.93,382.83
809.62,371.21,808.40,373.22
825.55,377.94,825.64,377.35
807.87,373.20,808.12,373.10
820.06,374.18,820.79,374.63
822.16,382.70,821.77,382.58
812.48,384.70,813.55,385.03
783.20,358.41,784.50,357.67
820.64,357.89,820.48,360.00
825.90,363.13,825.44,363.13
814.13,384.80,815.09,384.89
784.50,357.67,783.43,355.56
807.55,384.01,806.65,383.94
818.77,378.14,818.43,377.72
812.48,384.70,813.43,384.78
817.00,369.88,816.52,371.05
814.13,384.80,814.21,384.53
810.98,377.54,809.63,377.49
804.88,377.99,805.37,382.20
820.06,375.10,819.94,375.49
826.81,379.39,826.87,379.76
803.47,377.42,803.33,377.56
824.09,378.34,823.62,382.78
825.64,378.53,832.69,379.38
801.66,374.22,804.90,374.34
826.34,376.39,832.69,377.10
812.75,384.33,812.74,384.60
830.51,353.70,830.68,353.73
807.60,374.58,807.59,374.01
822.11,377.77,820.78,377.71
819.15,375.46,819.33,375.73
817.63,382.53,818.11,382.63
824.43,350.45,823.05,352.06
816.84,383.99,817.01,383.76
820.75,384.85,819.45,385.26
817.24,384.64,817.12,383.80
824.86,370.24,823.42,369.08
817.43,377.56,817.23,377.70
823.28,364.87,822.96,365.08
825.83,378.41,825.75,377.94
825.55,377.94,825.75,377.94
820.06,374.18,820.11,374.64
807.59,380.80,810.10,380.93
824.85,371.27,824.86,370.24
772.89,366.10,776.74,364.88
811.38,377.93,811.19,377.77
804.21,373.53,802.88,373.74
822.24,358.32,822.11,360.00
822.29,363.46,821.13,364.17
822.96,365.08,823.88,366.57
824.32,377.86,823.88,377.96
803.65,377.87,803.66,377.51
822.34,371.21,822.60,370.98
808.60,382.39,807.95,378.12
810.43,380.61,810.21,381.65
831.43,348.95,831.45,348.86
827.46,379.86,834.27,380.19
812.94,382.21,812.61,382.49
815.96,385.04,814.98,385.12
814.83,378.08,814.45,377.69
825.46,378.03,825.80,378.08
806.10,378.04,806.48,378.07
809.62,371.21,808.65,373.56
812.94,382.21,811.93,381.95
822.36,377.54,822.11,377.77
812.57,384.95,813.55,385.03
803.81,382.11,803.38,382.24
780.93,370.41,780.64,370.02
808.58,383.26,807.62,382.45
816.49,382.71,815.39,382.34
822.11,360.00,822.24,361.68
815.59,383.22,815.33,382.89
802.75,382.21,803.18,381.95
825.56,370.42,825.71,371.65
814.30,384.43,813.39,384.50
821.95,383.66,820.70,384.38
821.94,366.13,823.07,367.99
826.10,377.92,826.15,378.43
827.28,377.94,826.81,379.39
807.55,369.81,811.93,381.95
824.06,377.81,825.31,377.87
806.27,371.11,807.87,373.20
818.11,382.63,817.84,382.20
825.64,378.53,825.91,379.07
816.02,382.93,815.81,382.59
808.98,375.83,809.18,375.74
818.57,383.88,818.38,382.82
823.66,383.76,822.93,382.83
815.30,377.47,815.44,377.63
809.36,373.78,809.48,374.18
825.86,371.30,824.25,377.84
817.27,378.04,817.10,378.07
820.82,375.21,820.93,374.63
820.73,377.69,820.82,375.21
820.81,384.63,819.56,384.75
820.68,375.16,820.49,375.61
825.54,363.13,825.80,364.25
824.85,382.59,825.31,382.78
819.63,375.66,819.54,375.16
802.51,368.63,822.33,369.07
825.69,357.87,825.90,356.87
829.17,362.17,829.68,364.29
824.25,377.84,824.09,378.34
825.64,378.53,825.55,377.94
827.76,368.08,829.16,369.72
822.80,384.98,821.36,385.13
819.82,376.00,820.08,376.12
820.36,376.02,820.62,375.70
823.01,369.48,824.85,371.27
813.57,383.10,812.13,383.02
809.54,384.14,810.11,384.30
806.57,382.41,805.16,382.34
820.04,373.31,819.80,373.61
816.27,382.11,816.87,378.02
812.52,370.93,822.33,369.07
806.92,381.46,807.59,380.80
827.46,376.03,834.27,376.29
813.08,371.30,825.71,371.65
816.65,369.89,816.52,371.05
814.71,377.92,825.71,371.65
825.91,376.82,825.83,377.46
825.83,377.46,825.64,377.35
784.17,360.00,781.10,364.21
825.20,370.33,824.86,370.24
812.18,382.83,812.01,382.58
806.35,377.34,806.14,377.54
827.14,363.92,825.73,363.13
813.31,382.78,813.63,382.67
804.76,368.42,805.27,369.89
811.24,384.74,811.68,384.91
807.80,377.61,807.91,375.66
806.73,383.60,806.71,383.38
822.93,382.83,823.15,382.49
825.64,378.53,832.41,378.84
823.62,382.78,822.16,382.70
784.17,360.00,779.95,363.06
807.59,374.89,807.35,374.95
826.34,379.49,826.87,379.76
808.17,376.00,807.91,375.66
814.80,384.27,811.85,383.46
819.10,377.61,819.82,376.00
806.87,382.71,805.48,382.63
789.12,358.39,788.38,356.94
809.52,374.64,809.48,375.10
814.52,384.95,813.55,385.03
809.63,377.49,809.42,377.69
789.38,360.00,789.12,358.39
809.00,374.63,809.01,375.16
815.96,385.04,814.98,385.12
813.57,383.10,813.63,382.67
821.60,352.49,821.75,352.54
820.78,377.71,820.58,377.85
815.81,377.47,817.27,378.04
827.93,351.98,826.81,353.81
825.83,378.41,827.28,377.94
817.01,385.25,818.46,385.34
811.02,384.23,810.17,384.58
815.07,382.63,816.49,382.71
771.22,355.56,770.15,357.67
825.82,378.46,825.46,378.03
816.87,378.02,817.10,378.07
813.08,371.30,814.45,377.69
826.35,369.05,827.85,369.96
808.98,374.62,809.36,375.49
825.88,377.69,824.51,377.64
823.36,383.10,823.31,382.93
789.12,358.39,782.47,356.99
844.07,356.05,788.34,356.57
802.24,369.82,803.79,369.89
825.90,356.87,825.69,357.87
803.26,376.60,803.04,377.99
809.62,371.21,810.98,377.54
817.63,382.53,817.84,382.20
807.69,373.52,807.87,373.20
785.40,354.13,783.43,355.56
823.75,378.33,825.47,378.41
808.94,382.20,807.41,382.11
815.59,383.22,815.33,382.89
812.14,383.86,810.65,383.77
820.12,382.59,819.14,378.12
814.80,382.45,815.07,382.63
815.63,383.03,815.47,382.78
817.67,377.34,817.42,377.54
819.59,375.57,819.77,375.88
812.61,382.49,811.93,381.95
807.41,382.11,806.81,378.02
808.98,374.62,809.36,373.78
809.01,375.16,808.92,375.61
818.11,382.63,818.27,382.39
820.73,377.69,820.08,376.12
812.48,384.70,812.48,384.43
786.82,356.91,784.87,360.00
820.20,378.17,821.93,377.87
819.95,382.48,820.44,378.22
813.04,381.94,812.83,382.26
813.63,377.87,814.53,382.02
804.27,382.87,804.32,383.45
811.24,384.74,811.11,384.50
820.81,384.63,819.54,385.02
767.22,356.57,766.68,360.00
829.47,370.64,831.86,373.34
816.05,384.80,815.96,385.04
822.63,384.74,824.14,384.21
804.88,377.99,804.75,377.63
808.59,373.75,808.98,374.62
824.11,378.01,823.88,377.96
810.93,384.33,811.84,384.41
805.47,383.57,806.65,383.94
814.97,378.46,814.83,378.08
804.27,382.87,803.18,381.95
804.55,377.47,804.88,377.99
810.43,375.31,811.21,375.34
814.71,377.92,814.45,377.69
807.55,369.81,804.27,382.87
819.51,385.38,843.22,386.88
815.33,382.89,814.86,378.43
803.18,381.95,803.08,382.49
819.67,368.42,817.35,369.89
803.18,381.95,801.80,369.81
813.86,377.92,813.04,381.94
787.96,363.38,787.41,363.26
826.14,371.08,822.60,370.98
771.12,351.14,768.86,353.80
830.94,348.96,829.32,350.35
802.96,377.40,802.92,377.90
808.13,383.68,805.48,382.63
826.81,376.48,826.38,376.70
824.05,366.39,823.61,366.64
822.80,384.98,821.50,385.38
775.31,355.85,772.89,353.89
821.75,367.46,824.56,370.27
824.86,370.24,825.20,370.33
815.43,384.06,814.30,384.43
830.94,348.96,829.16,350.28
820.05,368.25,817.79,368.42
802.96,377.40,803.17,377.21
808.90,374.10,809.48,374.18
803.71,382.53,804.95,383.49
801.43,369.80,802.96,377.40
816.89,385.00,817.01,385.25
821.75,367.46,826.12,369.15
826.68,361.98,827.14,363.92
807.55,369.81,807.55,384.01
819.42,385.13,820.51,385.47
803.71,382.53,804.32,383.45
809.97,383.80,808.71,382.82
813.84,382.93,813.57,383.10
802.24,369.82,801.43,369.80
813.41,369.81,814.20,369.83
804.55,377.47,804.70,377.98
808.43,374.60,808.47,375.06
826.10,377.92,825.88,377.69
802.24,369.82,803.91,371.05
822.88,370.84,819.44,370.75
803.14,375.31,803.14,380.61
805.67,382.10,804.29,382.32
813.75,377.51,814.97,377.42
822.63,384.74,822.80,384.98
815.05,383.88,816.35,384.63
815.08,369.82,816.65,369.89
811.39,383.88,810.13,382.90
816.87,378.02,816.99,377.66
806.48,378.07,806.49,377.70
806.92,381.46,805.67,382.10
824.76,368.68,825.04,368.80
820.12,373.20,819.86,373.52
814.97,378.46,815.07,378.03
816.06,382.45,817.63,382.53
804.27,382.87,805.47,383.57
818.88,377.40,817.67,377.34
818.93,371.11,818.88,377.40
809.52,374.64,809.48,375.10
823.53,382.67,823.15,382.49
807.59,374.89,807.59,380.80
822.34,371.21,820.99,377.49
818.46,385.34,818.58,385.10
810.07,384.20,808.81,384.59
820.04,373.31,820.12,373.20
810.43,375.31,811.07,376.56
807.35,380.73,806.75,381.33
820.30,373.21,819.55,373.41
826.87,376.12,833.12,376.67
822.36,377.54,822.34,371.21
805.55,381.94,804.29,382.32
818.77,378.14,819.14,378.12
810.43,375.31,811.85,376.60
829.17,360.00,831.62,358.08
802.88,368.42,803.75,369.89
821.93,377.87,821.79,377.71
802.50,376.56,802.50,379.35
819.33,373.50,819.55,373.41
816.49,382.71,816.61,382.29
806.92,381.46,810.10,380.93
808.59,375.46,808.77,375.73
822.58,377.76,822.36,377.54
807.85,375.12,808.04,375.57
824.25,377.84,824.51,377.64
809.64,383.57,808.46,383.94
812.66,384.83,811.68,384.91
821.61,382.83,821.88,383.02
824.43,350.45,826.08,349.00
819.55,374.62,818.99,374.60
825.53,360.00,825.69,357.87
809.15,382.53,808.94,382.20
825.75,377.94,825.64,377.35
804.81,377.42,803.80,377.37
817.67,377.34,817.42,377.54
825.56,370.42,827.05,370.42
822.16,382.70,823.62,382.78
810.76,384.02,812.03,383.29
786.41,353.56,783.58,351.47
823.36,383.10,823.62,382.78
819.51,374.59,819.03,375.06
816.35,384.63,817.71,384.75
809.18,373.51,808.48,373.33
829.57,379.47,829.75,379.86
826.10,377.92,825.86,371.30
816.57,384.38,817.71,384.75
832.23,358.16,831.47,360.00
826.68,361.98,826.47,364.22
805.14,383.29,803.71,382.53
819.94,375.49,819.76,375.74
805.67,382.10,808.95,382.29
808.98,374.62,808.77,373.50
827.46,379.86,829.57,379.47
807.80,377.61,808.17,376.00
829.56,376.03,829.38,376.40
822.88,370.84,820.44,368.63
822.96,354.92,821.13,355.83
661.44,372.27,645.20,230.02
803.90,380.65,803.46,380.93
818.99,374.60,819.03,375.06
815.08,369.82,814.19,377.40
803.33,377.56,803.33,377.92
804.21,377.84,801.08,374.95
820.00,375.99,820.25,375.90
819.33,373.50,819.55,374.62
819.15,373.75,819.33,373.50
806.49,377.70,806.82,377.66
815.30,377.47,814.44,377.21
777.78,371.10,781.21,370.56
811.21,375.34,810.10,374.98
829.47,349.36,829.80,347.15
807.41,382.11,806.81,378.02
827.28,377.94,826.38,379.17
807.35,374.95,807.35,380.73
820.11,374.64,820.68,375.16
802.88,368.42,803.75,369.89
814.80,384.27,815.93,384.64
806.35,377.34,807.55,377.40
820.58,377.85,820.44,378.22
822.88,370.84,826.42,370.93
809.53,384.40,808.64,384.21
820.73,377.69,820.58,378.19
810.84,382.87,809.64,383.57
811.07,379.35,811.07,376.56
820.73,377.69,820.58,378.19
804.21,382.15,802.88,381.94
810.06,378.17,810.07,377.80
831.65,351.84,830.68,353.73
806.16,382.29,801.66,381.46
825.47,378.41,825.82,378.46
809.31,384.74,811.68,384.91
815.81,377.47,815.60,377.26
816.06,382.45,816.27,382.11
830.24,351.03,828.95,352.54
806.75,374.35,805.55,373.74
822.29,356.54,821.88,358.25
417.75,368.27,302.40,298.84
805.67,373.58,804.29,373.36
819.50,375.12,819.59,375.57
523.29,483.16,661.44,372.27
817.35,370.69,820.05,368.80
819.55,374.62,819.94,373.78
806.35,377.34,806.63,377.56
817.84,382.20,818.27,382.39
819.95,382.48,820.44,378.22
825.15,383.03,825.31,382.78
820.51,377.66,820.78,377.71
523.29,483.16,645.20,230.02
806.27,371.11,806.35,377.34
819.55,374.62,819.55,373.41
786.82,356.91,785.40,354.13
823.15,382.49,823.75,378.33
810.10,374.98,810.21,374.34
802.50,379.35,802.28,377.96
802.88,381.94,801.66,381.46
821.13,382.73,821.61,382.83
818.93,371.11,817.42,377.54
810.84,382.87,809.64,383.57
818.93,371.11,817.00,370.83
808.13,383.68,806.87,382.71
786.41,353.56,786.76,353.47
812.18,382.83,812.01,382.58
826.81,376.48,827.31,376.40
827.46,376.03,829.56,376.03
800.99,374.89,800.99,380.80
811.52,378.30,811.38,377.93
827.28,377.94,827.31,376.40
822.63,384.74,822.41,384.48
822.29,363.46,821.94,366.13
821.13,382.73,819.60,382.30
801.08,380.73,801.68,381.33
820.41,383.78,821.61,382.83
819.44,370.75,820.44,368.63
819.55,373.41,819.76,373.51
822.63,356.68,822.24,358.32
258.45,461.38,417.75,368.27
810.13,382.90,809.84,382.59
819.33,375.73,819.55,375.83
811.93,381.95,810.84,382.87
821.94,353.87,821.96,353.83
645.20,230.02,485.02,344.81
825.90,363.13,825.73,363.13
809.81,383.97,810.93,384.33
820.80,374.10,820.79,374.63
824.90,362.15,825.13,363.13
813.31,369.81,811.93,381.95
823.88,353.42,823.05,352.06
