831.61,384.49,823.48,384.01
830.10,376.59,829.75,378.48
831.61,384.49,823.18,383.80
831.61,384.49,823.48,384.01
823.18,383.80,823.48,384.01
829.77,378.60,831.07,376.71
830.15,376.54,830.10,376.59
830.15,376.54,831.07,376.71
831.12,376.66,831.07,376.71
828.62,378.59,828.05,378.80
829.84,376.35,828.05,378.80
829.84,376.35,828.62,378.59
830.15,376.54,831.12,376.66
832.11,384.79,831.61,384.49
831.88,384.53,831.61,384.49
831.88,384.53,831.33,384.18
831.33,384.18,823.18,383.80
831.33,384.18,828.07,378.91
833.61,379.17,828.07,378.91
828.62,378.59,828.65,378.70
828.07,378.91,828.65,378.70
828.05,378.80,828.07,378.91
828.62,378.59,828.05,378.80
829.75,378.48,829.77,378.60
828.65,378.70,829.77,378.60
829.75,378.48,828.65,378.70
828.62,378.59,828.65,378.70
829.75,378.48,828.62,378.59
830.10,376.59,829.84,376.35
829.90,376.31,829.84,376.35
829.90,376.31,830.10,376.59
830.15,376.54,830.10,376.59
831.88,384.53,832.11,384.79
828.65,378.70,829.77,378.60
833.81,378.94,828.65,378.70
830.15,376.54,829.90,376.31
833.61,376.45,830.15,376.54
833.81,376.68,830.15,376.54
833.61,379.17,828.07,378.91
824.59,373.72,833.61,374.02
831.09,387.50,832.01,388.86
830.97,387.32,828.86,387.17
830.97,387.32,828.99,386.31
830.23,384.60,829.47,385.36
830.97,387.32,831.91,388.87
831.19,384.11,830.23,384.60
832.25,383.94,831.19,384.11
828.94,387.17,828.86,387.17
829.07,386.36,828.94,387.17
829.07,386.36,828.99,386.31
829.53,385.45,829.07,386.36
831.09,387.50,828.99,387.35
828.86,387.17,828.99,387.35
831.09,387.50,828.86,387.17
830.97,387.32,828.86,387.17
830.23,384.60,829.47,385.36
829.53,385.45,829.47,385.36
830.23,384.60,829.53,385.45
830.25,384.73,829.53,385.45
832.01,388.86,831.09,387.50
830.97,387.32,831.09,387.50
832.01,388.86,830.97,387.32
831.91,388.87,830.97,387.32
831.19,384.11,830.23,384.60
830.25,384.73,830.23,384.60
831.19,384.11,830.25,384.73
831.16,384.27,830.25,384.73
831.91,388.87,832.01,388.86
831.16,384.27,831.19,384.11
832.18,384.11,831.16,384.27
828.99,387.35,828.94,387.17
823.18,383.80,828.05,378.80
828.07,378.91,828.05,378.80
823.18,383.80,828.07,378.91
831.88,384.53,831.33,384.18
824.59,373.72,829.90,376.31
829.84,376.35,829.90,376.31
828.86,387.17,828.94,387.17
829.53,385.45,829.07,386.36
828.94,387.17,829.07,386.36
830.25,384.73,829.53,385.45
831.16,384.27,830.25,384.73
832.18,384.11,831.16,384.27
821.14,379.14,826.20,373.25
826.08,372.35,821.14,379.14
821.07,378.29,821.14,379.14
826.08,372.35,821.07,378.29
826.08,372.35,826.20,373.25
826.81,373.80,821.72,379.71
826.20,373.25,826.81,373.80
826.81,373.80,821.72,379.71
821.14,379.14,821.72,379.71
826.81,373.80,821.14,379.14
826.20,373.25,821.14,379.14
826.81,373.80,826.20,373.25
814.78,342.53,813.30,342.59
823.35,342.53,821.85,342.59
813.45,342.60,821.53,342.60
815.55,341.15,821.07,341.22
821.02,341.34,821.53,342.60
821.85,342.59,821.53,342.60
813.96,341.34,821.02,341.34
813.96,341.34,821.07,341.22
814.05,341.22,821.07,341.22
813.45,342.60,813.30,342.59
813.81,341.34,813.45,342.60
813.96,341.34,813.45,342.60
822.85,341.26,823.35,342.53
823.21,342.52,823.35,342.53
822.85,341.26,823.21,342.52
822.70,341.26,823.21,342.52
822.60,341.15,821.07,341.22
822.60,341.15,821.33,341.34
822.85,341.26,821.33,341.34
815.55,341.15,822.60,341.15
815.55,341.15,822.70,341.26
815.60,341.26,822.70,341.26
814.78,342.53,815.09,342.52
815.60,341.26,814.78,342.53
812.03,342.65,810.57,342.71
820.04,341.38,819.06,342.71
820.55,342.65,819.06,342.71
810.72,342.72,818.75,342.72
811.23,341.47,818.75,342.72
812.85,341.39,820.41,342.65
812.34,342.65,820.41,342.65
818.25,341.47,818.75,342.72
819.06,342.71,818.75,342.72
818.55,341.46,819.06,342.71
811.23,341.47,818.25,341.47
811.23,341.47,818.29,341.35
811.08,341.46,810.72,342.72
811.23,341.47,810.72,342.72
820.04,341.38,820.55,342.65
820.04,341.38,820.41,342.65
819.90,341.39,820.41,342.65
819.80,341.28,818.29,341.35
820.04,341.38,818.55,341.46
812.80,341.28,819.90,341.39
812.85,341.39,819.90,341.39
812.85,341.39,812.34,342.65
812.03,342.65,812.34,342.65
812.85,341.39,812.03,342.65
812.55,341.38,812.03,342.65
825.11,340.80,826.15,342.03
826.15,342.03,824.59,342.10
824.74,342.10,833.05,342.10
826.94,340.62,832.57,340.69
827.00,340.73,834.83,342.03
826.47,342.03,834.83,342.03
825.26,340.81,832.57,340.69
825.36,340.69,832.57,340.69
825.11,340.80,824.59,342.10
824.74,342.10,824.59,342.10
825.11,340.80,824.74,342.10
825.26,340.81,824.74,342.10
826.94,340.62,834.20,340.62
826.94,340.62,834.30,340.73
827.00,340.73,834.30,340.73
827.00,340.73,826.47,342.03
826.15,342.03,826.47,342.03
826.69,340.72,826.15,342.03
826.69,340.72,825.36,340.69
827.66,341.97,836.04,341.97
828.19,340.67,835.51,340.67
828.19,340.67,835.55,340.55
828.29,340.55,835.55,340.55
828.04,340.67,827.51,341.97
827.66,341.97,827.51,341.97
828.04,340.67,827.66,341.97
828.19,340.67,827.66,341.97
829.95,340.59,829.42,341.90
829.10,341.90,829.42,341.90
829.95,340.59,829.10,341.90
829.64,340.58,829.10,341.90
829.64,340.58,828.04,340.67
829.64,340.58,828.29,340.55
819.38,341.07,820.38,342.28
828.57,340.99,827.53,342.35
829.08,342.28,827.53,342.35
819.53,341.08,827.21,342.35
821.17,340.89,826.74,340.96
821.22,341.00,828.94,342.28
820.70,342.28,828.94,342.28
826.70,341.08,827.21,342.35
827.53,342.35,827.21,342.35
827.01,341.07,827.53,342.35
819.53,341.08,826.70,341.08
819.53,341.08,826.74,340.96
819.38,341.07,819.01,342.35
828.94,342.28,829.08,342.28
826.82,372.50,826.83,372.39
828.57,340.99,828.94,342.28
828.32,340.89,826.74,340.96
828.32,340.89,827.01,341.07
821.17,340.89,828.32,340.89
821.17,340.89,828.42,341.00
798.36,397.91,798.41,397.91
821.17,340.89,819.63,340.96
800.68,397.00,800.88,396.12
822.23,340.94,823.25,342.16
820.61,363.20,819.85,368.41
832.01,342.16,830.43,342.22
790.78,377.86,791.13,377.75
819.85,368.41,819.66,368.26
821.85,342.23,830.11,342.23
823.57,342.15,831.86,342.15
829.26,360.91,830.29,370.64
829.59,340.95,830.43,342.22
794.74,354.33,793.74,356.20
822.38,340.95,829.59,340.95
822.38,340.95,829.64,340.83
821.85,342.23,821.71,342.22
822.38,340.95,821.85,342.23
831.49,340.86,832.01,342.16
831.86,342.15,832.01,342.16
820.49,356.76,820.21,356.49
831.24,340.75,829.64,340.83
824.03,340.75,822.48,340.83
817.78,342.77,816.32,342.83
820.29,308.43,820.28,318.85
791.74,363.24,791.06,368.26
808.03,342.83,816.01,342.83
808.53,341.60,816.01,342.83
817.09,380.73,817.76,380.76
810.08,341.41,815.55,341.48
792.32,380.44,792.76,380.77
809.63,342.76,817.64,342.76
819.52,372.12,820.02,371.85
816.32,342.83,816.01,342.83
834.24,372.63,825.16,372.63
817.04,341.41,815.55,341.48
810.08,341.41,817.04,341.41
809.32,342.77,809.63,342.76
804.01,404.12,804.54,402.49
810.08,341.41,808.63,341.48
832.09,341.77,830.48,341.84
818.34,341.02,823.88,341.09
826.45,402.49,826.81,402.23
816.58,341.21,816.06,342.47
816.21,342.48,816.06,342.47
803.91,394.70,803.37,394.06
825.69,341.12,826.05,342.40
825.54,341.13,826.05,342.40
825.44,341.02,823.88,341.09
825.44,341.02,824.15,341.21
825.69,341.12,824.15,341.21
818.34,341.02,825.44,341.02
817.56,342.41,817.88,342.40
818.39,341.13,817.56,342.41
818.34,341.02,816.82,341.09
827.64,327.07,828.17,327.20
820.96,320.03,820.65,319.76
792.45,379.68,792.06,379.72
792.89,382.39,792.62,382.27
808.76,366.19,807.64,368.02
793.34,382.53,792.62,382.27
793.40,382.03,793.16,382.30
793.34,378.24,792.89,378.38
793.72,381.05,793.59,381.60
794.09,381.69,793.72,381.05
793.62,378.36,793.16,378.49
793.62,378.36,793.40,378.79
818.84,309.86,818.85,318.84
793.76,380.43,793.72,381.05
829.71,330.05,803.61,331.94
825.41,328.22,824.56,328.45
793.88,378.68,793.40,378.79
791.84,380.35,791.87,379.93
792.02,380.34,791.87,379.93
792.38,378.74,792.25,379.05
791.95,379.54,792.06,379.72
817.62,380.49,816.81,380.49
792.19,379.17,792.38,378.74
792.19,379.17,792.09,379.24
793.59,379.24,793.40,378.79
793.72,379.81,793.59,379.24
793.76,380.43,793.72,379.81
793.76,380.43,793.04,380.42
793.01,380.85,793.76,380.43
792.93,381.23,793.72,381.05
793.59,381.60,793.72,381.05
793.40,382.03,793.59,381.60
792.89,382.39,793.16,382.30
790.26,378.73,790.18,378.25
792.62,382.27,792.89,382.39
792.38,381.97,792.62,382.27
821.83,359.59,821.87,359.15
791.87,380.78,791.84,380.35
792.19,381.52,791.87,380.78
813.19,355.75,812.94,355.96
792.45,381.00,793.44,381.00
822.29,392.53,822.42,392.62
792.45,379.68,793.44,379.68
827.22,396.15,826.81,394.29
793.05,382.40,793.78,382.08
826.81,402.23,827.31,400.32
793.34,382.53,794.04,382.40
792.59,379.09,793.78,378.63
793.88,382.15,794.61,382.44
821.81,401.83,821.67,401.89
793.34,378.24,794.33,378.24
793.34,378.24,793.05,378.33
793.88,378.68,793.62,378.36
794.09,379.16,793.88,378.68
794.09,379.16,795.21,379.77
823.59,340.53,823.51,340.30
798.81,347.47,801.27,347.01
797.04,380.06,797.04,380.62
793.88,380.51,795.08,371.53
816.64,389.19,814.75,389.90
797.03,379.25,798.09,371.33
793.74,356.20,794.40,371.30
827.41,331.61,827.63,330.91
834.32,329.01,825.41,328.22
793.74,356.20,794.97,367.02
795.60,367.54,798.96,367.54
793.74,356.20,798.75,367.02
798.09,371.33,798.96,367.54
790.16,379.21,794.40,371.30
819.12,356.20,798.75,367.02
797.04,380.06,797.04,380.62
793.28,380.06,793.27,380.61
793.47,380.07,793.47,380.49
797.04,380.06,796.96,380.07
794.40,371.30,793.54,379.25
794.59,371.33,793.54,379.25
829.13,348.42,827.49,349.44
814.44,336.07,813.83,335.46
794.97,367.02,794.40,371.30
794.59,371.33,794.40,371.30
798.75,367.02,794.97,367.02
818.21,368.37,818.44,368.25
798.09,371.33,797.12,379.22
818.85,371.38,818.96,368.37
798.42,371.53,793.88,380.51
818.54,371.30,818.96,368.37
795.08,371.53,793.88,380.51
733.06,365.87,735.27,368.07
820.21,384.16,808.45,383.61
817.84,382.67,818.75,383.18
814.95,396.81,817.29,398.22
817.84,382.67,818.25,382.24
804.67,382.96,805.26,383.20
830.30,355.26,830.67,355.63
821.06,379.66,821.11,380.44
804.67,382.96,805.48,383.43
804.87,383.18,805.48,383.43
810.60,383.56,808.45,383.61
790.03,371.38,789.01,379.24
794.98,336.00,795.37,335.80
765.11,377.47,765.28,377.63
810.60,383.56,805.48,383.43
732.56,366.53,735.02,368.98
810.60,383.56,807.78,383.42
804.87,383.18,805.48,383.43
830.15,386.94,828.55,389.46
835.82,383.57,820.21,384.16
820.21,384.16,820.84,383.99
810.88,347.87,799.09,348.07
820.64,379.66,818.89,380.57
820.58,380.51,818.89,380.57
829.21,358.27,827.00,358.28
818.70,381.39,820.58,380.51
811.79,398.91,811.74,400.75
823.81,395.59,823.93,395.72
818.02,382.42,818.39,382.02
792.00,362.36,791.46,362.35
817.57,383.94,817.81,384.17
806.07,382.16,805.65,381.99
806.32,381.91,805.92,381.75
828.44,389.54,828.55,389.46
818.63,379.16,819.16,379.81
805.83,389.34,805.01,389.81
819.52,382.38,818.75,383.18
818.63,379.16,819.02,379.24
819.52,382.38,819.05,383.37
808.22,382.28,817.39,382.80
791.06,348.69,792.83,347.01
817.57,383.94,817.39,382.80
808.22,382.28,817.57,383.94
808.22,383.38,817.57,383.94
807.50,381.19,805.56,381.32
795.27,366.46,795.45,366.22
805.27,380.67,805.56,381.32
793.98,366.34,795.27,366.46
804.95,380.82,805.26,381.52
804.15,382.33,804.67,382.96
794.15,366.09,793.98,366.34
805.26,381.52,805.65,381.99
804.15,382.33,804.87,383.18
799.67,403.43,800.51,404.45
793.89,381.97,793.33,381.25
826.09,386.64,830.22,386.91
819.95,381.22,819.08,381.91
818.79,378.68,818.86,379.67
818.89,378.75,818.96,379.67
808.25,381.74,807.86,381.59
806.99,378.99,807.05,379.82
794.20,382.44,793.90,381.91
794.20,382.54,793.90,381.91
828.44,389.54,822.10,388.90
818.37,382.54,819.22,381.97
801.37,364.55,801.34,364.15
818.28,382.44,819.08,381.91
822.90,356.32,822.90,369.38
811.29,302.83,811.64,302.72
817.60,382.54,818.02,382.42
811.29,302.83,811.44,302.64
817.60,382.54,819.71,382.24
808.22,382.28,817.39,382.80
808.46,382.03,808.22,382.28
792.76,380.77,792.46,380.88
818.49,330.84,829.23,330.06
802.97,381.44,793.33,381.25
827.52,348.85,830.94,348.76
804.15,382.33,804.32,382.52
795.25,380.43,795.21,381.09
794.23,382.76,794.87,382.14
822.55,355.20,822.38,355.39
824.52,361.48,801.49,361.55
808.09,386.64,810.54,389.37
822.68,355.12,822.38,355.39
804.27,388.90,810.54,389.37
826.09,386.64,828.66,389.37
817.62,382.76,817.41,382.14
820.11,381.25,820.49,380.88
817.82,380.43,819.95,381.22
802.97,381.44,792.46,380.88
795.25,380.43,792.76,380.77
817.64,342.76,817.78,342.77
795.25,380.43,793.04,380.86
816.80,396.72,817.55,393.57
818.74,391.08,820.41,389.36
826.31,359.58,826.27,359.56
818.74,391.08,820.26,389.53
826.33,360.93,826.47,360.91
801.18,390.93,802.65,389.36
801.18,390.93,802.85,389.53
786.96,350.35,785.56,351.98
825.92,359.58,825.79,359.59
794.04,382.39,794.33,382.51
793.56,382.72,794.00,382.85
817.66,382.89,818.28,382.44
792.28,373.07,792.39,372.97
778.78,357.89,778.61,360.00
817.62,382.76,818.28,382.44
816.53,382.39,817.16,382.85
784.41,376.70,784.07,377.04
821.25,380.67,821.01,380.88
817.82,380.43,820.33,380.86
831.67,332.37,831.51,332.01
805.09,378.11,805.27,377.32
831.67,332.37,831.71,332.14
827.74,332.70,827.38,332.76
805.09,378.11,804.95,377.17
805.56,376.70,805.27,377.32
821.33,395.88,821.75,394.05
818.58,377.77,818.79,378.68
819.30,382.35,819.30,379.59
825.37,342.65,825.17,342.24
792.32,380.62,792.47,380.77
825.37,342.65,825.90,341.09
823.85,338.68,823.79,338.24
821.68,403.76,822.38,403.43
792.32,380.62,792.46,380.88
792.26,380.67,792.46,380.88
805.03,378.99,805.09,378.11
804.76,378.03,804.69,378.98
802.21,381.21,803.70,381.29
800.25,393.57,799.54,396.72
817.55,393.57,800.25,393.57
826.08,372.35,826.20,373.25
796.80,379.22,797.78,371.89
816.80,396.72,817.55,393.57
817.55,393.57,817.65,393.46
818.74,391.08,817.55,393.57
801.39,391.08,801.18,390.93
800.25,393.57,801.39,391.08
800.02,393.46,800.25,393.57
822.32,379.71,822.21,381.12
793.56,382.72,794.04,382.39
820.89,378.95,817.63,379.17
819.05,383.37,818.46,383.99
792.93,382.36,793.78,382.07
793.58,381.59,792.93,382.36
817.62,382.76,817.66,382.89
816.91,382.72,816.53,382.39
816.26,382.07,816.91,382.72
789.06,361.90,790.70,363.76
822.21,378.29,822.32,379.71
831.74,381.44,821.01,380.88
790.45,369.76,792.22,368.67
831.97,381.21,831.74,381.44
815.60,341.26,823.21,342.52
790.87,372.27,793.82,372.36
821.09,380.62,821.25,380.67
814.48,362.32,814.03,363.41
821.26,380.45,821.25,380.67
821.26,380.45,821.09,380.62
818.39,377.25,818.25,377.05
801.84,369.75,802.44,369.79
817.60,376.66,818.02,376.82
825.87,360.71,825.84,355.33
808.25,379.06,819.30,379.59
824.36,372.32,819.82,378.29
792.27,380.45,792.26,380.67
823.39,405.02,824.62,406.11
802.21,381.21,804.76,378.03
792.26,379.66,792.32,380.44
798.63,371.51,800.47,371.95
828.18,440.48,827.64,441.01
829.78,364.27,830.89,364.55
828.15,439.01,827.59,438.52
802.79,364.27,801.37,364.55
827.97,440.44,827.28,440.95
804.69,371.67,806.47,370.93
827.79,440.13,826.97,440.43
789.02,371.05,789.03,371.14
829.06,444.16,819.61,444.48
799.45,396.84,799.29,396.68
830.37,354.92,830.29,355.10
798.37,396.58,799.45,396.84
799.54,396.72,816.70,396.84
771.62,383.67,772.91,384.41
808.46,382.03,806.32,381.91
790.41,372.15,792.90,372.07
799.45,396.84,816.70,396.84
799.54,396.72,799.45,396.84
816.04,381.59,816.92,382.36
767.24,383.60,765.99,382.63
815.93,396.58,816.90,396.68
793.56,382.72,794.00,382.85
795.54,385.75,808.09,386.64
817.66,382.89,813.06,385.75
816.91,382.72,817.16,382.85
816.91,382.72,817.15,382.99
830.89,364.55,829.78,364.27
823.96,340.58,824.35,338.92
822.52,444.04,827.99,444.04
817.77,379.77,817.82,380.43
822.52,444.04,821.05,444.15
817.77,379.77,821.11,380.44
825.94,355.18,827.50,355.18
799.61,344.44,799.71,344.89
817.73,381.10,817.21,381.81
770.09,377.80,770.21,377.66
808.25,376.37,819.30,376.83
805.92,376.31,805.65,376.07
792.14,381.81,793.58,381.59
827.22,355.67,826.43,355.68
791.29,381.10,792.14,381.81
792.27,380.45,792.26,380.67
795.21,379.77,792.26,379.66
797.78,370.33,800.60,367.50
792.11,378.95,795.21,379.77
768.13,378.12,768.30,378.14
798.02,352.59,796.44,353.04
792.26,379.66,792.32,380.44
794.22,372.14,797.78,370.33
792.26,379.66,792.27,380.45
823.02,360.00,822.29,359.95
827.81,331.46,827.75,330.73
791.59,354.51,794.63,355.53
777.59,377.70,777.46,378.07
822.15,360.25,823.02,360.00
822.87,360.32,823.02,360.00
827.97,332.11,827.81,331.46
777.64,378.04,775.90,382.34
794.71,360.25,794.17,360.00
828.22,332.61,828.17,331.95
801.37,364.55,824.76,364.73
830.76,364.29,830.67,361.88
830.76,364.29,830.76,361.71
829.62,362.08,829.78,361.74
830.67,361.88,829.62,363.93
770.42,382.73,770.17,382.90
782.43,377.76,783.78,378.34
823.15,359.15,822.39,359.57
802.79,364.27,801.37,364.55
802.64,363.93,801.34,364.15
802.79,364.27,802.64,363.93
794.26,359.59,794.09,360.09
794.26,359.59,794.17,360.00
809.68,365.32,808.78,366.08
812.98,423.32,815.41,422.46
798.18,396.48,798.53,396.75
821.02,341.49,821.89,340.93
829.09,423.32,815.41,422.46
807.64,366.85,808.78,366.08
798.05,396.34,798.53,396.75
798.53,396.75,798.37,396.58
799.45,396.84,816.70,396.84
807.69,333.26,807.28,333.76
815.59,396.34,815.93,396.58
807.73,333.36,807.29,333.88
815.38,396.48,815.75,396.75
815.93,396.58,815.75,396.75
792.83,382.45,793.52,382.84
808.23,329.52,808.31,330.54
817.22,381.86,816.92,382.45
814.22,329.69,814.67,335.72
814.22,335.90,814.67,335.72
817.76,379.84,817.95,380.38
821.26,380.45,821.25,380.67
831.97,371.65,831.97,381.21
821.06,379.66,817.77,379.77
821.26,380.45,821.11,380.44
809.53,326.60,810.84,324.41
821.06,379.66,821.26,380.45
816.73,320.39,822.49,319.82
821.20,379.63,821.26,380.45
818.76,380.50,818.62,380.65
802.23,369.14,824.76,369.67
802.23,369.14,825.99,369.53
794.99,368.81,825.99,369.53
802.21,371.65,805.26,376.50
806.07,375.94,805.65,376.07
818.58,439.21,820.99,438.68
794.99,368.81,825.99,366.72
790.24,380.76,790.32,380.65
830.92,364.63,830.76,364.29
830.76,364.29,830.76,361.71
823.05,360.44,823.02,360.00
821.98,360.44,822.15,360.25
785.16,382.89,785.63,378.43
821.98,360.44,822.87,360.32
794.03,360.32,794.71,360.25
794.03,360.32,794.17,360.00
811.58,362.49,812.12,362.84
793.94,360.44,794.09,360.09
801.09,364.29,801.34,364.15
801.24,364.63,824.58,364.91
793.93,365.91,824.58,364.91
793.94,360.44,801.09,361.71
794.19,358.65,794.22,359.15
793.94,360.44,794.09,360.09
823.33,359.64,830.76,361.71
823.33,359.64,823.12,359.59
784.76,356.08,783.33,357.87
823.15,359.15,822.42,359.15
801.34,361.88,801.09,361.71
802.79,364.27,802.79,361.74
802.64,363.93,802.79,364.27
802.64,362.08,802.64,363.93
774.23,383.97,774.35,384.21
801.24,361.37,801.09,361.71
794.19,359.64,801.09,361.71
793.05,378.33,794.33,378.24
794.22,359.15,794.19,359.64
794.29,359.15,794.19,359.64
794.29,359.15,794.26,359.59
810.78,394.16,807.95,393.08
794.87,382.15,795.08,381.69
794.26,358.70,794.29,359.15
794.26,358.70,794.95,359.15
793.88,382.15,794.87,382.15
794.92,358.73,794.95,359.15
797.92,395.84,798.18,396.48
805.56,376.70,807.23,377.43
815.38,396.48,815.75,396.75
815.59,396.34,815.38,396.48
815.12,395.84,815.59,396.34
791.29,381.10,791.24,380.74
809.54,335.94,809.40,335.79
791.15,381.13,792.01,381.86
817.22,381.86,817.21,381.81
817.73,381.10,817.22,381.86
801.19,395.42,800.74,396.18
797.70,350.20,796.61,351.45
817.76,380.76,817.73,380.74
813.19,355.75,812.94,355.96
796.95,380.49,797.22,380.51
800.82,333.87,800.44,335.56
829.00,347.69,828.98,347.84
821.93,366.22,822.93,366.09
822.35,319.76,822.49,319.82
820.89,378.95,821.20,379.63
818.79,336.02,828.91,335.42
817.94,380.71,818.62,380.65
817.94,380.71,818.76,380.50
818.77,380.33,818.76,380.50
817.73,380.74,817.73,381.10
801.04,395.81,801.19,395.64
802.21,371.65,806.07,375.94
796.96,380.07,797.03,379.25
802.21,371.65,817.39,376.40
824.36,372.32,817.39,376.40
802.21,369.38,824.76,369.67
793.08,359.05,794.13,359.05
824.01,392.21,824.24,391.72
794.88,368.41,794.99,368.81
795.27,366.46,794.88,368.41
794.15,366.09,795.27,366.46
824.15,372.32,823.71,372.06
794.15,366.09,824.76,366.58
820.02,371.85,820.34,371.23
793.40,380.34,793.45,380.99
815.60,345.69,815.69,346.84
796.83,337.26,794.88,337.37
790.15,380.50,790.32,380.65
815.69,346.84,815.40,347.55
794.87,378.69,791.86,378.37
792.05,378.88,792.11,378.95
822.87,360.32,823.05,360.44
817.39,376.40,818.02,376.82
805.03,378.99,804.76,379.94
822.85,360.67,822.87,360.32
822.68,360.52,821.98,360.44
821.78,360.51,821.98,360.44
821.78,360.51,822.68,360.52
794.36,360.51,793.86,360.52
817.73,380.74,815.90,380.99
794.36,360.51,794.54,360.44
793.94,360.44,794.03,360.32
793.94,360.44,801.09,364.29
831.46,355.76,830.08,359.57
801.24,364.63,801.09,364.29
793.94,360.44,801.24,364.63
829.77,378.60,829.75,378.48
830.67,361.88,830.76,361.71
818.72,380.35,818.34,379.24
823.12,358.70,823.15,359.15
818.72,380.35,818.52,379.05
823.12,358.70,823.36,359.15
765.83,383.29,764.65,382.36
823.02,358.30,823.12,358.70
824.79,361.64,801.49,361.55
802.64,362.08,802.79,361.74
801.72,327.87,814.94,327.87
794.26,358.70,794.22,359.15
794.29,359.15,794.22,359.15
747.00,351.92,744.22,350.51
794.26,358.70,794.29,359.15
794.92,358.73,794.26,358.70
764.33,377.87,764.33,377.51
794.17,358.30,794.92,358.73
810.68,389.54,804.45,389.08
781.80,378.25,781.79,377.87
790.24,380.76,790.32,380.65
815.12,395.84,798.18,396.48
798.53,396.75,799.45,396.84
823.58,395.55,823.63,395.64
815.12,395.84,815.38,396.48
794.32,373.42,796.40,372.92
795.54,385.75,797.82,395.75
795.66,385.73,797.92,395.84
790.57,381.56,795.54,385.75
816.92,382.45,813.06,385.75
817.94,380.71,818.62,380.76
817.76,380.76,818.62,380.76
821.22,341.00,820.70,342.28
818.25,380.59,818.82,380.55
820.30,378.00,820.63,378.37
730.93,356.62,731.17,356.74
820.75,378.29,821.02,378.88
820.63,378.37,820.89,378.95
818.81,380.32,818.82,380.55
795.60,355.67,795.46,356.17
818.81,380.32,818.76,380.50
794.73,356.18,795.46,356.17
818.77,380.33,818.76,380.50
815.86,380.34,817.73,380.74
818.77,380.33,817.73,380.74
732.66,353.80,733.06,354.13
818.77,380.33,817.94,380.71
810.00,427.16,811.83,440.93
824.58,369.85,824.36,372.32
802.21,371.65,824.58,369.85
791.24,380.74,791.01,380.71
828.44,389.54,821.93,389.08
790.15,380.50,790.01,380.55
798.91,355.14,799.65,355.13
789.99,380.32,790.15,380.50
796.12,357.49,795.71,357.49
791.22,377.86,791.56,378.00
794.61,378.38,791.56,378.00
806.07,375.94,805.65,376.07
818.29,444.67,819.42,444.22
791.56,378.00,791.86,378.37
806.32,376.19,805.92,376.31
809.40,335.79,809.40,326.67
798.91,355.14,799.92,355.14
791.48,377.90,791.80,378.29
824.19,345.93,824.12,346.50
822.68,360.52,822.85,360.67
774.84,377.42,774.42,377.51
821.58,360.44,821.78,360.51
819.08,449.50,812.68,449.38
821.58,360.44,822.47,360.59
738.11,370.56,741.55,371.10
822.27,360.52,822.47,360.59
732.56,366.53,735.02,368.98
793.47,360.52,793.66,360.59
794.18,360.44,793.66,360.59
735.02,368.98,738.11,370.56
794.18,360.44,794.36,360.51
793.53,360.75,793.86,360.52
730.44,360.00,730.98,363.43
793.53,360.75,793.74,360.67
817.76,381.13,817.73,381.10
826.06,355.31,825.86,355.50
823.33,358.65,823.12,358.70
822.15,358.05,822.29,358.35
801.49,361.55,801.24,361.37
801.34,361.88,801.49,361.55
824.54,397.92,825.29,397.44
794.09,358.20,794.19,358.65
794.26,358.70,794.19,358.65
776.14,377.26,775.97,377.63
794.17,358.30,794.26,358.70
747.00,368.07,743.47,367.18
794.03,357.98,794.17,358.30
794.84,358.35,794.17,358.30
775.10,377.21,776.14,377.26
818.13,378.36,818.82,378.79
794.03,357.98,794.84,358.35
794.71,358.05,794.84,358.35
790.47,380.73,790.24,380.76
825.10,370.03,825.18,370.44
789.64,380.73,790.24,380.76
815.12,395.84,797.92,395.84
795.54,385.75,795.66,385.73
827.29,435.37,827.20,436.12
805.95,342.91,814.30,343.19
790.47,380.73,791.15,381.13
813.06,385.75,812.79,385.73
815.85,381.59,813.06,385.75
817.09,380.73,818.62,380.76
818.62,380.76,817.76,380.76
801.31,356.68,801.70,358.32
822.44,368.93,822.31,368.54
813.68,310.51,813.67,319.47
793.59,379.24,793.40,378.79
798.05,346.37,798.98,347.88
820.41,377.90,820.75,378.29
800.45,408.58,803.18,405.31
820.30,378.00,820.63,378.37
799.28,346.40,802.29,346.29
820.75,378.29,820.63,378.37
801.27,347.01,803.25,347.83
818.77,380.33,815.86,380.34
821.09,380.62,821.01,380.88
815.90,379.68,815.86,380.34
818.82,379.55,818.77,380.33
817.52,329.41,828.63,328.56
816.53,378.35,816.83,378.26
804.62,348.96,806.25,350.35
819.94,377.86,820.03,377.75
820.30,378.00,819.94,377.86
803.19,352.01,807.64,351.92
820.41,377.90,820.30,378.00
793.68,368.93,802.23,369.14
817.52,345.15,828.99,344.73
802.21,369.38,802.23,369.14
802.21,369.38,793.68,368.93
793.58,368.54,794.88,368.41
791.17,371.18,792.11,373.51
793.98,366.34,794.15,366.09
784.21,349.00,786.80,350.28
793.98,366.34,793.93,365.91
790.19,379.55,790.14,380.33
796.55,361.20,797.21,362.32
793.45,379.68,790.14,380.33
784.41,379.17,784.34,379.49
793.45,379.68,793.40,380.34
790.14,380.33,793.40,380.34
790.89,377.97,794.33,378.26
791.48,377.90,791.13,377.75
801.24,401.60,800.80,409.33
790.03,371.38,791.80,378.29
789.64,380.73,789.48,380.59
822.38,360.67,822.61,360.75
822.27,360.52,822.47,360.59
823.79,405.28,824.25,404.85
767.85,373.52,768.01,373.20
822.08,360.31,822.27,360.52
793.30,360.31,793.47,360.52
769.03,375.21,769.01,374.63
823.12,356.76,826.00,362.87
794.01,360.25,793.47,360.52
821.68,403.76,821.67,401.89
793.31,360.67,793.53,360.75
821.78,357.79,821.58,357.86
805.31,328.65,805.60,328.53
822.87,357.98,823.02,358.30
805.04,328.98,805.31,328.65
819.71,338.90,820.29,338.52
823.05,357.85,823.22,358.20
831.93,358.04,831.85,358.40
822.68,357.77,822.15,358.05
822.68,357.77,822.87,357.98
824.52,361.48,824.79,361.64
794.17,358.30,794.09,358.20
790.00,373.34,788.00,372.92
793.86,357.77,794.03,357.98
794.71,358.05,794.03,357.98
823.79,338.24,824.11,338.32
794.01,360.25,794.18,360.44
789.42,371.05,790.00,373.34
794.54,357.85,794.71,358.05
795.29,355.57,795.39,355.34
794.36,357.79,793.47,357.77
789.64,380.73,789.35,380.49
790.47,380.73,789.64,380.73
790.20,380.49,790.47,380.73
817.91,380.73,818.25,380.59
817.95,380.38,817.91,380.73
822.75,366.34,821.74,366.46
822.31,368.54,822.75,366.34
825.16,435.71,825.38,435.74
822.75,366.34,822.93,366.09
823.05,365.91,822.93,366.09
822.75,366.34,823.05,365.91
825.02,436.86,824.94,436.40
831.97,369.38,831.96,369.14
825.54,436.45,824.94,436.40
822.44,368.93,831.96,369.14
831.97,369.38,822.44,368.93
818.81,380.32,818.77,380.33
818.82,379.55,818.81,380.32
821.04,397.91,821.18,395.84
825.19,437.16,825.02,436.86
818.87,379.51,818.81,380.32
818.82,379.55,815.90,379.68
822.60,443.77,821.00,443.89
816.04,379.10,815.90,379.68
818.99,378.86,818.82,379.55
819.25,378.31,816.53,378.35
819.57,377.97,816.53,378.35
779.15,385.26,778.16,385.34
819.65,377.86,820.03,377.75
822.87,357.98,823.02,358.30
823.47,393.57,822.11,394.01
777.83,385.16,778.16,385.34
827.21,434.52,827.42,434.55
819.57,377.97,820.03,377.75
806.97,383.17,807.78,383.42
822.87,357.98,822.29,358.35
777.83,385.16,776.84,385.25
819.57,377.97,819.94,377.86
820.03,377.75,819.94,377.86
793.68,368.93,793.58,368.54
793.40,369.10,802.21,371.65
828.69,353.71,828.74,353.78
793.76,366.17,793.98,366.34
793.58,368.54,793.98,366.34
793.76,366.17,793.58,368.54
793.29,368.71,793.58,368.54
793.76,366.17,793.29,368.71
820.38,342.28,818.87,342.35
790.34,378.86,790.19,379.55
827.20,337.63,827.49,338.84
793.58,379.10,793.45,379.68
790.19,379.55,793.45,379.68
827.37,336.38,827.83,336.29
790.19,379.55,790.14,380.33
789.99,380.32,790.14,380.33
827.37,336.38,828.04,337.55
790.19,379.55,789.99,380.32
794.04,378.35,790.89,377.97
824.37,362.80,823.99,371.87
790.89,377.97,791.22,377.86
790.89,377.97,791.13,377.75
824.40,400.69,824.67,399.51
821.41,358.05,821.58,357.86
824.48,432.74,824.30,432.44
822.08,357.98,821.58,357.86
816.48,332.37,816.70,331.68
822.27,357.77,821.58,357.86
826.01,400.97,826.32,399.67
822.08,357.98,822.27,357.77
822.38,360.67,822.61,360.75
811.54,423.70,810.97,424.44
820.61,363.20,822.61,360.75
822.27,360.52,822.38,360.67
791.01,380.71,790.15,380.50
825.53,401.98,826.01,400.97
822.17,360.44,822.27,360.52
818.23,388.82,817.33,388.64
821.18,358.73,821.27,358.35
791.56,378.00,791.86,378.37
769.27,384.48,768.32,384.40
821.27,359.95,821.41,360.25
804.76,379.94,804.95,380.82
791.56,378.00,794.87,378.69
821.27,359.95,822.08,360.31
801.56,397.94,801.21,395.86
791.86,378.37,792.11,378.95
793.30,357.98,793.47,357.77
794.18,357.86,793.47,357.77
824.46,360.91,824.46,369.86
791.80,378.29,792.05,378.88
794.01,358.05,794.18,357.86
793.07,358.70,793.16,358.30
783.78,378.34,783.31,382.78
793.16,360.00,793.30,360.31
817.12,353.46,819.52,353.50
793.88,359.95,793.30,360.31
793.30,360.31,794.01,360.25
793.12,360.44,793.47,360.52
770.14,384.63,769.17,384.71
793.31,360.67,793.47,360.52
823.37,343.86,815.54,346.23
791.66,363.20,793.53,360.75
793.31,360.67,793.53,360.75
823.05,357.85,830.92,361.37
805.65,381.99,805.26,383.20
822.68,357.77,821.98,357.85
822.47,357.70,822.68,357.77
822.68,357.77,822.87,357.98
823.05,357.85,822.87,357.98
822.68,357.77,823.05,357.85
793.94,357.85,794.09,358.20
793.86,357.77,794.03,357.98
815.85,381.59,790.73,381.59
794.26,359.59,794.17,360.00
816.30,380.90,815.85,381.59
790.57,381.56,790.73,381.59
816.81,380.49,817.62,380.49
816.14,381.56,815.85,381.59
822.31,368.54,822.36,368.71
822.87,366.17,822.31,368.54
822.87,366.17,822.75,366.34
818.43,323.86,818.64,323.72
822.36,368.71,822.31,368.54
801.96,308.77,802.12,308.29
814.38,335.51,814.78,333.77
818.85,371.38,831.97,371.65
822.48,369.10,831.97,369.38
818.99,378.86,818.82,379.55
816.26,378.64,816.04,379.10
818.99,378.86,819.25,378.31
765.33,377.84,765.33,382.15
819.31,378.22,819.65,377.86
819.25,378.31,819.65,377.86
792.19,379.17,791.95,379.54
819.25,378.31,819.57,377.97
819.65,377.86,819.57,377.97
793.29,368.71,793.76,366.17
793.78,378.64,790.58,378.31
801.24,364.63,824.58,364.91
825.66,402.07,826.16,401.03
790.58,378.31,790.78,377.86
789.12,379.91,789.35,380.49
822.17,357.85,822.38,357.62
822.38,357.62,822.27,357.77
821.41,358.05,821.27,358.35
821.83,358.70,821.93,358.30
822.08,360.31,822.17,360.44
821.80,359.15,821.83,358.70
821.93,360.00,821.27,359.95
793.30,357.98,793.47,357.77
794.01,358.05,793.30,357.98
793.16,358.30,793.88,358.35
815.07,390.88,813.33,392.12
793.07,358.70,792.96,358.21
793.80,358.73,793.07,358.70
793.04,359.15,793.80,358.73
793.77,359.15,793.80,358.73
808.94,420.73,809.48,420.32
793.80,359.57,793.16,360.00
793.16,360.00,793.88,359.95
793.12,360.44,793.30,360.31
822.47,357.70,822.61,357.54
822.85,357.62,822.47,357.70
822.85,357.62,822.68,357.77
793.66,357.70,793.86,357.77
793.53,357.54,793.66,357.70
817.76,379.84,817.62,380.49
817.41,379.91,817.62,380.49
820.61,363.20,819.85,368.41
802.46,392.18,803.60,391.20
822.36,368.71,820.61,363.20
819.28,368.39,819.66,368.26
818.99,368.26,819.66,368.26
824.78,338.68,825.13,338.78
818.98,368.25,819.66,368.26
791.06,368.26,790.61,368.25
790.68,368.25,790.61,368.25
790.68,368.25,791.06,368.26
790.61,368.25,791.06,368.26
798.17,371.30,797.12,379.22
790.43,368.39,791.06,368.26
790.34,378.86,790.58,378.31
790.21,378.79,790.34,378.86
790.46,378.22,790.21,378.79
789.02,379.84,789.12,379.91
822.17,357.85,822.08,357.98
822.01,358.21,822.17,357.85
821.41,358.05,821.58,357.86
821.93,358.30,822.01,358.21
820.39,363.24,820.61,363.20
812.18,448.49,811.83,448.96
819.99,362.45,820.39,363.24
794.01,358.05,794.18,357.86
821.90,358.65,821.83,358.70
794.36,357.79,794.18,357.86
821.93,360.00,822.01,360.09
822.42,359.15,822.39,359.57
781.53,364.87,781.21,365.08
821.83,359.59,821.93,360.00
817.82,382.53,816.53,382.40
820.33,380.86,820.11,381.25
821.15,359.15,821.18,359.57
821.80,359.15,821.15,359.15
819.71,363.24,820.39,363.24
792.83,359.15,792.86,358.65
793.04,359.15,792.86,358.65
816.21,342.48,824.35,342.48
793.07,358.70,792.86,358.65
793.04,359.15,793.07,358.70
793.77,359.15,793.04,359.15
820.12,411.68,817.53,412.44
793.07,359.59,793.80,359.57
793.07,359.59,793.16,360.00
792.86,359.64,793.16,360.00
827.57,337.57,828.04,337.55
819.31,378.22,819.04,378.79
790.05,379.51,789.99,380.32
792.86,359.64,792.96,360.09
791.24,362.29,791.66,363.20
791.37,362.45,791.74,363.24
779.66,374.62,779.66,375.83
791.74,363.24,791.37,362.45
826.38,344.19,826.05,343.73
822.61,357.54,822.85,357.62
792.15,356.19,812.94,355.96
793.53,357.54,793.74,357.62
789.99,380.88,790.08,380.90
790.09,380.06,790.08,380.90
789.99,379.91,789.99,380.88
765.33,377.84,762.20,380.73
825.16,372.63,824.47,372.40
790.03,371.38,793.40,369.10
817.41,379.91,817.62,380.49
816.31,380.06,816.30,380.90
818.98,368.25,819.17,368.25
818.98,368.25,819.28,368.39
818.96,368.37,819.28,368.39
822.36,368.71,819.85,368.41
818.85,371.38,819.04,378.79
820.39,363.24,819.66,368.26
791.73,368.26,791.06,368.26
792.41,363.24,791.73,368.26
791.74,363.24,792.41,363.24
790.96,368.41,790.43,368.39
814.66,341.54,814.66,341.75
790.46,378.22,790.21,378.79
789.98,379.23,789.99,379.91
822.01,358.21,822.17,357.85
799.92,324.61,799.73,325.39
792.96,358.21,793.12,357.85
793.07,359.59,793.04,359.15
767.30,383.77,765.83,383.29
739.02,355.85,737.89,356.99
828.40,355.79,826.66,359.58
741.34,370.95,744.45,370.02
804.49,392.12,806.21,390.88
817.43,379.21,817.41,379.91
828.69,333.26,828.25,333.76
816.57,379.23,816.58,379.91
829.17,332.50,828.83,333.26
818.54,371.30,817.75,379.24
791.23,368.25,791.73,368.26
732.48,366.43,735.00,368.52
765.36,377.42,765.28,377.63
790.16,371.30,789.01,379.24
821.90,359.64,821.87,359.15
821.90,359.64,820.99,356.42
792.86,359.64,792.83,359.15
807.29,333.88,806.82,334.08
815.75,396.75,816.70,396.84
791.46,362.35,791.24,362.29
730.93,363.38,732.48,366.43
813.19,355.75,822.48,355.65
813.19,355.75,823.97,355.65
793.94,360.44,794.17,360.00
785.98,347.97,787.72,349.36
814.66,355.75,823.97,355.65
812.50,353.73,811.83,354.43
792.15,356.19,812.94,355.96
812.50,353.73,813.33,355.73
792.15,356.19,813.19,355.75
812.79,385.73,815.12,395.84
813.32,355.71,813.33,355.73
792.30,355.97,813.19,355.75
816.89,350.99,818.07,349.68
816.89,350.99,812.88,350.63
812.26,351.10,812.88,350.63
809.58,355.78,809.84,356.87
816.06,352.44,816.89,350.99
816.06,352.44,826.26,350.78
784.60,350.95,783.26,352.09
825.42,352.26,826.26,350.78
812.93,350.63,812.88,350.63
827.49,349.44,818.07,349.68
807.39,426.40,807.27,426.36
829.13,348.42,819.68,348.68
818.07,349.68,815.21,348.81
819.68,348.68,815.21,348.81
818.96,368.37,818.98,368.25
826.92,334.11,827.44,334.26
791.23,368.25,790.68,368.25
790.55,368.37,790.68,368.25
791.30,368.37,790.55,368.37
790.16,371.30,790.03,371.38
790.55,368.37,790.16,371.30
790.16,371.30,789.13,379.21
789.98,379.23,789.13,379.21
799.17,366.53,800.65,366.85
820.99,356.42,821.13,356.19
820.99,356.42,820.84,355.97
820.69,356.20,820.15,362.29
805.48,400.61,805.56,398.28
820.99,356.42,820.15,362.29
819.27,362.36,819.85,362.14
792.30,355.97,792.15,356.19
792.02,356.42,792.30,355.97
792.17,356.20,792.30,355.97
792.17,356.20,791.24,362.29
791.38,362.14,791.24,362.29
792.17,356.20,791.38,362.14
792.13,362.15,792.00,362.36
791.38,362.14,792.13,362.15
820.84,355.97,819.43,355.97
814.66,355.75,793.71,355.97
808.25,379.06,808.25,381.74
792.30,355.97,814.66,355.75
813.19,355.75,814.66,355.75
792.30,355.97,813.19,355.75
805.04,395.43,811.97,397.13
824.68,353.88,823.97,355.65
825.55,344.03,828.56,343.91
814.66,355.75,823.97,355.65
814.66,355.75,824.68,353.88
825.42,352.26,824.68,353.88
820.12,411.68,826.46,407.59
815.35,354.02,824.68,353.88
816.06,352.44,825.42,352.26
813.96,350.37,813.37,350.79
812.93,350.63,813.96,350.37
813.65,349.85,812.93,350.63
814.70,349.60,813.96,350.37
816.83,371.30,818.21,368.37
819.09,362.15,819.27,362.36
791.30,368.37,791.23,368.25
792.00,362.36,791.30,368.37
792.13,362.15,791.30,368.37
791.30,368.37,791.87,371.30
820.69,356.20,819.85,362.14
819.09,362.15,820.69,356.20
819.12,356.20,820.69,356.20
782.59,350.39,786.80,350.28
819.09,362.15,819.12,356.20
781.53,355.12,780.89,356.68
819.85,391.20,823.16,391.61
792.17,356.20,793.74,356.20
782.12,353.42,780.08,353.87
792.13,362.15,791.38,362.14
782.74,360.00,782.91,362.15
791.17,348.81,792.92,348.95
814.66,355.75,793.71,355.97
794.59,354.33,793.71,355.97
830.19,350.86,833.23,350.79
831.23,351.17,830.19,350.86
812.31,351.10,812.26,351.10
810.46,350.86,809.16,351.17
814.84,346.79,814.51,347.57
832.29,349.60,830.94,348.76
814.70,349.60,813.65,349.85
815.28,348.83,814.70,349.60
816.05,348.76,814.70,349.60
815.28,348.83,816.05,348.76
809.47,438.98,809.70,439.01
818.97,347.62,829.13,348.42
818.21,368.37,819.09,362.15
822.29,392.53,823.16,391.61
816.83,371.30,818.21,368.37
791.87,371.30,791.30,368.37
791.87,371.30,793.74,356.20
819.43,355.97,820.84,355.97
820.69,356.20,819.43,355.97
817.60,382.54,817.39,382.80
819.12,356.20,819.43,355.97
820.69,356.20,819.12,356.20
792.17,356.20,792.30,355.97
793.71,355.97,792.17,356.20
793.74,356.20,792.17,356.20
825.97,332.30,826.29,331.97
818.56,352.83,819.02,354.33
816.06,352.44,815.35,354.02
826.11,403.69,826.81,402.23
795.46,352.83,815.35,354.02
793.86,357.77,794.71,358.05
794.59,354.33,815.35,354.02
826.11,403.69,826.87,402.16
795.46,352.83,794.59,354.33
806.24,369.72,804.62,371.04
780.41,373.21,780.18,373.31
795.46,352.83,816.06,352.44
830.19,350.86,833.23,350.79
803.43,398.21,803.31,396.71
829.60,350.45,830.19,350.86
804.25,398.26,804.09,396.18
813.96,350.37,813.37,350.79
799.73,400.74,801.31,400.49
829.13,348.42,819.68,348.68
810.46,350.86,813.37,350.79
810.67,350.45,810.46,350.86
795.66,385.73,797.92,395.84
810.67,350.45,813.96,350.37
812.79,385.73,815.12,395.84
811.40,349.68,810.67,350.45
780.77,384.85,779.89,385.22
831.57,347.73,830.94,348.76
832.01,348.83,830.94,348.76
825.48,343.06,824.78,343.49
819.58,379.71,819.47,378.16
814.53,347.76,818.97,347.62
793.40,369.10,802.21,369.38
818.95,347.43,814.53,347.76
814.51,347.57,814.53,347.76
818.95,347.43,814.51,347.57
815.28,348.83,816.05,348.76
783.05,383.10,783.31,382.78
803.23,370.22,804.18,370.14
815.42,347.73,816.05,348.76
783.05,383.10,781.99,382.70
815.42,347.73,815.28,348.83
791.86,378.37,795.08,379.17
814.55,347.58,814.57,347.73
814.51,347.57,814.53,347.76
818.63,354.33,819.43,355.97
818.63,354.33,819.12,356.20
819.43,355.97,819.12,356.20
792.20,346.41,796.52,346.25
793.54,379.25,794.59,371.33
794.74,354.33,793.71,355.97
821.01,380.88,820.92,380.77
793.74,356.20,793.71,355.97
831.23,351.17,831.28,351.17
830.61,350.72,831.23,351.17
784.38,350.85,781.87,353.35
830.19,350.86,831.23,351.17
830.61,350.72,830.19,350.86
829.60,350.45,830.19,350.86
809.16,351.17,809.03,351.17
810.46,350.86,809.16,351.17
810.46,350.86,810.67,350.45
830.94,348.76,827.52,348.85
806.68,327.35,807.14,327.47
828.14,347.83,830.94,348.76
831.57,347.73,830.94,348.76
816.62,344.49,815.57,345.65
816.05,348.76,812.75,348.85
812.12,347.83,812.75,348.85
766.78,382.10,769.73,382.29
819.12,356.20,819.09,362.15
812.12,347.83,816.05,348.76
815.76,332.37,815.80,332.59
818.95,347.43,828.40,347.32
816.72,341.21,824.35,342.48
828.71,343.32,828.18,342.71
815.40,347.55,815.42,347.73
815.40,347.55,814.57,347.73
823.84,341.21,824.67,342.47
814.55,347.58,814.57,347.73
814.55,347.58,814.51,347.57
794.23,373.34,792.11,373.51
814.84,346.79,814.55,347.58
819.12,356.20,793.74,356.20
827.51,362.04,830.63,362.51
794.74,354.33,819.12,356.20
830.69,362.04,830.63,362.51
818.63,354.33,819.12,356.20
827.51,362.04,827.45,362.51
794.74,354.33,818.63,354.33
818.63,354.33,819.02,354.33
818.17,352.83,818.63,354.33
805.47,392.21,807.95,393.08
795.46,352.83,794.59,354.33
794.74,354.33,794.59,354.33
795.62,352.83,794.74,354.33
793.01,360.00,793.08,360.95
830.66,350.72,817.98,351.45
765.64,383.49,764.40,382.53
822.29,358.35,822.39,358.73
805.56,398.28,805.56,396.01
828.87,349.68,829.60,350.45
829.90,349.94,829.60,350.45
811.08,341.46,812.03,342.65
823.33,358.65,823.36,359.15
805.32,398.27,805.33,396.03
829.90,349.94,830.61,350.72
826.97,344.66,816.96,346.19
829.60,350.45,830.61,350.72
790.70,363.76,790.86,363.74
809.24,350.72,809.03,351.17
797.70,350.20,796.42,351.45
809.36,350.72,810.67,350.45
828.29,348.93,827.52,348.85
810.19,304.15,806.14,304.52
828.87,349.68,828.29,348.93
829.90,349.94,828.29,348.93
828.87,349.68,829.90,349.94
811.40,349.68,812.75,348.85
811.68,348.93,811.40,349.68
810.07,349.94,811.40,349.68
831.57,347.73,828.14,347.83
828.90,335.72,814.67,335.72
791.77,376.69,790.97,376.39
828.16,347.65,831.57,347.73
818.95,347.43,814.51,347.57
819.28,346.64,814.51,347.57
812.11,347.65,812.12,347.83
812.11,347.65,815.42,347.73
763.83,382.49,765.07,383.45
818.63,354.33,794.74,354.33
795.62,352.83,818.63,354.33
791.01,380.71,790.32,380.65
826.89,431.32,826.73,431.58
822.17,360.44,822.38,360.67
763.96,381.95,765.05,382.87
818.17,352.83,818.63,354.33
826.95,430.88,826.89,431.32
822.08,360.31,822.27,360.52
795.62,352.83,818.17,352.83
818.17,352.83,818.56,352.83
817.98,351.45,818.56,352.83
817.98,351.45,818.17,352.83
793.86,357.77,793.94,357.85
815.89,303.99,815.75,303.77
795.62,352.83,795.46,352.83
830.61,350.72,830.66,350.72
829.91,349.89,830.61,350.72
809.36,350.72,809.24,350.72
809.99,349.89,809.36,350.72
828.29,348.93,827.52,348.85
828.14,347.83,828.29,348.93
828.98,347.84,828.29,348.93
812.12,347.83,811.68,348.93
804.83,350.96,806.23,351.29
819.28,346.64,818.95,347.43
828.70,346.37,828.38,347.13
828.69,333.26,828.39,333.76
816.57,379.23,817.41,379.91
815.40,347.55,814.55,347.58
818.17,352.83,795.62,352.83
796.61,351.45,818.17,352.83
817.56,351.45,818.17,352.83
796.61,351.45,817.56,351.45
814.66,341.75,814.66,341.54
817.56,351.45,817.98,351.45
817.04,350.20,817.56,351.45
829.90,349.94,828.29,348.93
821.90,359.64,822.01,360.09
820.09,377.39,820.39,378.02
829.90,349.94,828.35,348.91
794.03,360.32,794.17,360.00
829.17,328.61,829.04,328.61
765.36,377.42,765.52,377.57
790.16,371.30,789.13,379.21
809.62,351.42,810.86,352.86
818.39,377.25,820.39,378.02
829.91,349.89,828.35,348.91
783.31,382.78,781.99,382.70
793.88,359.95,794.01,360.25
821.90,359.64,821.93,360.00
829.90,349.94,829.91,349.89
781.34,369.48,780.98,369.20
811.54,348.91,811.68,348.93
793.30,360.31,793.47,360.52
810.07,349.94,811.68,348.93
811.54,348.91,810.07,349.94
783.93,377.84,783.79,378.01
793.12,360.44,793.31,360.67
811.41,354.67,812.56,356.21
809.99,349.89,810.07,349.94
811.54,348.91,809.99,349.89
810.99,347.84,812.12,347.83
812.11,347.65,810.99,347.84
810.97,347.69,810.99,347.84
795.54,385.75,797.92,395.84
831.59,347.55,828.16,347.65
829.72,357.86,829.66,358.06
807.37,324.09,808.98,323.87
788.90,368.16,790.45,369.76
797.39,355.26,795.24,355.84
831.79,345.65,831.70,345.69
826.71,331.84,826.29,332.30
830.65,344.55,831.79,345.65
816.64,344.55,815.60,345.69
815.69,346.84,814.87,346.82
823.12,358.70,822.42,359.15
824.94,436.40,824.08,436.37
819.82,362.35,819.99,362.45
817.56,351.45,796.61,351.45
816.53,350.21,815.69,349.25
814.94,327.87,814.46,327.67
815.12,349.29,815.69,349.25
815.14,328.35,801.52,341.69
813.83,357.83,813.84,357.84
815.69,349.25,828.35,348.91
799.33,349.25,797.70,350.20
821.93,360.00,822.08,360.31
797.99,350.21,797.70,350.20
821.15,359.15,821.18,358.73
799.33,349.25,797.99,350.21
799.64,349.29,797.99,350.21
799.33,349.25,799.64,349.29
806.75,421.99,807.11,421.28
821.83,359.59,821.93,360.00
808.89,363.92,808.76,366.19
811.54,348.91,799.33,349.25
808.76,366.19,807.64,368.02
765.63,377.94,766.23,382.02
828.35,348.91,828.29,348.93
811.54,348.91,811.68,348.93
799.17,353.48,799.63,353.78
810.99,347.84,811.54,348.91
828.68,346.95,828.16,347.65
828.68,346.95,829.00,347.69
828.16,347.65,829.00,347.69
801.27,395.50,799.68,395.23
815.40,347.55,815.42,347.73
811.28,346.95,812.11,347.65
810.97,347.69,812.11,347.65
830.65,344.55,831.70,345.69
807.85,342.24,807.73,341.71
790.86,356.26,793.67,358.46
830.65,344.55,830.64,345.79
831.30,346.84,827.88,346.96
829.22,344.33,825.55,344.03
825.55,344.03,828.56,343.91
826.28,344.88,825.81,344.45
824.73,418.08,824.57,418.34
826.28,344.88,829.22,344.33
812.00,396.95,811.81,398.81
829.68,344.74,829.22,344.33
811.71,302.94,811.64,302.72
830.74,344.49,831.79,345.65
820.12,339.75,823.44,339.58
820.03,345.48,828.70,346.37
813.86,363.76,813.13,365.53
827.60,434.86,827.17,434.58
819.77,339.33,819.71,338.90
816.62,344.49,820.03,345.48
820.43,339.51,820.62,339.60
816.64,344.55,815.60,345.69
827.04,434.78,826.21,434.44
816.35,345.79,815.60,345.69
805.04,332.40,804.83,331.95
820.43,339.51,820.12,339.75
816.64,344.55,816.35,345.79
805.60,330.65,804.83,331.95
819.91,339.64,820.12,339.75
817.30,344.74,816.35,345.79
816.35,345.79,815.69,346.84
794.99,368.81,825.99,369.53
812.39,346.96,815.69,346.84
799.93,358.83,799.83,360.00
816.53,350.21,797.99,350.21
828.35,348.91,815.69,349.25
795.22,364.17,797.39,364.74
811.54,348.91,799.33,349.25
782.12,377.93,781.66,377.71
829.00,347.69,828.98,347.84
796.87,370.78,798.91,368.79
810.88,347.87,810.99,347.84
821.06,379.66,821.11,380.44
799.14,371.99,801.04,372.14
830.64,345.79,827.21,345.90
827.97,345.83,828.68,346.95
827.21,345.90,827.88,346.96
830.07,344.04,830.65,344.55
829.68,344.74,830.07,344.04
806.44,369.39,804.93,369.75
823.05,360.44,823.22,360.09
829.22,344.33,830.07,344.04
823.34,391.16,820.78,390.70
807.86,370.78,806.44,369.39
822.87,360.32,823.02,360.00
829.68,344.74,829.22,344.33
814.76,358.83,814.48,357.68
822.68,360.52,822.87,360.32
829.85,444.22,831.64,439.75
807.77,353.30,810.75,353.31
830.18,343.99,830.74,344.49
808.28,342.91,808.55,342.99
794.54,360.44,794.71,360.25
791.77,376.69,793.88,376.69
809.59,354.56,808.78,353.92
830.07,344.04,830.18,343.99
796.96,332.37,797.71,331.43
829.50,345.12,820.03,345.48
773.19,378.33,772.86,378.01
829.72,355.15,830.08,355.26
830.51,344.01,820.03,345.48
796.69,332.65,797.40,331.78
829.72,355.15,829.87,355.27
830.51,344.01,829.50,345.12
813.65,349.85,813.96,350.37
820.50,331.43,821.39,331.07
817.22,344.04,816.64,344.55
817.30,344.74,816.64,344.55
817.22,344.04,817.30,344.74
817.77,344.33,817.30,344.74
820.50,331.43,821.39,331.07
817.18,343.99,816.62,344.49
816.64,344.55,816.62,344.49
817.22,344.04,816.64,344.55
823.74,333.47,823.09,332.13
817.77,344.33,818.03,343.91
813.98,344.88,817.77,344.33
768.94,383.26,767.97,382.45
822.44,368.93,821.43,368.81
816.35,345.79,813.06,345.90
813.98,344.88,813.06,345.90
768.94,383.26,767.50,382.54
816.35,345.79,813.98,344.88
817.30,344.74,813.98,344.88
816.35,345.79,817.30,344.74
812.00,345.83,812.39,346.96
815.69,349.25,815.12,349.29
799.33,349.25,799.64,349.29
812.31,351.10,812.88,350.63
816.76,348.07,816.65,348.24
812.31,351.10,812.26,351.10
784.21,370.99,788.44,371.12
816.76,348.07,829.02,347.87
786.80,369.72,788.44,371.12
831.57,347.73,832.01,348.83
829.04,347.68,829.02,347.87
816.76,348.07,829.04,347.68
810.88,347.87,799.05,348.24
799.09,348.07,799.05,348.24
818.96,379.67,818.89,380.57
810.86,347.68,799.09,348.07
820.64,379.66,820.58,380.51
810.88,347.87,810.86,347.68
823.55,401.32,822.79,401.52
828.68,346.95,829.00,347.69
828.71,346.92,829.00,347.69
829.00,347.69,829.04,347.68
826.81,332.04,826.97,332.21
811.18,346.92,810.97,347.69
810.86,347.68,810.97,347.69
808.37,343.06,808.66,343.15
827.97,345.83,827.21,345.90
822.24,368.62,823.12,362.85
826.28,344.88,827.21,345.90
826.28,344.88,827.97,345.83
803.90,418.39,804.29,418.06
826.95,344.71,827.97,345.83
828.71,346.92,828.68,346.95
827.97,345.83,828.68,346.95
830.95,354.45,830.95,351.71
826.05,343.73,825.55,344.03
825.81,344.45,826.05,343.73
822.90,351.93,823.31,351.71
826.38,344.19,826.05,343.73
825.81,344.45,826.38,344.19
826.28,344.88,825.81,344.45
825.38,393.91,824.12,392.31
793.58,381.59,793.78,382.07
826.38,344.19,825.81,344.45
826.28,344.88,826.38,344.19
792.14,381.81,792.93,382.36
826.95,344.71,826.38,344.19
826.28,344.88,826.95,344.71
829.33,343.60,828.56,343.91
825.55,344.03,829.33,343.60
802.49,321.15,803.28,320.30
826.05,343.73,829.33,343.60
829.22,344.33,828.56,343.91
829.33,343.60,829.22,344.33
830.07,344.04,829.22,344.33
829.33,343.60,830.07,344.04
820.58,378.80,820.64,379.66
798.55,343.45,799.40,343.11
817.53,343.60,818.03,343.91
817.77,344.33,817.22,344.04
818.56,352.83,819.02,354.33
821.07,344.33,816.62,344.49
769.89,377.71,769.77,377.85
811.18,346.92,811.28,346.95
812.00,345.83,811.18,346.92
791.87,371.30,789.98,379.23
817.53,343.60,818.03,343.91
822.59,342.76,823.36,341.90
815.10,344.03,818.03,343.91
817.53,343.60,815.10,344.03
820.16,342.04,819.56,340.79
806.32,376.19,817.60,376.66
814.34,343.73,815.10,344.03
819.70,342.34,819.07,341.01
817.53,343.60,814.34,343.73
790.73,381.59,795.66,385.73
813.98,344.88,813.06,345.90
812.00,345.83,813.06,345.90
799.27,348.05,799.05,348.24
802.36,360.00,805.62,360.00
816.95,347.19,829.04,347.68
828.71,346.92,829.04,347.68
810.86,347.68,799.09,348.07
821.75,337.26,822.59,331.66
827.97,345.83,827.99,345.79
826.97,344.66,827.97,345.83
829.33,343.60,829.38,343.51
771.62,383.67,770.42,382.73
830.51,344.01,821.07,344.33
822.13,343.37,821.07,344.33
822.13,343.37,830.51,344.01
810.32,302.38,806.63,302.72
812.93,344.66,812.00,345.83
826.81,405.53,825.95,405.15
813.06,345.90,815.69,346.84
812.93,344.66,811.90,345.79
818.46,343.36,818.46,321.87
814.57,347.73,815.21,348.81
814.46,344.45,815.10,344.03
814.34,343.73,813.59,344.19
822.38,360.67,820.61,363.20
813.59,344.19,814.46,344.45
826.82,358.27,826.82,358.06
813.98,344.88,814.46,344.45
813.59,344.19,813.98,344.88
813.59,344.19,813.02,344.71
799.20,348.21,816.26,348.21
822.48,340.83,829.64,340.83
816.53,347.09,816.29,348.05
771.62,383.67,770.42,382.73
816.76,348.07,816.29,348.05
802.46,392.18,802.65,392.14
816.95,347.19,816.76,348.07
803.88,381.52,804.32,382.52
818.54,371.30,817.43,379.21
772.43,382.73,772.22,382.39
799.09,348.07,799.27,348.05
800.21,347.09,799.09,348.07
805.27,392.31,805.05,392.35
799.99,347.19,799.09,348.07
823.67,418.83,823.37,418.32
816.96,346.19,816.95,347.19
771.86,382.58,771.36,378.30
828.71,346.92,816.95,347.19
799.99,347.19,811.18,346.92
801.26,346.19,799.99,347.19
816.96,346.19,827.99,345.79
826.07,343.63,826.05,343.73
826.39,344.14,826.07,343.63
793.94,357.85,812.94,355.96
826.07,343.63,826.05,343.73
829.33,343.60,826.05,343.73
771.87,383.46,770.90,382.63
826.07,343.63,829.33,343.60
829.38,343.51,829.33,343.60
826.07,343.63,829.38,343.51
771.69,382.70,771.22,378.28
817.53,343.60,814.34,343.73
814.32,343.63,814.34,343.73
817.53,343.60,814.32,343.63
817.48,343.51,814.32,343.63
817.53,343.60,817.48,343.51
801.26,346.19,811.90,345.79
813.02,344.71,812.93,344.66
813.50,344.14,812.93,344.66
780.16,374.64,780.13,375.10
813.50,344.14,813.02,344.71
816.29,348.05,799.27,348.05
779.75,375.57,779.90,375.88
800.21,347.09,816.29,348.05
816.95,347.19,816.53,347.09
780.13,374.18,780.16,374.64
816.96,346.19,816.95,347.19
801.87,308.64,807.13,308.32
801.24,346.29,799.99,347.19
826.97,344.66,816.71,344.94
812.93,344.66,803.20,344.94
800.97,395.98,800.84,396.17
813.50,344.14,812.93,344.66
814.32,343.63,814.34,343.73
813.59,344.19,814.34,343.73
814.32,343.63,813.59,344.19
797.62,352.04,798.02,352.59
793.88,380.51,794.59,371.33
813.50,344.14,813.59,344.19
814.32,343.63,813.50,344.14
819.82,381.12,819.52,382.38
801.24,346.29,800.21,347.09
801.24,346.29,816.53,347.09
815.22,302.09,811.44,302.64
816.27,345.00,816.96,346.19
779.47,373.50,780.41,373.21
803.28,345.00,801.26,346.19
819.01,342.34,833.30,341.71
745.57,366.10,747.24,364.43
814.32,343.63,817.48,343.51
823.20,356.32,824.29,369.39
803.28,345.00,801.24,346.29
816.56,346.29,801.24,346.29
823.20,356.32,823.20,369.38
803.28,345.00,816.56,346.29
816.27,345.00,816.56,346.29
780.73,375.16,780.56,375.61
812.93,344.66,811.90,345.79
815.99,344.05,816.71,344.94
815.45,344.02,816.27,345.00
814.53,347.76,815.21,348.81
814.51,342.91,824.58,342.48
800.21,347.09,799.27,348.05
768.02,375.12,767.89,375.16
802.94,367.60,804.36,367.52
815.81,342.48,819.01,342.34
822.17,369.36,822.14,356.33
824.58,342.48,819.01,342.34
819.01,342.34,827.85,342.34
805.22,371.14,809.93,369.81
789.98,379.23,789.12,379.91
804.46,344.05,803.28,345.00
805.95,342.91,815.81,342.48
816.27,345.00,803.28,345.00
804.75,344.02,816.27,345.00
818.99,324.13,818.84,323.82
810.37,364.52,810.44,364.42
815.45,344.02,816.27,345.00
819.49,324.08,819.33,323.74
804.75,344.02,815.45,344.02
796.42,351.45,795.46,352.83
818.98,368.25,818.44,368.25
815.81,342.48,805.95,342.91
803.93,366.69,805.02,367.14
814.51,342.91,805.95,342.91
804.64,399.51,804.38,400.69
796.42,351.45,795.62,352.83
802.94,367.60,803.19,367.43
815.81,342.48,814.51,342.91
802.04,367.15,803.19,367.43
824.58,342.48,814.51,342.91
802.94,367.60,804.15,367.69
815.81,342.48,824.58,342.48
790.34,378.86,790.58,378.31
789.48,380.59,790.01,380.55
791.73,368.26,791.23,368.25
805.92,343.19,804.75,344.02
790.34,378.86,793.78,378.64
789.48,380.59,790.24,380.76
805.92,343.19,815.45,344.02
814.30,343.19,815.45,344.02
805.92,343.19,814.30,343.19
816.56,346.29,816.53,347.09
805.92,343.19,814.30,343.19
814.51,342.91,814.30,343.19
821.91,382.38,821.44,383.37
816.71,344.94,816.96,346.19
822.01,360.09,821.90,359.64
805.95,342.91,814.51,342.91
822.01,360.09,820.15,362.29
805.95,342.91,804.46,344.05
825.84,440.21,825.97,440.99
801.24,346.29,801.26,346.19
804.75,344.02,804.46,344.05
805.95,342.91,804.75,344.02
810.44,364.74,810.37,364.52
805.92,343.19,804.75,344.02
805.95,342.91,805.92,343.19
819.14,360.25,819.10,360.25
797.93,371.68,797.77,371.13
823.08,428.85,823.43,428.90
797.93,371.68,797.60,371.18
803.20,344.94,801.26,346.19
816.06,352.44,812.26,351.10
798.34,372.15,797.77,371.13
831.30,346.84,831.59,347.55
816.06,352.44,816.89,350.99
798.34,372.15,798.42,371.53
799.00,367.27,798.25,367.25
798.08,367.34,798.25,367.25
820.41,389.36,822.10,388.90
797.59,371.02,798.08,367.34
803.65,321.38,799.32,323.48
822.80,320.08,824.55,324.14
794.90,367.25,794.96,367.34
794.47,371.02,794.90,367.25
794.90,367.25,795.64,367.27
795.09,371.38,795.64,367.27
795.09,371.38,794.90,367.25
794.41,370.97,794.90,367.25
793.61,379.24,794.97,372.30
793.05,382.40,794.04,382.40
797.23,380.45,798.32,372.30
793.67,379.22,794.65,371.89
792.90,347.93,792.39,347.02
821.22,341.00,820.38,342.28
818.25,380.59,818.62,380.76
803.23,344.33,829.37,333.40
828.61,331.61,828.55,331.98
796.80,379.22,797.78,371.89
795.07,371.53,795.09,371.38
794.41,370.97,795.07,371.53
794.42,371.13,795.07,371.53
789.99,379.91,790.09,380.06
794.47,371.02,794.41,370.97
794.42,371.13,794.41,370.97
794.47,371.02,794.42,371.13
794.48,371.18,794.42,371.13
794.47,371.02,794.48,371.18
794.48,371.18,794.47,371.02
797.59,371.02,794.48,371.18
829.91,349.89,830.66,350.72
797.60,371.18,794.48,371.18
829.90,349.94,830.61,350.72
797.59,371.02,797.60,371.18
797.76,370.97,797.59,371.02
797.76,370.97,797.60,371.18
797.77,371.13,797.60,371.18
797.76,370.97,797.77,371.13
797.77,371.13,797.76,370.97
798.44,371.38,797.77,371.13
798.42,371.53,797.77,371.13
798.44,371.38,798.42,371.53
816.57,379.23,816.39,379.22
797.94,371.86,798.32,372.30
798.34,372.15,798.32,372.30
797.94,371.86,798.34,372.15
824.29,369.39,824.29,356.32
815.81,342.48,819.01,342.34
796.83,357.62,796.94,358.82
797.93,371.68,798.34,372.15
797.94,371.86,797.93,371.68
816.27,345.00,816.71,344.94
797.93,371.68,797.94,371.86
803.20,344.94,801.26,346.19
797.78,371.89,797.93,371.68
797.76,371.74,797.93,371.68
822.64,343.33,818.46,343.36
794.41,370.97,794.90,367.25
794.65,371.89,797.78,371.89
797.76,371.74,797.78,371.89
821.60,413.77,821.81,413.79
790.68,368.25,790.61,368.25
773.10,384.60,772.15,384.68
794.65,371.89,797.76,371.74
812.82,400.73,811.76,400.73
794.64,371.74,797.76,371.74
790.68,368.25,790.43,368.39
773.10,384.60,772.19,384.41
794.65,371.89,794.64,371.74
795.46,352.83,809.03,351.17
794.59,371.86,794.65,371.89
794.59,371.86,794.64,371.74
794.58,371.68,794.64,371.74
794.59,371.86,794.58,371.68
772.03,382.83,771.69,382.70
805.56,428.37,805.86,428.85
826.43,421.97,826.79,422.01
794.58,371.68,794.59,371.86
811.25,304.21,806.33,304.42
811.90,345.79,811.18,346.92
814.51,342.91,815.45,344.02
794.97,372.30,794.58,371.68
821.55,369.06,821.55,356.62
814.30,343.19,815.45,344.02
794.99,372.15,794.58,371.68
799.00,367.27,798.25,367.25
794.90,367.25,799.00,367.27
795.64,367.27,799.00,367.27
794.90,367.25,795.64,367.27
793.88,380.45,793.53,380.43
796.87,380.43,793.88,380.45
797.23,380.45,793.88,380.45
793.60,380.06,793.60,380.32
823.03,426.38,823.38,426.43
797.93,371.68,797.77,371.13
796.72,380.32,793.60,380.32
796.72,380.06,796.72,380.32
796.72,380.06,793.60,380.06
796.80,379.22,796.72,380.06
793.67,379.22,796.80,379.22
796.72,380.32,793.60,380.32
796.72,380.32,793.53,380.43
767.89,375.16,767.92,374.59
822.17,369.36,822.14,369.36
799.92,355.14,798.91,355.14
824.58,342.48,827.85,342.34
793.60,380.32,793.53,380.43
793.60,380.06,793.60,380.32
809.91,304.47,805.50,305.10
831.74,332.34,831.34,332.71
816.53,347.09,816.29,348.05
796.87,380.43,796.72,380.32
796.88,380.07,796.87,380.43
798.58,343.36,798.60,343.51
793.61,379.24,793.54,380.07
793.60,380.06,793.54,380.07
793.61,379.24,793.60,380.06
793.67,379.22,793.60,380.06
793.61,379.24,793.67,379.22
796.80,379.22,796.72,380.06
796.80,379.22,796.88,380.07
796.80,379.22,796.95,379.24
794.96,367.34,798.08,367.34
794.96,367.34,798.25,367.25
809.53,326.60,809.54,335.94
794.90,367.25,798.25,367.25
794.96,367.34,794.90,367.25
830.66,350.72,831.28,351.17
816.88,381.00,817.52,381.52
817.52,381.52,817.39,380.96
816.88,381.00,817.35,380.34
817.35,380.34,817.39,380.96
817.73,381.97,817.52,381.52
792.07,377.24,791.74,377.19
816.84,380.33,817.39,379.72
817.39,379.72,817.35,380.34
817.52,382.40,817.73,381.97
817.99,382.27,817.73,381.97
816.88,379.68,817.52,379.17
817.52,379.17,817.39,379.72
814.02,344.73,803.33,345.32
802.23,369.14,824.76,369.67
817.82,382.53,817.99,382.27
829.50,345.12,828.70,346.37
818.27,382.39,817.99,382.27
817.02,379.09,817.52,379.17
820.29,339.25,819.71,338.90
765.07,377.47,765.21,377.98
817.73,378.74,817.52,379.17
817.82,382.53,818.27,382.39
823.34,395.79,823.47,395.81
818.13,382.44,818.27,382.39
818.56,382.30,818.27,382.39
826.82,358.27,826.94,358.21
817.24,378.63,817.99,378.47
817.99,378.47,817.73,378.74
818.82,382.03,818.56,382.30
797.47,355.53,797.59,355.26
818.27,378.38,817.99,378.47
818.63,381.69,818.82,382.03
797.56,355.54,797.66,355.31
819.02,381.60,818.82,382.03
818.63,381.69,819.16,381.05
818.63,381.69,819.02,381.60
818.82,378.79,818.56,378.49
810.70,340.29,809.59,341.04
818.77,381.10,819.16,381.05
818.82,380.44,819.16,381.05
819.20,380.43,819.16,381.05
818.63,379.16,818.82,378.79
819.02,379.24,818.82,378.79
818.82,380.44,819.20,380.43
796.72,380.06,796.72,380.32
819.16,379.81,819.20,380.43
808.30,413.15,807.99,412.65
796.72,380.06,796.87,380.43
819.16,379.81,819.02,379.24
816.53,347.09,816.76,348.07
806.03,423.32,805.91,424.07
817.99,378.47,818.27,378.38
817.99,378.47,818.72,379.00
818.56,378.49,818.27,378.38
789.20,380.38,789.48,380.59
804.46,344.05,813.50,344.14
815.60,346.78,815.78,347.16
818.92,379.07,818.27,378.38
805.57,426.92,806.25,426.43
801.24,346.29,800.21,347.09
815.45,302.17,815.40,302.30
804.75,344.02,803.28,345.00
818.72,379.00,818.27,378.38
771.93,376.56,772.15,377.96
789.20,380.38,789.64,380.73
818.92,379.07,818.72,379.00
820.15,362.29,820.61,363.20
818.82,378.79,818.56,378.49
818.92,379.07,818.56,378.49
819.10,379.28,818.92,379.07
811.08,341.46,810.57,342.71
817.35,380.34,818.11,379.93
818.08,380.35,818.11,379.93
826.81,332.04,826.54,332.55
811.18,346.92,810.86,347.68
817.73,378.74,818.52,379.05
818.20,379.54,818.11,379.93
793.88,380.45,793.61,379.24
817.52,379.17,818.20,379.54
806.30,304.17,806.51,302.94
816.71,344.94,816.96,346.19
818.34,379.24,818.20,379.54
817.52,379.17,818.34,379.24
817.73,378.74,818.34,379.24
803.00,391.44,804.23,390.67
819.02,379.24,818.82,378.79
818.72,379.00,818.52,379.05
819.24,379.59,818.82,378.79
819.14,365.40,819.10,365.40
780.85,374.10,780.98,374.63
797.76,371.74,797.60,371.18
819.10,379.28,818.82,378.79
819.24,379.59,819.10,379.28
819.16,379.81,819.02,379.24
819.24,379.59,819.02,379.24
807.86,369.49,806.29,370.45
819.33,379.99,819.24,379.59
818.11,379.93,818.08,380.35
819.36,380.42,819.16,379.81
807.86,369.49,806.55,370.81
819.33,379.99,819.16,379.81
819.33,380.85,819.36,380.42
819.02,381.60,819.16,381.05
819.24,381.23,819.33,380.85
818.82,382.03,819.02,381.60
819.24,381.23,819.02,381.60
819.10,381.53,819.24,381.23
818.56,382.30,818.82,382.03
819.10,381.53,818.82,382.03
815.57,345.65,814.87,346.82
818.92,381.72,819.10,381.53
806.71,384.18,808.14,370.68
817.09,380.73,817.76,380.76
818.27,382.39,818.56,382.30
814.87,346.82,814.55,347.58
818.72,381.77,818.92,381.72
818.72,381.77,818.56,382.30
818.92,381.72,818.56,382.30
817.91,380.73,818.62,380.76
814.87,346.82,815.40,347.55
818.72,381.77,818.92,381.72
817.99,382.27,818.27,382.39
818.34,381.49,818.52,381.70
818.52,381.70,818.27,382.39
818.72,381.77,818.27,382.39
818.52,381.70,818.72,381.77
817.73,381.97,817.99,382.27
818.52,381.70,817.99,382.27
818.34,381.49,818.52,381.70
817.39,380.96,818.08,380.35
820.15,362.29,820.39,363.24
807.49,440.05,807.80,439.62
817.52,381.52,817.73,381.97
798.97,369.08,799.59,369.20
830.58,355.74,830.29,355.45
817.52,381.52,818.20,381.17
804.81,423.18,804.93,422.43
817.73,378.74,817.99,378.47
818.11,380.78,818.20,381.17
817.52,381.52,818.11,380.78
804.92,423.95,804.81,423.18
817.52,379.17,817.39,379.72
797.53,370.24,797.30,370.33
817.39,380.96,818.11,380.78
817.52,381.52,817.39,380.96
830.00,360.92,830.63,362.66
810.81,439.83,810.69,440.59
817.02,381.60,815.90,381.00
816.04,381.60,815.90,381.00
830.00,360.92,830.44,362.76
817.02,381.60,816.04,381.60
816.84,380.33,815.85,380.33
816.88,381.00,815.85,380.33
815.90,381.00,815.85,380.33
816.88,381.00,815.90,381.00
817.24,382.08,817.02,381.60
812.00,345.83,811.28,346.95
816.04,381.60,817.02,381.60
826.74,362.63,826.61,362.37
817.24,382.08,816.04,381.60
811.90,345.79,811.18,346.92
816.25,382.08,816.04,381.60
826.74,362.63,826.92,362.74
817.24,382.08,816.25,382.08
816.88,379.68,816.84,380.33
816.84,380.33,815.90,379.68
816.84,380.33,815.85,380.33
815.42,347.73,812.12,347.83
797.76,370.97,798.25,367.25
817.52,382.40,817.24,382.08
816.25,382.08,817.24,382.08
797.76,370.97,799.00,367.27
807.53,435.25,807.84,435.77
817.52,382.40,816.25,382.08
808.77,353.76,808.76,353.81
816.29,348.05,816.65,348.24
828.99,387.35,828.86,387.17
797.76,370.97,798.08,367.34
816.88,379.68,816.04,379.09
816.88,379.68,815.90,379.68
816.53,382.40,817.52,382.40
816.83,382.53,816.53,382.40
817.24,378.63,817.02,379.09
795.12,350.15,796.75,349.15
811.18,346.92,810.86,347.68
817.02,379.09,816.25,378.63
816.04,379.09,816.25,378.63
808.60,440.99,808.48,441.74
818.34,381.49,817.99,382.27
817.02,379.09,816.04,379.09
817.04,350.20,817.98,351.45
826.26,356.21,826.15,355.79
808.18,439.68,808.49,440.21
818.11,380.78,818.08,380.35
816.83,382.53,817.82,382.53
807.80,439.62,808.18,439.68
817.39,380.96,817.35,380.34
817.14,382.44,816.83,382.53
813.68,310.51,818.85,318.84
816.25,378.63,816.53,378.33
818.41,382.15,818.13,382.44
817.82,378.24,817.52,378.33
817.52,378.33,816.83,378.24
816.53,378.33,816.83,378.24
817.52,378.33,816.53,378.33
817.82,378.24,817.14,378.36
816.83,378.24,817.14,378.36
817.82,378.24,816.83,378.24
818.77,381.10,818.63,381.69
817.63,381.69,818.63,381.69
831.30,346.84,831.59,347.55
809.08,429.62,809.39,430.14
818.77,381.10,817.63,381.69
813.02,344.71,812.00,345.83
817.78,381.10,817.63,381.69
828.32,367.46,829.78,360.92
798.44,371.38,799.00,367.27
818.77,381.10,817.78,381.10
818.13,378.36,817.42,378.68
811.01,324.35,810.84,324.41
802.64,362.08,802.79,361.74
817.14,378.36,817.42,378.68
823.63,402.62,824.33,402.90
815.85,381.59,812.79,385.73
818.13,378.36,817.14,378.36
818.82,380.44,818.77,381.10
824.44,400.76,824.02,401.20
829.02,347.87,828.35,348.91
818.82,380.44,817.78,381.10
817.82,380.44,817.78,381.10
818.82,380.44,817.82,380.44
818.41,378.68,817.63,379.16
738.11,349.44,741.55,348.89
789.01,379.24,789.02,379.84
817.42,378.68,817.63,379.16
772.71,383.29,773.50,382.26
817.82,380.44,818.82,380.44
818.13,382.44,817.82,382.53
818.77,379.77,817.82,380.44
826.39,344.14,826.97,344.66
815.01,329.84,815.78,331.42
817.78,379.77,817.82,380.44
768.34,369.81,772.72,381.95
826.38,344.19,826.95,344.71
809.04,434.44,809.35,434.01
818.13,382.44,816.83,382.53
818.77,379.77,817.78,379.77
818.63,379.16,817.78,379.77
818.63,379.16,817.63,379.16
830.80,362.01,830.80,356.14
825.27,416.27,825.37,415.51
830.80,362.01,830.00,356.15
830.00,360.92,830.00,356.15
814.41,333.79,814.63,333.26
808.57,435.22,808.91,435.19
827.35,360.91,827.35,356.17
826.56,361.99,827.35,356.17
768.78,373.64,768.95,374.10
826.56,361.99,826.56,356.18
780.08,366.13,781.20,367.99
824.88,324.43,828.04,324.16
827.35,360.91,830.00,360.92
799.42,399.42,801.04,399.29
823.18,355.18,825.56,355.18
823.17,362.48,826.32,362.48
826.26,362.01,826.32,362.48
826.26,362.01,823.17,362.48
810.32,302.38,810.38,302.17
823.11,362.01,823.17,362.48
826.32,362.48,826.48,362.82
826.70,362.95,826.48,362.82
823.33,362.82,826.48,362.82
823.55,362.95,823.33,362.82
812.11,347.65,812.12,347.83
827.29,362.85,830.47,362.85
830.47,362.85,830.63,362.51
818.13,378.36,817.82,378.24
827.45,362.51,830.47,362.85
830.64,345.79,831.30,346.84
827.29,362.85,830.47,362.85
827.45,362.51,830.63,362.51
817.82,380.43,820.63,380.77
826.43,355.68,826.56,356.18
827.35,356.17,826.56,356.18
805.44,325.32,807.20,324.14
826.85,355.30,826.43,355.68
805.44,325.32,807.52,324.43
794.78,362.37,794.73,361.99
826.85,355.30,827.22,355.67
835.03,365.49,828.86,365.32
799.05,348.24,811.54,348.91
826.35,355.17,826.06,355.31
829.87,355.64,830.00,356.15
830.80,356.14,830.00,356.15
830.67,355.63,830.80,356.14
829.50,355.27,829.87,355.64
830.30,355.26,830.67,355.63
812.58,363.75,811.86,365.51
817.43,379.21,817.76,379.84
828.99,355.14,829.50,355.27
813.86,363.76,811.86,365.51
817.75,379.24,817.76,379.84
829.79,355.13,829.50,355.27
794.58,371.68,794.42,371.13
830.30,355.26,829.50,355.27
823.55,362.95,826.70,362.95
829.89,360.92,828.88,365.41
827.97,345.83,827.88,346.96
827.07,362.97,823.55,362.95
829.79,355.13,828.99,355.14
826.32,362.48,826.74,362.63
830.75,362.40,830.47,362.85
830.63,362.51,830.47,362.85
826.92,362.74,826.74,362.63
810.64,302.29,810.74,302.25
816.83,371.30,819.12,356.20
826.48,362.82,826.74,362.63
826.70,362.95,826.48,362.82
826.70,362.95,826.92,362.74
830.25,362.97,830.63,362.66
802.03,394.84,801.21,395.86
830.25,362.97,830.44,362.76
826.26,362.01,826.32,362.48
826.61,362.37,826.32,362.48
797.22,357.40,797.07,357.54
826.26,362.01,826.61,362.37
791.47,366.89,791.22,367.13
815.35,354.02,825.42,352.26
826.56,361.99,826.61,362.37
815.38,396.48,798.18,396.48
830.63,362.51,830.75,362.40
799.05,348.24,799.33,349.25
822.96,448.64,821.93,449.08
776.07,384.53,776.71,384.72
830.69,362.04,830.63,362.51
824.36,337.57,828.88,337.32
826.26,356.21,826.26,362.01
826.56,361.99,826.26,362.01
826.26,356.21,826.56,361.99
824.59,373.72,823.18,383.80
792.75,377.92,792.80,378.25
826.56,356.18,826.56,361.99
826.15,355.79,826.26,356.21
826.56,356.18,826.26,356.21
826.43,355.68,826.56,356.18
825.86,355.50,826.15,355.79
781.66,377.71,781.98,377.77
810.88,347.87,811.54,348.91
818.09,335.51,818.09,330.57
818.63,379.16,817.63,379.16
826.43,355.68,826.15,355.79
826.06,355.31,826.43,355.68
810.97,347.69,810.99,347.84
830.80,356.14,830.69,362.04
802.21,369.38,824.58,369.85
830.69,356.16,830.69,362.04
830.67,355.63,830.80,356.14
776.00,385.04,774.71,384.95
810.86,347.68,810.88,347.87
830.69,356.16,830.80,356.14
830.67,355.63,830.69,356.16
830.58,355.74,830.69,356.16
793.67,379.22,794.59,371.86
830.58,355.74,830.67,355.63
830.29,355.45,830.58,355.74
829.79,355.13,830.30,355.26
825.44,355.38,825.86,355.50
816.35,345.79,815.69,346.84
825.44,355.38,826.06,355.31
829.98,357.08,829.92,357.40
812.39,346.96,812.11,347.65
825.56,355.18,826.06,355.31
812.39,346.96,815.40,347.55
825.56,355.18,825.44,355.38
789.99,380.32,790.01,380.55
802.08,401.32,801.73,400.70
823.11,355.38,823.18,355.18
829.79,355.13,830.30,355.26
830.29,355.45,830.30,355.26
829.79,355.13,830.29,355.45
829.86,355.34,830.29,355.45
829.86,355.34,829.79,355.13
827.44,355.13,829.86,355.34
827.51,355.34,829.86,355.34
828.16,347.65,828.14,347.83
827.44,355.13,827.51,355.34
830.75,362.40,830.63,362.66
827.98,355.14,825.35,355.17
823.18,355.18,827.98,355.14
827.44,355.13,827.98,355.14
823.18,355.18,827.44,355.13
825.35,360.91,827.98,360.92
830.00,360.92,825.35,360.91
830.00,360.92,827.35,360.91
827.98,360.92,825.35,360.91
825.35,355.17,827.98,360.92
827.98,355.14,827.98,360.92
825.35,355.17,827.98,355.14
829.76,357.54,828.19,357.52
824.21,437.15,824.51,437.67
829.48,355.16,829.87,355.27
830.08,355.26,830.19,355.53
827.50,355.18,827.88,355.29
818.70,324.15,818.87,323.78
827.50,355.18,827.68,355.29
808.31,320.41,808.11,319.69
827.79,355.56,827.88,355.29
827.68,355.29,827.88,355.29
808.31,320.41,807.51,319.70
827.79,355.56,827.68,355.29
828.67,424.39,828.33,424.05
827.55,357.09,828.02,357.37
827.97,357.09,828.02,357.37
824.62,406.11,827.29,420.72
828.15,357.49,827.60,357.37
828.02,357.37,827.60,357.37
780.00,383.56,780.98,382.73
779.15,385.26,778.16,385.34
829.48,357.07,829.43,357.36
829.89,357.07,829.43,357.36
735.27,368.07,735.03,364.43
828.15,357.49,827.74,357.49
829.29,357.48,828.15,357.49
826.61,362.37,826.74,362.63
829.29,357.48,829.71,357.48
829.48,355.21,829.48,355.16
831.16,340.53,830.63,341.84
829.87,355.27,829.48,355.21
816.33,344.44,801.66,342.68
819.48,381.04,819.20,382.24
829.48,355.16,829.48,355.21
800.65,335.50,801.03,333.79
820.78,389.51,819.41,389.10
827.55,355.23,829.48,355.16
813.06,385.75,826.09,386.64
818.79,380.66,818.58,381.54
827.50,355.18,829.48,355.16
808.14,370.68,807.78,370.74
812.00,345.83,811.28,346.95
827.55,355.23,827.50,355.18
827.97,355.57,827.87,355.33
827.88,355.29,827.87,355.33
827.97,355.57,827.88,355.29
827.99,355.56,827.88,355.29
827.97,357.09,827.97,355.57
827.99,355.56,827.97,355.57
827.99,357.10,827.99,355.56
795.27,366.46,795.45,366.22
827.99,357.10,827.97,357.09
828.02,357.37,827.99,357.10
828.05,357.40,828.02,357.37
828.15,357.49,828.05,357.40
828.19,357.52,828.05,357.40
829.71,357.48,828.15,357.49
794.15,366.09,795.45,366.22
828.19,357.52,828.15,357.49
829.76,357.54,828.19,357.52
829.92,357.40,829.76,357.54
801.54,324.33,801.68,324.48
829.76,357.54,829.71,357.48
815.57,345.65,814.84,346.79
829.98,355.53,829.87,355.27
829.81,355.31,829.87,355.27
829.98,357.08,829.98,355.53
796.83,337.26,794.98,336.00
829.91,355.54,829.98,355.53
828.64,353.78,828.69,353.71
829.89,357.07,829.91,355.54
829.92,357.40,829.85,357.36
829.89,357.07,829.92,357.40
829.89,357.07,829.98,357.08
825.94,355.24,827.28,355.24
827.70,360.71,825.87,360.71
829.74,355.21,828.39,355.21
825.94,355.18,828.33,355.15
828.23,355.30,828.33,355.15
825.84,355.33,828.23,355.30
829.48,355.16,827.50,355.18
829.48,355.16,825.94,355.18
828.33,355.15,825.94,355.18
830.16,355.54,830.16,360.72
828.32,360.72,830.16,360.72
830.16,355.54,828.32,360.72
828.23,355.30,828.23,360.78
828.57,340.99,829.08,342.28
825.84,360.77,828.23,360.78
801.63,401.14,802.08,401.32
828.42,341.00,828.94,342.28
825.84,355.33,825.84,360.77
828.23,355.30,825.84,355.33
825.84,360.77,827.73,360.77
794.47,346.53,794.37,346.42
829.91,340.94,830.43,342.22
830.13,360.78,825.84,360.77
828.23,360.78,825.84,360.77
830.13,360.78,828.23,360.78
829.74,355.21,828.39,355.21
828.33,355.15,828.39,355.21
829.74,355.21,828.33,355.15
829.85,357.36,829.71,357.48
829.72,355.15,828.33,355.15
829.85,357.36,829.76,357.54
829.72,355.15,829.74,355.21
828.77,442.72,829.15,442.05
827.68,355.29,827.32,355.18
827.28,355.24,827.32,355.18
814.84,346.79,814.51,347.57
770.90,382.63,770.26,382.48
830.16,355.54,830.08,355.26
828.32,355.32,828.23,355.30
828.32,360.72,828.32,355.32
828.23,360.78,828.32,360.72
825.94,355.18,825.94,355.24
825.84,355.33,825.87,355.35
825.87,360.71,825.84,360.77
827.79,355.56,827.68,355.29
827.79,355.56,827.60,355.34
827.70,355.57,827.60,355.34
827.70,355.57,827.79,355.56
777.12,383.58,778.56,382.82
827.70,360.71,827.70,355.57
770.17,382.90,769.88,382.59
827.70,360.71,825.87,360.71
770.17,382.90,770.26,382.48
827.70,360.71,825.84,360.77
822.38,340.95,830.11,342.23
780.60,377.85,780.47,378.22
830.19,360.72,827.73,360.77
829.59,340.95,830.11,342.23
830.13,360.78,827.73,360.77
801.34,361.88,801.49,361.55
780.60,377.85,780.62,378.19
830.19,360.72,830.13,360.78
822.23,340.94,821.85,342.23
828.32,360.72,828.23,360.78
826.95,344.71,827.97,345.83
830.13,360.78,828.32,360.72
830.16,360.72,828.32,360.72
830.19,360.72,830.19,355.53
830.16,360.72,830.19,360.72
824.40,405.15,824.92,405.53
827.60,357.37,827.74,357.49
829.48,357.07,827.55,355.23
827.55,357.09,827.55,355.23
775.86,385.16,778.16,385.34
829.48,357.07,829.43,357.36
781.00,377.49,780.77,377.69
827.55,357.09,829.48,357.07
795.06,362.74,798.31,362.76
798.06,355.18,795.73,355.18
795.05,362.82,798.20,362.82
811.76,336.83,828.75,337.38
823.05,365.91,830.92,364.63
795.26,362.95,795.05,362.82
798.53,362.97,798.74,362.85
818.64,324.61,818.84,323.82
801.92,362.85,798.74,362.85
802.07,362.51,798.89,362.51
813.16,360.00,813.01,361.92
802.13,362.04,802.07,362.51
812.69,360.00,812.55,361.83
798.95,362.04,798.89,362.51
795.96,355.30,795.60,355.67
819.82,381.12,819.52,382.38
828.32,355.32,828.39,355.21
791.01,380.71,790.32,380.65
794.87,355.68,795.60,355.67
814.48,327.90,814.06,327.73
795.23,355.31,794.87,355.68
814.48,327.90,801.87,327.73
795.23,355.31,795.96,355.30
796.46,355.17,795.23,355.31
795.73,355.18,795.23,355.31
815.51,341.60,816.01,342.83
825.94,355.18,827.32,355.18
796.46,355.17,795.73,355.18
808.39,341.59,808.03,342.83
798.78,355.63,797.90,356.15
798.91,355.14,798.41,355.27
779.81,382.73,779.98,382.48
798.41,362.95,801.71,362.97
779.62,382.30,780.23,378.17
798.53,362.97,795.26,362.95
767.92,374.59,767.78,374.58
802.06,355.13,799.65,355.13
767.89,375.16,767.78,374.58
799.92,355.14,799.65,355.13
816.30,380.90,816.14,381.56
794.90,362.48,794.89,362.63
798.60,362.40,798.48,362.66
795.06,362.74,795.26,362.95
798.48,362.66,798.31,362.76
798.53,362.97,798.48,362.66
798.74,362.85,798.48,362.66
798.53,362.97,798.74,362.85
778.62,383.67,779.81,382.73
794.90,362.48,794.78,362.37
779.41,382.63,779.62,382.30
798.60,362.40,798.89,362.51
796.87,349.22,797.62,352.04
798.64,362.01,798.60,362.40
794.73,356.18,794.73,361.99
781.19,382.39,781.80,378.25
794.85,362.01,794.73,361.99
830.19,360.72,830.19,355.53
794.85,356.21,794.85,362.01
794.87,355.68,794.73,356.18
794.85,356.21,794.73,356.18
794.96,355.79,794.85,356.21
779.29,377.61,780.62,378.19
828.23,426.13,827.97,424.79
795.23,355.31,794.87,355.68
794.96,355.79,794.87,355.68
798.64,356.14,798.64,362.01
799.06,355.74,798.95,356.16
798.64,356.14,798.95,356.16
798.78,355.63,798.64,356.14
786.58,357.84,786.41,360.00
799.35,355.45,799.06,355.74
798.78,355.63,799.06,355.74
786.25,360.00,786.42,362.17
799.15,355.26,798.78,355.63
795.67,355.38,795.23,355.31
799.65,355.13,798.41,355.27
779.22,385.02,778.26,385.10
778.44,383.46,779.41,382.63
826.18,372.38,824.38,372.10
795.25,355.50,795.23,355.31
781.46,382.83,781.62,382.58
795.67,355.38,795.25,355.50
795.73,355.18,798.06,355.18
831.01,340.53,830.48,341.84
798.00,355.38,795.73,355.18
831.01,340.53,830.63,341.84
798.00,355.38,795.67,355.38
799.65,355.13,799.35,355.45
799.15,355.26,799.35,355.45
799.65,355.13,799.15,355.26
799.78,355.34,802.13,355.34
799.92,355.14,802.06,355.13
798.06,355.18,799.92,355.14
798.06,355.18,797.47,355.17
799.92,360.92,799.92,355.14
797.47,355.17,799.92,360.92
797.47,355.17,797.47,360.91
825.19,437.16,825.54,436.45
795.45,357.10,795.26,355.56
795.45,357.10,795.45,355.56
795.26,360.71,797.07,357.54
825.54,436.45,825.38,435.74
797.47,360.72,797.28,355.53
783.18,371.27,783.52,371.42
818.23,324.64,818.70,325.13
797.77,355.16,797.39,355.27
797.95,355.15,797.59,355.26
797.59,355.26,797.39,355.27
797.28,355.53,797.59,355.26
797.28,355.53,797.47,355.53
795.26,355.56,795.56,355.29
795.26,355.56,795.45,355.56
776.07,384.53,776.08,384.80
795.94,357.09,796.00,357.37
796.00,357.37,795.58,357.37
795.71,357.49,796.00,357.37
797.14,357.48,797.26,357.36
797.33,357.07,797.26,357.36
797.68,357.36,797.26,357.36
827.68,435.32,827.62,435.77
816.26,378.64,816.53,378.35
797.33,357.07,797.68,357.36
797.73,357.07,797.68,357.36
797.55,357.48,795.71,357.49
808.10,351.97,808.13,354.24
794.90,362.48,795.05,362.82
797.55,357.48,796.12,357.49
797.39,355.27,797.73,355.21
799.29,396.68,800.02,393.46
797.77,355.16,797.73,355.21
797.77,355.16,795.95,355.18
795.94,355.23,797.77,355.16
795.94,355.23,797.73,355.21
795.56,355.29,795.95,355.18
795.94,355.23,795.95,355.18
795.62,355.33,795.94,355.23
795.45,355.56,795.56,355.29
796.87,349.22,798.94,351.23
798.64,362.01,798.89,362.51
795.62,355.33,795.56,355.29
795.45,357.10,795.45,355.56
795.52,357.09,795.52,355.57
795.50,357.40,795.45,357.10
795.52,357.09,795.45,357.10
795.58,357.37,795.52,357.09
795.63,357.52,795.50,357.40
827.81,426.03,827.97,424.79
795.25,355.50,794.87,355.68
795.58,357.37,795.50,357.40
795.71,357.49,795.58,357.37
797.14,357.48,795.63,357.52
795.71,357.49,795.63,357.52
797.07,357.54,797.14,357.48
797.26,357.36,797.14,357.48
784.60,369.05,786.09,369.96
797.22,357.40,797.07,357.54
797.31,355.54,797.41,355.31
797.28,355.53,797.39,355.27
797.33,357.07,797.31,355.54
809.86,363.13,809.48,363.13
827.98,355.14,829.79,355.13
797.28,357.08,797.31,355.54
797.28,355.53,797.31,355.54
811.47,424.05,811.28,424.38
795.71,357.49,795.58,357.37
833.61,376.45,829.90,376.31
797.28,357.08,797.28,355.53
816.80,396.72,817.65,393.46
812.98,423.32,811.47,424.05
796.12,357.49,796.00,357.37
797.22,357.40,797.28,357.08
797.33,357.07,797.22,357.40
812.83,423.62,812.98,423.32
797.55,357.48,797.26,357.36
797.26,357.36,797.22,357.40
797.33,357.07,797.26,357.36
797.13,355.35,797.05,355.24
795.39,355.34,797.05,355.24
795.71,355.24,797.05,355.24
795.39,355.34,795.71,355.24
808.55,341.09,808.81,339.26
795.29,360.71,797.13,360.71
799.41,355.32,799.33,355.21
800.13,394.21,800.59,393.47
799.41,355.32,797.98,355.21
771.63,384.50,770.69,384.58
797.66,355.31,797.98,355.21
799.44,355.30,797.21,355.33
797.11,355.18,799.44,355.30
799.33,355.15,799.44,355.30
820.67,440.91,829.18,440.91
799.33,355.15,797.11,355.18
797.77,355.16,797.11,355.18
797.77,355.16,795.95,355.18
799.41,355.32,799.41,360.72
797.56,355.54,799.41,360.72
797.56,360.72,799.41,360.72
797.56,355.54,797.56,360.72
797.21,360.77,797.21,355.33
799.44,355.30,797.21,360.77
799.44,360.78,797.21,360.77
799.44,355.30,799.44,360.78
797.21,360.77,799.44,360.78
814.54,340.84,814.77,341.33
795.32,360.77,797.21,360.77
799.41,355.32,799.33,355.21
799.44,355.30,799.33,355.21
799.44,355.30,799.33,355.15
824.15,341.21,824.67,342.47
770.90,382.63,770.69,382.30
830.16,355.54,830.06,355.31
797.95,355.15,799.33,355.15
797.98,355.21,799.33,355.15
799.33,355.21,799.33,355.15
770.42,382.73,770.26,382.48
817.22,344.04,817.18,343.99
830.19,355.53,830.08,355.26
797.98,355.21,799.33,355.21
797.59,355.26,797.95,355.15
814.87,346.82,814.55,347.58
792.67,351.71,791.47,353.11
797.98,355.21,797.95,355.15
797.66,355.31,797.98,355.21
795.39,355.34,795.71,355.24
795.73,355.18,795.71,355.24
795.37,355.29,795.73,355.18
800.71,393.57,801.35,393.37
816.58,341.21,817.56,342.41
797.66,355.31,797.59,355.26
799.44,360.78,799.41,360.72
799.41,355.32,799.41,360.72
830.61,350.72,829.60,350.45
783.39,360.00,784.29,361.98
799.44,355.30,799.41,355.32
797.05,355.24,797.11,355.18
783.45,364.25,784.28,366.24
797.13,355.35,797.05,355.24
816.66,333.47,816.31,333.41
797.13,360.71,797.21,355.33
801.71,362.97,801.92,362.85
816.66,333.47,816.26,333.05
797.13,360.71,797.13,355.35
801.22,328.39,801.22,333.12
795.29,355.57,795.39,355.34
795.37,355.29,795.39,355.34
795.26,360.71,795.29,360.71
795.29,355.57,795.29,360.71
798.19,343.08,797.40,342.83
795.32,360.77,797.21,360.77
798.55,343.45,798.19,343.08
795.29,360.71,797.13,360.71
795.32,360.77,797.53,360.78
801.38,346.90,803.37,347.73
797.47,360.72,795.32,360.77
795.26,360.71,795.32,360.77
797.47,360.72,795.26,360.71
800.17,366.64,797.49,368.79
797.53,360.78,799.41,360.72
823.84,341.21,824.35,342.48
799.44,360.78,799.41,360.72
797.53,360.78,799.44,360.78
781.62,383.66,782.99,382.93
806.24,350.28,807.64,351.98
797.56,360.72,797.47,355.53
826.45,402.49,826.11,403.69
816.58,341.21,816.21,342.48
822.11,394.01,822.72,393.83
797.66,355.31,797.95,355.15
806.25,350.35,807.64,351.98
797.56,355.54,797.47,355.53
825.69,341.12,826.20,342.41
797.56,360.72,797.56,355.54
797.68,357.36,797.55,357.48
796.00,357.37,797.55,357.48
796.12,357.49,797.55,357.48
817.24,382.08,817.52,381.52
822.18,402.09,822.76,398.08
796.00,357.37,796.12,357.49
795.94,357.09,795.94,355.23
797.73,357.07,795.94,355.23
797.73,355.21,795.94,355.23
797.73,357.07,797.73,355.21
796.00,357.37,797.73,357.07
797.68,357.36,797.73,357.07
828.64,353.78,827.67,357.87
827.72,358.06,829.66,358.06
810.67,425.67,810.70,427.09
827.72,358.06,829.72,357.86
815.35,337.35,814.74,340.90
770.21,384.40,769.27,384.48
827.67,357.87,829.72,357.86
822.90,351.93,823.00,351.80
826.57,339.84,826.75,340.46
821.13,355.40,821.09,355.45
821.07,355.55,821.13,355.40
829.73,369.71,830.10,371.27
818.41,382.15,818.82,382.03
821.16,355.52,821.20,355.31
821.16,355.52,829.22,355.31
805.46,393.88,804.57,395.19
751.12,360.00,748.31,362.33
817.52,378.33,818.27,378.38
806.57,329.18,806.72,329.84
829.18,355.52,829.22,355.31
819.83,353.27,820.27,353.52
821.16,356.15,823.91,356.05
821.30,355.22,821.20,355.31
824.15,353.27,820.27,353.52
769.09,374.62,768.74,375.46
786.33,347.86,738.11,349.44
829.32,355.22,821.20,355.31
787.76,353.70,787.91,353.73
829.22,355.31,821.20,355.31
822.80,351.87,822.97,351.64
822.26,418.17,822.38,418.94
837.19,351.58,822.97,351.64
771.08,377.76,770.85,377.54
771.55,384.06,772.68,384.43
819.30,376.83,819.30,379.59
820.49,334.35,821.02,333.18
828.03,353.20,828.12,353.31
818.02,389.00,817.50,389.34
837.37,351.34,822.97,351.64
791.77,376.69,791.26,376.77
828.16,347.65,828.14,347.83
823.37,351.52,822.97,351.64
837.62,351.22,823.37,351.52
822.80,351.87,822.80,354.49
824.86,341.77,825.00,341.13
828.03,353.20,822.80,354.49
828.03,353.20,827.94,353.32
813.03,358.10,813.18,360.00
822.71,359.36,826.82,358.06
796.83,337.26,797.98,333.57
822.71,359.36,836.70,359.33
812.58,356.25,813.03,358.10
829.24,358.05,828.12,353.31
818.52,337.42,818.66,335.51
802.49,321.15,802.49,320.32
822.80,354.49,827.94,353.32
801.81,356.54,802.22,358.25
822.80,354.49,826.82,358.06
828.21,368.22,828.64,366.32
806.85,437.20,807.14,437.67
822.68,355.12,826.82,358.06
828.21,368.22,834.98,366.42
822.68,355.12,822.80,354.49
829.18,359.36,821.16,359.36
821.16,355.52,829.18,359.36
829.18,355.52,829.18,359.36
797.05,355.24,795.71,355.24
821.16,355.52,829.18,355.52
829.27,359.54,830.95,359.54
830.69,356.16,827.51,362.04
821.25,359.54,830.95,359.54
821.25,359.54,822.90,359.54
829.32,355.22,821.30,355.22
830.59,355.20,829.32,355.22
750.53,353.47,747.78,351.14
767.40,383.16,766.08,383.07
836.90,359.53,822.90,359.54
766.08,383.07,767.30,383.77
822.90,359.54,830.95,359.54
822.55,355.20,830.59,355.20
830.84,354.98,822.55,355.20
822.80,354.98,830.84,354.98
830.95,354.45,830.84,354.98
830.95,354.45,822.80,354.98
808.13,354.24,808.89,356.08
822.90,354.45,822.80,354.98
821.13,355.40,821.20,355.31
821.25,359.54,829.27,359.54
829.18,359.36,829.27,359.54
821.25,359.54,829.18,359.36
821.16,359.36,829.18,359.36
821.25,359.54,821.16,359.36
821.16,359.36,821.16,355.52
822.55,355.20,821.30,355.22
821.07,355.55,821.16,355.52
821.16,359.36,821.07,355.55
815.86,380.34,815.90,380.99
821.07,359.36,821.07,355.55
821.16,359.36,821.07,359.36
821.07,359.36,821.25,359.54
822.71,359.36,821.07,359.36
817.18,343.99,821.07,344.33
821.30,355.22,821.13,355.40
822.55,355.20,821.30,355.22
822.71,359.36,822.90,359.54
836.90,359.53,822.71,359.36
836.70,359.33,822.71,359.36
822.80,354.98,822.55,355.20
822.80,354.49,822.68,355.12
822.10,388.90,828.66,389.37
822.80,354.98,822.68,355.12
822.80,354.49,822.80,354.98
822.90,354.45,822.80,351.87
822.80,354.49,822.80,351.87
827.49,349.44,826.26,350.78
822.90,354.45,822.80,354.49
823.37,351.52,822.97,351.64
823.00,351.80,822.97,351.64
823.37,351.52,823.00,351.80
823.31,351.71,823.00,351.80
823.31,351.71,823.37,351.52
831.04,351.52,823.31,351.71
831.04,351.52,830.95,351.71
827.67,358.00,827.67,357.87
826.94,358.06,827.67,358.00
826.94,358.21,827.67,358.00
826.94,358.06,826.94,358.21
821.07,355.55,821.09,355.45
826.94,358.21,827.72,358.06
821.16,355.52,821.09,355.45
802.82,398.08,803.96,401.60
823.00,351.80,822.90,351.93
827.00,358.28,827.72,358.06
826.94,358.21,827.00,358.28
829.66,358.06,827.72,358.06
827.00,358.28,829.66,358.06
829.21,358.27,829.66,358.06
827.00,358.28,829.21,358.27
828.64,353.78,828.69,353.71
790.87,372.27,795.84,373.20
828.10,353.31,828.64,353.78
828.10,353.31,828.04,353.39
828.04,353.39,828.64,353.78
817.24,378.63,817.52,379.17
828.04,353.39,827.67,357.87
826.94,358.06,827.67,357.87
828.04,353.39,826.94,358.06
829.21,358.27,829.66,358.06
829.72,357.99,829.66,358.06
829.21,358.27,829.72,357.99
796.40,372.92,802.76,372.25
829.27,358.20,829.72,357.99
828.16,353.39,828.69,353.71
828.10,353.31,828.69,353.71
830.74,344.49,831.79,345.65
828.16,353.39,828.10,353.31
829.72,357.86,829.72,357.99
829.27,358.05,829.72,357.86
828.74,353.78,829.72,357.86
829.27,358.05,828.74,353.78
829.27,358.05,828.74,353.78
829.27,358.05,828.16,353.39
804.04,401.31,804.52,401.09
826.91,358.37,826.82,358.27
801.78,309.04,801.78,319.50
819.20,382.24,818.25,382.24
827.00,358.28,826.94,358.21
826.91,358.37,827.00,358.28
829.15,358.36,826.91,358.37
820.39,381.27,820.58,380.51
829.15,358.36,827.00,358.28
814.84,309.04,814.84,319.50
829.15,358.36,829.21,358.27
829.24,358.26,829.15,358.36
829.21,358.27,829.15,358.36
829.24,358.26,829.21,358.27
829.27,358.20,829.24,358.26
818.41,382.15,818.56,382.30
829.24,358.05,829.27,358.20
829.27,358.05,829.27,358.20
807.50,381.19,807.23,380.58
829.24,358.05,829.27,358.05
829.32,355.22,829.22,355.31
750.63,356.91,748.68,360.00
826.94,358.06,826.82,358.27
826.82,358.06,826.82,358.27
826.71,331.84,826.81,332.04
830.65,344.55,831.70,345.69
822.47,357.70,821.78,357.79
826.94,358.06,826.82,358.06
828.12,353.31,829.24,358.05
829.27,358.05,829.24,358.05
828.12,353.31,829.27,358.05
828.12,353.31,828.16,353.39
828.16,353.39,828.12,353.31
785.47,376.03,787.57,376.03
828.03,353.20,828.16,353.39
828.10,353.31,828.16,353.39
785.47,379.86,787.75,379.86
826.82,358.06,826.94,358.06
828.04,353.39,826.82,358.06
827.94,353.32,826.82,358.06
828.04,353.39,827.94,353.32
827.94,353.32,828.03,353.20
827.94,353.32,828.10,353.31
828.04,353.39,828.10,353.31
827.94,353.32,828.04,353.39
821.02,341.34,821.07,341.22
813.81,341.34,813.96,341.34
813.81,341.34,814.05,341.22
822.60,341.15,822.85,341.26
822.60,341.15,822.70,341.26
815.30,341.26,815.55,341.15
815.30,341.26,815.60,341.26
818.29,341.35,818.55,341.46
811.08,341.46,811.23,341.47
811.32,341.35,811.23,341.47
811.08,341.46,811.32,341.35
819.80,341.28,820.04,341.38
819.80,341.28,819.90,341.39
812.85,341.39,812.80,341.28
807.52,388.76,809.48,388.64
825.11,340.80,825.26,340.81
210.11,461.38,372.30,368.27
825.36,340.69,825.26,340.81
828.04,340.67,828.19,340.67
828.29,340.55,828.19,340.67
828.04,340.67,828.29,340.55
829.64,340.58,829.90,340.48
829.64,340.58,829.95,340.59
826.70,341.08,827.01,341.07
826.74,340.96,827.01,341.07
825.02,436.86,825.54,436.45
795.26,360.71,795.26,355.56
826.70,341.08,826.74,340.96
819.38,341.07,819.53,341.08
819.63,340.96,819.53,341.08
819.38,341.07,819.63,340.96
828.32,340.89,828.57,340.99
828.42,341.00,828.57,340.99
828.32,340.89,828.42,341.00
820.92,340.99,821.17,340.89
821.22,341.00,821.17,340.89
820.92,340.99,821.22,341.00
829.59,340.95,829.91,340.94
829.64,340.83,829.91,340.94
829.59,340.95,829.64,340.83
822.23,340.94,822.38,340.95
822.48,340.83,822.38,340.95
822.23,340.94,822.48,340.83
831.24,340.75,831.49,340.86
831.34,340.87,831.49,340.86
831.24,340.75,831.34,340.87
823.78,340.86,824.03,340.75
824.09,340.87,824.03,340.75
806.64,334.11,807.14,334.26
823.78,340.86,824.09,340.87
815.78,303.57,815.56,302.38
815.51,341.60,815.81,341.59
815.55,341.48,815.81,341.59
826.47,360.91,826.33,360.93
825.54,436.45,825.55,436.04
797.47,360.72,797.47,355.53
805.86,304.77,806.14,304.52
808.63,341.48,808.53,341.60
817.04,341.41,817.13,341.52
810.14,341.52,810.08,341.41
831.01,340.53,831.26,340.41
823.88,341.09,824.15,341.21
823.84,341.21,823.88,341.09
816.82,341.09,816.72,341.21
825.44,341.02,825.54,341.13
818.39,341.13,818.34,341.02
792.25,379.05,792.09,379.24
792.44,379.00,792.25,379.05
792.63,379.07,792.44,379.00
792.79,379.28,792.63,379.07
791.95,381.17,791.87,380.78
791.84,380.35,791.87,380.78
791.87,379.93,791.84,380.35
791.95,379.54,791.87,379.93
792.93,379.59,792.79,379.28
804.41,346.80,806.47,347.70
793.01,379.99,792.93,379.59
829.99,355.79,829.34,359.57
793.04,380.42,793.01,379.99
792.44,380.35,793.04,380.42
798.58,321.87,798.60,321.73
793.01,380.85,793.04,380.42
820.96,320.03,820.65,319.76
792.93,381.23,793.01,380.85
792.79,381.53,792.93,381.23
792.44,380.35,792.79,381.53
792.63,381.72,792.79,381.53
792.44,381.77,792.63,381.72
792.25,381.70,792.44,381.77
792.44,380.35,792.25,381.70
791.95,381.17,792.44,380.35
792.09,381.49,792.44,380.35
791.95,381.17,792.09,381.49
796.96,380.07,796.95,380.49
797.22,380.51,796.96,380.07
826.99,355.83,826.31,359.58
793.47,380.49,793.88,380.51
826.95,355.82,826.31,359.58
793.47,380.07,793.88,380.51
793.47,380.49,793.47,380.07
810.96,383.57,820.21,384.16
810.60,383.56,810.96,383.57
828.38,347.13,818.95,347.43
820.58,380.51,820.64,379.66
826.39,344.14,826.97,344.66
807.23,380.58,807.05,379.82
830.63,362.66,830.47,362.85
808.25,379.06,807.05,379.82
808.09,386.64,807.78,383.42
820.58,378.80,820.64,379.66
820.39,381.27,820.58,380.51
819.30,379.59,820.58,380.51
807.50,381.19,807.23,380.58
807.05,378.17,806.99,378.99
792.44,380.35,792.93,381.23
810.54,389.37,810.68,389.54
810.79,389.46,810.54,389.37
828.66,389.37,828.55,389.46
828.44,389.54,828.66,389.37
829.21,358.27,829.27,358.20
826.09,386.64,832.29,382.51
830.59,354.46,830.84,353.23
819.30,379.59,820.58,378.80
829.08,334.85,828.69,335.69
820.09,381.87,820.39,381.27
795.26,379.45,795.59,379.50
800.05,349.07,801.66,350.45
808.09,386.64,805.79,382.51
800.05,349.07,799.08,352.09
793.93,365.91,801.24,364.63
808.09,386.64,793.33,381.25
819.22,381.97,820.11,381.25
790.74,378.57,794.57,378.76
826.09,386.64,831.21,381.44
790.74,378.57,790.89,378.87
826.09,386.64,832.77,381.52
820.09,377.39,820.39,378.02
819.30,379.59,820.39,378.02
819.71,382.24,820.09,381.87
808.25,381.74,807.86,381.59
808.25,379.06,807.23,377.43
802.97,381.44,804.42,381.52
792.44,380.35,792.93,379.59
792.79,378.63,792.19,379.17
793.04,380.86,792.99,380.88
808.09,386.64,793.89,381.97
826.09,386.64,819.22,381.97
818.37,382.54,819.22,381.97
820.33,380.86,820.63,380.77
819.71,376.99,820.09,377.39
819.30,379.59,820.09,377.39
819.71,382.24,819.30,382.35
819.30,379.59,819.30,382.35
819.30,379.59,819.71,382.24
808.25,381.74,810.34,381.85
808.25,379.06,808.25,381.74
819.82,378.29,824.36,372.32
820.41,389.36,822.10,388.90
807.32,390.37,806.61,391.32
802.65,389.36,804.27,388.90
808.09,386.64,794.20,382.54
817.53,412.44,824.69,444.58
795.54,385.75,808.09,386.64
804.75,391.29,803.11,392.69
804.27,388.90,808.09,386.64
826.09,386.64,822.10,388.90
817.66,382.89,818.37,382.54
819.30,376.83,819.71,376.99
819.30,379.59,819.71,376.99
805.12,364.20,809.86,363.13
819.30,376.83,819.30,379.59
808.25,379.06,808.25,376.37
822.39,359.57,822.29,359.95
798.37,396.58,799.29,396.68
816.70,396.84,816.90,396.68
799.45,396.84,799.54,396.72
764.01,377.92,764.49,382.11
818.87,390.93,820.41,389.36
813.06,385.75,820.41,389.36
801.18,390.93,802.65,389.36
795.54,385.75,802.65,389.36
818.25,377.05,818.58,377.77
822.15,360.25,822.29,359.95
794.71,360.25,794.84,359.95
781.20,352.01,785.40,351.92
817.65,393.46,815.93,396.58
781.20,352.01,780.09,353.83
817.65,393.46,818.87,390.93
803.49,410.98,802.61,410.62
800.02,393.46,801.18,390.93
807.23,377.43,807.05,378.17
824.36,372.32,818.25,377.05
784.87,379.76,785.47,379.86
824.36,372.32,827.23,372.35
821.98,360.44,822.15,360.25
794.54,360.44,794.71,360.25
822.39,358.73,822.42,359.15
821.78,359.15,822.42,359.15
800.02,393.46,798.05,396.34
815.35,395.75,815.59,396.34
813.06,385.75,817.65,393.46
801.97,350.96,802.45,350.91
800.02,393.46,795.54,385.75
797.82,395.75,800.02,393.46
793.52,382.84,794.01,382.99
824.36,372.32,817.84,376.57
817.39,376.40,817.84,376.57
826.08,343.82,826.31,343.49
824.36,372.32,817.39,376.40
827.06,435.68,826.12,435.19
802.21,371.65,792.27,380.45
794.36,360.51,794.54,360.44
821.78,359.15,822.39,358.73
794.36,359.15,794.92,358.73
780.69,369.07,781.34,369.48
794.84,358.35,794.92,358.73
824.30,432.44,823.37,431.96
793.52,382.84,795.54,385.75
826.89,431.32,826.19,432.11
816.90,382.84,816.92,382.45
826.89,431.32,826.47,431.68
816.90,382.84,813.06,385.75
820.00,337.89,819.78,338.03
818.25,380.59,818.82,380.55
796.96,332.37,796.36,333.77
826.26,430.78,825.49,430.00
817.73,380.74,817.94,380.71
829.68,344.74,830.65,344.55
826.32,430.34,825.49,430.00
817.76,380.76,817.94,380.71
826.26,430.78,825.40,430.76
817.73,380.74,817.76,380.76
791.74,378.25,793.88,378.25
824.19,427.67,823.81,427.72
791.24,380.74,791.09,380.76
789.48,380.59,790.01,380.55
830.92,361.37,823.33,359.64
794.22,359.15,794.19,359.64
794.36,359.15,794.84,358.35
794.71,358.05,794.84,358.35
790.57,381.56,792.01,381.86
790.57,381.56,791.15,381.13
823.09,332.13,822.28,331.31
792.01,381.86,791.15,381.13
820.91,331.78,821.75,331.43
817.22,381.86,817.76,381.13
827.81,426.03,828.23,426.13
816.14,381.56,817.76,381.13
816.14,381.56,817.22,381.86
822.44,368.93,831.96,369.14
817.30,344.74,817.77,344.33
821.43,368.81,831.96,369.14
831.97,371.65,821.20,379.63
791.80,378.29,802.21,371.65
791.80,378.29,792.05,378.88
799.08,325.60,798.89,325.21
789.20,380.38,789.48,380.59
790.36,347.30,787.53,349.25
822.85,360.67,823.05,360.44
823.05,365.91,823.05,360.44
786.43,347.92,784.38,350.85
821.41,360.25,821.58,360.44
821.78,359.15,821.58,360.44
794.36,359.15,794.18,360.44
793.93,365.91,793.94,360.44
822.29,358.35,822.39,358.73
793.74,360.67,793.94,360.44
825.70,417.55,825.40,417.05
793.53,357.54,812.94,355.96
819.30,379.59,820.09,381.87
813.42,309.88,813.60,310.18
821.78,357.79,821.58,357.86
801.24,361.37,794.22,359.15
825.87,355.35,827.70,360.71
794.19,358.65,794.22,359.15
806.95,327.07,807.44,327.20
794.36,359.15,794.71,358.05
794.54,357.85,794.71,358.05
818.81,380.32,818.25,380.59
794.36,357.79,794.18,357.86
820.75,378.29,821.02,378.88
807.05,379.82,807.23,380.58
831.97,371.65,821.02,378.88
827.11,360.91,826.83,360.91
815.93,396.58,816.90,396.68
825.81,344.45,825.55,344.03
805.09,379.87,805.27,380.67
820.75,378.29,831.97,371.65
789.20,380.38,789.99,380.32
821.78,359.15,821.58,357.86
822.85,360.67,822.61,360.75
823.05,365.91,822.85,360.67
821.18,358.73,821.27,358.35
791.22,377.86,794.61,378.38
821.78,359.15,821.41,360.25
794.36,359.15,794.18,357.86
820.50,331.43,815.52,332.26
793.80,358.73,793.88,358.35
794.36,359.15,794.01,360.25
820.23,402.27,820.43,402.17
793.74,360.67,793.53,360.75
801.78,321.15,801.78,320.32
823.22,358.20,823.33,358.65
830.92,361.37,823.22,358.20
793.74,360.67,793.86,360.52
808.06,445.87,805.30,413.09
783.66,378.38,783.21,382.67
821.78,359.15,821.78,357.79
801.24,361.37,794.09,358.20
794.09,358.20,794.19,358.65
794.54,357.85,794.36,357.79
789.99,380.88,790.57,381.56
783.43,378.33,783.66,378.38
816.55,380.88,816.14,381.56
817.76,379.84,817.95,380.38
807.85,342.24,807.73,341.71
818.87,379.51,817.95,380.38
820.03,377.75,820.41,377.90
772.72,381.95,771.62,382.87
833.44,372.76,829.43,372.63
791.66,363.20,793.76,366.17
790.03,371.38,791.48,377.90
825.11,340.80,825.36,340.69
791.13,377.75,791.48,377.90
585.66,230.02,420.19,344.81
789.02,379.84,789.20,380.38
830.13,360.78,828.23,360.78
821.41,358.05,821.27,358.35
827.70,355.57,827.70,360.71
804.27,400.36,804.25,398.26
827.21,372.18,826.58,372.40
821.78,359.15,821.27,358.35
803.86,402.23,803.71,402.16
794.36,359.15,793.88,358.35
794.36,359.15,793.80,358.73
820.12,338.00,819.91,338.13
821.20,379.63,821.26,380.45
794.36,359.15,793.88,359.95
793.80,359.57,793.88,359.95
824.52,361.48,801.24,361.37
789.99,380.88,790.47,380.73
807.56,351.84,808.78,352.59
820.61,363.20,822.87,366.17
823.05,365.91,822.87,366.17
807.56,351.84,808.65,353.48
820.61,363.20,823.05,365.91
819.65,377.86,820.03,377.75
765.33,377.84,762.80,381.33
790.03,371.38,793.29,368.71
793.40,369.10,793.29,368.71
795.06,362.74,797.90,360.92
790.78,377.86,791.13,377.75
822.38,360.67,822.17,360.44
821.78,359.15,821.18,359.57
793.77,359.15,794.36,359.15
780.08,353.87,780.09,353.83
813.06,385.75,818.87,390.93
793.80,359.57,794.36,359.15
781.21,354.92,779.27,355.83
795.54,385.75,801.18,390.93
793.77,359.15,793.80,359.57
793.31,360.67,791.66,363.20
793.12,360.44,791.66,363.20
827.99,345.79,828.71,346.92
793.31,360.67,793.12,360.44
822.85,357.62,823.05,357.85
821.13,356.19,822.61,357.54
824.52,361.48,822.29,355.85
812.94,355.96,824.52,361.48
793.74,357.62,812.94,355.96
773.41,383.56,770.90,382.63
793.74,357.62,793.94,357.85
790.20,380.49,789.99,379.91
816.81,380.49,816.55,380.88
816.58,379.91,816.81,380.49
825.83,369.42,825.83,356.31
818.85,371.38,822.48,369.10
822.36,368.71,822.48,369.10
818.85,371.38,822.36,368.71
800.02,393.46,798.37,396.58
819.04,378.79,818.87,379.51
817.75,379.24,819.04,378.79
819.65,377.86,819.31,378.22
818.85,371.38,819.65,377.86
789.01,379.24,790.05,379.51
790.46,378.22,790.78,377.86
790.03,371.38,790.46,378.22
821.13,356.19,822.38,357.62
817.84,376.57,818.25,377.05
822.17,357.85,821.13,356.19
793.12,357.85,793.31,357.62
792.02,356.42,792.96,358.21
812.88,350.63,813.63,349.79
818.07,349.68,813.63,349.79
790.03,371.38,790.21,378.79
812.88,350.63,818.07,349.68
818.99,368.26,818.44,368.25
818.99,368.26,818.98,368.25
791.23,368.25,790.68,368.25
821.87,359.15,821.90,358.65
820.99,356.42,821.90,358.65
821.87,359.15,820.99,356.42
792.83,359.15,792.02,356.42
791.66,363.20,793.29,368.71
792.86,358.65,792.02,356.42
792.83,359.15,792.86,358.65
792.96,360.09,791.24,362.29
794.01,360.25,794.18,360.44
792.86,359.64,791.24,362.29
792.96,360.09,792.86,359.64
792.41,363.24,792.00,362.36
791.46,362.35,792.00,362.36
792.41,363.24,791.46,362.35
810.82,365.40,810.36,366.97
789.98,379.23,789.99,379.91
790.16,379.21,789.99,379.91
816.89,350.99,812.26,351.10
816.83,371.30,816.39,379.22
816.83,371.30,816.57,379.23
819.83,372.32,824.15,372.32
830.92,361.37,823.36,359.15
817.98,351.45,818.56,352.83
831.28,351.17,818.56,352.83
817.98,351.45,831.28,351.17
828.32,355.32,829.74,355.21
796.42,351.45,795.46,352.83
817.65,393.46,816.90,396.68
830.66,350.72,829.91,349.89
831.21,381.44,820.49,380.88
817.04,350.20,829.91,349.89
830.66,350.72,817.04,350.20
809.24,350.72,797.70,350.20
815.12,349.29,816.26,348.21
812.83,348.68,816.26,348.21
822.64,343.33,825.00,336.84
815.12,349.29,812.83,348.68
799.64,349.29,799.20,348.21
830.18,343.99,829.38,343.51
822.13,343.37,831.60,343.01
826.39,344.14,815.99,344.05
826.07,343.63,826.39,344.14
814.32,343.63,813.50,344.14
803.71,402.16,804.12,400.32
821.15,359.15,821.18,358.73
818.52,379.05,818.72,379.00
814.32,343.63,804.46,344.05
793.54,380.07,793.53,380.43
793.88,380.45,793.53,380.43
811.41,354.67,812.12,356.37
816.39,379.22,816.31,380.06
797.23,380.45,796.88,380.07
799.40,396.52,799.68,395.23
801.24,361.37,794.19,358.65
796.87,380.43,796.88,380.07
797.23,380.45,796.87,380.43
793.54,380.07,793.61,379.24
793.54,380.07,793.88,380.45
818.20,379.54,818.34,379.24
818.92,379.07,818.72,379.00
828.27,327.34,828.69,327.91
818.72,380.35,818.11,380.78
814.98,341.86,814.98,328.22
804.79,371.54,806.55,370.81
818.72,380.35,818.08,380.35
793.93,365.91,793.74,360.67
819.24,381.23,819.16,381.05
819.33,379.99,819.24,379.59
808.25,379.06,806.99,378.99
819.36,380.42,819.33,379.99
819.10,381.53,819.02,381.60
819.33,380.85,819.36,380.42
818.72,380.35,819.36,380.42
819.24,381.23,819.33,380.85
818.72,380.35,819.33,380.85
818.72,380.35,819.24,381.23
818.92,381.72,819.10,381.53
818.72,380.35,819.10,381.53
818.52,381.70,818.72,381.77
818.72,380.35,818.52,381.70
818.20,381.17,818.34,381.49
830.66,350.72,831.28,351.17
818.72,380.35,818.34,381.49
826.85,333.38,826.51,332.67
823.11,362.01,823.11,355.38
826.85,333.38,827.27,333.95
799.54,369.07,799.18,368.80
826.14,416.29,825.40,417.05
823.11,362.01,826.26,356.21
826.85,333.38,826.82,333.49
826.14,416.29,825.27,416.27
823.11,362.01,826.26,362.01
826.26,356.21,826.26,362.01
798.21,365.70,799.17,366.53
823.26,423.98,822.72,424.50
830.69,356.16,830.58,355.74
807.48,441.58,807.37,440.79
829.86,355.34,830.29,355.45
814.01,339.24,800.52,337.38
831.97,371.65,821.26,380.45
827.51,362.04,830.58,355.74
826.39,417.04,825.70,417.55
797.92,364.52,798.71,365.44
827.51,362.04,830.29,355.45
828.73,333.36,828.27,333.88
827.51,362.04,827.51,355.34
797.52,371.27,797.29,371.42
829.86,355.34,827.51,355.34
827.51,362.04,829.86,355.34
830.75,362.40,830.63,362.66
830.75,362.40,830.80,362.01
830.00,360.92,830.80,362.01
830.75,362.40,830.00,360.92
803.08,405.09,803.78,404.04
793.31,357.62,793.53,357.54
802.87,405.00,803.78,404.04
792.15,356.19,793.53,357.54
827.35,360.91,826.92,362.74
826.74,362.63,827.35,360.91
825.86,355.50,825.44,355.38
807.86,369.49,806.29,370.45
823.11,362.01,825.44,355.38
825.86,355.50,823.11,362.01
817.52,382.40,816.53,382.40
799.18,346.51,801.38,346.90
830.69,356.16,830.69,362.04
827.51,362.04,830.69,362.04
827.22,355.67,826.85,355.30
826.35,355.17,826.85,355.30
749.72,353.80,749.21,354.13
825.35,360.91,826.85,355.30
825.35,360.91,827.35,360.91
820.49,380.88,820.11,381.25
825.35,355.17,826.35,355.17
825.35,360.91,825.35,355.17
827.98,360.92,829.87,355.64
827.98,360.92,827.98,355.14
827.22,355.67,827.35,356.17
829.50,355.27,827.98,360.92
829.92,357.40,829.98,357.08
828.05,357.40,827.79,360.71
827.97,355.57,827.87,355.33
768.87,369.83,764.39,369.83
793.88,359.95,794.01,360.25
827.55,357.09,827.55,355.23
745.57,366.10,746.18,363.01
818.72,380.35,819.33,379.99
829.91,355.54,829.48,357.07
827.55,357.09,827.97,357.09
827.79,360.71,827.73,360.77
827.70,360.71,827.79,360.71
830.13,360.78,830.19,360.72
815.01,329.84,816.47,331.20
830.16,360.72,830.13,360.78
827.98,360.92,830.00,356.15
828.32,355.32,830.16,355.54
830.06,355.31,828.32,355.32
799.61,344.44,799.49,344.40
825.94,355.18,827.32,355.18
827.50,355.18,827.32,355.18
827.70,355.57,827.60,355.34
825.87,355.35,827.60,355.34
827.70,355.57,825.87,355.35
829.72,355.15,828.33,355.15
829.48,355.16,828.33,355.15
820.99,356.42,821.13,356.19
829.72,355.15,829.48,355.16
809.51,360.00,809.35,361.98
798.89,342.13,799.53,341.36
795.25,355.50,794.96,355.79
798.00,362.01,794.96,355.79
825.01,336.73,822.67,343.18
794.85,356.21,794.96,355.79
826.08,343.82,826.31,344.26
798.00,362.01,798.00,355.38
823.05,365.91,822.61,360.75
810.72,357.85,810.89,360.00
795.67,355.38,798.00,355.38
825.01,336.73,825.56,325.45
794.85,356.21,794.85,362.01
826.29,331.77,826.21,330.76
798.00,362.01,794.85,362.01
826.08,343.82,826.31,343.49
826.29,331.77,826.34,330.76
798.00,362.01,794.85,356.21
822.36,368.71,822.87,366.17
799.78,355.34,799.35,355.45
814.98,341.86,815.06,341.91
818.72,380.35,818.11,379.93
829.91,355.54,829.89,357.07
829.90,376.31,833.61,376.45
827.45,362.51,830.63,362.51
799.06,355.74,799.35,355.45
819.69,325.13,819.50,325.56
817.95,380.38,818.25,380.59
802.13,362.04,799.35,355.45
826.64,332.67,826.42,331.77
802.13,362.04,799.06,355.74
816.00,333.26,816.31,333.41
818.87,379.51,817.76,379.84
805.14,390.88,806.21,390.88
827.55,357.09,827.87,355.33
802.13,355.34,799.78,355.34
798.60,362.40,798.48,362.66
797.90,360.92,798.31,362.76
797.90,360.92,798.48,362.66
801.30,332.26,800.61,333.77
798.60,362.40,797.90,360.92
827.22,355.67,826.56,356.18
798.64,362.01,797.90,360.92
793.45,380.99,793.58,381.59
798.60,362.40,798.64,362.01
806.00,325.83,807.52,324.43
795.46,360.91,794.73,361.99
808.36,444.93,812.18,448.49
794.89,362.63,794.78,362.37
794.89,362.63,795.46,360.91
795.06,362.74,795.46,360.91
751.21,356.74,750.63,356.91
829.50,355.27,829.87,355.64
794.89,362.63,795.06,362.74
774.15,383.38,775.33,382.45
795.25,355.50,798.00,362.01
830.67,355.63,830.00,356.15
795.67,355.38,798.00,362.01
774.15,383.38,774.84,382.35
795.25,355.50,795.67,355.38
798.95,356.16,802.13,362.04
798.95,362.04,802.13,362.04
798.95,356.16,798.95,362.04
812.31,449.31,812.29,449.07
795.60,355.67,795.96,355.30
804.34,344.77,799.71,344.89
797.47,360.91,795.96,355.30
796.46,355.17,795.96,355.30
806.00,413.70,805.82,413.96
794.36,359.15,794.36,357.79
797.47,360.91,795.46,360.91
795.46,356.17,795.46,360.91
816.19,389.87,816.61,390.67
794.36,359.15,794.54,357.85
818.57,444.93,812.66,448.64
797.47,360.91,796.46,355.17
797.47,355.17,796.46,355.17
750.53,366.53,752.11,363.43
798.41,355.27,798.04,355.64
799.92,360.92,799.92,355.14
797.90,356.15,797.90,360.92
799.92,360.92,797.90,360.92
799.92,360.92,797.90,356.15
826.71,332.54,826.22,332.54
792.02,356.42,792.15,356.19
830.44,362.76,826.92,362.74
795.60,355.67,797.47,360.91
813.06,385.75,822.10,388.90
795.46,356.17,797.47,360.91
830.44,362.76,826.70,362.95
795.60,355.67,795.46,356.17
798.41,355.27,799.92,360.92
809.40,335.79,809.54,335.94
798.91,355.14,799.92,360.92
798.41,355.27,798.91,355.14
827.55,357.09,827.60,357.37
824.03,337.92,821.70,344.39
797.28,357.08,797.22,357.40
818.29,444.67,819.21,439.33
795.46,360.91,797.90,360.92
829.84,376.35,828.05,378.80
797.47,360.72,797.28,357.08
795.45,357.10,795.26,360.71
795.50,357.40,795.45,357.10
805.49,336.19,809.40,335.79
795.52,355.57,795.62,355.33
775.58,382.63,775.90,382.34
795.94,357.09,795.94,355.23
827.99,444.04,829.06,444.16
795.94,357.09,795.62,355.33
801.19,395.42,801.21,395.55
797.31,355.54,797.73,357.07
797.41,355.31,797.73,357.07
826.20,415.84,825.37,415.51
801.52,341.69,814.94,342.17
825.44,355.38,823.11,355.38
801.19,395.42,801.58,394.98
797.31,355.54,797.41,355.31
795.52,355.57,795.94,357.09
795.52,357.09,795.94,357.09
814.41,340.91,814.01,339.24
818.81,380.32,818.82,380.55
823.22,358.20,823.33,358.65
795.29,360.71,795.26,360.71
823.11,355.38,825.44,355.38
823.02,358.30,823.33,358.65
795.32,360.77,795.26,360.71
795.29,360.71,795.32,360.77
797.56,360.72,797.53,360.78
797.47,360.72,797.53,360.78
808.28,371.23,806.42,372.36
797.56,360.72,797.47,360.72
797.66,355.31,799.41,355.32
827.44,355.13,829.79,355.13
797.56,355.54,799.41,355.32
797.66,355.31,797.56,355.54
797.11,355.18,795.95,355.18
795.73,355.18,795.95,355.18
823.18,355.18,825.35,355.17
797.11,355.18,795.73,355.18
795.29,355.57,797.13,355.35
795.26,360.71,795.63,357.52
797.95,355.15,797.77,355.16
799.33,355.15,797.77,355.16
793.29,368.71,790.96,368.41
797.95,355.15,799.33,355.15
829.72,357.86,829.72,357.99
825.35,355.17,825.35,360.91
829.66,358.06,829.72,357.99
770.22,384.14,769.31,384.21
827.72,358.06,827.67,358.00
804.47,344.39,804.18,344.71
797.41,355.31,797.73,355.21
815.35,337.35,815.39,332.46
770.21,384.40,769.31,384.21
827.67,357.87,827.67,358.00
776.87,382.71,777.17,382.41
825.86,355.50,826.43,355.68
797.31,355.54,797.33,357.07
829.98,355.53,830.19,355.53
827.72,358.06,827.67,357.87
830.95,354.45,823.31,351.71
806.64,418.08,807.44,418.43
822.71,359.36,821.13,355.40
822.71,359.36,821.07,355.55
806.64,418.08,807.56,417.67
822.71,359.36,821.07,359.36
821.07,355.55,821.07,359.36
821.16,359.36,821.07,359.36
821.25,359.54,821.07,359.36
821.16,359.36,821.25,359.54
734.90,351.14,732.66,353.80
802.13,362.04,802.13,355.34
822.80,351.87,828.03,353.20
837.19,351.58,822.80,351.87
830.95,354.45,822.90,354.45
822.90,351.93,830.95,354.45
829.50,360.92,829.78,360.92
782.30,353.61,781.87,353.35
822.71,359.36,826.82,358.27
826.91,358.37,826.82,358.27
796.83,337.26,797.43,332.97
829.50,360.92,828.32,367.46
822.71,359.36,826.91,358.37
796.83,337.26,795.25,334.74
822.71,359.36,822.68,355.12
822.38,355.39,822.71,359.36
829.98,357.08,829.91,355.54
828.74,353.78,828.69,353.71
829.89,357.07,829.85,357.36
828.64,353.78,828.74,353.78
804.04,401.31,804.52,401.09
811.78,401.31,811.76,401.09
804.52,401.09,811.76,401.09
811.78,401.31,804.52,401.09
811.78,401.31,804.04,401.31
830.79,353.10,830.60,353.23
801.05,398.24,800.29,398.02
811.76,400.73,811.76,401.09
801.96,308.77,801.87,308.64
814.38,335.51,819.07,333.77
818.85,371.38,820.75,378.29
811.78,401.31,811.76,401.09
807.13,308.32,807.43,308.43
800.09,337.42,795.98,335.51
790.05,379.51,789.99,380.32
804.02,400.73,804.51,400.75
811.81,398.81,811.74,400.75
811.76,400.73,811.74,400.75
804.07,398.81,804.56,398.91
812.00,396.95,811.79,398.91
804.26,396.95,804.74,397.13
812.32,395.19,811.97,397.13
818.13,382.44,818.56,382.30
812.00,396.95,811.97,397.13
804.57,395.19,805.04,395.43
829.73,356.03,830.10,354.46
812.77,393.56,812.28,395.43
821.78,359.15,822.29,358.35
810.68,389.54,810.79,389.46
805.01,393.56,805.46,393.88
813.33,392.12,812.71,393.88
824.54,397.92,824.22,395.86
813.88,391.32,813.25,392.49
814.00,390.88,813.25,392.49
804.51,400.75,804.52,401.09
824.88,400.00,824.93,399.94
814.00,390.88,813.33,392.12
806.95,389.90,806.21,390.88
823.66,396.24,823.72,396.18
814.60,390.37,813.88,391.32
814.75,389.90,813.88,391.32
824.31,400.33,824.38,400.31
814.75,389.90,814.00,390.88
823.43,396.72,823.66,396.24
808.09,389.69,807.32,390.37
823.99,400.20,824.31,400.33
807.75,389.19,806.95,389.90
815.57,389.19,814.60,390.37
823.69,399.86,823.99,400.20
815.57,389.19,814.75,389.90
813.63,349.79,812.93,350.63
823.24,398.02,823.29,397.34
808.90,389.29,808.09,389.69
808.90,389.29,807.75,389.19
808.60,388.76,807.75,389.19
816.22,389.29,815.39,389.69
824.05,398.24,823.30,398.72
816.43,388.76,815.57,389.19
809.74,389.17,808.90,389.29
809.74,389.17,808.60,388.76
809.48,388.64,808.60,388.76
817.07,389.17,816.22,389.29
817.33,388.64,816.43,388.76
810.59,389.35,809.74,389.17
821.81,413.79,821.98,414.09
810.59,389.35,809.48,388.64
810.36,388.82,809.48,388.64
817.94,389.35,817.07,389.17
818.23,388.82,817.33,388.64
821.97,414.50,821.44,414.03
811.43,389.82,810.59,389.35
821.97,414.50,821.38,414.47
811.43,389.82,810.36,388.82
821.46,414.92,821.38,414.47
811.23,389.31,810.36,388.82
821.63,415.22,821.97,414.50
818.78,389.82,817.94,389.35
819.12,389.31,817.94,389.35
819.97,390.09,818.78,389.82
812.07,390.09,812.22,390.57
823.98,413.22,823.61,412.48
820.76,391.15,819.60,390.57
812.84,391.15,812.96,391.58
821.47,392.46,820.35,391.58
820.76,391.15,820.35,391.58
813.54,392.46,813.63,392.83
826.01,411.92,826.11,411.95
822.08,393.99,821.03,392.83
821.47,392.46,821.03,392.83
825.64,411.18,825.85,411.20
814.14,393.99,814.20,394.30
825.98,394.65,824.93,394.16
814.28,394.56,814.20,394.30
814.14,393.99,814.26,394.44
825.49,412.34,826.01,411.92
822.21,394.44,821.69,394.56
821.61,394.30,821.69,394.56
821.78,359.15,821.78,360.51
822.21,394.44,821.61,394.30
799.25,351.84,800.36,350.64
817.33,388.64,816.22,389.29
822.08,393.99,821.61,394.30
822.21,394.44,822.08,393.99
822.77,418.90,822.71,419.34
814.26,394.44,814.28,394.56
741.19,349.46,744.72,349.59
828.99,330.65,829.95,329.92
821.69,394.56,814.28,394.56
814.26,394.44,821.69,394.56
818.23,388.82,817.07,389.17
822.21,394.44,821.69,394.56
814.26,394.44,822.21,394.44
800.22,366.57,799.79,366.31
803.00,401.76,804.02,400.73
812.87,401.76,811.78,401.31
804.04,401.31,811.78,401.31
812.87,401.76,804.04,401.31
784.83,379.39,784.87,379.76
803.00,401.76,804.04,401.31
811.76,400.73,811.78,401.31
812.87,401.76,811.78,401.31
802.95,400.73,804.07,398.81
804.26,396.95,804.07,398.81
824.30,358.57,831.65,358.55
803.01,398.81,804.26,396.95
813.07,396.95,811.81,398.81
816.32,340.97,815.54,346.23
812.88,398.81,811.81,398.81
804.57,395.19,804.26,396.95
803.19,396.95,804.57,395.19
813.39,395.19,812.00,396.95
803.51,395.19,804.57,395.19
819.24,379.59,819.10,379.28
801.42,352.33,801.77,352.68
803.94,393.56,805.56,392.12
828.39,333.76,827.90,333.95
804.49,392.12,805.56,392.12
806.21,390.88,805.56,392.12
806.95,389.90,806.21,390.88
808.70,429.57,809.08,429.62
805.14,390.88,806.95,389.90
815.57,389.19,814.75,389.90
806.68,389.19,807.75,389.19
809.48,388.64,808.60,388.76
810.36,388.82,809.48,388.64
809.28,388.82,810.36,388.82
774.05,382.11,773.50,382.26
809.28,388.82,811.23,389.31
819.12,389.31,818.23,388.82
799.42,399.42,799.73,400.74
824.47,353.33,824.47,356.10
819.31,388.82,818.23,388.82
773.71,381.94,773.50,382.26
810.15,389.31,811.23,389.31
822.68,357.77,822.47,357.70
820.20,389.31,819.12,389.31
810.98,390.09,812.07,390.09
812.84,391.15,812.07,390.09
810.98,390.09,812.84,391.15
818.55,393.66,816.90,394.71
817.91,380.73,817.09,380.73
821.05,390.09,819.97,390.09
811.75,391.15,812.84,391.15
813.54,392.46,812.84,391.15
811.75,391.15,813.54,392.46
821.47,392.46,820.76,391.15
812.45,392.46,813.54,392.46
814.14,393.99,813.54,392.46
807.20,324.14,807.37,324.09
812.45,392.46,814.14,393.99
814.26,394.44,814.14,393.99
812.94,355.96,822.29,355.85
823.33,362.82,826.48,362.82
813.04,393.99,814.26,394.44
813.30,394.91,814.26,394.44
822.21,394.44,822.08,393.99
823.44,394.91,822.08,393.99
739.02,364.15,740.45,364.88
803.29,310.51,803.29,319.47
813.30,394.91,814.26,394.44
822.21,394.44,814.26,394.44
743.08,363.06,744.23,364.21
823.44,394.91,822.21,394.44
825.51,422.04,825.45,422.48
814.44,405.95,814.37,405.02
824.58,405.02,814.37,405.02
814.44,405.95,824.58,405.02
821.55,405.95,824.58,405.02
814.44,405.95,821.55,405.95
824.88,421.51,825.04,421.25
827.05,406.21,823.28,406.78
826.81,405.53,823.11,406.31
827.05,406.21,826.81,405.53
825.07,422.71,824.90,422.41
826.81,405.53,823.11,406.31
826.81,405.53,822.50,406.04
825.95,405.15,822.50,406.04
827.48,420.32,827.56,420.78
820.94,409.97,819.04,409.41
823.28,406.78,819.04,409.41
826.86,420.70,826.92,420.25
818.57,410.62,817.38,409.87
819.04,409.41,817.38,409.87
818.57,410.62,819.04,409.41
820.94,409.97,819.04,409.41
818.57,410.62,820.94,409.97
825.95,405.15,822.50,406.04
790.08,380.90,797.04,380.62
821.55,405.95,822.50,406.04
825.95,405.15,821.55,405.95
824.58,405.02,821.55,405.95
825.95,405.15,824.58,405.02
826.10,440.17,826.27,440.48
816.53,410.98,815.95,410.12
816.53,410.98,817.38,409.87
818.57,410.62,817.38,409.87
816.53,410.98,818.57,410.62
826.26,440.88,825.66,440.83
814.81,411.10,814.74,410.21
791.59,354.51,794.03,356.96
814.81,411.10,815.95,410.12
816.53,410.98,815.95,410.12
814.81,411.10,816.53,410.98
828.35,440.23,828.18,440.48
804.84,411.10,807.75,410.21
804.84,411.10,814.74,410.21
814.81,411.10,814.74,410.21
804.84,411.10,814.81,411.10
824.14,391.32,825.12,391.69
827.94,438.98,828.15,439.01
826.02,392.69,825.12,391.69
827.77,439.23,827.94,438.98
822.29,392.53,823.16,391.61
824.14,391.32,823.16,391.61
819.85,391.20,824.14,391.32
785.99,368.09,790.31,369.81
826.74,394.23,826.02,392.69
801.44,404.85,802.36,404.59
824.31,392.35,826.74,394.23
787.39,369.66,789.03,371.14
821.61,393.99,822.29,392.53
827.22,396.15,826.74,394.23
821.18,395.84,821.61,393.99
818.99,393.73,821.61,393.99
827.39,398.26,827.22,396.15
792.21,379.63,792.26,379.66
826.50,396.03,827.39,398.26
826.81,402.23,827.25,400.36
826.11,403.69,826.81,402.23
825.23,404.59,826.11,403.69
825.77,404.04,825.23,404.59
823.27,404.45,824.25,404.85
814.02,344.73,814.39,344.90
822.38,403.43,823.27,404.45
821.67,401.89,822.38,403.43
820.12,338.00,823.44,337.82
819.15,397.90,821.18,395.84
820.65,402.13,821.67,401.89
831.93,358.04,831.85,358.40
820.65,402.13,821.21,399.99
817.20,353.45,823.91,353.34
821.04,397.91,821.21,399.99
823.79,339.12,824.16,338.68
819.76,400.11,821.04,397.91
819.25,378.31,819.57,377.97
827.60,434.86,827.68,435.32
822.72,393.83,823.34,394.06
824.15,393.37,823.34,394.06
823.90,394.70,823.34,394.06
825.46,394.33,824.84,393.63
827.58,435.27,827.42,434.55
821.56,394.58,822.11,394.01
827.06,435.68,826.99,435.22
822.86,394.21,823.47,393.57
822.72,393.83,822.11,394.01
813.45,328.99,813.68,328.56
823.47,393.57,822.72,393.83
802.82,329.82,813.68,328.56
824.15,393.37,822.72,393.83
814.22,329.69,814.67,329.61
825.46,394.33,823.90,394.70
827.24,435.99,827.58,435.27
824.35,395.66,823.90,394.70
825.97,395.40,825.46,394.33
821.13,395.50,821.56,394.58
822.39,395.23,821.56,394.58
822.86,394.21,821.56,394.58
802.82,344.74,802.97,345.15
822.39,395.23,822.86,394.21
825.97,395.40,824.35,395.66
824.65,396.87,824.35,395.66
826.29,396.74,825.97,395.40
822.39,395.23,821.13,395.50
826.29,396.74,824.65,396.87
826.41,398.21,826.29,396.74
824.67,399.51,824.76,398.20
824.67,399.51,826.41,398.21
826.32,399.67,826.41,398.21
826.32,399.67,824.67,399.51
824.40,400.69,826.32,399.67
790.03,371.38,802.21,371.65
823.96,401.60,824.40,400.69
823.96,401.60,826.01,400.97
825.53,401.98,823.96,401.60
823.41,402.17,823.96,401.60
823.41,402.17,825.53,401.98
824.91,402.61,825.53,401.98
822.79,402.34,823.41,402.17
822.79,402.34,824.91,402.61
824.23,402.80,824.91,402.61
824.23,402.80,822.79,402.34
822.18,402.09,822.79,402.34
822.18,402.09,824.23,402.80
823.55,402.52,824.23,402.80
821.62,401.45,822.18,402.09
822.93,401.81,823.55,402.52
821.17,400.49,821.62,401.45
822.43,400.74,822.93,401.81
820.78,397.97,820.86,396.67
821.99,397.96,820.86,396.67
822.43,400.74,821.17,400.49
820.88,399.29,821.17,400.49
820.88,399.29,822.43,400.74
822.11,399.42,822.43,400.74
823.57,427.14,823.73,426.89
822.11,399.42,820.88,399.29
820.78,397.97,820.88,399.29
822.11,399.42,820.78,397.97
821.99,397.96,820.78,397.97
822.11,399.42,821.99,397.96
823.76,428.34,823.59,428.04
824.24,391.43,824.25,393.27
824.96,393.53,824.25,393.27
824.24,391.43,824.96,393.53
825.21,391.79,824.96,393.53
824.24,391.43,825.21,391.79
826.15,425.99,826.23,426.45
825.21,391.79,824.96,393.53
825.60,394.25,824.96,393.53
825.21,391.79,825.60,394.25
826.10,392.78,825.60,394.25
825.21,391.79,826.10,392.78
828.01,423.16,826.46,407.59
822.94,394.12,823.56,393.47
823.28,391.71,823.56,393.47
822.42,392.62,823.28,391.71
825.61,426.82,826.13,426.40
823.28,391.71,823.56,393.47
824.25,393.27,823.56,393.47
823.28,391.71,824.25,393.27
799.28,373.60,804.41,373.20
824.24,391.43,824.25,393.27
823.28,391.71,824.24,391.43
826.10,392.78,825.60,394.25
826.11,395.34,825.60,394.25
818.02,389.00,819.32,388.85
826.81,394.29,826.10,392.78
821.78,359.15,821.98,360.44
822.45,395.16,822.94,394.12
821.75,394.05,822.94,394.12
822.42,392.62,822.94,394.12
826.81,394.29,826.11,395.34
803.31,414.50,803.45,413.77
826.45,396.71,826.11,395.34
827.27,396.18,826.81,394.29
803.26,414.92,803.20,414.47
817.80,388.79,818.41,388.64
821.33,395.88,822.14,396.48
822.45,395.16,822.14,396.48
821.75,394.05,822.45,395.16
821.33,395.88,821.75,394.05
821.99,397.96,822.09,396.52
827.27,396.18,826.45,396.71
827.44,398.26,827.27,396.18
826.47,399.70,826.57,398.21
796.75,349.15,797.29,348.46
827.44,398.26,826.47,399.70
827.31,400.32,826.47,399.70
827.44,398.26,827.31,400.32
826.16,401.03,826.47,399.70
827.31,400.32,826.16,401.03
826.87,402.16,826.16,401.03
827.31,400.32,826.87,402.16
825.66,402.07,826.16,401.03
826.87,402.16,825.66,402.07
826.19,403.60,825.66,402.07
826.87,402.16,826.19,403.60
825.03,402.71,825.66,402.07
826.19,403.60,825.03,402.71
825.32,404.49,825.03,402.71
826.19,403.60,825.32,404.49
825.32,404.49,825.03,402.71
824.33,402.90,825.03,402.71
824.33,402.90,825.32,404.49
807.77,412.64,807.60,412.34
824.35,404.74,825.32,404.49
807.77,412.64,807.64,411.92
824.35,404.74,824.33,402.90
824.35,404.74,823.63,402.62
816.14,381.56,813.06,385.75
823.38,404.35,823.63,402.62
824.35,404.74,823.38,404.35
816.60,389.79,817.44,390.42
821.75,394.05,822.42,392.62
823.38,404.35,823.63,402.62
794.36,359.15,794.54,360.44
823.00,401.89,823.63,402.62
823.00,401.89,823.38,404.35
803.31,414.50,803.27,414.03
826.45,396.71,826.81,394.29
822.50,400.80,823.00,401.89
822.51,403.34,822.50,400.80
821.81,401.83,822.50,400.80
822.51,403.34,821.81,401.83
820.21,356.49,819.35,357.45
821.33,395.88,822.14,396.48
822.17,399.44,822.50,400.80
822.17,399.44,821.81,401.83
821.36,399.96,821.81,401.83
806.71,417.64,806.64,418.08
821.36,399.96,822.17,399.44
822.05,397.96,822.17,399.44
821.36,399.96,822.05,397.96
821.19,397.91,822.05,397.96
824.96,393.53,824.15,393.37
824.96,393.53,824.25,393.27
792.79,379.28,792.63,379.07
823.56,393.47,824.25,393.27
823.47,393.57,824.15,393.37
824.25,393.27,824.15,393.37
822.86,394.21,823.47,393.57
823.56,393.47,823.47,393.57
822.94,394.12,823.56,393.47
825.97,395.40,825.46,394.33
822.42,392.62,823.56,393.47
822.94,394.12,822.86,394.21
826.45,396.71,825.97,395.40
826.29,396.74,825.97,395.40
826.29,396.74,826.45,396.71
826.57,398.21,826.29,396.74
826.47,399.70,826.41,398.21
826.32,399.67,826.41,398.21
826.32,399.67,826.47,399.70
826.01,400.97,826.32,399.67
825.66,402.07,826.01,400.97
825.53,401.98,825.66,402.07
825.03,402.71,825.53,401.98
824.91,402.61,825.53,401.98
824.91,402.61,825.03,402.71
822.05,397.96,822.14,396.48
814.66,328.41,814.81,333.12
824.33,402.90,824.91,402.61
823.63,402.62,824.23,402.80
823.55,402.52,823.63,402.62
822.93,401.81,823.55,402.52
817.77,381.09,819.08,381.91
822.93,401.81,823.00,401.89
822.43,400.74,822.93,401.81
822.14,396.48,822.09,396.52
822.09,396.52,822.39,395.23
806.75,421.99,806.63,421.95
822.05,397.96,822.14,396.48
806.75,421.99,806.70,422.41
822.05,397.96,822.17,399.44
822.05,397.96,822.11,399.42
821.99,397.96,822.11,399.42
822.05,397.96,821.99,397.96
823.28,391.71,824.14,391.32
818.42,362.82,818.57,360.86
825.21,391.79,824.24,391.43
825.12,391.69,824.24,391.43
818.08,362.82,818.23,360.77
825.12,391.69,824.14,391.32
826.02,392.69,825.12,391.69
792.41,380.33,793.40,380.33
825.21,391.79,825.12,391.69
826.10,392.78,825.21,391.79
822.42,392.62,823.28,391.71
823.16,391.61,823.28,391.71
808.94,420.73,808.82,420.70
826.74,394.23,826.02,392.69
809.07,421.46,808.89,421.16
826.81,394.29,826.10,392.78
793.05,382.40,794.04,382.40
827.22,396.15,826.74,394.23
827.27,396.18,826.81,394.29
827.39,398.26,827.22,396.15
827.27,396.18,827.22,396.15
827.44,398.26,827.27,396.18
826.87,402.16,827.31,400.32
825.32,404.49,826.19,403.60
824.35,404.74,825.32,404.49
822.09,396.52,821.13,395.50
823.27,404.45,824.35,404.74
822.38,403.43,823.27,404.45
793.05,378.33,794.04,378.33
823.38,404.35,823.27,404.45
821.61,393.99,821.75,394.05
822.51,403.34,822.38,403.43
823.16,391.61,824.14,391.32
821.67,401.89,822.51,403.34
821.81,401.83,822.51,403.34
821.21,399.99,821.67,401.89
821.21,399.99,821.81,401.83
821.36,399.96,821.81,401.83
821.04,397.91,821.21,399.99
821.36,399.96,821.21,399.99
821.19,397.91,821.36,399.96
821.18,395.84,821.33,395.88
793.62,378.36,794.61,378.36
821.19,397.91,821.04,397.91
822.63,391.26,821.13,390.89
801.04,372.14,800.96,371.73
819.45,391.02,818.96,392.14
819.18,392.18,819.63,391.16
818.96,392.14,819.63,391.16
794.22,381.10,795.21,381.10
819.63,391.16,819.85,391.20
806.49,436.45,806.44,436.86
820.93,390.84,819.85,391.20
821.13,390.89,819.85,391.20
820.93,390.84,821.13,390.89
815.60,341.26,815.55,341.15
820.78,390.70,819.63,391.16
820.93,390.84,819.63,391.16
793.88,378.68,794.87,378.68
822.63,391.26,822.75,391.29
824.31,392.35,822.75,391.29
822.72,391.20,822.63,391.26
820.26,389.53,802.85,389.53
824.01,392.21,822.63,391.26
829.95,340.59,829.90,340.48
818.76,392.03,818.96,392.14
818.99,393.73,819.18,392.18
825.45,393.96,824.31,392.35
824.01,392.21,824.12,392.31
825.45,393.96,824.12,392.31
818.55,393.66,818.77,393.71
818.77,393.71,818.99,393.73
813.87,344.31,819.55,338.90
818.68,395.72,818.77,393.71
808.81,435.99,808.68,435.27
826.33,396.01,825.63,393.98
803.04,411.68,806.87,444.58
812.55,341.38,812.85,341.39
826.26,395.98,826.33,396.01
826.72,398.28,826.33,396.01
806.39,431.62,806.46,432.08
826.67,400.54,826.88,398.27
807.53,411.89,807.99,412.65
826.72,398.28,826.71,398.28
805.99,431.29,806.21,431.32
826.28,402.55,826.84,400.51
804.29,419.60,804.96,420.12
826.69,400.61,826.67,400.54
826.29,402.68,826.67,400.54
825.57,404.29,826.28,402.55
805.85,432.03,805.80,432.44
824.65,405.09,825.77,404.04
825.57,404.29,825.59,404.12
824.65,405.09,825.59,404.12
823.58,405.37,824.85,405.00
823.58,405.37,824.65,405.09
822.69,404.85,823.79,405.28
792.92,371.05,794.63,370.64
822.37,405.13,823.58,405.37
822.47,404.93,823.58,405.37
822.47,404.93,822.69,404.85
821.68,403.76,822.69,404.85
800.64,338.92,801.16,339.03
822.37,405.13,822.47,404.93
806.07,382.16,805.92,381.75
821.41,404.11,822.47,404.93
821.47,403.87,822.47,404.93
821.61,393.99,822.29,392.53
818.47,395.79,818.68,395.72
818.47,395.79,818.92,397.91
797.71,343.18,796.96,342.34
818.68,395.72,818.91,395.70
818.92,397.91,818.68,395.72
820.43,402.17,821.68,403.76
808.04,430.83,807.92,430.78
820.65,402.13,821.68,403.76
789.06,358.10,788.90,360.00
821.41,404.11,821.47,403.87
793.81,368.55,796.41,366.97
820.23,402.27,821.47,403.87
818.71,397.94,819.54,400.13
808.17,431.54,808.04,430.83
819.76,400.11,819.15,397.90
818.92,397.91,819.15,397.90
819.76,400.11,818.92,397.91
819.54,400.13,818.92,397.91
820.43,402.17,820.65,402.13
819.54,400.13,819.76,400.11
822.08,397.00,823.29,397.34
819.33,400.19,819.54,400.13
818.76,392.03,819.45,391.02
818.76,392.03,819.16,390.58
824.59,405.31,823.51,405.58
822.37,405.13,823.51,405.58
824.59,405.31,822.37,405.13
795.27,366.46,794.99,368.81
823.34,391.16,824.24,391.72
822.72,391.20,820.78,390.70
809.21,342.73,808.95,343.04
774.35,384.21,773.03,384.83
824.01,392.21,825.19,393.08
778.28,356.08,777.66,360.00
824.01,392.21,825.38,393.91
820.78,390.70,819.45,391.02
826.36,342.73,826.08,343.04
825.98,394.65,825.38,393.91
825.44,343.01,826.08,343.04
826.26,395.98,825.38,393.91
816.90,394.71,818.47,395.79
819.33,400.19,818.71,397.94
819.33,400.19,817.29,398.22
820.56,320.42,819.73,319.69
815.90,380.99,817.73,381.10
817.88,391.44,818.35,389.81
817.44,390.42,818.35,389.81
792.83,382.45,795.54,385.75
818.02,389.00,819.41,389.10
818.02,389.00,818.35,389.81
823.34,391.16,823.14,390.59
818.86,379.67,818.79,380.66
820.78,389.51,819.16,390.58
819.16,390.58,819.41,389.10
818.35,389.81,819.41,389.10
819.16,390.58,818.35,389.81
820.78,389.51,821.94,389.72
822.10,390.20,821.94,389.72
820.15,388.90,819.32,388.85
803.31,414.50,803.20,414.47
817.51,388.76,818.41,388.64
822.35,390.22,823.14,390.59
823.31,351.71,823.00,351.80
817.88,391.44,817.44,390.42
807.39,426.40,807.93,425.99
816.61,390.67,817.44,390.42
817.88,391.44,816.61,390.67
791.74,363.24,791.66,363.20
816.60,389.79,816.61,390.67
821.94,389.72,820.65,389.14
818.97,388.69,818.41,388.64
820.20,389.31,821.05,390.09
821.28,389.42,821.05,390.09
802.82,398.08,804.38,400.69
831.97,371.65,831.97,369.38
821.85,391.15,821.05,390.09
822.35,390.22,821.05,390.09
821.85,391.15,822.35,390.22
797.03,379.25,796.96,380.07
823.33,391.30,822.35,390.22
818.33,392.70,816.66,391.80
818.33,392.70,816.76,393.16
797.12,379.22,797.04,380.06
816.66,391.80,816.61,390.67
816.19,389.87,815.79,390.83
815.82,389.90,815.79,390.83
815.82,389.90,815.07,390.88
820.20,389.31,820.15,388.90
820.20,389.31,821.28,389.42
825.98,394.65,825.19,393.08
824.20,392.62,823.33,391.30
828.48,404.50,826.81,405.53
810.32,424.02,810.97,423.17
828.48,404.50,828.21,403.71
815.46,392.04,816.76,393.16
825.98,394.65,825.23,395.08
828.48,404.50,827.05,406.21
819.31,388.82,818.97,388.69
815.21,393.46,816.90,394.71
826.31,395.58,825.23,395.08
825.95,405.15,827.08,403.20
818.57,410.62,820.94,409.97
813.84,393.56,815.21,393.46
823.77,337.97,820.62,338.14
823.51,405.58,824.65,405.09
813.39,395.19,813.84,393.56
823.36,332.44,823.09,332.13
823.44,394.91,825.23,395.08
823.93,329.08,823.71,329.93
813.39,395.19,815.04,395.06
816.47,409.81,819.14,409.33
815.13,401.60,819.14,409.33
828.99,330.65,828.68,328.65
817.68,401.12,819.14,409.33
816.53,410.98,816.47,409.81
790.74,377.92,790.69,378.25
784.28,353.76,783.63,355.78
814.81,411.10,816.53,410.98
817.53,400.10,817.29,398.22
813.60,330.67,823.71,333.99
815.46,392.04,815.07,390.88
814.95,398.66,814.95,396.81
813.07,396.95,814.95,396.81
816.47,409.81,814.11,409.98
815.04,400.57,814.95,398.66
812.88,398.81,814.95,398.66
812.82,400.73,812.88,398.81
812.82,400.73,815.04,400.57
815.13,401.60,812.82,400.73
812.87,401.76,812.82,400.73
811.74,358.80,811.79,358.82
815.13,401.60,812.87,401.76
803.79,409.98,814.81,411.10
814.11,409.98,814.81,411.10
778.61,383.88,779.81,382.73
803.79,409.98,814.11,409.98
829.02,347.87,828.98,347.84
828.74,421.92,817.63,421.92
803.79,409.98,814.11,409.98
800.96,348.27,802.80,348.42
803.00,401.76,814.11,409.98
812.87,401.76,814.11,409.98
819.81,334.35,820.49,334.35
819.02,354.33,819.43,355.97
803.00,401.76,812.87,401.76
821.28,389.42,820.65,389.14
804.51,400.75,804.52,401.09
790.10,360.00,790.42,358.11
820.15,388.90,820.65,389.14
811.76,401.09,804.52,401.09
788.90,360.00,790.10,360.00
821.28,389.42,821.94,389.72
804.51,400.75,811.76,401.09
811.74,400.75,811.76,401.09
818.57,410.62,821.87,408.58
804.56,398.91,804.51,400.75
811.74,400.75,804.51,400.75
804.56,398.91,811.74,400.75
811.79,398.91,811.74,400.75
822.49,319.82,816.73,320.39
823.33,391.30,824.24,391.72
804.74,397.13,804.56,398.91
811.79,398.91,804.56,398.91
804.74,397.13,811.79,398.91
815.04,395.06,813.84,393.56
811.97,397.13,811.79,398.91
805.04,395.43,804.74,397.13
811.97,397.13,804.74,397.13
816.73,343.85,816.32,344.14
800.22,353.42,801.14,354.92
823.51,405.58,823.58,405.37
789.04,368.11,789.96,365.57
815.79,390.83,816.61,390.67
812.28,395.43,811.97,397.13
805.46,393.88,805.04,395.43
812.28,395.43,805.04,395.43
816.53,410.98,819.14,409.33
812.71,393.88,812.28,395.43
805.77,395.98,805.56,396.01
817.29,398.22,817.08,396.41
805.99,392.49,805.46,393.88
794.36,359.15,794.95,359.15
812.71,393.88,805.46,393.88
805.99,392.49,812.71,393.88
814.95,396.81,815.04,395.06
813.25,392.49,812.71,393.88
813.07,396.95,813.39,395.19
806.61,391.32,805.99,392.49
806.61,391.32,813.25,392.49
813.88,391.32,813.25,392.49
804.76,378.03,804.95,377.17
813.88,391.32,806.61,391.32
808.90,389.29,808.09,389.69
827.08,403.20,828.21,403.71
808.90,389.29,815.39,389.69
825.95,405.15,828.21,403.71
812.87,401.76,814.11,409.98
816.22,389.29,815.39,389.69
823.17,393.99,822.56,392.46
804.46,410.62,805.00,410.98
815.13,401.60,816.47,409.81
809.74,389.17,808.90,389.29
812.87,401.76,816.47,409.81
816.22,389.29,808.90,389.29
820.94,409.97,827.05,406.21
810.59,389.35,809.74,389.17
821.87,408.58,828.48,404.50
817.94,389.35,817.07,389.17
816.90,394.71,816.76,393.16
805.69,320.03,805.38,319.76
811.43,389.82,810.59,389.35
817.94,389.35,810.59,389.35
811.43,389.82,817.94,389.35
815.21,393.46,815.46,392.04
818.78,389.82,817.94,389.35
813.84,393.56,814.40,392.12
823.12,359.59,823.02,360.00
812.22,390.57,811.43,389.82
801.86,350.29,801.97,350.96
815.21,393.46,814.40,392.12
818.78,389.82,811.43,389.82
812.22,390.57,818.78,389.82
827.08,403.20,828.21,403.71
809.68,354.68,813.42,355.59
819.60,390.57,818.78,389.82
811.00,356.51,811.06,356.59
812.96,391.58,812.22,390.57
819.60,390.57,812.22,390.57
812.96,391.58,819.60,390.57
820.35,391.58,819.60,390.57
813.63,392.83,812.96,391.58
820.35,391.58,812.96,391.58
814.20,394.30,813.63,392.83
821.61,394.30,821.03,392.83
821.61,394.30,814.20,394.30
814.28,394.56,821.61,394.30
821.69,394.56,821.61,394.30
814.28,394.56,821.69,394.56
830.15,386.94,812.31,386.94
814.60,403.03,823.44,394.91
814.60,403.03,825.20,403.03
808.18,412.40,808.99,412.74
814.37,405.02,824.58,405.02
810.09,406.78,811.76,406.31
813.20,406.04,812.60,405.15
792.28,346.93,794.47,346.53
810.52,405.53,813.20,406.04
811.76,406.31,813.20,406.04
810.52,405.53,811.76,406.31
802.31,409.97,805.98,409.41
805.98,409.41,802.31,409.97
814.44,405.95,814.37,405.02
790.15,380.50,790.24,380.76
821.78,359.15,822.15,360.25
780.89,356.68,780.49,358.32
812.60,405.15,814.44,405.95
780.53,356.54,780.49,358.32
813.20,406.04,814.44,405.95
812.60,405.15,813.20,406.04
780.08,353.87,779.27,355.83
806.19,409.87,802.61,410.62
803.49,410.98,806.19,409.87
781.21,354.92,780.53,356.54
806.80,410.12,806.19,409.87
824.20,392.62,824.24,391.72
803.49,410.98,806.80,410.12
806.80,410.12,803.49,410.98
804.84,411.10,807.75,410.21
801.33,391.32,802.26,391.69
799.59,392.53,800.41,391.61
800.41,391.61,801.33,391.32
805.05,392.35,803.11,392.69
805.22,393.98,804.24,396.15
805.32,398.27,804.41,398.26
803.86,402.23,804.27,400.36
818.87,390.93,820.41,389.36
802.47,395.02,801.85,396.30
805.07,400.51,804.27,400.36
825.92,359.58,826.33,360.93
801.39,391.08,802.85,389.53
804.54,402.49,803.20,403.69
818.02,376.82,820.09,377.39
803.20,403.69,803.86,402.23
802.36,404.59,803.20,403.69
825.19,393.08,825.38,393.91
800.51,404.45,801.44,404.85
800.15,403.76,799.67,403.43
797.95,346.29,795.94,346.87
790.16,379.21,793.28,380.06
798.57,399.99,799.01,401.89
799.92,397.90,798.41,397.91
821.31,368.41,821.43,368.81
799.65,400.11,798.41,397.91
790.16,379.21,793.35,379.22
798.57,399.99,798.41,397.91
799.65,400.11,798.57,399.99
824.11,358.43,831.85,358.40
800.13,394.21,800.71,393.57
800.13,394.21,802.20,394.01
801.68,394.58,802.20,394.01
800.71,393.57,802.79,393.83
802.20,394.01,802.79,393.83
800.71,393.57,802.20,394.01
803.06,395.40,802.59,394.33
802.59,394.33,803.91,394.70
825.10,358.30,824.03,355.79
799.68,395.23,800.13,394.21
803.06,395.40,804.34,395.66
804.72,398.20,803.37,396.74
803.37,396.74,804.62,396.87
803.39,399.67,803.49,398.21
803.49,398.21,804.72,398.20
803.39,399.67,804.64,399.51
802.65,401.98,803.10,400.97
807.71,320.42,808.79,323.81
803.96,401.60,803.10,400.97
803.10,400.97,804.38,400.69
802.07,402.61,802.65,401.98
802.65,401.98,803.96,401.60
801.42,402.80,802.07,402.61
801.27,395.50,801.68,394.58
825.38,393.91,825.45,393.96
802.85,402.34,802.07,402.61
802.07,402.61,803.44,402.17
826.40,372.16,824.38,372.10
800.78,402.52,801.42,402.80
801.42,402.80,802.85,402.34
800.19,401.81,800.78,402.52
825.37,354.99,825.18,355.17
801.74,401.45,800.78,402.52
800.78,402.52,802.27,402.09
816.39,379.22,797.12,379.22
799.73,400.74,800.19,401.81
801.31,400.49,800.19,401.81
801.31,400.49,801.74,401.45
800.19,401.81,801.74,401.45
799.31,397.96,799.40,396.52
803.91,394.70,802.00,393.63
747.29,360.00,747.29,354.79
801.02,396.67,799.40,396.52
823.61,370.43,823.61,362.79
799.42,399.42,799.73,400.74
801.23,391.43,801.91,393.53
801.25,393.27,801.91,393.53
801.23,391.43,801.25,393.27
802.51,394.25,802.98,392.78
801.91,393.53,802.51,394.25
800.62,395.72,801.43,393.71
793.59,381.60,792.93,381.23
799.52,392.62,800.32,391.71
800.59,393.47,800.32,391.71
802.42,356.05,752.11,356.57
801.25,393.27,801.23,391.43
803.04,360.00,752.65,360.00
800.32,391.71,801.25,393.27
800.59,393.47,801.25,393.27
803.04,360.00,752.11,363.43
800.32,391.71,800.59,393.47
800.00,394.12,799.52,392.62
804.09,396.18,803.65,394.29
792.62,378.47,792.89,378.38
803.31,396.71,802.99,395.34
803.65,394.29,802.99,395.34
799.54,395.16,798.88,394.05
799.25,396.48,799.54,395.16
803.33,399.70,804.12,400.32
804.25,398.26,803.33,399.70
798.88,394.05,799.59,392.53
792.02,380.34,792.06,380.96
804.25,398.26,803.43,398.21
792.62,382.27,792.38,381.97
803.33,399.70,803.04,401.03
792.19,379.17,792.06,379.72
804.12,400.32,803.33,399.70
792.38,378.74,792.19,379.17
802.57,402.07,803.07,403.60
793.16,382.30,792.89,382.39
803.04,401.03,802.57,402.07
792.62,378.47,792.38,378.74
803.71,402.16,803.04,401.03
803.07,403.60,801.98,402.71
793.59,381.60,793.40,382.03
802.57,402.07,801.98,402.71
793.16,378.49,792.89,378.38
823.12,362.85,820.43,360.96
803.07,403.60,802.57,402.07
793.40,378.79,793.16,378.49
802.24,404.49,801.98,402.71
800.66,402.62,800.42,404.35
793.72,379.81,793.76,380.43
801.32,402.90,800.66,402.62
806.87,444.58,811.50,442.19
801.33,404.74,801.32,402.90
803.31,396.71,803.65,394.29
799.59,400.80,798.94,401.83
799.60,403.34,799.59,400.80
799.60,403.34,800.06,401.89
799.25,396.48,798.48,395.88
798.94,401.83,799.59,400.80
798.51,399.96,799.16,397.96
799.27,399.44,799.16,397.96
792.93,379.59,792.79,379.28
798.51,399.96,799.27,399.44
801.91,393.53,801.25,393.27
802.00,393.63,801.35,393.37
793.01,379.99,792.93,379.59
801.25,393.27,801.35,393.37
800.71,393.57,801.35,393.37
793.04,380.42,793.01,379.99
801.91,393.53,802.00,393.63
792.93,381.23,793.01,380.85
802.51,394.25,802.59,394.33
805.50,307.27,805.85,307.04
799.54,395.16,800.00,394.12
800.44,395.70,801.43,393.71
792.79,381.53,792.93,381.23
800.13,394.21,800.00,394.12
818.25,382.24,818.75,383.18
799.68,395.23,800.13,394.21
803.37,396.74,803.06,395.40
792.63,381.72,792.79,381.53
802.99,395.34,803.06,395.40
803.31,396.71,802.99,395.34
803.49,398.21,803.37,396.74
803.43,398.21,803.31,396.71
803.39,399.67,803.49,398.21
792.25,381.70,792.44,381.77
803.43,398.21,803.49,398.21
803.33,399.70,803.43,398.21
803.10,400.97,803.39,399.67
806.75,421.99,807.35,422.04
797.23,380.45,797.94,371.86
803.33,399.70,803.39,399.67
792.09,381.49,792.62,382.27
803.04,401.03,803.33,399.70
802.65,401.98,803.10,400.97
803.04,401.03,803.10,400.97
802.07,402.61,802.65,401.98
791.95,381.17,792.38,381.97
801.98,402.71,802.57,402.07
801.98,402.71,802.07,402.61
801.32,402.90,801.42,402.80
800.66,402.62,800.78,402.52
792.45,381.00,793.44,381.00
799.68,395.23,799.54,395.16
818.41,388.64,817.33,388.64
800.06,401.89,800.19,401.81
799.59,400.80,800.06,401.89
794.36,359.15,794.84,359.95
799.59,400.80,799.73,400.74
799.31,397.96,799.25,396.48
792.41,380.33,793.40,380.33
799.40,396.52,799.25,396.48
799.31,397.96,799.40,396.52
799.42,399.42,799.31,397.96
799.16,397.96,799.42,399.42
802.99,395.34,802.59,394.33
811.32,341.35,818.29,341.35
799.27,399.44,799.42,399.42
799.16,397.96,799.27,399.44
807.95,393.08,805.66,393.91
792.45,379.68,793.44,379.68
801.23,391.43,801.33,391.32
802.26,391.69,801.23,391.43
802.15,391.79,801.23,391.43
802.26,391.69,802.15,391.79
800.32,391.71,800.41,391.61
792.59,379.09,793.57,379.09
803.11,392.69,802.98,392.78
799.52,392.62,799.59,392.53
803.79,394.23,803.65,394.29
804.41,398.26,804.24,396.15
804.41,398.26,804.25,398.26
821.78,359.15,821.41,358.05
804.27,400.36,804.41,398.26
821.78,359.15,821.18,358.73
804.27,400.36,804.12,400.32
803.07,403.60,803.71,402.16
792.59,381.60,793.44,381.00
793.05,378.33,794.04,378.33
793.77,359.15,793.80,358.73
803.20,403.69,803.07,403.60
802.36,404.59,802.24,404.49
792.79,382.08,792.59,381.60
793.34,378.24,794.33,378.24
799.27,399.44,799.59,400.80
801.44,404.85,801.33,404.74
792.41,363.24,791.74,363.24
800.51,404.45,801.44,404.85
800.51,404.45,800.42,404.35
798.54,395.84,798.95,393.99
798.48,395.88,798.95,393.99
798.88,394.05,798.95,393.99
798.94,401.83,799.60,403.34
793.05,382.40,792.79,382.08
793.62,378.36,794.61,378.36
799.67,403.43,799.60,403.34
799.01,401.89,798.94,401.83
798.36,397.91,798.51,399.96
798.57,399.99,798.51,399.96
793.34,382.53,793.05,382.40
793.88,378.68,794.87,378.68
798.54,395.84,798.41,397.91
798.36,397.91,798.54,395.84
823.15,359.15,823.12,359.59
805.20,391.20,804.54,390.84
819.71,363.24,819.99,362.45
805.00,391.26,804.33,390.89
824.25,404.85,825.32,404.49
793.62,382.44,794.33,382.53
792.41,363.24,792.00,362.36
794.22,379.77,794.27,380.44
803.80,391.16,803.60,391.20
804.70,390.70,804.54,390.84
793.62,382.44,793.34,382.53
803.80,391.16,804.54,390.84
804.70,390.70,803.80,391.16
805.00,391.26,804.75,391.29
792.36,379.10,796.21,379.30
805.47,392.21,805.00,391.26
802.77,392.03,801.43,393.71
823.78,340.86,822.48,340.83
805.45,393.96,805.05,392.35
793.88,382.15,793.62,382.44
814.57,347.73,815.42,347.73
829.88,330.39,829.87,333.31
801.56,393.66,800.62,395.72
801.56,393.66,801.43,393.71
801.25,393.73,801.43,393.71
805.45,393.96,805.22,393.98
794.09,381.69,794.87,382.15
805.56,396.01,805.45,393.96
805.77,395.98,805.45,393.96
810.79,389.46,828.55,389.46
805.74,398.28,805.56,396.01
805.07,400.51,805.32,398.27
805.56,398.28,805.32,398.27
805.31,400.54,805.56,398.28
805.74,398.28,805.56,398.28
805.31,400.54,805.07,400.51
794.22,381.10,795.08,381.69
804.77,402.55,805.31,400.54
829.89,360.92,829.85,360.91
804.93,402.68,805.31,400.54
799.01,401.89,799.67,403.43
828.40,347.32,818.97,347.62
805.48,400.61,805.31,400.54
795.08,371.53,795.60,367.54
803.78,404.04,804.54,402.49
794.22,381.10,794.09,381.69
804.77,402.55,804.54,402.49
804.01,404.12,804.77,402.55
804.01,404.12,803.78,404.04
803.08,405.09,804.01,404.12
794.27,380.44,795.21,381.10
802.11,405.37,803.08,405.09
800.97,404.85,801.91,405.28
794.27,380.44,794.22,381.10
802.11,405.37,801.91,405.28
801.16,404.93,802.11,405.37
817.08,396.41,818.47,395.79
776.33,377.47,776.36,377.98
801.16,404.93,800.97,404.85
800.46,404.11,801.16,404.93
783.45,364.25,783.63,364.21
800.70,395.79,800.10,397.91
800.44,395.70,800.62,395.72
799.90,402.17,800.15,403.76
800.37,403.87,800.15,403.76
799.90,402.17,800.37,403.87
799.99,402.27,800.37,403.87
792.32,380.44,792.32,380.62
800.46,404.11,800.37,403.87
793.27,380.61,797.04,380.62
799.65,400.11,800.10,397.91
799.92,397.90,800.10,397.91
793.27,380.61,796.95,380.49
805.27,392.31,804.75,391.29
799.65,400.11,799.92,397.90
799.90,402.17,799.72,402.13
799.90,402.17,799.84,400.13
799.92,400.19,799.90,402.17
802.77,392.03,803.94,391.02
819.99,362.45,820.39,363.24
800.45,408.58,800.80,409.33
808.39,395.58,812.17,403.20
803.18,405.31,801.22,405.13
803.18,405.31,802.19,405.58
805.20,391.20,804.70,390.70
805.47,392.21,805.66,393.91
830.94,348.76,832.01,348.83
805.80,389.51,803.94,391.02
803.20,396.24,802.23,397.44
805.77,395.98,805.66,393.91
801.56,393.66,802.21,393.16
805.63,390.20,805.80,389.51
800.81,396.41,800.70,395.79
800.18,397.94,800.70,395.79
800.38,398.22,800.18,397.94
811.90,345.79,812.00,345.83
800.88,341.91,800.88,328.18
801.89,321.16,802.49,320.32
806.33,389.00,806.03,389.10
785.98,372.03,788.00,372.92
807.01,389.14,806.03,389.10
806.86,388.85,806.03,389.10
801.68,397.96,802.02,400.19
794.40,371.30,793.35,379.22
804.24,390.58,806.03,389.10
805.41,389.79,804.13,390.42
805.63,390.20,807.20,389.72
807.16,388.79,807.67,388.69
807.52,388.76,808.40,388.64
807.20,389.72,807.42,390.59
809.30,390.22,807.20,389.72
803.00,391.44,804.13,390.42
805.41,389.79,804.23,390.67
808.76,389.42,807.01,389.14
809.28,388.82,808.40,388.64
808.76,389.42,810.98,390.09
811.75,391.15,809.30,390.22
783.12,356.87,783.54,356.87
797.12,379.22,797.04,380.06
810.98,390.09,809.30,390.22
802.01,392.70,802.21,393.16
818.85,371.38,818.54,371.30
798.42,371.53,798.96,367.54
804.58,390.83,803.15,391.80
817.77,344.33,815.10,344.03
821.97,414.50,821.81,413.79
805.88,389.90,805.14,390.88
796.13,333.98,796.69,332.65
813.98,344.88,814.46,344.45
805.59,389.87,804.58,390.83
818.96,368.37,818.44,368.25
798.17,371.30,797.12,379.22
810.15,389.31,808.76,389.42
818.96,368.37,818.21,368.37
798.17,371.30,798.75,367.02
815.39,332.46,814.74,333.87
817.29,398.22,818.71,397.94
810.15,389.31,808.21,388.90
809.28,388.82,808.21,388.90
818.54,371.30,818.21,368.37
763.50,382.21,763.83,382.49
808.23,394.65,807.95,393.08
803.67,392.04,802.21,393.16
802.21,393.16,803.15,391.80
803.67,392.04,805.14,390.88
812.60,405.15,809.45,403.71
815.56,302.38,815.45,302.17
828.06,332.54,827.52,332.54
812.60,405.15,810.52,405.53
810.78,394.16,810.32,392.62
818.66,366.73,818.57,364.79
813.04,393.99,812.45,392.46
820.43,364.70,818.42,362.82
802.31,409.97,808.14,406.21
806.71,404.50,809.45,403.71
818.25,382.24,818.58,381.54
783.36,360.00,786.42,362.17
802.88,393.46,801.42,394.71
828.91,343.32,831.29,343.22
810.43,303.90,810.47,303.74
827.52,330.75,827.21,330.59
802.88,393.46,802.21,393.16
804.13,390.42,805.01,389.81
795.12,350.15,793.81,351.44
803.67,392.04,804.49,392.12
814.60,403.03,814.37,405.02
807.67,391.72,807.42,390.59
814.60,403.03,812.60,405.15
812.17,403.20,812.60,405.15
810.99,395.08,810.78,394.16
813.30,394.91,813.04,393.99
783.18,363.13,783.63,364.21
800.18,397.94,800.10,397.91
802.22,395.06,800.81,396.41
810.15,389.31,810.98,390.09
828.97,366.23,829.16,365.41
802.88,393.46,803.94,393.56
814.60,403.03,813.30,394.91
810.99,395.08,814.60,403.03
810.99,395.08,812.17,403.20
804.15,353.87,803.19,352.01
803.49,410.98,800.80,409.33
802.61,410.62,800.80,409.33
808.14,406.21,810.52,405.53
805.50,305.26,805.86,304.77
803.79,409.98,804.84,411.10
803.49,410.98,803.79,409.98
803.49,410.98,801.95,409.81
801.39,398.66,800.38,398.22
801.39,398.66,803.19,396.95
800.13,401.12,801.23,400.57
802.95,400.73,803.01,398.81
801.23,400.57,802.95,400.73
801.34,395.72,801.21,395.86
801.34,395.72,801.25,395.89
820.69,356.20,820.99,356.42
774.84,382.35,775.33,382.45
802.02,400.19,801.83,400.00
813.84,393.56,812.32,395.19
808.39,395.58,809.45,403.71
802.02,400.19,801.87,400.00
828.31,330.94,828.38,330.90
802.22,395.06,801.42,394.71
801.93,400.54,802.20,400.38
801.04,395.81,800.99,395.79
804.58,390.83,804.23,390.67
801.04,395.81,801.21,395.55
802.19,405.58,802.11,405.37
801.19,395.64,801.21,395.55
816.48,333.08,816.70,333.05
779.21,371.11,780.51,373.10
800.70,395.79,800.62,395.72
801.76,400.58,801.73,400.70
801.97,400.63,801.76,400.58
803.60,309.88,805.99,307.73
817.41,382.14,818.28,382.44
793.54,379.25,793.35,379.22
801.56,397.94,802.02,400.19
801.56,397.94,801.87,400.00
802.02,400.19,801.87,400.00
801.72,397.97,802.08,400.36
799.18,346.51,801.27,347.01
793.27,380.61,797.04,380.62
783.56,357.86,784.03,355.74
803.67,392.04,804.58,390.83
801.76,400.58,801.93,400.54
801.46,400.28,801.64,400.45
801.15,398.22,801.46,400.28
826.62,355.84,825.79,359.59
801.72,397.97,801.36,395.59
802.92,400.76,801.97,400.63
812.04,386.91,812.31,386.94
800.97,395.98,801.15,398.22
827.11,372.50,826.83,372.39
812.04,386.91,810.79,389.46
801.19,395.64,801.04,395.81
801.40,398.19,801.19,395.64
801.40,398.19,801.56,398.08
801.21,395.55,801.46,395.47
801.25,395.89,801.34,395.72
828.55,389.46,830.22,386.91
802.61,410.62,802.31,409.97
801.68,397.96,801.56,397.94
802.22,395.06,803.94,393.56
801.58,394.98,801.46,395.47
803.51,395.19,803.94,393.56
801.21,395.55,801.46,395.47
827.77,439.23,826.94,438.89
824.76,364.73,826.02,364.52
801.88,399.94,801.83,400.00
801.88,399.94,802.20,400.38
797.99,350.21,796.61,351.45
817.76,381.13,817.73,380.74
800.68,396.24,800.74,396.18
801.73,400.70,802.52,401.20
801.21,395.86,801.25,395.89
801.34,395.72,801.36,395.59
802.08,400.36,801.68,397.96
820.43,364.70,820.29,362.83
802.31,409.97,806.71,404.50
802.08,400.36,802.02,400.19
801.52,397.92,801.56,397.94
801.87,400.00,801.52,397.92
801.87,400.00,801.83,400.00
793.62,382.44,792.89,382.39
801.04,395.81,800.97,395.98
801.05,398.24,800.74,396.18
806.22,333.82,806.68,333.95
800.84,396.17,800.74,396.18
817.57,383.94,818.19,383.76
816.33,320.87,816.73,320.39
801.15,398.22,800.84,396.17
801.15,398.22,801.05,398.24
801.36,400.31,801.15,398.22
801.36,400.31,801.46,400.28
801.05,328.22,801.25,327.72
801.40,398.19,801.30,398.21
801.64,400.45,801.40,398.19
803.20,396.24,803.42,397.16
804.04,396.13,804.27,397.11
804.27,397.11,803.42,397.16
799.84,320.33,799.71,320.39
804.35,398.17,804.27,397.11
808.23,394.65,805.66,393.91
802.08,396.81,802.23,397.44
804.04,396.13,803.20,396.24
803.42,397.16,802.23,397.44
804.35,398.17,803.49,398.17
802.08,396.81,803.20,396.24
803.70,395.35,802.88,395.51
821.02,378.88,821.20,379.63
801.19,395.64,801.36,395.59
802.46,392.18,799.59,392.53
803.49,398.17,802.28,398.14
804.29,399.24,803.43,399.17
801.85,396.30,802.88,395.51
803.27,394.84,802.47,395.02
803.43,399.17,802.24,398.84
802.87,405.00,801.44,404.85
802.10,399.45,803.43,399.17
814.84,321.15,814.84,320.32
815.59,331.71,815.95,332.00
803.74,400.92,803.23,400.06
764.49,382.11,764.65,382.36
804.07,400.18,803.23,400.06
801.57,395.96,802.47,395.02
802.03,394.84,801.57,395.96
801.26,395.84,801.57,395.96
802.03,394.84,801.26,395.84
827.00,340.73,826.15,342.03
802.79,394.65,802.03,394.84
803.23,400.06,802.10,399.45
803.49,398.17,803.42,397.16
801.88,399.94,803.23,400.06
802.92,400.76,803.23,400.06
801.88,399.94,802.92,400.76
793.89,381.97,793.36,381.22
803.74,400.92,802.92,400.76
764.01,377.92,764.92,381.94
803.32,401.38,802.52,401.20
818.46,336.30,828.69,335.69
801.56,398.08,801.76,400.58
801.90,395.26,801.19,395.42
802.85,401.52,802.08,401.32
800.68,396.24,801.19,395.42
804.58,423.24,804.46,423.20
805.66,393.91,805.45,393.96
801.46,395.47,801.21,395.86
801.57,396.00,800.88,396.12
802.08,401.32,801.30,400.33
802.37,401.32,801.63,401.14
800.47,396.72,800.88,396.12
801.36,396.94,800.68,397.00
801.63,401.14,800.99,400.20
818.89,380.57,818.58,381.54
780.49,358.32,780.12,358.25
800.91,399.91,801.23,400.65
801.95,400.80,801.23,400.65
801.30,397.99,800.62,398.00
790.10,360.00,790.27,360.00
801.23,400.65,800.71,399.86
767.23,383.38,766.44,382.35
800.91,399.91,800.70,399.00
805.09,378.11,806.99,378.99
789.06,361.90,789.50,363.75
801.60,400.02,800.91,399.91
780.49,361.68,780.12,361.75
804.29,399.24,803.49,398.17
771.08,377.76,771.22,378.28
801.38,399.06,801.60,400.02
817.14,382.43,817.62,382.76
800.70,399.00,800.62,398.00
828.51,354.38,828.19,354.38
804.46,344.05,805.95,342.91
765.63,377.94,766.23,382.02
800.29,398.02,800.62,398.00
808.22,383.38,805.26,383.20
800.88,396.12,801.90,395.26
790.31,369.81,790.45,369.76
800.91,399.91,800.49,399.35
808.22,382.28,806.07,382.16
804.58,423.24,805.11,422.82
805.66,393.91,805.27,392.31
789.03,371.14,791.97,371.23
800.70,399.00,800.91,399.91
804.15,382.33,803.88,381.52
779.99,360.00,778.61,360.00
804.07,400.18,803.43,399.17
823.85,395.47,823.81,395.59
780.44,368.25,799.13,368.68
823.85,395.47,824.22,395.86
802.46,392.18,800.41,391.61
824.64,400.19,824.77,400.00
824.57,400.36,824.63,400.38
824.41,400.54,824.57,400.36
791.80,378.29,791.86,378.37
823.53,395.98,823.68,396.17
801.25,393.73,798.95,393.99
823.53,395.98,823.72,396.18
816.30,380.90,797.04,380.06
804.32,382.52,804.42,381.52
803.78,404.04,803.20,403.69
802.03,394.84,803.27,394.84
792.20,373.59,796.52,373.75
823.34,395.79,823.58,395.55
794.32,373.42,798.67,373.57
823.47,395.81,823.34,395.79
819.05,383.37,818.19,383.76
794.63,370.64,798.25,372.03
824.23,400.58,824.41,400.54
824.12,400.70,824.23,400.58
824.39,400.63,824.12,400.70
824.64,400.19,824.77,400.00
801.86,350.29,802.45,350.24
824.41,400.54,824.57,400.36
778.31,384.83,779.84,384.93
822.13,343.37,819.01,342.34
824.23,400.58,824.41,400.54
824.24,400.45,824.34,400.28
779.99,385.47,801.38,386.97
826.07,343.63,824.58,342.48
823.81,395.59,824.19,397.97
823.85,395.47,824.22,395.86
779.81,382.73,779.98,382.48
822.61,395.42,823.58,395.55
817.62,382.76,818.28,382.44
767.33,382.29,766.84,378.07
824.01,398.22,823.68,396.17
823.63,395.64,824.02,398.08
795.97,350.43,796.25,350.03
827.11,372.50,826.83,372.39
802.37,401.32,802.08,401.32
823.47,395.81,823.63,395.64
823.85,398.19,823.47,395.81
823.58,395.55,823.81,395.59
824.12,395.89,824.44,397.94
823.93,395.72,824.12,395.89
824.29,397.96,823.93,395.72
823.85,395.47,823.58,395.55
827.11,372.50,829.26,372.50
794.63,349.36,796.29,347.15
801.95,400.80,801.63,401.14
823.03,394.98,823.85,395.47
823.50,394.84,823.85,395.47
823.50,394.84,823.03,394.98
824.44,400.76,824.63,400.38
823.34,395.79,823.72,396.18
824.39,400.63,824.02,401.20
824.12,400.70,824.39,400.63
801.60,400.02,801.95,400.80
793.56,382.72,794.01,382.99
824.19,397.97,824.57,400.36
824.22,395.86,824.12,395.89
824.44,397.94,824.12,395.89
779.27,355.83,780.09,353.83
800.62,398.00,800.33,397.34
823.93,395.72,823.81,395.59
824.29,397.96,824.64,400.19
819.58,379.71,819.82,378.29
824.19,397.97,824.29,397.96
824.57,400.36,824.19,397.97
824.54,397.92,824.88,400.00
796.96,332.37,800.61,333.77
824.44,397.94,824.54,397.92
824.77,400.00,824.44,397.94
819.70,332.37,819.07,333.77
826.51,431.54,825.83,432.06
823.47,395.81,823.53,395.98
823.89,398.21,823.53,395.98
824.14,428.11,823.43,428.90
823.72,396.18,823.68,396.17
824.12,427.22,823.81,427.72
824.01,398.22,824.34,400.28
823.94,426.92,823.68,426.94
824.05,398.24,824.01,398.22
823.89,398.21,823.85,398.19
824.24,400.45,823.89,398.21
826.17,426.89,825.47,427.68
824.74,396.24,824.28,397.11
826.17,426.89,825.75,427.24
824.74,396.24,824.97,397.16
826.00,427.15,825.47,427.68
824.97,397.16,824.28,397.11
825.14,396.81,825.29,397.44
826.23,426.45,825.84,426.49
824.04,396.13,824.74,396.24
825.97,425.69,825.41,425.20
800.88,341.91,799.61,320.87
825.29,397.44,824.97,397.16
825.60,425.92,824.77,425.59
825.05,398.17,824.37,398.17
823.85,395.47,823.93,395.72
817.84,382.67,818.39,382.02
810.34,381.85,817.60,382.54
823.68,395.35,824.40,395.51
791.17,348.81,791.10,349.26
823.63,395.64,824.19,397.97
803.84,414.98,804.75,414.57
825.35,398.14,825.05,398.17
826.98,372.41,834.24,372.63
824.08,400.18,824.30,399.24
803.84,414.09,804.34,413.30
824.98,399.17,824.30,399.24
825.90,342.99,826.08,343.04
802.44,381.44,804.42,381.52
825.31,398.84,824.98,399.17
824.77,400.06,824.08,400.18
821.84,400.80,822.29,401.32
824.77,400.06,824.98,399.17
822.38,355.39,821.13,355.40
821.84,400.80,823.08,401.14
807.50,376.85,805.56,376.70
825.16,399.45,824.98,399.17
822.66,400.65,823.08,401.14
823.29,397.34,823.43,396.72
823.73,400.92,824.08,400.18
822.08,397.00,822.29,396.12
824.44,400.76,824.77,400.06
822.01,398.00,822.08,397.00
800.81,396.41,800.18,397.94
822.66,400.65,823.08,401.14
823.69,399.86,823.99,400.20
821.48,400.02,821.84,400.80
822.32,399.91,822.66,400.65
823.46,399.35,823.69,399.86
820.84,439.39,818.07,421.60
769.56,371.21,766.55,371.11
739.02,355.85,737.89,356.99
821.81,413.79,821.25,413.30
820.90,413.27,821.25,413.30
820.62,413.71,820.90,413.27
822.10,399.00,821.16,397.99
820.53,414.46,820.62,413.71
820.66,415.23,820.53,414.46
818.95,347.43,818.97,347.62
793.40,369.10,793.68,368.93
822.75,391.29,826.02,392.69
821.63,415.22,820.95,415.72
831.21,381.44,821.01,380.88
820.95,415.72,820.66,415.23
823.59,414.04,823.31,414.48
824.29,397.96,824.64,400.19
823.69,413.29,823.59,414.04
780.87,375.21,780.73,375.16
817.16,382.85,817.62,382.76
814.94,342.17,815.14,341.69
824.07,413.25,823.69,413.29
823.56,412.51,823.69,413.29
814.78,342.36,814.94,342.17
824.00,412.80,823.56,412.51
823.30,398.72,823.24,398.02
823.26,412.01,823.56,412.51
814.98,341.86,814.78,342.36
772.39,371.08,784.02,371.65
794.92,359.57,794.84,359.95
823.82,412.50,823.26,412.01
822.90,411.98,823.26,412.01
822.63,412.42,822.90,411.98
822.53,413.17,822.63,412.42
822.66,413.94,822.53,413.17
818.82,380.55,818.76,380.50
802.20,342.37,814.46,342.37
823.46,413.64,822.66,413.94
764.31,369.89,765.74,369.89
822.29,396.12,823.66,396.24
822.96,414.44,822.66,413.94
825.88,412.66,825.34,413.19
825.63,412.74,825.34,413.19
825.99,369.53,824.76,369.67
801.74,342.56,801.72,342.17
812.15,367.11,811.37,365.80
826.05,412.40,825.63,412.74
825.72,411.99,825.63,412.74
810.89,368.61,810.92,368.55
826.11,411.95,825.72,411.99
764.24,369.89,765.76,369.89
823.99,400.20,823.55,401.32
825.59,411.21,825.72,411.99
805.65,376.07,805.26,376.50
809.62,368.58,808.18,369.82
826.03,411.50,825.59,411.21
825.29,410.71,825.59,411.21
825.85,411.20,825.29,410.71
824.93,410.67,825.29,410.71
817.39,376.40,806.07,375.94
825.64,411.18,824.93,410.67
817.60,376.66,817.39,376.40
825.47,411.44,824.65,411.12
763.29,368.42,765.17,368.42
822.08,397.00,823.43,396.72
824.55,411.88,824.65,411.12
806.32,376.19,817.60,376.66
801.52,341.69,801.05,328.22
825.42,411.89,824.55,411.88
825.49,412.34,824.98,413.15
825.99,369.53,825.99,366.72
814.28,327.52,801.74,327.52
798.05,346.37,800.90,347.73
822.55,419.60,822.29,419.69
763.29,368.25,781.10,368.68
823.69,399.86,823.08,401.14
822.29,419.69,822.01,420.12
822.38,418.94,822.29,419.69
824.76,366.58,794.15,366.09
804.18,372.02,804.26,371.95
822.52,418.15,821.61,417.62
821.61,417.62,821.96,417.66
825.99,366.72,824.76,366.58
802.94,371.99,806.04,371.58
822.31,418.13,821.33,418.06
821.33,418.06,821.61,417.62
821.24,418.81,821.33,418.06
815.06,341.91,815.06,328.18
822.09,418.83,821.36,419.58
827.77,327.35,827.77,327.22
824.57,418.34,824.31,418.43
824.31,418.43,824.03,418.87
827.29,327.55,827.27,327.42
824.79,417.64,824.28,416.90
826.85,328.05,826.82,327.95
824.54,416.88,823.62,416.35
823.62,416.35,823.98,416.39
794.92,358.73,794.95,359.15
826.88,398.27,827.39,398.26
826.46,328.73,826.82,327.95
824.32,416.86,823.62,416.35
823.34,416.80,823.62,416.35
826.51,328.80,826.85,328.05
824.16,417.12,823.34,416.80
823.24,417.55,823.34,416.80
823.37,418.32,823.24,417.55
826.15,330.76,826.23,329.70
801.05,341.86,801.25,342.36
824.18,418.02,823.67,418.83
826.23,331.82,826.15,330.76
812.77,363.05,812.18,364.48
826.61,417.06,826.35,417.15
826.61,417.06,826.07,417.59
826.35,417.15,826.07,417.59
826.45,416.39,826.35,417.15
802.21,371.65,804.76,378.03
826.83,416.36,826.45,416.39
812.13,367.16,810.89,368.61
826.75,415.90,826.32,415.61
826.01,415.11,826.32,415.61
825.65,415.07,826.01,415.11
825.37,415.51,825.65,415.07
797.21,362.32,797.66,363.41
826.21,416.74,825.40,417.05
830.18,343.99,830.74,344.49
828.64,333.48,828.27,333.88
823.26,423.98,823.00,424.07
823.00,424.07,822.72,424.50
796.90,366.49,797.99,367.43
823.42,423.72,823.00,424.07
830.80,353.17,828.61,354.26
795.85,360.00,796.45,360.00
806.70,422.41,807.09,422.71
777.84,369.89,776.32,369.89
820.95,415.72,821.30,415.76
822.97,422.54,823.10,423.32
797.59,367.98,798.91,368.79
823.40,422.82,822.97,422.54
822.67,422.04,822.97,422.54
822.32,421.99,822.67,422.04
793.34,382.53,792.89,382.39
822.04,422.43,822.32,421.99
821.94,423.18,822.04,422.43
822.80,423.20,821.94,423.18
822.87,423.65,822.37,424.46
822.87,423.65,822.07,423.95
792.79,378.63,792.62,378.47
822.37,424.46,822.07,423.95
825.07,422.71,824.75,423.26
825.45,422.48,825.03,422.83
825.12,422.07,825.03,422.83
768.34,369.81,768.87,369.83
808.82,420.70,809.28,421.46
822.96,414.44,823.31,414.48
825.00,421.30,825.12,422.07
824.69,420.79,825.00,421.30
829.78,361.74,829.62,362.08
799.53,332.99,798.89,332.30
825.25,421.28,824.33,420.75
822.21,381.12,821.91,382.38
811.75,353.93,812.65,354.69
825.25,421.28,824.69,420.79
824.33,420.75,824.69,420.79
824.05,421.18,824.33,420.75
818.85,371.38,817.75,379.24
823.96,421.93,824.05,421.18
804.32,382.52,804.87,383.18
797.51,332.10,798.21,332.30
824.82,421.95,824.09,422.71
824.39,423.22,824.09,422.71
806.87,337.97,823.90,337.97
827.12,421.46,826.79,422.01
827.08,421.57,826.79,422.01
816.80,396.72,800.25,393.57
795.70,370.42,806.00,370.66
824.98,413.15,825.34,413.19
790.03,371.38,789.01,379.24
827.04,420.03,827.17,420.82
826.38,419.48,826.74,419.52
801.34,361.88,801.09,364.29
827.09,419.99,826.09,419.92
813.87,363.74,813.15,365.49
796.22,333.05,796.83,332.79
827.09,419.99,826.38,419.48
826.09,419.92,826.38,419.48
818.87,390.93,817.55,393.57
826.00,420.68,826.09,419.92
777.30,383.80,775.98,384.55
819.95,381.22,819.22,381.97
826.12,421.46,826.00,420.68
826.43,421.97,826.12,421.46
800.02,393.46,801.39,391.08
792.96,358.21,792.15,356.19
799.92,324.61,799.53,324.64
825.87,441.74,825.59,442.17
796.18,333.18,796.81,332.41
826.29,441.38,825.97,440.99
825.97,440.99,825.87,441.74
767.78,374.58,767.77,374.01
821.66,420.08,822.01,420.12
799.67,335.53,799.35,334.10
826.27,440.48,825.54,439.68
825.54,439.68,825.84,440.21
824.80,440.79,824.89,440.05
824.93,441.58,824.80,440.79
825.74,441.29,825.23,442.10
796.41,366.97,797.59,367.98
825.74,441.29,824.93,441.58
793.62,382.44,793.16,382.30
825.23,442.10,824.93,441.58
827.28,440.95,827.64,441.01
764.24,370.69,766.32,370.89
827.93,440.59,827.64,441.01
793.05,378.33,792.89,378.38
816.26,382.07,816.53,382.39
828.02,439.83,827.93,440.59
827.59,438.52,827.89,439.04
828.33,439.32,827.89,439.04
826.02,364.52,802.79,364.27
827.94,438.98,827.22,438.46
818.39,382.02,820.39,381.27
826.84,439.64,826.94,438.89
826.97,440.43,827.28,440.95
824.51,437.67,824.87,437.73
825.15,437.30,824.87,437.73
798.28,355.58,797.66,356.59
825.70,417.55,826.07,417.59
825.12,435.77,825.24,436.55
824.46,435.19,824.82,435.25
824.18,435.62,824.46,435.19
824.08,436.37,824.18,435.62
825.02,436.86,824.08,436.37
825.19,437.16,824.51,437.67
826.55,436.50,826.91,436.55
820.15,362.29,820.99,356.42
827.20,436.12,826.91,436.55
768.90,373.50,768.33,373.21
822.37,424.46,822.72,424.50
827.17,434.58,827.29,435.37
813.86,363.76,813.87,363.74
827.60,434.86,827.29,435.37
826.86,434.06,827.17,434.58
826.50,434.01,826.86,434.06
826.12,435.19,826.21,434.44
791.15,381.13,791.09,380.76
826.99,435.22,826.21,434.44
791.24,362.29,792.02,356.42
826.25,435.97,826.55,436.50
827.24,435.99,826.55,436.50
824.69,432.77,823.79,433.25
793.04,380.86,793.36,381.22
824.43,432.87,824.15,433.30
801.36,400.31,801.05,398.24
793.88,382.15,793.40,382.03
824.53,432.13,824.43,432.87
822.85,360.67,823.05,360.44
805.03,378.99,805.09,379.87
824.91,432.08,824.43,432.87
824.39,423.22,824.75,423.26
824.40,431.34,824.53,432.13
822.68,360.52,822.87,360.32
804.69,378.98,804.76,379.94
824.83,431.62,824.53,432.13
812.66,448.64,822.96,448.64
821.26,344.77,816.73,344.89
824.91,432.08,824.53,432.13
824.10,430.83,824.40,431.34
793.34,378.24,793.16,378.49
823.74,430.78,824.10,430.83
824.45,431.29,824.10,430.83
824.66,431.32,824.10,430.83
823.46,431.21,823.74,430.78
824.28,431.54,823.74,430.78
823.37,431.96,823.46,431.21
806.29,370.45,806.47,370.93
805.53,391.16,805.63,390.20
824.28,431.54,823.46,431.21
823.49,432.74,823.79,433.25
819.20,382.24,818.75,383.18
806.33,389.00,805.01,389.81
824.48,432.74,823.49,432.74
774.97,382.78,774.70,378.41
825.83,432.06,826.19,432.11
830.64,345.79,829.68,344.74
813.06,385.75,816.92,382.45
826.73,431.58,826.19,432.11
826.57,430.92,826.47,431.68
826.95,430.88,826.47,431.68
817.77,381.09,817.63,381.68
826.44,430.14,826.57,430.92
826.95,430.88,826.57,430.92
826.14,429.62,826.44,430.14
821.20,379.63,821.06,379.66
826.88,430.42,826.44,430.14
825.77,429.57,826.14,429.62
826.48,430.08,826.14,429.62
826.70,430.11,826.14,429.62
825.49,430.00,825.77,429.57
818.76,380.50,818.62,380.65
826.48,430.08,825.77,429.57
825.40,430.76,825.49,430.00
815.52,332.26,814.78,333.77
826.34,431.24,825.40,430.76
831.97,381.21,821.01,380.88
825.52,431.54,825.83,432.06
817.39,376.40,806.07,375.94
802.23,369.14,794.99,368.81
826.34,431.24,825.52,431.54
823.71,428.46,823.43,428.90
823.97,428.37,823.43,428.90
823.81,427.72,823.71,428.46
823.38,426.43,823.68,426.94
824.12,427.22,823.68,426.94
823.57,427.14,823.03,426.38
823.57,427.14,822.75,426.81
824.24,400.45,823.85,398.19
823.59,428.04,822.65,427.56
823.76,428.34,823.08,428.85
823.59,428.04,822.78,428.34
825.10,427.63,825.47,427.68
826.23,426.45,825.75,427.24
825.41,425.20,825.72,425.71
794.09,381.69,793.59,381.60
825.05,425.15,825.41,425.20
799.61,344.44,799.61,320.87
825.76,425.66,825.41,425.20
824.77,425.59,825.05,425.15
825.60,425.92,825.05,425.15
825.76,425.66,825.05,425.15
824.68,426.34,824.77,425.59
825.54,426.36,824.77,425.59
768.54,378.09,768.43,377.72
825.61,426.82,824.68,426.34
768.30,378.14,768.18,377.77
825.79,427.12,825.10,427.63
825.79,427.12,824.80,427.12
804.63,415.32,804.33,415.76
803.66,415.24,804.33,415.76
804.75,414.57,804.63,415.32
800.13,401.12,800.45,408.58
794.28,347.92,791.02,348.69
803.91,414.54,804.75,414.57
804.34,413.30,804.64,413.80
803.84,414.09,804.64,413.80
803.97,413.27,804.34,413.30
766.97,377.56,766.50,377.54
797.82,349.73,797.67,350.85
803.66,413.79,804.34,413.30
803.66,413.79,803.97,413.27
803.66,413.71,803.97,413.27
803.45,413.77,803.97,413.27
803.54,414.46,803.66,413.71
803.27,414.03,803.66,413.71
803.27,414.03,803.54,414.46
803.66,415.23,803.54,414.46
803.20,414.47,803.54,414.46
803.26,414.92,803.66,415.23
830.83,361.55,830.67,361.88
803.44,415.22,803.96,415.72
805.60,413.93,806.49,414.48
830.92,361.37,830.83,361.55
805.82,413.96,806.49,414.48
806.00,413.70,806.80,414.04
827.11,360.91,827.11,353.23
823.36,359.15,823.15,359.15
806.07,413.25,806.92,413.29
806.07,413.25,806.81,412.51
805.70,413.17,805.82,412.42
768.79,382.39,768.54,378.09
805.42,412.74,805.70,413.17
813.33,355.73,813.84,357.84
801.52,328.35,801.52,341.69
802.44,381.44,792.26,380.67
805.81,413.94,805.70,413.17
805.35,413.19,805.70,413.17
775.10,377.21,774.88,377.40
806.11,414.44,805.81,413.94
808.99,412.74,808.68,413.19
808.00,412.66,808.68,413.19
809.11,411.99,808.99,412.74
824.79,361.64,826.02,361.85
808.18,412.40,809.11,411.99
809.00,411.21,809.11,411.99
802.94,352.40,804.36,352.48
809.58,364.21,808.76,366.19
808.69,410.71,809.00,411.21
808.31,410.67,808.69,410.71
822.61,395.42,823.03,394.98
807.60,411.44,808.00,411.12
822.61,395.42,822.24,394.79
807.60,411.44,807.88,411.88
822.79,401.52,823.28,401.38
807.60,412.34,807.99,412.65
807.60,412.34,808.30,413.15
793.08,359.05,793.62,359.05
806.10,417.60,806.64,418.08
823.12,359.59,823.02,360.00
804.29,419.60,805.27,419.69
804.54,418.90,805.28,418.17
804.97,417.66,805.28,418.17
804.29,418.06,804.60,417.62
803.90,418.39,804.18,418.81
804.29,419.58,804.18,418.81
804.59,420.08,804.29,419.58
819.82,381.12,819.20,382.24
799.64,349.29,815.12,349.29
807.44,418.43,807.13,418.87
771.63,384.50,770.69,384.58
806.46,418.34,807.13,418.87
807.56,417.67,807.44,418.43
817.36,421.62,819.10,421.45
821.91,382.38,819.05,383.37
809.44,369.85,807.81,370.85
807.45,416.90,807.56,417.67
807.14,416.39,807.45,416.90
806.46,416.88,807.14,416.39
806.24,416.86,806.77,416.35
806.34,417.55,806.46,416.80
806.06,417.12,806.46,416.80
812.49,442.05,811.79,441.72
824.79,361.64,802.79,361.74
818.23,360.77,818.08,362.82
806.06,417.12,806.34,417.55
806.45,418.32,806.34,417.55
817.20,353.45,818.08,362.82
805.99,417.56,806.34,417.55
806.75,418.83,806.45,418.32
821.48,400.02,822.66,400.65
806.23,418.31,806.75,418.83
818.62,380.76,818.62,380.65
808.65,417.06,809.33,417.59
808.65,417.06,809.64,417.15
809.76,416.39,809.64,417.15
797.98,333.57,798.84,332.99
824.36,372.32,819.47,378.16
808.83,416.80,809.64,417.15
809.65,415.61,809.76,416.39
818.62,380.76,818.82,380.55
808.90,416.36,809.76,416.39
821.25,399.06,821.16,397.99
808.90,416.36,809.65,415.61
822.13,343.37,817.18,343.99
809.34,415.11,809.65,415.61
808.95,415.07,809.34,415.11
821.43,368.81,821.31,368.41
808.65,415.60,809.34,415.11
808.65,415.60,808.95,415.07
808.64,415.51,808.95,415.07
830.19,360.72,829.98,355.53
821.93,366.22,821.43,368.81
808.43,415.58,808.95,415.07
808.43,415.58,808.64,415.51
827.99,357.10,827.99,355.56
821.74,366.46,821.93,366.22
808.25,415.84,808.64,415.51
805.54,352.57,808.52,352.58
808.25,415.84,808.52,416.27
828.41,439.78,827.93,440.59
799.14,371.99,802.28,372.17
830.67,364.15,829.78,364.27
808.64,417.05,808.52,416.27
808.17,416.29,808.52,416.27
807.64,353.15,806.68,352.85
808.17,416.29,808.64,417.05
808.24,416.74,808.64,417.05
808.24,416.74,808.94,417.55
822.75,366.34,822.93,366.09
804.93,423.98,805.91,424.07
821.74,366.46,822.93,366.09
805.11,423.72,805.91,424.07
821.74,366.46,822.75,366.34
805.11,423.72,806.03,423.32
805.18,423.28,805.91,422.54
805.61,422.04,805.91,422.54
805.24,421.99,805.61,422.04
804.93,422.53,805.24,421.99
804.71,422.50,804.93,422.43
804.53,422.76,804.81,423.18
804.46,423.20,804.92,423.95
805.22,424.46,804.92,423.95
808.21,422.07,808.09,422.83
807.28,422.48,808.21,422.07
806.11,414.44,806.49,414.48
808.09,421.30,808.21,422.07
797.19,370.42,797.30,370.33
807.35,422.04,808.21,422.07
807.79,420.79,808.09,421.30
807.41,420.75,807.79,420.79
807.10,421.18,807.41,420.75
806.88,421.25,807.41,420.75
807.09,422.71,806.98,421.93
806.63,421.95,806.98,421.93
801.29,324.66,814.65,324.66
807.40,423.22,807.09,422.71
810.29,421.57,809.98,422.01
805.09,379.87,805.27,380.67
794.06,360.00,794.13,360.95
809.30,421.48,809.98,422.01
810.41,420.82,810.29,421.57
808.30,413.15,808.68,413.19
810.30,420.03,810.41,420.82
804.95,380.82,805.26,381.52
809.55,420.78,810.41,420.82
809.60,419.48,809.99,419.52
809.30,420.02,809.99,419.52
780.44,368.25,778.52,368.25
809.30,420.02,809.60,419.48
809.29,419.92,809.60,419.48
799.13,368.68,778.52,368.25
809.08,419.99,809.60,419.48
809.17,420.68,809.29,419.92
808.89,420.25,809.29,419.92
809.28,421.46,809.17,420.68
818.72,380.35,818.72,381.77
809.59,421.97,809.28,421.46
808.89,421.16,809.28,421.46
774.10,369.81,768.34,369.81
812.45,358.57,811.58,357.51
809.07,421.46,809.59,421.97
808.48,441.74,808.17,442.17
775.01,369.80,774.10,369.81
807.49,441.63,808.17,442.17
775.01,369.80,773.34,369.83
807.49,441.63,808.48,441.74
807.67,441.38,808.48,441.74
781.39,368.80,780.98,369.20
804.59,420.08,804.96,420.12
808.49,440.21,808.60,440.99
807.74,440.94,808.49,440.21
775.76,369.82,774.10,369.81
807.50,440.17,807.80,439.62
807.27,440.14,807.80,439.62
807.37,440.79,807.49,440.05
807.09,440.39,807.49,440.05
807.02,440.83,807.37,440.79
807.02,440.83,807.48,441.58
830.83,361.55,830.92,361.37
808.14,370.68,806.00,370.66
807.09,441.29,807.48,441.58
808.14,370.68,795.70,370.42
807.09,441.29,807.79,442.10
810.69,440.59,810.37,441.01
806.62,303.00,811.42,302.99
809.95,439.78,810.69,440.59
810.00,438.46,810.38,438.52
820.30,378.00,817.41,378.69
809.22,439.67,809.56,439.64
809.28,440.13,809.56,439.64
809.68,440.43,809.56,439.64
804.54,402.49,803.86,402.23
809.28,440.13,809.68,440.43
806.68,302.88,811.40,302.87
809.47,440.44,809.68,440.43
808.89,420.25,809.17,420.68
802.10,399.45,802.24,398.84
802.87,405.00,802.36,404.59
806.63,302.72,810.38,302.17
807.03,436.94,807.83,437.30
807.10,436.50,807.95,436.55
801.91,405.28,800.51,404.45
806.63,302.72,810.38,302.17
807.03,436.04,807.84,435.77
806.45,435.96,807.15,435.19
806.85,435.62,807.15,435.19
806.72,436.37,806.85,435.62
815.45,302.17,811.64,302.72
806.38,436.40,806.72,436.37
806.44,436.86,806.72,436.37
806.62,437.16,806.84,437.15
807.09,440.39,807.37,440.79
809.04,436.02,809.34,436.50
770.15,383.80,768.90,382.82
823.74,340.79,824.15,339.03
827.23,372.35,822.21,378.29
809.34,436.50,809.72,436.55
809.04,436.02,809.72,436.55
799.82,324.56,799.84,324.08
810.03,436.12,809.72,436.55
809.22,435.77,810.03,436.12
815.89,303.99,810.70,303.99
809.30,435.32,810.03,436.12
806.99,378.99,805.09,379.87
830.00,356.15,829.87,355.64
810.16,435.37,810.03,436.12
795.54,385.75,792.83,382.45
815.89,303.99,810.77,303.78
809.30,435.32,810.16,435.37
809.23,434.86,810.16,435.37
780.69,369.07,781.10,368.68
805.22,424.46,805.60,424.50
810.04,434.58,810.16,435.37
809.23,434.86,810.04,434.58
824.74,324.37,824.55,324.14
809.73,434.06,810.04,434.58
808.82,434.52,809.73,434.06
808.82,434.52,809.35,434.01
806.33,304.42,806.20,304.64
808.64,434.78,809.35,434.01
811.26,304.42,811.34,304.64
808.57,435.22,809.04,434.44
797.70,350.20,796.42,351.45
801.19,395.42,800.99,395.79
808.91,435.19,809.04,434.44
811.25,304.21,806.41,304.21
808.63,435.68,808.91,435.19
808.81,435.99,809.03,435.97
825.91,329.02,827.04,330.47
809.03,435.97,809.34,436.50
817.14,378.38,817.41,378.69
794.02,363.05,794.61,364.48
806.20,432.77,806.50,433.25
806.20,432.77,806.88,433.30
806.39,432.52,807.19,432.87
806.46,432.08,807.19,432.87
806.46,432.08,807.31,432.13
806.39,431.62,807.20,431.34
806.89,430.83,807.20,431.34
810.47,303.74,810.43,303.90
805.99,431.29,806.51,430.78
806.20,431.21,806.51,430.78
790.24,380.76,791.09,380.76
806.24,304.35,806.14,304.52
805.81,431.54,806.20,431.21
806.08,431.96,806.20,431.21
806.30,304.17,810.47,303.57
805.74,431.98,806.08,431.96
805.80,432.44,806.20,432.74
806.20,432.74,806.50,433.25
818.02,376.82,817.84,376.57
807.67,324.37,810.70,324.09
808.69,432.06,809.07,432.11
808.65,430.88,809.38,431.68
774.05,382.11,773.89,382.36
811.01,324.35,810.54,324.16
809.50,430.92,809.38,431.68
808.65,430.88,809.50,430.92
818.72,380.35,819.10,379.28
768.32,384.40,768.21,384.63
809.59,421.97,809.98,422.01
809.39,430.14,809.50,430.92
799.72,402.13,799.01,401.89
809.91,304.47,810.19,304.15
807.99,431.24,808.27,430.76
818.41,378.68,818.13,378.36
808.38,431.54,808.27,430.76
822.44,368.93,821.31,368.41
799.72,402.13,798.57,399.99
807.99,431.24,808.38,431.54
808.38,431.54,808.69,432.06
737.96,370.41,737.93,370.02
773.36,382.49,771.62,382.87
805.86,428.85,806.24,428.90
805.82,427.67,806.55,428.46
805.75,427.22,806.67,427.72
764.92,381.94,764.49,382.11
807.79,442.10,808.17,442.17
806.55,426.94,806.67,427.72
805.35,426.89,806.25,426.43
805.87,426.38,806.25,426.43
805.17,427.14,805.87,426.38
805.57,426.81,805.87,426.38
805.45,427.56,805.57,426.81
805.56,428.34,805.45,427.56
805.34,428.34,805.56,428.34
812.58,356.25,813.03,358.10
807.74,427.15,808.04,427.63
808.04,427.63,808.42,427.68
807.93,426.89,808.73,427.24
820.21,384.16,817.81,384.17
808.74,425.71,808.86,426.49
807.93,425.99,808.74,425.71
808.43,425.20,808.74,425.71
807.75,425.69,808.43,425.20
808.05,425.15,808.43,425.20
807.74,425.59,808.05,425.15
807.35,425.92,807.74,425.59
807.62,426.34,807.74,425.59
800.44,395.70,798.95,393.99
807.27,426.36,807.62,426.34
807.34,426.82,807.62,426.34
807.74,427.12,808.04,427.63
777.17,382.41,777.46,378.07
821.05,444.15,827.99,444.04
821.01,342.19,821.02,341.49
829.62,362.08,829.62,363.93
798.19,331.43,798.98,331.66
829.43,444.48,818.57,444.93
821.05,444.15,829.06,444.16
809.95,362.13,809.73,363.13
732.48,353.56,730.93,356.62
808.36,444.93,808.01,445.35
821.70,444.93,820.44,445.35
786.22,350.43,784.79,351.31
822.05,448.96,820.44,445.35
818.62,445.67,820.44,445.35
820.51,449.31,816.75,445.78
829.83,438.91,831.33,439.02
831.99,439.33,831.33,439.02
799.08,367.91,797.75,369.05
819.42,444.22,821.04,439.02
819.42,444.22,819.21,439.33
821.04,439.02,819.21,439.33
822.97,438.91,821.04,439.02
818.29,444.67,817.97,439.75
812.18,448.49,818.29,444.67
816.75,445.78,810.10,445.78
823.16,448.49,821.70,444.93
829.46,444.67,823.16,448.49
831.64,439.75,829.46,444.67
822.97,438.91,829.83,438.91
822.60,443.77,822.97,438.91
820.26,389.53,821.93,389.08
752.11,356.57,750.53,353.47
812.31,449.31,811.83,448.96
829.39,443.89,829.43,444.48
775.65,377.94,775.49,382.20
812.66,448.64,812.29,449.07
793.36,381.22,793.90,381.91
812.66,448.64,811.83,448.96
812.18,448.49,812.66,448.64
792.27,380.45,792.32,380.44
818.29,444.67,812.18,448.49
797.90,356.15,798.04,355.64
819.61,444.48,819.42,444.22
818.29,444.67,818.57,444.93
812.68,449.38,812.31,449.31
813.49,449.44,812.68,449.38
815.46,342.36,814.78,341.01
818.95,449.44,813.49,449.44
813.74,449.50,813.49,449.44
815.46,342.36,819.07,341.01
818.95,449.44,813.74,449.50
820.51,449.31,820.52,449.39
818.95,449.44,820.51,449.31
821.57,344.43,821.70,344.39
821.93,449.08,822.05,448.96
777.63,384.64,776.71,384.72
830.80,362.01,830.63,362.51
823.16,448.49,821.93,449.08
829.46,444.67,823.16,448.49
822.96,448.64,823.16,448.49
829.03,444.93,822.96,448.64
829.46,444.67,829.03,444.93
829.06,444.16,829.39,443.89
828.20,443.77,829.06,444.16
822.60,443.77,828.20,443.77
827.99,444.04,828.20,443.77
821.00,443.89,821.05,444.15
822.52,444.04,822.60,443.77
797.47,355.53,797.59,355.26
803.04,411.68,811.83,440.93
806.87,337.97,821.57,344.43
829.34,441.72,829.07,442.19
793.86,360.52,794.54,360.44
812.07,442.72,812.49,442.05
780.27,356.50,779.71,360.00
820.61,442.05,812.49,442.05
812.31,386.94,810.79,389.46
811.50,442.19,811.79,441.72
820.61,442.05,829.15,442.05
829.26,329.52,829.32,329.47
802.37,372.10,803.23,370.22
822.69,418.45,822.26,418.17
827.57,332.71,827.63,332.31
803.04,411.68,809.80,407.59
827.57,332.71,827.41,332.35
803.04,411.68,812.23,422.36
826.94,425.67,827.19,424.44
827.01,427.09,826.94,425.67
811.83,448.96,808.36,444.93
818.84,427.08,810.67,425.67
818.80,425.66,810.67,425.67
830.92,361.37,830.76,361.71
818.84,427.08,818.80,425.66
798.41,362.95,795.05,362.82
830.76,364.29,830.67,361.88
826.02,406.29,829.23,421.49
826.72,406.79,829.23,421.49
829.19,422.37,826.72,406.79
826.46,407.59,826.72,406.79
829.19,422.37,826.46,407.59
824.62,406.11,826.02,406.29
828.63,420.92,826.02,406.29
820.26,389.53,804.45,389.08
827.29,420.72,828.63,420.92
769.82,384.74,771.08,384.83
812.68,449.38,812.29,449.07
816.33,406.11,824.62,406.11
794.20,382.44,795.08,381.68
829.29,357.48,829.43,357.36
827.29,420.72,824.62,406.11
733.06,365.87,735.03,364.43
816.33,406.11,819.17,420.72
817.23,420.92,819.17,420.72
817.23,420.92,816.33,406.11
814.37,406.28,816.33,406.11
793.01,360.00,793.08,360.95
817.41,382.14,817.63,381.68
821.63,445.37,824.69,444.58
820.61,442.05,812.55,440.91
821.63,445.37,817.53,412.44
809.80,407.59,812.23,422.36
813.36,413.09,818.73,445.87
816.87,446.03,818.73,445.87
813.36,413.09,816.87,446.03
829.15,358.36,826.91,358.37
805.30,413.09,809.29,446.03
823.55,401.32,824.12,400.70
798.41,362.95,798.20,362.82
830.76,364.29,830.67,364.15
807.02,445.37,803.92,412.92
796.83,337.26,798.42,334.53
806.87,444.58,807.02,445.37
828.63,420.92,829.23,421.49
803.20,412.44,807.02,445.37
812.55,341.38,812.80,341.28
803.04,411.68,803.20,412.44
812.55,440.91,812.49,442.05
811.79,441.72,812.49,442.05
829.62,362.08,829.78,364.27
810.70,427.09,811.83,440.93
820.61,442.05,812.49,442.05
810.32,424.02,809.96,425.53
775.45,383.26,776.41,382.45
810.97,424.44,810.67,425.67
810.67,425.67,810.70,427.09
810.00,427.16,810.70,427.09
827.42,424.02,827.11,425.53
830.83,361.55,829.78,361.74
797.49,332.41,798.19,332.10
825.04,421.25,824.05,421.18
811.54,423.70,810.97,424.44
819.93,379.71,819.48,381.04
826.09,386.64,813.06,385.75
798.19,331.43,799.40,331.31
774.88,377.40,774.74,377.90
829.43,444.48,819.61,444.48
775.62,383.48,776.81,382.54
810.32,424.02,810.97,424.44
830.67,361.88,830.83,361.55
796.81,332.41,797.51,332.10
824.88,421.51,823.96,421.93
737.96,370.41,741.19,370.54
828.18,440.48,827.28,440.95
810.97,423.17,810.32,424.02
822.21,381.12,819.52,382.38
776.41,382.45,776.62,382.11
829.15,442.05,829.34,441.72
817.76,381.13,817.76,380.76
810.70,427.09,812.55,440.91
827.19,427.16,829.36,440.93
827.11,425.53,826.94,425.67
802.79,364.27,801.34,364.15
827.19,427.16,827.11,425.53
827.01,427.09,827.19,427.16
828.01,423.16,827.19,424.44
827.70,423.70,828.01,423.16
828.26,421.62,828.63,420.92
827.06,421.45,828.26,421.62
827.06,421.45,827.29,420.72
789.50,356.25,789.06,358.10
819.10,421.45,827.06,421.45
789.38,358.16,789.23,360.00
817.23,420.92,819.17,420.72
819.10,421.45,819.17,420.72
781.19,352.06,781.20,352.01
791.38,362.14,792.17,356.20
821.13,390.89,824.14,391.32
781.75,369.08,781.34,369.48
821.38,414.47,820.66,415.23
827.68,355.29,827.28,355.24
828.77,442.72,829.34,441.72
821.93,449.08,812.29,449.07
817.36,421.62,817.23,420.92
794.92,359.57,794.26,359.59
786.00,368.03,785.99,368.09
815.21,422.14,817.36,421.62
787.91,366.26,789.96,365.57
829.03,444.93,812.66,448.64
812.70,422.97,811.54,423.70
815.21,422.14,814.89,421.49
812.23,422.36,815.21,422.14
791.15,381.13,791.09,380.76
812.23,422.36,812.70,422.97
829.07,442.19,828.77,442.72
824.41,445.11,829.07,442.19
821.52,445.86,824.41,445.11
821.63,445.37,821.52,445.86
817.11,446.48,818.73,445.87
816.87,446.03,817.11,446.48
828.70,366.23,828.97,366.23
828.63,420.92,829.23,421.49
809.29,446.03,809.69,446.48
815.15,333.17,815.15,328.36
816.90,382.84,816.91,382.72
812.07,442.72,812.49,442.05
816.92,382.36,816.90,382.84
808.32,348.83,808.11,350.07
807.59,445.86,808.58,446.33
808.26,351.91,811.35,351.84
806.87,444.58,811.50,442.19
818.95,449.44,816.75,445.78
780.52,377.66,780.34,377.80
812.07,442.72,811.50,442.19
808.26,351.91,809.39,353.75
806.87,444.58,812.07,442.72
809.22,353.80,810.04,355.78
807.45,445.11,807.02,445.37
806.87,444.58,807.02,445.37
807.45,445.11,806.87,444.58
793.29,368.71,793.58,368.54
815.14,328.35,814.98,328.22
783.18,371.27,781.34,369.48
821.46,414.92,820.66,415.23
828.20,443.77,822.97,438.91
783.33,357.87,783.54,356.87
826.46,407.59,824.92,405.53
826.02,406.29,826.72,406.79
827.60,357.37,829.29,357.48
824.40,405.15,826.72,406.79
826.72,406.79,824.92,405.53
824.40,405.15,826.02,406.29
824.62,406.11,826.02,406.29
824.62,406.11,824.40,405.15
823.39,405.02,824.40,405.15
831.07,355.76,831.56,354.34
821.05,444.15,819.42,444.22
816.33,406.11,823.39,405.02
826.46,407.59,824.86,406.21
818.78,409.97,824.86,406.21
820.12,411.68,826.46,407.59
816.33,406.11,815.55,405.02
814.37,406.28,816.33,406.11
824.38,353.49,823.94,362.79
820.12,411.68,818.78,409.97
816.72,410.62,820.12,411.68
777.30,383.80,778.56,382.82
814.14,405.15,814.37,406.28
815.02,410.98,815.27,412.92
779.98,382.48,780.47,378.22
804.62,371.04,802.79,372.15
813.36,413.09,815.02,410.98
813.65,411.10,815.02,410.98
810.33,406.21,812.41,405.53
818.70,377.92,820.58,378.80
805.99,411.10,813.65,411.10
805.99,411.10,813.36,413.09
816.92,382.36,816.91,382.72
805.30,413.09,805.99,411.10
821.84,415.24,821.30,415.76
805.00,410.98,805.30,413.09
821.84,415.24,821.58,415.32
805.00,410.98,803.92,412.92
803.04,411.68,804.46,410.62
803.04,411.68,803.20,412.44
769.31,370.98,769.56,371.21
821.60,413.77,820.62,413.71
818.78,324.08,818.98,323.65
803.04,411.68,809.80,407.59
821.44,414.03,820.53,414.46
804.47,409.97,803.04,411.68
824.01,413.70,823.59,414.04
828.74,421.92,827.48,421.74
824.01,413.70,823.69,413.29
828.74,421.92,819.46,421.74
819.10,360.25,819.27,360.25
816.83,382.51,817.14,382.43
823.51,427.58,822.65,427.56
821.00,443.89,819.42,444.22
774.04,385.04,774.16,384.80
818.02,382.42,820.09,381.87
821.49,441.52,812.78,441.46
808.94,417.55,808.64,417.05
821.49,441.52,810.38,427.45
830.76,364.29,830.67,364.15
808.67,366.22,809.68,365.32
828.33,424.05,827.97,424.79
818.62,380.76,818.62,380.65
808.28,348.77,808.32,348.83
811.47,424.05,810.75,424.79
823.61,412.48,822.63,412.42
827.81,426.03,827.97,424.79
828.41,439.78,828.02,439.83
799.14,371.99,801.04,372.14
830.67,364.15,829.62,363.93
827.88,427.45,810.38,427.45
782.12,377.93,781.98,377.77
810.35,426.03,827.81,426.03
802.65,389.36,804.27,388.90
819.63,421.97,827.74,421.97
818.58,439.21,820.99,438.68
818.58,439.21,815.34,422.74
815.96,440.03,818.58,439.21
819.18,392.18,823.16,391.61
779.29,377.61,779.32,378.12
828.23,426.13,828.36,425.06
828.69,327.91,828.73,327.80
822.09,418.83,821.24,418.81
825.97,425.69,825.72,425.71
768.48,373.22,768.72,373.56
810.75,424.79,810.35,426.03
828.33,424.05,827.97,424.79
828.36,425.06,827.97,424.79
808.82,420.70,809.17,420.68
810.38,427.45,810.29,426.13
810.31,427.41,810.29,426.13
828.30,427.41,827.81,426.03
826.82,327.95,827.27,327.42
824.71,417.18,824.28,416.90
829.09,423.32,828.33,424.05
830.21,441.39,828.30,427.41
827.88,427.45,828.30,427.41
830.21,441.39,827.88,427.45
830.21,441.39,829.81,441.46
830.89,364.55,830.92,364.63
829.30,422.46,829.09,423.32
783.93,377.84,784.17,377.64
829.67,422.74,829.45,423.62
823.02,360.00,823.22,360.09
785.56,368.02,786.80,369.72
832.02,440.03,830.21,441.39
829.98,441.74,830.21,441.39
829.67,422.74,829.30,422.46
831.77,440.40,832.02,440.03
812.49,360.95,812.56,360.00
806.32,376.19,817.39,376.40
827.48,421.74,828.74,421.92
829.32,331.60,829.04,332.50
799.17,366.53,800.25,367.19
825.49,412.34,824.68,412.65
829.08,422.17,828.74,421.92
829.26,331.57,829.32,331.60
797.99,367.43,799.22,368.18
825.67,412.64,824.98,413.15
827.48,421.74,829.08,422.17
827.74,421.97,829.08,422.17
829.40,330.53,829.26,331.57
799.22,368.18,800.55,368.74
822.55,419.60,822.01,420.12
799.32,325.73,799.08,325.60
827.74,421.97,827.48,421.74
799.14,348.01,801.04,347.86
819.46,421.74,827.74,421.97
829.09,328.53,829.26,329.52
822.52,418.15,821.96,417.66
819.63,421.97,819.46,421.74
817.63,421.92,819.63,421.97
804.47,346.87,806.47,347.70
817.69,422.17,819.63,421.97
822.91,438.49,830.60,438.93
805.22,348.86,806.86,350.26
822.87,438.93,830.60,438.93
815.41,422.46,817.63,421.92
791.47,353.11,790.51,354.67
828.33,424.05,828.36,425.06
817.69,422.17,817.63,421.92
820.99,438.68,822.91,438.49
808.76,353.81,809.58,355.78
811.28,424.38,810.75,424.79
808.77,353.76,809.58,355.78
811.47,424.05,810.75,424.79
826.50,396.03,827.22,396.15
826.82,327.95,827.29,327.55
824.71,417.18,823.98,416.39
783.53,362.15,786.42,362.17
829.09,423.32,828.67,424.39
815.34,422.74,815.41,422.46
805.62,357.87,809.48,356.87
812.83,423.62,815.34,422.74
800.25,352.82,800.65,353.15
826.84,400.51,827.25,400.36
805.62,357.87,805.79,360.00
812.83,423.62,811.28,424.38
826.88,398.27,827.25,400.36
826.46,328.73,826.85,328.05
824.32,416.86,823.34,416.80
830.89,364.55,830.67,364.15
800.25,352.82,801.77,352.68
826.84,400.51,826.81,402.23
826.23,329.70,826.46,328.73
824.10,417.56,823.24,417.55
816.90,396.68,817.65,393.46
812.83,423.62,811.47,424.05
826.51,328.80,826.46,328.73
824.16,417.12,823.24,417.55
830.89,364.55,830.76,364.29
826.23,329.70,826.51,328.80
824.10,417.56,823.37,418.32
821.09,439.10,820.99,438.68
813.15,365.49,812.18,364.48
826.77,416.80,826.35,417.15
819.62,423.69,819.08,424.43
818.58,439.21,821.09,439.10
818.80,439.60,821.09,439.10
795.12,350.15,792.46,351.42
829.81,441.46,829.98,441.74
785.98,372.03,787.94,372.84
828.74,421.92,829.67,422.74
818.80,439.60,818.58,439.21
815.96,440.03,818.80,439.60
826.82,333.49,826.46,332.75
809.26,368.29,807.86,369.49
826.58,415.60,825.65,415.07
792.46,351.42,791.22,352.86
816.23,440.40,818.80,439.60
792.46,351.42,791.47,353.11
816.23,440.40,815.96,440.03
813.03,441.73,821.49,441.52
812.78,441.46,821.49,441.52
813.03,441.73,812.78,441.46
823.40,422.82,822.67,422.04
784.29,361.98,784.76,363.92
812.78,441.46,810.38,427.45
812.78,441.46,812.72,441.39
824.74,324.37,827.89,324.09
792.10,348.83,792.22,351.32
829.78,361.74,830.83,361.55
804.69,371.67,806.29,370.45
825.51,422.04,825.00,421.30
785.31,378.46,784.97,378.03
826.69,400.61,826.72,398.28
820.78,390.70,820.78,389.51
820.23,402.27,821.41,404.11
825.18,366.89,825.37,362.80
826.29,402.68,826.69,400.61
811.35,351.84,809.97,350.24
825.77,404.04,826.11,403.69
822.72,391.20,823.34,391.16
824.85,405.00,824.25,404.85
818.33,392.70,818.76,392.03
803.37,347.73,806.42,347.64
826.26,395.98,825.98,394.65
806.25,350.35,807.64,351.98
826.29,402.68,828.48,404.50
805.12,355.80,809.60,355.75
819.33,400.19,817.68,401.12
823.34,394.06,822.76,398.08
822.72,393.83,823.34,394.06
823.90,394.70,822.76,398.08
823.34,394.06,823.90,394.70
823.05,423.95,822.37,424.46
822.11,394.01,822.76,398.08
802.94,371.99,804.79,371.54
825.28,422.74,824.75,423.26
821.56,394.58,822.11,394.01
822.32,379.71,819.82,381.12
804.69,371.67,806.47,370.93
825.51,422.04,825.12,422.07
773.24,384.00,774.57,384.76
769.24,383.94,768.34,384.01
820.99,438.68,822.87,438.93
822.72,393.83,822.76,398.08
825.43,421.58,825.00,421.30
824.69,444.58,829.34,441.72
830.67,361.88,829.78,361.74
811.00,356.51,811.46,357.62
824.88,421.51,824.05,421.18
823.90,394.70,824.35,395.66
798.84,332.99,798.21,332.30
824.90,422.41,824.09,422.71
821.13,395.50,822.76,398.08
821.56,394.58,822.76,398.08
798.84,332.99,797.43,332.97
824.90,422.41,824.39,423.22
821.13,395.50,821.56,394.58
796.81,332.41,797.51,332.10
827.30,420.02,826.74,419.52
782.60,382.83,783.21,382.67
820.86,396.67,822.76,398.08
827.48,420.32,826.74,419.52
821.13,395.50,822.76,398.08
827.30,420.02,826.38,419.48
781.20,367.99,785.40,368.08
820.86,396.67,821.13,395.50
768.78,376.02,768.56,376.12
819.15,397.90,821.04,397.91
799.35,334.10,797.98,333.57
813.13,365.53,812.13,367.16
826.92,420.25,826.00,420.68
828.25,327.47,828.83,327.91
825.41,437.20,824.51,437.67
783.26,367.91,784.18,370.93
824.76,398.20,822.76,398.08
826.86,420.70,826.12,421.46
824.65,396.87,824.76,398.20
824.76,398.20,822.76,398.08
802.64,362.08,802.79,364.27
824.67,399.51,822.76,398.08
824.76,398.20,824.67,399.51
802.64,363.93,801.34,364.15
824.40,400.69,822.76,398.08
799.79,337.12,799.67,335.53
825.88,440.14,824.89,440.05
802.69,343.33,804.92,336.84
824.40,400.69,822.76,398.08
802.64,363.93,801.34,361.88
823.96,401.60,822.76,398.08
822.79,402.34,822.76,398.08
823.41,402.17,822.79,402.34
822.79,402.34,822.76,398.08
822.18,402.09,822.76,398.08
822.79,402.34,822.18,402.09
820.78,397.97,822.76,398.08
821.17,400.49,822.76,398.08
823.79,339.12,823.85,338.68
819.76,400.11,821.21,399.99
820.88,399.29,822.76,398.08
821.17,400.49,820.88,399.29
820.88,399.29,820.78,397.97
818.39,377.25,818.70,377.92
827.42,434.55,827.17,434.58
799.17,366.53,798.71,365.44
816.64,389.19,817.50,389.34
817.80,388.79,817.97,388.87
816.64,389.19,816.60,389.79
816.64,389.19,817.80,388.79
824.66,431.32,824.40,431.34
800.45,408.58,801.22,405.13
817.68,401.12,821.87,408.58
805.48,400.61,805.74,398.28
825.61,426.82,824.80,427.12
804.70,331.37,804.65,330.72
799.84,325.06,799.68,325.44
806.71,404.50,805.74,398.28
793.45,380.99,791.29,381.10
802.01,392.70,803.00,391.44
804.70,331.46,804.65,330.72
808.39,395.58,805.74,398.28
800.12,325.35,799.68,325.44
797.52,371.27,797.53,370.24
805.77,395.98,805.74,398.28
806.71,404.50,800.45,408.58
803.84,414.98,804.63,415.32
799.99,402.27,800.46,404.11
825.00,435.96,824.46,435.19
801.56,393.66,802.01,392.70
827.21,434.52,826.86,434.06
799.92,400.19,799.99,402.27
800.13,401.12,799.99,402.27
802.82,398.08,803.37,394.06
791.29,381.10,792.01,381.86
802.79,393.83,802.82,398.08
802.82,398.08,803.91,394.70
801.68,394.58,802.82,398.08
805.53,391.16,804.70,390.70
826.00,427.15,825.10,427.63
802.20,394.01,802.79,393.83
824.24,400.45,824.38,400.31
802.82,398.08,802.79,393.83
802.82,398.08,804.34,395.66
803.91,394.70,802.82,398.08
802.82,398.08,801.68,394.58
801.27,395.50,802.82,398.08
802.82,398.08,804.62,396.87
804.34,395.66,802.82,398.08
801.02,396.67,801.27,395.50
823.76,340.46,823.59,340.53
801.02,396.67,802.82,398.08
804.62,396.87,804.72,398.20
825.91,441.60,825.59,442.17
802.82,398.08,804.72,398.20
804.62,396.87,802.82,398.08
804.72,398.20,802.82,398.08
804.38,400.69,802.82,398.08
802.82,398.08,803.44,402.17
803.96,401.60,802.82,398.08
803.44,402.17,802.85,402.34
802.82,398.08,802.85,402.34
803.44,402.17,802.82,398.08
814.00,360.00,813.84,362.16
802.85,402.34,802.27,402.09
802.82,398.08,802.27,402.09
802.85,402.34,802.82,398.08
826.88,430.42,826.57,430.92
802.82,398.08,801.74,401.45
826.70,430.11,826.44,430.14
802.27,402.09,802.82,398.08
801.74,401.45,802.82,398.08
802.82,398.08,801.02,396.67
793.68,368.93,794.99,368.81
826.51,431.54,825.52,431.54
799.63,353.78,799.05,354.68
800.94,397.97,802.82,398.08
824.14,428.11,823.71,428.46
802.82,398.08,801.04,399.29
801.31,400.49,802.82,398.08
823.94,426.92,823.38,426.43
802.82,398.08,800.94,397.97
823.73,426.89,823.03,426.38
801.04,399.29,802.82,398.08
806.33,389.00,805.83,389.34
805.42,413.64,806.11,414.44
812.76,356.96,812.11,357.17
801.73,400.70,801.36,400.31
806.68,389.19,806.33,389.00
823.76,428.34,822.78,428.34
805.41,389.79,805.36,389.67
806.68,389.19,805.36,389.67
827.70,423.70,827.19,424.44
806.68,389.19,806.74,388.87
826.95,355.82,829.52,355.79
805.59,389.87,805.41,389.79
806.68,389.19,805.41,389.79
807.52,388.76,807.16,388.79
810.63,425.05,810.29,426.13
806.68,389.19,805.88,389.90
799.03,324.65,799.09,325.13
804.70,329.99,804.83,329.46
802.77,392.03,803.00,391.44
805.59,389.87,806.68,389.19
825.54,426.36,824.68,426.34
801.36,395.59,801.46,395.47
801.34,395.72,801.46,395.47
801.36,395.59,801.34,395.72
804.85,332.11,804.70,331.46
800.26,325.02,800.12,325.35
804.14,404.29,803.18,405.31
802.08,400.36,802.02,400.19
804.70,331.37,804.70,331.46
799.84,325.06,800.12,325.35
806.71,404.50,803.18,405.31
802.20,400.38,802.02,400.19
802.08,400.36,802.20,400.38
794.28,347.92,794.52,349.25
803.91,414.54,804.64,413.80
800.97,395.98,800.99,395.79
801.04,395.81,800.99,395.79
800.97,395.98,801.04,395.81
801.73,400.70,801.76,400.58
801.64,400.45,801.73,400.70
797.47,360.91,799.92,360.92
819.94,377.86,816.83,378.26
820.21,442.72,812.49,442.05
802.08,396.81,802.23,397.44
803.26,414.92,803.96,415.72
802.28,398.14,802.23,397.44
802.24,398.84,802.28,398.14
801.52,397.92,801.85,396.30
806.00,412.80,806.50,412.01
808.25,379.06,807.05,378.17
801.26,395.84,801.57,395.96
769.35,382.53,767.76,382.11
823.50,394.84,824.60,395.96
805.82,412.50,806.13,411.98
801.52,397.92,802.10,399.45
801.52,397.92,801.21,395.86
801.26,395.84,801.21,395.86
801.83,400.00,801.52,397.92
816.48,332.37,815.76,332.37
801.88,399.94,801.52,397.92
801.83,400.00,801.88,399.94
822.10,399.00,822.01,398.00
808.83,416.80,809.76,416.39
819.62,423.69,827.19,424.44
801.05,398.24,800.74,396.18
824.57,370.13,824.46,369.86
810.44,355.26,809.59,354.56
801.05,398.24,801.30,400.33
810.44,355.26,810.81,354.62
824.57,370.13,824.39,369.89
801.05,398.24,800.47,396.72
821.79,395.26,822.24,394.79
807.53,411.89,807.88,411.88
801.05,398.24,800.33,397.34
801.05,398.24,800.71,399.86
800.49,399.35,800.71,399.86
800.34,398.72,800.49,399.35
801.05,398.24,800.34,398.72
823.81,395.59,823.85,395.47
804.26,396.95,804.07,398.81
824.57,400.36,824.63,400.38
804.74,397.13,804.07,398.81
824.64,400.19,824.63,400.38
824.57,400.36,824.64,400.19
808.14,370.68,785.63,378.43
830.92,361.37,830.67,361.88
805.04,395.43,804.26,396.95
823.53,395.98,823.34,395.79
824.23,400.58,824.12,400.70
824.24,400.45,824.23,400.58
805.56,392.12,805.01,393.56
824.60,395.96,824.90,396.30
813.33,392.12,812.77,393.56
824.28,395.84,824.60,395.96
830.10,354.46,829.73,356.03
824.93,399.94,825.16,399.45
824.54,397.92,825.16,399.45
824.54,397.92,824.28,395.84
807.77,412.64,808.30,413.15
822.93,366.09,821.93,366.22
824.05,398.24,824.31,400.33
824.05,398.24,823.43,396.72
824.05,398.24,823.69,399.86
804.47,418.45,804.97,417.66
823.30,398.72,823.24,398.02
804.08,418.13,804.60,417.62
804.30,418.15,804.60,417.62
823.46,399.35,823.30,398.72
804.53,423.65,805.22,424.46
821.97,414.50,821.84,415.24
813.03,361.90,812.55,361.83
821.97,414.50,822.00,414.98
803.89,419.28,804.59,420.08
822.06,414.54,822.00,414.98
801.52,397.92,802.23,397.44
821.98,414.09,822.06,414.54
790.55,368.37,790.43,368.39
821.44,414.03,821.60,413.77
821.38,414.47,821.44,414.03
806.46,416.88,806.77,416.35
821.46,414.92,821.97,414.50
826.02,361.85,802.79,361.74
821.63,415.22,821.46,414.92
812.22,390.57,811.23,389.31
824.01,413.70,823.85,413.96
824.54,397.92,824.60,395.96
824.07,413.25,824.01,413.70
824.00,412.80,824.07,413.25
823.82,412.50,824.00,412.80
808.83,415.90,809.65,415.61
823.98,413.22,823.82,412.50
812.96,391.58,812.07,390.09
823.61,412.48,823.82,412.50
808.83,415.90,809.34,415.11
773.02,384.35,771.76,384.74
801.05,398.24,800.68,396.24
823.45,412.74,823.61,412.48
829.14,329.87,829.19,329.69
823.39,413.19,823.45,412.74
823.98,413.22,823.39,413.19
813.63,392.83,812.96,391.58
829.14,336.33,829.19,335.90
823.46,413.64,823.39,413.19
813.63,392.83,812.84,391.15
823.46,413.64,823.98,413.22
823.64,413.93,823.46,413.64
824.05,398.24,823.29,397.34
825.85,411.20,826.03,411.50
828.99,344.73,828.62,344.90
826.01,411.92,825.64,411.18
825.47,411.44,825.64,411.18
826.01,411.92,825.42,411.89
825.49,412.34,825.42,411.89
804.33,390.89,802.26,391.69
825.67,412.64,826.01,411.92
791.22,377.86,794.33,378.26
822.68,418.86,822.55,419.60
802.29,373.70,800.12,373.88
822.68,418.86,822.71,419.34
807.29,421.58,808.09,421.30
822.68,418.86,822.77,418.90
822.69,418.45,822.77,418.90
822.52,418.15,822.69,418.45
822.68,418.86,822.52,418.15
822.31,418.13,822.52,418.15
776.33,377.47,775.97,377.63
824.54,397.92,825.14,396.81
822.09,418.83,822.15,418.39
822.68,418.86,822.09,418.83
822.16,419.28,822.68,418.86
823.98,413.22,824.00,412.80
824.79,417.64,824.73,418.08
771.93,379.35,771.29,380.61
824.71,417.18,824.79,417.64
824.54,416.88,824.71,417.18
821.74,366.46,821.43,368.81
824.32,416.86,824.54,416.88
824.16,417.12,824.32,416.86
824.70,417.60,824.16,417.12
824.10,417.56,824.16,417.12
824.70,417.60,824.10,417.56
808.42,417.04,808.94,417.55
824.05,398.24,823.66,396.24
824.18,418.02,824.70,417.60
804.93,423.98,805.60,424.50
825.90,341.09,826.75,341.64
824.35,418.31,824.18,418.02
805.18,423.28,806.03,423.32
826.77,416.80,826.61,417.06
807.68,440.48,808.18,439.68
806.86,369.73,811.35,368.16
826.74,416.32,826.77,416.80
804.93,422.53,805.61,422.04
826.75,415.90,826.83,416.36
804.71,422.50,805.24,421.99
826.58,415.60,826.75,415.90
826.74,416.32,826.58,415.60
804.53,422.76,804.93,422.43
826.36,415.58,826.58,415.60
826.74,416.32,826.36,415.58
804.46,423.20,804.81,423.18
826.20,415.84,826.36,415.58
804.53,423.65,804.92,423.95
826.14,416.29,826.20,415.84
821.83,358.70,821.27,358.35
826.74,416.32,826.14,416.29
804.71,423.95,805.22,424.46
778.51,377.56,777.77,377.56
821.63,415.22,821.84,415.24
826.21,416.74,826.14,416.29
795.76,370.33,795.70,370.42
807.10,422.74,807.78,423.26
826.39,417.04,826.74,416.32
826.21,416.74,826.74,416.32
807.10,422.74,808.09,422.83
826.39,417.04,826.21,416.74
808.55,341.09,808.28,339.29
801.24,361.37,801.09,361.71
794.13,359.05,794.23,360.00
823.39,423.24,823.26,423.98
805.05,392.35,803.79,394.23
807.35,422.04,808.09,421.30
823.42,423.72,823.26,423.98
794.13,359.05,794.06,360.00
823.39,423.24,823.42,423.72
797.66,356.59,800.65,356.59
806.88,421.25,807.10,421.18
823.23,422.53,823.40,422.82
806.70,421.51,806.98,421.93
809.69,440.48,809.99,440.95
823.02,422.50,823.23,422.53
823.39,423.24,823.02,422.50
831.18,354.22,828.61,354.26
806.63,421.95,807.09,422.71
822.85,422.76,823.02,422.50
823.39,423.24,822.85,422.76
830.80,353.17,831.66,354.22
806.70,422.41,807.40,423.22
822.08,393.99,821.47,392.46
822.80,423.20,822.85,422.76
823.39,423.24,822.80,423.20
823.64,413.93,823.85,413.96
822.87,423.65,822.80,423.20
803.25,347.83,803.37,347.73
805.09,379.87,804.95,380.82
802.21,381.21,803.70,381.29
809.30,421.48,810.29,421.57
805.60,330.65,806.51,331.24
823.05,423.95,823.39,423.24
804.76,379.94,803.70,381.29
822.87,423.65,823.39,423.24
805.60,330.65,806.55,330.58
823.05,423.95,822.87,423.65
825.45,422.48,825.28,422.74
819.94,377.86,817.14,378.38
824.70,417.60,824.71,417.18
825.43,421.58,825.51,422.04
825.25,421.28,825.43,421.58
825.41,421.99,825.25,421.28
825.04,421.25,825.25,421.28
825.41,421.99,825.04,421.25
825.41,421.99,824.82,421.95
825.67,412.64,825.88,412.66
824.90,422.41,824.82,421.95
811.37,351.89,811.83,354.43
825.07,422.71,825.41,421.99
824.90,422.41,825.41,421.99
799.57,325.56,799.32,325.73
794.88,368.41,793.68,368.93
827.46,420.73,827.33,421.48
827.50,421.22,827.33,421.48
827.46,420.73,827.56,420.78
824.63,400.38,824.88,400.00
827.30,420.02,827.48,420.32
827.46,420.73,827.30,420.02
827.09,419.99,827.30,420.02
827.46,420.73,827.09,419.99
826.92,420.25,827.09,419.99
806.23,418.31,807.13,418.87
827.46,420.73,826.86,420.70
784.15,382.93,784.36,382.59
818.79,378.68,818.96,379.67
822.34,419.57,822.55,419.60
826.94,421.16,826.86,420.70
801.25,393.73,799.59,392.53
826.94,421.16,827.46,420.73
805.22,393.98,803.79,394.23
827.12,421.46,826.94,421.16
810.97,347.69,810.88,347.87
826.26,440.88,826.13,441.63
805.33,396.03,804.24,396.15
824.24,400.45,824.34,400.28
826.29,441.38,826.13,441.63
826.26,440.88,826.10,440.17
825.88,440.14,826.10,440.17
826.26,440.88,825.88,440.14
825.66,440.83,825.72,440.39
794.04,382.39,794.00,382.85
825.91,441.60,826.26,440.88
825.74,441.29,826.26,440.88
818.25,377.05,818.58,377.77
828.31,439.72,828.18,440.48
818.25,377.05,818.70,377.92
828.31,439.72,828.35,440.23
825.41,421.99,825.43,421.58
828.41,439.78,828.35,440.23
828.31,439.72,828.41,439.78
828.33,439.32,828.41,439.78
828.31,439.72,828.15,439.01
804.71,423.95,805.60,424.50
828.31,439.72,827.94,438.98
826.39,417.04,826.61,417.06
827.79,440.13,827.71,439.67
827.79,440.13,828.31,439.72
827.97,440.44,827.79,440.13
825.54,436.45,825.41,437.20
825.57,436.94,825.41,437.20
813.03,441.73,816.23,440.40
823.33,359.64,823.22,360.09
791.59,365.49,794.02,363.05
825.54,436.45,825.57,436.94
827.46,420.73,827.48,420.32
825.63,436.50,825.57,436.94
809.69,440.48,810.37,441.01
825.38,435.74,825.55,436.04
809.88,440.23,810.69,440.59
807.78,370.74,806.00,370.66
809.95,439.78,810.81,439.83
822.87,366.17,823.05,365.91
825.00,435.96,825.16,435.71
810.62,302.41,815.46,302.41
809.70,439.01,810.69,439.04
825.54,436.45,825.00,435.96
809.70,439.01,810.38,438.52
811.42,302.99,806.62,303.00
809.29,439.23,810.00,438.46
801.34,361.88,801.24,361.37
809.47,438.98,810.00,438.46
809.29,439.23,809.69,438.89
827.58,435.27,827.45,436.02
816.04,379.10,818.82,379.55
827.62,435.77,827.45,436.02
827.58,435.27,827.62,435.77
824.15,393.37,824.84,393.63
827.42,434.55,827.60,434.86
806.85,435.74,807.84,435.77
827.58,435.27,827.21,434.52
827.04,434.78,827.21,434.52
826.99,435.22,827.04,434.78
827.58,435.27,826.99,435.22
815.45,302.17,811.64,302.72
768.41,375.88,769.09,375.83
806.63,435.71,807.15,435.19
825.07,422.71,825.28,422.74
827.06,435.68,827.58,435.27
779.27,355.80,778.77,357.87
817.66,382.89,818.37,382.54
797.12,373.77,800.12,373.88
808.39,431.58,808.69,432.06
824.35,395.66,825.46,394.33
827.24,435.99,827.06,435.68
824.82,432.03,824.69,432.77
780.12,358.25,779.99,360.00
816.53,382.39,816.83,382.51
768.74,375.46,768.90,375.73
806.44,436.86,806.84,437.15
824.85,432.52,824.69,432.77
816.91,382.72,817.16,382.85
826.42,367.43,828.05,367.46
828.31,439.72,828.33,439.32
824.91,432.08,824.85,432.52
807.27,441.60,808.17,442.17
824.82,432.03,824.91,432.08
824.65,396.87,825.97,395.40
824.83,431.62,824.91,432.08
824.66,431.32,824.83,431.62
818.99,393.73,822.29,392.53
805.92,376.31,805.56,376.70
809.05,434.55,810.04,434.58
824.82,432.03,824.66,431.32
824.45,431.29,824.66,431.32
805.92,376.31,807.50,376.85
809.05,434.55,809.73,434.06
824.82,432.03,824.45,431.29
824.82,432.03,824.28,431.54
802.79,347.84,804.62,348.96
819.94,377.86,816.83,378.26
826.86,430.83,826.73,431.58
826.88,430.42,826.95,430.88
826.70,430.11,826.88,430.42
806.21,431.32,806.89,430.83
826.86,430.83,826.70,430.11
826.48,430.08,826.70,430.11
826.86,430.83,826.48,430.08
826.32,430.34,826.48,430.08
826.86,430.83,826.32,430.34
826.26,430.78,826.32,430.34
826.86,430.83,826.26,430.78
826.51,431.54,826.86,430.83
826.34,431.24,826.86,430.83
826.51,431.54,826.34,431.24
821.17,400.49,822.93,401.81
824.14,428.11,823.97,428.37
804.62,371.04,804.60,371.12
824.10,427.62,824.14,428.11
809.07,421.46,809.98,422.01
827.58,435.27,827.60,434.86
824.19,427.67,824.14,428.11
829.85,360.91,828.86,365.32
823.94,426.92,824.12,427.22
824.10,427.62,823.94,426.92
823.73,426.89,823.94,426.92
824.10,427.62,823.73,426.89
814.54,320.33,814.84,320.32
816.98,333.41,816.15,333.43
800.44,395.70,798.54,395.84
800.15,403.76,799.01,401.89
823.51,427.58,823.57,427.14
824.10,427.62,823.51,427.58
793.62,359.05,794.13,359.05
826.13,426.40,826.00,427.15
826.17,426.89,826.00,427.15
819.53,362.80,820.02,353.74
824.82,432.03,824.83,431.62
826.23,426.45,826.17,426.89
825.97,425.69,826.15,425.99
825.76,425.66,825.97,425.69
825.60,425.92,825.76,425.66
826.13,426.40,825.60,425.92
825.54,426.36,825.60,425.92
808.81,435.99,809.34,436.50
826.13,426.40,825.54,426.36
806.21,431.32,807.20,431.34
826.86,430.83,826.88,430.42
803.91,414.54,803.84,414.98
807.53,425.66,808.05,425.15
803.31,414.50,803.91,414.54
806.24,304.35,810.43,303.90
805.81,431.54,806.51,430.78
803.66,413.79,803.84,414.09
805.74,431.98,806.20,431.21
817.02,389.67,817.44,390.42
803.45,413.77,803.66,413.79
831.74,333.27,832.06,333.43
805.80,432.44,806.08,431.96
803.27,414.03,803.45,413.77
803.20,414.47,803.27,414.03
805.98,432.74,806.20,432.74
808.39,431.58,809.07,432.11
803.31,414.50,803.26,414.92
815.84,303.74,811.60,304.52
808.57,431.32,809.38,431.68
803.44,415.22,803.31,414.50
808.58,430.42,809.39,430.14
808.40,430.11,809.08,429.62
824.10,427.62,824.12,427.22
806.07,413.25,806.00,413.70
808.17,430.08,808.70,429.57
827.44,398.26,826.57,398.21
796.75,349.15,798.52,348.42
806.00,412.80,806.07,413.25
802.04,352.85,800.95,353.30
805.46,413.22,806.07,413.25
805.46,413.22,806.00,412.80
807.92,430.78,808.27,430.76
805.60,412.48,805.82,412.50
780.09,366.17,781.20,367.99
822.44,368.93,821.43,368.81
805.42,412.74,805.60,412.48
827.31,400.32,826.47,399.70
805.35,413.19,805.42,412.74
805.46,413.22,805.42,412.74
805.56,428.37,806.24,428.90
785.17,377.92,784.17,377.64
824.48,432.74,824.69,432.77
805.46,413.22,805.35,413.19
822.44,368.93,821.31,368.41
805.46,413.22,805.42,413.64
805.60,413.93,805.46,413.22
807.64,411.92,808.18,412.40
807.64,411.92,808.25,411.95
826.19,403.60,825.66,402.07
808.01,411.20,808.19,411.50
807.64,411.92,808.19,411.50
826.51,431.54,826.73,431.58
807.64,411.92,807.53,411.89
803.94,418.86,804.47,419.34
803.31,414.50,803.66,413.79
804.47,418.45,804.54,418.90
806.24,369.72,806.25,369.64
803.94,418.86,804.54,418.90
803.94,418.86,804.47,418.45
793.98,366.34,794.88,368.41
822.51,403.34,823.00,401.89
804.08,418.13,804.30,418.15
803.94,418.86,804.08,418.13
803.83,418.83,803.90,418.39
803.94,418.86,803.90,418.39
823.76,428.34,823.97,428.37
803.94,418.86,803.83,418.83
804.07,419.57,803.89,419.28
803.94,418.86,803.89,419.28
812.79,385.73,795.66,385.73
793.08,359.05,793.01,360.00
806.10,417.60,806.71,417.64
791.48,377.90,791.22,377.86
806.46,416.88,806.64,417.18
806.10,417.60,806.64,417.18
806.24,416.86,806.46,416.88
824.84,393.63,824.15,393.37
806.06,417.12,806.24,416.86
823.47,393.57,824.25,393.27
805.99,417.56,806.06,417.12
792.79,379.28,793.16,378.49
806.06,418.02,805.99,417.56
794.20,382.54,793.89,381.97
825.46,394.33,824.84,393.63
806.23,418.31,806.06,418.02
808.29,416.32,808.83,416.80
807.64,411.92,808.01,411.20
808.83,415.90,808.90,416.36
808.29,416.32,808.90,416.36
808.29,416.32,808.83,415.90
795.64,349.55,797.34,348.84
808.43,415.58,808.65,415.60
808.29,416.32,808.43,415.58
818.23,360.77,818.66,358.92
808.29,416.32,808.25,415.84
803.44,415.22,803.66,415.24
808.29,416.32,808.17,416.29
790.58,378.31,790.89,377.97
805.11,423.72,804.93,423.98
804.58,423.24,805.11,423.72
804.58,423.24,805.18,423.28
804.93,422.53,805.11,422.82
804.53,422.76,804.71,422.50
804.58,423.24,804.71,422.50
834.34,353.33,825.27,353.33
804.58,423.24,804.53,422.76
785.31,378.46,785.63,378.43
805.46,413.22,805.82,413.96
804.53,423.65,804.46,423.20
805.60,413.93,805.82,413.96
824.79,361.64,801.49,361.55
804.58,423.24,804.53,423.65
824.52,361.48,801.24,361.37
804.71,423.95,804.58,423.24
807.28,422.48,807.10,422.74
807.35,422.04,807.28,422.48
791.13,377.75,791.22,377.86
806.75,421.99,807.28,422.48
802.97,381.44,792.99,380.88
807.11,421.28,807.29,421.58
821.31,368.41,821.74,366.46
806.75,421.99,807.29,421.58
825.23,369.64,824.47,369.63
806.88,421.25,807.11,421.28
822.17,399.44,822.43,400.74
806.70,421.51,806.88,421.25
821.31,368.41,822.31,368.54
806.75,421.99,806.88,421.25
826.99,355.83,826.31,359.58
806.63,421.95,806.70,421.51
806.75,421.99,806.70,421.51
807.64,411.92,808.00,412.66
821.99,397.96,822.14,396.48
806.70,422.41,806.63,421.95
807.77,412.64,808.00,412.66
806.88,422.71,806.75,421.99
809.48,421.22,809.30,421.48
818.42,362.82,818.23,360.77
809.55,420.78,809.48,421.22
808.94,420.73,809.48,421.22
808.29,416.32,808.65,415.60
823.28,391.71,824.24,391.43
809.48,420.32,809.55,420.78
793.80,359.57,793.88,359.95
811.41,354.67,811.83,354.43
808.94,420.73,809.55,420.78
809.30,420.02,809.48,420.32
826.02,392.69,825.21,391.79
809.08,419.99,809.30,420.02
808.89,420.25,809.08,419.99
808.94,420.73,809.08,419.99
822.42,392.62,823.16,391.61
808.82,420.70,808.89,420.25
808.94,420.73,808.89,420.25
785.16,382.89,784.81,382.78
803.94,418.86,804.29,419.60
808.89,421.16,808.82,420.70
826.74,394.23,826.10,392.78
808.94,420.73,808.89,421.16
809.07,421.46,808.94,420.73
807.67,441.38,807.49,441.63
807.74,440.94,807.67,441.38
821.98,357.85,821.78,357.79
807.14,440.88,807.67,441.38
804.58,423.24,804.93,422.53
807.68,440.48,807.74,440.94
807.14,440.88,807.74,440.94
807.50,440.17,807.68,440.48
807.27,440.14,807.50,440.17
790.20,380.49,789.64,380.73
807.09,440.39,807.27,440.14
807.14,440.88,807.27,440.14
807.02,440.83,807.09,440.39
807.14,440.88,807.09,440.39
823.12,359.59,822.29,359.95
806.10,417.60,806.46,418.34
807.09,441.29,807.02,440.83
799.64,349.29,797.99,350.21
806.23,418.31,806.46,418.34
807.14,440.88,807.02,440.83
799.64,349.29,816.53,350.21
807.14,440.88,807.09,441.29
807.27,441.60,807.14,440.88
809.88,440.23,809.69,440.48
809.95,439.78,809.88,440.23
809.33,439.72,809.88,440.23
821.31,368.41,822.75,366.34
809.88,439.32,809.95,439.78
809.70,439.01,809.88,439.32
809.29,439.23,809.47,438.98
822.38,403.43,823.38,404.35
809.22,439.67,809.29,439.23
784.36,382.59,784.81,382.78
808.29,416.32,808.65,417.06
809.28,440.13,809.22,439.67
809.47,440.44,809.28,440.13
810.70,303.99,815.59,306.23
809.33,439.72,809.28,440.13
809.47,440.44,809.33,439.72
807.03,436.94,806.85,437.20
806.20,304.64,805.92,304.89
807.10,436.50,807.03,436.94
808.94,420.73,809.30,420.02
807.03,436.04,807.10,436.50
806.49,436.45,807.10,436.50
821.04,397.91,821.36,399.96
806.85,435.74,807.03,436.04
821.19,397.91,821.33,395.88
806.63,435.71,806.85,435.74
806.45,435.96,806.63,435.71
806.49,436.45,806.63,435.71
806.38,436.40,806.45,435.96
806.49,436.45,806.45,435.96
804.58,423.24,804.93,423.98
806.44,436.86,806.38,436.40
822.75,391.29,821.13,390.89
806.62,437.16,806.49,436.45
809.22,435.77,809.04,436.02
765.40,373.36,768.34,373.48
808.68,435.27,809.04,436.02
809.30,435.32,809.22,435.77
808.68,435.27,809.22,435.77
807.14,440.88,807.50,440.17
809.23,434.86,809.30,435.32
809.05,434.55,809.23,434.86
818.99,393.73,818.96,392.14
808.82,434.52,809.05,434.55
808.64,434.78,808.82,434.52
808.68,435.27,808.82,434.52
808.57,435.22,808.64,434.78
808.68,435.27,808.64,434.78
783.63,384.21,782.29,384.98
806.75,421.99,807.10,422.74
808.63,435.68,808.57,435.22
808.81,435.99,808.63,435.68
808.68,435.27,808.63,435.68
826.71,398.28,826.50,396.03
806.39,432.52,806.20,432.77
809.33,439.72,809.70,439.01
805.81,431.54,805.99,431.29
825.59,404.12,826.45,402.49
805.74,431.98,805.81,431.54
808.94,420.73,809.30,421.48
805.80,432.44,805.74,431.98
822.47,404.93,823.79,405.28
808.65,430.88,808.57,431.32
817.55,332.02,817.39,331.71
817.62,380.49,817.91,380.73
808.04,430.83,808.57,431.32
808.04,430.83,808.65,430.88
808.40,430.11,808.58,430.42
807.99,430.34,808.17,430.08
819.15,397.90,818.68,395.72
807.92,430.78,807.99,430.34
781.91,384.48,780.38,384.38
807.14,440.88,807.49,441.63
807.99,431.24,807.92,430.78
808.17,431.54,807.99,431.24
808.04,430.83,807.99,431.24
804.67,382.96,805.26,383.20
822.47,357.70,821.98,357.85
819.54,400.13,820.65,402.13
805.74,428.11,805.56,428.37
766.66,373.74,766.78,373.58
805.21,427.62,805.56,428.37
805.21,427.62,805.74,428.11
808.68,435.27,809.05,434.55
805.75,427.22,805.82,427.67
808.77,366.24,808.76,366.19
805.21,427.62,805.82,427.67
805.57,426.92,805.75,427.22
819.16,390.58,819.45,391.02
805.21,427.62,805.35,426.89
805.21,427.62,805.17,427.14
809.33,439.72,809.69,440.48
805.16,428.04,805.10,427.58
809.47,440.44,809.69,440.48
805.21,427.62,805.10,427.58
819.32,388.85,819.41,389.10
805.34,428.34,805.21,427.62
764.00,375.31,764.32,380.93
807.52,427.12,807.74,427.15
807.93,426.89,807.74,427.15
764.00,380.61,764.32,380.93
807.39,426.40,807.74,427.15
807.35,425.92,807.53,425.66
790.08,380.90,816.30,380.90
807.39,426.40,807.53,425.66
807.27,426.36,807.35,425.92
807.39,426.40,807.35,425.92
807.52,427.12,807.34,426.82
807.39,426.40,807.34,426.82
807.52,427.12,807.39,426.40
824.41,445.11,828.77,442.72
822.08,357.98,821.41,358.05
820.21,442.72,824.41,445.11
820.20,389.31,819.31,388.82
821.52,445.86,824.41,445.11
820.21,442.72,821.52,445.86
808.04,430.83,808.40,430.11
818.79,446.33,821.52,445.86
808.58,446.33,809.69,446.48
822.75,366.34,822.31,368.54
820.21,442.72,809.69,446.48
795.95,358.74,794.68,357.17
807.59,445.86,808.58,446.33
820.21,442.72,808.58,446.33
807.45,445.11,807.59,445.86
769.73,373.70,768.34,373.48
808.81,435.99,809.04,436.02
820.21,442.72,807.59,445.86
826.09,386.64,830.22,386.91
820.21,442.72,812.07,442.72
807.45,445.11,820.21,442.72
818.82,379.55,818.87,379.51
809.96,425.53,810.00,427.16
827.05,406.21,826.81,405.53
803.04,411.68,810.00,427.16
803.04,411.68,810.97,423.17
809.96,425.53,803.04,411.68
805.21,427.62,805.57,426.92
810.32,424.02,803.04,411.68
809.96,425.53,810.32,424.02
827.42,424.02,828.01,423.16
820.12,411.68,827.19,427.16
824.56,335.47,825.06,334.39
827.11,425.53,827.19,427.16
805.98,432.74,806.20,432.77
827.42,424.02,820.12,411.68
764.01,382.10,764.00,381.94
804.18,349.85,804.18,350.91
805.85,432.03,806.20,432.77
827.11,425.53,820.12,411.68
827.42,424.02,827.11,425.53
792.60,378.87,796.45,379.06
819.62,423.69,811.54,423.70
807.39,426.40,808.00,426.45
812.70,422.97,811.54,423.70
790.05,379.51,790.19,379.55
828.26,421.62,828.81,422.14
783.52,371.42,784.02,371.65
824.00,412.80,823.26,412.01
794.26,359.59,794.84,359.95
828.78,422.97,828.81,422.14
819.62,423.69,812.70,422.97
815.21,422.14,812.70,422.97
819.10,421.45,817.36,421.62
816.81,380.49,817.09,380.73
808.17,431.54,808.39,431.58
819.62,423.69,819.10,421.45
808.04,430.83,808.39,431.58
817.81,384.17,808.45,383.61
827.06,421.45,819.10,421.45
824.86,406.21,824.92,405.53
823.39,405.02,824.40,405.15
822.87,366.17,822.36,368.71
815.55,405.02,823.39,405.02
793.74,357.62,793.66,357.70
786.56,352.54,785.52,354.24
814.59,408.10,815.55,405.02
814.14,405.15,815.55,405.02
793.74,357.62,793.53,357.54
786.56,352.54,784.45,353.81
814.59,408.10,816.72,410.62
809.58,364.21,809.60,364.25
814.59,408.10,814.14,405.15
812.41,405.53,814.14,405.15
814.95,398.66,813.07,396.95
805.99,411.10,813.65,411.10
814.59,408.10,805.99,411.10
805.00,410.98,805.99,411.10
793.88,358.35,794.01,358.05
818.99,378.86,816.26,378.64
814.59,408.10,810.33,406.21
804.47,409.97,814.59,408.10
815.13,401.60,815.04,400.57
804.46,410.62,804.47,409.97
829.98,441.74,829.81,441.46
830.21,441.39,829.98,441.74
815.55,341.15,814.05,341.22
817.20,353.45,817.43,353.22
818.41,388.64,816.43,388.76
813.03,441.73,812.72,441.39
812.78,441.46,813.03,441.73
806.55,349.19,807.81,349.15
819.62,423.69,828.78,422.97
810.31,427.41,810.29,426.13
828.67,424.39,828.36,425.06
828.30,427.41,830.21,441.39
819.80,341.28,818.55,341.46
821.85,391.15,819.97,390.09
832.02,440.03,830.21,441.39
832.02,440.03,829.45,423.62
828.23,426.13,828.30,427.41
828.23,426.13,832.02,440.03
810.63,425.05,811.28,424.38
810.63,425.05,815.96,440.03
831.76,439.10,832.17,439.60
795.97,350.43,797.75,350.95
821.52,441.73,832.17,439.60
821.52,441.73,830.60,438.93
821.09,439.10,822.87,438.93
821.52,441.73,822.87,438.93
805.69,320.03,805.23,319.82
818.80,439.60,821.09,439.10
823.12,359.59,823.22,360.09
821.52,441.73,816.23,440.40
768.95,374.10,768.90,374.05
825.10,355.58,825.10,358.30
820.78,389.51,820.65,389.14
825.10,370.03,825.10,367.30
823.71,371.27,823.61,370.43
824.38,372.10,825.10,367.30
814.41,324.48,801.68,324.48
825.18,366.89,825.37,366.73
818.11,379.93,817.39,379.72
818.20,379.54,817.39,379.72
807.28,327.47,807.56,327.91
825.18,362.80,825.37,362.80
818.34,381.49,817.73,381.97
825.18,362.80,825.18,358.71
826.54,332.55,826.97,332.21
811.28,346.95,810.97,347.69
818.20,381.17,817.73,381.97
824.37,362.80,825.18,358.71
804.93,422.43,805.24,421.99
797.23,380.45,796.95,379.24
818.34,379.24,818.52,379.05
818.20,381.17,818.34,381.49
824.37,362.80,825.10,358.30
798.09,371.33,798.65,367.19
805.33,396.03,805.22,393.98
834.42,353.33,827.21,353.45
825.37,354.99,833.04,354.90
828.55,389.46,830.15,386.94
818.99,366.57,818.57,364.79
802.61,410.62,800.45,408.58
809.44,369.85,807.86,370.78
799.46,325.59,799.73,325.39
801.68,397.96,801.25,395.89
816.58,379.91,816.55,380.88
765.33,377.84,764.00,381.94
825.16,372.63,824.56,372.62
790.03,371.38,791.13,377.75
806.30,304.17,806.51,302.94
795.84,373.20,795.94,373.12
833.04,358.86,825.37,358.88
819.31,388.82,817.33,388.64
825.37,362.80,825.37,358.88
801.64,400.45,801.76,400.58
794.27,380.44,795.26,380.44
834.46,362.87,825.37,362.80
825.37,366.73,825.37,362.80
834.46,362.87,825.37,366.73
806.24,304.35,806.30,304.17
797.05,373.66,797.12,373.77
833.04,366.85,825.37,366.73
764.43,371.05,764.85,377.26
794.09,381.69,793.88,382.15
805.56,396.01,805.33,396.03
833.04,370.81,825.37,370.61
794.34,361.44,796.24,362.49
834.42,372.40,827.21,372.18
825.18,370.44,824.18,370.13
832.02,440.03,828.36,425.06
789.37,349.73,786.96,350.35
825.18,366.89,824.18,367.22
821.83,359.59,821.80,359.15
803.33,345.32,828.62,344.90
824.36,367.08,824.18,367.22
803.33,345.32,817.16,345.32
824.36,367.08,825.18,366.89
825.37,366.73,825.18,366.89
831.58,370.45,824.36,370.27
825.37,370.61,824.36,370.27
786.80,350.28,785.40,351.92
831.58,370.45,824.36,370.27
825.18,370.44,824.18,370.13
829.37,333.40,829.64,333.88
797.22,380.51,798.09,371.33
824.11,367.55,824.18,367.22
825.18,366.89,824.18,367.22
824.36,367.08,831.58,367.20
825.37,366.73,824.36,367.08
817.15,333.31,816.83,333.48
809.99,349.89,811.54,348.91
794.37,346.42,796.52,346.25
792.92,348.95,794.63,349.36
831.77,370.31,824.18,370.13
831.85,369.97,831.77,370.31
803.11,392.69,802.26,391.69
790.96,368.41,791.06,368.26
825.37,358.88,824.11,358.43
784.07,378.84,784.41,379.17
824.30,355.30,825.18,355.17
825.18,358.71,824.11,358.43
824.03,358.08,824.11,358.43
825.10,355.58,824.11,355.45
825.17,340.00,825.37,339.57
825.10,355.58,825.18,355.17
824.11,355.45,831.65,355.22
819.31,378.22,818.99,378.86
810.63,425.05,810.29,426.13
831.65,358.55,831.85,358.40
820.39,363.24,819.85,368.41
825.10,358.30,824.03,358.08
825.10,355.58,824.03,355.79
799.68,395.23,801.68,394.58
825.10,358.30,825.10,355.58
831.85,355.36,831.65,355.22
800.15,400.10,801.39,398.66
826.75,341.64,826.62,342.17
824.30,355.30,824.11,355.45
790.46,378.22,790.34,378.86
831.93,355.71,831.93,358.04
824.03,355.79,831.93,355.71
791.09,380.76,790.24,380.76
824.03,358.08,824.03,355.79
821.93,358.30,822.17,357.85
831.93,358.04,831.93,355.71
820.00,339.86,820.12,339.75
823.40,354.20,823.28,355.12
819.78,339.74,819.91,339.64
823.28,370.46,823.28,362.79
792.19,381.52,792.06,380.96
792.83,359.15,792.86,359.64
819.77,339.33,819.91,339.64
820.68,362.79,823.28,362.79
820.68,362.79,823.28,370.46
820.69,355.12,820.45,355.16
817.82,382.53,817.52,382.40
820.33,380.86,819.95,381.22
799.31,397.96,801.02,396.67
823.28,355.12,820.69,355.12
784.87,376.12,784.41,376.70
799.42,399.42,799.31,397.96
823.61,370.43,823.28,362.79
821.83,359.59,821.15,359.15
784.41,376.70,784.34,376.39
831.85,369.97,831.77,370.31
801.04,399.29,799.73,400.74
823.28,362.79,823.61,362.79
823.71,354.32,823.61,362.79
793.07,358.70,793.16,358.30
827.41,334.94,814.67,335.72
824.11,369.79,825.18,370.44
820.45,362.79,820.68,362.79
829.87,333.31,829.37,333.40
825.10,367.30,825.18,366.89
820.45,370.43,820.69,370.46
820.57,354.20,820.34,354.35
823.62,362.79,823.61,362.79
823.40,371.38,823.71,371.27
769.74,384.50,770.69,384.58
823.99,371.87,823.40,371.38
823.71,372.06,823.40,371.38
823.99,353.72,823.71,354.32
822.47,357.70,822.27,357.77
822.48,355.65,813.19,355.75
824.03,358.08,824.11,358.43
823.99,353.72,823.62,362.79
827.96,338.88,827.09,343.87
820.28,372.06,823.40,371.38
820.58,371.38,823.40,371.38
820.38,362.79,820.45,362.79
823.61,362.79,823.61,355.15
820.34,371.23,820.58,371.38
820.28,372.06,820.34,371.23
820.02,371.85,820.34,371.23
793.68,369.92,794.07,369.49
826.19,368.18,825.26,365.78
820.02,362.79,820.34,354.35
819.52,353.50,820.02,353.74
804.25,398.26,804.12,400.32
813.96,350.37,810.46,350.86
823.71,353.52,820.27,353.52
824.38,372.10,823.99,371.87
780.99,374.06,780.91,373.56
824.03,355.79,824.11,355.45
803.71,402.16,803.07,403.60
824.38,353.49,824.15,353.27
826.18,353.24,824.38,353.49
824.38,353.49,824.37,362.80
826.26,350.78,816.89,350.99
819.83,372.32,823.71,372.06
820.38,362.79,820.34,371.23
818.99,378.86,819.04,378.79
817.36,353.24,819.83,353.27
824.38,372.10,824.37,362.80
818.44,368.25,818.98,368.25
824.37,362.80,823.94,362.79
801.33,404.74,800.42,404.35
823.99,371.87,823.94,362.79
826.58,353.23,826.18,353.24
826.80,353.46,826.18,353.24
825.62,339.29,825.90,339.19
824.03,358.08,825.18,358.71
826.40,353.46,826.18,353.24
812.55,358.16,813.01,358.08
819.83,372.32,820.02,371.85
819.52,372.12,820.02,371.85
826.18,372.38,819.83,372.32
819.53,362.80,820.02,362.79
826.98,353.22,826.58,353.23
826.98,353.22,817.22,353.23
817.43,353.22,817.22,353.23
825.23,372.40,824.47,372.40
816.58,379.91,817.62,380.49
799.27,399.44,798.94,401.83
819.52,353.50,819.83,353.27
806.16,332.33,805.89,332.65
824.11,339.05,824.16,338.68
831.93,358.04,824.11,358.43
826.58,353.23,826.18,353.24
800.13,394.21,800.71,393.57
826.58,353.23,826.80,353.46
817.12,372.16,819.52,372.12
800.99,395.79,800.74,396.18
816.96,353.45,817.12,353.46
794.00,382.85,794.23,382.76
823.94,362.79,823.62,362.79
823.91,353.34,817.43,353.22
833.04,354.90,825.37,354.99
819.52,372.12,819.83,372.32
793.07,359.59,792.83,359.15
817.36,372.39,826.18,372.38
817.11,362.81,817.12,372.16
816.96,353.45,817.20,353.45
821.16,356.15,823.91,353.34
824.47,353.33,823.91,353.34
778.96,384.52,779.12,384.76
816.96,372.17,817.12,372.16
816.96,362.81,816.96,353.45
817.20,353.45,816.96,353.45
779.19,374.14,779.16,374.60
825.16,353.11,824.56,353.11
825.27,353.33,824.56,353.11
825.16,353.11,834.34,353.33
827.21,372.18,826.58,372.40
826.98,372.41,826.58,372.40
826.98,372.41,817.22,372.40
802.81,347.88,802.80,348.42
817.43,372.41,817.22,372.40
791.74,363.24,791.66,363.20
817.20,372.19,816.96,372.17
816.96,362.81,816.96,372.17
791.74,363.24,790.96,368.41
817.20,372.19,816.96,362.81
805.99,417.56,806.45,418.32
817.20,353.45,817.18,362.82
818.66,358.92,819.35,357.45
818.99,359.08,819.35,357.45
818.99,359.08,819.66,357.67
821.16,356.15,823.91,356.05
795.12,369.85,796.87,370.78
826.18,353.24,824.15,353.27
823.91,356.05,823.90,356.39
824.47,353.33,823.91,353.34
815.68,303.57,810.62,302.41
824.47,353.33,824.47,356.10
820.62,339.60,823.77,339.44
818.07,349.68,816.89,350.99
790.16,371.30,790.55,368.37
825.27,353.33,824.47,353.33
817.20,372.19,816.96,372.17
817.20,372.19,817.22,372.40
817.43,372.41,817.22,372.40
824.56,372.62,824.47,372.40
817.36,353.24,817.12,353.46
817.20,372.19,817.18,362.82
831.23,351.17,831.28,351.17
826.58,372.40,826.80,372.17
814.81,341.77,814.66,341.54
818.57,360.86,818.99,359.08
818.99,359.08,819.66,357.67
768.01,373.20,768.24,373.10
821.41,360.25,821.58,360.44
820.49,356.76,821.46,357.93
818.39,341.13,826.05,342.40
821.41,360.25,822.27,360.52
790.21,378.79,790.19,379.55
820.49,356.76,819.66,357.67
801.43,393.71,802.65,392.14
820.49,356.76,821.16,356.15
821.42,356.44,821.16,356.15
801.95,369.07,802.44,369.14
818.02,376.82,818.39,377.25
825.23,356.09,824.58,356.36
825.23,369.64,824.47,372.40
823.91,369.67,824.47,369.63
805.89,328.61,806.16,328.89
808.23,394.65,810.78,394.16
801.16,404.93,801.91,405.28
823.91,372.39,817.20,372.19
824.12,372.62,823.91,372.39
823.91,372.39,824.56,372.62
824.12,372.62,824.56,372.62
818.57,360.86,818.23,360.77
820.43,360.96,820.83,359.27
820.43,360.96,818.99,359.08
826.58,372.40,826.18,372.38
814.81,341.77,814.81,341.53
818.57,360.86,818.66,358.92
818.57,360.86,818.99,359.08
823.70,341.88,824.81,341.13
823.12,356.76,822.24,357.06
821.42,356.44,822.24,357.06
823.70,341.88,824.86,341.77
823.12,356.76,824.58,356.36
825.23,356.09,825.14,356.38
819.52,372.12,820.02,362.79
779.29,377.61,780.19,376.12
826.38,356.56,825.23,356.09
826.00,356.74,826.38,356.56
816.96,353.45,817.12,353.46
826.38,356.56,834.34,353.33
809.16,351.17,809.03,351.17
798.74,373.47,796.82,372.69
816.96,362.81,817.12,353.46
826.38,369.17,825.23,369.64
792.00,362.36,792.13,362.15
834.34,372.40,825.23,372.40
825.23,369.64,825.23,372.40
825.23,369.64,824.47,369.63
824.58,369.37,824.47,369.63
790.55,368.37,791.30,368.37
821.36,399.96,821.19,397.91
825.23,356.09,824.47,356.10
825.23,369.64,824.58,369.37
821.90,358.65,822.01,358.21
824.58,369.37,824.47,369.63
808.09,386.64,806.97,383.17
828.04,353.39,827.67,357.87
821.16,369.54,823.91,369.67
823.91,372.39,823.91,369.67
817.20,372.19,823.91,372.39
818.23,364.87,818.08,362.82
818.23,364.87,818.42,362.82
818.57,364.79,818.42,362.82
808.76,389.42,809.30,390.22
818.57,360.86,820.43,360.96
820.29,362.83,820.43,360.96
820.29,362.83,818.57,360.86
792.13,362.15,792.17,356.20
818.42,362.82,818.57,360.86
826.00,362.87,826.00,356.74
826.38,362.87,826.38,356.56
834.34,362.87,826.38,362.87
826.38,369.17,834.34,372.40
817.36,372.39,819.83,372.32
825.14,369.35,825.23,369.64
817.12,372.16,819.52,372.12
826.00,369.00,825.14,369.35
825.14,369.35,824.58,369.37
822.68,355.12,822.55,355.20
823.90,369.34,824.58,369.37
791.23,368.25,790.55,368.37
823.90,369.34,823.91,369.67
813.04,393.99,810.32,392.62
818.66,366.73,818.23,364.87
818.57,364.79,818.23,364.87
814.37,405.02,825.20,403.03
818.99,366.57,818.57,364.79
790.55,368.37,790.03,371.38
811.42,302.99,811.40,302.87
818.42,362.82,820.29,362.83
795.21,379.77,795.25,380.43
827.92,331.99,828.31,332.29
818.57,364.79,818.42,362.82
826.00,369.00,826.38,369.17
826.00,362.87,826.00,369.00
821.16,369.54,821.42,369.25
826.05,365.78,827.13,360.91
819.34,368.22,818.66,366.73
802.20,400.38,801.83,400.00
818.99,366.57,818.66,366.73
800.80,409.33,800.45,408.58
799.28,346.40,800.12,346.12
820.83,366.39,818.57,364.79
823.12,368.93,826.00,362.87
800.97,395.98,800.74,396.18
826.00,369.00,826.00,362.87
823.40,422.82,823.48,423.28
823.12,368.93,826.00,369.00
797.47,360.91,795.46,360.91
819.77,338.46,819.91,338.13
823.12,368.93,822.24,368.62
820.21,369.19,819.34,368.22
792.02,356.42,792.15,356.19
819.66,368.00,819.34,368.22
820.21,369.19,819.66,368.00
820.49,368.92,819.66,368.00
810.99,395.08,813.30,394.91
820.21,369.19,820.49,368.92
818.99,366.57,820.83,366.39
821.46,367.74,818.99,366.57
813.96,350.37,812.93,350.63
819.66,368.00,818.99,366.57
819.66,368.00,821.46,367.74
822.24,368.62,821.46,367.74
819.66,368.00,822.24,368.62
791.38,362.14,792.00,362.36
820.49,368.92,822.24,368.62
820.28,372.06,820.58,371.38
819.66,368.00,820.49,368.92
802.06,355.13,799.65,355.13
802.06,355.13,799.78,355.34
830.79,353.10,830.98,353.10
827.87,355.33,827.55,355.23
829.34,359.57,830.08,359.57
830.60,353.23,830.33,354.46
829.52,355.79,828.81,359.59
828.02,357.37,827.97,357.09
830.59,354.46,830.33,354.46
828.05,357.40,827.99,357.10
830.84,353.23,830.59,354.46
828.15,357.49,828.02,357.37
830.60,353.23,830.84,353.23
826.66,355.51,824.52,355.53
830.60,353.23,830.33,354.46
778.78,357.89,779.27,355.80
819.38,341.07,818.87,342.35
830.60,353.23,830.84,353.23
830.60,353.23,830.98,353.10
828.23,360.78,828.32,355.32
829.73,369.71,829.73,356.03
806.49,436.45,806.85,435.74
793.74,356.20,791.30,368.37
830.10,371.27,829.73,369.71
831.49,340.86,830.43,342.22
775.52,377.42,774.58,377.37
822.23,340.94,821.71,342.22
824.09,340.87,831.86,342.15
830.16,360.72,830.19,355.53
814.84,319.50,814.54,319.51
824.09,340.87,823.25,342.16
807.52,388.76,808.60,388.76
824.35,418.31,824.03,418.87
808.25,376.37,819.30,376.83
830.60,372.51,830.84,372.50
807.57,352.82,808.65,353.48
809.19,352.04,810.36,353.04
830.59,371.27,830.84,372.50
802.13,362.04,798.89,362.51
813.16,360.00,812.55,361.83
768.60,374.60,768.64,375.06
806.70,369.66,805.07,371.05
830.79,372.64,830.98,372.64
830.60,372.51,830.79,372.64
793.68,369.92,795.64,370.45
824.47,356.31,824.44,356.31
792.44,380.35,792.79,379.28
793.04,380.86,792.76,380.77
811.56,304.35,811.56,304.17
831.95,332.98,831.74,333.27
779.66,375.83,780.34,375.90
824.74,369.42,824.61,369.42
825.79,359.59,826.48,355.82
824.44,356.31,824.61,356.31
824.61,369.42,824.61,356.31
792.67,368.29,794.07,369.49
824.44,356.31,824.61,369.42
824.44,369.41,824.61,369.42
824.44,356.31,824.44,369.41
795.33,370.93,797.10,371.67
824.47,369.41,825.36,369.41
825.36,356.31,825.36,369.41
824.47,369.41,825.36,356.31
824.47,356.31,825.36,356.31
824.47,369.41,824.47,356.31
824.74,356.31,825.83,356.31
824.74,356.31,825.83,369.42
792.44,380.35,792.44,381.77
824.74,369.42,825.83,369.42
792.09,381.49,792.25,381.70
824.74,356.31,824.74,369.42
824.39,369.89,825.26,365.78
823.70,369.40,823.67,356.32
826.19,368.18,825.26,365.78
823.70,356.32,823.67,356.32
823.97,356.32,823.84,356.32
831.34,332.02,831.29,332.36
823.97,356.32,823.84,369.40
801.78,309.04,807.13,308.32
823.97,369.40,823.84,369.40
800.74,372.07,802.79,372.15
823.67,356.32,823.84,356.32
823.84,369.40,823.84,356.32
823.67,356.32,823.84,369.40
823.67,369.40,823.84,369.40
823.67,356.32,823.67,369.40
824.39,369.89,826.19,368.18
823.70,369.40,824.58,369.39
797.22,380.51,796.95,380.49
801.28,341.54,814.66,341.75
824.58,356.32,824.58,369.39
823.70,369.40,824.58,356.32
823.70,356.32,824.58,356.32
823.70,369.40,823.70,356.32
825.06,369.40,825.06,356.32
823.97,369.40,825.06,369.40
810.60,383.56,820.21,384.16
823.97,356.32,823.97,369.40
822.93,369.38,822.90,356.32
823.20,356.32,823.07,369.38
806.85,302.64,810.59,302.09
823.20,369.38,823.07,369.38
767.91,374.06,768.64,374.14
830.60,372.51,830.84,372.50
823.07,369.38,823.07,356.32
822.90,369.38,823.07,369.38
795.95,355.18,795.56,355.29
805.79,382.51,806.97,383.17
822.43,356.33,822.31,356.33
822.43,356.33,822.31,369.37
820.39,378.02,820.58,378.80
806.78,302.83,806.85,302.64
799.05,354.68,802.03,354.69
822.43,369.37,822.31,369.37
792.44,380.35,793.01,380.85
822.31,369.37,822.31,356.33
810.79,389.46,810.68,389.54
822.14,369.36,822.31,369.37
822.14,356.33,822.14,369.36
828.44,389.54,828.55,389.46
823.05,356.33,823.05,369.36
822.17,356.33,823.05,356.33
773.23,383.78,772.03,382.83
822.17,369.36,822.17,356.33
823.52,369.37,823.52,356.33
793.47,380.07,793.54,379.25
773.23,383.78,772.03,382.83
823.70,369.40,823.67,369.40
822.43,369.37,823.52,369.37
822.43,356.33,822.43,369.37
824.36,372.32,819.47,378.16
829.65,355.81,829.83,355.53
821.41,369.06,821.37,356.62
821.67,356.62,821.55,356.62
790.23,365.51,792.43,367.16
821.67,356.62,821.55,369.06
821.37,369.06,821.55,369.06
821.37,356.62,821.37,369.06
819.33,325.44,818.64,325.49
822.28,356.63,822.28,369.05
821.41,356.62,822.28,356.63
774.70,378.41,774.58,378.03
821.41,369.06,821.41,356.62
774.97,382.78,774.46,378.46
822.75,369.07,822.75,356.62
821.67,356.62,822.75,369.07
825.23,442.10,825.59,442.17
818.84,309.86,818.85,318.84
812.12,356.37,813.03,358.10
822.93,369.38,822.90,369.38
819.05,324.57,819.49,324.08
774.82,382.89,774.35,378.43
821.67,369.06,822.75,369.07
775.07,383.22,774.82,382.89
821.67,356.62,821.67,369.06
830.17,360.92,829.16,365.41
820.65,368.60,820.61,357.07
820.91,357.07,820.78,357.07
820.91,357.07,820.78,368.61
820.78,368.61,820.78,357.07
820.61,368.60,820.78,368.61
820.61,357.07,820.61,368.60
821.52,357.07,821.52,368.60
820.65,368.60,821.52,357.07
820.65,357.07,821.52,357.07
820.65,368.60,820.65,357.07
797.90,360.92,797.90,356.15
821.99,368.61,821.99,357.07
820.99,438.68,817.69,422.17
795.95,355.18,795.37,355.29
820.91,368.61,821.99,368.61
820.91,357.07,820.91,368.61
804.76,379.94,804.69,378.98
819.89,367.67,819.86,357.99
773.19,378.33,774.58,378.03
819.89,357.99,819.86,357.99
820.15,357.99,820.03,357.99
820.15,357.99,820.03,367.67
819.86,357.99,820.03,357.99
820.33,380.86,820.49,380.88
811.46,362.38,811.51,362.32
820.03,367.67,820.03,357.99
773.80,382.49,773.19,378.33
819.86,357.99,820.03,367.67
819.86,367.67,820.03,367.67
811.10,363.66,811.00,363.49
819.86,357.99,819.86,367.67
808.25,379.06,819.30,382.35
775.32,382.59,774.70,378.41
819.89,367.67,820.76,367.67
810.34,381.85,819.30,382.35
820.76,357.99,820.76,367.67
819.89,367.67,820.76,357.99
790.16,379.21,790.09,380.06
819.89,357.99,820.76,357.99
808.25,379.06,810.34,381.85
819.89,367.67,819.89,357.99
820.15,357.99,821.23,357.99
821.23,367.68,821.23,357.99
820.15,357.99,821.23,367.68
831.21,381.44,820.11,381.25
769.03,375.21,768.99,375.61
821.41,369.06,821.37,369.06
820.15,367.68,821.23,367.68
819.82,378.29,819.47,378.16
820.15,357.99,820.15,367.68
792.44,380.35,792.25,379.05
819.14,365.40,819.10,360.25
821.33,395.88,822.45,395.16
817.80,388.79,818.97,388.69
819.39,360.25,819.27,360.25
819.39,360.25,819.27,365.41
819.27,365.41,819.27,360.25
819.10,360.25,819.27,365.41
808.09,386.64,794.24,382.89
819.10,365.40,819.27,365.41
816.39,379.22,816.58,379.91
801.55,341.44,801.22,341.77
819.10,360.25,819.10,365.40
792.44,380.35,792.44,379.00
819.14,365.40,820.01,365.40
829.34,325.59,829.83,326.67
820.01,360.25,820.01,365.40
792.44,380.35,792.63,379.07
819.14,365.40,820.01,360.25
819.14,360.25,820.01,360.25
819.39,360.25,820.47,360.25
819.39,360.25,820.47,365.41
819.39,360.25,819.39,365.41
795.14,367.19,795.60,367.54
823.73,426.89,823.38,426.43
824.38,400.31,824.05,398.24
826.82,353.24,824.52,355.53
826.82,353.24,828.13,354.27
781.66,377.71,780.52,377.66
798.20,362.82,795.05,362.82
828.88,365.41,829.89,360.92
826.66,355.51,828.13,354.27
831.18,354.22,829.70,355.48
809.84,341.51,808.63,341.48
828.61,354.26,827.13,355.51
822.44,368.93,822.31,368.54
821.49,441.52,827.88,427.45
831.66,354.22,830.18,355.47
777.49,369.88,775.73,369.89
821.47,403.87,821.68,403.76
828.40,355.79,828.55,354.37
829.83,355.53,831.24,354.34
818.46,336.30,828.91,335.42
831.46,355.76,831.95,354.33
818.46,336.30,818.79,336.02
831.46,355.76,831.61,354.33
785.52,354.24,784.88,353.80
820.89,378.95,821.06,379.66
830.20,355.52,831.61,354.33
827.94,367.37,829.37,360.93
827.77,327.35,828.39,327.47
825.74,365.77,826.81,360.90
824.39,355.84,824.39,360.91
825.79,359.59,824.39,360.91
825.79,359.59,826.33,360.93
834.98,366.42,828.64,366.32
799.72,402.13,799.65,400.11
835.78,368.37,828.21,368.22
822.50,400.80,822.93,401.81
824.39,369.89,826.33,360.93
825.26,365.78,826.33,360.93
782.77,370.33,786.33,372.14
829.99,355.79,829.30,359.56
834.92,365.40,828.86,365.32
828.31,439.72,827.71,439.67
807.68,440.48,808.49,440.21
826.74,416.32,826.61,417.06
779.95,352.49,780.09,352.54
776.41,382.45,776.62,382.11
835.03,365.49,828.88,365.41
776.81,382.54,776.97,382.29
790.36,347.30,790.28,347.23
828.88,365.41,829.16,365.41
776.62,382.11,777.22,378.02
830.17,360.92,829.16,365.41
790.20,380.49,789.99,380.88
829.89,360.92,830.17,360.92
792.21,379.63,792.27,380.45
816.58,379.91,816.55,380.88
828.32,367.46,829.78,360.92
828.05,367.46,828.32,367.46
796.83,337.26,796.83,332.79
829.50,360.92,828.05,367.46
780.23,360.00,779.71,360.00
828.05,367.46,828.32,367.46
826.69,367.43,828.32,367.46
828.05,367.46,826.69,367.43
817.75,379.24,818.87,379.51
777.77,377.56,777.78,377.54
826.42,367.43,826.69,367.43
819.31,378.22,819.04,378.79
828.05,367.46,826.42,367.43
782.30,366.39,781.87,366.64
826.42,367.43,826.69,367.43
818.85,371.38,819.31,378.22
826.05,365.78,826.69,367.43
826.42,367.43,826.05,365.78
793.52,382.84,795.54,385.75
825.78,365.78,826.05,365.78
826.42,367.43,825.78,365.78
787.74,370.34,787.53,370.75
825.78,365.78,826.05,365.78
826.85,360.91,827.13,360.91
790.03,371.38,790.78,377.86
825.78,365.78,826.85,360.91
791.10,370.87,791.02,371.31
826.47,360.91,826.74,360.91
825.67,365.77,826.74,360.91
826.47,360.91,825.67,365.77
822.01,358.21,821.13,356.19
823.90,356.39,824.58,356.36
826.47,360.91,825.40,365.77
797.49,368.79,797.67,369.15
825.40,365.77,825.67,365.77
793.12,357.85,792.15,356.19
826.30,368.10,826.57,368.10
801.44,363.36,801.77,363.49
826.30,368.10,826.57,368.10
828.54,368.13,826.57,368.10
828.27,368.13,828.54,368.13
826.30,368.10,828.27,368.13
828.26,421.62,828.81,422.14
801.44,356.64,801.77,356.50
828.27,368.13,828.54,368.13
794.23,382.76,794.20,382.44
782.89,349.73,781.87,353.35
789.99,380.32,789.48,380.59
828.97,366.23,828.54,368.13
828.27,368.13,828.97,366.23
828.27,368.13,828.70,366.23
797.49,351.20,797.67,350.85
828.70,366.23,835.09,366.33
828.97,366.23,828.70,366.23
829.89,360.92,830.08,359.57
827.97,355.57,827.97,357.09
829.34,359.57,830.08,359.57
829.89,360.92,829.34,359.57
827.35,356.17,827.35,360.91
828.95,359.57,829.69,359.57
827.70,360.71,827.73,360.77
829.78,360.92,829.69,359.57
828.95,359.57,829.78,360.92
815.01,329.84,816.10,331.25
830.16,360.72,830.19,360.72
829.50,360.92,829.78,360.92
828.99,355.14,827.98,355.14
828.95,359.57,829.50,360.92
830.06,355.31,830.16,355.54
826.81,360.90,829.37,360.93
828.81,359.59,826.81,360.90
826.27,359.56,826.81,360.90
828.81,359.59,826.27,359.56
826.85,360.91,827.13,360.91
827.05,359.58,827.13,360.91
826.85,360.91,827.05,359.58
827.79,360.71,828.19,357.52
826.31,359.58,827.05,359.58
826.85,360.91,826.31,359.58
812.32,359.05,812.49,359.05
825.92,359.58,826.66,359.58
826.74,360.91,826.66,359.58
825.92,359.58,826.74,360.91
826.47,360.91,826.74,360.91
825.92,359.58,826.47,360.91
822.90,351.93,822.90,354.45
830.18,355.47,829.99,355.79
803.92,412.92,805.30,413.09
829.24,358.05,829.24,358.26
812.11,357.17,812.45,358.57
831.61,354.33,831.95,354.33
829.15,358.36,829.24,358.26
831.56,354.34,831.95,354.33
831.61,354.33,831.56,354.34
821.78,359.15,821.98,357.85
831.24,354.34,831.56,354.34
831.61,354.33,831.24,354.34
829.70,355.48,829.52,355.79
827.13,355.51,826.95,355.82
822.38,355.39,822.68,355.12
829.70,355.48,827.13,355.51
826.31,359.58,827.05,359.58
824.11,367.55,831.77,367.35
821.99,397.96,822.09,396.52
828.40,355.79,826.31,359.58
789.73,378.84,790.26,378.73
831.85,367.70,831.77,367.35
823.61,355.15,823.28,355.12
828.51,354.38,828.89,354.37
828.19,354.38,828.51,354.38
828.55,354.37,828.19,354.38
826.48,355.82,826.66,355.51
824.39,355.84,826.66,355.51
807.78,383.42,812.04,386.91
795.94,373.12,795.33,370.93
819.83,353.27,820.02,353.74
816.33,320.87,816.50,320.91
824.39,355.84,824.52,355.53
799.05,348.24,799.33,349.25
808.78,352.59,809.19,352.04
835.03,365.49,828.88,365.41
828.86,365.32,828.88,365.41
834.92,365.40,828.86,365.32
829.85,360.91,829.89,360.92
805.79,368.97,806.70,369.66
827.94,367.37,829.37,360.93
827.94,367.37,828.05,367.46
802.93,353.93,802.03,354.69
826.35,367.35,827.94,367.37
828.05,367.46,827.94,367.37
826.35,367.35,828.05,367.46
826.35,367.35,826.42,367.43
826.42,367.43,826.35,367.35
825.78,365.78,826.42,367.43
825.74,365.77,825.78,365.78
793.66,361.54,793.62,360.95
826.81,360.90,825.74,365.77
825.78,365.78,825.74,365.77
826.85,360.91,825.78,365.78
826.81,360.90,826.85,360.91
791.22,367.13,792.43,367.16
825.26,365.78,826.33,360.93
825.40,365.77,826.47,360.91
825.26,365.78,825.40,365.77
826.19,368.18,825.40,365.77
826.30,368.10,825.40,365.77
826.19,368.18,826.30,368.10
820.15,362.29,822.17,360.44
828.21,368.22,826.19,368.18
826.30,368.10,826.19,368.18
828.27,368.13,826.30,368.10
828.21,368.22,828.27,368.13
822.86,394.21,822.11,394.01
828.27,368.13,828.21,368.22
828.64,366.32,828.27,368.13
815.96,440.03,815.34,422.74
828.70,366.23,828.27,368.13
828.64,366.32,828.70,366.23
792.96,360.09,793.12,360.44
803.93,353.31,805.02,352.86
834.98,366.42,828.64,366.32
791.24,362.29,793.12,360.44
828.70,366.23,828.64,366.32
834.98,366.42,828.70,366.23
835.09,366.33,828.70,366.23
829.30,359.56,829.85,360.91
817.67,329.82,828.63,328.56
804.02,400.73,804.04,401.31
829.30,359.56,829.89,360.92
829.30,359.56,829.89,360.92
804.07,398.81,804.02,400.73
814.59,408.10,812.41,405.53
829.34,359.57,829.89,360.92
811.81,398.81,811.76,400.73
829.30,359.56,829.34,359.57
808.06,445.87,809.29,446.03
829.34,359.57,829.30,359.56
828.95,359.57,829.50,360.92
771.93,376.56,771.29,380.61
812.32,395.19,812.00,396.95
829.37,360.93,829.50,360.92
805.56,392.12,805.01,393.56
828.81,359.59,829.37,360.93
813.33,392.12,812.77,393.56
828.95,359.57,828.81,359.59
829.65,355.81,828.95,359.57
814.00,390.88,813.33,392.12
828.81,359.59,828.95,359.57
829.65,355.81,828.81,359.59
804.28,370.26,802.58,371.30
829.34,441.72,829.15,442.05
834.06,341.06,815.75,340.89
829.52,355.79,828.81,359.59
796.52,346.25,798.67,346.42
826.27,359.56,826.81,360.90
808.60,388.76,807.75,389.19
826.31,359.58,826.85,360.91
816.43,388.76,815.57,389.19
826.27,359.56,826.31,359.58
822.21,381.12,821.91,382.38
826.95,355.82,826.27,359.56
811.23,389.31,810.36,388.82
786.96,350.35,786.56,352.54
825.92,359.58,826.33,360.93
812.07,390.09,811.23,389.31
787.85,351.03,786.56,352.54
825.79,359.59,826.33,360.93
819.97,390.09,819.12,389.31
820.76,391.15,819.97,390.09
825.79,359.59,825.92,359.58
830.04,355.80,829.99,355.79
830.18,355.47,830.04,355.80
808.10,351.97,807.09,352.54
831.66,354.22,830.18,355.47
830.20,355.52,830.18,355.47
831.61,354.33,830.20,355.52
826.45,396.71,826.11,395.34
831.66,354.22,831.61,354.33
809.58,355.78,809.60,355.75
831.18,354.22,831.66,354.22
826.57,398.21,826.45,396.71
831.61,354.33,831.66,354.22
826.41,398.21,826.29,396.74
831.24,354.34,831.61,354.33
826.47,399.70,826.57,398.21
831.18,354.22,831.24,354.34
829.83,355.53,829.65,355.81
826.16,401.03,826.47,399.70
829.52,355.79,829.65,355.81
802.22,361.75,805.45,362.11
829.83,355.53,829.52,355.79
829.70,355.48,829.52,355.79
829.70,355.48,831.18,354.22
771.76,384.74,770.79,384.83
831.24,354.34,831.18,354.22
825.53,401.98,826.01,400.97
829.83,355.53,831.24,354.34
825.03,402.71,825.66,402.07
829.70,355.48,829.83,355.53
827.13,355.51,826.95,355.82
814.66,328.41,814.66,333.12
824.33,402.90,825.03,402.71
826.99,355.83,826.95,355.82
821.19,397.91,822.14,396.48
814.81,328.39,814.81,333.12
824.23,402.80,824.91,402.61
827.13,355.51,826.99,355.83
828.61,354.26,827.13,355.51
823.63,402.62,824.33,402.90
827.16,355.55,827.13,355.51
828.61,354.26,828.55,354.37
828.13,354.27,828.61,354.26
828.55,354.37,828.61,354.26
828.19,354.38,828.55,354.37
819.95,381.22,819.08,381.91
822.50,400.80,823.00,401.89
824.39,369.89,824.39,360.91
828.13,354.27,828.19,354.38
826.79,355.56,826.62,355.84
826.48,355.82,826.62,355.84
822.11,399.42,822.43,400.74
784.76,363.92,784.06,364.22
826.79,355.56,826.48,355.82
824.35,404.74,824.25,404.85
826.66,355.51,826.48,355.82
820.86,396.67,821.13,395.50
826.66,355.51,828.13,354.27
828.19,354.38,828.13,354.27
826.79,355.56,828.19,354.38
826.66,355.51,826.79,355.56
826.82,372.50,824.52,370.20
823.17,393.99,822.08,393.99
826.82,372.50,828.40,370.30
827.31,400.32,827.44,398.26
828.40,370.30,824.52,370.20
824.39,369.89,824.52,370.20
824.39,369.89,828.40,370.30
815.39,389.69,808.09,389.69
830.80,372.62,828.40,370.30
793.34,382.53,794.33,382.53
826.81,402.23,827.25,400.36
828.26,369.99,828.40,370.30
813.32,355.71,813.83,357.83
826.88,398.27,826.50,396.03
771.62,382.87,770.42,383.57
833.44,372.76,829.43,372.63
826.33,396.01,825.45,393.96
770.42,383.57,769.24,383.94
793.62,382.44,794.61,382.44
824.25,404.85,825.23,404.59
829.43,372.63,830.37,370.82
826.71,398.28,826.33,396.01
823.27,404.45,824.25,404.85
827.14,372.63,829.43,372.63
826.71,398.28,826.88,398.27
833.44,372.76,827.14,372.63
826.84,400.51,826.88,398.27
768.34,369.81,772.72,381.95
799.99,347.19,799.09,348.07
831.12,372.76,827.14,372.63
823.38,404.35,824.35,404.74
826.82,372.50,827.14,372.63
799.99,347.19,810.86,347.68
831.12,372.76,826.82,372.50
825.77,404.04,826.45,402.49
825.59,404.12,826.28,402.55
774.10,369.81,772.72,381.95
826.39,344.14,826.95,344.71
821.67,401.89,822.38,403.43
830.80,372.62,831.12,372.76
825.59,404.12,825.77,404.04
824.85,405.00,825.77,404.04
768.34,369.81,774.10,369.81
802.37,346.37,802.81,347.88
818.55,393.66,818.33,392.70
790.21,378.79,790.05,379.51
826.66,359.58,827.05,359.58
800.26,324.13,800.12,323.82
819.46,421.74,827.48,421.74
829.69,359.57,830.08,359.57
831.46,355.76,829.69,359.57
801.81,363.46,801.14,365.08
816.33,406.11,824.62,406.11
817.63,421.92,819.46,421.74
831.07,355.76,829.69,359.57
815.41,422.46,829.30,422.46
830.29,360.91,829.26,353.23
818.97,388.69,819.32,388.85
829.26,353.23,830.29,355.10
798.63,348.49,800.47,348.05
828.74,421.92,829.30,422.46
829.26,360.91,829.26,353.23
819.18,392.18,822.29,392.53
829.26,360.91,827.11,353.23
827.11,360.91,826.83,353.34
826.74,416.32,826.83,416.36
826.83,360.91,826.83,353.34
824.57,360.91,824.46,355.87
824.46,355.87,824.57,355.61
824.39,355.84,824.39,360.91
828.32,367.46,829.16,365.41
825.67,365.77,826.74,360.91
826.69,367.43,826.05,365.78
798.05,346.37,797.10,348.33
826.57,368.10,825.67,365.77
826.69,367.43,828.32,367.46
828.54,368.13,828.32,367.46
828.54,368.13,826.57,368.10
826.69,367.43,826.57,368.10
830.08,359.57,830.17,360.92
829.78,360.92,830.17,360.92
830.08,359.57,829.78,360.92
794.23,346.66,794.63,349.36
802.31,409.97,810.09,406.78
829.69,359.57,829.78,360.92
830.08,359.57,829.69,359.57
827.05,359.58,827.13,360.91
826.74,360.91,827.13,360.91
827.05,359.58,826.74,360.91
805.23,319.82,799.71,320.39
827.05,359.58,826.66,359.58
791.87,371.30,794.40,371.30
824.46,369.86,824.46,360.91
824.39,369.89,824.46,360.91
824.39,360.91,824.46,360.91
802.00,393.63,803.37,394.06
824.39,369.89,824.39,360.91
824.57,360.91,824.46,360.91
824.39,369.89,824.46,369.86
809.32,342.77,807.89,342.83
796.60,346.36,796.52,346.25
831.95,354.33,831.46,355.76
804.72,398.20,804.62,396.87
831.07,355.76,831.46,355.76
831.95,354.33,831.07,355.76
803.49,398.21,803.37,396.74
831.56,354.34,831.07,355.76
804.64,399.51,804.72,398.20
831.95,354.33,831.56,354.34
817.88,342.40,826.05,342.40
796.25,350.03,798.25,347.97
828.89,354.37,828.40,355.79
804.38,400.69,804.64,399.51
827.98,355.79,828.40,355.79
803.10,400.97,803.39,399.67
828.51,354.38,827.98,355.79
803.44,402.17,803.96,401.60
824.46,355.87,824.39,355.84
802.85,402.34,803.44,402.17
824.57,370.13,824.57,360.91
793.16,378.49,792.89,378.38
826.82,372.50,824.52,370.20
792.63,379.07,792.44,379.00
816.39,379.22,816.31,380.06
801.78,309.04,801.89,319.51
800.42,404.35,800.66,402.62
826.83,372.39,824.57,370.13
802.27,402.09,802.85,402.34
824.52,370.20,824.57,370.13
801.74,401.45,802.27,402.09
824.52,355.53,824.57,355.61
821.90,359.64,821.87,359.15
792.06,380.96,791.84,380.35
802.57,402.07,803.04,401.03
826.83,353.34,824.57,355.61
802.57,402.07,802.65,401.98
826.83,353.34,824.52,355.53
826.70,341.08,827.53,342.35
826.83,360.91,826.83,372.39
801.42,402.80,802.07,402.61
833.03,350.37,830.19,350.86
804.09,396.18,803.31,396.71
827.11,372.50,829.26,372.50
802.59,394.33,802.00,393.63
829.26,372.50,829.43,372.63
801.04,399.29,801.31,400.49
802.37,401.32,802.85,401.52
827.11,372.50,826.82,372.50
792.38,381.97,792.19,381.52
829.26,372.50,830.29,370.64
792.06,379.72,792.02,380.34
803.04,401.03,803.71,402.16
829.26,360.91,830.29,360.91
801.33,404.74,802.24,404.49
827.14,353.10,826.82,353.24
829.26,360.91,829.26,372.50
827.11,360.91,829.26,360.91
827.11,372.50,827.11,360.91
800.62,398.00,801.36,396.94
829.43,372.63,829.26,372.50
798.54,395.84,798.95,393.99
830.37,370.82,829.43,372.63
804.64,399.51,802.82,398.08
830.80,353.17,826.82,353.24
801.09,364.29,801.34,364.15
821.52,441.73,829.98,441.74
830.80,353.17,827.14,353.10
827.50,421.22,827.17,420.82
824.35,395.66,824.65,396.87
830.80,353.17,831.12,353.04
800.49,399.35,801.23,400.65
827.11,353.23,827.14,353.10
829.26,353.23,827.11,353.23
829.43,353.10,829.26,353.23
764.45,377.37,764.33,377.51
833.43,353.04,829.43,353.10
804.12,400.32,803.04,401.03
764.13,377.42,764.01,377.56
827.14,353.10,831.12,353.04
803.71,402.16,802.57,402.07
829.43,353.10,830.37,354.92
829.26,353.23,829.43,353.10
825.18,370.44,825.10,370.03
824.38,372.10,825.18,370.44
825.37,370.61,824.38,372.10
795.08,371.53,795.14,367.19
824.38,353.49,825.10,355.58
825.18,355.17,825.10,355.58
791.73,368.26,792.41,363.24
794.09,379.16,795.08,379.16
825.37,354.99,824.38,353.49
792.19,381.52,792.38,381.97
824.12,353.11,817.43,353.22
792.79,378.63,793.78,378.63
804.24,396.15,804.09,396.18
826.98,353.22,817.43,353.22
794.09,379.16,794.22,379.77
815.59,306.23,811.62,306.23
825.37,354.99,826.40,353.46
828.62,378.59,828.07,378.91
826.80,353.46,826.40,353.46
801.32,402.90,801.98,402.71
824.56,353.11,824.12,353.11
826.98,353.22,824.12,353.11
800.78,402.52,801.42,402.80
826.98,353.22,824.56,353.11
826.79,355.56,828.19,354.38
825.16,353.11,826.98,353.22
800.66,402.62,801.32,402.90
834.23,353.10,826.98,353.22
826.79,355.56,828.51,354.38
825.16,353.11,834.23,353.10
799.25,396.48,799.54,395.16
803.20,403.69,803.86,402.23
826.80,372.17,826.40,372.16
826.80,353.46,825.37,354.99
827.21,353.45,825.37,354.99
793.61,379.24,794.59,371.86
792.59,381.60,792.45,381.00
799.73,400.74,800.19,401.81
826.80,353.46,827.21,353.45
799.40,396.52,801.27,395.50
820.21,356.49,819.35,357.45
826.80,372.17,825.37,370.61
827.21,372.18,826.80,372.17
817.20,353.45,819.35,357.45
793.62,378.36,793.34,378.24
819.50,325.56,819.24,325.73
796.95,380.49,793.88,380.51
799.67,403.43,800.42,404.35
818.66,358.92,819.35,357.45
804.54,402.49,805.07,400.51
817.20,353.45,821.16,356.15
820.21,356.49,821.16,356.15
817.20,353.45,820.21,356.49
803.08,405.09,802.87,405.00
825.16,372.63,824.56,372.62
801.91,405.28,802.87,405.00
819.54,309.23,819.30,308.93
826.98,372.41,824.56,372.62
824.40,395.51,824.74,396.24
817.20,353.45,818.66,358.92
825.16,372.63,834.24,372.63
804.09,396.18,803.65,394.29
824.08,400.18,824.98,399.17
826.98,372.41,825.16,372.63
824.12,372.62,826.98,372.41
804.24,396.15,803.79,394.23
817.43,372.41,826.98,372.41
804.25,398.26,804.09,396.18
802.43,363.92,802.33,360.00
824.12,372.62,817.43,372.41
792.59,381.60,793.57,381.60
803.86,402.23,804.27,400.36
821.46,357.93,820.83,359.27
799.84,400.13,799.65,400.11
813.84,309.95,813.92,310.28
823.12,356.76,821.42,356.44
804.12,400.32,804.25,398.26
800.63,367.46,800.17,366.64
823.90,356.39,821.42,356.44
801.25,393.73,802.65,392.14
799.84,400.13,799.72,402.13
823.12,356.76,823.90,356.39
818.66,366.73,818.23,364.87
798.96,367.54,795.60,367.54
794.30,360.95,794.34,361.44
820.43,360.96,820.83,359.27
819.05,383.37,821.44,383.37
823.12,362.85,820.83,359.27
795.14,367.19,798.96,367.54
822.24,357.06,821.46,357.93
803.07,403.60,802.24,404.49
823.12,362.85,821.46,357.93
817.20,372.19,818.66,366.73
802.36,404.59,803.20,403.69
822.24,357.06,823.12,356.76
792.79,382.08,793.57,381.60
800.47,348.05,802.28,349.85
799.27,399.44,799.73,400.74
801.44,404.85,802.36,404.59
827.11,353.23,826.83,353.34
825.14,356.38,823.12,356.76
778.56,382.82,778.86,382.51
791.46,362.35,791.37,362.45
800.42,404.35,801.33,404.74
823.03,394.98,822.73,394.65
826.00,356.74,825.14,356.38
817.20,372.19,821.16,369.54
820.43,364.70,820.29,362.83
798.57,399.99,799.01,401.89
826.69,400.61,826.71,398.28
823.12,368.93,821.42,369.25
798.41,397.91,798.51,399.96
823.90,369.34,823.12,368.93
783.53,370.33,785.36,370.42
823.12,362.85,820.43,364.70
804.54,390.84,804.33,390.89
828.26,369.99,828.21,368.22
826.19,368.18,828.26,369.99
786.56,367.46,787.85,368.97
812.70,422.97,810.97,423.17
824.39,369.89,828.26,369.99
793.54,379.25,793.47,380.07
804.24,390.58,805.01,389.81
830.80,353.17,831.18,354.22
826.99,355.83,827.16,355.55
800.18,397.94,799.84,400.13
828.40,355.79,826.99,355.83
831.46,355.76,830.20,355.52
804.24,390.58,803.94,391.02
805.35,352.40,805.54,352.57
831.46,355.76,830.04,355.80
801.72,396.81,800.38,398.22
791.59,365.49,792.58,367.11
825.74,365.77,826.35,367.35
792.43,367.16,793.67,368.61
827.94,367.37,825.74,365.77
792.46,368.58,794.07,369.49
824.39,355.84,825.79,359.59
801.72,396.81,800.81,396.41
774.58,378.03,774.41,377.87
821.41,356.62,821.37,356.62
831.07,355.76,829.83,355.53
821.41,369.06,822.28,369.05
829.65,355.81,831.07,355.76
826.62,355.84,826.79,355.56
827.98,355.79,826.79,355.56
794.40,371.30,794.97,367.02
801.72,397.97,801.36,395.59
826.62,355.84,827.98,355.79
820.65,357.07,820.61,357.07
829.78,360.92,829.16,365.41
828.53,331.61,828.47,331.97
812.17,403.20,809.45,403.71
820.65,368.60,821.52,368.60
830.17,360.92,829.78,360.92
776.35,384.21,796.17,384.58
828.32,367.46,828.54,368.13
828.97,366.23,828.32,367.46
745.68,355.04,747.29,354.79
825.24,436.55,825.15,437.30
740.45,355.12,747.29,354.79
801.84,369.75,802.44,369.14
742.04,354.87,747.29,354.79
748.90,355.04,742.04,354.87
796.75,370.85,796.87,370.78
823.44,394.91,824.93,394.16
743.62,355.12,748.90,355.04
801.56,398.08,801.93,400.54
750.35,355.78,743.62,355.12
801.40,398.19,801.76,400.58
745.05,355.85,750.35,355.78
751.51,356.94,745.05,355.85
746.18,356.99,751.51,356.94
804.18,370.14,804.93,369.75
752.25,358.39,746.18,356.99
806.10,371.51,806.44,369.39
746.91,358.41,752.25,358.39
807.81,370.85,807.86,370.78
752.50,360.00,746.91,358.41
747.16,360.00,752.50,360.00
752.25,361.61,747.16,360.00
746.91,361.58,752.25,361.61
751.51,363.06,746.91,361.58
817.48,343.51,819.01,342.34
746.18,363.01,751.51,363.06
750.35,364.21,746.18,363.01
745.05,364.15,750.35,364.21
748.90,364.95,745.05,364.15
743.62,364.88,748.90,364.95
747.29,365.21,743.62,364.88
742.04,365.13,747.29,365.21
745.68,364.95,742.04,365.13
740.45,364.88,745.68,364.95
743.08,363.06,739.02,364.15
737.89,363.01,743.08,363.06
742.34,361.61,737.89,363.01
737.16,361.58,742.34,361.61
815.99,344.05,814.51,342.91
742.08,360.00,737.16,361.58
805.09,378.11,807.05,378.17
736.91,360.00,742.08,360.00
801.38,399.06,800.91,399.91
742.34,358.39,736.91,360.00
737.16,358.41,742.34,358.39
743.08,356.94,737.16,358.41
744.23,364.21,740.45,364.88
802.53,310.29,803.29,319.47
814.32,343.63,815.81,342.48
737.89,356.99,737.16,358.41
792.76,380.77,792.47,380.77
814.32,343.63,805.95,342.91
737.89,356.99,743.08,356.94
819.53,341.08,819.01,342.35
800.88,396.12,801.19,395.42
744.23,355.78,737.89,356.99
769.56,371.21,766.32,370.89
821.81,413.79,820.90,413.27
739.02,355.85,744.23,355.78
801.57,396.00,801.90,395.26
745.68,355.04,744.23,355.78
764.00,375.31,764.32,374.98
800.34,398.72,800.91,399.91
740.45,355.12,745.68,355.04
739.02,355.85,740.45,355.12
803.36,310.18,808.40,309.52
741.14,350.02,741.14,352.45
743.47,352.82,741.14,352.45
745.57,353.89,743.47,352.82
774.27,382.24,773.94,382.53
828.22,324.35,810.70,324.09
809.38,431.68,809.07,432.11
744.22,350.51,745.57,353.89
824.59,373.72,833.61,376.45
808.01,445.35,808.65,445.67
747.00,351.92,745.57,353.89
747.24,355.56,745.57,353.89
824.15,339.03,824.30,337.10
744.72,349.59,744.45,349.98
807.14,437.67,807.52,437.73
747.00,351.92,747.24,355.56
749.21,354.13,747.24,355.56
829.60,350.45,828.87,349.68
804.32,382.52,805.79,382.51
748.31,357.67,747.24,355.56
802.03,394.84,802.47,395.02
748.68,360.00,748.31,357.67
767.17,377.66,768.26,377.56
735.00,351.47,732.66,353.80
816.75,445.78,818.62,445.67
805.46,393.88,805.04,395.43
751.12,360.00,748.68,360.00
818.73,445.87,815.27,412.92
750.63,363.08,748.31,362.33
805.38,319.76,807.08,319.76
747.24,364.43,748.31,362.33
831.64,439.75,831.99,439.33
819.08,424.43,827.19,424.44
750.63,363.08,747.24,364.43
819.05,383.37,818.46,383.99
803.23,400.06,803.43,399.17
818.75,383.18,818.19,383.76
743.47,367.18,745.57,366.10
744.22,369.49,743.47,367.18
816.48,332.37,816.90,331.79
820.84,383.99,817.81,384.17
824.39,400.63,824.23,400.58
741.14,367.55,743.47,367.18
744.22,369.49,741.14,367.55
813.36,413.09,813.65,411.10
741.14,369.98,741.14,367.55
738.80,367.18,741.14,367.55
738.05,369.49,738.80,367.18
736.70,366.10,738.80,367.18
805.00,410.98,805.99,411.10
738.05,369.49,736.70,366.10
735.03,364.43,736.70,366.10
733.96,362.33,735.03,364.43
829.32,329.47,829.34,330.54
822.77,418.90,822.38,418.94
827.63,332.31,827.41,332.35
810.97,423.17,812.23,422.36
831.76,439.10,832.00,438.68
733.06,365.87,733.96,362.33
731.64,363.08,733.96,362.33
733.59,360.00,733.96,362.33
800.34,369.39,801.84,369.75
823.23,422.53,822.67,422.04
778.13,363.94,778.28,363.92
731.15,360.00,733.59,360.00
794.23,382.76,794.61,382.43
833.30,341.71,819.01,342.34
733.96,357.67,733.59,360.00
819.10,379.28,818.56,378.49
735.03,355.56,733.96,357.67
736.70,353.89,735.03,355.56
818.55,393.66,818.47,395.79
733.06,354.13,736.70,353.89
801.38,399.06,801.30,397.99
738.80,352.82,736.70,353.89
798.91,368.79,800.34,369.39
825.91,441.60,825.23,442.10
825.69,342.46,826.36,342.73
735.27,351.92,738.80,352.82
742.04,354.87,741.14,352.45
743.47,352.82,742.04,354.87
803.94,391.02,803.80,391.16
743.62,355.12,743.47,352.82
747.24,355.56,745.05,355.85
746.18,356.99,747.24,355.56
748.31,357.67,746.18,356.99
823.85,398.19,823.63,395.64
746.91,358.41,748.31,357.67
748.68,360.00,746.91,358.41
747.16,360.00,748.68,360.00
748.31,362.33,747.16,360.00
824.29,397.96,824.12,395.89
746.91,361.58,748.31,362.33
824.41,400.54,824.63,400.38
747.24,364.43,746.91,361.58
746.18,363.01,746.91,361.58
746.18,363.01,747.24,364.43
823.03,394.98,823.58,395.55
745.05,364.15,745.57,366.10
743.62,364.88,745.05,364.15
743.62,364.88,743.47,367.18
831.07,355.76,829.69,359.57
742.04,365.13,741.14,367.55
801.78,309.04,807.14,318.83
819.20,382.24,818.75,383.18
738.80,367.18,742.04,365.13
826.91,358.37,826.94,358.21
818.58,381.54,818.25,382.24
824.12,400.70,824.02,401.20
740.45,364.88,738.80,367.18
818.89,380.57,818.70,381.39
736.70,366.10,740.45,364.88
818.79,380.66,818.58,381.54
801.60,400.02,801.23,400.65
739.02,364.15,736.70,366.10
818.70,381.39,818.89,380.57
788.90,351.84,787.91,353.73
735.03,364.43,739.02,364.15
800.62,398.00,800.68,397.00
784.86,353.75,786.93,355.71
737.89,363.01,735.03,364.43
800.29,398.02,800.33,397.34
733.96,362.33,737.89,363.01
824.29,397.96,823.93,395.72
737.16,361.58,733.96,362.33
733.59,360.00,737.16,361.58
824.57,400.36,824.29,397.96
736.91,360.00,733.59,360.00
733.96,357.67,736.91,360.00
737.16,358.41,733.96,357.67
735.03,355.56,737.16,358.41
803.45,413.77,803.66,413.71
824.90,396.30,824.40,395.51
736.70,353.89,735.03,355.56
801.30,332.26,800.61,333.77
824.77,400.00,824.54,397.92
737.89,356.99,735.03,355.56
799.54,396.72,800.25,393.57
803.20,414.47,803.66,415.23
823.23,394.84,823.97,395.02
740.45,355.12,742.04,354.87
741.14,352.45,742.04,354.87
827.89,324.09,828.04,324.16
738.80,352.82,741.14,352.45
739.02,355.85,736.70,353.89
740.45,355.12,739.02,355.85
738.80,352.82,740.45,355.12
741.14,350.02,744.45,349.98
778.04,382.20,778.64,378.09
829.18,440.91,829.36,440.93
825.67,412.64,825.49,412.34
741.14,350.02,744.22,350.51
815.27,412.92,821.63,445.37
828.99,330.65,829.95,331.24
741.19,349.46,744.45,349.98
827.01,427.09,826.94,425.67
741.34,349.05,744.98,349.44
824.38,400.31,824.01,398.22
744.45,349.98,744.22,350.51
801.52,328.35,801.72,327.87
764.33,377.87,764.01,377.92
747.38,351.47,744.22,350.51
792.45,381.00,792.02,380.34
792.47,380.77,792.76,380.77
768.68,383.48,767.50,382.54
824.60,395.96,824.28,395.84
767.97,382.45,767.76,382.11
823.97,395.02,824.60,395.96
794.17,358.30,794.26,358.70
764.33,377.87,764.01,377.56
747.38,351.47,744.45,349.98
769.35,382.53,769.14,382.20
823.50,394.84,823.97,395.02
794.84,358.35,794.92,358.73
748.07,351.02,744.98,349.44
747.78,351.14,744.72,349.59
823.34,395.79,823.58,395.55
747.38,351.47,747.00,351.92
798.19,332.10,798.89,332.30
749.72,353.80,747.00,351.92
768.79,382.39,768.30,378.14
822.73,394.65,823.50,394.84
767.30,383.77,769.74,384.23
749.21,354.13,747.00,351.92
749.72,353.80,747.38,351.47
824.77,400.06,824.44,400.76
750.53,353.47,748.07,351.02
747.78,351.14,748.07,351.02
825.16,399.45,824.77,400.06
768.62,383.86,766.08,383.07
750.20,353.56,747.78,351.14
825.05,398.17,824.97,397.16
751.21,356.74,749.21,354.13
767.97,382.45,767.76,382.11
824.37,398.17,824.97,397.16
824.93,399.94,825.16,399.45
750.63,356.91,749.21,354.13
751.21,356.74,749.72,353.80
750.20,353.56,750.53,353.47
820.41,389.36,820.26,389.53
767.76,382.11,767.16,378.02
824.74,396.24,824.97,397.16
752.11,356.57,750.20,353.56
751.73,360.00,750.63,356.91
751.73,360.00,751.21,356.74
824.02,401.20,823.28,401.38
752.65,360.00,752.11,356.57
751.75,356.62,752.11,356.57
818.74,391.08,801.39,391.08
817.61,332.36,817.58,332.00
824.02,398.08,824.41,400.54
824.54,397.92,824.22,395.86
828.61,331.61,828.55,331.24
752.65,360.00,751.75,356.62
768.54,378.09,768.43,377.72
748.90,355.04,747.29,354.79
824.44,397.94,824.22,395.86
752.29,360.00,751.75,356.62
804.07,398.81,804.02,400.73
817.84,382.67,818.25,382.24
810.34,381.85,819.30,382.35
751.73,360.00,751.12,360.00
816.64,389.19,815.57,389.19
823.85,398.19,824.23,400.58
764.33,377.51,764.45,377.37
751.21,363.26,751.12,360.00
817.51,388.76,815.57,389.19
821.79,395.26,822.61,395.42
750.63,363.08,751.12,360.00
764.33,377.51,765.36,377.42
751.21,363.26,751.73,360.00
752.11,363.43,752.65,360.00
752.29,360.00,752.65,360.00
751.75,363.38,752.29,360.00
751.21,363.26,750.63,363.08
749.72,366.19,750.63,363.08
822.61,395.42,823.66,396.24
749.21,365.87,750.63,363.08
749.72,366.19,751.21,363.26
821.45,396.00,822.29,396.12
750.53,366.53,752.11,363.43
751.75,363.38,752.11,363.43
750.20,366.43,751.75,363.38
749.72,366.19,749.21,365.87
824.31,400.33,823.55,401.32
768.62,383.86,769.74,384.23
747.00,368.07,749.21,365.87
823.08,401.14,822.29,401.32
748.07,368.98,750.53,366.53
825.90,342.99,826.17,342.89
802.44,381.44,803.88,381.52
750.20,366.43,750.53,366.53
825.16,353.11,824.56,353.11
743.08,363.06,744.23,364.21
823.89,398.21,823.47,395.81
768.50,384.11,767.40,383.16
747.78,368.86,750.20,366.43
747.38,368.52,747.00,368.07
744.45,370.02,747.38,368.52
742.08,360.00,742.34,361.61
792.59,381.60,792.19,381.52
821.23,396.94,822.08,397.00
744.98,370.56,748.07,368.98
828.55,354.37,828.89,354.37
792.45,381.00,792.19,381.52
747.78,368.86,748.07,368.98
744.72,370.41,747.78,368.86
807.67,324.37,810.54,324.16
744.45,370.02,744.22,369.49
765.40,377.99,765.63,377.94
741.19,370.54,744.22,369.49
823.99,400.20,823.08,401.14
827.98,355.79,828.51,354.38
741.14,369.98,744.22,369.49
737.16,358.41,736.91,360.00
792.41,380.33,792.06,379.72
826.62,355.84,825.92,359.58
765.40,377.99,765.52,377.57
741.19,370.54,744.45,370.02
822.66,400.65,821.84,400.80
741.55,371.10,744.98,370.56
807.20,324.14,805.52,320.08
744.72,370.41,744.98,370.56
741.34,370.95,744.72,370.41
741.19,370.54,741.14,369.98
737.93,370.02,741.14,369.98
738.05,369.49,741.14,369.98
737.93,370.02,741.19,370.54
821.16,397.99,822.01,398.00
738.11,370.56,741.55,371.10
824.37,398.17,824.28,397.11
824.93,399.94,824.77,400.06
825.56,325.45,826.13,325.83
741.34,370.95,741.55,371.10
737.96,370.41,741.34,370.95
737.93,370.02,738.05,369.49
735.00,368.52,738.05,369.49
830.92,361.37,823.33,358.65
823.69,399.86,822.66,400.65
735.27,368.07,738.05,369.49
824.02,401.20,823.73,400.92
735.00,368.52,737.93,370.02
783.18,363.13,783.12,363.13
825.35,398.14,824.97,397.16
822.32,399.91,821.48,400.02
735.02,368.98,738.11,370.56
822.10,399.00,822.32,399.91
734.90,368.86,737.96,370.41
735.00,368.52,735.27,368.07
824.44,397.94,824.64,400.19
732.66,366.19,735.27,368.07
821.25,399.06,822.10,399.00
791.58,376.29,793.71,376.29
815.82,389.90,814.75,389.90
823.55,401.32,823.28,401.38
732.66,366.19,735.00,368.52
822.01,398.00,823.24,398.02
828.86,325.65,828.99,325.69
734.90,368.86,735.02,368.98
822.10,399.00,822.01,398.00
765.36,377.42,764.13,377.42
732.48,366.43,734.90,368.86
732.66,366.19,733.06,365.87
821.45,396.00,821.79,395.26
731.17,363.26,733.06,365.87
804.47,419.34,805.27,419.69
822.29,396.12,821.79,395.26
822.32,399.91,822.10,399.00
731.64,363.08,733.06,365.87
770.21,377.66,770.09,377.80
823.46,399.35,822.32,399.91
731.17,363.26,732.66,366.19
825.31,398.84,825.05,398.17
769.89,377.71,769.77,377.85
823.30,398.72,823.46,399.35
730.98,363.43,732.56,366.53
732.48,366.43,732.56,366.53
731.17,363.26,731.64,363.08
820.84,439.39,818.07,421.60
730.65,360.00,731.17,363.26
813.85,441.88,820.84,439.39
730.44,360.00,730.98,363.43
730.93,363.38,730.98,363.43
824.60,395.96,824.90,396.30
768.55,384.35,767.24,383.60
730.44,360.00,730.93,363.38
811.88,361.26,812.45,361.44
823.97,395.02,824.90,396.30
768.50,384.11,767.24,383.60
730.39,360.00,730.93,363.38
730.65,360.00,731.15,360.00
825.01,424.27,827.25,421.60
731.64,356.91,731.15,360.00
797.82,370.27,800.17,366.64
812.49,359.05,812.45,358.57
823.50,394.84,823.23,394.84
827.79,441.88,825.01,424.27
798.63,371.51,800.34,369.39
824.46,360.91,824.46,355.87
731.17,356.74,730.65,360.00
830.08,439.39,827.79,441.88
730.98,356.57,730.44,360.00
774.58,384.70,773.73,385.03
815.99,344.05,816.71,344.94
730.93,356.62,730.39,360.00
731.17,356.74,731.64,356.91
827.25,421.60,818.07,421.60
733.06,354.13,731.64,356.91
830.08,439.39,827.25,421.60
732.66,353.80,731.17,356.74
819.93,379.71,822.21,378.29
820.84,439.39,830.08,439.39
732.56,353.47,730.98,356.57
730.93,356.62,730.98,356.57
801.74,327.52,801.25,327.72
792.79,382.08,792.38,381.97
821.67,414.57,821.58,415.32
792.45,379.68,792.19,379.17
821.55,413.80,821.67,414.57
735.02,351.02,732.56,353.47
732.48,353.56,732.56,353.47
821.25,413.30,821.55,413.80
734.90,351.14,732.48,353.56
735.00,351.47,735.27,351.92
792.46,380.88,792.47,380.77
826.99,333.38,827.42,333.82
738.05,350.51,735.27,351.92
795.25,339.97,795.69,340.38
737.93,349.98,735.00,351.47
734.90,351.14,735.02,351.02
804.69,378.98,805.03,378.99
765.07,377.47,765.40,377.99
738.11,349.44,734.90,351.14
804.76,378.03,805.03,378.99
762.18,369.80,762.91,369.82
822.32,399.91,822.66,400.65
821.66,420.08,821.36,419.58
765.28,377.63,765.40,377.99
828.39,333.76,827.90,333.95
737.96,349.59,734.90,351.14
741.19,349.46,741.14,350.02
737.93,349.98,741.19,349.46
821.25,399.06,822.32,399.91
738.05,350.51,737.93,349.98
789.13,379.21,789.12,379.91
741.55,348.89,741.34,349.05
822.10,399.00,823.24,398.02
822.29,396.12,822.61,395.42
737.96,349.59,738.11,349.44
806.42,347.64,808.28,348.77
827.19,427.16,829.36,440.93
822.91,438.49,830.75,438.49
786.33,347.86,741.55,348.89
826.47,431.68,826.19,432.11
832.02,440.03,829.67,422.74
824.19,427.67,823.71,428.46
738.11,349.44,741.55,348.89
795.45,366.22,825.99,366.72
822.15,418.39,821.24,418.81
798.28,355.58,802.03,354.69
790.28,347.23,744.98,349.44
795.45,366.22,824.76,366.58
828.73,327.80,829.04,328.61
822.15,418.39,821.33,418.06
830.60,438.93,830.75,438.49
782.23,377.54,781.98,377.77
790.28,347.23,741.55,348.89
769.89,377.71,770.09,377.80
823.30,398.72,822.32,399.91
744.98,349.44,741.55,348.89
806.44,369.39,807.87,368.79
799.32,323.48,799.08,323.65
794.22,347.86,744.98,349.44
814.76,361.17,814.48,362.32
814.66,341.75,814.49,342.18
819.50,325.56,818.46,343.36
797.78,349.67,750.53,353.47
804.18,344.71,799.71,344.89
750.53,353.47,748.07,351.02
808.86,426.49,808.73,427.24
818.64,324.61,818.43,325.39
802.42,356.05,752.65,360.00
818.64,324.61,818.43,323.86
813.85,441.88,818.07,421.60
752.65,360.00,752.11,356.57
811.88,361.26,812.49,360.95
823.97,395.02,824.40,395.51
752.11,363.43,752.65,360.00
802.42,363.94,750.53,366.53
802.42,363.94,752.11,363.43
823.50,394.84,823.97,395.02
731.17,356.74,731.15,360.00
748.07,368.98,750.53,366.53
818.57,444.93,819.61,444.48
803.65,394.29,802.98,392.78
790.08,380.90,793.28,380.06
797.78,370.33,744.98,370.56
790.08,380.90,790.09,380.06
797.78,370.33,748.07,368.98
811.88,358.74,812.45,358.57
822.73,394.65,823.23,394.84
830.08,439.39,825.01,424.27
822.61,360.75,822.85,360.67
744.98,370.56,748.07,368.98
814.31,358.11,813.37,359.05
794.22,372.14,741.55,371.10
822.47,360.59,822.68,360.52
741.55,371.10,744.98,370.56
811.83,440.93,811.50,442.19
808.55,341.09,807.73,341.71
790.28,372.77,741.55,371.10
732.66,353.80,731.64,356.91
786.33,372.14,735.02,368.98
786.33,372.14,738.11,370.56
808.40,388.64,809.48,388.64
811.58,357.51,811.00,356.51
807.86,370.78,809.19,367.98
793.81,351.44,797.62,352.04
782.77,370.33,732.56,366.53
793.66,360.59,793.86,360.52
730.98,363.43,732.56,366.53
812.23,422.36,814.89,421.49
769.54,375.10,769.43,375.49
778.13,363.94,730.98,363.43
767.17,377.66,767.29,377.51
735.00,351.47,733.06,354.13
827.01,427.09,829.18,440.91
775.61,383.68,776.87,382.71
812.06,406.79,812.23,422.36
800.96,371.73,800.90,372.27
777.51,360.00,730.44,360.00
730.98,356.57,730.44,360.00
778.13,356.05,732.56,353.47
826.31,344.26,814.39,344.90
778.13,356.05,730.98,356.57
813.36,413.09,815.27,412.92
815.54,341.00,815.54,346.23
826.31,343.49,826.31,344.26
779.95,352.49,735.02,351.02
779.95,352.49,732.56,353.47
823.90,337.97,821.70,344.39
735.02,351.02,732.56,353.47
827.70,423.70,827.19,424.44
819.09,362.15,819.85,362.14
822.61,395.42,823.03,394.98
770.16,383.97,768.94,383.26
818.84,427.08,820.67,440.91
828.40,355.79,827.05,359.58
827.19,424.44,827.42,424.02
782.77,349.67,735.02,351.02
805.92,376.31,807.86,376.49
801.41,337.35,800.44,335.56
782.74,360.00,783.33,362.13
787.53,349.25,791.02,348.69
794.52,349.25,791.02,348.69
831.21,381.44,831.74,381.44
797.67,350.85,794.52,349.25
800.17,353.35,797.67,350.85
794.98,338.74,794.88,337.37
771.69,382.70,773.00,382.78
809.71,357.85,809.50,357.85
800.63,352.54,797.67,350.85
801.77,356.50,800.17,353.35
797.51,342.41,796.81,342.19
737.96,349.59,737.93,349.98
802.33,360.00,801.77,356.50
796.83,337.26,797.98,340.81
796.69,342.04,796.13,340.79
804.93,369.75,804.82,369.07
794.28,372.07,797.67,369.15
787.53,370.75,791.02,371.31
784.38,369.15,787.53,370.75
815.89,303.99,815.59,306.23
810.44,364.42,812.65,365.31
778.28,363.92,781.87,366.64
780.09,367.46,781.87,366.64
779.71,360.00,780.27,363.49
810.82,365.40,809.61,365.70
812.32,360.95,812.49,360.95
778.28,356.08,779.71,360.00
811.34,304.64,806.51,306.93
777.66,360.00,779.71,360.00
781.87,353.35,780.27,356.50
765.07,383.45,765.64,383.49
807.40,423.22,807.78,423.26
830.19,360.72,829.76,357.54
807.20,431.34,807.31,432.13
778.28,356.08,780.27,356.50
805.04,332.40,804.83,331.95
784.38,350.85,787.53,349.25
813.17,360.95,812.49,360.95
782.89,349.73,784.38,350.85
806.20,432.74,806.08,431.96
813.13,361.54,812.45,361.44
790.28,347.23,794.22,347.86
817.41,331.68,817.15,331.42
797.82,349.73,794.28,347.92
805.38,332.93,805.71,333.02
794.22,347.86,794.28,347.92
813.87,336.33,820.00,337.89
818.09,330.57,817.41,331.68
797.78,349.67,794.22,347.86
815.78,331.42,815.52,331.68
802.42,356.05,800.60,352.49
792.59,379.09,792.19,379.17
803.05,360.00,802.43,356.08
802.42,356.05,802.43,356.08
823.24,398.02,823.29,397.34
803.05,360.00,802.42,356.05
815.78,333.31,816.10,333.48
802.43,363.92,803.05,360.00
802.43,363.92,803.04,360.00
823.46,399.35,822.66,400.65
800.63,367.46,802.42,363.94
800.60,367.50,800.63,367.46
817.15,333.31,817.41,333.05
825.91,334.85,827.41,332.81
794.28,372.07,797.82,370.27
797.78,370.33,797.82,370.27
825.91,334.85,826.70,332.58
794.28,372.07,797.78,370.33
815.35,332.00,815.01,329.84
771.28,384.33,772.68,384.43
790.36,372.69,794.28,372.07
794.22,372.14,794.28,372.07
815.35,332.00,815.29,332.37
790.36,372.69,794.22,372.14
790.36,372.69,790.28,372.77
817.64,332.37,818.09,335.51
786.43,372.07,790.36,372.69
790.28,372.77,790.36,372.69
786.43,372.07,790.28,372.77
772.71,383.29,773.94,382.53
829.08,334.85,828.38,332.32
786.33,372.14,786.43,372.07
803.28,321.12,808.40,319.71
782.89,370.27,786.33,372.14
780.09,367.46,782.89,370.27
782.77,370.33,782.89,370.27
780.09,367.46,782.77,370.33
779.95,367.50,782.77,370.33
778.28,363.92,780.09,367.46
779.95,367.50,780.09,367.46
795.54,385.75,794.24,382.89
778.28,363.92,779.95,367.50
794.01,382.99,794.24,382.89
778.13,363.94,779.95,367.50
826.17,339.26,826.42,339.52
783.93,377.84,783.78,378.34
777.66,360.00,778.28,363.92
818.09,330.57,816.83,331.25
812.06,406.79,814.37,406.28
777.66,360.00,778.13,363.94
777.51,360.00,777.66,360.00
780.09,352.54,778.28,356.08
780.09,352.54,778.13,356.05
782.89,349.73,780.09,352.54
782.89,349.73,779.95,352.49
782.77,349.67,782.89,349.73
815.01,335.51,816.10,333.48
786.43,347.92,790.36,347.30
786.33,347.86,786.43,347.92
799.92,325.49,799.73,325.39
811.35,337.32,809.54,335.94
784.71,351.20,782.30,353.61
829.85,444.22,829.43,444.48
784.71,351.20,781.87,353.35
780.27,356.50,781.87,353.35
815.01,329.84,815.01,335.51
780.27,356.50,782.30,353.61
779.71,360.00,780.27,356.50
780.76,356.64,780.27,356.50
779.71,360.00,780.76,356.64
817.58,332.73,817.41,333.05
780.23,360.00,780.76,356.64
831.43,331.68,831.26,332.00
802.37,347.90,804.26,348.05
780.76,363.36,780.23,360.00
780.76,363.36,780.27,363.49
804.18,347.97,806.04,348.42
781.87,366.64,780.76,363.36
806.47,349.07,808.11,350.07
787.53,370.75,784.38,369.15
806.36,333.82,806.82,334.08
787.53,370.75,784.71,368.79
816.80,396.72,799.54,396.72
805.92,381.75,805.56,381.32
791.10,370.87,787.74,370.34
805.26,381.52,804.67,382.96
797.67,369.15,794.52,370.75
797.67,369.15,794.46,370.34
800.02,393.46,801.18,390.93
799.89,366.39,797.49,368.79
801.77,363.49,800.17,366.64
793.78,382.07,793.56,382.72
802.33,360.00,801.44,363.36
792.93,382.36,793.56,382.72
831.26,332.73,830.75,335.51
801.97,360.00,801.44,363.36
801.77,356.50,801.97,360.00
812.31,386.94,828.55,389.46
801.44,356.64,801.97,360.00
800.17,353.35,801.44,356.64
799.89,353.61,800.17,353.35
797.67,350.85,799.89,353.61
818.09,335.51,815.01,335.51
825.91,329.02,826.44,330.90
794.52,349.25,797.49,351.20
829.08,334.85,827.41,332.81
794.46,349.66,794.52,349.25
818.96,379.67,818.79,380.66
830.75,330.57,832.01,331.25
791.02,348.69,794.46,349.66
784.71,351.20,787.74,349.66
782.12,378.30,782.12,377.93
829.45,423.62,829.67,422.74
784.38,350.85,784.71,351.20
809.84,356.87,809.73,356.87
809.28,356.87,809.84,356.87
809.86,356.87,809.84,356.87
783.18,363.13,783.37,363.13
783.63,364.21,783.37,363.13
782.12,366.57,783.26,367.91
783.54,356.87,783.33,357.87
809.03,351.17,812.26,351.10
784.76,356.08,784.29,358.01
809.95,362.13,808.89,363.92
810.10,445.78,808.65,445.67
809.35,361.98,808.89,363.92
806.64,417.18,807.45,416.90
805.88,389.90,804.58,390.83
821.97,414.50,821.60,413.77
794.63,349.36,795.97,350.43
796.83,362.38,797.66,363.41
801.27,372.99,802.58,371.30
806.86,369.73,809.93,369.81
809.73,356.87,809.84,356.87
808.04,430.83,808.17,430.08
807.43,308.43,807.14,318.83
798.25,372.03,798.37,372.11
790.26,377.77,790.18,378.25
795.53,349.19,793.91,350.18
825.03,422.83,824.75,423.26
801.26,346.19,811.18,346.92
809.60,364.25,809.86,363.13
806.32,381.91,807.86,381.59
782.59,362.15,783.12,363.13
822.75,426.81,823.03,426.38
782.59,362.15,782.82,363.13
782.42,360.00,782.91,362.15
809.48,356.87,809.71,357.85
783.17,360.00,782.74,360.00
807.88,411.88,808.00,411.12
783.33,357.87,783.17,360.00
782.82,356.87,782.91,357.85
783.18,356.87,783.54,356.87
783.54,356.87,783.37,356.87
802.23,327.60,814.47,327.60
793.28,380.06,790.09,380.06
809.28,363.13,809.73,363.13
803.96,415.72,803.66,415.23
774.16,377.92,772.75,377.64
809.50,362.15,809.28,363.13
773.97,377.69,772.75,377.64
809.95,362.13,809.28,363.13
806.80,414.04,806.49,414.48
809.50,362.15,809.28,363.13
802.23,327.60,814.13,327.62
822.48,369.10,822.44,368.93
809.50,362.15,809.48,363.13
806.81,412.51,806.92,413.29
779.00,385.38,779.99,385.47
809.66,360.00,809.50,362.15
778.92,385.13,779.99,385.47
810.12,360.00,809.50,362.15
776.34,383.99,775.53,382.93
806.13,411.98,806.50,412.01
816.33,344.44,816.50,344.40
817.64,332.37,818.09,330.57
809.66,360.00,809.50,362.15
798.42,334.53,797.98,333.57
773.11,384.17,774.24,384.53
809.66,360.00,809.71,362.15
813.33,355.73,812.56,356.21
802.44,381.44,792.46,380.88
805.35,367.60,806.52,367.32
774.65,384.27,773.11,384.17
809.50,357.85,809.66,360.00
824.81,339.80,824.39,340.19
809.95,357.87,810.12,360.00
820.15,338.97,821.14,338.74
809.50,357.85,809.88,360.00
782.91,357.85,782.74,360.00
800.63,352.54,800.17,353.35
794.95,359.15,794.92,359.57
809.71,357.85,809.28,356.87
787.72,370.64,790.00,373.34
807.77,366.70,809.66,367.14
796.83,341.72,797.43,341.48
820.34,341.49,821.02,341.49
806.68,367.15,809.66,367.14
806.23,368.74,806.40,367.67
772.99,377.86,773.32,377.81
808.78,366.08,807.77,366.70
823.76,341.48,823.18,342.13
774.16,377.92,772.99,377.86
804.36,367.52,807.34,367.51
782.89,370.27,787.53,370.75
806.52,367.32,806.68,367.15
801.34,364.15,801.37,364.55
805.35,367.60,806.68,367.15
774.34,378.08,774.58,378.03
762.91,369.82,764.43,371.05
805.54,367.43,806.68,367.15
823.84,340.17,823.51,340.30
808.67,366.22,808.78,366.08
831.09,387.50,828.99,387.35
800.27,333.69,799.70,332.44
809.68,365.32,812.65,365.31
800.52,337.38,800.65,335.50
808.95,323.64,809.21,323.78
808.65,366.53,807.64,366.85
804.36,367.52,807.34,367.51
805.35,367.60,805.54,367.43
810.38,438.52,810.69,439.04
809.59,365.44,809.68,365.32
810.44,364.42,809.68,365.32
811.06,363.41,813.42,364.41
809.59,365.44,808.67,366.22
808.65,366.53,809.59,365.44
795.65,337.41,795.77,335.61
818.87,325.48,818.43,325.39
808.79,367.43,807.57,367.19
809.64,417.15,809.33,417.59
806.00,327.83,806.45,327.28
809.71,357.85,809.88,360.00
800.31,324.57,800.26,324.13
808.79,367.43,807.56,368.18
819.58,379.71,819.48,381.04
807.83,437.30,807.52,437.73
818.28,324.20,818.87,323.78
803.91,368.07,805.35,367.60
803.91,368.07,804.15,367.69
773.41,383.56,774.65,384.27
805.35,367.60,804.15,367.69
818.89,378.75,818.96,379.67
801.26,395.84,801.21,395.86
809.68,440.43,809.99,440.95
818.99,325.02,818.84,325.35
804.15,367.69,804.36,367.52
820.61,442.05,829.15,442.05
826.75,340.46,826.80,341.05
821.75,337.26,823.96,333.69
818.86,379.67,818.79,380.66
807.95,436.55,807.83,437.30
806.40,367.67,807.57,367.19
797.53,385.63,776.35,384.21
802.44,369.14,803.39,369.20
806.40,367.67,807.56,368.18
764.24,369.89,764.24,370.69
808.94,417.55,809.33,417.59
807.84,435.77,807.95,436.55
806.23,368.74,807.56,368.18
808.27,430.76,808.39,430.00
809.61,365.70,809.59,365.44
803.05,360.00,801.77,356.50
805.41,329.74,805.62,328.80
808.79,367.43,807.56,368.18
823.12,341.72,822.47,341.53
798.19,337.26,798.98,342.76
823.73,400.92,824.77,400.06
790.36,372.69,791.02,371.31
824.19,340.59,824.32,340.26
808.32,309.86,808.33,318.84
809.19,367.98,807.87,368.79
821.91,382.38,821.44,383.37
796.13,333.98,796.69,332.65
802.04,367.15,803.93,366.69
800.34,369.39,800.55,368.74
782.82,363.13,783.18,363.13
801.77,367.32,803.19,367.43
806.55,428.46,806.24,428.90
815.01,329.84,818.09,330.57
806.67,427.72,806.55,428.46
821.75,337.26,824.35,338.92
830.15,386.94,810.96,383.57
818.64,325.49,818.43,325.39
818.85,371.38,831.97,369.38
810.70,303.99,810.99,306.35
820.16,332.65,820.91,331.78
803.91,368.07,802.94,367.60
804.34,369.14,803.91,368.07
804.82,369.07,806.23,368.74
802.92,400.76,802.20,400.38
801.29,324.66,814.65,324.66
807.87,368.79,807.56,368.18
811.00,363.49,811.51,362.32
815.90,380.99,816.04,381.59
805.56,428.34,805.86,428.85
811.00,363.49,811.06,363.41
811.79,361.18,814.48,362.32
808.73,427.24,808.42,427.68
810.44,364.74,811.00,363.49
796.69,332.65,797.40,331.78
809.61,365.70,809.88,366.49
814.31,308.40,814.49,308.76
786.43,372.07,791.02,371.31
819.24,325.73,818.98,325.60
810.36,366.97,809.19,367.98
820.91,331.78,821.75,331.43
808.79,367.43,809.19,367.98
819.05,337.41,819.18,335.61
800.95,366.70,802.93,366.07
802.65,367.97,802.94,367.60
802.44,369.14,803.91,368.07
800.77,337.10,800.64,335.30
780.77,384.85,779.84,384.93
803.39,369.20,803.91,368.07
830.65,344.55,830.74,344.49
793.68,368.93,802.23,369.14
802.44,369.14,803.39,369.20
834.68,378.82,828.65,378.70
805.52,320.08,803.75,321.23
804.82,369.07,806.23,368.74
804.93,369.75,806.23,368.74
828.99,386.31,828.86,387.17
824.35,335.30,823.96,333.69
806.44,369.39,806.23,368.74
804.93,369.75,806.44,369.39
801.55,328.36,801.22,328.39
818.23,324.64,818.28,325.08
811.46,362.38,811.79,361.18
819.08,449.50,820.52,449.39
801.22,333.12,801.18,333.32
811.79,361.18,811.51,362.32
790.36,347.30,794.28,347.92
822.05,448.96,820.51,449.31
826.94,358.06,826.94,358.21
750.63,356.91,748.31,357.67
801.55,333.17,801.22,333.12
814.85,360.00,814.76,361.17
813.13,361.54,813.17,360.95
790.28,347.23,794.28,347.92
819.08,449.50,820.51,449.31
813.15,365.49,812.77,363.05
823.49,432.74,823.37,431.96
811.79,361.18,814.76,361.17
812.13,367.16,813.15,365.49
811.46,362.38,811.00,363.49
826.58,415.60,826.01,415.11
811.86,354.49,812.58,356.25
823.79,321.38,819.24,323.48
811.58,362.49,811.00,363.49
815.15,341.44,814.81,341.53
811.10,363.66,810.44,364.74
819.18,335.61,819.56,333.98
810.44,364.74,810.82,365.40
795.77,339.19,795.65,337.41
810.36,366.97,809.88,366.49
829.46,444.67,829.85,444.22
802.03,365.31,802.93,366.07
804.70,330.06,804.70,329.99
817.67,336.99,829.14,344.31
826.24,331.61,826.21,331.61
792.44,380.35,791.84,380.35
800.65,366.85,800.95,366.70
769.82,384.74,772.05,384.91
797.92,395.84,797.82,395.75
801.27,355.59,800.65,356.59
799.63,366.22,800.95,366.70
799.94,366.08,800.95,366.70
796.13,340.79,795.77,339.19
780.26,383.78,780.98,382.73
804.34,369.14,803.39,369.20
794.27,380.44,793.72,381.05
803.23,369.20,804.34,369.14
823.96,340.58,824.35,338.92
804.18,369.13,804.34,369.14
801.29,324.66,800.88,328.18
819.18,339.19,819.05,337.41
803.23,369.20,804.18,369.13
799.92,400.19,799.84,400.13
794.09,379.16,793.72,379.81
823.12,337.26,821.89,340.93
806.00,333.61,805.65,332.84
822.43,342.41,823.18,342.13
809.68,365.32,811.75,366.07
804.34,369.14,804.93,369.75
823.12,368.93,824.58,369.37
819.56,340.79,819.18,339.19
804.34,369.14,804.34,369.79
804.34,369.79,804.34,369.14
809.96,425.53,810.00,427.16
799.92,324.61,799.92,325.49
780.74,373.22,780.62,373.33
806.44,369.39,807.87,368.79
810.67,425.67,810.00,427.16
807.86,370.78,807.87,368.79
809.33,439.72,809.22,439.67
810.70,303.99,811.62,306.23
793.86,360.52,794.03,360.32
811.88,360.00,811.74,361.20
821.75,337.26,819.05,337.41
812.70,422.97,815.21,422.14
811.58,362.49,811.46,362.38
819.58,379.71,819.48,381.04
808.32,371.16,809.57,368.67
811.74,361.20,811.46,362.38
796.84,360.00,799.93,358.83
818.66,335.51,814.38,335.51
794.34,358.57,794.30,359.05
811.58,362.49,811.10,363.66
795.24,355.84,794.68,357.17
812.12,362.84,811.57,364.17
815.89,303.99,816.17,304.23
810.44,364.42,813.42,364.41
811.10,363.66,811.57,364.17
815.27,412.92,817.53,412.44
811.57,364.17,810.82,365.40
795.85,337.42,800.09,337.42
812.18,364.48,810.82,365.40
798.58,343.36,799.08,325.60
812.18,364.48,811.37,365.80
810.82,365.40,811.37,365.80
827.01,427.09,829.18,440.91
809.48,369.79,809.19,367.98
825.40,365.77,826.30,368.10
827.19,424.44,826.94,425.67
821.52,445.86,824.69,444.58
807.67,307.66,810.13,304.60
799.05,365.32,802.03,365.31
811.83,448.96,808.01,445.35
818.84,427.08,829.18,440.91
799.05,365.32,799.94,366.08
818.79,446.33,821.63,445.37
826.62,355.84,825.92,359.58
801.42,367.67,801.77,367.32
801.42,367.67,800.65,366.85
802.65,367.97,801.42,367.67
800.09,337.42,800.23,335.51
801.95,369.07,800.55,368.74
803.23,369.20,803.39,369.20
802.44,369.14,803.23,369.20
802.44,369.14,802.28,369.13
802.44,369.79,802.44,369.14
802.28,370.14,802.28,369.13
801.27,328.41,814.66,328.41
818.78,325.21,818.98,325.60
802.44,369.14,802.28,370.14
821.41,404.11,822.37,405.13
784.97,378.03,784.84,377.87
802.44,369.14,802.44,369.79
820.49,334.35,821.43,334.74
782.91,357.85,783.17,360.00
809.71,357.85,809.48,356.87
794.09,360.09,801.09,361.71
799.03,324.65,799.58,324.20
818.76,392.03,817.88,391.44
804.26,371.95,804.93,369.75
811.51,357.68,814.48,357.68
810.97,423.17,811.54,423.70
811.51,357.68,814.76,358.83
811.88,361.26,811.74,361.20
789.35,380.49,789.20,380.38
818.91,395.70,821.61,393.99
807.69,327.91,808.02,328.61
828.48,404.50,824.59,405.31
811.41,365.32,810.82,367.21
811.84,360.00,811.74,361.20
820.33,380.86,819.95,381.22
812.12,362.84,811.57,364.17
824.11,339.05,824.16,338.68
829.02,332.66,828.64,333.48
804.83,350.96,806.23,351.29
812.77,363.05,812.18,364.48
810.92,368.55,811.37,365.80
810.84,324.41,810.54,324.16
809.44,369.85,810.92,368.55
796.83,337.26,795.68,333.73
806.87,444.58,803.20,412.44
798.53,362.97,801.92,362.85
830.76,361.71,830.67,361.88
809.44,369.85,806.55,370.81
798.28,364.42,800.65,363.41
801.74,401.45,801.31,400.49
798.71,365.44,799.05,365.32
789.50,356.25,790.70,356.24
822.32,379.71,822.21,381.12
806.39,432.52,806.88,433.30
825.79,427.12,825.61,426.82
797.92,364.52,799.05,365.32
812.98,423.32,829.09,423.32
818.58,377.77,818.79,378.68
798.28,364.42,799.05,365.32
811.47,424.05,812.98,423.32
820.62,338.87,820.43,338.25
818.70,377.92,818.89,378.75
804.18,344.71,798.60,343.51
799.63,366.22,800.65,366.85
800.55,368.74,801.42,367.67
829.34,325.59,828.36,324.41
777.38,384.75,778.91,384.85
802.28,370.14,802.28,369.13
799.54,396.72,816.80,396.72
783.21,382.67,783.43,378.33
803.23,369.20,802.28,369.13
831.60,343.01,830.51,344.01
829.34,325.59,828.04,324.16
809.61,365.70,808.65,366.53
783.43,378.33,784.97,378.03
802.28,370.14,803.23,369.20
817.02,379.09,816.88,379.68
806.84,437.15,806.72,436.37
809.88,366.49,808.65,366.53
778.56,382.82,778.86,382.51
823.12,337.26,825.11,338.53
784.97,378.41,784.97,378.03
803.23,370.22,803.23,369.20
783.43,378.33,783.54,377.96
802.28,370.14,803.23,370.22
800.47,371.95,802.44,369.79
819.30,382.35,819.71,382.24
822.00,414.98,821.58,415.32
803.20,412.44,803.92,412.92
823.98,413.22,824.01,413.70
794.13,360.95,794.30,360.95
826.92,327.26,827.44,327.04
814.28,327.52,801.74,327.52
802.37,372.10,803.23,370.22
824.86,341.77,825.04,341.71
805.03,378.99,805.09,379.87
818.46,321.87,823.75,321.23
804.18,370.14,803.23,370.22
766.32,370.89,764.29,370.83
821.98,414.09,821.55,413.80
828.04,337.55,827.96,338.88
794.30,360.95,793.62,360.95
818.46,343.36,818.98,325.60
826.44,327.81,826.92,327.26
806.04,371.58,806.10,371.51
828.81,359.59,829.37,360.93
806.04,371.58,804.26,371.95
783.63,384.21,784.91,383.22
806.55,370.81,807.81,370.85
821.13,390.89,825.12,391.69
802.94,371.99,804.79,371.54
794.13,360.95,793.62,360.95
813.42,355.59,814.03,356.59
811.06,356.59,814.03,356.59
827.60,355.34,827.28,355.24
829.07,442.19,829.34,441.72
824.86,406.21,824.92,405.53
830.29,360.91,830.29,355.10
826.03,329.66,826.27,328.65
815.14,341.69,814.98,328.22
811.06,356.59,811.51,357.68
811.46,357.62,811.51,357.68
817.22,344.04,817.77,344.33
812.49,360.95,812.32,360.95
780.09,352.54,780.27,356.50
818.64,324.61,818.28,325.08
813.17,360.95,812.32,360.95
809.88,366.49,808.79,367.43
780.09,352.54,781.87,353.35
818.64,324.61,818.23,324.64
813.17,360.95,813.37,360.95
798.89,324.08,798.58,321.87
800.95,366.70,802.04,367.15
812.45,361.44,812.49,360.95
812.12,362.84,813.13,361.54
823.05,360.44,830.76,361.71
744.22,350.51,743.47,352.82
829.85,360.91,829.30,359.56
812.12,362.84,812.77,363.05
812.31,449.31,808.01,445.35
815.27,412.92,817.53,412.44
827.41,331.61,828.00,332.04
825.88,412.66,825.63,412.74
801.25,342.36,801.72,342.17
812.18,364.48,811.37,365.80
766.37,384.20,767.63,384.59
805.80,389.51,804.24,390.58
810.89,368.61,809.44,369.85
805.27,377.32,807.05,378.17
811.83,440.93,812.55,440.91
808.55,341.09,809.05,339.52
829.08,422.17,829.67,422.74
799.92,324.61,799.58,325.08
803.25,372.17,801.38,373.09
829.09,332.58,828.73,333.36
801.52,341.69,801.25,342.36
797.66,363.41,800.65,363.41
817.97,439.75,819.21,439.33
797.66,363.41,800.20,362.32
829.08,422.17,832.44,439.21
800.34,369.39,801.84,369.75
829.09,332.58,828.69,333.26
801.52,341.69,801.52,328.35
797.66,363.41,798.28,364.42
830.75,438.49,832.00,438.68
829.26,331.57,829.04,332.50
797.99,367.43,800.25,367.19
799.22,368.18,800.25,367.19
794.85,362.01,794.78,362.37
830.75,438.49,827.74,421.97
802.65,389.36,804.45,389.08
819.63,421.97,830.75,438.49
802.85,389.53,804.45,389.08
822.91,438.49,830.75,438.49
829.34,330.54,829.26,331.57
798.91,368.79,800.55,368.74
803.23,370.22,802.28,370.14
800.47,371.95,803.23,370.22
802.28,372.17,804.26,371.95
804.26,371.95,802.37,372.10
804.79,371.54,806.04,371.58
806.55,370.81,806.29,370.45
810.29,426.13,810.35,426.03
828.25,327.47,828.27,327.34
822.16,419.28,821.66,420.08
804.59,371.15,806.55,370.81
820.15,335.80,820.49,334.35
795.21,381.09,795.08,381.68
799.75,325.13,803.65,321.38
811.98,360.00,811.84,360.00
789.23,356.21,788.78,358.08
827.88,427.45,827.81,426.03
811.74,358.80,811.84,360.00
811.35,368.16,812.50,366.26
826.85,328.05,827.29,327.55
824.54,416.88,823.98,416.39
811.74,358.80,811.98,360.00
811.98,360.00,812.56,360.00
812.56,360.00,812.32,359.05
803.75,321.23,798.58,321.87
812.39,360.00,812.32,359.05
807.74,427.12,807.62,426.34
812.56,360.00,812.39,360.00
813.37,360.95,812.32,360.95
762.90,368.63,762.91,368.80
823.39,413.19,822.66,413.94
810.38,427.45,827.81,426.03
827.41,331.61,828.11,331.38
812.39,360.00,812.32,360.95
831.77,440.40,829.98,441.74
812.13,367.16,812.15,367.11
787.53,349.25,791.10,349.13
798.19,337.26,795.77,335.61
809.62,368.58,810.89,368.61
794.23,360.00,794.30,359.05
826.51,332.67,826.29,331.77
826.75,415.90,826.01,415.11
812.13,367.16,809.62,368.58
818.46,321.87,818.98,323.65
805.74,398.28,809.45,403.71
808.18,369.82,807.86,369.49
784.86,366.25,785.99,368.09
814.89,421.49,817.36,421.62
819.78,339.74,813.87,344.31
808.11,369.92,806.47,370.93
813.03,441.73,816.23,440.40
797.21,362.32,800.20,362.32
829.46,444.67,822.96,448.64
797.21,362.32,799.93,361.17
798.21,365.70,798.71,365.44
801.24,364.63,801.37,364.55
828.71,343.32,803.23,344.33
808.36,444.93,818.29,444.67
797.99,367.43,799.17,366.53
764.24,370.69,764.29,370.83
808.89,363.92,808.13,365.76
821.63,415.22,821.30,415.76
799.13,348.42,801.04,347.86
819.63,421.97,827.74,421.97
823.48,423.28,823.10,423.32
797.99,367.43,799.22,368.18
798.91,368.79,799.22,368.18
800.96,348.27,802.81,347.88
830.60,438.93,831.76,439.10
731.64,363.08,733.59,360.00
800.47,371.95,800.34,369.39
812.72,441.39,810.31,427.41
802.28,372.17,802.37,372.10
801.04,372.14,802.94,371.99
815.41,422.46,817.69,422.17
820.78,389.51,822.10,390.20
799.75,325.13,798.58,343.36
804.59,371.15,804.79,371.54
823.64,413.93,823.31,414.48
825.90,341.09,826.62,342.17
824.35,418.31,824.70,417.60
808.78,353.92,812.65,354.69
821.87,408.58,824.59,405.31
825.74,365.77,826.35,367.35
794.06,360.00,794.13,359.05
809.68,354.68,812.65,354.69
821.74,366.46,821.93,366.22
794.42,370.21,794.63,370.64
810.37,355.48,810.44,355.58
791.56,378.00,791.80,378.29
818.29,444.67,819.61,444.48
811.74,358.80,811.46,357.62
804.83,350.96,804.36,350.91
824.69,444.58,829.36,440.93
793.08,359.05,793.01,360.00
811.58,357.51,811.46,357.62
824.82,421.95,823.96,421.93
811.58,357.51,811.74,358.80
794.17,360.00,794.84,359.95
777.84,370.69,777.84,369.89
813.45,360.00,812.39,360.00
812.32,359.05,812.39,360.00
813.49,449.44,812.31,449.31
813.37,359.05,812.32,359.05
813.13,361.54,813.17,360.95
812.77,363.05,813.13,361.54
828.48,404.50,825.57,404.29
812.13,367.16,810.86,367.13
807.86,369.49,808.11,369.92
783.26,352.09,782.12,353.42
808.32,371.16,806.47,370.93
778.44,383.46,777.20,384.17
798.81,372.53,796.82,372.69
796.94,361.18,799.93,361.17
800.59,335.53,800.46,337.38
828.14,347.83,827.52,348.85
796.94,361.18,799.83,360.00
802.64,363.93,801.34,361.88
797.29,363.49,797.92,364.52
795.96,365.40,798.21,365.70
776.87,382.71,775.90,382.34
828.20,443.77,829.39,443.89
796.90,366.49,798.21,365.70
802.64,362.08,801.34,361.88
795.96,365.40,796.90,366.49
797.59,367.98,797.99,367.43
825.91,441.60,825.74,441.29
795.94,373.12,797.10,371.67
796.87,370.78,800.34,369.39
797.95,373.70,798.05,373.63
798.52,371.58,800.47,371.95
823.34,391.16,822.10,390.20
801.04,372.14,802.28,372.17
800.96,371.73,802.80,371.58
802.94,371.99,801.04,372.14
802.80,371.58,804.59,371.15
798.19,337.26,796.69,332.65
804.69,371.67,804.59,371.15
804.15,382.33,804.67,382.96
826.02,364.52,824.76,364.73
802.80,371.58,804.69,371.67
822.18,402.09,821.62,401.45
827.97,440.44,826.97,440.43
806.47,372.29,806.47,370.93
825.41,437.20,824.87,437.73
775.78,384.64,776.71,384.72
810.75,353.31,811.75,353.93
787.08,364.26,788.78,361.92
768.31,376.00,768.56,376.12
809.59,354.56,809.68,354.68
804.32,382.52,804.87,383.18
821.17,400.49,822.76,398.08
825.57,436.94,825.15,437.30
774.24,384.53,775.15,384.61
808.78,353.92,809.68,354.68
825.55,436.04,825.12,435.77
811.10,356.34,811.58,357.51
820.86,396.67,822.76,398.08
825.38,435.74,824.82,435.25
811.56,355.84,812.11,357.17
828.03,353.20,828.10,353.31
785.47,376.03,793.71,376.29
813.84,309.95,813.60,310.18
811.88,358.74,811.58,357.51
822.38,355.39,821.30,355.22
812.11,357.17,811.58,357.51
820.67,440.91,829.15,442.05
813.17,359.05,812.49,359.05
812.45,358.57,813.17,359.05
813.17,359.05,812.49,359.05
812.32,359.05,813.17,359.05
813.37,359.05,813.17,359.05
812.32,359.05,813.37,359.05
823.39,423.24,823.48,423.28
814.46,360.00,813.37,360.95
811.86,365.51,813.13,365.53
811.41,365.32,810.45,366.89
816.60,389.79,817.02,389.67
805.60,330.65,804.65,330.72
827.21,434.52,826.50,434.01
811.86,365.51,810.45,366.89
810.86,367.13,810.45,366.89
809.26,368.29,809.57,368.67
747.29,360.00,744.23,364.21
808.28,371.23,806.47,372.29
804.47,409.97,810.33,406.21
823.66,396.24,823.72,396.18
796.45,360.00,796.94,361.18
824.62,406.11,828.63,420.92
812.12,347.83,812.75,348.85
797.29,363.49,796.83,362.38
780.73,375.16,780.13,375.10
797.05,373.66,797.12,373.77
796.24,362.49,797.29,363.49
810.92,351.44,809.19,352.04
796.73,363.66,797.29,363.49
828.15,439.01,827.89,439.04
812.12,363.62,811.41,365.32
796.73,363.66,797.39,364.74
794.20,382.44,793.90,381.91
798.19,337.26,797.40,331.78
795.96,365.40,797.39,364.74
827.94,438.98,827.59,438.52
808.02,328.61,808.10,329.52
826.31,395.58,826.72,398.28
812.58,363.75,811.86,365.51
795.22,364.17,795.96,365.40
812.55,440.91,812.49,442.05
816.33,406.11,827.29,420.72
796.41,366.97,796.90,366.49
801.52,397.92,802.28,398.14
798.52,371.58,796.87,370.78
794.06,360.00,794.13,360.95
818.28,382.44,819.08,381.91
799.14,371.99,800.37,372.02
820.67,440.91,812.55,440.91
800.96,371.73,801.04,372.14
797.41,368.69,795.97,369.57
800.90,372.27,802.81,372.12
802.80,371.58,800.90,372.27
802.80,371.58,800.96,371.73
796.44,353.04,795.99,354.62
813.49,449.44,810.10,445.78
827.29,420.72,828.63,420.92
786.93,355.71,787.08,355.73
815.15,337.31,815.15,333.17
804.47,373.12,802.81,372.12
805.07,371.05,803.25,372.17
789.38,358.16,788.63,360.00
817.23,420.92,819.10,421.45
819.78,338.03,819.61,338.40
811.56,355.84,811.10,356.34
805.60,330.65,804.83,329.46
798.98,372.12,800.90,372.27
810.81,354.62,811.56,355.84
795.60,355.67,794.73,356.18
824.31,400.33,824.12,400.70
801.64,400.45,801.36,400.31
813.13,358.46,812.11,357.17
803.20,412.44,803.92,412.92
813.13,358.46,812.76,356.96
813.64,309.66,811.34,307.26
814.46,360.00,814.31,361.89
821.63,445.37,824.69,444.58
808.28,371.23,809.97,369.76
803.37,372.27,808.28,371.23
780.12,358.25,778.78,357.89
795.85,360.00,796.55,361.20
790.51,354.67,789.81,356.37
796.55,358.80,796.84,360.00
810.37,355.48,811.00,356.51
825.63,436.50,825.24,436.55
805.47,392.21,805.53,391.16
794.63,370.64,796.25,369.96
799.14,371.99,800.96,371.73
796.24,362.49,796.73,363.66
811.10,356.34,811.00,356.51
825.55,436.04,825.24,436.55
805.20,391.20,805.53,391.16
810.92,368.55,809.19,367.98
810.22,364.25,813.83,362.17
800.57,351.29,801.97,350.96
794.67,362.84,796.73,363.66
818.73,445.87,821.63,445.37
795.22,364.17,796.73,363.66
805.20,391.20,805.47,392.21
800.57,351.29,801.86,350.29
794.67,362.84,795.22,364.17
825.16,435.71,824.82,435.25
808.13,365.76,809.22,366.20
794.61,364.48,795.96,365.40
827.01,427.09,827.11,425.53
741.34,349.05,744.72,349.59
795.41,365.80,795.96,365.40
812.45,358.57,812.49,359.05
825.16,435.71,824.46,435.19
802.77,392.03,802.01,392.70
803.23,349.78,804.18,349.85
794.61,364.48,795.41,365.80
825.00,435.96,824.18,435.62
801.56,393.66,802.77,392.03
796.41,366.97,797.59,367.98
813.01,358.08,813.16,360.00
793.81,368.55,797.59,367.98
824.94,436.40,824.18,435.62
807.09,367.46,807.64,368.02
804.26,348.05,806.10,348.49
767.99,377.61,769.41,378.19
795.25,369.79,797.59,367.98
820.41,377.90,819.94,377.86
814.01,360.00,813.84,362.16
822.05,448.96,823.16,448.49
804.47,373.12,804.69,371.67
795.25,369.79,796.87,370.78
808.39,395.58,805.77,395.98
806.04,348.42,806.55,349.19
795.53,370.81,798.52,371.58
815.01,329.84,814.49,335.37
799.14,371.99,799.13,371.58
827.45,436.02,826.91,436.55
806.55,349.19,808.18,350.18
797.34,371.15,799.13,371.58
805.56,376.70,805.27,377.32
815.38,396.48,798.53,396.75
804.14,404.29,806.71,404.50
791.77,376.69,793.88,378.25
809.59,354.56,810.37,355.48
797.34,371.15,799.14,371.99
827.68,435.32,827.29,435.37
810.44,355.26,811.10,356.34
795.24,355.84,796.73,356.34
807.86,350.51,809.26,351.71
799.13,371.58,800.96,371.73
816.64,389.19,817.02,389.67
800.15,400.10,800.13,401.12
812.17,355.53,812.11,357.17
800.21,373.80,802.81,372.12
827.42,434.55,826.86,434.06
816.64,389.19,818.02,389.00
793.67,358.46,794.34,358.57
811.37,351.89,812.50,353.73
800.21,373.80,800.90,372.27
802.81,372.12,800.90,372.27
799.92,400.19,800.15,400.10
802.37,373.63,804.47,373.12
808.46,382.03,808.25,381.74
804.41,373.20,802.37,373.63
820.49,356.76,819.66,357.67
804.07,419.57,803.94,418.86
801.38,373.09,806.42,372.36
830.69,362.04,830.80,362.01
791.29,381.10,792.14,381.81
802.79,393.83,803.37,394.06
828.61,354.26,826.82,353.24
808.52,352.58,809.66,352.86
801.24,361.37,801.49,361.55
805.46,413.22,806.00,413.70
800.23,339.31,800.44,339.25
802.94,352.40,802.04,352.85
805.54,352.57,809.66,352.86
807.64,353.15,807.77,353.30
809.35,358.01,810.70,360.00
808.67,353.78,809.59,354.56
812.17,355.53,811.56,355.84
802.82,398.08,802.20,394.01
811.36,354.21,812.17,355.53
813.87,356.26,813.13,358.46
828.14,331.61,828.11,331.38
823.77,338.70,820.62,338.14
811.37,365.80,810.36,366.97
814.46,360.00,814.31,358.11
813.03,361.90,814.30,361.90
818.99,325.02,819.05,324.57
798.58,343.36,798.58,321.87
812.58,363.75,812.12,363.62
803.91,394.70,804.34,395.66
813.03,361.90,812.58,363.75
824.41,445.11,828.77,442.72
811.41,365.32,811.83,365.57
820.62,338.87,823.77,339.44
811.37,368.11,811.83,365.57
820.29,339.25,820.23,338.89
830.76,361.71,823.22,360.09
802.94,371.99,804.59,371.15
825.28,422.74,825.03,422.83
805.22,371.14,803.37,372.27
805.30,413.09,813.36,413.09
829.84,326.60,829.34,325.59
799.92,324.61,800.12,323.82
797.21,357.68,800.65,356.59
821.98,357.85,822.15,358.05
804.33,390.89,801.33,391.32
802.77,392.03,804.24,390.58
795.95,361.26,795.85,360.00
817.22,372.40,817.12,372.16
780.09,353.83,784.28,353.76
794.30,360.95,795.85,360.00
815.33,342.16,814.74,340.90
768.21,384.63,769.17,384.71
795.95,361.26,796.24,362.49
816.87,446.03,818.73,445.87
794.67,362.84,796.24,362.49
817.18,343.99,816.62,344.49
828.63,420.92,828.81,422.14
801.04,347.86,802.94,348.01
809.29,446.03,816.87,446.03
813.92,310.28,813.95,319.50
823.79,338.68,823.73,338.18
817.82,378.24,818.27,378.38
794.61,364.48,795.22,364.17
817.16,382.85,817.14,382.43
824.07,413.25,823.56,412.51
793.81,368.55,795.41,365.80
795.12,369.85,793.81,368.55
824.54,397.92,824.90,396.30
795.53,370.81,796.75,370.85
806.30,304.17,806.24,304.35
800.21,373.80,798.98,372.12
830.79,353.10,830.98,353.10
801.05,398.24,800.99,400.20
795.97,369.57,796.25,369.96
807.34,352.49,808.52,352.58
822.68,418.86,822.31,418.13
806.52,352.68,805.54,352.57
795.44,354.21,795.99,354.62
807.64,353.15,808.67,353.78
735.27,368.07,736.70,366.10
817.16,332.59,817.19,332.37
808.65,353.48,807.64,353.15
804.54,418.90,805.39,418.94
810.36,353.04,810.81,354.62
810.81,354.62,811.36,354.21
790.08,380.90,815.85,381.59
807.39,426.40,807.75,425.69
813.15,354.51,812.76,356.96
804.30,418.15,804.97,417.66
738.05,350.51,741.14,352.45
789.06,361.90,789.38,361.83
813.87,356.26,814.31,358.11
816.43,388.76,815.39,389.69
824.05,398.24,823.24,398.02
793.91,369.82,795.53,370.81
814.30,358.09,814.31,358.11
789.23,363.79,789.81,363.62
813.03,358.10,814.46,360.00
817.53,412.44,820.12,411.68
823.77,338.70,823.77,337.97
814.46,360.00,813.18,360.00
803.89,419.28,804.29,419.58
813.18,360.00,813.03,361.90
803.83,418.83,804.18,418.81
812.69,360.00,812.55,361.83
813.01,361.92,812.56,363.79
809.88,439.32,810.69,439.04
824.94,436.40,825.00,435.96
804.41,373.20,806.47,372.29
812.12,363.62,812.56,363.79
812.55,361.83,812.12,363.62
812.50,366.26,811.83,365.57
806.71,417.64,807.56,417.67
811.35,368.16,811.37,368.11
806.71,417.64,807.45,416.90
815.01,329.84,814.49,329.98
811.35,368.16,809.93,369.81
834.32,329.01,815.27,329.01
827.41,331.61,827.41,330.88
797.39,364.74,798.71,365.44
805.07,371.05,805.22,371.14
806.64,417.18,807.14,416.39
792.39,372.97,792.90,372.07
806.86,369.73,805.22,371.14
797.66,356.59,801.27,355.59
797.66,356.59,797.21,357.68
824.54,397.92,825.35,398.14
796.55,358.80,796.45,360.00
827.29,333.82,827.77,333.95
817.55,393.57,801.39,391.08
803.19,367.99,808.77,366.24
809.41,341.05,809.59,341.04
794.34,361.44,794.30,360.95
829.04,328.61,829.09,328.53
815.06,328.18,814.78,327.72
822.31,418.13,821.61,417.62
793.66,361.54,794.30,360.95
793.66,361.54,793.62,360.95
821.44,414.03,820.62,413.71
804.47,409.97,809.80,407.59
793.08,360.95,793.62,360.95
821.38,414.47,820.53,414.46
794.13,360.95,793.08,360.95
794.02,363.05,794.67,362.84
797.10,371.67,797.34,371.15
802.58,371.30,803.25,372.17
804.36,352.48,807.34,352.49
803.33,345.32,814.39,344.90
814.93,332.27,814.44,332.28
805.35,352.40,804.36,352.48
806.88,422.71,807.40,423.22
794.23,360.00,794.30,360.95
808.78,352.59,810.36,353.04
807.77,412.64,808.68,413.19
811.36,354.21,812.17,355.53
786.09,369.96,787.94,372.84
829.08,422.17,829.67,422.74
815.96,440.03,818.58,439.21
813.15,354.51,811.36,354.21
827.97,334.05,827.64,334.23
809.62,368.58,807.86,369.49
826.36,415.58,825.65,415.07
829.04,347.68,829.02,347.87
813.86,356.24,813.15,354.51
813.86,356.24,813.87,356.26
822.75,391.29,825.12,391.69
813.03,358.10,814.30,358.09
821.00,443.89,822.97,438.91
813.18,360.00,812.69,360.00
824.70,417.60,824.32,416.86
824.05,398.24,824.38,400.31
824.18,418.02,824.10,417.56
794.47,346.53,796.60,346.36
796.44,353.04,796.93,353.53
812.39,360.00,812.49,360.95
812.55,361.83,813.01,361.92
813.33,364.26,813.01,361.92
813.01,361.92,812.56,363.79
813.33,364.26,812.50,366.26
794.88,368.41,793.68,368.93
826.01,411.92,825.88,412.66
812.49,366.30,812.50,366.26
808.26,368.09,812.49,366.30
808.26,368.09,806.86,369.73
805.07,371.05,804.28,370.26
798.25,347.97,800.05,349.07
789.06,358.10,790.25,358.09
826.83,360.91,824.57,355.61
826.74,416.32,826.75,415.90
827.56,420.78,827.50,421.22
802.03,354.69,801.27,355.59
829.80,331.84,829.58,332.33
824.36,340.46,824.36,343.58
797.29,356.51,797.66,356.59
807.86,350.51,808.11,350.07
782.82,370.84,785.74,371.08
824.64,400.19,824.88,400.00
768.78,373.64,769.43,373.78
796.83,357.62,796.55,358.80
820.39,363.24,819.66,368.26
823.76,340.46,824.36,340.46
796.24,357.51,796.55,358.80
826.29,331.77,826.21,330.76
826.77,416.80,826.45,416.39
813.15,365.49,812.15,367.11
795.85,360.00,794.23,360.00
814.70,349.60,816.05,348.76
795.95,358.74,795.85,360.00
794.06,360.00,794.23,360.00
802.69,343.33,802.59,343.18
806.32,376.19,806.07,375.94
767.16,378.02,767.17,377.66
750.35,355.78,748.90,355.04
829.85,444.22,831.99,439.33
832.17,439.60,831.77,440.40
808.32,371.16,806.47,372.29
815.14,341.69,814.94,342.17
826.36,415.58,825.37,415.51
809.62,368.58,808.18,369.82
807.29,421.58,807.79,420.79
822.68,418.86,822.69,418.45
823.48,423.28,823.42,423.72
823.34,395.79,823.72,396.18
777.16,369.89,775.73,369.89
807.11,421.28,807.79,420.79
785.56,351.98,784.45,353.81
789.37,370.26,789.02,371.05
793.01,360.00,794.13,360.95
809.80,407.59,812.41,405.53
793.08,360.95,794.13,360.95
823.39,423.24,823.40,422.82
826.35,440.94,826.29,441.38
791.59,365.49,794.61,364.48
824.85,405.00,825.23,404.59
822.47,360.59,821.78,360.51
823.39,423.24,823.23,422.53
818.55,393.66,818.76,392.03
792.43,367.16,791.59,365.49
792.46,368.58,793.67,368.61
813.84,393.56,812.77,393.56
793.66,360.59,794.36,360.51
791.22,367.13,792.46,368.58
795.45,366.22,794.15,366.09
795.64,370.45,795.33,370.93
793.68,369.92,795.33,370.93
795.94,373.12,798.05,373.63
791.59,354.51,795.44,354.21
799.18,373.49,799.28,373.60
790.70,356.24,791.59,354.51
779.47,375.73,779.90,375.88
798.81,372.53,801.27,372.99
827.71,439.67,827.77,439.23
800.82,372.97,802.79,372.15
829.45,423.62,828.67,424.39
802.79,372.15,802.58,371.30
773.23,383.78,772.43,382.73
805.02,352.86,806.17,352.58
827.46,420.73,827.50,421.22
771.97,383.02,771.69,382.70
804.15,352.31,805.35,352.40
827.12,421.46,827.33,421.48
824.30,432.44,824.23,431.98
809.35,358.01,809.95,357.87
807.20,307.91,807.39,307.57
806.40,352.33,806.52,352.68
799.92,324.61,799.73,323.86
805.35,352.40,806.52,352.68
824.30,432.44,824.82,432.03
780.77,373.64,780.85,374.10
806.40,352.33,805.35,352.40
820.56,320.42,821.98,323.80
818.49,330.84,818.09,330.57
821.93,449.08,822.96,448.64
807.56,351.84,807.57,352.82
806.40,352.33,807.57,352.82
799.92,324.61,799.92,323.72
806.23,351.29,807.56,351.84
809.88,440.23,810.37,441.01
787.85,368.97,787.39,369.66
807.56,351.84,808.78,352.59
810.36,353.04,811.36,354.21
825.54,436.45,825.16,435.71
812.15,352.89,813.15,354.51
797.98,355.21,799.33,355.21
801.34,361.88,801.09,361.71
809.47,438.98,810.38,438.52
823.05,423.95,823.26,423.98
790.28,372.25,790.41,372.15
813.13,354.47,813.86,356.24
806.68,352.85,810.75,353.31
811.86,354.49,813.86,356.24
813.86,356.24,812.58,356.25
813.03,358.10,812.55,358.16
826.26,440.88,826.29,441.38
813.01,358.08,813.16,360.00
813.16,360.00,813.01,361.92
814.01,360.00,813.01,361.92
799.35,334.10,798.84,332.99
826.92,420.25,826.09,419.92
813.32,364.29,813.84,362.16
807.10,436.50,807.83,437.30
813.32,364.29,812.49,366.30
811.86,365.51,812.13,367.16
798.42,334.53,797.98,333.57
826.86,420.70,826.00,420.68
824.65,396.87,822.76,398.08
809.39,366.25,813.32,364.29
824.12,427.22,824.19,427.67
808.10,368.03,808.26,368.09
833.04,366.85,825.37,366.73
809.22,366.20,808.26,368.09
806.85,435.74,807.53,435.25
827.58,435.27,827.04,434.78
802.94,348.01,804.18,347.97
767.77,374.01,767.98,373.61
807.09,367.46,805.79,368.97
805.26,376.50,804.95,377.17
806.25,369.64,804.62,371.04
827.41,331.61,826.97,332.21
804.28,370.26,804.62,371.04
808.00,412.66,808.99,412.74
798.98,372.12,800.90,372.27
762.10,380.80,762.20,380.73
802.28,350.91,802.45,350.91
804.62,371.04,802.79,372.15
804.36,367.52,806.17,367.42
802.28,350.91,802.45,350.24
804.62,371.04,802.76,372.25
801.30,400.33,801.36,400.31
802.28,349.85,802.45,350.24
784.45,366.19,786.56,367.46
804.60,371.12,802.76,372.25
809.95,357.87,809.66,360.00
819.10,323.62,818.64,323.72
774.52,384.52,774.65,384.27
803.93,353.31,802.93,353.93
815.34,422.74,817.69,422.17
785.40,368.08,786.80,369.72
820.78,390.70,822.10,390.20
823.59,428.04,824.10,427.62
799.05,354.68,802.93,353.93
800.25,393.57,801.39,391.08
809.60,364.25,808.77,366.24
777.16,369.89,775.73,369.89
794.23,360.00,794.13,360.95
764.01,373.58,765.68,374.34
797.92,355.48,798.28,355.58
799.05,354.68,798.28,355.58
796.24,357.51,796.83,357.62
826.13,426.40,825.97,425.69
793.08,360.95,793.62,360.95
769.03,370.84,766.04,370.75
820.68,362.79,820.69,355.12
797.53,360.78,795.32,360.77
794.07,350.51,792.67,351.71
805.79,351.03,807.09,352.54
790.42,361.89,794.02,363.05
791.43,365.53,791.59,365.49
811.37,368.11,809.57,368.67
825.79,427.12,826.13,426.40
810.47,303.74,810.77,303.78
821.67,369.06,821.55,369.06
791.43,365.53,792.43,367.16
826.31,395.58,825.98,394.65
816.48,332.37,815.90,331.94
792.46,368.58,792.67,368.29
831.21,381.44,832.77,381.52
828.20,443.77,831.33,439.02
804.59,348.84,804.69,348.33
792.67,368.29,793.68,369.92
805.99,431.29,806.89,430.83
826.11,395.34,826.10,392.78
803.84,414.09,803.91,414.54
792.22,368.67,793.68,369.92
806.51,302.94,806.62,303.00
831.29,332.36,831.26,332.00
793.68,369.92,795.33,370.93
806.30,304.17,806.41,304.21
833.04,358.86,825.37,362.80
795.84,373.20,797.95,373.70
806.33,304.42,806.41,304.21
794.97,373.60,797.95,373.70
805.98,432.74,806.50,433.25
808.67,353.78,808.78,353.92
808.26,351.91,809.93,350.19
806.33,304.42,806.30,304.17
794.97,373.60,797.12,373.77
810.92,368.55,810.36,366.97
797.05,373.66,796.82,372.69
810.38,427.45,810.35,426.03
827.41,331.61,828.14,331.61
765.13,382.26,764.65,382.36
812.39,360.00,813.37,360.95
815.33,342.16,815.48,342.40
809.44,369.85,809.48,369.79
826.27,440.48,825.84,440.21
796.94,361.18,797.21,362.32
829.14,329.87,828.70,328.99
826.80,341.05,826.75,341.64
798.81,372.53,797.05,373.66
799.18,373.49,797.05,373.66
808.40,430.11,809.39,430.14
824.10,427.62,824.19,427.67
811.42,302.99,811.71,302.94
798.81,372.53,800.74,372.07
800.82,372.97,800.74,372.07
808.17,430.08,809.08,429.62
809.86,356.87,809.84,356.87
811.25,304.21,811.42,302.99
798.74,373.47,800.82,372.97
807.92,430.78,808.39,430.00
809.71,357.85,809.88,360.00
830.61,335.39,830.91,336.02
800.77,373.07,802.76,372.25
799.92,397.90,798.54,395.84
807.99,430.34,808.39,430.00
805.82,412.50,806.00,412.80
800.82,372.97,802.76,372.25
807.99,430.34,808.70,429.57
811.56,304.17,811.25,304.21
800.82,372.97,802.79,372.15
802.76,372.25,802.79,372.15
791.22,377.86,791.56,378.00
802.04,352.85,805.02,352.86
800.55,368.74,801.84,369.75
821.56,394.58,822.76,398.08
808.17,431.54,808.69,432.06
815.78,303.57,815.56,302.38
802.04,352.85,803.93,353.31
827.21,353.45,826.98,353.22
807.64,351.98,808.77,353.76
786.42,357.83,786.58,357.84
820.43,338.25,820.62,338.14
802.94,352.40,803.19,352.57
807.69,341.13,807.73,340.54
794.22,372.14,744.98,370.56
793.33,381.25,792.99,380.88
812.11,305.10,811.83,304.77
808.17,431.54,808.38,431.54
814.31,308.40,811.34,307.26
801.81,363.46,804.96,364.17
815.78,303.57,815.68,303.57
802.04,352.85,803.19,352.57
828.23,426.13,828.36,425.06
801.56,398.08,801.72,397.97
783.63,355.78,784.76,356.08
792.90,372.07,794.84,372.53
802.65,352.04,804.15,352.31
805.11,422.82,805.61,422.04
826.01,411.92,825.85,411.20
804.36,350.91,803.91,351.94
801.39,391.08,802.85,389.53
817.69,422.17,819.63,421.97
808.65,353.48,808.78,352.59
783.18,371.27,783.52,371.42
805.17,352.04,803.91,351.94
828.67,424.39,829.45,423.62
810.82,352.79,811.83,354.43
804.83,350.96,806.40,352.33
808.18,412.40,808.00,412.66
806.23,351.29,807.87,351.23
805.35,426.89,805.87,426.38
805.92,304.89,805.86,304.77
810.92,351.44,810.36,353.04
816.48,332.37,817.06,331.94
801.09,364.29,801.37,364.55
821.49,441.52,821.52,441.73
796.90,366.49,799.17,366.53
811.06,356.59,814.48,357.68
812.13,352.84,810.92,351.44
808.19,411.50,808.25,411.95
810.92,351.44,812.15,352.89
797.98,333.57,797.43,332.97
825.07,422.71,824.39,423.22
799.20,348.21,799.33,349.25
811.86,354.49,813.13,354.47
807.78,411.18,808.01,411.20
812.13,352.84,811.86,354.49
824.05,398.24,823.72,396.18
828.20,443.77,829.83,438.91
772.67,371.30,769.31,370.98
811.84,360.00,811.79,358.82
800.03,334.10,799.53,332.99
827.50,421.22,827.08,421.57
824.35,395.66,822.76,398.08
812.58,356.25,812.12,356.37
807.53,411.89,807.60,411.44
811.86,354.49,812.58,356.25
807.64,411.92,807.60,412.34
812.12,356.37,812.55,358.16
796.18,333.18,796.81,332.41
827.48,420.32,827.04,420.03
774.24,384.53,776.71,384.72
808.78,353.92,811.75,353.93
825.57,436.94,824.87,437.73
814.01,360.00,813.01,358.08
820.41,377.90,820.03,377.75
816.17,304.23,816.23,304.15
814.01,360.00,813.16,360.00
813.83,362.17,813.84,362.16
803.31,414.50,803.84,414.09
785.52,365.76,784.88,366.20
811.57,304.89,811.34,304.64
809.22,366.20,809.39,366.25
804.54,418.90,804.47,419.34
810.22,364.25,809.39,366.25
811.56,355.84,811.58,357.51
825.38,435.74,825.12,435.77
809.22,366.20,810.22,364.25
811.83,304.77,811.57,304.89
801.65,370.74,800.66,386.28
808.13,365.76,807.09,367.46
804.26,348.05,804.94,350.29
810.86,367.13,809.62,368.58
800.36,335.53,800.03,334.10
826.94,421.16,826.43,421.97
808.10,368.03,807.09,367.46
804.30,418.15,804.47,418.45
801.65,370.74,799.35,385.87
808.13,365.76,808.10,368.03
809.26,368.29,807.86,369.49
795.69,334.35,796.18,333.18
826.13,441.63,825.87,441.74
806.25,369.64,805.79,368.97
807.34,426.82,807.74,427.12
805.50,305.10,805.50,305.26
807.09,367.46,805.79,368.97
803.90,418.39,804.08,418.13
780.74,373.22,780.91,373.56
807.09,367.46,806.25,369.64
801.88,309.18,801.78,309.04
806.24,369.72,804.60,371.12
795.68,333.73,796.22,333.05
826.35,440.94,825.84,440.21
824.67,399.51,822.76,398.08
806.06,418.02,806.75,418.83
824.54,397.92,825.31,398.84
794.32,373.42,792.20,373.59
803.23,349.78,802.28,349.85
808.55,341.09,808.55,342.99
804.60,371.12,802.76,372.25
822.34,419.57,822.16,419.28
822.26,323.64,814.59,324.33
805.57,328.73,805.65,328.65
800.95,353.30,799.94,353.92
794.30,359.05,795.85,360.00
800.65,353.15,799.94,353.92
798.71,354.56,799.05,354.68
783.88,370.42,795.51,370.66
820.62,338.14,820.12,338.00
810.44,355.26,811.00,356.51
783.88,370.42,785.36,370.42
800.94,397.97,801.02,396.67
799.63,353.78,799.94,353.92
798.70,335.76,798.42,334.53
826.10,440.17,825.18,439.62
799.05,354.68,799.94,353.92
779.21,371.11,776.33,377.47
817.11,362.81,819.52,372.12
800.65,353.15,802.04,352.85
797.39,355.26,797.29,356.51
796.05,335.80,796.37,334.35
825.66,440.83,824.93,441.58
794.68,357.17,796.24,357.51
805.46,413.22,805.82,412.50
806.64,417.18,806.71,417.64
793.67,358.46,794.30,359.05
793.62,359.05,794.30,359.05
823.41,402.17,822.76,398.08
794.13,359.05,794.30,359.05
826.13,426.40,826.17,426.89
793.62,359.05,793.08,359.05
820.34,371.23,820.45,370.43
747.29,360.00,751.51,363.06
790.27,360.00,793.08,360.95
806.23,418.31,806.10,417.60
803.37,394.06,803.91,394.70
790.70,363.76,790.42,361.89
822.69,418.45,821.96,417.66
802.28,372.17,802.37,372.10
816.70,333.05,816.48,333.08
790.23,365.51,791.43,365.53
805.10,427.58,805.57,426.81
812.13,352.84,812.15,352.89
809.24,350.72,796.42,351.45
790.70,363.76,790.23,365.51
826.11,395.34,825.46,394.33
808.90,416.36,808.83,416.80
790.23,365.51,791.22,367.13
790.51,365.32,791.47,366.89
792.67,368.29,792.22,368.67
808.65,415.60,808.83,415.90
820.38,308.32,814.84,319.50
790.97,367.21,792.22,368.67
808.00,426.45,808.73,427.24
815.55,332.22,801.36,332.23
792.22,368.67,793.68,369.92
808.17,416.29,808.25,415.84
793.82,372.36,793.94,372.29
803.31,414.50,803.66,415.24
808.24,416.74,808.17,416.29
792.87,373.09,795.84,373.20
808.42,417.04,808.29,416.32
794.84,372.53,797.05,373.66
820.88,399.29,822.76,398.08
805.07,371.05,802.58,371.30
796.82,372.69,796.60,373.64
827.62,435.77,827.20,436.12
814.31,361.89,813.37,360.95
798.81,372.53,796.82,372.69
823.05,423.95,822.72,424.50
798.74,373.47,798.81,372.53
802.21,381.21,803.88,381.52
825.14,356.38,824.58,356.36
804.71,422.50,804.93,422.53
798.67,373.57,800.82,372.97
804.46,423.20,804.53,422.76
798.37,372.11,802.76,372.25
817.11,362.81,819.53,362.80
800.65,353.15,800.95,353.30
794.88,368.41,793.58,368.54
805.79,368.97,804.28,370.26
802.45,350.91,803.40,350.84
805.79,368.97,805.07,371.05
802.08,400.36,801.72,397.97
802.45,350.91,803.91,351.94
794.09,360.09,794.17,360.00
814.88,344.33,839.90,343.32
799.93,361.17,800.20,362.32
796.55,361.20,796.94,361.18
814.30,361.90,814.31,361.89
806.23,351.29,806.44,350.64
797.29,348.46,797.34,348.84
807.87,351.23,809.19,352.04
809.48,350.21,809.19,352.04
809.48,350.21,810.92,351.44
802.24,404.49,803.07,403.60
793.81,351.44,795.44,354.21
831.34,332.02,831.95,331.69
780.02,373.78,780.13,374.18
809.44,350.15,810.92,351.44
828.35,348.91,828.29,348.93
810.89,351.39,810.92,351.44
806.46,432.08,806.39,432.52
810.89,351.39,812.13,352.84
809.33,439.72,809.88,439.32
809.62,351.42,812.13,352.84
789.06,361.90,790.25,361.90
809.33,439.72,809.95,439.78
813.96,341.34,821.53,342.60
789.50,363.75,790.23,365.51
801.09,364.29,801.24,364.63
819.46,421.74,827.48,421.74
804.70,390.70,805.80,389.51
812.13,352.84,810.86,352.86
810.86,352.86,811.86,354.49
806.21,431.32,806.39,431.62
810.45,353.11,811.86,354.49
810.45,353.11,811.41,354.67
824.58,366.39,824.58,364.91
830.75,438.49,832.00,438.68
811.86,354.49,811.41,354.67
803.37,347.73,804.41,346.80
811.83,354.43,812.56,356.21
802.81,347.88,804.69,348.33
817.63,421.92,819.46,421.74
823.02,422.50,822.32,421.99
800.47,371.95,802.37,372.10
808.28,371.23,808.32,371.16
798.52,371.58,798.63,371.51
800.65,366.85,802.04,367.15
812.12,356.37,812.56,356.21
811.41,354.67,812.12,356.37
814.00,360.00,813.84,357.84
805.98,432.74,805.80,432.44
806.25,350.35,805.79,351.03
810.72,362.15,813.83,362.17
792.83,372.99,794.84,372.53
814.00,360.00,813.83,362.17
805.98,432.74,805.85,432.03
810.72,362.15,810.22,364.25
798.05,396.34,798.37,396.58
829.09,423.32,829.30,422.46
764.24,369.89,764.29,370.83
810.04,364.22,808.13,365.76
808.57,431.32,808.39,431.58
805.45,357.89,805.12,355.80
808.76,366.19,807.09,367.46
807.64,368.02,806.25,369.64
807.64,368.02,806.24,369.72
823.02,358.30,822.39,358.73
765.83,383.29,764.40,382.53
796.40,372.92,798.37,372.11
800.18,370.99,804.60,371.12
800.18,370.99,798.37,372.11
809.69,446.48,817.11,446.48
805.38,332.93,805.71,333.02
797.39,355.26,797.92,355.48
797.39,355.26,796.73,356.34
808.09,386.64,812.04,386.91
795.99,354.62,795.24,355.84
805.82,427.67,805.74,428.11
795.24,355.84,794.68,357.17
808.68,435.27,809.23,434.86
794.63,355.53,794.68,357.17
808.68,435.27,809.30,435.32
794.63,355.53,794.03,356.96
799.92,400.19,800.13,401.12
812.49,353.70,813.32,355.71
802.37,373.63,802.81,372.12
794.03,356.96,793.67,358.46
825.90,341.09,826.75,340.46
804.41,373.20,804.47,373.12
794.68,357.17,794.03,356.96
801.84,360.00,801.70,361.68
821.87,408.58,821.41,404.11
825.04,421.25,824.33,420.75
809.68,354.68,810.44,355.58
765.07,383.45,766.37,384.20
805.53,391.16,807.42,390.59
804.15,366.13,803.19,367.99
790.42,358.11,793.62,359.05
810.54,357.86,810.72,357.85
806.68,352.85,809.66,352.86
808.32,371.16,808.11,369.92
827.06,435.68,826.25,435.97
806.68,352.85,807.77,353.30
805.35,426.89,805.57,426.92
790.27,360.00,793.08,359.05
805.17,427.14,805.35,426.89
790.25,361.90,790.42,361.89
819.89,367.67,819.86,367.67
779.90,375.88,779.79,375.66
809.59,341.04,809.54,341.68
790.10,360.00,790.42,361.89
790.25,361.90,790.70,363.76
805.10,427.58,805.17,427.14
828.99,330.65,829.58,332.33
809.88,353.53,810.44,355.26
789.50,363.75,790.70,363.76
805.21,427.62,805.16,428.04
789.81,363.62,790.51,365.32
822.85,341.26,821.85,342.59
821.01,380.88,821.25,380.67
790.51,365.32,791.47,366.89
805.85,432.03,805.99,431.29
791.97,371.23,793.82,372.36
807.75,425.69,807.93,425.99
807.53,425.66,807.75,425.69
792.83,372.99,792.87,373.09
783.18,371.27,783.53,370.33
814.00,360.00,814.01,360.00
815.30,341.26,814.78,342.53
792.83,372.99,794.91,373.49
810.04,364.22,810.22,364.25
794.84,372.53,796.82,372.69
819.18,335.61,819.07,333.77
797.21,357.68,796.94,358.82
805.60,330.65,806.51,329.92
798.67,373.57,796.60,373.64
794.99,368.81,795.45,366.22
804.18,350.91,804.36,350.91
804.18,350.91,803.40,350.84
804.94,350.29,804.36,350.91
824.76,366.58,824.58,366.39
804.36,350.24,804.36,350.91
826.46,332.75,826.23,331.82
826.83,416.36,826.32,415.61
785.98,372.03,786.03,372.11
828.74,421.92,829.30,422.46
811.88,360.00,814.76,361.17
804.36,350.24,804.18,350.91
793.58,379.10,793.78,378.64
791.59,365.49,795.41,365.80
809.44,350.15,809.48,350.21
779.27,355.80,783.18,356.87
828.78,422.97,827.70,423.70
816.53,350.21,817.56,351.45
809.44,350.15,810.89,351.39
790.47,380.73,791.09,380.76
809.44,350.15,809.62,351.42
808.18,350.18,809.62,351.42
790.08,380.90,790.73,381.59
809.26,351.71,810.45,353.11
809.62,351.42,810.45,353.11
784.29,358.01,783.56,357.86
809.62,351.42,810.86,352.86
817.36,421.62,815.21,422.14
784.29,358.01,783.33,357.87
814.94,327.87,802.20,327.67
810.45,353.11,811.41,354.67
810.82,352.79,811.41,354.67
813.86,356.24,814.31,358.11
810.82,352.79,811.83,354.43
827.60,355.34,827.68,355.29
830.92,361.37,830.76,361.71
805.04,395.43,804.74,397.13
823.53,395.98,823.47,395.81
813.33,355.73,811.83,354.43
797.82,349.73,794.22,347.86
827.06,421.45,828.26,421.62
783.17,360.00,784.29,358.01
821.05,390.09,819.12,389.31
784.14,360.00,784.29,358.01
811.83,354.43,812.56,356.21
784.88,366.20,785.99,368.09
828.63,328.56,828.30,328.38
813.32,355.71,813.84,357.84
797.78,349.67,797.82,349.73
819.62,423.69,817.36,421.62
809.26,351.71,810.45,353.11
810.89,360.00,810.72,362.15
775.61,383.68,775.58,382.63
802.43,356.08,800.63,352.54
810.89,360.00,814.00,360.00
822.01,398.00,823.29,397.34
816.10,333.48,816.47,333.54
803.04,360.00,802.42,356.05
821.93,358.30,822.08,357.98
808.89,363.92,808.13,365.76
822.01,398.00,822.08,397.00
803.04,360.00,803.05,360.00
820.21,442.72,818.79,446.33
818.78,409.97,824.86,406.21
782.12,366.57,781.19,367.94
815.96,440.03,811.28,424.38
808.77,366.24,807.64,368.08
819.47,378.16,818.86,379.67
801.80,369.61,806.24,369.72
794.61,370.68,774.82,382.89
815.01,335.51,815.35,332.73
800.60,367.50,802.42,363.94
750.20,366.43,751.21,363.26
818.79,378.68,818.86,379.67
821.83,358.70,821.18,358.73
807.64,368.08,806.24,369.72
806.39,431.62,807.31,432.13
803.84,414.98,803.66,415.24
791.22,367.13,792.46,368.58
807.52,427.12,807.74,427.12
800.05,370.93,796.25,369.96
826.86,430.83,826.95,430.88
802.80,348.42,802.94,348.01
810.78,303.57,810.62,302.41
791.47,366.89,792.46,368.58
803.94,418.86,804.30,418.15
805.11,422.82,805.18,423.28
797.75,369.05,796.25,369.96
793.31,357.62,793.47,357.77
810.33,406.21,812.41,405.53
809.58,364.21,808.77,366.24
798.21,354.30,797.39,355.26
792.11,346.49,792.92,348.95
790.16,371.30,791.30,368.37
825.14,369.35,824.58,369.37
829.26,331.64,829.02,332.66
797.29,356.51,797.21,357.68
831.77,440.40,829.98,441.74
796.93,353.53,797.39,355.26
793.16,358.30,794.01,358.05
830.60,438.93,831.76,439.10
795.99,354.62,794.63,355.53
790.42,358.11,793.67,358.46
816.23,440.40,818.80,439.60
829.22,344.33,828.56,343.91
790.10,360.00,789.06,361.90
789.23,363.79,789.96,365.57
790.31,369.81,791.97,371.23
788.78,358.08,788.63,360.00
783.37,356.87,783.18,356.87
771.29,380.61,770.99,381.65
794.47,373.47,796.60,373.64
788.58,371.04,790.28,372.25
797.71,331.43,798.55,331.07
789.02,371.05,791.06,371.30
796.29,372.84,796.40,372.92
814.59,408.10,823.39,405.02
810.04,355.78,809.35,358.01
802.10,399.45,802.24,398.84
796.25,369.96,798.25,372.03
801.30,400.33,801.73,400.70
807.19,432.87,806.88,433.30
811.34,304.64,810.43,306.93
790.16,371.30,789.98,379.23
777.66,360.00,780.27,363.49
824.82,432.03,824.85,432.52
801.77,352.68,800.65,353.15
792.39,372.97,794.37,373.57
828.44,389.54,810.68,389.54
801.39,398.66,801.72,396.81
792.11,373.51,792.20,373.59
826.76,341.04,826.71,341.68
805.79,382.51,806.97,383.17
802.65,352.04,801.42,352.33
802.28,349.85,802.28,350.91
800.68,396.24,800.74,396.18
802.45,350.24,802.45,350.91
808.23,394.65,805.77,395.98
806.42,372.36,806.47,372.29
804.79,348.46,806.55,349.19
796.75,370.85,798.52,371.58
800.47,396.72,800.68,396.24
802.28,350.91,802.28,349.85
815.75,396.75,798.53,396.75
797.29,371.54,799.14,371.99
800.33,397.34,800.47,396.72
803.23,350.83,804.18,350.91
805.85,432.03,806.39,432.52
804.18,349.85,803.23,350.83
800.71,399.86,800.99,400.20
803.23,349.78,803.23,350.83
811.74,400.75,811.76,401.09
800.34,398.72,800.29,398.02
804.94,350.29,804.36,350.24
772.19,384.41,773.59,384.50
804.26,348.05,804.36,350.24
811.76,400.73,811.78,401.31
801.05,398.24,800.49,399.35
806.44,350.64,804.94,350.29
806.55,349.19,809.44,350.15
818.32,321.73,816.73,320.39
809.44,350.15,808.18,350.18
808.18,350.18,809.62,351.42
819.14,409.33,821.87,408.58
819.62,423.69,815.21,422.14
810.31,427.41,812.72,441.39
807.86,350.51,809.26,351.71
809.57,351.32,810.82,352.79
809.91,304.47,810.46,304.23
784.76,356.08,784.06,355.78
796.37,340.38,795.37,338.97
809.26,351.71,810.82,352.79
807.64,368.02,806.25,369.64
780.62,373.33,780.91,373.56
805.49,336.19,804.92,336.84
779.27,355.80,782.82,356.87
783.54,356.87,783.37,356.87
763.14,377.96,763.82,377.99
820.21,442.72,828.77,442.72
810.72,357.85,813.83,357.83
821.93,358.30,821.41,358.05
832.02,440.03,828.30,427.41
799.18,373.49,801.38,373.09
812.32,395.19,812.00,396.95
824.24,400.45,824.12,400.70
809.35,361.98,810.54,362.14
823.41,402.17,822.76,398.08
810.82,367.21,809.26,368.29
810.70,360.00,810.54,362.14
810.70,360.00,809.35,361.98
812.71,393.88,812.28,395.43
825.35,398.14,825.29,397.44
809.58,364.21,809.84,363.13
770.32,383.35,769.35,382.53
812.56,363.79,811.41,365.32
809.73,363.13,809.58,364.21
812.77,393.56,812.32,395.19
824.90,396.30,825.14,396.81
818.71,397.94,818.92,397.91
808.89,363.92,809.58,364.21
798.21,354.30,798.71,354.56
809.58,364.21,808.76,366.19
830.19,355.53,830.16,355.54
797.75,369.05,800.05,370.93
824.58,369.85,824.36,372.32
803.40,350.84,802.45,350.91
795.44,354.21,794.63,355.53
801.66,369.55,800.05,370.93
803.40,350.84,802.28,350.91
793.07,358.70,793.88,358.35
822.87,438.93,830.60,438.93
737.96,349.59,735.00,351.47
801.66,369.55,797.75,369.05
796.93,353.53,798.21,354.30
825.10,370.03,824.11,367.55
794.42,370.21,795.97,369.57
820.78,397.97,820.86,396.67
822.47,357.70,822.27,357.77
802.61,410.62,802.31,409.97
825.10,367.30,824.11,367.55
791.43,354.47,791.59,354.51
794.63,370.64,795.97,369.57
804.94,350.29,804.83,350.96
789.06,361.90,789.81,363.62
796.93,353.53,795.99,354.62
794.63,355.53,794.03,356.96
822.38,360.67,822.47,360.59
824.18,367.22,831.77,367.35
828.23,355.30,828.39,355.21
789.81,356.37,789.38,358.16
790.86,356.26,794.03,356.96
802.81,372.12,804.69,371.67
790.25,358.09,790.42,358.11
822.24,357.06,821.46,357.93
773.63,384.78,773.73,385.03
790.70,356.24,790.42,358.11
790.25,358.09,790.10,360.00
831.77,367.35,831.58,367.20
782.30,366.39,780.76,363.36
802.94,348.01,806.04,348.42
804.47,373.12,806.47,372.29
789.06,358.10,790.10,360.00
774.74,377.90,774.05,382.11
813.45,360.00,813.37,360.95
789.06,358.10,788.90,360.00
814.31,361.89,813.87,363.74
784.71,368.79,782.30,366.39
804.79,348.46,806.55,349.19
790.70,356.24,789.06,358.10
798.19,337.26,800.64,338.92
825.94,355.24,827.32,355.18
786.58,362.16,788.78,361.92
789.23,360.00,789.38,361.83
824.36,370.27,824.18,370.13
798.19,337.26,795.65,337.41
825.94,355.24,827.28,355.24
786.58,362.16,787.08,364.26
789.23,360.00,789.06,361.90
805.88,389.90,806.95,389.90
828.77,442.72,820.61,442.05
793.88,378.25,793.88,376.69
815.96,440.03,810.31,427.41
787.74,370.34,784.71,368.79
806.29,349.55,807.86,350.51
789.38,358.16,789.23,360.00
814.89,421.49,817.23,420.92
784.86,366.25,787.76,366.30
789.38,361.83,789.81,363.62
805.60,330.65,804.70,331.37
811.86,365.51,810.86,367.13
831.85,367.70,831.85,369.97
791.02,371.31,787.74,370.34
809.97,350.24,811.37,351.89
789.23,360.00,789.38,361.83
787.08,364.26,789.96,365.57
786.00,368.03,787.39,369.66
789.23,363.79,789.96,365.57
802.21,371.65,824.36,372.32
787.91,366.26,789.04,368.11
797.30,370.33,795.76,370.33
807.28,422.48,808.09,422.83
788.90,368.16,787.91,366.26
813.87,336.33,819.55,338.90
805.31,332.69,805.04,332.40
812.23,422.36,814.89,421.49
787.85,368.97,789.37,370.26
788.90,368.16,790.31,369.81
817.51,388.76,817.80,388.79
810.45,366.89,809.26,368.29
807.43,308.43,807.44,318.85
822.56,392.46,820.76,391.15
824.11,369.79,824.11,367.55
786.96,369.64,789.37,370.26
809.39,353.75,810.22,355.74
812.17,355.53,812.76,356.96
787.39,369.73,790.31,369.81
776.84,385.25,778.16,385.34
816.64,389.19,817.51,388.76
829.81,355.31,829.48,355.21
735.27,351.92,736.70,353.89
825.00,336.84,822.67,343.18
823.55,362.95,826.48,362.82
809.57,368.67,808.11,369.92
788.58,371.04,790.41,372.15
813.13,358.46,813.17,359.05
789.02,371.05,790.85,372.17
812.29,449.07,822.96,448.64
796.55,361.20,796.83,362.38
831.85,369.97,831.85,367.70
788.00,372.92,792.28,373.07
813.67,321.12,819.14,320.46
817.04,350.20,815.69,349.25
790.00,373.34,792.11,373.51
792.39,372.97,794.47,373.47
806.24,416.86,806.46,416.80
816.76,393.16,816.66,391.80
794.37,373.57,794.47,373.47
794.37,373.57,796.52,373.75
809.24,339.93,809.36,340.46
817.22,372.40,817.36,372.39
794.30,360.95,794.23,360.00
790.07,373.42,796.52,373.75
824.76,364.73,802.79,364.27
827.77,439.23,827.22,438.46
807.89,328.61,808.02,328.61
825.57,404.29,824.59,405.31
804.70,390.70,805.63,390.20
811.83,365.57,810.82,367.21
795.96,365.40,796.90,366.49
825.18,358.71,824.11,358.43
801.44,363.36,799.89,366.39
804.15,366.13,800.22,366.57
800.66,364.87,799.79,366.31
792.20,373.59,796.52,373.75
771.99,375.34,770.96,374.98
827.71,439.67,826.94,438.89
828.99,330.65,829.80,329.34
811.84,360.00,811.88,360.00
811.41,365.32,810.45,366.89
795.41,365.80,796.41,366.97
794.01,382.99,794.00,382.85
792.11,373.51,792.20,373.59
810.82,367.21,809.57,368.67
797.59,367.98,798.91,368.79
783.92,376.82,790.00,377.10
821.52,441.73,829.98,441.74
825.18,355.17,824.11,355.45
800.47,348.05,801.86,350.29
794.23,373.34,794.32,373.42
794.63,370.64,796.29,372.84
792.92,371.05,794.63,370.64
789.35,380.49,789.99,379.91
808.58,446.33,809.69,446.48
802.80,348.42,804.59,348.84
798.69,367.59,797.75,369.05
789.12,379.91,789.99,379.91
796.94,358.82,799.93,358.83
799.08,367.91,797.75,369.05
820.76,391.15,819.97,390.09
823.98,413.22,823.45,412.74
800.57,351.29,801.42,352.33
800.25,352.82,800.57,351.29
801.86,350.29,802.45,350.24
779.22,385.02,779.15,385.26
813.32,364.29,812.50,366.26
771.43,384.31,771.47,384.55
802.37,347.90,802.28,349.85
804.26,348.05,803.23,349.78
807.67,441.38,808.60,440.99
806.04,348.42,804.26,348.05
807.45,445.11,812.07,442.72
766.55,371.11,768.01,373.20
809.22,353.80,809.39,353.75
806.04,348.42,806.10,348.49
811.37,351.89,809.57,351.32
811.35,351.84,812.50,353.73
815.82,389.90,816.64,389.19
813.13,358.46,813.37,359.05
816.06,331.79,815.90,331.94
814.59,408.10,824.40,405.15
810.22,355.74,810.72,357.85
801.85,396.30,802.08,396.81
798.67,373.57,796.52,373.75
800.66,364.87,800.22,366.57
828.88,328.27,829.30,328.61
804.30,366.17,808.77,366.24
825.23,372.40,824.47,372.40
805.12,364.20,809.60,364.25
803.04,367.94,801.66,369.55
792.20,346.41,794.32,346.58
803.04,367.94,799.08,367.91
821.52,441.73,831.76,439.10
800.82,347.02,800.77,346.93
828.53,328.42,828.68,328.65
800.22,366.57,799.08,367.91
821.74,366.46,821.31,368.41
797.41,351.31,798.69,352.41
799.17,353.48,800.25,352.82
798.02,352.59,796.93,353.53
804.18,347.97,804.26,348.05
827.75,330.73,827.98,330.72
771.55,384.06,772.68,384.43
792.78,370.60,794.42,370.21
769.88,382.59,768.60,382.51
802.94,348.01,804.79,348.46
780.89,363.32,780.53,363.46
795.44,354.21,794.63,355.53
827.81,331.46,828.03,331.37
777.59,377.70,777.64,378.04
791.59,354.51,790.86,356.26
811.28,424.38,812.83,423.62
827.97,332.11,828.17,331.95
777.64,378.04,777.17,382.41
789.50,356.25,789.06,358.10
808.11,350.07,809.26,351.71
828.99,332.77,828.88,333.02
789.06,358.10,789.23,360.00
814.59,408.10,824.92,405.53
778.78,362.11,778.61,360.00
787.76,366.30,788.90,368.16
787.39,369.66,785.99,368.09
831.85,367.70,831.77,367.35
780.12,361.75,778.78,362.11
809.95,357.87,809.51,360.00
824.78,343.49,825.78,343.15
785.99,368.09,787.39,369.73
809.35,358.01,809.51,360.00
826.08,343.04,825.78,343.15
787.39,369.66,787.39,369.73
810.54,357.86,810.70,360.00
798.69,352.41,799.08,352.09
825.13,343.36,826.08,343.04
733.06,354.13,735.03,355.56
787.85,368.97,789.37,370.26
797.56,360.72,799.41,360.72
805.12,364.20,804.30,366.17
825.44,343.01,826.36,342.73
788.58,371.04,790.41,372.15
789.42,371.05,792.11,373.51
789.37,370.26,790.41,372.15
770.26,382.48,769.88,382.59
809.71,362.15,809.48,363.13
789.37,370.26,791.06,371.30
777.49,369.88,776.03,369.88
806.70,421.51,807.10,421.18
784.28,353.76,783.45,355.75
790.41,372.15,791.06,371.30
801.14,365.08,800.22,366.57
825.69,342.46,826.57,342.27
790.28,372.25,792.28,373.07
825.86,341.78,826.71,341.68
790.07,373.42,792.20,373.59
779.67,375.12,779.73,374.58
782.43,377.76,782.23,377.54
790.00,373.34,792.20,373.59
780.08,368.42,778.20,368.42
809.48,421.22,810.41,420.82
803.70,381.29,804.15,382.33
809.48,420.32,810.30,420.03
824.70,417.60,824.73,418.08
794.07,369.49,795.64,370.45
791.17,371.18,794.23,373.34
804.95,380.82,804.15,382.33
809.55,420.78,810.30,420.03
792.92,371.05,794.23,373.34
778.52,368.25,797.11,368.68
809.48,420.32,809.99,419.52
824.70,417.60,824.79,417.64
791.17,371.18,792.92,371.05
799.13,368.68,780.44,368.25
809.08,419.99,809.29,419.92
798.69,367.59,799.08,367.91
799.79,366.31,798.69,367.59
800.36,350.64,800.57,351.29
806.10,417.60,806.24,416.86
799.25,351.84,800.57,351.29
806.10,417.60,806.06,417.12
801.14,365.08,800.22,366.57
785.60,377.92,785.63,378.43
818.73,445.87,821.63,445.37
796.94,358.82,800.20,357.68
798.94,351.23,800.36,350.64
825.41,421.99,824.88,421.51
777.78,377.54,777.64,378.04
802.28,349.85,803.23,349.78
820.38,308.32,814.84,309.04
779.85,373.51,780.02,373.78
802.28,347.82,804.26,348.05
806.04,348.42,804.79,348.46
815.96,440.03,812.72,441.39
784.45,353.81,785.52,354.24
769.45,377.69,769.77,377.85
806.29,349.55,808.11,350.07
779.30,373.75,779.19,374.14
808.32,348.83,809.57,351.32
824.11,369.79,831.85,367.70
828.22,332.61,828.40,332.40
788.78,361.92,789.23,363.79
782.59,357.85,782.82,356.87
771.33,377.71,770.21,377.66
809.39,353.75,812.49,353.70
804.84,411.10,803.49,410.98
824.11,367.55,831.85,367.70
811.56,355.84,812.11,357.17
788.90,368.16,789.04,368.11
811.35,351.84,812.49,353.70
803.37,372.27,806.42,372.36
810.12,360.00,809.35,361.98
785.99,368.09,788.90,368.16
809.95,357.87,810.12,360.00
827.12,421.46,827.46,420.73
809.51,360.00,810.12,360.00
818.64,324.61,818.84,325.35
803.19,367.43,804.36,367.52
811.25,304.21,811.26,304.42
769.28,373.51,769.43,373.78
808.63,435.68,809.03,435.97
805.12,364.20,809.71,362.15
804.15,366.13,804.30,366.17
827.49,338.84,827.09,343.87
825.54,436.45,825.63,436.50
804.15,366.13,805.12,364.20
805.07,400.51,803.86,402.23
800.22,366.57,803.04,367.94
798.94,351.23,798.02,352.59
808.42,417.04,809.33,417.59
826.26,440.88,825.72,440.39
824.35,418.31,824.57,418.34
825.74,441.29,825.66,440.83
798.94,351.23,797.62,352.04
791.17,371.18,791.10,370.74
794.23,382.76,794.20,382.44
792.92,371.05,791.17,371.18
792.58,352.89,791.59,354.51
791.43,354.47,790.70,356.24
823.93,395.72,824.12,395.89
790.23,354.49,789.50,356.25
789.99,380.32,790.01,380.55
828.31,439.72,827.77,439.23
789.06,358.10,789.38,358.16
827.97,440.44,828.31,439.72
788.63,360.00,789.23,360.00
784.38,369.15,782.30,366.39
804.59,348.84,806.55,349.19
788.63,360.00,788.78,361.92
825.37,370.61,824.18,370.13
786.93,364.29,787.08,364.26
786.93,364.29,786.58,362.16
825.37,370.61,825.18,370.44
786.93,364.29,787.76,366.30
789.38,361.83,789.23,363.79
808.11,350.07,809.57,351.32
809.88,439.32,810.81,439.83
814.31,361.89,812.77,363.05
788.58,371.04,789.37,370.26
787.39,369.73,789.03,371.14
786.96,369.64,788.58,371.04
814.59,408.10,824.86,406.21
814.46,360.00,813.45,360.00
797.40,331.78,798.55,331.07
789.37,370.26,791.06,371.30
794.46,370.34,794.52,370.75
810.04,355.78,810.54,357.86
788.44,371.12,790.28,372.25
791.06,371.30,792.90,372.07
790.28,372.25,792.28,373.07
829.91,349.89,828.35,348.91
790.41,372.15,792.39,372.97
788.00,372.92,790.07,373.42
790.00,373.34,790.07,373.42
826.26,440.88,826.35,440.94
825.19,437.16,825.41,437.20
825.61,426.82,825.54,426.36
790.86,363.74,791.59,365.49
800.47,348.05,800.36,350.64
798.67,346.42,798.74,346.53
802.28,347.82,802.37,347.90
795.97,350.43,797.41,351.31
821.52,441.73,831.77,440.40
794.23,373.34,796.29,372.84
800.47,348.05,802.37,347.90
806.29,349.55,806.47,349.07
806.47,349.07,808.11,350.07
819.01,342.35,827.21,342.35
819.66,368.26,819.85,368.41
802.28,349.85,802.45,350.24
807.59,445.86,808.06,445.87
767.99,377.61,767.77,374.01
808.32,348.83,809.97,350.24
777.20,384.17,776.07,384.53
827.24,435.99,827.45,436.02
809.22,353.80,808.26,351.91
809.69,438.89,810.00,438.46
808.65,366.53,808.67,366.22
814.54,333.85,814.77,333.32
808.64,434.78,809.04,434.44
809.73,356.87,809.95,357.87
824.48,432.74,824.82,432.03
809.73,356.87,809.35,358.01
808.11,350.07,809.57,351.32
808.89,356.08,809.73,356.87
805.27,380.67,805.26,381.52
794.52,370.75,791.02,371.31
804.96,364.17,805.12,364.20
818.87,390.93,817.65,393.46
805.62,362.12,805.12,364.20
801.14,365.08,804.15,366.13
794.52,370.75,791.10,370.87
804.96,364.17,804.15,366.13
820.11,381.25,819.22,381.97
791.10,370.74,791.17,371.18
806.97,383.17,805.48,383.43
821.93,389.08,810.68,389.54
816.33,320.87,814.65,320.87
814.14,405.15,816.33,406.11
792.43,352.84,791.43,354.47
825.91,441.60,826.13,441.63
826.34,431.24,826.26,430.78
790.23,354.49,791.43,354.47
821.93,389.08,828.44,389.54
792.43,352.84,790.23,354.49
793.78,382.07,794.04,382.39
802.33,360.00,801.77,363.49
791.22,352.86,790.23,354.49
810.44,355.58,814.03,356.59
789.81,356.37,789.50,356.25
811.52,337.38,811.35,337.32
831.20,332.37,831.26,332.73
801.77,356.50,802.33,360.00
793.94,347.70,795.94,346.87
790.23,354.49,789.81,356.37
801.97,360.00,802.33,360.00
815.02,410.98,816.72,410.62
790.51,354.67,789.81,356.37
826.15,425.99,825.72,425.71
768.78,373.64,768.72,373.56
810.63,425.05,810.35,426.03
806.68,389.19,807.52,388.76
811.74,358.80,811.51,357.68
827.58,435.27,827.68,435.32
789.38,358.16,788.78,358.08
827.19,427.16,824.69,444.58
793.80,359.57,793.77,359.15
789.23,356.21,788.78,358.08
801.30,332.26,801.36,332.23
800.17,353.35,801.77,356.50
789.23,356.21,789.38,358.16
798.25,347.97,796.40,347.07
789.81,356.37,789.38,358.16
775.52,377.42,775.64,377.57
801.45,332.49,801.30,332.26
799.89,353.61,801.44,356.64
788.78,358.08,788.63,360.00
786.41,360.00,788.78,358.08
801.05,398.24,800.84,396.17
801.22,405.13,801.16,404.93
793.05,378.33,792.62,378.47
797.67,350.85,800.17,353.35
824.03,358.08,831.93,358.04
804.28,370.26,802.58,371.30
786.41,360.00,786.58,362.16
815.55,332.22,815.52,332.26
825.91,329.02,827.41,330.41
797.49,351.20,799.89,353.61
786.42,362.17,786.93,364.29
791.06,348.69,790.85,347.83
784.03,364.25,786.93,364.29
821.09,380.62,820.92,380.77
811.34,304.64,811.60,304.52
819.39,365.41,819.27,365.41
810.22,364.25,813.32,364.29
784.88,366.20,784.03,364.25
826.27,331.24,826.44,330.90
815.39,332.46,815.55,332.22
794.52,349.25,797.67,350.85
791.06,348.69,789.02,348.95
784.03,364.25,784.86,366.25
794.46,349.66,797.49,351.20
782.23,377.54,781.00,377.49
784.88,366.20,786.00,368.03
824.10,427.62,823.57,427.14
786.56,367.46,786.00,368.03
818.96,379.67,818.89,380.57
815.33,342.16,815.46,342.36
791.02,348.69,794.52,349.25
785.52,365.76,786.56,367.46
815.48,342.40,815.33,342.16
791.10,349.13,794.46,349.66
786.56,367.46,787.85,368.97
772.87,384.11,771.63,384.50
801.24,342.36,801.38,342.13
787.74,349.66,791.10,349.13
821.83,358.70,822.01,358.21
786.96,369.64,788.58,371.04
786.80,369.72,788.44,371.12
784.38,350.85,787.74,349.66
828.40,355.79,827.05,359.58
788.44,371.12,790.28,372.25
784.21,370.99,790.28,372.25
787.94,372.84,790.00,373.34
823.28,355.12,823.28,362.79
793.67,351.39,792.43,352.84
787.72,370.64,789.42,371.05
801.81,363.46,801.14,365.08
798.63,348.49,800.36,350.64
792.90,372.07,794.84,372.53
830.10,376.59,828.62,378.59
798.94,351.23,800.36,350.64
800.37,347.97,800.47,348.05
783.37,363.13,783.54,363.13
815.90,379.68,818.77,380.33
784.87,376.12,784.34,376.39
813.42,364.41,812.65,365.31
824.65,340.13,824.32,340.26
801.04,347.86,802.94,348.01
801.04,347.86,802.80,348.42
831.77,370.31,831.58,370.45
810.38,427.45,812.78,441.46
802.81,347.88,804.59,348.84
824.11,369.79,824.18,370.13
804.69,348.33,806.47,349.07
804.47,346.87,806.47,349.07
820.69,370.46,823.28,370.46
801.09,364.29,801.09,361.71
806.47,347.70,806.47,349.07
820.45,370.43,820.68,362.79
806.86,350.26,809.93,350.19
808.57,431.32,809.07,432.11
803.44,415.22,803.26,414.92
808.13,354.24,809.22,353.80
824.18,367.22,831.58,367.20
816.77,340.51,816.45,340.64
808.10,351.97,809.22,353.80
826.25,435.97,826.12,435.19
782.59,362.15,782.91,362.15
829.35,330.41,829.71,330.05
824.18,367.22,824.36,367.08
808.58,430.42,809.50,430.92
808.89,356.08,809.58,355.78
783.33,362.13,782.91,362.15
808.76,353.81,808.89,356.08
782.91,357.85,783.12,356.87
805.45,362.11,804.96,364.17
782.59,357.85,782.91,357.85
794.63,349.36,794.42,349.79
802.22,361.75,801.81,363.46
793.71,355.97,793.74,356.20
820.21,442.72,817.11,446.48
806.70,369.66,805.22,371.14
821.75,394.05,822.29,392.53
802.04,352.85,806.17,352.58
794.23,346.66,792.20,346.41
787.72,370.64,789.42,370.60
783.33,357.87,783.12,356.87
823.28,362.79,823.28,355.12
823.36,359.15,823.33,359.64
820.34,354.35,820.45,362.79
787.72,370.64,789.42,371.05
792.46,351.42,792.43,352.84
822.15,418.39,822.31,418.13
805.17,427.14,805.57,426.81
791.22,352.86,792.43,352.84
790.23,354.49,790.51,354.67
788.44,348.88,788.58,348.96
789.23,356.21,789.81,356.37
825.02,436.86,824.21,437.15
808.39,395.58,808.23,394.65
795.53,370.81,797.29,371.54
809.66,352.86,810.75,353.31
789.96,354.43,789.23,356.21
818.62,380.76,818.82,380.55
823.64,413.93,822.96,414.44
813.45,360.00,813.37,360.95
787.08,355.73,788.78,358.08
832.29,349.60,827.52,348.85
805.62,360.00,802.22,361.75
810.12,360.00,809.66,360.00
784.45,366.19,785.56,368.02
822.78,428.34,822.65,427.56
786.42,362.17,786.58,362.16
809.88,360.00,809.66,360.00
785.40,368.08,786.80,369.72
790.07,346.58,792.28,346.93
785.56,368.02,786.96,369.64
786.80,369.72,786.96,369.64
793.91,350.18,792.46,351.42
825.72,440.39,825.88,440.14
824.39,355.84,826.48,355.82
792.46,368.58,793.91,369.82
785.98,372.03,784.21,370.99
784.88,366.20,784.86,366.25
809.50,357.85,809.28,356.87
784.21,370.99,786.03,372.11
806.22,333.82,806.82,333.95
785.52,365.76,786.00,368.03
809.95,357.87,809.50,357.85
788.44,348.88,790.28,347.75
806.36,333.82,806.82,333.95
809.73,356.87,809.50,357.85
787.72,370.64,787.94,372.84
809.73,356.87,809.95,357.87
786.09,369.96,787.72,370.64
801.81,363.46,801.31,363.32
825.11,335.76,824.74,335.53
782.59,357.85,782.42,360.00
809.28,356.87,809.50,357.85
781.53,355.12,781.21,354.92
811.88,358.74,811.98,360.00
801.70,361.68,801.81,363.46
786.80,369.72,788.58,371.04
794.29,359.15,794.92,359.57
809.48,356.87,809.28,356.87
831.85,358.40,831.65,358.55
798.52,348.42,798.63,348.49
747.29,360.00,748.90,355.04
775.01,369.80,774.10,369.81
796.75,349.15,798.63,348.49
799.14,348.01,800.37,347.97
804.26,371.95,806.44,369.39
797.29,348.46,799.14,348.01
822.21,378.29,819.82,378.29
776.34,383.99,775.07,383.22
824.80,427.12,824.68,426.34
787.94,372.84,788.00,372.92
809.66,367.14,810.75,366.69
826.80,353.46,826.18,353.24
799.13,348.42,800.96,348.27
825.79,427.12,826.00,427.15
825.60,394.25,824.96,393.53
793.40,378.79,793.16,378.49
806.10,417.60,805.99,417.56
823.93,395.72,824.22,395.86
800.74,372.07,802.58,371.30
804.47,346.87,802.81,347.88
807.34,367.51,808.52,367.42
824.11,355.45,824.30,355.30
804.47,346.87,804.69,348.33
782.56,350.45,784.21,349.00
784.76,363.92,784.45,366.19
805.22,348.86,808.28,348.77
783.26,352.09,782.56,350.45
806.70,350.34,806.86,350.26
820.02,362.79,820.02,371.85
814.54,340.84,815.15,341.44
793.91,350.18,792.46,351.42
806.70,350.34,808.10,351.97
808.76,353.81,808.13,354.24
817.22,353.23,826.58,353.23
792.67,351.71,790.97,352.79
816.55,380.88,816.30,380.90
792.22,351.32,790.97,352.79
808.42,417.04,808.24,416.74
809.48,356.87,809.86,356.87
797.34,348.84,799.13,348.42
802.36,360.00,802.22,361.75
796.75,349.15,795.25,350.21
802.44,381.44,803.88,381.52
826.98,353.22,826.58,353.23
792.46,351.42,793.67,351.39
815.12,349.29,816.53,350.21
790.51,354.67,789.96,354.43
790.97,352.79,789.96,354.43
805.79,351.03,807.09,352.54
801.55,333.17,801.22,328.39
790.97,352.79,790.51,354.67
824.23,431.98,823.46,431.21
819.56,333.98,820.16,332.65
814.46,360.00,814.46,360.00
801.22,333.12,801.22,328.39
791.47,353.11,790.51,354.67
787.08,355.73,789.96,354.43
749.21,365.87,747.24,364.43
782.77,349.67,738.11,349.44
786.93,355.71,786.58,357.84
783.88,370.42,783.52,371.42
783.53,357.85,786.25,360.00
805.45,357.89,802.36,360.00
784.45,366.19,783.63,364.21
821.83,359.59,821.90,359.64
784.76,363.92,783.63,364.21
806.88,422.71,806.70,422.41
784.45,366.19,785.52,365.76
780.99,385.38,780.86,385.13
798.67,373.57,796.52,373.75
819.18,335.61,819.56,333.98
797.21,357.68,800.20,357.68
820.68,362.79,820.45,355.16
790.42,361.89,793.66,361.54
784.45,366.19,785.56,368.02
817.04,350.20,817.98,351.45
773.10,384.33,772.19,384.41
802.65,367.97,803.91,368.07
805.32,398.27,804.27,400.36
826.27,440.48,826.35,440.94
827.94,367.37,826.35,367.35
792.43,367.16,792.58,367.11
785.40,368.08,785.56,368.02
781.20,367.99,786.80,369.72
783.66,378.38,783.79,378.01
782.59,369.61,784.21,370.99
811.35,368.16,809.97,369.76
792.32,380.44,792.47,380.77
814.87,346.82,814.84,346.79
782.56,369.55,784.21,370.99
784.18,370.93,785.98,372.03
823.91,353.34,817.20,353.45
786.09,369.96,785.98,372.03
801.70,361.68,802.22,361.75
802.36,360.00,802.22,361.75
832.44,439.21,829.67,422.74
800.55,368.74,801.95,369.07
828.69,333.26,828.73,333.36
801.05,341.86,801.25,342.36
800.20,362.32,800.65,363.41
795.53,349.19,797.29,348.46
828.15,439.01,828.33,439.32
799.18,373.49,801.27,372.99
800.96,348.27,800.90,347.73
812.75,348.85,811.40,349.68
800.21,346.20,802.81,347.88
828.99,332.77,829.30,332.65
816.05,348.76,812.75,348.85
802.29,346.29,804.47,346.87
805.79,351.03,806.70,350.34
804.28,349.73,805.79,351.03
807.27,441.60,807.09,441.29
813.02,344.71,812.00,345.83
807.09,352.54,807.64,351.98
804.94,350.29,806.23,351.29
820.21,384.16,820.84,383.99
813.03,441.73,821.52,441.73
787.08,355.73,786.58,357.84
807.64,351.92,808.77,353.76
793.74,356.20,792.13,362.15
806.49,436.45,807.03,436.04
805.12,355.80,808.77,353.76
792.46,351.42,792.67,351.71
790.41,347.84,792.39,347.02
784.60,369.05,785.98,372.03
784.60,369.05,786.22,369.57
786.22,369.57,786.09,369.96
831.76,439.10,832.17,439.60
794.36,359.15,794.92,359.57
825.82,331.87,825.74,330.77
789.04,351.89,789.96,354.43
813.54,392.46,812.84,391.15
823.64,413.93,823.98,413.22
802.36,360.00,801.70,361.68
790.97,352.79,789.96,354.43
787.91,353.73,787.08,355.73
812.69,360.00,813.16,360.00
828.87,349.68,832.29,349.60
826.18,372.38,824.15,372.32
826.07,332.86,825.82,331.87
763.29,368.42,764.24,369.89
784.03,355.74,786.42,357.83
783.53,357.85,783.36,360.00
808.18,350.18,807.86,350.51
783.33,362.13,783.54,363.13
798.48,395.88,798.88,394.05
783.54,363.13,784.76,363.92
807.14,440.88,807.68,440.48
784.28,366.24,784.45,366.19
782.56,369.55,781.20,367.99
806.88,422.71,807.10,422.74
808.68,435.27,808.57,435.22
802.36,360.00,801.84,360.00
816.73,341.02,816.80,340.85
762.77,374.22,762.10,374.89
802.76,347.75,804.60,348.88
801.27,328.41,801.28,333.12
795.26,355.56,795.37,355.29
802.22,358.25,802.36,360.00
801.66,350.45,800.18,349.00
795.53,349.19,797.34,348.84
798.98,347.88,799.13,348.42
808.04,430.83,808.58,430.42
802.29,346.29,800.21,346.20
801.38,346.90,802.29,346.29
803.25,347.83,801.38,346.90
812.56,356.21,813.01,358.08
805.07,348.95,804.28,349.73
823.98,413.22,824.07,413.25
801.66,369.55,803.19,367.99
784.06,355.78,784.29,358.01
823.37,343.86,823.37,340.63
781.53,364.87,782.41,366.31
802.58,348.69,805.07,348.95
784.88,353.80,784.86,353.75
804.28,349.73,806.25,350.35
747.29,360.00,742.08,360.00
781.62,383.66,782.60,382.83
797.56,360.72,797.47,360.72
806.24,350.28,807.64,351.92
807.64,351.98,807.64,351.92
766.55,371.11,765.07,377.47
823.40,371.38,823.28,370.46
744.23,355.78,743.08,356.94
784.15,382.93,784.36,382.59
804.30,353.83,808.77,353.76
809.83,391.30,807.67,391.72
804.30,353.83,807.64,351.92
823.71,354.32,823.61,355.15
782.60,382.83,782.82,382.49
804.96,355.83,805.12,355.80
828.87,349.68,827.52,348.85
783.19,370.24,781.75,369.08
814.28,342.69,814.83,342.46
804.15,353.87,805.12,355.80
802.22,358.25,805.45,357.89
798.05,346.37,800.21,346.20
804.96,355.83,805.45,357.89
806.24,369.72,804.60,371.12
794.07,350.51,793.91,350.18
808.04,430.83,807.99,430.34
783.55,377.94,783.65,377.35
807.43,308.43,807.44,318.85
795.53,349.19,794.07,350.51
795.64,349.55,794.07,350.51
807.27,441.60,807.49,441.63
795.53,349.19,795.64,349.55
784.79,368.69,784.60,369.05
814.40,392.12,813.33,392.12
783.26,367.91,784.60,369.05
787.76,353.70,786.93,355.71
784.03,355.74,783.53,357.85
801.70,358.32,801.84,360.00
783.56,357.86,783.53,357.85
800.77,346.93,802.76,347.75
804.34,369.14,804.82,369.07
782.56,350.45,781.19,352.06
784.29,358.01,783.39,360.00
801.56,393.66,801.42,394.71
789.42,348.95,791.17,348.81
801.95,369.07,802.65,367.97
801.66,350.45,803.04,352.06
783.17,360.00,783.33,362.13
805.34,428.34,805.16,428.04
783.33,362.13,784.29,361.98
784.83,376.48,785.34,376.40
780.77,377.69,780.98,374.63
783.18,363.13,783.37,363.13
783.63,364.21,783.37,363.13
804.18,349.85,803.23,349.78
805.85,432.03,806.46,432.08
784.86,353.75,784.03,355.74
783.45,364.25,784.28,366.24
806.04,348.42,807.86,349.22
779.27,364.20,784.28,366.24
823.40,354.20,820.69,355.12
784.18,349.07,783.26,352.09
781.19,367.94,782.56,369.55
784.60,350.95,783.26,352.09
811.88,358.74,812.49,359.05
782.12,366.57,782.56,369.55
806.62,437.16,806.85,437.20
801.70,358.32,802.22,358.25
772.63,379.39,771.99,380.65
786.56,352.54,785.52,354.24
783.51,352.41,782.41,353.69
801.81,356.54,801.70,358.32
824.11,369.79,831.85,369.97
827.44,398.26,827.39,398.26
792.59,379.09,793.57,379.09
795.33,349.07,797.10,348.33
820.39,363.24,820.61,363.20
812.49,353.70,812.50,353.73
827.25,400.36,827.39,398.26
795.64,349.55,797.10,348.33
797.34,348.84,797.10,348.33
784.15,382.93,782.82,382.49
804.30,353.83,805.12,355.80
744.23,355.78,747.29,360.00
797.10,348.33,798.98,347.88
815.02,410.98,816.72,410.62
823.71,353.52,823.71,354.32
783.44,383.99,784.15,382.93
801.81,356.54,802.22,358.25
800.12,346.12,802.29,346.29
768.03,374.22,766.78,373.58
785.52,354.24,784.76,356.08
805.34,428.34,805.56,428.37
804.14,404.29,804.77,402.55
813.65,411.10,815.02,410.98
829.90,340.48,828.29,340.55
800.51,404.45,801.33,404.74
823.90,356.39,824.58,356.36
780.53,363.46,780.08,366.13
801.27,347.01,801.38,346.90
827.44,355.13,829.79,355.13
809.28,363.13,809.48,363.13
799.28,346.40,801.38,346.90
801.77,352.68,802.94,352.40
802.58,348.69,803.25,347.83
784.79,351.31,783.51,352.41
801.27,347.01,802.58,348.69
804.28,349.73,804.62,348.96
783.12,356.87,783.18,356.87
821.98,323.80,822.09,323.81
786.22,350.43,787.78,349.79
802.58,348.69,804.28,349.73
783.51,367.59,784.60,369.05
782.82,363.13,783.12,363.13
794.97,346.40,797.12,346.23
804.62,348.96,806.24,350.28
783.26,367.91,784.60,369.05
804.60,348.88,806.24,350.28
823.79,339.12,823.85,338.68
820.27,353.52,820.57,354.20
806.24,350.28,807.64,351.92
799.09,324.15,799.25,323.78
803.19,352.01,806.24,350.28
830.21,441.39,829.81,441.46
805.21,427.62,805.75,427.22
801.81,356.54,804.96,355.83
807.74,427.15,808.42,427.68
807.64,411.92,807.60,411.44
791.47,366.89,792.67,368.29
819.25,378.31,816.26,378.64
827.38,332.76,826.87,332.76
795.64,349.55,794.07,350.51
793.68,350.07,794.07,350.51
795.64,349.55,793.68,350.07
820.12,411.68,828.01,423.16
795.64,349.55,795.33,349.07
800.21,346.20,800.90,347.73
782.12,366.57,783.51,367.59
782.12,366.57,783.26,367.91
806.44,350.64,807.87,351.23
783.51,367.59,783.26,367.91
805.45,362.11,805.62,362.12
748.90,364.95,750.35,364.21
790.45,350.24,789.04,351.89
789.03,348.86,790.31,350.19
780.73,375.16,780.68,375.70
785.99,351.91,787.76,353.70
826.58,372.40,826.80,372.17
784.06,355.78,784.03,355.74
808.39,395.58,810.99,395.08
820.34,354.35,820.45,355.16
802.58,348.69,804.28,349.73
781.53,364.87,782.12,366.57
784.06,355.78,783.56,357.86
819.93,379.71,819.82,381.12
811.79,358.82,811.88,360.00
814.76,358.83,814.85,360.00
829.36,440.93,829.34,441.72
812.12,362.84,811.10,363.66
805.17,352.04,806.40,352.33
783.45,364.25,783.18,363.13
809.35,361.98,808.89,363.92
782.82,363.13,783.45,364.25
783.63,355.78,783.54,356.87
745.68,355.04,747.29,360.00
826.08,343.82,823.73,339.18
779.27,364.20,783.45,364.25
780.08,366.13,779.27,364.20
816.72,410.62,818.78,409.97
801.81,356.54,801.31,356.68
784.29,361.98,784.76,363.92
816.45,340.64,816.80,340.85
801.14,354.92,801.81,356.54
798.71,354.56,797.92,355.48
824.11,367.55,824.18,367.22
795.94,346.87,795.33,349.07
828.38,342.72,830.80,342.60
795.33,349.07,797.10,348.33
821.49,441.52,829.81,441.46
827.55,355.23,829.48,355.21
793.53,357.54,793.47,357.77
767.76,382.11,767.16,378.02
786.22,350.43,784.60,350.95
805.07,348.95,805.22,348.86
797.12,346.23,799.28,346.40
814.59,408.10,815.02,410.98
799.18,346.51,797.12,346.23
800.81,396.41,801.42,394.71
801.27,347.01,800.74,347.93
816.73,343.85,816.73,341.02
804.60,348.88,806.24,350.28
801.14,354.92,804.15,353.87
797.34,348.84,798.98,347.88
803.04,352.06,804.15,353.87
750.35,364.21,751.51,363.06
803.04,352.06,801.14,354.92
774.34,378.08,774.16,377.92
792.01,381.86,792.83,382.45
798.98,347.88,800.90,347.73
812.78,441.46,812.72,441.39
801.72,396.81,803.51,395.19
795.33,349.07,793.68,350.07
800.21,346.20,802.37,346.37
823.52,343.58,816.73,343.85
768.47,380.73,767.87,381.33
792.10,348.83,793.68,350.07
824.11,369.79,831.77,370.31
798.52,348.42,799.14,348.01
774.20,377.92,774.34,378.08
817.22,381.86,816.92,382.45
802.29,346.29,804.41,346.80
823.37,343.86,823.52,343.58
793.94,347.70,795.33,349.07
790.31,350.19,790.45,350.24
808.23,394.65,810.99,395.08
823.37,340.63,823.52,340.69
781.21,365.08,782.12,366.57
825.37,339.57,825.62,339.29
824.03,355.79,824.11,355.45
826.80,353.46,826.40,353.46
799.35,340.19,798.70,338.53
806.55,349.19,808.18,350.18
782.41,366.31,782.12,366.57
818.09,335.51,817.58,332.73
787.39,350.26,788.90,351.84
830.75,438.49,831.76,439.10
800.90,347.73,802.81,347.88
823.52,343.58,823.37,343.86
785.99,351.91,788.90,351.84
822.48,355.65,822.29,355.85
804.62,348.96,806.25,350.35
742.08,360.00,742.34,361.61
766.78,373.58,765.40,373.36
785.99,351.91,784.86,353.75
769.03,370.84,762.90,368.63
820.68,362.79,823.28,355.12
794.07,350.51,792.46,351.42
805.79,351.03,808.10,351.97
823.71,353.52,823.40,354.20
782.59,350.39,781.20,352.01
800.12,346.12,800.21,346.20
782.42,360.00,782.59,362.15
813.87,329.87,802.82,336.99
817.71,340.51,824.78,340.17
778.77,362.12,782.59,362.15
802.65,352.04,801.77,352.68
805.54,367.43,804.36,367.52
807.09,352.54,808.13,354.24
824.58,356.36,824.47,356.10
813.87,336.33,813.87,329.87
779.27,364.17,779.27,364.20
781.21,365.08,780.08,366.13
826.46,332.75,826.23,331.82
819.47,378.16,819.58,379.71
812.11,305.10,811.57,304.89
800.66,355.12,801.14,354.92
826.40,353.46,824.38,353.49
791.10,349.26,792.78,349.39
826.97,332.21,827.18,332.31
817.56,340.79,816.96,340.79
800.22,353.42,801.14,354.92
783.12,356.87,782.82,356.87
817.71,340.51,816.77,340.51
799.79,353.69,800.66,355.12
823.61,362.79,823.28,355.12
792.20,346.41,794.37,346.42
795.84,346.80,793.94,347.70
764.00,375.31,764.32,374.98
795.84,346.80,797.95,346.29
794.97,346.40,795.84,346.80
797.05,346.34,794.97,346.40
820.02,353.74,820.34,354.35
788.58,348.96,786.96,350.35
789.42,348.95,791.17,348.81
826.71,331.38,826.67,331.61
797.05,346.34,797.12,346.23
819.28,368.39,819.85,368.41
805.62,360.00,805.45,362.11
817.67,336.99,817.67,329.82
790.89,377.97,791.22,377.86
823.91,372.39,824.47,372.40
798.81,347.47,799.18,346.51
818.99,368.26,819.71,363.24
796.75,349.15,796.87,349.22
814.40,392.12,812.77,393.56
803.19,352.01,804.30,353.83
797.05,346.34,798.81,347.47
801.14,354.92,801.81,356.54
798.74,346.53,800.74,347.93
805.17,367.97,804.82,369.07
783.26,352.09,781.19,352.06
800.82,347.02,802.76,347.75
802.76,347.75,804.60,348.88
800.18,349.00,802.76,347.75
819.27,362.36,819.71,363.24
801.66,350.45,801.80,350.39
825.16,353.11,834.23,353.10
799.08,352.09,800.22,353.42
790.43,368.39,790.61,368.25
789.96,354.43,789.23,356.21
787.72,349.36,789.42,348.95
764.04,376.60,763.14,377.96
791.97,348.77,793.94,347.70
791.97,348.77,790.31,350.19
826.58,372.40,817.36,372.39
811.58,336.79,811.76,326.34
787.39,350.34,785.99,351.91
821.87,359.15,821.80,359.15
814.04,334.55,813.60,334.63
786.03,347.89,788.00,347.07
783.56,362.14,784.06,364.22
810.70,360.00,809.51,360.00
787.85,351.03,786.56,352.54
786.00,351.97,785.99,351.91
805.85,307.04,806.51,306.93
747.29,360.00,743.08,363.06
771.93,379.35,771.29,380.61
786.00,351.97,784.88,353.80
823.71,354.32,823.61,355.15
784.76,363.92,785.52,365.76
795.95,361.26,794.30,360.95
774.71,384.95,773.73,385.03
772.15,377.96,771.93,379.35
785.52,354.24,784.76,356.08
784.45,353.81,784.76,356.08
793.04,359.15,792.83,359.15
819.61,339.39,819.78,339.74
820.45,362.79,820.45,355.16
824.19,340.59,823.37,343.86
784.28,366.24,785.56,368.02
823.94,362.79,823.71,371.27
781.21,354.92,780.53,356.54
794.30,359.05,794.34,358.57
783.45,355.75,783.18,356.87
790.31,350.19,788.90,351.84
782.59,369.61,786.80,369.72
771.29,375.31,771.93,376.56
782.59,357.85,782.42,360.00
828.53,332.93,828.22,332.61
787.08,364.26,787.91,366.26
778.61,360.00,782.59,357.85
812.94,355.96,822.29,355.85
783.43,378.33,783.79,378.01
784.18,370.93,784.21,370.99
823.91,356.05,824.47,356.10
804.83,350.96,805.17,352.04
778.61,360.00,778.77,362.12
819.49,324.08,818.99,324.13
817.15,382.99,817.62,382.76
820.58,371.38,823.28,370.46
778.78,362.11,779.27,364.17
780.53,363.46,779.27,364.17
798.69,352.41,800.22,353.42
788.00,347.07,792.28,346.93
802.65,352.04,802.45,350.91
799.08,352.09,800.22,353.42
799.25,351.84,798.02,352.59
792.90,347.93,794.84,347.47
792.75,378.57,796.65,378.43
792.87,346.90,795.84,346.80
793.82,347.64,795.84,346.80
792.90,347.93,794.91,346.51
781.39,368.80,783.38,368.80
792.75,378.57,792.80,378.25
792.87,346.90,794.97,346.40
794.91,346.51,794.97,346.40
783.68,369.08,781.39,368.80
796.45,379.06,796.60,378.76
794.84,347.47,796.82,347.31
781.75,369.08,781.39,368.80
792.60,378.87,796.60,378.76
794.91,346.51,796.82,347.31
797.05,346.34,796.82,347.31
823.71,353.52,820.57,354.20
820.02,371.85,820.38,362.79
823.12,368.93,825.14,369.35
781.75,369.08,783.68,369.08
792.60,378.87,792.75,378.57
819.62,423.69,827.70,423.70
794.91,346.51,797.05,346.34
798.67,346.42,800.77,346.93
792.07,379.25,796.21,379.30
798.67,346.42,800.77,346.93
785.36,370.42,785.07,370.33
782.41,353.69,781.53,355.12
792.07,379.25,792.36,379.10
798.67,346.42,800.82,347.02
829.10,341.90,827.51,341.97
789.35,380.49,790.20,380.49
798.69,367.59,797.41,368.69
798.37,347.89,800.77,346.93
799.08,352.09,801.66,350.45
810.72,342.72,810.57,342.71
824.15,353.27,823.71,353.52
788.58,348.96,786.96,350.35
791.97,348.77,793.82,347.64
787.39,350.34,789.03,348.86
765.76,369.89,764.29,369.88
790.07,346.58,794.37,346.42
794.72,379.06,794.96,379.30
787.39,350.34,787.39,350.26
785.40,351.92,784.28,353.76
780.12,361.75,780.53,363.46
779.99,360.00,780.49,361.68
780.49,361.68,780.53,363.46
780.09,353.83,779.27,355.80
790.74,378.57,794.72,379.06
780.49,361.68,780.89,363.32
780.89,363.32,781.53,364.87
787.39,350.34,786.00,351.97
776.36,377.98,775.90,382.34
790.70,356.24,790.25,358.09
786.56,352.54,786.00,351.97
803.00,391.44,803.15,391.80
783.12,368.68,765.21,368.25
819.30,376.83,819.71,376.99
779.27,355.80,782.59,357.85
792.39,347.02,794.47,346.53
791.42,377.24,795.26,377.42
797.75,350.95,799.08,352.09
802.65,352.04,801.97,350.96
790.87,347.73,792.87,346.90
770.08,378.17,769.76,378.22
804.15,366.13,803.04,367.94
790.41,372.15,792.39,372.97
794.09,381.69,793.40,382.03
794.91,346.51,794.84,347.47
794.23,373.34,792.20,373.59
792.28,373.07,794.37,373.57
796.82,347.31,796.60,346.36
820.02,362.79,820.38,362.79
826.98,372.41,834.24,372.63
784.79,370.24,783.68,369.08
794.84,347.47,796.82,347.31
785.07,370.33,784.79,370.24
796.60,346.36,798.67,346.42
797.95,346.29,798.05,346.37
797.21,355.33,797.11,355.18
783.63,364.21,784.45,366.19
796.40,347.07,798.37,347.89
797.75,350.95,800.05,349.07
790.87,347.73,789.03,348.86
809.84,363.13,809.60,364.25
819.53,362.80,819.52,353.50
765.21,368.25,765.17,368.42
785.40,351.92,784.28,353.76
780.53,356.54,780.12,358.25
809.16,351.17,812.26,351.10
798.74,373.47,796.60,373.64
816.96,362.81,817.11,362.81
780.99,374.06,780.85,374.10
780.09,353.83,783.45,355.75
823.40,354.20,823.28,355.12
804.28,349.73,805.79,351.03
817.76,379.84,817.41,379.91
818.91,395.70,818.77,393.71
792.10,371.16,795.33,370.93
784.60,350.95,784.18,349.07
791.06,348.69,792.90,347.93
822.69,404.85,823.27,404.45
813.37,360.95,813.17,360.95
824.37,362.80,825.18,362.80
827.04,434.78,826.50,434.01
814.75,389.90,814.00,390.88
825.90,341.09,826.80,341.05
794.68,357.17,793.67,358.46
824.03,355.79,831.85,355.36
790.85,347.83,792.83,347.01
798.02,352.59,799.17,353.48
815.30,341.26,814.05,341.22
799.13,368.68,799.18,368.80
817.22,353.23,817.43,353.22
825.37,370.61,826.40,372.16
747.29,360.00,742.34,358.39
792.90,347.93,794.47,346.53
794.47,346.53,796.60,346.36
793.16,358.30,792.96,358.21
824.18,370.13,824.36,370.27
794.32,346.58,796.52,346.25
812.26,351.10,812.88,350.63
796.60,346.36,798.74,346.53
780.53,356.54,780.12,358.25
796.29,347.15,796.25,350.03
801.41,337.35,815.33,342.16
808.65,353.48,809.59,354.56
823.77,337.97,823.44,337.82
793.47,360.52,793.66,360.59
797.92,355.48,797.66,356.59
831.46,355.76,829.34,359.57
792.22,351.32,790.97,352.79
747.29,360.00,752.50,360.00
780.49,358.32,779.99,360.00
770.96,374.98,771.29,380.61
798.81,347.47,800.74,347.93
809.48,356.87,809.86,356.87
804.15,353.87,801.81,356.54
784.03,355.74,786.93,355.71
818.99,359.08,820.83,359.27
747.29,360.00,752.25,361.61
780.49,358.32,780.36,360.00
823.62,362.79,823.71,354.32
784.29,358.01,784.14,360.00
800.15,400.10,801.23,400.57
780.09,353.83,785.40,351.92
765.17,368.42,764.24,369.89
779.27,355.83,779.27,355.80
780.53,356.54,778.78,357.89
821.83,359.59,821.18,359.57
794.63,349.36,796.25,350.03
823.28,370.46,823.28,362.79
827.73,360.77,827.79,360.71
822.61,357.54,822.27,357.77
817.36,353.24,826.18,353.24
790.41,347.84,792.90,347.93
778.61,360.00,778.61,360.00
791.12,377.39,794.96,377.57
779.99,360.00,778.78,362.11
802.31,409.97,808.14,406.21
794.23,346.66,796.29,347.15
806.86,350.26,808.26,351.91
788.58,348.96,789.37,349.73
820.27,353.52,820.57,354.20
795.08,381.68,793.90,381.91
786.03,347.89,790.28,347.75
788.44,348.88,786.80,350.28
821.07,344.33,820.03,345.48
772.86,378.38,772.86,378.01
824.21,437.15,824.08,436.37
783.12,363.13,783.18,363.13
799.14,348.01,802.28,347.82
797.05,346.34,799.18,346.51
788.58,348.96,786.80,350.28
792.86,358.65,792.96,358.21
831.77,370.31,824.36,370.27
802.81,347.88,804.69,348.33
823.71,371.27,823.61,362.79
786.80,350.28,785.40,351.92
782.59,350.39,785.40,351.92
790.58,378.31,790.89,377.97
826.18,353.24,824.15,353.27
796.40,347.07,800.77,346.93
805.92,325.98,804.81,336.73
809.44,369.85,808.18,369.82
812.93,350.63,813.37,350.79
805.80,389.51,807.01,389.14
768.64,375.06,768.74,375.46
829.30,328.61,829.58,328.89
781.19,352.06,780.09,353.83
815.07,390.88,814.00,390.88
805.79,360.00,805.62,362.12
780.53,356.54,779.27,355.83
789.02,348.95,789.03,348.86
792.78,349.39,794.42,349.79
784.29,361.98,784.06,364.22
805.45,357.89,805.62,360.00
790.28,347.75,792.28,346.93
795.25,350.21,797.62,352.04
792.39,347.02,792.28,346.93
808.76,353.81,809.58,355.78
815.35,395.75,815.59,396.34
791.23,368.25,792.41,363.24
792.28,346.93,794.37,346.42
820.28,372.06,820.58,371.38
802.65,392.14,803.80,391.16
819.66,357.67,821.46,357.93
790.07,346.58,792.20,346.41
792.92,348.95,794.23,346.66
783.92,379.07,784.41,379.17
817.67,329.82,828.70,328.99
825.37,354.99,825.18,355.17
809.58,355.78,809.84,356.87
747.29,360.00,747.29,365.21
790.16,371.30,791.87,371.30
792.11,346.49,794.23,346.66
782.42,360.00,782.74,360.00
809.58,355.78,809.86,356.87
789.01,379.24,789.13,379.21
747.29,360.00,745.68,364.95
787.85,351.03,786.00,351.97
820.38,362.79,820.34,354.35
800.37,347.97,802.37,347.90
821.16,356.15,820.21,356.49
791.17,348.81,792.92,348.95
790.41,347.84,788.44,348.88
790.28,347.75,788.44,348.88
790.41,347.84,790.28,347.75
809.97,369.76,808.32,371.16
796.87,370.78,798.63,371.51
792.92,371.05,796.29,372.84
772.85,377.99,772.63,379.39
776.00,385.04,775.02,385.12
784.45,353.81,783.63,355.78
787.78,349.79,789.42,349.39
788.44,348.88,786.80,350.28
798.02,352.59,799.25,351.84
807.34,426.82,807.27,426.36
827.49,349.44,819.68,348.68
835.82,383.57,810.96,383.57
790.55,368.37,790.43,368.39
823.99,353.72,823.71,353.52
805.45,362.11,801.81,363.46
787.72,349.36,789.42,349.39
799.15,355.26,799.06,355.74
786.25,360.00,786.41,360.00
780.89,356.68,780.53,356.54
781.21,354.92,780.08,353.87
817.16,382.85,817.62,382.76
823.91,356.05,824.58,356.36
782.12,353.42,781.21,354.92
815.29,332.37,815.43,332.02
825.06,329.47,823.71,329.93
785.52,365.76,786.56,367.46
829.26,353.23,830.29,355.10
792.78,349.39,792.92,348.95
780.12,361.75,780.53,363.46
792.46,351.42,791.22,352.86
791.22,352.86,790.23,354.49
790.00,346.66,790.07,346.58
806.04,348.42,807.81,349.15
781.91,384.48,780.86,385.13
793.68,350.07,792.67,351.71
795.94,346.87,798.05,346.37
799.13,371.58,800.90,372.27
810.44,355.26,811.56,355.84
785.07,370.33,783.19,370.24
782.12,353.42,781.21,354.92
805.17,367.97,804.34,369.14
823.74,333.47,823.36,332.44
810.22,355.74,813.32,355.71
818.44,368.25,819.71,363.24
789.42,349.39,791.10,349.26
765.77,369.88,764.31,369.89
789.02,348.95,787.39,350.34
813.60,330.67,813.60,334.63
785.98,347.97,788.00,347.07
800.37,372.02,800.47,371.95
828.35,440.23,827.64,441.01
808.31,330.54,808.10,331.57
818.33,392.70,817.88,391.44
816.19,389.87,815.82,389.90
825.90,341.09,825.62,339.29
814.46,360.00,814.31,361.89
793.82,347.64,793.94,347.70
812.45,361.44,812.49,360.95
787.94,347.15,789.42,348.95
828.33,439.32,828.02,439.83
814.65,324.66,814.65,320.87
813.03,361.90,813.86,363.76
826.69,340.72,825.11,340.80
827.21,372.18,826.80,372.17
780.09,366.17,784.28,366.24
785.98,347.97,784.21,349.00
780.53,363.46,781.21,365.08
784.18,349.07,784.21,349.00
781.19,367.94,781.20,367.99
780.53,363.46,781.53,364.87
784.18,349.07,782.56,350.45
794.95,359.15,794.29,359.15
826.26,395.98,826.72,398.28
812.12,363.62,811.86,365.51
796.52,373.75,796.60,373.64
785.98,347.97,787.94,347.15
816.73,343.85,824.36,343.58
782.59,362.15,782.82,363.13
786.09,350.03,785.98,347.97
799.16,397.96,799.31,397.96
824.12,353.11,823.91,353.34
791.74,363.24,791.06,368.26
786.09,369.96,787.72,370.64
784.60,350.95,786.09,350.03
793.66,357.70,793.47,357.77
786.22,369.57,787.78,370.21
784.79,351.31,784.60,350.95
800.82,347.02,802.79,347.84
826.38,356.56,826.00,356.74
747.29,360.00,750.35,355.78
827.21,353.45,834.23,353.10
807.64,351.98,808.76,353.81
751.51,356.94,750.35,355.78
800.99,400.20,801.30,400.33
799.94,353.92,803.93,353.31
747.29,360.00,751.51,356.94
797.04,369.08,797.19,368.80
747.29,360.00,752.25,358.39
752.50,360.00,752.25,358.39
819.66,368.26,818.99,368.26
799.13,348.42,800.96,348.27
795.12,350.15,795.25,350.21
805.45,357.89,805.62,357.87
752.25,361.61,752.50,360.00
821.83,359.59,821.80,359.15
826.80,372.17,826.18,372.38
797.10,348.33,798.98,347.88
790.41,347.84,792.28,346.93
751.51,363.06,752.25,361.61
817.73,381.10,817.21,381.81
803.37,394.06,802.82,398.08
809.61,354.30,810.44,355.26
792.11,346.49,792.20,346.41
747.29,360.00,748.90,364.95
768.47,380.73,768.03,381.46
792.10,348.83,795.33,349.07
747.29,365.21,748.90,364.95
793.07,359.59,792.86,359.64
745.68,364.95,747.29,365.21
744.23,364.21,745.68,364.95
803.25,347.83,805.07,348.95
742.34,361.61,743.08,363.06
766.66,373.74,765.33,373.53
784.88,353.80,784.06,355.78
742.34,358.39,742.08,360.00
743.08,356.94,742.34,358.39
815.30,341.26,813.81,341.34
817.22,353.23,817.20,353.45
747.29,360.00,743.08,356.94
744.23,355.78,745.68,355.04
784.14,360.00,783.33,362.13
802.44,369.14,802.65,367.97
763.14,377.96,763.36,379.35
801.66,350.45,800.22,353.42
801.95,369.07,802.44,369.14
825.23,395.08,827.08,403.20
792.87,346.90,793.82,347.64
783.26,352.09,782.41,353.69
795.95,361.26,794.34,361.44
795.95,358.74,794.34,358.57
772.63,376.60,772.85,377.99
783.45,355.75,783.37,356.87
794.30,359.05,795.95,358.74
781.19,352.06,780.08,353.87
804.36,350.91,805.17,352.04
793.16,358.30,793.30,357.98
803.19,367.99,801.80,369.61
800.74,347.93,800.82,347.02
795.99,354.62,795.24,355.84
791.17,348.81,792.78,349.39
820.21,369.19,819.34,368.22
802.45,350.91,801.97,350.96
790.42,358.11,790.27,360.00
795.68,340.93,795.25,339.97
799.17,353.48,798.21,354.30
819.83,372.32,820.28,372.06
792.83,347.01,794.91,346.51
783.68,369.08,783.38,368.80
801.80,350.39,804.60,348.88
799.17,353.48,796.93,353.53
790.10,360.00,790.25,361.90
790.14,380.33,790.15,380.50
820.02,362.79,820.02,353.74
828.57,340.99,827.01,341.07
826.98,372.41,834.42,372.40
784.79,370.24,781.75,369.08
804.93,402.68,806.71,404.50
805.60,330.65,805.31,328.65
803.25,372.17,805.22,371.14
819.52,353.50,820.02,353.74
792.36,379.10,796.45,379.06
796.82,347.31,798.81,347.47
783.19,370.24,781.75,369.08
815.09,342.52,823.21,342.52
823.71,371.27,823.61,370.43
792.36,379.10,792.60,378.87
796.82,347.31,798.74,346.53
783.19,370.24,784.79,370.24
825.37,358.88,825.18,358.71
789.23,363.79,790.51,365.32
820.20,389.31,818.23,388.82
820.63,378.37,820.89,378.95
784.88,353.80,785.99,351.91
776.71,384.72,775.78,384.64
789.03,371.14,790.87,372.27
826.31,344.26,826.72,344.43
824.38,353.49,823.99,353.72
792.92,348.95,794.63,349.36
790.85,347.83,790.87,347.73
791.42,379.25,791.74,379.30
797.75,350.95,799.08,352.09
788.90,360.00,789.06,361.90
791.06,371.30,792.83,372.99
823.71,372.06,823.40,371.38
789.38,361.83,788.78,361.92
789.37,349.73,787.39,350.34
791.12,379.10,795.26,379.45
790.87,347.73,793.82,347.64
764.29,369.88,764.31,369.89
791.06,371.30,792.90,372.07
829.64,333.88,830.80,342.60
791.23,368.25,792.00,362.36
825.92,359.58,826.47,360.91
789.37,349.73,787.85,351.03
786.80,350.28,785.56,351.98
791.12,379.10,791.42,379.25
790.87,347.73,791.97,348.77
764.29,369.88,765.77,369.88
765.76,369.89,765.77,369.88
820.34,371.23,820.45,362.79
747.29,360.00,750.35,364.21
764.24,369.89,764.29,369.88
792.39,372.97,794.47,373.47
763.29,368.42,764.24,369.89
769.28,373.51,768.56,373.33
764.84,369.83,765.74,369.89
825.18,439.62,825.54,439.68
786.43,347.92,782.89,349.73
794.37,373.57,796.52,373.75
793.93,365.91,824.58,366.39
820.02,353.74,820.34,354.35
764.31,369.89,765.74,369.89
762.91,369.82,764.31,369.89
792.20,373.59,798.67,373.57
794.24,382.89,794.20,382.54
785.56,351.98,784.28,353.76
822.56,392.46,821.47,392.46
819.68,348.68,818.07,349.68
817.36,353.24,819.52,353.50
778.78,357.89,778.77,357.87
763.29,368.25,765.21,368.25
763.29,368.25,783.12,368.68
793.74,357.62,793.86,357.77
794.52,378.43,794.57,378.76
814.59,408.10,818.78,409.97
800.22,353.42,799.79,353.69
794.63,370.64,796.25,369.96
781.10,368.68,783.12,368.68
796.25,350.03,797.75,350.95
764.13,369.81,764.39,369.83
762.58,369.81,764.13,369.81
762.58,369.81,762.18,369.80
801.78,321.15,801.89,320.33
764.84,369.83,764.13,369.81
796.29,347.15,796.40,347.07
795.51,370.66,785.36,370.42
794.61,370.68,795.51,370.66
779.85,373.51,780.02,373.78
825.27,353.33,824.47,353.33
783.88,370.42,794.61,370.68
794.61,370.68,795.51,370.66
817.36,353.24,824.15,353.27
824.12,372.62,817.43,372.41
796.27,370.72,795.51,370.66
795.52,370.74,794.61,370.68
795.52,370.74,796.27,370.72
801.02,370.72,796.27,370.72
829.64,333.88,830.80,335.33
803.18,405.31,804.01,404.12
765.36,377.42,764.45,377.37
793.07,359.59,793.04,359.15
817.56,342.41,816.06,342.47
801.02,370.72,795.52,370.74
780.44,376.02,780.19,376.12
799.18,368.80,797.19,368.80
798.97,369.08,799.18,368.80
801.23,391.43,802.15,391.79
823.71,354.32,823.40,354.20
789.42,370.60,791.17,371.18
798.97,369.08,797.04,369.08
797.53,370.24,798.97,369.08
797.53,370.24,795.93,370.24
786.25,360.00,786.58,362.16
826.00,356.74,825.14,356.38
797.19,370.42,795.76,370.33
826.00,356.74,825.23,356.09
777.49,369.88,777.16,369.89
776.32,369.89,776.03,369.88
777.84,369.89,777.49,369.88
767.99,377.61,767.78,374.58
803.60,309.88,805.50,307.27
780.08,368.42,776.32,369.89
780.08,368.42,777.84,369.89
774.82,369.83,777.16,369.89
812.80,341.28,819.80,341.28
775.76,369.82,777.16,369.89
790.89,377.63,794.72,377.81
778.77,357.87,782.59,357.85
831.58,370.45,831.77,370.31
792.39,347.02,794.47,346.53
820.15,362.29,819.85,362.14
799.13,368.68,797.11,368.68
819.85,362.14,819.82,362.35
773.34,369.83,768.87,369.83
819.09,362.15,819.85,362.14
819.27,362.36,819.09,362.15
773.34,369.83,774.10,369.81
817.22,353.23,817.36,353.24
816.96,353.45,817.36,353.24
774.10,369.81,773.34,369.83
791.24,362.29,792.02,356.42
813.13,358.46,812.45,358.57
774.58,377.37,775.52,377.42
801.64,400.45,801.46,400.28
807.50,440.17,808.18,439.68
775.76,369.82,774.82,369.83
774.10,369.81,774.82,369.83
826.38,369.17,826.38,362.87
775.01,369.80,774.10,369.81
826.38,369.17,834.34,362.87
775.76,369.82,775.01,369.80
805.77,370.72,806.00,370.66
822.65,427.56,822.75,426.81
782.91,362.15,783.12,363.13
789.02,348.95,790.87,347.73
765.77,369.88,765.74,369.89
792.78,349.39,794.63,349.36
808.14,370.68,806.00,370.66
807.78,370.74,808.14,370.68
801.65,370.74,801.02,370.72
822.78,428.34,823.08,428.85
782.74,360.00,782.91,362.15
805.77,370.72,801.02,370.72
801.65,370.74,805.77,370.72
782.42,360.00,782.59,362.15
807.78,370.74,805.77,370.72
825.75,427.24,825.47,427.68
825.54,325.32,824.55,324.14
828.61,331.61,829.08,329.77
801.65,370.74,807.78,370.74
794.59,354.33,814.66,355.75
771.36,378.30,771.24,377.93
782.91,357.85,782.74,360.00
790.45,350.24,792.22,351.32
767.99,377.61,767.77,374.01
782.82,356.87,783.12,356.87
774.16,384.80,774.24,384.53
769.56,371.21,768.24,373.10
783.65,378.53,783.55,377.94
823.73,338.18,823.56,337.82
769.56,371.21,766.55,371.11
797.73,357.07,795.94,357.09
784.86,353.75,787.76,353.70
768.99,375.61,768.84,375.90
768.64,375.99,768.84,375.90
768.99,375.61,769.43,375.49
792.99,380.88,793.33,381.25
768.90,375.73,769.09,375.83
793.04,380.86,793.33,381.25
769.07,375.16,769.54,375.10
815.68,303.57,810.78,303.57
768.20,375.57,768.90,375.73
825.38,329.16,825.06,329.47
819.27,362.36,819.82,362.35
768.41,375.88,768.90,375.73
768.20,375.57,768.41,375.88
769.05,374.63,769.58,374.64
768.20,375.57,768.74,375.46
809.95,362.13,809.73,363.13
792.17,356.20,792.02,356.42
768.95,374.10,769.54,374.18
801.90,327.62,814.13,327.62
822.36,368.71,822.44,368.93
806.92,413.29,806.80,414.04
809.71,362.15,809.48,363.13
821.46,367.74,820.83,366.39
768.02,375.12,768.64,375.06
767.92,374.59,768.02,375.12
806.50,412.01,806.81,412.51
778.92,385.13,779.89,385.22
810.12,360.00,809.95,362.13
791.38,362.14,791.46,362.35
768.56,373.33,768.78,373.64
768.64,374.14,768.60,374.60
805.82,412.42,806.13,411.98
809.88,360.00,809.71,362.15
790.00,346.66,792.20,346.41
767.92,374.59,768.60,374.60
809.50,357.85,809.66,360.00
769.09,373.41,769.28,373.51
811.71,302.94,815.56,302.38
768.33,373.21,768.56,373.33
767.98,373.61,768.64,374.14
832.71,383.42,830.22,386.91
768.90,373.50,769.09,373.41
792.30,355.97,793.71,355.97
768.13,373.31,768.33,373.21
768.13,373.31,768.74,373.75
768.13,373.31,767.98,373.61
823.39,413.19,822.53,413.17
814.46,342.37,814.78,342.36
782.28,371.21,780.98,374.63
801.70,358.32,802.36,360.00
783.56,357.86,783.39,360.00
828.14,330.95,828.00,331.18
782.28,371.21,779.21,371.11
800.61,341.01,800.23,339.31
782.28,371.21,780.51,373.10
780.02,375.49,780.34,375.90
824.47,369.41,824.44,369.41
780.02,375.49,779.85,375.74
779.85,375.74,780.34,375.90
780.56,375.61,780.02,375.49
805.39,418.94,805.27,419.69
772.99,377.86,773.20,377.96
808.78,366.08,811.75,366.07
779.66,375.83,780.11,375.99
820.83,366.39,820.43,364.70
831.34,332.71,831.79,332.68
780.16,374.64,780.73,375.16
767.44,383.94,767.63,384.59
803.00,391.44,804.24,390.58
787.08,355.73,789.23,356.21
813.39,395.19,812.32,395.19
819.66,368.00,818.99,366.57
779.30,375.46,779.47,375.73
812.93,350.63,812.31,351.10
805.80,389.51,807.20,389.72
780.83,374.63,780.16,374.64
773.41,383.56,772.43,382.73
779.30,375.46,779.75,375.57
807.86,349.22,809.19,352.04
831.95,331.69,831.79,332.00
803.19,352.57,804.36,352.48
779.67,375.12,779.30,375.46
813.65,349.85,813.63,349.79
801.78,309.04,801.78,319.50
831.34,332.02,831.50,331.71
780.02,373.78,780.85,374.10
815.21,348.81,815.28,348.83
831.50,331.71,831.43,331.68
779.69,374.59,779.19,375.06
779.16,374.60,779.69,374.59
779.85,373.51,780.62,373.33
768.90,374.05,769.05,374.63
820.04,307.57,820.29,307.91
780.41,373.21,780.62,373.33
819.27,362.36,818.44,368.25
779.96,373.61,779.19,374.14
780.41,373.21,779.66,373.41
779.30,373.75,779.96,373.61
820.21,356.49,819.66,357.67
826.00,362.87,826.00,356.74
813.84,362.16,813.33,364.26
780.18,373.31,779.30,373.75
795.21,379.77,792.32,380.44
779.47,373.50,779.30,373.75
780.18,373.31,779.47,373.50
821.42,356.44,823.90,356.39
767.98,373.61,767.85,373.52
782.59,357.85,782.74,360.00
766.97,377.56,766.84,377.70
797.82,349.73,794.52,349.25
808.10,368.03,805.79,368.97
767.91,374.06,767.98,373.61
767.78,374.58,767.77,374.01
820.49,368.92,821.42,369.25
767.91,374.06,767.77,374.01
827.92,331.31,827.98,331.65
820.21,369.19,821.16,369.54
805.79,368.97,804.28,370.26
767.78,374.58,767.91,374.06
818.07,349.68,826.26,350.78
826.11,411.95,825.59,411.21
805.80,389.51,806.03,389.10
781.10,368.68,783.38,368.80
781.10,368.68,781.39,368.80
768.02,375.12,767.92,374.59
768.08,375.66,767.89,375.16
768.08,375.66,768.02,375.12
768.31,376.00,768.20,375.57
768.41,375.88,768.20,375.57
768.56,376.12,768.31,376.00
768.56,376.12,768.41,375.88
806.00,413.70,806.92,413.29
794.02,363.05,794.61,364.48
768.78,376.02,768.56,376.12
805.53,391.16,807.67,391.72
808.46,382.03,806.32,381.91
768.78,376.02,768.64,375.99
814.28,327.52,814.28,327.40
805.47,392.21,807.67,391.72
768.84,375.90,768.64,375.99
792.43,352.84,791.59,354.51
768.95,375.70,768.78,376.02
768.95,375.70,768.84,375.90
805.60,412.48,805.82,412.42
795.12,369.85,795.53,370.81
769.03,375.21,768.95,375.70
805.35,413.19,805.81,413.94
819.33,400.19,820.43,402.17
795.64,370.45,797.34,371.15
769.01,374.63,769.03,375.21
797.34,371.15,799.13,371.58
768.90,374.05,769.01,374.63
786.41,360.00,788.78,361.92
768.95,374.10,769.05,374.63
814.60,403.03,825.20,403.03
768.48,373.22,768.78,373.64
826.38,362.87,826.38,356.56
814.55,309.17,814.84,319.50
768.56,373.33,768.78,373.64
768.56,373.33,768.48,373.22
826.65,333.61,826.44,333.63
801.22,405.13,802.19,405.58
768.33,373.21,768.01,373.20
820.65,368.60,820.61,368.60
768.24,373.10,768.01,373.20
768.33,373.21,768.24,373.10
780.26,373.20,779.96,373.61
780.26,373.20,780.02,373.52
779.79,374.06,779.96,373.61
780.02,373.52,779.96,373.61
779.79,374.06,780.02,373.52
823.91,369.67,824.47,369.63
794.47,371.02,794.96,367.34
779.69,374.59,779.79,374.06
794.33,382.53,794.61,382.44
823.91,369.67,824.58,369.37
794.47,371.02,798.08,367.34
779.69,374.59,779.83,374.01
823.90,369.34,824.58,369.37
768.34,369.81,766.25,383.57
779.73,374.58,779.83,374.01
779.67,375.12,779.69,374.59
822.00,414.98,821.84,415.24
794.23,346.66,796.40,347.07
782.23,377.54,782.28,371.21
788.00,372.92,794.37,373.57
831.34,335.43,831.33,342.60
794.97,346.40,800.12,346.12
768.34,369.81,763.96,381.95
779.73,374.58,779.69,374.59
779.75,375.57,779.67,375.12
779.75,375.57,779.71,375.16
779.79,375.66,779.71,375.16
779.90,375.88,779.75,375.57
792.13,362.15,793.74,356.20
810.76,341.04,810.70,341.78
790.42,358.11,793.08,359.05
779.79,375.66,779.75,375.57
780.11,375.99,779.90,375.88
780.11,375.99,779.96,376.00
826.00,362.87,826.38,356.56
794.00,382.85,794.23,382.76
780.19,376.12,779.96,376.00
780.34,375.90,780.11,375.99
780.19,376.12,780.11,375.99
801.66,350.45,803.19,352.01
780.34,375.90,780.19,376.12
780.56,375.61,780.34,375.90
763.50,382.21,762.18,369.80
780.56,375.61,780.44,376.02
820.83,359.27,819.66,357.67
780.83,374.63,780.73,375.16
783.31,382.78,783.78,378.34
826.58,372.40,826.18,372.38
808.66,339.03,808.95,339.11
790.85,372.17,792.87,373.09
780.83,374.63,780.87,375.21
780.98,374.63,780.87,375.21
792.27,380.45,792.32,380.62
780.85,374.10,780.83,374.63
804.60,417.62,804.97,417.66
792.32,380.44,792.32,380.62
817.22,372.40,817.36,372.39
780.98,374.63,780.83,374.63
783.71,377.81,784.84,377.87
816.96,372.17,817.12,372.16
816.96,362.81,817.12,372.16
780.99,374.06,780.98,374.63
780.77,373.64,780.85,374.10
780.77,373.64,780.99,374.06
817.60,376.66,819.71,376.99
801.65,370.74,801.65,386.37
780.18,373.31,780.26,373.20
806.32,376.19,805.92,376.31
804.70,390.70,803.94,391.02
780.51,373.10,780.74,373.22
780.41,373.21,780.51,373.10
815.28,348.83,813.65,349.85
768.34,384.01,768.60,384.67
829.33,343.60,828.56,343.91
768.21,384.63,769.17,384.71
767.63,384.59,769.17,384.71
831.64,439.75,823.16,448.49
802.94,371.99,804.18,372.02
799.59,369.20,799.18,368.80
767.63,384.59,768.60,384.67
769.31,384.21,768.32,384.40
769.31,384.21,770.64,384.30
780.16,382.59,780.47,378.22
768.41,384.14,769.31,384.21
800.29,398.02,800.33,397.34
766.69,377.34,767.76,377.40
805.89,328.61,806.16,328.89
780.98,374.63,780.99,374.06
770.64,384.30,769.74,384.23
801.70,361.68,801.31,363.32
790.48,379.16,790.83,379.51
769.82,384.74,770.79,384.83
771.08,384.83,772.15,384.68
772.05,384.91,772.15,384.68
809.80,407.59,810.33,406.21
826.65,327.83,826.44,327.81
804.79,371.54,806.55,370.81
823.20,356.32,823.07,356.32
772.15,384.68,771.20,384.60
795.65,337.41,795.85,337.42
811.89,305.26,811.57,304.89
773.63,384.78,772.68,384.70
773.63,384.78,772.68,384.43
773.59,384.50,772.68,384.43
829.58,328.89,829.80,329.34
793.08,359.05,794.06,360.00
793.88,380.51,793.54,379.25
774.04,385.04,775.02,385.12
811.00,356.51,810.44,355.58
793.01,360.00,794.06,360.00
772.75,384.95,775.02,385.12
773.73,385.03,775.02,385.12
819.10,323.62,818.87,323.78
774.04,385.04,775.12,384.89
775.02,385.12,775.12,384.89
775.15,384.61,774.24,384.53
775.15,384.61,774.16,384.80
775.12,384.89,774.16,384.80
789.01,379.24,790.21,378.79
771.20,384.60,772.15,384.68
804.34,395.66,803.91,394.70
816.90,382.84,813.06,385.75
819.57,377.97,816.83,378.26
775.15,384.61,776.71,384.72
824.03,355.79,824.03,358.08
804.34,395.66,802.59,394.33
816.90,382.84,817.15,382.99
827.13,360.91,826.05,365.78
804.18,370.14,804.18,369.13
775.86,385.16,776.84,385.25
808.22,382.28,806.32,381.91
803.23,370.22,804.18,369.13
775.78,384.92,776.84,385.25
775.78,384.92,776.74,385.00
823.97,338.06,823.64,337.93
769.45,377.69,768.78,376.02
777.17,385.26,778.16,385.34
812.88,398.81,811.76,400.73
780.00,383.56,779.41,382.63
779.15,385.26,778.26,385.10
826.40,372.16,824.38,372.10
778.16,385.34,778.26,385.10
825.55,344.03,826.05,343.73
767.63,384.59,768.60,384.67
777.38,384.75,779.84,384.93
801.78,320.32,801.89,320.33
777.38,384.75,778.31,384.83
779.89,385.22,779.99,385.47
834.24,372.63,825.23,372.40
794.47,346.53,796.52,346.25
762.91,369.82,764.84,369.83
800.66,386.28,801.65,386.37
762.18,369.80,764.84,369.83
800.32,386.88,801.65,386.37
823.91,372.39,824.47,369.63
799.84,320.33,799.71,320.39
801.38,386.97,801.65,386.37
826.39,417.04,826.07,417.59
802.65,352.04,802.94,352.40
821.62,401.45,821.17,400.49
779.19,374.14,779.16,374.60
781.34,369.48,780.98,369.20
780.69,369.07,781.39,368.80
789.96,365.57,790.97,367.21
765.63,377.94,765.89,382.20
770.16,383.97,771.28,384.33
781.10,368.68,781.39,368.80
790.73,381.59,812.79,385.73
790.58,378.31,794.04,378.35
820.69,356.20,820.84,355.97
806.71,404.50,809.45,403.71
805.62,357.87,809.71,357.85
831.21,381.44,832.77,381.52
781.75,369.08,781.39,368.80
815.33,342.16,801.38,342.13
783.88,370.42,784.02,371.65
783.52,371.42,784.02,371.65
783.53,370.33,783.52,371.42
793.71,355.97,792.30,355.97
783.88,370.42,783.53,370.33
801.22,405.13,802.11,405.37
801.25,327.72,801.72,327.87
764.29,369.88,764.43,371.05
764.31,369.89,764.43,371.05
764.29,369.88,764.31,369.89
815.48,342.40,815.46,342.36
767.30,383.77,768.41,384.14
764.01,377.56,764.33,377.51
764.29,369.88,764.29,370.83
764.24,369.89,764.29,369.88
817.16,345.32,828.62,344.90
801.18,333.32,801.28,333.12
787.39,369.73,791.97,371.23
806.75,418.83,807.13,418.87
822.00,414.98,821.67,414.57
764.29,370.83,764.43,371.05
822.06,414.54,821.55,413.80
766.55,371.11,764.29,370.83
766.04,370.75,766.32,370.89
827.89,439.04,828.02,439.83
766.04,370.75,769.31,370.98
793.31,360.67,793.66,360.59
821.98,414.09,821.25,413.30
766.32,370.89,766.55,371.11
805.92,376.31,805.56,376.70
821.60,413.77,820.90,413.27
769.31,370.98,766.32,370.89
766.23,382.02,766.44,382.35
772.67,371.30,769.56,371.21
799.13,348.42,799.14,348.01
799.18,373.49,797.12,373.77
772.39,371.08,769.31,370.98
832.29,349.60,830.94,348.76
829.60,350.45,833.03,350.37
812.82,400.73,811.78,401.31
783.18,371.27,783.19,370.24
794.23,373.34,796.40,372.92
765.64,383.49,766.94,384.24
826.03,331.87,825.82,331.87
762.91,368.80,764.24,369.89
801.89,319.51,801.78,319.50
818.01,332.67,817.39,333.02
763.83,377.21,764.85,377.26
763.83,377.21,764.43,371.05
784.28,366.24,785.40,368.08
789.63,378.24,789.73,377.64
766.55,371.11,764.43,371.05
814.70,349.60,813.96,350.37
772.67,371.30,784.02,371.65
814.70,349.60,810.67,350.45
823.82,412.50,822.90,411.98
772.39,371.08,772.67,371.30
814.70,349.60,811.40,349.68
790.83,376.99,790.00,377.10
795.95,358.74,796.55,358.80
772.39,371.08,783.52,371.42
814.28,342.56,814.46,342.37
763.29,368.25,762.91,368.80
763.29,368.42,762.91,368.80
763.29,368.25,763.29,368.42
763.29,368.25,762.90,368.63
808.95,323.64,807.39,320.03
781.10,368.68,763.29,368.25
806.85,437.20,807.52,437.73
800.65,353.15,799.63,353.78
766.37,384.20,767.44,383.94
766.25,383.57,767.44,383.94
793.91,350.18,795.12,350.15
805.63,390.20,807.42,390.59
766.25,383.57,766.37,384.20
808.42,417.04,808.65,417.06
795.53,349.19,793.91,350.18
765.05,382.87,766.25,383.57
766.37,384.20,767.63,384.59
819.78,339.74,820.12,339.75
762.90,368.63,780.69,369.07
793.94,357.85,794.09,358.20
765.64,383.49,766.94,384.24
794.03,357.98,794.09,358.20
801.74,327.52,801.66,327.40
765.07,383.45,766.94,384.24
766.37,384.20,766.94,384.24
769.03,370.84,772.11,370.93
794.03,357.98,794.17,358.30
765.07,383.45,766.37,384.20
763.83,382.49,765.07,383.45
827.84,332.21,828.00,332.04
818.85,371.38,819.28,368.39
828.14,332.30,828.00,332.04
763.83,382.49,765.05,382.87
818.85,371.38,819.85,368.41
828.14,332.30,828.30,331.98
806.45,435.96,806.85,435.62
804.79,348.46,804.59,348.84
810.76,341.04,809.54,341.68
794.17,358.30,794.19,358.65
748.07,368.98,750.20,366.43
767.23,383.38,767.40,383.16
805.26,376.50,805.27,377.32
806.38,436.40,806.85,435.62
767.92,374.59,767.91,374.06
806.25,369.64,804.28,370.26
768.50,384.11,767.23,383.38
764.65,382.36,764.40,382.53
767.33,382.29,767.76,382.11
764.07,382.24,764.65,382.36
814.98,328.22,815.06,328.18
763.50,382.21,764.07,382.24
764.40,382.53,764.07,382.24
763.50,382.21,764.40,382.53
814.28,342.56,814.28,342.69
767.09,384.02,766.94,384.24
767.09,384.02,765.64,383.49
767.09,384.02,765.83,383.29
764.49,382.11,764.65,382.36
803.29,310.51,808.32,309.86
828.74,353.78,829.72,357.86
776.35,384.21,775.07,383.22
763.96,381.95,762.18,369.80
818.49,335.39,818.49,330.84
827.20,337.63,827.13,338.75
793.58,379.10,790.19,379.55
765.83,383.29,764.65,382.36
820.49,380.88,821.01,380.88
807.52,427.12,808.04,427.63
805.18,423.28,805.11,423.72
800.05,370.93,798.25,372.03
765.83,383.29,765.13,382.26
826.86,430.83,826.89,431.32
791.47,366.89,792.67,368.29
815.40,347.55,812.11,347.65
766.08,383.07,765.13,382.26
764.01,377.92,764.49,382.11
802.08,401.32,802.52,401.20
764.33,377.87,764.92,381.94
764.92,381.94,765.13,382.26
764.49,382.11,764.07,382.24
763.61,377.90,764.07,382.24
819.91,339.64,820.43,339.51
801.03,333.79,801.18,333.32
763.61,377.90,764.07,382.24
763.61,377.90,763.50,382.21
762.18,369.80,763.50,382.21
763.61,377.90,762.18,369.80
767.09,384.02,768.32,384.40
806.40,367.67,807.64,366.85
767.09,384.02,768.41,384.14
764.40,382.53,765.64,383.49
815.48,342.40,819.70,342.34
767.30,383.77,767.09,384.02
765.83,383.29,767.09,384.02
829.09,328.53,829.32,329.47
764.40,382.53,765.07,383.45
799.61,344.44,799.49,344.40
767.40,383.16,765.13,382.26
823.02,358.30,823.12,358.70
808.77,366.24,807.64,368.02
764.33,377.87,766.23,382.02
796.81,332.41,797.49,332.41
766.23,382.02,766.05,382.45
764.01,377.56,764.01,377.92
768.34,369.81,764.39,369.83
764.33,377.51,764.01,377.56
768.01,373.20,767.85,373.52
828.64,327.67,828.73,327.80
768.62,383.86,769.74,384.23
768.41,384.14,769.74,384.23
767.30,383.77,768.41,384.14
829.23,330.06,818.49,330.84
799.92,400.19,800.18,397.94
768.62,383.86,767.30,383.77
768.62,383.86,767.40,383.16
766.05,382.45,766.44,382.35
826.46,328.73,826.82,327.95
765.52,377.57,765.63,377.94
765.68,382.34,765.99,382.63
764.33,377.87,764.92,381.94
795.25,334.74,795.68,333.73
765.68,382.34,766.05,382.45
765.89,382.20,766.23,382.02
771.55,384.06,771.28,384.33
800.70,399.00,800.29,398.02
765.40,377.99,765.89,382.20
765.52,377.57,765.36,377.42
764.33,377.51,765.52,377.57
763.61,377.90,764.01,377.92
793.94,347.70,792.10,348.83
821.80,359.15,821.83,358.70
768.95,382.63,768.79,382.39
819.33,325.44,819.10,325.59
770.08,378.17,771.61,378.25
764.13,377.42,764.33,377.51
821.87,359.15,821.90,358.65
768.90,382.82,768.60,382.51
768.62,383.86,769.74,384.50
767.40,383.16,768.62,383.86
767.23,383.38,766.05,382.45
807.67,324.37,824.74,324.37
765.99,382.63,766.05,382.45
783.19,370.24,783.53,370.33
828.98,347.84,828.14,347.83
767.23,383.38,765.99,382.63
825.91,329.02,825.38,329.16
799.99,402.27,799.90,402.17
765.52,377.57,765.63,377.94
814.81,341.53,814.77,341.33
811.57,364.17,810.82,365.40
765.28,377.63,765.52,377.57
811.57,364.17,810.44,364.74
765.40,377.99,765.28,377.63
811.37,365.80,810.36,366.97
766.84,377.70,767.17,377.66
782.12,353.42,781.19,352.06
767.16,378.02,766.84,377.70
816.04,381.59,816.26,382.07
823.89,398.21,824.34,400.28
830.37,354.92,833.43,353.04
766.84,378.07,766.84,377.70
813.83,335.46,813.60,334.63
765.40,377.99,765.89,382.20
790.43,368.39,790.96,368.41
813.67,321.12,813.95,321.15
765.21,377.98,765.68,382.34
773.36,382.49,772.12,383.45
765.89,382.20,765.68,382.34
766.84,378.07,766.47,378.04
811.68,348.93,810.07,349.94
764.13,377.42,764.45,377.37
732.56,366.53,734.90,368.86
765.11,377.47,764.13,377.42
763.65,377.40,764.01,377.56
769.74,384.50,769.82,384.74
828.75,337.38,829.00,336.83
800.25,352.82,801.42,352.33
794.88,337.37,795.26,337.39
768.55,384.35,769.74,384.50
768.50,384.11,767.23,383.38
768.50,384.11,768.55,384.35
797.99,350.21,817.56,351.45
818.46,336.30,815.27,336.30
768.50,383.68,765.99,382.63
767.24,382.71,765.99,382.63
797.99,350.21,816.53,350.21
815.15,333.17,814.81,328.39
768.50,383.68,767.24,382.71
807.44,327.20,807.65,327.18
774.65,384.27,775.78,384.64
818.49,330.84,818.09,335.51
767.33,382.29,766.84,378.07
767.16,378.02,766.84,378.07
822.09,396.52,822.39,395.23
822.01,360.09,822.08,360.31
769.77,377.85,769.76,378.22
822.01,360.09,822.17,360.44
767.16,378.02,768.43,377.72
768.43,377.72,768.26,377.56
767.17,377.66,768.43,377.72
824.11,338.32,823.97,338.06
775.86,385.16,776.84,385.25
766.50,377.54,766.84,377.70
824.11,338.32,823.64,337.93
820.63,378.37,821.02,378.88
738.11,349.44,735.02,351.02
829.23,332.88,828.88,333.02
765.07,377.47,765.21,377.98
738.05,350.51,741.14,350.02
824.36,337.57,828.88,337.32
766.47,378.04,766.84,378.07
820.04,337.39,820.15,335.80
817.15,331.42,816.83,331.25
774.04,385.04,775.02,385.12
800.34,398.72,800.70,399.00
790.85,372.17,790.87,372.27
776.74,385.00,775.78,384.64
765.21,377.98,765.68,382.34
796.22,341.53,795.68,340.93
765.11,377.47,764.13,377.42
764.85,377.26,763.83,377.21
829.40,329.52,829.95,329.84
769.81,384.44,771.08,384.83
769.81,384.44,769.82,384.74
768.55,384.35,769.82,384.74
801.41,337.35,801.45,332.49
769.81,384.44,768.55,384.35
769.81,384.44,767.24,383.60
768.50,383.68,767.24,383.60
794.33,378.26,794.61,378.38
813.86,363.76,813.15,365.49
769.81,384.44,768.50,383.68
767.16,378.02,768.54,378.09
774.24,384.53,775.78,384.64
811.68,348.93,812.75,348.85
826.64,328.80,828.22,328.78
768.26,377.56,768.43,377.72
826.64,328.80,826.99,328.05
768.26,377.56,768.18,377.77
793.66,357.70,794.54,357.85
820.65,389.14,819.32,388.85
808.00,426.45,807.93,426.89
813.06,385.75,815.35,395.75
773.41,383.56,771.87,383.46
768.30,378.14,768.43,377.72
806.07,375.94,805.92,376.31
768.18,377.77,768.43,377.72
805.85,432.03,806.21,431.32
821.94,389.72,823.14,390.59
807.93,425.99,808.00,426.45
791.97,371.23,792.10,371.16
813.06,385.75,815.12,395.84
767.30,383.77,766.08,383.07
768.26,377.56,767.29,377.51
822.38,357.62,822.61,357.54
817.28,341.51,815.81,341.59
810.07,349.94,810.67,350.45
768.26,377.56,766.97,377.56
805.31,400.54,805.32,398.27
811.40,349.68,810.67,350.45
768.00,377.61,766.97,377.56
806.49,436.45,806.85,437.20
818.25,341.47,819.06,342.71
794.47,373.47,796.82,372.69
822.17,399.44,822.50,400.80
821.18,359.57,821.93,360.00
777.22,378.02,777.59,377.70
766.47,378.04,765.21,377.98
806.64,418.08,806.46,418.34
795.24,355.84,796.24,357.51
820.29,339.25,820.23,338.89
765.07,377.47,766.47,378.04
766.50,377.54,765.07,377.47
818.80,425.66,826.94,425.67
769.96,384.21,771.20,384.60
771.08,384.83,771.20,384.60
769.96,384.21,771.08,384.83
769.81,384.44,771.08,384.83
769.81,384.44,769.96,384.21
768.50,383.68,769.81,384.44
767.50,382.54,767.97,382.45
790.14,380.33,791.01,380.71
768.30,378.14,768.18,377.77
797.95,346.29,800.21,346.20
818.82,379.55,818.77,380.33
767.99,377.61,768.18,377.77
790.14,380.33,791.24,380.74
768.30,378.14,767.99,377.61
793.40,380.34,791.24,380.74
768.13,378.12,767.99,377.61
768.30,378.14,768.13,378.12
768.00,377.61,766.97,377.56
768.00,377.61,766.69,377.34
767.76,377.40,766.69,377.34
768.00,377.61,767.76,377.40
770.16,383.97,771.28,384.33
815.04,395.06,815.21,393.46
805.47,392.21,805.27,392.31
769.96,384.21,771.28,384.33
819.70,332.37,820.16,332.65
769.96,384.21,771.20,384.60
776.87,382.71,776.97,382.29
768.68,383.48,768.94,383.26
768.68,383.48,770.16,383.97
822.61,360.75,822.68,360.52
769.96,384.21,770.16,383.97
768.68,383.48,769.96,384.21
771.06,377.77,771.33,377.71
811.83,365.57,810.82,367.21
769.35,382.53,769.14,382.20
788.90,360.00,789.06,361.90
767.40,383.16,766.44,382.35
777.22,378.02,777.34,377.66
792.11,378.95,792.26,379.66
768.79,382.39,769.14,382.20
771.47,384.55,772.75,384.95
809.93,369.81,808.28,371.23
768.79,382.39,768.30,378.14
771.47,384.55,774.04,385.04
768.79,382.39,768.13,378.12
771.55,384.06,770.16,383.97
791.24,380.74,791.29,381.10
771.55,384.06,768.94,383.26
770.32,383.35,768.94,383.26
795.08,379.17,795.21,379.77
791.24,380.74,793.45,380.99
795.62,352.83,794.74,354.33
771.55,384.06,770.32,383.35
770.32,383.35,769.35,382.53
770.14,383.58,769.35,382.53
769.77,377.85,770.09,377.80
791.02,371.31,787.53,370.75
809.97,350.24,809.57,351.32
783.45,355.75,783.63,355.78
818.42,362.82,818.08,362.82
801.77,352.68,802.04,352.85
794.61,378.38,794.87,378.69
769.31,384.21,768.41,384.14
821.93,360.00,822.08,360.31
768.60,382.51,768.79,382.39
818.09,335.51,817.15,333.31
801.86,350.29,802.28,349.85
780.27,363.49,779.71,360.00
804.26,348.05,804.18,349.85
767.99,377.61,768.13,378.12
769.45,377.69,769.41,378.19
817.41,378.69,817.63,379.17
772.68,384.70,772.68,384.43
771.55,384.06,772.68,384.70
771.43,384.31,772.68,384.70
767.76,377.40,767.99,377.61
770.32,383.35,771.55,384.06
817.39,376.40,817.84,376.57
770.14,383.58,770.32,383.35
822.47,360.59,822.68,360.52
768.90,382.82,768.95,382.63
769.88,382.59,768.60,382.51
825.26,340.81,833.05,342.10
764.07,382.24,764.40,382.53
793.86,360.52,794.03,360.32
769.41,378.19,768.13,378.12
769.45,377.69,769.41,378.19
769.77,377.85,770.09,377.80
771.47,384.55,772.75,384.95
771.43,384.31,772.68,384.70
822.85,357.62,823.05,357.85
770.15,383.80,770.14,383.58
766.94,382.41,766.84,378.07
771.47,384.55,770.15,383.80
763.61,377.90,764.49,382.11
798.55,343.45,798.98,342.76
770.17,382.90,768.60,382.51
814.54,319.51,813.95,320.32
831.34,335.43,831.22,334.98
828.64,327.67,829.09,328.53
804.59,371.15,806.29,370.45
822.28,343.11,823.09,342.19
769.63,377.49,769.45,377.69
770.08,378.17,770.09,377.80
816.14,381.56,816.92,382.45
769.76,378.22,769.77,377.85
829.22,344.33,825.81,344.45
771.33,377.71,770.21,377.66
771.06,377.77,769.89,377.71
770.15,383.80,768.90,382.82
823.12,337.26,824.35,333.57
809.93,350.19,811.35,351.84
771.43,383.88,768.90,382.82
770.17,382.90,768.90,382.82
819.31,378.22,819.25,378.31
808.89,356.08,809.35,358.01
827.68,435.32,827.20,436.12
828.70,346.37,819.28,346.64
770.26,382.48,770.08,378.17
807.86,381.59,807.50,381.19
791.02,371.31,791.10,370.87
771.06,377.77,769.89,377.71
809.88,360.00,809.71,362.15
771.06,377.77,769.63,377.49
815.93,396.58,816.70,396.84
771.24,377.93,771.50,377.87
771.24,377.93,771.33,377.71
826.64,332.67,826.51,332.67
802.13,362.04,799.78,355.34
823.16,448.49,820.44,445.35
812.06,406.79,809.80,407.59
769.58,374.64,769.54,375.10
777.51,360.00,730.98,356.57
824.01,398.22,824.34,400.28
829.43,353.10,833.43,353.04
816.90,382.84,817.15,382.99
823.18,332.30,822.43,332.10
772.76,384.64,774.04,385.04
823.18,332.30,821.75,332.10
772.76,384.64,771.47,384.55
793.07,359.59,793.16,360.00
824.65,405.09,824.85,405.00
819.28,368.39,819.85,368.41
771.43,383.88,770.42,382.73
802.81,372.12,804.69,371.67
832.17,439.60,831.77,440.40
808.77,366.24,807.64,368.08
774.57,384.76,775.86,385.16
771.24,377.93,771.06,377.77
771.61,378.25,771.50,377.87
824.38,353.49,823.99,353.72
771.86,382.58,772.22,382.39
815.83,333.27,815.59,333.02
764.01,377.56,763.61,377.90
771.36,378.30,771.24,377.93
819.71,382.24,820.09,381.87
772.91,384.41,774.16,384.80
772.76,384.64,774.04,385.04
802.79,361.74,826.02,364.52
771.62,383.67,772.76,384.64
798.37,396.58,799.29,396.68
802.79,361.74,826.02,361.85
771.99,380.65,770.99,381.65
794.37,373.57,796.60,373.64
797.92,395.84,798.18,396.48
771.62,383.67,771.43,383.88
771.36,378.30,771.08,377.76
765.99,382.63,765.68,382.34
773.11,384.17,774.24,384.53
767.24,382.71,765.68,382.34
772.91,384.41,774.24,384.53
767.24,382.71,766.94,382.41
819.48,335.80,820.15,335.80
772.91,384.41,774.16,384.80
771.62,383.67,771.87,383.46
771.62,383.67,773.11,384.17
830.64,345.79,826.28,344.88
772.43,382.73,772.22,382.39
774.73,383.88,774.54,384.09
792.11,378.95,792.26,379.66
772.03,382.83,772.22,382.39
792.11,378.95,792.21,379.63
772.03,382.83,771.86,382.58
771.86,382.58,771.36,378.30
823.36,359.15,823.33,359.64
831.30,346.84,832.42,346.82
770.08,378.17,770.09,377.80
792.36,377.39,795.91,377.42
770.08,378.17,771.50,377.87
792.36,377.39,792.07,377.24
771.08,377.76,772.53,378.34
763.50,382.21,763.96,381.95
823.79,339.12,823.73,339.18
772.56,377.84,771.08,377.76
797.29,371.54,799.14,371.99
772.86,378.01,772.99,377.86
820.30,378.00,820.75,378.29
800.45,408.58,800.46,404.11
798.52,371.58,800.37,372.02
817.18,343.99,816.64,344.55
825.91,334.85,825.38,334.70
772.56,377.84,772.75,377.64
769.58,374.64,769.54,375.10
817.77,344.33,817.53,343.60
780.13,375.10,780.56,375.61
831.50,333.02,831.95,332.98
774.20,377.92,773.97,377.69
793.04,380.86,793.36,381.22
768.41,375.88,768.64,375.99
777.65,384.74,778.92,385.13
774.34,378.08,774.16,377.92
786.01,370.93,797.29,371.42
737.96,349.59,741.34,349.05
765.28,377.63,765.07,377.47
796.80,384.07,794.61,370.68
796.04,384.18,794.61,370.68
797.82,395.75,798.05,396.34
818.49,330.84,818.49,335.39
767.33,382.29,767.16,378.02
774.65,384.27,774.24,384.53
797.82,395.75,798.18,396.48
774.65,384.27,771.87,383.46
769.43,373.78,768.95,374.10
816.65,348.24,816.26,348.21
777.70,384.98,778.92,385.13
772.03,382.83,771.86,382.58
765.21,377.98,765.89,382.20
771.22,378.28,771.69,382.70
810.04,364.22,809.22,366.20
810.86,352.86,810.45,353.11
793.04,359.15,793.07,358.70
774.34,378.08,774.58,378.03
805.65,332.84,805.84,332.86
774.41,377.87,773.32,377.81
808.58,430.42,808.65,430.88
808.13,365.76,807.09,367.46
830.64,345.79,831.70,345.69
818.84,325.35,818.64,325.49
773.19,378.33,773.20,377.96
772.53,378.34,772.56,377.84
772.72,381.95,774.10,369.81
811.75,366.07,810.75,366.69
772.86,378.01,772.56,377.84
772.53,378.34,772.86,378.01
826.98,372.41,826.58,372.40
777.04,371.05,777.16,369.89
772.86,378.38,772.86,378.01
825.81,344.45,825.55,344.03
821.01,342.19,821.69,342.19
774.46,378.46,774.34,378.08
827.79,360.71,827.70,355.57
817.52,378.33,817.99,378.47
744.45,370.02,747.00,368.07
794.61,370.68,774.35,378.43
794.61,370.68,796.04,384.18
774.52,384.52,773.41,383.56
808.77,353.76,809.60,355.75
773.24,384.00,771.97,383.02
826.29,329.74,826.51,328.80
822.43,356.33,823.52,356.33
771.97,383.02,771.69,382.70
819.69,324.00,819.33,323.74
774.46,378.46,774.34,378.08
808.65,366.53,808.79,367.43
779.44,370.89,777.49,370.83
779.21,371.11,777.04,371.05
778.51,377.56,778.63,377.72
805.59,389.87,804.23,390.67
796.17,384.58,774.82,382.89
793.16,360.00,793.30,360.31
796.04,384.18,774.82,382.89
803.19,367.43,805.02,367.14
782.54,370.98,779.44,370.89
796.17,384.58,796.04,384.18
762.10,374.89,762.20,380.73
796.80,384.07,798.02,385.10
796.17,384.58,798.02,385.10
830.07,344.04,829.38,343.51
820.61,357.07,820.78,357.07
799.35,385.87,800.66,386.28
800.32,386.88,800.66,386.28
830.07,344.04,829.33,343.60
820.61,357.07,820.78,368.61
799.35,385.87,800.32,386.88
771.24,377.93,770.85,377.54
774.57,384.76,775.78,384.92
774.52,384.52,775.78,384.92
818.78,324.08,818.70,324.15
774.52,384.52,773.23,383.78
774.52,384.52,773.24,384.00
819.48,381.04,818.58,381.54
820.56,320.42,820.35,319.70
816.33,344.44,815.06,341.91
810.37,364.52,811.06,363.41
773.80,382.49,773.19,378.33
773.24,384.00,771.97,383.02
775.32,382.59,773.19,378.33
820.91,357.07,821.99,357.07
774.54,384.09,771.97,383.02
820.91,357.07,821.99,368.61
774.54,384.09,773.26,383.10
817.53,343.60,817.22,344.04
824.55,324.14,824.88,324.43
780.44,368.25,780.08,368.42
768.41,375.88,768.31,376.00
817.48,343.51,817.18,343.99
802.82,336.99,813.87,344.31
775.01,369.80,774.10,369.81
773.31,382.67,772.86,378.38
808.98,323.87,822.62,323.87
799.54,369.07,799.13,368.68
774.70,378.41,774.58,378.03
815.21,348.81,813.63,349.79
810.34,381.85,808.25,381.74
768.84,375.90,768.78,376.02
810.15,389.31,812.07,390.09
773.71,381.94,774.05,382.11
813.59,344.19,814.46,344.45
806.74,388.87,806.86,388.85
770.82,384.20,769.24,383.94
775.13,383.03,774.82,382.89
769.01,374.63,769.07,375.16
774.74,377.90,773.70,382.21
794.34,361.44,794.67,362.84
828.97,366.23,828.54,368.13
797.53,385.63,796.17,384.58
817.63,379.17,817.77,379.77
818.72,324.65,818.64,324.65
781.46,382.83,781.62,382.58
798.95,386.45,797.53,385.63
781.46,382.83,781.99,382.70
798.95,386.45,798.02,385.10
809.24,350.72,809.99,349.89
774.02,382.83,773.80,382.49
798.95,386.45,779.00,385.38
772.12,383.45,771.40,384.24
798.95,386.45,800.32,386.88
818.78,325.21,818.64,324.65
820.89,378.95,817.77,379.77
815.35,354.02,814.66,355.75
775.87,384.85,775.86,385.16
818.78,325.21,818.72,324.65
820.89,378.95,821.06,379.66
827.21,345.90,826.28,344.88
775.87,384.85,774.57,384.76
775.87,384.85,773.24,384.00
819.02,354.33,819.43,355.97
774.02,382.83,773.80,382.49
774.02,382.83,773.31,382.67
773.52,382.93,773.31,382.67
799.53,324.64,799.58,324.20
794.74,354.33,793.74,356.20
775.32,382.59,774.70,378.41
770.26,382.48,769.76,378.22
774.97,382.78,775.32,382.59
773.26,383.10,773.00,382.78
775.13,383.03,774.97,382.78
773.52,382.93,773.31,382.67
776.34,383.99,775.13,383.03
790.86,356.26,790.42,358.11
828.23,355.30,828.33,355.15
789.81,356.37,789.06,358.10
798.95,386.45,777.70,384.98
798.95,386.45,776.35,384.21
777.70,384.98,779.00,385.38
825.10,367.30,825.18,366.89
786.09,350.03,784.18,349.07
815.15,337.31,814.54,333.85
786.93,355.71,786.42,357.83
775.87,384.85,777.17,385.26
807.08,319.76,807.23,319.92
774.73,383.88,776.03,384.63
774.73,383.88,775.87,384.85
802.28,372.17,804.18,372.02
777.49,370.83,777.49,369.88
775.00,383.66,773.52,382.93
800.05,349.07,800.18,349.00
796.25,350.03,797.75,350.95
826.97,344.66,827.99,345.79
796.87,380.43,793.53,380.43
809.99,349.89,797.70,350.20
774.73,383.88,773.52,382.93
777.65,384.74,776.34,383.99
777.65,384.74,776.35,384.21
777.76,384.48,778.92,385.13
800.22,366.57,798.69,367.59
804.69,348.33,806.47,349.07
814.46,344.45,815.10,344.03
809.21,323.78,822.19,323.78
776.03,384.63,777.29,385.02
817.62,380.49,817.95,380.38
811.50,442.19,812.49,442.05
804.59,348.84,806.29,349.55
817.77,344.33,814.46,344.45
774.73,383.88,775.00,383.66
774.73,383.88,776.24,384.38
801.38,386.97,779.99,385.47
775.00,383.66,774.02,382.83
776.51,383.76,775.53,382.93
822.69,404.85,822.38,403.43
816.48,332.37,815.80,332.14
828.03,331.37,827.98,330.72
813.37,360.95,813.13,361.54
776.51,383.76,777.76,384.48
799.94,366.08,802.03,365.31
785.16,382.89,785.63,378.43
821.52,441.73,829.81,441.46
828.17,331.95,828.03,331.37
796.22,333.05,797.51,332.10
813.87,363.74,812.77,363.05
776.34,383.99,776.51,383.76
828.99,330.65,828.17,331.95
813.13,365.53,813.15,365.49
777.65,384.74,776.34,383.99
805.91,333.49,806.00,333.61
776.24,384.38,777.38,384.75
806.00,333.61,805.57,332.75
777.76,384.48,775.00,383.66
797.90,360.92,797.47,360.91
769.24,383.94,768.34,384.01
797.90,360.92,799.92,360.92
828.04,324.16,824.88,324.43
769.24,383.94,768.60,384.67
827.35,360.91,826.56,361.99
809.56,439.64,809.69,438.89
805.02,367.14,806.17,367.42
795.52,355.57,795.45,355.56
784.87,376.12,784.34,376.39
820.38,308.32,820.38,318.83
769.56,384.59,768.60,384.67
817.39,382.80,817.84,382.67
769.56,384.59,769.17,384.71
797.47,355.17,799.92,355.14
790.97,376.39,791.58,376.29
770.14,384.63,769.17,384.71
770.14,384.63,769.27,384.48
770.21,384.40,769.27,384.48
793.93,365.91,793.53,360.75
777.16,369.89,777.04,371.05
786.93,364.29,787.91,366.26
792.00,362.36,791.23,368.25
768.01,373.20,768.13,373.31
775.76,369.82,777.16,369.89
784.86,366.25,788.90,368.16
828.16,353.39,828.74,353.78
801.68,394.58,802.20,394.01
810.81,354.62,812.17,355.53
790.23,365.51,790.51,365.32
790.78,377.86,790.89,377.97
807.81,349.15,809.44,350.15
785.31,377.94,784.07,377.04
770.22,384.14,769.31,384.21
785.31,377.94,784.41,376.70
819.07,333.77,819.56,333.98
770.22,384.14,770.64,384.30
771.55,384.23,770.64,384.30
811.35,351.84,811.37,351.89
828.40,332.40,828.68,332.69
788.63,360.00,789.38,361.83
826.07,331.62,826.67,331.61
797.13,355.35,795.29,360.71
771.76,384.74,770.79,384.83
826.92,327.26,827.64,327.07
802.37,372.10,804.18,370.14
814.28,327.52,814.46,327.67
771.76,384.74,772.05,384.91
773.03,384.83,772.05,384.91
772.19,384.41,771.28,384.33
821.89,333.73,822.47,333.05
821.89,333.73,821.69,332.41
772.19,384.41,771.20,384.60
792.44,380.35,792.09,379.24
821.02,333.18,821.69,332.41
773.10,384.33,772.19,384.41
822.26,323.64,814.59,324.33
774.50,384.43,773.59,384.50
814.31,308.40,814.49,308.76
774.58,384.70,773.63,384.78
802.88,395.51,803.20,396.24
798.89,325.21,799.08,325.60
793.47,380.49,793.88,380.51
819.33,325.44,819.24,325.73
776.00,385.04,775.02,385.12
775.12,384.89,775.02,385.12
817.42,382.15,817.14,382.44
830.67,361.88,829.62,362.08
823.90,394.70,822.76,398.08
813.06,345.90,812.39,346.96
807.87,351.23,807.56,351.84
828.10,353.31,828.69,353.71
776.08,384.80,775.12,384.89
776.08,384.80,775.12,384.89
776.07,384.53,775.15,384.61
776.07,384.53,775.15,384.61
788.78,361.92,789.23,363.79
776.71,384.72,775.15,384.61
776.74,385.00,776.71,384.72
821.62,401.45,823.55,402.52
777.70,384.92,776.74,385.00
823.96,401.60,823.41,402.17
818.09,330.57,817.15,331.42
816.96,340.79,816.45,340.64
813.87,336.33,819.78,338.03
777.70,384.92,776.84,385.25
824.12,392.31,822.63,391.26
804.41,398.26,804.24,396.15
793.16,382.30,793.40,382.03
779.22,385.02,778.26,385.10
732.56,353.47,730.98,356.57
793.16,382.30,792.63,381.72
801.33,404.74,802.24,404.49
828.69,333.26,828.25,333.76
779.22,385.02,778.31,384.83
792.44,381.77,792.63,381.72
803.31,396.71,803.37,396.74
805.50,305.10,805.86,304.77
806.34,333.95,806.36,333.82
779.24,384.75,778.31,384.83
790.97,367.21,791.47,366.89
814.31,358.11,814.46,360.00
828.39,327.47,828.83,327.91
779.24,384.75,778.31,384.83
828.39,327.47,828.25,327.47
779.24,384.75,779.84,384.93
820.83,366.39,820.43,364.70
798.08,367.34,794.96,367.34
780.77,384.85,779.84,384.93
802.99,395.34,802.98,392.78
828.45,327.65,829.02,328.44
816.64,331.30,816.15,331.30
826.83,372.39,824.57,370.13
814.81,341.77,814.61,342.26
780.86,385.13,779.99,385.47
816.31,380.06,816.55,380.88
814.66,341.75,814.61,342.26
780.99,385.38,779.99,385.47
780.99,385.38,779.99,385.47
802.43,386.88,801.38,386.97
802.43,386.88,801.38,386.97
802.43,386.88,801.65,386.37
828.16,347.65,828.98,347.84
799.63,366.22,799.94,366.08
807.77,353.30,808.78,353.92
799.05,348.24,799.20,348.21
801.54,324.33,801.29,324.66
797.19,370.42,797.30,370.33
819.25,378.31,818.99,378.86
815.96,440.03,810.29,426.13
806.55,349.19,807.86,350.51
823.71,353.52,823.40,354.20
798.57,399.99,798.94,401.83
827.21,372.18,834.42,372.40
784.21,349.00,788.44,348.88
805.83,389.34,804.13,390.42
797.19,370.42,797.29,371.42
811.37,351.89,810.82,352.79
775.00,383.66,774.02,382.83
777.49,370.83,777.04,371.05
810.32,302.38,806.51,302.94
767.91,374.06,768.60,374.60
771.33,383.77,770.22,384.14
777.84,369.89,777.49,369.88
826.95,344.71,826.97,344.66
799.61,320.87,799.49,344.40
779.21,371.11,777.49,370.83
820.16,332.65,820.50,331.43
809.51,360.00,809.35,361.98
779.72,370.75,779.44,370.89
827.21,353.45,834.42,353.33
816.80,340.85,816.45,340.64
766.66,381.94,765.40,382.32
800.74,347.93,802.79,347.84
829.38,343.51,830.18,343.99
798.89,325.21,799.09,325.13
794.19,359.64,794.09,360.09
782.28,371.21,779.44,370.89
820.38,308.32,820.38,318.83
791.06,368.26,790.96,368.41
808.67,353.78,807.77,353.30
801.30,337.10,800.64,335.30
809.35,358.01,809.51,360.00
782.28,371.21,779.21,371.11
785.74,371.08,782.54,370.98
802.01,392.70,803.15,391.80
768.33,373.21,769.09,373.41
785.45,371.30,782.54,370.98
781.72,383.02,781.99,382.70
814.57,347.73,815.28,348.83
782.28,371.21,782.54,370.98
805.52,320.08,805.69,320.03
773.70,382.21,773.36,382.49
785.45,371.30,782.28,371.21
826.80,372.17,826.40,372.16
793.68,350.07,792.22,351.32
816.32,344.14,816.73,343.85
767.87,381.33,766.78,382.10
801.80,350.39,803.19,352.01
814.55,347.58,814.53,347.76
798.97,369.08,797.53,370.24
813.63,349.79,815.21,348.81
797.52,371.27,798.97,369.08
820.15,362.29,819.99,362.45
783.26,352.09,782.12,353.42
817.77,344.33,818.03,343.91
797.52,371.27,799.38,369.48
826.38,344.19,826.39,344.14
825.54,325.32,826.13,325.83
771.40,384.24,770.21,384.40
805.08,332.61,804.83,331.95
780.47,368.80,777.84,369.89
807.77,366.70,810.75,366.69
780.47,368.80,777.84,370.69
775.10,377.21,775.76,369.82
775.10,377.21,776.14,377.26
771.55,384.23,770.69,384.58
779.66,373.41,779.85,373.51
779.21,371.11,777.04,371.05
773.70,382.21,772.72,381.95
785.45,371.30,782.43,377.76
734.90,368.86,737.93,370.02
805.89,328.61,806.04,328.36
785.60,377.92,808.14,370.68
797.29,371.42,797.07,371.65
797.52,371.27,797.29,371.42
823.76,340.46,823.84,340.17
785.52,354.24,784.06,355.78
780.44,368.25,780.47,368.80
772.22,382.39,770.08,378.17
817.48,343.51,817.53,343.60
780.83,368.63,780.47,368.80
800.13,401.12,800.80,409.33
823.71,371.27,823.28,370.46
807.64,351.92,808.77,353.76
824.78,340.17,824.36,340.46
783.63,355.78,783.37,356.87
823.05,360.44,830.92,364.63
799.54,369.07,780.44,368.25
775.52,377.42,775.64,377.57
771.62,382.87,770.42,383.57
780.85,374.10,780.13,374.18
773.26,383.10,771.69,382.70
772.12,383.45,770.42,383.57
819.28,368.39,819.17,368.25
812.98,423.32,815.34,422.74
809.60,355.75,809.48,356.87
813.02,344.71,813.98,344.88
799.57,325.56,799.68,325.44
771.40,384.24,770.14,384.63
771.40,384.24,769.56,384.59
772.70,383.49,771.40,384.24
773.36,382.49,772.12,383.45
805.36,389.67,804.13,390.42
773.20,377.96,773.32,377.81
799.99,347.19,800.21,347.09
777.84,369.89,777.49,370.83
771.33,383.77,772.54,383.07
773.94,382.53,772.12,383.45
798.19,337.26,798.98,331.66
829.04,347.68,816.76,348.07
773.20,377.96,774.41,377.87
771.33,383.77,772.71,383.29
773.94,382.53,772.70,383.49
830.65,344.55,830.07,344.04
794.54,360.44,794.03,360.32
815.57,345.65,819.28,346.64
772.72,381.95,771.62,382.87
821.42,369.25,823.90,369.34
767.98,373.61,767.91,374.06
779.19,374.14,779.79,374.06
803.79,409.98,801.95,409.81
828.53,328.42,828.99,328.53
779.66,374.62,780.13,374.18
801.97,350.96,800.57,351.29
784.14,360.00,784.29,361.98
800.18,349.00,801.80,350.39
773.70,382.21,773.94,382.53
785.98,347.97,786.03,347.89
763.36,376.56,764.00,375.31
787.39,350.26,790.31,350.19
803.33,399.70,803.49,398.21
826.98,353.22,834.23,353.10
826.38,344.19,826.07,343.63
771.40,384.24,770.14,384.63
789.12,379.91,789.99,379.91
825.10,358.30,825.18,358.71
802.94,352.40,804.15,352.31
786.42,357.83,786.25,360.00
771.44,384.02,772.71,383.29
824.30,432.44,823.49,432.74
801.16,339.03,800.77,337.10
813.03,361.90,812.12,363.62
772.70,383.49,772.71,383.29
771.44,384.02,772.70,383.49
775.13,383.03,775.32,382.59
771.40,384.24,772.70,383.49
800.65,356.59,800.20,357.68
812.32,359.05,812.49,359.05
774.05,382.11,773.89,382.36
768.95,382.63,769.14,382.20
811.37,368.11,810.82,367.21
817.22,372.40,826.58,372.40
747.29,360.00,742.34,361.61
771.93,379.35,771.99,380.65
786.00,351.97,785.52,354.24
773.70,382.21,775.01,369.80
772.54,383.07,773.50,382.26
824.30,337.10,824.35,335.30
805.22,371.14,808.28,371.23
773.19,378.33,773.20,377.96
773.89,382.36,773.50,382.26
827.85,342.34,833.30,341.71
777.64,378.04,777.46,378.07
772.71,383.29,773.89,382.36
774.54,377.92,773.71,381.94
774.54,377.92,774.05,382.11
783.88,370.42,785.36,370.42
795.59,379.50,795.91,379.45
800.77,346.93,802.76,347.75
816.96,346.19,828.71,346.92
773.71,381.94,774.84,382.35
817.02,379.09,816.04,379.09
774.54,377.92,774.05,382.11
774.74,377.90,775.01,369.80
774.74,377.90,774.27,382.24
771.44,384.02,770.22,384.14
817.56,351.45,818.17,352.83
775.58,382.63,776.87,382.71
773.88,383.16,773.50,382.26
774.31,377.87,775.05,382.02
775.49,382.20,775.33,382.45
798.19,337.26,796.69,342.04
804.34,369.14,804.18,369.13
802.03,394.84,801.46,395.47
775.49,382.20,775.90,382.34
775.05,382.02,775.33,382.45
775.05,382.02,774.84,382.35
829.12,336.79,829.12,326.35
774.31,377.87,774.42,377.51
774.31,377.87,774.66,377.56
774.54,384.09,773.26,383.10
816.53,347.09,800.21,347.09
771.33,383.77,771.55,384.23
772.67,383.86,771.55,384.23
774.73,383.88,773.52,382.93
829.84,335.94,828.88,337.32
772.67,383.86,773.88,383.16
772.67,383.86,772.54,383.07
793.67,379.22,796.72,380.06
804.18,370.14,804.34,369.79
777.64,378.04,777.46,378.07
775.64,377.57,775.65,377.94
775.64,377.57,774.31,377.87
776.35,384.21,775.07,383.22
775.64,377.57,774.31,377.87
774.42,377.51,774.31,377.87
774.23,383.97,773.10,384.33
818.56,378.49,818.27,378.38
775.65,377.94,775.05,382.02
768.21,384.63,769.27,384.48
800.97,395.98,800.84,396.17
775.49,382.20,775.05,382.02
798.60,343.51,799.71,344.89
774.42,377.51,775.64,377.57
774.42,377.51,775.52,377.42
774.42,377.51,774.58,377.37
777.83,382.53,778.04,382.20
828.39,327.47,829.23,328.36
774.66,377.56,774.54,377.92
819.33,325.44,818.84,325.35
785.60,377.92,785.40,377.69
796.17,384.58,797.53,385.63
774.58,377.37,774.42,377.51
809.54,335.94,811.58,336.79
772.67,383.86,771.63,384.50
772.67,383.86,771.55,384.23
766.84,377.70,767.17,377.66
777.28,384.64,778.61,383.88
774.33,383.60,775.58,382.63
797.76,371.74,794.48,371.18
774.15,383.38,775.58,382.63
797.76,371.74,797.60,371.18
777.33,384.41,777.28,384.64
774.15,383.38,775.33,382.45
815.45,344.02,804.75,344.02
775.98,377.99,775.97,377.63
775.98,377.99,775.64,377.57
777.46,378.07,777.59,377.70
796.80,384.07,795.52,370.74
813.86,363.76,814.31,361.89
831.70,345.69,831.30,346.84
826.99,333.38,828.22,332.61
776.36,377.98,775.90,382.34
827.42,333.82,826.99,333.38
775.98,377.99,775.49,382.20
819.33,380.85,819.16,381.05
801.42,342.26,801.75,342.24
775.83,384.31,775.98,384.55
776.97,382.29,777.46,378.07
775.52,377.42,775.84,377.47
775.52,377.42,774.84,377.42
785.17,377.92,783.97,377.86
794.41,370.97,795.09,371.38
801.05,398.24,801.36,400.31
773.02,384.35,771.63,384.50
815.99,344.05,816.27,345.00
774.33,383.60,773.02,384.35
825.40,365.77,825.67,365.77
821.42,356.44,820.49,356.76
774.15,383.38,774.33,383.60
772.87,384.11,774.15,383.38
777.70,384.92,777.63,384.64
776.87,382.71,777.17,382.41
807.31,432.13,807.19,432.87
818.41,382.15,817.14,382.44
776.81,382.54,776.97,382.29
780.00,383.56,780.26,383.78
814.66,333.12,801.28,333.12
778.76,384.27,777.63,384.64
776.97,382.29,777.46,378.07
823.33,362.82,826.32,362.48
814.66,333.12,801.25,333.26
778.76,384.27,776.07,384.53
776.97,382.29,777.22,378.02
823.17,362.48,826.32,362.48
814.63,333.26,801.25,333.26
777.20,384.17,776.07,384.53
776.62,382.11,777.22,378.02
824.15,335.18,801.16,335.18
778.64,378.09,778.63,377.72
799.61,320.87,799.84,320.33
804.34,369.14,803.39,369.20
778.96,384.52,778.76,384.27
777.22,378.02,778.63,377.72
810.07,349.94,809.36,350.72
797.60,371.18,797.59,371.02
807.02,337.57,806.70,337.92
777.34,377.66,778.63,377.72
777.34,377.66,778.51,377.56
827.81,329.99,827.97,329.32
777.77,377.56,777.59,377.70
818.13,378.36,817.14,378.36
780.78,377.71,780.60,377.85
827.81,329.99,828.03,330.06
777.77,377.56,777.34,377.66
776.33,377.47,775.98,377.99
825.91,329.02,829.08,329.77
809.03,435.97,808.91,435.19
816.61,306.56,816.25,306.34
794.22,347.86,748.07,351.02
811.51,357.68,811.79,358.82
777.59,377.70,777.78,377.54
775.97,377.63,775.98,377.99
777.78,377.54,777.64,378.04
818.41,378.68,817.42,378.68
813.37,360.95,812.32,360.95
797.78,371.89,797.94,371.86
800.31,337.41,800.44,335.56
775.84,377.47,775.97,377.63
797.78,371.89,797.76,371.74
809.54,340.41,810.70,340.29
775.84,377.47,776.14,377.26
791.24,362.29,791.66,363.20
775.84,377.47,775.10,377.21
810.00,338.78,810.31,339.11
789.04,368.11,792.22,368.67
773.02,384.35,771.76,384.74
812.77,363.05,813.13,361.54
774.30,384.44,771.76,384.74
827.21,345.90,831.30,346.84
817.24,378.63,816.53,378.33
812.06,406.79,814.89,421.49
775.61,383.68,776.81,382.54
783.45,355.75,783.18,356.87
817.24,378.63,816.25,378.63
776.41,382.45,776.97,382.29
797.34,371.15,797.29,371.54
771.20,384.60,771.28,384.33
774.33,383.60,775.58,382.63
776.07,384.53,777.63,384.64
777.12,383.58,778.31,382.63
778.04,382.20,777.22,378.02
808.32,309.86,808.33,318.84
799.13,371.58,798.98,372.12
778.04,382.20,778.64,378.09
774.35,384.21,773.10,384.60
816.33,344.44,814.83,342.46
778.51,377.56,778.96,377.77
809.99,349.89,809.24,350.72
778.96,377.77,778.63,377.72
778.96,378.14,778.96,377.77
778.63,377.72,778.96,377.77
824.23,431.98,824.28,431.54
779.19,375.06,779.30,375.46
804.15,352.31,804.36,352.48
817.42,382.15,818.41,382.15
805.41,336.04,804.92,336.84
778.96,378.14,778.63,377.72
816.84,380.33,816.88,381.00
778.64,378.09,778.63,377.72
796.87,380.43,797.23,380.45
807.77,341.77,808.63,341.88
778.51,377.56,778.83,377.61
777.77,377.56,778.83,377.61
797.39,364.74,797.29,363.49
810.99,347.84,811.68,348.93
798.44,371.38,797.76,370.97
777.51,377.51,777.77,377.56
809.88,353.53,809.61,354.30
805.75,427.22,806.55,426.94
794.00,382.85,794.61,382.43
806.14,304.52,806.20,304.64
820.15,367.68,820.03,367.67
806.23,351.29,807.56,351.84
794.88,368.41,794.99,368.81
824.82,421.95,824.88,421.51
776.33,377.47,777.64,378.04
793.53,380.43,793.60,380.32
808.81,342.89,808.95,343.04
774.30,384.44,773.03,384.83
802.20,327.67,814.46,327.67
799.13,368.68,799.18,368.80
771.55,384.23,770.22,384.14
796.87,380.43,793.53,380.43
809.21,342.73,808.81,342.89
774.35,384.21,773.10,384.60
796.72,380.32,796.87,380.43
809.05,342.60,809.21,342.73
775.62,383.48,775.61,383.68
775.62,383.48,774.30,384.44
807.03,436.94,807.52,437.73
775.45,383.26,776.81,382.54
802.92,400.76,803.23,400.06
800.97,404.85,800.51,404.45
808.10,368.03,806.70,369.66
829.36,440.93,829.15,442.05
778.47,382.39,778.96,378.14
816.15,333.43,816.64,333.36
800.97,404.85,799.67,403.43
806.63,435.71,807.53,435.25
816.53,350.21,817.56,351.45
778.47,382.39,778.64,378.09
775.63,384.06,776.86,383.35
778.83,377.61,778.96,377.77
779.10,377.40,778.96,377.77
796.95,379.24,796.88,380.07
809.21,339.39,809.24,339.93
779.10,377.40,779.29,377.61
796.88,380.07,796.72,380.06
809.24,339.93,809.41,339.84
778.96,378.14,779.32,378.12
778.96,378.14,779.29,377.61
811.58,326.35,811.58,336.79
798.25,367.25,798.08,367.34
808.81,339.26,808.95,339.11
778.83,377.61,779.10,377.40
778.83,377.61,778.01,377.34
827.41,332.35,827.18,332.31
778.91,384.85,779.84,384.93
774.23,383.97,773.10,384.33
767.44,383.94,768.34,384.01
828.98,347.84,828.29,348.93
808.04,339.57,808.11,339.45
775.62,383.48,774.35,384.21
828.98,347.84,828.35,348.91
775.62,383.48,774.23,383.97
778.31,382.63,778.47,382.39
773.88,383.16,774.84,382.35
778.04,382.20,778.47,382.39
777.83,382.53,778.04,382.20
778.47,382.39,779.32,378.12
774.31,377.87,773.71,381.94
778.96,378.14,779.32,378.12
778.47,382.39,778.96,378.14
773.10,384.33,774.50,384.43
775.63,384.06,774.50,384.43
808.66,343.15,808.55,342.99
775.63,384.06,776.86,383.35
793.54,380.07,793.53,380.43
775.63,384.06,775.45,383.26
802.12,308.29,809.91,304.47
816.56,346.29,816.53,347.09
777.12,383.58,778.31,382.63
816.56,346.29,816.95,347.19
780.60,377.85,780.34,377.80
777.12,383.58,777.83,382.53
776.86,383.35,777.83,382.53
780.23,378.17,781.80,378.25
774.84,377.42,774.66,377.56
778.31,382.63,778.47,382.39
826.10,440.17,825.54,439.68
780.68,375.70,780.87,375.21
804.70,331.37,804.65,330.72
780.77,377.69,780.62,378.19
821.52,441.73,818.80,439.60
829.19,422.37,828.78,422.97
796.44,353.04,795.44,354.21
826.75,340.46,826.80,341.05
818.58,377.77,818.89,378.75
775.63,384.06,774.58,384.70
817.99,378.47,818.52,379.05
814.66,341.54,814.81,341.53
775.83,384.31,777.12,383.58
775.83,384.31,776.86,383.35
777.30,383.80,778.56,382.82
817.52,379.17,817.73,378.74
801.22,341.53,801.28,341.54
780.16,382.59,780.62,378.19
780.16,382.59,779.32,378.12
818.63,381.69,817.42,382.15
780.78,377.71,780.34,377.80
822.52,444.04,821.00,443.89
802.28,372.17,800.47,371.95
819.33,380.85,819.20,380.43
781.79,377.87,781.66,377.71
775.83,384.31,774.58,384.70
775.83,384.31,777.30,383.80
767.99,377.61,768.56,376.12
779.87,382.90,780.16,382.59
769.74,384.23,770.64,384.30
783.26,367.91,782.56,369.55
826.85,355.30,826.06,355.31
778.61,383.88,779.87,382.90
827.60,357.37,829.48,357.07
780.78,377.71,780.77,377.69
777.83,382.53,776.62,382.11
780.47,378.22,780.60,377.85
829.47,385.36,829.07,386.36
780.23,378.17,780.60,377.85
774.57,384.76,775.86,385.16
783.78,378.34,783.93,377.84
804.18,370.14,804.18,369.13
786.43,372.07,787.53,370.75
798.83,324.65,798.89,325.21
810.36,366.97,808.79,367.43
781.79,377.87,781.66,377.71
785.60,377.92,785.63,378.43
780.34,377.80,780.52,377.66
798.20,362.82,794.90,362.48
781.66,377.71,780.78,377.71
794.64,371.74,794.42,371.13
829.08,334.85,829.08,329.77
817.52,378.33,816.53,378.33
830.25,362.97,826.70,362.95
778.96,384.52,780.26,383.78
778.61,383.88,778.56,382.82
811.52,337.38,828.75,337.38
823.18,355.18,825.56,355.18
779.98,382.48,780.23,378.17
825.60,394.25,824.84,393.63
806.10,417.60,806.06,418.02
800.65,366.85,801.77,367.32
790.42,361.89,793.08,360.95
779.62,382.30,780.23,378.17
801.11,327.63,800.88,328.18
829.71,357.48,828.15,357.49
817.02,381.60,816.88,381.00
801.27,341.75,814.66,341.75
780.23,378.17,781.80,378.25
780.23,378.17,781.79,377.87
815.85,380.33,815.90,379.68
801.45,342.18,814.49,342.18
782.12,377.93,781.98,377.77
814.01,335.50,801.03,333.79
775.98,384.55,776.00,385.04
790.57,381.56,795.54,385.75
814.01,335.50,814.41,333.79
775.98,384.55,774.71,384.95
815.90,379.68,816.04,379.09
800.65,335.50,814.01,335.50
777.28,384.64,778.61,383.88
777.28,384.64,777.30,383.80
818.63,379.16,818.41,378.68
779.41,382.63,779.98,382.48
819.28,346.64,814.84,346.79
781.19,382.39,780.23,378.17
795.26,362.95,798.41,362.95
781.19,382.39,781.80,378.25
817.43,379.21,817.41,379.91
803.19,352.57,807.34,352.49
783.05,383.10,782.99,382.93
782.12,377.93,782.23,377.54
793.61,379.24,794.59,371.86
782.43,377.76,782.23,377.54
829.89,360.92,830.17,360.92
805.41,336.04,804.81,336.73
782.12,378.30,782.12,377.93
781.79,377.87,782.12,377.93
777.33,384.41,776.00,385.04
776.08,384.80,776.00,385.04
778.44,383.46,779.81,382.73
778.44,383.46,779.41,382.63
779.81,382.73,779.41,382.63
780.98,382.73,779.62,382.30
830.25,362.97,826.70,362.95
814.54,340.84,814.41,340.91
782.12,378.30,782.46,378.28
782.43,377.76,782.46,378.28
782.12,378.30,782.43,377.76
782.12,377.93,782.43,377.76
816.29,348.05,816.26,348.21
828.99,387.35,828.94,387.17
797.76,370.97,798.25,367.25
814.13,327.62,814.61,327.83
779.00,385.38,801.38,386.97
814.63,341.40,814.66,341.54
827.57,337.57,827.96,338.88
778.62,383.67,777.33,384.41
814.13,327.62,814.47,327.60
779.00,385.38,779.99,385.47
778.62,383.67,777.20,384.17
799.09,348.07,799.05,348.24
823.75,321.23,825.54,325.32
834.36,370.92,829.43,372.63
816.95,347.19,816.76,348.07
778.62,383.67,778.44,383.46
746.91,361.58,747.16,360.00
811.79,358.82,814.76,358.83
779.41,382.63,780.98,382.73
798.00,355.38,798.06,355.18
780.98,382.73,781.19,382.39
782.12,378.30,782.46,378.28
827.88,355.29,827.99,355.56
781.62,382.58,782.12,378.30
817.78,379.77,818.77,379.77
814.13,342.46,814.06,342.36
785.40,377.69,784.17,377.64
818.13,382.44,817.14,382.44
830.64,345.79,831.30,346.84
803.75,321.23,805.44,325.32
785.17,377.92,783.97,377.86
805.08,332.61,804.85,332.11
826.32,415.61,826.45,416.39
782.43,377.76,782.46,378.28
827.21,345.90,827.88,346.96
783.97,377.86,784.17,377.64
796.83,337.26,798.79,337.14
829.91,355.54,829.81,355.31
783.93,377.84,783.97,377.86
829.98,355.53,829.81,355.31
783.79,378.01,783.97,377.86
815.51,341.60,816.32,342.83
765.40,382.32,764.01,382.10
807.89,333.48,807.29,333.88
785.31,378.08,785.17,377.92
804.34,344.77,799.84,344.95
748.07,351.02,744.98,349.44
767.50,382.54,767.33,382.29
769.45,377.69,768.56,376.12
829.43,357.36,829.29,357.48
785.31,378.08,785.40,377.69
822.08,357.98,822.27,357.77
794.61,370.68,795.52,370.74
767.97,382.45,767.33,382.29
829.19,422.37,827.70,423.70
806.51,384.07,807.78,370.74
800.90,372.27,800.96,371.73
823.33,362.82,823.17,362.48
814.66,333.12,814.63,333.26
778.76,384.27,780.00,383.56
778.44,383.46,780.00,383.56
778.76,384.27,778.44,383.46
778.76,384.27,777.20,384.17
810.54,357.86,810.89,360.00
766.69,377.34,766.50,377.54
777.77,377.56,777.59,377.70
776.36,377.98,775.49,382.20
781.99,382.70,782.46,378.28
827.88,346.96,831.59,347.55
783.78,378.34,781.99,382.70
774.84,377.42,774.88,377.40
784.84,377.87,783.97,377.86
826.06,355.31,825.56,355.18
815.75,340.89,815.92,340.82
784.84,377.87,783.71,377.81
796.40,372.92,800.77,373.07
765.33,373.53,764.00,373.74
775.86,385.16,777.17,385.26
783.66,378.38,783.79,378.01
798.74,362.85,801.92,362.85
783.78,378.34,783.79,378.01
830.10,371.27,830.10,354.46
764.32,380.93,762.10,380.80
799.90,324.57,799.84,324.08
821.11,380.44,821.09,380.62
816.65,348.24,815.69,349.25
803.65,321.38,805.33,325.45
783.97,377.86,783.79,378.01
807.91,339.92,808.04,339.57
829.02,347.87,828.35,348.91
768.41,384.14,770.64,384.30
783.54,377.96,783.79,378.01
826.35,355.17,826.85,355.30
785.31,378.08,785.17,377.92
774.84,377.42,774.66,377.56
784.84,377.87,785.17,377.92
785.31,378.08,784.84,377.87
784.97,378.03,784.84,377.87
818.77,379.77,818.82,380.44
785.31,378.08,784.97,378.03
830.67,355.63,829.87,355.64
785.31,378.46,785.63,378.43
795.05,362.82,794.90,362.48
781.98,377.77,780.78,377.71
785.31,378.46,785.60,377.92
818.63,379.16,818.77,379.77
785.31,378.08,785.60,377.92
793.62,359.05,794.30,359.05
785.31,378.46,785.31,378.08
827.99,345.79,828.71,346.92
830.25,362.97,827.07,362.97
815.60,346.78,815.54,346.23
778.76,384.27,777.70,384.92
830.25,362.97,823.55,362.95
778.76,384.27,777.63,384.64
824.12,346.50,815.60,346.78
778.96,384.52,780.26,383.78
817.82,378.24,816.83,378.24
778.96,384.52,780.00,383.56
778.76,384.27,780.00,383.56
798.05,362.48,794.90,362.48
802.76,347.75,804.62,348.96
816.73,341.02,816.32,340.97
762.77,374.22,762.20,374.95
780.45,384.00,781.72,383.02
781.46,382.83,781.72,383.02
825.94,355.18,825.84,355.33
781.99,382.70,783.31,382.78
830.44,362.76,830.63,362.66
783.31,382.78,783.21,382.67
824.28,431.54,824.45,431.29
779.67,375.12,779.75,375.57
803.19,352.57,806.17,352.58
783.31,382.78,783.66,378.38
783.78,378.34,783.66,378.38
828.25,327.47,828.69,327.91
822.16,419.28,821.36,419.58
818.20,381.17,818.11,380.78
804.59,371.15,806.29,370.45
821.11,380.44,820.63,380.77
783.79,378.01,783.54,377.96
785.31,378.46,785.31,378.08
826.06,355.31,826.43,355.68
784.97,378.03,785.31,378.08
824.31,392.35,826.02,392.69
812.39,360.00,812.32,360.95
812.65,354.69,813.42,355.59
830.19,360.72,827.79,360.71
790.01,380.55,790.24,380.76
810.44,355.58,813.42,355.59
784.97,378.41,784.97,378.03
799.58,324.20,799.73,323.86
798.89,362.51,802.07,362.51
782.29,384.98,780.99,385.38
790.15,380.50,790.01,380.55
790.51,354.67,789.23,356.21
828.30,427.41,828.23,426.13
811.46,357.62,811.06,356.59
795.84,373.20,793.94,372.29
767.87,374.35,766.66,373.74
784.81,382.78,785.63,378.43
779.79,374.06,779.16,374.60
813.13,354.47,813.15,354.51
795.46,360.91,794.78,362.37
826.35,355.17,825.56,355.18
784.76,356.08,783.54,356.87
767.87,374.35,768.03,374.22
784.81,382.78,785.31,378.46
768.70,374.89,767.87,374.35
808.55,341.09,808.81,342.89
806.58,384.58,806.71,384.18
776.86,383.35,776.41,382.45
827.88,346.96,828.16,347.65
785.16,382.89,806.71,384.18
768.70,374.89,768.47,374.95
808.55,341.09,809.05,342.60
806.58,384.58,785.16,382.89
796.82,372.69,797.05,373.66
813.06,385.75,817.15,382.99
784.91,383.22,785.16,382.89
823.85,398.19,823.47,395.81
806.72,329.84,806.77,330.57
806.51,384.07,805.29,385.10
791.38,362.14,791.24,362.29
773.19,378.33,774.70,378.41
771.29,375.31,771.99,375.34
803.81,386.45,802.43,386.88
803.95,385.87,802.43,386.88
802.65,386.28,802.43,386.88
830.16,360.72,830.16,355.54
768.70,380.80,768.47,380.73
803.95,385.87,802.65,386.28
768.33,373.21,768.13,373.31
778.77,362.12,782.82,363.13
779.12,384.76,777.70,384.92
780.18,373.31,779.96,373.61
813.84,362.16,813.01,361.92
789.13,379.21,789.02,379.84
799.90,324.57,799.84,324.08
817.82,382.53,816.83,382.53
779.12,384.76,777.83,385.16
796.83,337.26,798.70,338.53
815.60,345.69,814.87,346.82
813.32,364.29,813.33,364.26
780.45,384.00,779.12,384.76
778.61,383.88,779.87,382.90
778.96,384.52,780.45,384.00
809.39,366.25,812.49,366.30
796.83,357.62,797.21,357.68
780.26,383.78,780.45,384.00
781.77,384.09,783.05,383.10
781.72,383.02,783.05,383.10
790.14,380.33,790.15,380.50
778.31,384.83,777.38,384.75
783.21,382.67,783.31,382.78
810.14,341.52,809.32,342.77
801.84,369.75,801.95,369.07
783.05,383.10,783.21,382.67
809.06,325.59,809.40,326.67
782.99,382.93,783.21,382.67
798.53,362.97,798.41,362.95
782.82,382.49,783.43,378.33
815.75,303.77,815.68,303.57
809.22,435.77,809.72,436.55
797.29,356.51,796.83,357.62
783.54,377.96,784.97,378.03
816.30,380.90,815.85,381.59
830.25,362.97,830.47,362.85
784.97,378.41,785.31,378.46
784.81,382.78,784.97,378.41
791.97,348.77,792.10,348.83
764.04,376.60,763.82,377.99
784.36,382.59,784.97,378.41
795.06,362.74,794.89,362.63
820.50,343.18,815.48,342.40
784.65,383.03,785.16,382.89
810.31,427.41,810.38,427.45
800.47,371.95,801.84,369.75
831.01,340.53,832.09,341.77
784.91,383.22,785.16,382.89
784.91,383.22,806.58,384.58
827.35,360.91,825.35,360.91
803.81,386.45,803.95,385.87
803.81,386.45,805.29,385.10
805.23,385.63,805.29,385.10
774.71,384.95,775.02,385.12
772.15,377.96,772.63,379.39
803.81,386.45,802.43,386.88
803.81,386.45,780.99,385.38
826.19,368.18,828.21,368.22
823.45,412.74,822.53,413.17
810.35,426.03,810.75,424.79
828.68,332.69,828.99,332.77
795.53,370.81,795.64,370.45
815.15,333.17,814.77,333.32
780.44,384.85,777.83,385.16
808.32,348.83,806.47,349.07
806.41,304.21,806.51,302.94
831.20,332.37,831.26,332.73
793.94,372.29,795.94,373.12
829.87,355.27,830.08,355.26
780.44,384.85,781.77,384.09
780.45,384.00,781.77,384.09
794.58,371.68,795.07,371.53
793.67,379.22,794.65,371.89
780.44,384.85,780.45,384.00
794.58,371.68,794.42,371.13
780.44,384.85,779.12,384.76
808.39,341.59,807.89,342.83
798.78,355.63,798.64,356.14
782.99,382.93,783.21,382.67
797.90,356.15,798.64,356.14
782.60,382.83,782.82,382.49
783.21,382.67,782.82,382.49
799.15,355.26,798.78,355.63
782.82,382.49,783.43,378.33
817.28,341.51,817.78,342.77
798.04,355.64,798.78,355.63
784.36,382.59,783.43,378.33
798.04,355.64,797.90,356.15
784.36,382.59,784.97,378.41
812.41,405.53,814.14,405.15
779.87,382.90,780.16,382.59
783.43,378.33,784.97,378.41
790.08,380.90,790.73,381.59
778.62,383.67,779.81,382.73
798.41,355.27,798.04,355.64
784.65,383.03,784.81,382.78
789.99,380.88,790.57,381.56
767.40,383.16,766.44,382.35
784.65,383.03,784.91,383.22
807.73,341.71,807.69,341.13
790.28,372.77,741.55,371.10
823.96,347.32,824.27,347.13
803.81,386.45,805.23,385.63
826.32,362.48,826.48,362.82
783.63,384.21,805.23,385.63
803.81,386.45,783.63,384.21
803.81,386.45,782.29,384.98
823.37,343.86,816.32,344.14
764.01,373.58,762.80,374.35
782.13,384.74,780.86,385.13
768.03,381.46,767.87,381.33
782.29,384.98,780.99,385.38
780.44,384.85,779.15,385.26
805.10,427.58,805.45,427.56
810.70,303.99,810.43,303.90
812.13,352.84,813.13,354.47
818.39,382.02,818.70,381.39
827.50,355.18,827.55,355.23
780.49,384.63,779.22,385.02
820.09,381.87,820.39,381.27
827.87,355.33,827.50,355.18
823.15,359.15,823.12,359.59
781.79,383.88,781.77,384.09
810.86,352.86,811.86,354.49
816.26,348.21,815.69,349.25
830.00,360.92,827.98,360.92
780.44,384.85,781.77,384.09
805.16,428.04,805.56,428.34
807.60,411.44,807.78,411.18
799.20,348.21,799.64,349.29
823.16,448.49,822.05,448.96
830.80,362.01,830.75,362.40
823.15,359.15,823.33,359.64
781.79,383.88,780.44,384.85
780.49,384.63,780.44,384.85
781.79,383.88,780.49,384.63
793.66,357.70,793.47,357.77
782.82,382.49,784.36,382.59
768.70,374.89,768.03,374.22
783.44,383.99,784.65,383.03
784.15,382.93,784.65,383.03
794.87,355.68,794.73,356.18
783.16,383.76,784.15,382.93
829.71,357.48,828.19,357.52
782.13,384.74,782.29,384.98
794.88,368.41,795.27,366.46
809.22,366.20,808.10,368.03
814.54,319.51,813.95,319.50
815.81,341.59,816.32,342.83
782.13,384.74,780.86,385.13
823.12,337.26,825.22,337.14
829.29,357.48,827.74,357.49
793.68,350.07,792.22,351.32
781.91,384.48,780.77,384.85
793.93,365.91,794.15,366.09
824.10,427.62,823.97,428.37
780.51,373.10,780.18,373.31
809.03,351.17,816.06,352.44
796.36,333.77,800.61,333.77
818.46,343.36,818.32,343.51
806.25,369.64,804.62,371.04
830.30,355.26,830.58,355.74
780.86,385.13,780.77,384.85
827.74,357.49,827.60,357.37
780.49,384.63,779.22,385.02
817.35,380.34,817.39,379.72
779.24,384.75,779.22,385.02
797.92,355.48,797.29,356.51
780.49,384.63,779.24,384.75
811.88,360.00,814.85,360.00
796.73,356.34,797.29,356.51
828.15,357.49,828.02,357.37
780.38,384.38,779.24,384.75
766.50,377.54,766.47,378.04
781.79,383.88,780.49,384.63
829.29,357.48,829.85,357.36
781.79,383.88,780.38,384.38
825.87,355.35,825.94,355.24
765.68,374.34,764.32,374.98
783.16,383.76,784.15,382.93
825.87,355.35,825.94,355.18
783.16,383.76,782.60,382.83
772.22,382.39,770.69,382.30
825.84,355.33,825.94,355.18
762.77,374.22,762.10,374.89
781.62,383.66,782.60,382.83
802.08,401.32,802.52,401.20
823.11,355.38,825.56,355.18
779.87,382.90,779.98,382.48
824.59,340.64,824.66,340.47
782.13,384.74,783.44,383.99
782.13,384.74,783.16,383.76
829.34,325.59,826.13,325.83
815.67,340.68,815.75,340.89
780.38,384.38,779.24,384.75
781.91,384.48,783.16,383.76
781.91,384.48,781.62,383.66
819.12,356.20,818.21,368.37
798.89,362.51,798.74,362.85
765.68,381.65,762.10,380.80
802.07,362.51,798.74,362.85
822.31,368.54,821.31,368.41
762.77,381.46,762.10,380.80
793.74,360.67,794.03,360.32
769.88,382.59,768.13,378.12
793.74,360.67,793.94,360.44
769.88,382.59,769.41,378.19
826.44,332.32,826.27,331.98
771.29,380.61,770.96,380.93
770.96,374.98,768.70,374.89
796.95,379.24,797.78,371.89
815.99,340.55,815.75,340.89
764.32,374.98,764.32,380.93
808.29,416.32,808.24,416.74
794.91,373.49,794.97,373.60
764.32,374.98,762.10,380.80
807.53,425.66,808.43,425.20
803.31,414.50,803.84,414.98
792.87,373.09,794.97,373.60
830.60,353.23,830.59,354.46
762.10,374.89,762.10,380.80
807.35,425.92,808.05,425.15
814.74,333.87,814.78,333.77
794.91,373.49,797.05,373.66
764.32,374.98,762.10,374.89
770.96,380.93,770.96,374.98
770.96,380.93,768.70,374.89
768.70,380.80,768.70,374.89
770.96,380.93,768.70,380.80
807.86,381.59,807.50,381.19
829.23,334.74,829.08,334.85
764.00,380.61,764.32,380.93
764.68,380.65,765.68,381.65
801.87,308.64,802.12,308.29
811.88,360.00,811.79,361.18
766.94,382.29,765.68,381.65
822.87,357.98,822.15,358.05
814.22,337.41,814.24,337.42
800.77,373.07,802.76,372.25
766.94,382.29,762.77,381.46
817.11,446.48,818.79,446.33
807.13,308.32,807.14,318.83
808.89,356.08,809.84,356.87
768.34,382.51,766.94,382.29
764.01,382.10,768.34,382.51
765.40,382.32,768.34,382.51
764.01,382.10,765.40,382.32
762.20,374.95,762.10,374.89
762.77,374.22,764.32,374.98
827.42,424.02,826.94,425.67
741.55,348.89,744.98,349.44
801.27,364.41,802.03,365.31
762.10,374.89,764.32,374.98
822.64,343.33,824.03,337.92
789.81,363.62,789.50,363.75
828.40,347.32,829.13,348.42
800.13,401.12,801.24,401.60
768.03,381.46,766.78,382.10
830.25,362.97,827.29,362.85
766.94,373.70,765.68,374.34
762.77,374.22,765.68,374.34
824.52,355.53,828.13,354.27
797.13,360.71,797.21,360.77
782.29,384.98,780.86,385.13
764.01,373.58,762.77,374.22
815.54,346.23,815.76,346.92
781.91,384.48,780.77,384.85
770.96,380.93,770.99,381.65
768.03,381.46,770.96,380.93
768.70,380.80,770.96,380.93
768.03,381.46,768.70,380.80
768.34,373.48,766.94,373.70
796.95,379.24,797.94,371.86
765.40,373.36,764.01,373.58
779.71,375.16,779.67,375.12
769.82,384.74,770.79,384.83
826.18,325.98,825.01,336.73
766.78,373.58,765.40,373.36
817.95,380.38,818.25,380.59
770.99,374.34,768.03,374.22
820.92,340.99,820.38,342.28
817.91,380.73,818.62,380.76
766.78,373.58,769.73,373.70
830.13,360.78,827.73,360.77
768.03,374.22,766.78,373.58
771.29,375.31,770.96,374.98
802.21,371.65,804.95,377.17
823.85,413.96,823.59,414.04
828.48,404.50,828.21,403.71
793.66,361.54,794.02,363.05
818.77,379.77,819.16,379.81
801.25,327.72,801.72,327.87
823.85,413.96,823.31,414.48
817.63,421.92,815.41,422.46
793.66,361.54,794.67,362.84
771.99,375.34,770.99,374.34
762.80,381.33,762.20,380.73
763.96,381.95,762.58,369.81
780.44,376.02,780.34,375.90
808.28,348.77,809.97,350.24
831.49,340.86,831.86,342.15
762.77,381.46,762.10,380.80
830.06,355.31,829.74,355.21
798.58,321.87,798.60,343.51
764.00,381.94,762.80,381.33
762.77,381.46,762.80,381.33
830.06,355.31,829.72,355.15
764.00,381.94,762.77,381.46
830.08,355.26,829.72,355.15
764.01,382.10,762.77,381.46
814.53,347.76,819.68,348.68
765.33,382.15,764.00,381.94
814.53,347.76,815.21,348.81
764.32,380.93,764.32,374.98
765.33,382.15,764.01,382.10
797.95,346.29,800.12,346.12
762.10,374.89,762.10,380.80
828.73,327.80,829.09,328.53
814.98,328.22,814.78,327.72
812.45,361.44,812.12,362.84
762.20,374.95,762.20,380.73
770.69,384.58,769.74,384.50
821.02,341.34,821.33,341.34
811.88,361.26,811.58,362.49
828.23,360.78,828.23,355.30
762.10,374.89,762.20,374.95
816.47,331.20,816.84,331.30
808.39,341.59,809.32,342.77
780.78,377.71,780.60,377.85
827.60,357.37,827.55,357.09
828.11,331.84,828.14,331.61
810.92,368.55,809.48,369.79
813.65,349.85,812.93,350.63
816.32,340.97,816.45,340.64
766.78,382.10,765.40,382.32
804.18,369.13,803.23,369.20
780.26,383.78,781.72,383.02
762.80,374.35,762.20,374.95
830.25,362.97,830.47,362.85
794.90,362.48,798.05,362.48
803.04,352.06,803.19,352.01
768.03,381.46,766.78,382.10
813.36,413.09,815.27,412.92
808.96,325.75,809.06,325.59
799.22,368.18,800.55,368.74
764.01,373.58,762.77,374.22
765.40,373.36,764.01,373.58
803.20,412.44,805.00,410.98
820.00,339.86,826.08,343.82
804.46,410.62,803.20,412.44
827.12,327.28,826.92,327.26
804.26,371.95,806.10,371.51
814.57,347.73,815.28,348.83
818.46,343.36,818.78,325.21
826.44,327.81,827.12,327.28
806.04,371.58,807.81,370.85
819.78,339.74,819.61,339.39
806.04,371.58,806.55,370.81
768.47,374.95,767.87,374.35
795.96,355.30,794.87,355.68
768.47,374.95,768.47,380.73
768.47,374.95,768.70,380.80
824.09,340.87,823.57,342.15
768.70,374.89,768.70,380.80
823.78,340.86,823.25,342.16
768.47,374.95,768.70,374.89
770.85,377.54,769.63,377.49
805.41,331.77,805.20,330.76
777.76,384.48,778.91,384.85
815.27,306.80,811.45,306.80
763.36,379.35,764.00,375.31
818.77,393.71,818.96,392.14
763.36,379.35,764.00,380.61
808.53,341.60,808.03,342.83
829.48,357.07,829.48,355.21
764.00,375.31,764.00,380.61
817.13,341.52,817.64,342.76
799.15,355.26,798.04,355.64
770.96,374.98,770.96,380.93
804.69,378.98,804.76,378.03
827.60,357.37,829.43,357.36
781.77,384.09,781.72,383.02
771.29,380.61,770.96,380.93
763.36,379.35,764.00,380.61
812.06,406.79,814.37,406.28
827.63,332.31,827.41,331.61
764.04,379.39,764.00,380.61
764.04,379.39,764.68,380.65
815.02,410.98,817.53,412.44
827.84,332.21,828.00,332.04
764.00,380.61,764.68,380.65
763.82,377.99,763.36,379.35
763.82,377.99,764.04,379.39
820.62,338.87,823.77,338.70
798.20,362.82,798.05,362.48
763.36,379.35,764.04,379.39
794.89,362.63,795.05,362.82
830.61,335.39,831.13,336.30
820.26,389.53,821.93,389.08
827.74,421.97,829.08,422.17
820.00,337.89,823.33,337.71
829.32,331.60,829.09,332.58
799.17,366.53,799.63,366.22
795.66,385.73,815.12,395.84
806.70,350.34,808.26,351.91
764.68,375.34,764.00,375.31
830.61,335.39,830.75,335.51
820.26,389.53,822.10,388.90
827.74,421.97,832.00,438.68
802.20,308.41,805.50,305.10
823.79,321.38,825.54,325.32
763.36,376.56,764.68,375.34
764.04,376.60,764.68,375.34
821.87,408.58,822.37,405.13
783.54,377.96,784.84,377.87
763.36,376.56,764.04,376.60
822.91,438.49,819.63,421.97
822.71,419.34,822.29,419.69
829.34,330.54,829.40,330.53
798.91,368.79,800.34,369.39
815.42,347.73,816.05,348.76
802.07,362.51,801.92,362.85
771.99,380.65,771.29,380.61
793.52,382.84,794.01,382.99
772.63,379.39,771.93,379.35
771.93,376.56,772.15,377.96
772.63,376.60,771.93,376.56
825.84,360.77,825.87,360.71
817.56,343.85,824.36,343.58
766.78,373.58,768.34,373.48
825.64,336.04,825.01,336.73
771.29,375.31,772.63,376.60
796.46,355.17,795.96,355.30
792.80,378.25,796.65,378.43
823.46,399.35,823.69,399.86
813.87,356.26,812.76,356.96
779.30,373.75,779.47,373.50
796.60,378.11,792.80,378.25
796.60,378.76,796.65,378.43
817.28,341.51,816.32,342.83
808.96,325.75,809.40,326.67
805.41,336.04,809.40,326.67
792.75,378.57,796.60,378.76
796.21,379.30,796.45,379.06
810.14,341.52,817.64,342.76
829.84,326.60,829.83,335.79
805.20,391.20,805.00,391.26
795.91,379.45,796.21,379.30
810.14,341.52,809.63,342.76
783.05,383.10,783.31,382.78
783.44,383.99,784.91,383.22
798.37,347.89,802.76,347.75
791.74,379.30,795.91,379.45
822.08,357.98,822.38,357.62
807.42,320.45,807.21,319.70
796.13,340.79,795.77,339.19
770.14,383.58,768.95,382.63
798.37,347.89,800.18,349.00
791.74,379.30,792.07,379.25
795.67,355.38,795.73,355.18
791.42,379.25,795.59,379.50
805.12,355.80,809.48,356.87
783.56,362.14,784.03,364.25
819.58,379.71,818.79,380.66
802.79,364.27,826.02,364.52
770.14,383.58,768.90,382.82
791.74,379.30,795.59,379.50
822.05,448.96,818.62,445.67
826.46,332.75,826.29,331.77
801.72,342.17,802.20,342.37
810.86,367.13,809.62,368.58
794.96,379.30,795.26,379.45
791.42,379.25,795.26,379.45
818.21,368.37,818.96,368.37
813.33,355.73,813.01,358.08
828.54,368.13,826.69,367.43
790.89,378.87,794.96,379.30
790.89,378.87,791.12,379.10
794.57,378.76,794.72,379.06
809.73,356.87,809.28,356.87
772.03,382.83,772.43,382.73
823.09,342.19,800.77,340.79
769.77,377.85,769.41,378.19
828.33,424.05,811.47,424.05
798.53,362.97,795.26,362.95
799.65,355.13,799.78,355.34
783.63,384.21,806.58,384.58
790.89,378.87,794.72,379.06
790.69,378.25,794.57,378.76
798.53,362.97,798.31,362.76
790.69,378.25,790.74,378.57
785.56,351.98,784.45,353.81
809.84,363.13,809.86,363.13
790.69,378.25,794.52,378.43
827.88,427.45,827.81,426.03
794.73,361.99,794.78,362.37
794.72,377.81,794.57,378.11
790.89,377.63,794.57,378.11
784.28,353.76,783.45,355.75
790.74,377.92,794.57,378.11
794.85,362.01,794.90,362.48
790.89,377.63,790.74,377.92
806.16,328.89,806.37,329.34
819.77,338.46,820.43,338.25
823.12,368.93,820.49,368.92
794.96,377.57,794.72,377.81
799.92,360.92,797.47,360.91
791.12,377.39,794.72,377.81
821.42,369.25,820.49,368.92
772.72,381.95,775.01,369.80
798.19,343.08,798.98,342.76
768.90,382.82,768.60,382.51
791.12,377.39,790.89,377.63
821.11,380.44,817.82,380.43
770.17,382.90,769.88,382.59
795.26,377.42,794.96,377.57
822.87,438.93,822.91,438.49
829.26,329.42,829.32,329.47
802.80,371.58,804.59,371.15
808.66,343.15,808.95,343.04
817.21,381.81,816.04,381.59
770.26,382.48,769.76,378.22
795.59,377.37,795.26,377.42
791.74,377.19,795.26,377.42
791.74,377.19,791.42,377.24
795.91,377.42,795.59,377.37
774.41,377.87,774.58,378.03
769.89,377.71,769.45,377.69
792.07,377.24,795.59,377.37
792.83,347.01,792.87,346.90
791.74,377.19,795.59,377.37
770.09,377.80,771.33,377.71
798.78,355.63,798.95,356.16
792.36,377.39,796.21,377.57
795.56,355.29,795.37,355.29
792.60,377.63,792.36,377.39
795.45,355.56,795.56,355.29
792.75,377.92,796.60,378.11
824.65,396.87,822.76,398.08
781.77,384.09,782.99,382.93
796.45,377.81,796.60,378.11
792.75,377.92,796.45,377.81
795.73,355.18,795.23,355.31
792.75,377.92,792.60,377.63
815.45,344.02,815.99,344.05
772.87,384.11,774.15,383.38
826.09,386.64,832.71,383.42
772.87,384.11,773.88,383.16
769.09,374.62,769.43,375.49
813.68,328.56,814.09,328.38
794.07,379.81,793.88,378.25
791.24,380.74,791.01,380.71
791.74,378.25,794.07,379.81
814.22,329.69,814.67,329.61
791.77,379.81,794.07,379.81
790.08,380.90,790.57,381.56
798.41,355.27,799.15,355.26
784.65,383.03,784.36,382.59
787.41,377.94,787.41,376.40
814.20,394.30,813.63,392.83
831.92,333.26,831.67,333.01
785.31,377.94,787.41,376.40
799.78,355.34,799.35,355.45
787.41,377.94,787.59,379.47
785.31,377.94,787.41,377.94
787.75,379.86,793.90,380.19
799.25,351.84,800.57,351.29
831.43,333.05,831.69,333.31
800.17,366.64,797.67,369.15
791.58,380.19,787.75,379.86
789.73,377.64,789.63,378.24
797.73,355.21,797.77,355.16
783.65,377.35,789.63,378.24
798.06,355.18,802.06,355.13
783.55,377.94,789.63,378.24
783.65,377.35,783.55,377.94
790.00,377.10,789.73,377.64
774.50,384.43,773.59,384.50
783.92,376.82,789.73,377.64
783.65,377.35,789.73,377.64
774.50,384.43,773.63,384.78
783.92,376.82,783.65,377.35
790.43,376.67,790.00,377.10
807.77,340.50,808.63,340.40
794.32,373.42,800.77,373.07
784.34,376.39,790.00,377.10
798.95,362.04,798.89,362.51
784.34,376.39,783.92,376.82
790.97,376.39,790.43,376.67
784.34,376.39,790.43,376.67
785.47,376.03,791.58,376.29
785.47,376.03,790.97,376.39
803.25,347.83,805.22,348.86
804.18,344.71,799.71,344.89
785.47,376.03,784.87,376.12
795.25,355.50,794.96,355.79
790.97,380.09,791.58,380.19
792.96,360.09,793.12,360.44
784.87,379.76,791.58,380.19
784.87,379.76,785.47,379.86
790.43,379.81,790.97,380.09
770.69,382.30,770.08,378.17
797.14,357.48,795.71,357.49
772.56,377.84,772.53,378.34
828.30,328.38,817.16,329.24
784.34,379.49,790.97,380.09
796.55,358.80,796.94,358.82
823.12,356.76,826.00,356.74
784.34,379.49,784.87,379.76
790.00,379.38,790.43,379.81
795.26,355.56,795.37,355.29
784.34,379.49,790.43,379.81
790.57,381.56,792.83,382.45
803.28,324.44,803.28,321.12
764.01,377.56,764.01,377.92
773.24,384.00,773.23,383.78
771.36,378.30,771.50,377.87
797.39,355.27,797.41,355.31
828.30,328.38,814.09,328.38
783.92,379.07,784.34,379.49
816.14,381.56,813.06,385.75
809.99,323.82,803.28,324.44
815.78,333.31,815.59,333.02
763.65,377.40,763.61,377.90
828.90,329.61,828.30,328.38
783.65,378.53,789.73,378.84
783.65,378.53,790.00,379.38
783.92,379.07,790.00,379.38
783.65,378.53,783.92,379.07
790.18,378.25,790.26,377.77
790.48,377.33,790.26,377.77
790.48,377.33,789.73,377.64
797.55,357.48,797.68,357.36
790.00,377.10,789.73,377.64
807.27,426.36,807.74,425.59
794.84,372.53,796.82,372.69
809.67,338.68,808.95,339.11
797.29,363.49,798.28,364.42
790.83,376.99,790.48,377.33
771.87,383.46,770.90,382.63
790.43,376.67,790.00,377.10
791.26,376.77,790.83,376.99
771.87,383.46,770.42,382.73
794.30,359.05,794.23,360.00
790.43,376.67,790.83,376.99
790.97,376.39,790.43,376.67
790.97,376.39,791.26,376.77
795.94,355.23,795.95,355.18
793.88,376.69,793.71,376.29
791.58,376.29,793.88,376.69
814.66,333.12,814.66,328.41
764.24,370.69,764.29,370.83
791.77,376.69,793.88,376.69
791.58,376.29,791.77,376.69
829.12,326.35,829.12,336.79
791.77,379.81,794.07,379.81
795.62,355.33,795.95,355.18
793.90,380.19,794.07,379.81
769.03,370.84,769.31,370.98
791.77,379.81,793.90,380.19
791.58,380.19,793.90,380.19
791.26,379.73,791.77,379.81
795.52,355.57,795.56,355.29
798.94,351.23,799.25,351.84
791.58,380.19,791.77,379.81
791.26,379.73,791.58,380.19
790.97,380.09,791.58,380.19
790.83,379.51,791.26,379.73
795.52,357.09,795.45,355.56
790.97,380.09,791.26,379.73
790.83,379.51,790.97,380.09
790.43,379.81,790.97,380.09
790.48,379.16,790.83,379.51
795.58,357.37,795.45,357.10
792.78,370.60,791.10,370.74
790.43,379.81,790.83,379.51
800.25,352.82,799.63,353.78
790.48,379.16,790.43,379.81
815.21,348.81,815.28,348.83
790.00,379.38,790.43,379.81
784.34,379.49,784.83,379.39
793.76,366.17,793.93,365.91
776.41,382.45,777.83,382.53
799.17,353.48,798.71,354.56
795.71,357.49,795.50,357.40
790.00,379.38,790.48,379.16
790.26,378.73,790.00,379.38
789.73,378.84,789.63,378.24
797.07,357.54,795.63,357.52
790.18,378.25,789.63,378.24
789.73,378.84,790.18,378.25
790.26,378.73,790.18,378.25
783.77,377.94,783.65,377.35
783.92,376.82,783.65,377.35
827.98,355.14,828.99,355.14
783.92,376.82,783.85,377.46
784.07,377.04,783.85,377.46
784.34,376.39,783.92,376.82
784.07,377.04,783.92,376.82
812.49,359.05,812.56,360.00
797.33,357.07,797.28,357.08
802.22,361.75,801.81,363.46
812.49,359.05,811.98,360.00
822.09,323.81,814.84,324.45
818.49,335.39,818.09,335.51
784.83,376.48,784.41,376.70
809.24,350.72,809.03,351.17
799.44,360.78,799.44,355.30
829.19,329.69,828.63,328.56
785.47,376.03,784.83,376.48
809.36,350.72,809.16,351.17
785.34,376.40,787.41,376.40
787.57,376.03,787.41,376.40
809.36,350.72,810.67,350.45
785.34,376.40,787.57,376.03
818.09,335.51,818.09,330.57
767.50,382.54,767.33,382.29
809.36,350.72,810.46,350.86
785.34,376.40,785.47,376.03
785.47,379.86,787.75,379.86
817.53,400.10,814.95,398.66
785.34,379.47,787.59,379.47
797.11,355.18,797.21,355.33
785.34,379.47,785.47,379.86
831.59,347.55,831.57,347.73
784.83,379.39,785.34,379.47
784.34,379.49,784.87,379.76
829.84,326.60,829.84,335.94
784.41,379.17,784.83,379.39
799.44,355.30,797.21,355.33
783.55,377.94,783.77,377.94
818.93,319.71,819.14,320.46
766.84,377.70,766.84,378.07
812.39,346.96,812.11,347.65
794.04,378.35,794.33,378.26
829.14,329.87,817.67,336.99
783.85,378.41,783.55,377.94
793.30,357.98,793.31,357.62
819.73,319.69,818.93,319.71
766.50,377.54,766.47,378.04
828.38,347.13,828.40,347.32
783.65,378.53,783.92,379.07
794.03,356.96,793.67,358.46
821.04,337.37,821.14,336.00
774.16,384.80,775.12,384.89
783.65,378.53,784.07,378.84
768.72,373.56,768.48,373.22
769.56,371.21,768.90,374.05
768.72,373.56,768.90,374.05
808.31,320.41,809.67,323.80
817.15,333.31,816.84,333.43
809.99,349.89,799.33,349.25
797.82,395.75,795.54,385.75
801.86,350.29,802.45,350.91
798.74,346.53,798.81,347.47
828.88,328.27,828.99,328.53
804.30,366.17,803.19,367.99
797.47,355.53,797.47,360.72
767.85,373.52,767.77,374.01
766.55,371.11,768.24,373.10
824.82,432.03,824.23,431.98
796.45,360.00,796.55,361.20
793.91,369.82,795.12,369.85
820.00,337.89,819.91,338.13
823.61,362.79,823.61,355.15
799.59,400.80,800.19,401.81
817.22,353.23,816.96,353.45
786.09,350.03,787.72,349.36
796.45,360.00,796.84,360.00
831.34,332.71,831.50,333.02
792.67,368.29,794.07,369.49
807.45,445.11,807.59,445.86
766.55,371.11,767.85,373.52
779.99,360.00,780.12,361.75
816.88,381.00,817.39,380.96
830.61,350.72,831.28,351.17
817.02,381.60,817.52,381.52
818.91,395.70,821.18,395.84
767.89,375.16,767.78,374.58
795.22,364.17,795.96,365.40
816.84,380.33,817.35,380.34
820.62,338.14,823.77,337.97
768.95,375.70,769.03,375.21
769.45,377.69,769.03,375.21
807.77,353.30,811.75,353.93
768.08,375.66,767.89,375.16
783.18,356.87,782.82,356.87
784.79,351.31,783.26,352.09
763.61,377.90,763.50,382.21
827.92,331.99,827.77,332.30
779.87,382.90,778.86,382.51
767.99,377.61,768.08,375.66
768.31,376.00,768.08,375.66
767.99,377.61,768.31,376.00
768.95,375.70,768.78,376.02
792.19,381.52,791.95,381.17
782.28,371.21,780.74,373.22
797.13,360.71,797.21,360.77
831.93,355.71,831.85,355.36
780.91,373.56,780.74,373.22
822.70,341.26,822.85,341.26
782.28,371.21,780.91,373.56
767.09,384.02,768.32,384.40
814.28,342.56,814.78,342.36
782.28,371.21,780.99,374.06
795.26,355.56,795.39,355.34
780.26,373.20,780.51,373.10
780.26,373.20,780.02,373.52
779.71,375.16,779.73,374.58
801.30,342.39,815.48,342.40
783.18,363.13,783.45,364.25
780.77,377.69,780.87,375.21
787.39,369.66,789.02,371.05
791.58,376.29,790.97,376.39
831.59,347.55,831.57,347.73
825.35,355.17,826.35,355.17
837.37,351.34,823.37,351.52
820.12,339.75,820.62,339.60
779.79,375.66,779.71,375.16
779.96,376.00,780.19,376.12
779.29,377.61,779.96,376.00
776.08,384.80,775.15,384.61
801.38,346.90,804.41,346.80
797.47,360.72,797.53,360.78
779.79,375.66,779.96,376.00
780.77,377.69,780.68,375.70
809.33,338.82,808.66,339.03
824.05,398.24,823.72,396.18
830.75,335.51,831.13,336.30
780.77,377.69,780.44,376.02
791.74,378.25,790.48,377.33
768.34,384.01,767.44,383.94
781.34,369.48,783.18,371.27
826.82,358.06,827.94,353.32
823.33,339.69,823.44,339.58
772.11,370.93,783.18,371.27
825.69,341.12,824.67,342.47
772.11,370.93,781.34,369.48
779.95,367.50,732.56,366.53
769.43,375.49,769.28,375.74
774.20,377.92,784.02,371.65
762.90,368.63,762.91,368.80
766.04,370.75,764.24,370.69
762.91,368.80,764.24,370.69
766.04,370.75,762.91,368.80
800.22,366.57,799.08,367.91
797.05,355.24,795.73,355.18
810.04,355.78,808.89,356.08
818.39,341.13,817.88,342.40
798.58,343.36,802.59,343.18
797.11,355.18,795.73,355.18
762.90,368.63,766.04,370.75
818.09,341.12,817.56,342.41
817.24,382.08,817.73,381.97
765.07,377.47,764.85,377.26
822.80,354.98,822.55,355.20
768.64,374.14,768.60,374.60
766.69,377.34,766.50,377.54
762.91,369.82,764.31,369.89
764.43,371.05,764.31,369.89
767.76,377.40,767.99,377.61
823.33,337.71,823.44,337.82
766.55,371.11,767.99,377.61
766.55,371.11,767.76,377.40
805.60,328.53,805.89,328.61
823.77,339.44,823.64,339.45
779.73,374.58,779.83,374.01
766.55,371.11,766.69,377.34
823.73,338.18,823.79,338.24
769.56,371.21,769.45,377.69
769.63,377.49,769.45,377.69
770.85,377.54,769.63,377.49
823.37,351.52,831.04,351.52
769.56,371.21,769.63,377.49
825.35,355.17,825.56,355.18
771.08,377.76,770.85,377.54
769.56,371.21,770.85,377.54
783.88,370.42,794.61,370.68
784.02,371.65,794.61,370.68
783.88,370.42,784.02,371.65
773.97,377.69,772.75,377.64
772.67,371.30,772.56,377.84
791.48,377.90,791.56,378.00
821.09,355.45,821.20,355.31
826.31,343.49,827.02,336.58
772.67,371.30,772.75,377.64
772.56,377.84,772.75,377.64
774.20,377.92,773.97,377.69
772.67,371.30,773.97,377.69
774.20,377.92,772.67,371.30
769.09,375.83,769.28,375.74
807.13,308.32,807.14,318.83
826.94,358.21,826.82,358.27
769.09,374.62,769.28,375.74
768.90,375.73,769.09,375.83
813.68,328.56,814.67,329.61
769.09,374.62,769.09,375.83
794.22,379.77,793.72,379.81
792.41,363.24,791.37,362.45
778.31,382.63,778.86,382.51
823.36,341.90,823.96,340.58
804.34,369.79,804.93,369.75
769.09,374.62,769.54,375.10
768.74,375.46,768.90,375.73
769.54,374.18,769.58,374.64
769.09,374.62,769.58,374.64
822.55,355.20,829.32,355.22
768.64,375.06,768.74,375.46
769.43,373.78,769.54,374.18
824.59,373.72,829.84,376.35
816.88,379.68,817.39,379.72
768.60,374.60,768.64,375.06
769.09,374.62,769.43,373.78
797.75,369.05,797.41,368.69
769.09,374.62,768.60,374.60
769.09,373.41,769.28,373.51
769.09,374.62,768.64,374.14
768.90,373.50,769.09,373.41
806.45,334.09,806.00,333.61
797.41,355.31,797.73,355.21
769.09,374.62,769.09,373.41
803.23,350.83,802.28,350.91
826.08,343.82,823.79,338.68
806.34,333.95,805.91,333.49
797.39,355.27,797.77,355.16
768.74,373.75,768.90,373.50
802.28,348.68,812.83,348.68
765.05,382.87,766.25,383.57
796.80,384.07,796.04,384.18
801.65,370.74,798.02,385.10
806.00,327.83,806.34,327.42
768.34,369.81,768.34,384.01
773.70,382.21,773.36,382.49
785.45,371.30,797.07,371.65
782.82,370.84,786.01,370.93
782.82,370.84,779.72,370.75
776.33,377.47,776.14,377.26
804.07,419.57,804.59,420.08
771.55,384.23,770.64,384.30
803.94,391.02,802.65,392.14
744.23,355.78,743.08,356.94
829.27,358.05,829.72,357.86
779.21,371.11,777.78,377.54
818.44,368.25,818.99,368.26
798.25,347.97,797.75,350.95
823.12,362.85,820.83,366.39
783.53,370.33,783.88,370.42
789.37,349.73,787.85,351.03
782.56,369.55,784.18,370.93
789.04,351.89,787.91,353.73
827.72,358.06,827.67,358.00
827.84,331.02,827.57,330.54
779.21,371.11,779.29,377.61
822.90,354.45,822.80,354.98
779.10,377.40,779.29,377.61
822.97,351.64,822.90,351.93
779.21,371.11,778.01,377.34
822.90,354.45,822.90,351.93
779.10,377.40,778.01,377.34
782.28,371.21,780.77,377.69
782.23,377.54,781.00,377.49
797.19,370.42,797.07,371.65
765.21,368.25,763.29,368.42
794.42,349.79,795.97,350.43
812.31,449.31,808.65,445.67
827.41,331.61,828.11,331.84
808.14,370.68,797.07,371.65
820.57,354.20,820.45,355.16
827.67,357.87,828.64,353.78
827.84,332.21,828.14,332.30
785.40,377.69,784.17,377.64
785.45,371.30,784.17,377.64
822.90,359.54,821.25,359.54
821.16,369.54,823.91,372.39
785.60,377.92,785.45,371.30
807.67,307.66,807.48,308.01
797.71,331.43,801.30,332.26
824.19,345.93,815.60,346.78
825.97,332.30,825.82,331.99
779.66,374.62,779.85,375.74
817.24,378.63,817.73,378.74
779.66,375.83,779.85,375.74
779.66,374.62,780.02,375.49
779.66,374.62,780.13,375.10
780.16,374.64,780.13,375.10
779.66,374.62,779.47,375.73
797.03,379.25,797.04,380.06
803.00,401.76,801.95,409.81
825.91,341.04,825.86,341.78
823.96,347.32,816.28,347.56
810.59,302.09,810.38,302.17
790.83,376.99,790.48,377.33
779.66,374.62,780.16,374.64
780.13,374.18,780.16,374.64
805.57,328.73,805.91,327.95
817.82,378.24,818.56,378.49
801.97,350.96,801.42,352.33
779.66,374.62,779.30,375.46
816.26,348.21,799.27,348.05
745.57,353.89,743.47,352.82
780.02,373.78,780.13,374.18
816.55,380.88,817.09,380.73
805.29,385.10,806.51,384.07
779.66,374.62,779.19,375.06
806.55,349.19,806.29,349.55
829.27,358.20,829.72,357.99
779.66,374.62,780.02,373.78
786.03,347.89,788.44,348.88
804.15,353.87,804.30,353.83
779.47,373.50,779.66,373.41
834.14,346.92,815.76,346.92
768.34,369.81,769.24,383.94
768.34,369.81,771.62,382.87
783.93,377.84,782.43,377.76
773.36,382.49,772.72,381.95
769.09,375.83,769.28,375.74
809.86,363.13,809.84,363.13
800.26,324.13,800.12,323.82
809.86,363.13,809.73,363.13
769.07,375.16,768.99,375.61
775.76,369.82,774.88,377.40
769.43,373.78,769.54,374.18
806.58,384.58,806.71,384.18
806.33,304.42,806.41,304.21
814.54,333.85,814.63,333.26
767.92,374.59,768.64,375.06
803.95,385.87,802.65,386.28
809.48,363.13,809.86,363.13
803.95,385.87,805.29,385.10
769.28,373.51,768.78,373.64
779.96,376.00,779.90,375.88
768.34,369.81,763.96,381.95
801.65,370.74,803.95,385.87
767.91,374.06,767.92,374.59
762.20,380.73,762.80,381.33
828.06,330.69,828.12,330.64
831.51,332.01,831.67,331.70
827.21,332.70,826.87,332.76
823.09,342.19,800.16,342.19
831.51,332.01,831.71,332.14
827.21,332.70,827.38,332.76
808.25,381.74,806.32,381.91
802.88,395.51,803.20,396.24
827.77,334.08,828.27,333.88
797.47,355.17,795.73,355.18
802.88,395.51,804.04,396.13
823.84,340.17,824.32,340.26
806.82,333.95,806.82,334.08
827.77,334.08,828.17,334.02
797.47,355.17,796.46,355.17
765.33,377.84,762.20,374.95
773.10,384.33,773.10,384.60
819.69,325.13,819.50,325.56
805.41,329.74,805.62,328.80
765.33,377.84,766.66,381.94
765.33,377.84,767.87,381.33
765.33,373.53,764.00,373.74
823.11,362.01,826.15,355.79
816.00,331.45,815.76,331.70
768.47,374.95,768.47,380.73
780.11,375.99,780.34,375.90
767.87,374.35,766.66,373.74
828.53,331.61,827.98,331.65
820.49,368.92,821.16,369.54
779.90,375.88,780.11,375.99
829.91,349.89,815.69,349.25
806.40,352.33,807.64,353.15
763.36,376.56,763.36,379.35
828.06,330.69,827.52,330.75
791.74,378.25,790.18,378.25
798.19,343.08,797.40,342.83
807.29,333.88,806.82,333.95
815.75,396.75,799.45,396.84
821.75,342.41,822.43,342.41
806.17,367.42,807.34,367.51
794.20,382.44,794.20,382.54
752.11,363.43,752.29,360.00
806.33,332.53,806.04,332.88
825.82,331.31,825.76,331.65
791.74,378.25,790.26,377.77
801.29,320.87,801.51,320.93
806.33,332.53,807.56,333.26
808.98,323.87,807.39,320.03
809.59,341.04,810.76,341.04
747.00,368.07,745.57,366.10
818.13,378.36,818.56,378.49
791.74,378.25,790.83,376.99
821.75,337.26,822.59,342.76
807.69,333.26,807.73,333.36
806.52,367.32,807.64,366.85
791.26,376.77,790.83,376.99
814.00,360.00,810.72,362.15
812.13,367.16,810.92,368.55
807.86,376.49,807.50,376.85
791.74,378.25,791.26,376.77
791.77,376.69,791.26,376.77
815.21,348.81,813.65,349.85
779.69,374.59,779.67,375.12
791.26,379.73,791.77,379.81
791.74,378.25,790.83,379.51
817.36,372.39,819.83,372.32
832.06,331.30,831.74,331.46
779.79,374.06,779.69,374.59
814.54,319.51,814.54,320.33
831.34,335.43,830.80,335.33
790.26,378.73,790.48,379.16
783.85,378.41,783.77,377.94
827.74,330.52,827.78,330.47
785.31,377.94,783.77,377.94
779.29,377.61,779.83,374.01
783.85,377.46,783.77,377.94
801.42,394.71,800.70,395.79
744.98,370.56,747.78,368.86
806.33,328.68,806.57,329.18
785.31,377.94,783.85,377.46
785.31,377.94,784.83,376.48
785.31,377.94,785.34,376.40
784.07,378.84,784.41,379.17
829.08,334.85,825.41,335.69
808.55,342.99,808.81,342.89
801.56,393.66,800.70,395.79
805.89,332.65,805.60,332.77
801.88,399.94,802.10,399.45
816.48,332.37,816.06,332.94
816.48,332.37,816.26,333.05
805.42,331.87,805.61,331.87
808.78,366.08,810.75,366.69
800.63,367.46,801.77,363.49
823.79,321.38,819.50,323.61
824.12,346.50,824.50,346.64
825.76,331.65,825.82,331.99
824.59,345.96,824.50,346.64
826.24,331.61,825.82,331.99
825.72,440.39,824.80,440.79
800.47,337.12,800.36,335.53
826.29,331.97,825.82,331.99
824.59,345.96,824.12,346.50
826.24,331.61,826.29,331.97
805.38,332.93,806.68,333.95
797.82,370.27,797.67,369.15
824.19,345.93,824.59,345.96
826.22,332.54,825.97,332.30
826.71,332.54,826.46,332.29
806.64,334.11,806.45,334.09
805.54,367.43,808.52,367.42
794.28,372.07,794.52,370.75
824.66,340.47,824.32,340.26
809.83,391.30,807.42,390.59
826.29,331.26,825.76,331.65
826.29,331.26,826.24,331.61
841.81,333.39,814.88,344.33
798.79,337.14,798.70,335.76
824.19,340.59,824.59,340.64
826.53,332.70,826.22,332.54
827.03,332.70,826.71,332.54
815.76,346.92,815.60,346.78
825.97,331.00,825.82,331.31
828.31,330.94,827.77,331.00
826.46,330.94,825.82,331.31
816.64,344.55,815.57,345.65
813.45,328.99,802.82,329.82
762.18,369.80,763.61,377.90
791.06,348.69,789.37,349.73
824.19,340.59,824.32,340.26
795.84,373.20,798.05,373.63
826.46,330.94,826.29,331.26
811.63,325.65,810.84,324.41
795.26,337.39,795.37,335.80
825.00,342.33,824.86,341.77
825.14,356.38,824.58,356.36
827.03,332.70,826.53,332.70
822.80,351.87,822.90,351.93
813.87,329.87,813.45,328.99
762.91,369.82,763.83,377.21
831.93,355.71,831.85,355.36
794.97,373.60,800.12,373.88
826.87,332.76,826.53,332.70
797.92,364.52,798.28,364.42
831.81,331.94,831.97,331.79
827.38,332.76,827.03,332.70
815.68,346.27,815.54,346.23
831.67,331.70,831.92,331.45
826.22,330.75,825.97,331.00
828.12,330.64,828.31,330.94
826.71,330.69,825.97,331.00
794.98,336.00,795.25,334.74
826.46,330.94,825.97,331.00
824.38,353.49,825.10,358.30
815.68,341.06,815.68,346.27
831.71,332.14,831.81,331.94
826.71,330.69,826.46,330.94
798.70,338.53,798.79,337.14
827.41,330.41,827.74,330.52
827.03,330.52,826.22,330.75
808.25,411.95,809.11,411.99
800.12,373.88,800.21,373.80
809.84,341.51,808.39,341.59
800.03,340.19,800.36,338.73
826.71,330.69,826.22,330.75
827.52,332.54,827.21,332.70
834.00,340.55,815.92,340.82
827.04,330.47,827.41,330.41
828.06,332.54,827.74,332.70
797.59,371.02,794.47,371.02
775.65,377.94,775.05,382.02
831.81,332.79,831.51,332.70
827.38,330.47,826.87,330.54
813.37,350.79,809.16,351.17
768.24,373.10,768.48,373.22
795.94,357.09,795.58,357.37
829.00,326.34,828.99,325.69
794.88,337.37,794.98,336.00
793.62,360.95,794.30,360.95
823.79,321.38,818.46,321.87
826.53,330.59,826.87,330.54
841.81,333.39,814.88,344.33
796.96,342.34,796.36,341.01
798.42,339.80,798.70,338.53
827.38,330.47,827.03,330.52
829.70,355.48,826.95,355.82
824.32,340.26,824.66,340.47
821.16,369.54,823.91,369.67
827.77,332.30,827.52,332.54
810.36,353.04,811.36,354.21
821.16,369.54,823.90,369.34
827.77,332.30,828.06,332.54
826.13,331.98,826.71,331.84
786.01,370.93,797.52,371.27
828.31,332.29,828.06,332.54
779.30,373.75,779.66,374.62
796.60,378.11,796.65,378.43
827.21,330.59,826.87,330.54
804.47,419.34,805.39,418.94
809.88,353.53,810.81,354.62
828.40,332.40,828.17,331.95
795.69,340.38,795.37,338.97
783.17,360.00,783.33,357.87
827.38,330.47,826.87,330.54
826.71,331.38,826.07,331.62
780.83,368.63,786.01,370.93
764.01,382.10,766.94,382.29
824.65,340.13,824.83,340.39
828.55,354.37,828.51,354.38
830.84,354.98,830.59,355.20
818.46,343.36,818.32,343.51
803.83,418.83,804.29,419.58
812.69,360.00,813.03,361.90
828.47,331.97,827.92,331.99
825.44,341.02,825.69,341.12
827.42,327.55,827.90,327.35
799.40,331.31,798.55,331.07
796.18,341.49,795.69,340.38
791.06,371.30,790.85,372.17
812.50,366.26,811.37,368.11
821.87,408.58,819.14,409.33
818.09,341.12,818.34,341.02
798.21,342.13,798.84,341.36
827.92,331.31,828.53,331.61
828.55,331.24,828.38,330.90
822.97,351.64,822.80,351.87
779.21,371.11,779.10,377.40
828.12,330.64,828.38,330.90
796.18,341.49,795.69,340.38
795.68,340.93,795.69,340.38
828.06,330.69,828.31,330.94
782.28,371.21,781.00,377.49
825.90,341.09,825.00,341.13
827.74,330.52,828.06,330.69
823.77,337.97,823.97,338.06
825.90,341.09,825.04,341.71
796.83,341.72,797.43,341.48
826.53,330.59,826.22,330.75
799.58,324.20,799.73,323.86
827.38,330.47,827.74,330.52
824.16,338.68,823.79,338.24
825.62,342.91,825.90,341.09
827.03,330.52,826.71,330.69
827.41,330.41,827.38,330.47
797.19,370.42,808.14,370.68
808.09,389.69,806.95,389.90
785.34,376.40,787.41,376.40
815.28,348.83,813.65,349.85
801.88,309.18,801.89,319.51
827.04,330.47,827.38,330.47
827.03,330.52,827.38,330.47
824.12,353.11,817.43,353.22
817.39,382.80,817.84,382.67
785.45,371.30,783.93,377.84
826.71,330.69,827.03,330.52
828.31,330.94,827.52,330.75
826.71,332.54,826.46,332.29
809.48,356.87,809.28,356.87
804.15,353.87,804.96,355.83
826.94,358.21,827.67,358.00
779.47,373.50,779.66,374.62
822.68,418.86,822.15,418.39
806.52,352.68,807.64,353.15
827.74,332.70,827.38,332.76
822.34,419.57,822.68,418.86
828.06,332.54,827.74,332.70
770.99,374.34,768.70,374.89
827.00,358.28,827.72,358.06
817.55,393.57,818.74,391.08
823.34,394.06,822.76,398.08
771.43,384.31,770.14,383.58
731.64,356.91,735.03,355.56
827.63,332.31,827.41,332.35
811.79,358.82,814.85,360.00
828.31,332.29,828.06,332.54
799.25,351.84,799.17,353.48
812.55,358.16,812.69,360.00
828.61,331.61,828.47,331.97
780.77,377.69,780.62,378.19
780.98,382.73,781.46,382.83
823.71,333.99,823.93,334.84
813.60,334.63,823.93,334.84
769.56,371.21,769.01,374.63
813.60,334.63,813.83,335.46
824.56,335.47,823.93,334.84
818.98,325.60,818.87,325.48
824.56,335.47,813.83,335.46
824.78,340.17,823.76,340.46
820.47,319.92,814.76,320.48
823.37,343.86,816.32,344.14
786.25,360.00,786.58,357.84
825.06,334.39,824.92,333.85
774.88,377.40,775.10,377.21
826.01,411.92,826.05,412.40
812.49,366.30,811.35,368.16
813.30,394.91,810.78,394.16
826.05,365.78,825.67,365.77
819.34,368.22,818.99,366.57
769.05,374.63,769.07,375.16
793.94,357.85,801.24,361.37
774.88,377.40,775.01,369.80
819.77,338.46,819.71,338.90
818.49,335.39,818.79,336.02
819.78,338.03,819.61,338.40
824.92,330.01,824.92,333.85
823.71,333.99,824.92,333.85
819.78,338.03,819.91,338.13
795.29,360.71,797.21,360.77
814.18,335.07,814.18,330.29
824.92,330.01,823.71,333.99
789.04,368.11,790.45,369.76
823.71,329.93,823.71,333.99
814.44,336.07,824.56,335.47
829.23,330.06,829.08,329.77
825.41,335.69,814.44,336.07
815.27,336.30,814.44,336.07
825.06,334.39,823.93,334.84
825.06,329.47,824.92,330.01
819.14,409.33,818.57,410.62
823.93,329.08,823.71,329.93
813.83,335.46,814.18,335.07
813.83,329.84,823.71,329.93
813.60,330.67,823.71,329.93
804.38,400.69,803.39,399.67
805.92,304.89,806.20,304.64
813.83,329.84,813.60,330.67
815.04,395.06,817.08,396.41
825.06,329.47,824.92,330.01
808.13,354.24,810.04,355.78
769.45,377.69,769.01,374.63
823.71,329.93,824.92,330.01
790.20,380.49,789.35,380.49
805.22,348.86,806.42,347.64
818.49,330.84,818.09,330.57
825.41,335.69,824.56,335.47
825.38,334.70,824.56,335.47
825.41,335.69,825.38,334.70
806.70,350.34,805.22,348.86
830.61,330.84,818.49,330.84
841.43,330.05,814.59,331.94
825.91,334.85,825.38,334.70
810.46,304.23,810.70,303.99
815.35,332.73,815.29,332.37
825.38,334.70,825.06,334.39
810.19,304.15,810.70,303.99
825.38,329.16,825.06,334.39
811.86,354.49,812.12,356.37
810.19,304.15,810.46,304.23
815.59,333.02,815.43,332.71
825.41,335.69,828.69,335.69
825.91,334.85,825.41,335.69
829.08,334.85,825.91,334.85
803.18,405.31,803.08,405.09
829.08,334.85,829.23,334.74
829.08,329.77,829.08,334.85
824.56,328.45,823.93,329.08
801.25,333.26,801.03,333.79
812.12,356.37,812.55,358.16
822.08,360.31,821.41,360.25
809.33,439.72,809.47,438.98
830.80,372.62,826.82,372.50
795.53,349.19,796.75,349.15
814.44,329.23,823.93,329.08
813.83,329.84,823.93,329.08
806.68,302.88,811.42,302.99
809.22,439.67,809.69,438.89
809.33,439.72,809.29,439.23
795.53,349.19,795.12,350.15
814.44,329.23,813.83,329.84
812.55,358.16,813.16,360.00
816.49,333.48,816.15,333.43
825.38,329.16,825.06,329.47
823.93,329.08,825.06,329.47
825.38,329.16,825.38,334.70
814.44,329.23,824.56,328.45
824.56,328.45,825.38,329.16
818.49,330.84,830.61,330.84
818.09,330.57,830.75,330.57
800.96,333.85,801.18,333.32
803.60,391.20,804.33,390.89
810.82,367.21,809.57,368.67
830.75,330.57,815.01,329.84
768.02,375.12,768.20,375.57
814.78,327.72,814.28,327.52
822.77,418.90,822.26,418.17
816.70,333.05,816.90,332.94
828.16,353.39,828.74,353.78
806.71,384.18,806.51,384.07
821.75,342.41,821.01,342.19
823.55,402.52,824.23,402.80
828.55,354.37,827.16,355.55
833.83,329.84,815.01,329.84
821.01,380.88,820.63,380.77
819.63,309.57,819.66,318.84
824.74,324.37,824.42,324.09
738.11,370.56,741.34,370.95
817.64,332.37,817.58,332.00
816.57,320.33,816.73,320.39
811.76,326.34,811.45,325.69
774.20,377.92,774.35,378.43
795.37,335.80,795.69,334.35
826.46,332.29,825.97,332.30
816.10,332.97,815.43,332.71
816.10,332.97,815.95,332.67
806.32,376.19,819.30,376.83
820.16,342.04,819.07,341.01
815.38,332.36,815.43,332.71
771.08,384.83,772.05,384.91
815.95,332.67,815.43,332.71
826.22,332.54,826.46,332.29
815.90,332.33,815.95,332.67
815.83,333.27,815.59,333.02
793.93,365.91,824.58,366.39
763.50,382.21,763.83,382.49
816.34,333.21,816.10,332.97
824.55,324.14,822.80,320.08
828.86,325.65,828.36,324.41
815.90,332.33,815.38,332.36
826.53,332.70,826.71,332.54
815.95,332.00,815.90,332.33
763.65,377.40,763.61,377.90
816.15,333.43,815.83,333.27
816.64,333.36,816.34,333.21
790.73,381.59,795.54,385.75
813.98,344.88,812.00,345.83
816.53,382.40,816.25,382.08
778.86,382.51,779.32,378.12
815.83,333.27,816.34,333.21
801.91,405.28,801.44,404.85
815.95,332.00,815.43,332.02
762.91,369.82,763.65,377.40
829.84,326.60,828.36,324.41
799.92,324.61,799.58,324.20
831.92,331.45,831.97,331.79
826.87,332.76,827.03,332.70
818.23,364.87,817.18,362.82
816.10,331.70,815.95,332.00
821.75,343.08,822.59,342.76
813.95,320.32,814.54,320.33
815.83,331.46,816.10,331.70
824.44,400.76,823.73,400.92
752.11,356.57,750.53,353.47
816.84,333.43,816.49,333.48
796.17,384.58,796.04,384.18
826.29,331.97,826.24,331.61
817.31,333.36,816.98,333.41
816.34,331.46,815.83,331.46
816.64,331.30,816.34,331.46
816.49,331.25,816.15,331.30
821.69,332.41,822.43,332.10
798.64,362.01,798.64,356.14
769.56,371.21,768.72,373.56
816.98,331.25,816.64,331.30
807.86,376.49,808.25,376.37
821.01,332.41,821.75,332.10
816.49,331.25,816.98,331.25
786.01,370.93,799.38,369.48
817.85,332.97,817.61,333.21
780.83,368.63,780.47,368.80
813.03,358.10,813.18,360.00
811.51,362.32,814.03,363.41
817.31,331.30,816.98,331.25
799.16,397.96,799.25,396.48
797.49,332.41,797.51,332.10
827.64,327.07,828.27,327.34
782.82,370.84,780.83,368.63
817.55,332.71,817.39,333.02
820.34,333.18,821.01,332.41
817.31,331.30,816.84,331.30
795.94,346.87,797.10,348.33
777.04,371.05,776.33,377.47
817.61,332.36,817.55,332.71
814.09,328.38,828.30,328.38
818.06,332.33,818.01,332.67
828.04,340.67,829.10,341.90
799.45,396.84,799.29,396.68
823.71,334.10,823.17,332.99
817.55,332.71,818.01,332.67
817.39,331.71,817.15,331.46
825.23,369.64,826.38,369.17
797.30,370.33,795.93,370.24
820.28,318.85,820.38,318.83
817.39,331.71,817.61,331.46
775.76,369.82,777.04,371.05
817.85,331.70,817.61,331.46
817.55,332.02,817.61,332.36
828.47,331.26,827.92,331.31
814.67,329.61,828.90,329.61
818.01,332.00,818.06,332.33
817.55,332.02,817.39,331.71
819.81,334.35,820.34,333.18
817.85,331.70,817.39,331.71
817.15,331.46,817.39,331.71
781.00,377.49,780.77,377.69
817.19,332.37,817.16,332.14
829.38,325.75,829.34,325.59
827.78,330.47,828.12,330.64
807.85,340.00,807.91,339.92
810.99,347.84,811.68,348.93
783.71,377.81,783.54,377.96
793.53,357.54,793.31,357.62
779.98,382.48,780.47,378.22
817.15,331.42,817.39,331.71
811.56,304.35,811.26,304.42
820.91,368.61,820.78,368.61
825.11,335.76,824.81,334.53
817.41,331.68,817.39,331.71
827.78,330.47,828.06,330.69
817.15,331.42,817.41,331.68
778.20,368.42,776.32,369.89
831.04,351.52,823.37,351.52
813.67,319.47,818.85,318.84
816.83,331.25,817.15,331.42
816.47,331.20,816.49,331.25
796.80,379.22,794.65,371.89
829.47,385.36,828.99,386.31
780.23,378.17,780.34,377.80
819.48,335.80,819.81,334.35
816.84,331.30,816.49,331.25
824.86,337.12,824.74,335.53
816.83,331.25,816.84,331.30
826.38,356.56,825.27,353.33
780.51,373.10,780.26,373.20
827.03,330.52,827.04,330.47
817.15,333.27,816.84,333.43
816.15,331.30,816.49,331.25
783.93,377.84,784.17,377.64
823.29,397.34,823.43,396.72
815.39,389.69,814.60,390.37
785.34,379.47,787.59,379.47
826.70,330.64,827.04,330.47
768.60,384.67,769.17,384.71
792.83,347.01,794.97,346.40
816.10,331.25,816.49,331.25
785.34,379.47,787.41,377.94
826.70,330.64,827.03,330.52
816.10,331.25,816.47,331.20
803.44,415.22,804.33,415.76
826.03,411.50,826.11,411.95
792.46,368.58,795.12,369.85
826.46,330.94,826.44,330.90
815.59,331.71,815.83,331.46
820.67,440.91,820.61,442.05
824.05,338.73,824.17,337.12
815.52,331.68,815.59,331.71
764.00,375.31,765.68,374.34
826.21,331.61,826.29,331.26
823.05,360.44,823.22,360.09
815.35,332.00,815.52,331.68
826.66,359.58,825.92,359.58
825.11,338.53,825.22,337.14
815.35,332.00,815.43,332.02
798.05,373.63,798.98,372.12
798.37,372.11,804.60,371.12
769.45,377.69,768.95,375.70
826.29,331.97,826.27,331.98
815.43,332.71,815.38,332.36
831.56,354.34,831.24,354.34
819.48,338.97,819.36,337.39
815.35,332.73,815.43,332.71
821.97,414.50,821.98,414.09
801.27,372.99,801.38,373.09
828.31,330.94,828.06,330.69
826.71,332.54,826.70,332.58
831.61,354.33,831.95,354.33
824.81,339.80,825.11,338.53
815.78,333.31,815.83,333.27
827.41,332.81,827.03,332.70
816.10,333.48,815.78,333.31
820.15,338.97,820.04,337.39
816.10,333.48,816.15,333.43
818.77,379.77,819.20,380.43
827.78,332.76,827.38,332.76
819.81,340.38,820.15,338.97
816.47,333.54,816.10,333.48
827.74,332.70,827.78,332.76
801.31,400.49,801.04,399.29
825.62,342.91,825.90,342.99
816.84,333.43,816.49,333.48
814.26,394.44,814.28,394.56
828.12,332.58,827.78,332.76
816.83,333.48,816.49,333.48
819.81,340.38,819.48,338.97
816.47,333.54,816.49,333.48
828.12,332.58,827.74,332.70
790.28,347.75,792.28,346.93
816.83,333.48,816.47,333.54
814.77,308.63,814.58,308.28
810.47,303.57,810.32,302.38
823.17,341.36,823.71,340.19
816.83,333.48,816.84,333.43
828.38,332.32,828.06,332.54
828.31,332.29,828.38,332.32
817.39,333.02,817.15,333.27
817.41,333.05,817.15,333.27
817.41,333.05,817.15,333.31
817.58,332.73,817.39,333.02
820.34,341.49,819.81,340.38
817.55,332.02,817.58,332.00
769.54,375.10,769.43,375.49
817.64,332.37,817.61,332.36
823.76,341.48,824.35,340.81
817.64,332.37,817.58,332.73
816.33,344.44,799.61,344.44
817.88,391.44,819.16,390.58
775.45,383.26,776.41,382.45
800.64,338.92,800.77,337.10
814.04,330.81,813.60,334.63
813.06,385.75,815.35,395.75
821.02,341.49,820.49,340.38
805.26,376.50,804.95,377.17
829.19,329.69,828.90,329.61
826.31,395.58,828.21,403.71
814.04,330.81,814.04,334.55
821.75,342.41,822.50,342.13
814.04,334.55,814.04,330.81
814.18,330.29,814.04,334.55
823.12,341.72,823.76,341.48
818.46,336.30,818.09,335.51
763.83,377.21,763.65,377.40
813.60,330.67,814.04,330.81
814.18,330.29,814.04,330.81
814.18,330.29,813.60,330.67
798.84,332.99,798.21,332.30
825.43,421.58,824.69,420.79
793.08,359.05,794.13,359.05
792.06,380.96,792.02,380.34
802.57,402.07,803.10,400.97
828.17,334.02,828.27,333.88
813.83,329.84,813.60,330.67
779.75,375.57,779.47,375.73
831.74,331.46,832.19,331.45
779.96,376.00,779.79,375.66
768.34,369.81,762.58,369.81
801.65,370.74,805.29,385.10
814.53,347.76,814.57,347.73
815.01,335.51,814.49,335.37
814.44,336.07,814.49,335.37
814.49,329.98,814.18,330.29
822.72,391.20,824.01,392.21
814.49,335.37,814.18,335.07
814.84,321.15,814.84,324.45
818.09,335.51,815.01,335.51
804.34,344.77,816.57,344.95
764.85,377.26,765.07,377.47
815.27,336.30,815.01,335.51
834.06,346.27,815.68,346.27
815.90,331.94,815.80,332.14
765.33,377.84,765.33,373.53
829.98,355.53,830.08,355.26
814.49,329.98,814.18,330.29
786.03,372.11,792.28,373.07
814.18,335.07,814.04,334.55
801.68,397.96,801.34,395.72
799.46,325.59,799.25,325.48
806.99,378.99,807.05,378.17
802.28,398.14,802.23,397.44
803.32,401.38,803.74,400.92
807.28,333.76,806.82,333.95
790.20,380.49,790.47,380.73
814.61,327.83,814.48,327.90
800.65,339.24,800.46,337.38
822.61,395.42,823.72,396.18
818.84,427.08,827.01,427.09
809.29,446.03,813.36,413.09
815.01,335.51,814.49,335.37
780.13,375.10,780.02,375.49
774.71,384.95,774.58,384.70
794.13,359.05,794.30,359.05
831.97,381.21,821.25,380.67
768.47,374.95,765.33,377.84
766.97,377.56,766.84,377.70
815.01,329.84,815.27,329.01
814.44,329.23,815.27,329.01
814.49,329.98,814.44,329.23
815.01,329.84,814.49,329.98
826.05,412.40,825.88,412.66
792.58,367.11,795.41,365.80
788.90,351.84,790.45,350.24
826.71,330.69,826.70,330.64
815.83,331.46,816.15,331.30
820.78,389.51,819.45,391.02
831.13,336.30,830.91,336.02
795.39,355.34,797.13,355.35
800.32,386.88,801.38,386.97
823.71,371.27,823.62,362.79
798.97,369.08,797.19,368.80
777.84,369.89,776.03,369.88
822.71,419.34,822.55,419.60
799.28,373.60,802.29,373.70
827.77,331.00,827.52,330.75
826.70,332.58,826.46,332.29
815.52,333.05,815.35,332.73
765.40,373.36,764.00,373.74
783.43,378.33,783.54,377.96
828.88,337.32,829.12,336.79
823.76,341.48,824.35,340.81
831.20,332.37,831.26,332.00
779.96,373.61,779.79,374.06
817.04,341.41,817.28,341.51
784.41,376.70,784.07,377.04
765.33,377.84,768.47,380.73
815.90,331.94,815.76,331.70
814.47,327.60,814.95,327.80
824.38,372.10,823.99,371.87
815.27,329.01,814.44,329.23
814.63,333.26,814.77,333.32
815.90,331.94,815.60,332.01
765.33,377.84,764.00,373.74
784.83,379.39,785.34,379.47
816.26,331.68,816.31,331.29
831.79,332.68,831.95,332.98
825.41,328.22,824.56,328.45
805.86,304.77,810.19,304.15
831.79,332.68,831.50,333.02
810.45,366.89,809.26,368.29
799.67,335.53,799.35,334.10
784.41,379.17,784.83,379.39
825.91,329.02,824.56,328.45
831.34,332.71,831.50,333.02
820.92,340.99,819.38,341.07
785.31,377.94,784.41,379.17
816.48,331.65,816.66,331.24
779.90,375.88,779.66,375.83
831.34,332.02,831.43,331.68
784.07,378.84,783.85,378.41
816.70,331.68,817.00,331.29
831.74,332.34,831.79,332.68
809.48,388.64,809.74,389.17
817.06,331.94,817.31,331.45
811.76,336.83,811.58,336.79
824.42,324.09,808.98,323.87
831.50,331.71,832.19,331.45
801.26,346.19,799.99,347.19
831.79,332.00,831.29,332.36
779.16,374.60,779.19,375.06
831.69,331.42,831.43,331.68
786.93,355.71,787.91,353.73
790.27,360.00,793.01,360.00
807.87,351.23,809.19,352.04
831.69,331.42,831.50,331.71
780.62,373.33,780.77,373.64
831.74,331.46,831.69,331.42
823.12,358.70,823.15,359.15
789.02,379.84,789.20,380.38
819.82,362.35,820.15,362.29
768.68,383.48,767.50,382.54
800.17,366.64,801.77,363.49
831.74,333.27,832.06,333.43
797.67,369.15,800.17,366.64
831.43,333.05,831.69,333.31
831.74,333.27,831.69,333.31
831.43,333.05,831.74,333.27
831.50,333.02,831.74,333.27
831.50,333.02,831.43,333.05
810.47,303.57,810.78,303.57
831.26,332.73,831.50,333.02
831.26,332.00,831.34,332.02
824.74,335.53,824.39,334.10
818.23,364.87,818.08,362.82
790.41,347.84,791.06,348.69
818.01,332.00,817.85,331.70
817.55,332.02,817.85,331.70
808.37,343.06,809.67,343.49
824.59,405.31,825.59,404.12
806.41,304.21,806.62,303.00
793.94,372.29,795.33,370.93
831.20,332.37,831.26,332.00
824.05,335.53,823.71,334.10
817.55,332.02,818.01,332.00
780.27,363.49,781.87,366.64
807.86,349.22,807.87,351.23
824.59,405.31,824.65,405.09
831.20,332.37,831.34,332.71
831.29,332.36,831.34,332.71
807.86,349.22,809.48,350.21
831.20,332.37,831.29,332.36
825.22,337.14,825.11,335.76
817.61,333.21,816.84,333.43
816.47,331.20,816.49,331.25
800.63,352.54,797.82,349.73
800.63,352.54,797.78,349.67
810.54,362.14,810.72,362.15
796.29,372.84,798.25,372.03
808.89,356.08,809.35,358.01
815.29,332.37,815.38,332.36
797.82,370.27,800.63,367.46
801.80,369.61,800.18,370.99
806.45,334.09,807.14,334.26
797.82,370.27,800.60,367.50
811.89,305.26,811.57,304.89
827.27,333.95,827.64,334.23
829.69,359.57,828.95,359.57
823.71,340.19,824.05,338.73
815.52,333.05,815.59,333.02
814.59,408.10,813.65,411.10
796.93,353.53,795.99,354.62
830.61,330.84,830.61,335.39
824.11,367.55,824.11,369.79
808.25,415.84,808.43,415.58
795.53,349.19,797.29,348.46
792.58,352.89,795.44,354.21
830.75,335.51,830.61,335.39
790.28,372.77,794.22,372.14
812.56,356.21,813.01,358.08
830.61,330.84,830.75,335.51
801.65,370.74,796.80,384.07
830.75,330.57,830.75,335.51
829.85,357.36,829.43,357.36
779.89,385.22,778.91,384.85
823.79,321.38,822.67,343.18
803.96,415.72,804.33,415.76
805.91,422.54,806.03,423.32
831.20,332.37,830.75,330.57
825.10,370.03,825.10,367.30
790.23,354.49,790.70,356.24
812.56,356.21,812.55,358.16
830.61,330.84,830.75,330.57
828.55,331.24,828.47,331.26
829.23,421.49,828.81,422.14
790.36,347.30,791.02,348.69
794.22,379.77,793.76,380.43
821.89,340.93,821.43,339.97
814.37,406.28,817.23,420.92
816.33,344.44,815.06,328.18
830.61,335.39,830.61,330.84
831.33,342.60,831.29,343.22
799.16,397.96,798.36,397.91
819.95,320.41,819.73,319.69
800.23,335.51,800.61,333.77
777.51,360.00,778.13,363.94
802.12,308.29,802.20,308.41
800.23,335.51,796.36,333.77
795.98,335.51,796.36,333.77
779.29,377.61,779.79,375.66
817.68,401.12,815.13,401.60
828.47,331.97,828.55,331.98
806.10,417.60,806.46,416.88
807.29,421.58,807.35,422.04
808.46,328.42,808.69,329.41
801.89,321.16,801.89,320.33
821.61,394.30,821.03,392.83
831.29,343.22,831.33,342.60
806.82,327.22,807.29,327.34
772.11,370.93,783.52,371.42
818.64,324.65,818.70,325.13
823.18,342.13,823.86,341.36
824.02,398.08,824.23,400.58
817.61,332.36,817.55,332.02
778.13,356.05,777.51,360.00
796.73,356.34,796.24,357.51
795.98,335.51,800.23,335.51
823.18,342.13,823.86,341.36
828.63,328.56,828.30,328.38
818.55,393.66,816.76,393.16
817.58,332.73,817.55,332.71
779.95,352.49,778.13,356.05
817.64,332.37,817.55,332.71
807.48,308.01,807.43,308.43
795.85,337.42,795.98,335.51
813.83,335.46,823.93,334.84
792.90,372.07,794.47,373.47
828.18,342.71,828.71,343.32
807.20,307.91,807.13,308.32
814.24,337.42,814.38,335.51
782.77,349.67,779.95,352.49
807.20,307.91,807.48,308.01
814.24,337.42,818.66,335.51
816.57,344.95,816.73,344.89
804.81,336.73,802.59,343.18
818.52,337.42,818.66,335.51
819.76,400.11,820.65,402.13
818.79,336.02,828.91,335.42
821.69,342.19,821.02,341.49
813.83,335.46,814.04,334.55
794.24,382.89,794.23,382.76
786.43,347.92,782.77,349.67
828.91,343.32,831.29,343.22
795.98,339.31,795.85,337.42
818.52,337.42,814.24,337.42
821.44,383.37,820.84,383.99
816.83,333.48,816.47,333.54
769.41,378.19,769.76,378.22
786.33,347.86,790.28,347.23
828.38,342.72,828.91,343.32
807.39,307.57,810.13,304.60
814.38,339.31,814.24,337.42
792.79,378.63,792.38,378.74
821.44,383.37,818.46,383.99
786.33,347.86,790.36,347.30
780.77,377.69,780.19,376.12
807.39,307.57,807.67,307.66
814.38,339.31,818.52,337.42
818.66,339.31,818.52,337.42
769.54,374.18,769.58,374.64
806.51,384.07,807.78,370.74
800.61,341.01,800.23,339.31
795.98,339.31,800.23,339.31
814.84,309.04,814.55,309.17
796.36,341.01,795.98,339.31
813.60,334.63,823.71,333.99
814.77,308.63,814.84,309.04
814.78,341.01,814.38,339.31
805.60,330.65,805.60,332.77
822.47,341.53,821.89,340.93
818.79,336.02,818.46,336.30
815.29,332.37,815.01,335.51
780.76,356.64,782.30,353.61
814.77,308.63,814.49,308.76
814.78,341.01,818.66,339.31
819.91,339.64,820.29,339.25
821.22,341.00,828.42,341.00
801.03,333.79,801.25,333.26
800.61,341.01,796.36,341.01
830.06,355.31,829.74,355.21
808.25,379.06,807.50,381.19
778.96,384.52,777.70,384.92
809.36,340.46,809.41,341.05
802.28,372.17,802.94,371.99
797.71,343.18,797.40,342.83
799.90,324.57,799.84,325.06
813.33,392.12,813.25,392.49
815.80,332.59,815.76,333.01
801.45,332.49,801.36,332.23
799.90,324.57,800.26,325.02
815.80,332.59,815.90,332.79
801.45,332.49,815.55,332.22
800.31,324.57,800.26,325.02
815.39,332.46,815.55,332.22
797.34,348.84,799.13,348.42
798.51,399.96,798.94,401.83
813.67,321.12,813.67,320.30
803.27,332.27,803.23,344.33
801.45,332.49,800.82,333.87
807.11,421.28,807.41,420.75
824.92,330.01,824.92,333.85
841.43,330.05,814.59,331.94
820.04,307.57,816.59,304.47
800.44,335.56,800.82,333.87
824.30,355.30,831.65,355.22
793.82,372.36,795.84,373.20
800.61,333.77,800.82,333.87
820.04,307.57,819.96,307.66
800.44,335.56,800.61,333.77
810.92,351.44,811.36,354.21
800.23,335.51,800.61,333.77
828.69,335.69,825.41,335.69
828.55,331.98,828.31,332.29
803.61,331.94,829.71,330.05
800.88,341.91,801.11,342.46
826.29,329.74,826.51,328.80
814.38,335.51,814.78,333.77
824.30,355.30,825.37,354.99
819.08,449.50,813.74,449.50
819.70,342.34,819.07,341.01
806.87,337.97,804.47,344.39
796.22,341.53,796.18,341.49
765.11,377.47,765.28,377.63
806.34,333.95,806.82,334.08
800.88,341.91,801.25,342.36
826.29,329.74,826.23,329.70
797.71,343.18,801.24,342.36
820.29,308.43,820.38,308.32
814.38,335.51,814.74,333.87
818.46,336.30,828.69,335.69
818.09,335.51,815.27,336.30
814.35,335.56,814.74,333.87
814.35,335.56,814.38,335.51
826.61,362.37,826.56,361.99
799.54,369.07,799.59,369.20
803.46,344.34,803.46,332.28
793.44,379.68,793.40,380.33
802.51,394.25,801.91,393.53
826.71,335.57,826.31,343.49
806.10,324.24,817.07,306.97
800.44,339.25,800.31,337.41
794.46,370.34,791.10,370.87
806.10,324.24,817.07,324.24
800.44,339.25,800.09,337.42
814.44,344.34,803.46,344.34
800.23,339.31,800.09,337.42
804.42,381.52,805.79,382.51
829.23,330.06,829.23,334.74
814.44,332.28,814.44,344.34
814.38,339.31,814.24,337.42
801.95,369.07,801.42,367.67
824.88,400.00,824.54,397.92
789.73,378.84,789.63,378.24
799.89,366.39,800.17,366.64
814.78,341.01,814.38,339.31
814.78,341.01,814.35,339.25
804.45,389.08,810.68,389.54
801.77,363.49,799.89,366.39
814.74,340.90,814.35,339.25
829.02,347.87,816.65,348.24
822.35,319.76,816.57,320.33
777.76,384.48,776.24,384.38
815.46,342.36,814.74,340.90
801.38,342.13,800.82,340.90
822.93,401.81,821.62,401.45
777.83,385.16,776.84,385.25
800.61,341.01,800.82,340.90
801.34,361.88,801.34,364.15
796.83,362.38,797.21,362.32
829.95,331.31,829.80,331.84
803.65,321.38,799.75,324.00
811.58,336.79,811.58,326.35
831.69,331.42,831.43,331.68
801.38,342.13,800.61,341.01
801.24,342.36,796.96,342.34
804.14,404.29,804.01,404.12
814.65,324.66,816.33,320.87
817.56,340.79,824.36,340.46
821.75,343.08,822.59,342.76
807.57,367.19,807.64,366.85
830.98,353.10,830.84,353.23
805.27,419.69,804.96,420.12
803.65,321.38,805.44,325.32
820.39,363.24,819.71,363.24
808.55,341.09,809.41,341.05
798.98,347.88,800.90,347.73
794.91,373.49,797.12,373.77
783.26,352.09,783.51,352.41
799.61,320.87,801.29,320.87
818.28,382.44,818.37,382.54
806.57,331.98,806.33,332.53
801.29,324.66,799.61,320.87
793.45,380.99,792.14,381.81
817.58,332.00,817.41,331.68
802.20,327.67,801.25,327.72
786.03,372.11,790.28,372.25
786.03,372.11,788.00,372.92
814.28,327.52,814.94,327.87
814.28,327.52,814.78,327.72
831.74,333.27,832.19,333.22
809.28,356.87,809.86,356.87
813.13,358.46,813.17,359.05
801.31,363.32,800.66,364.87
814.98,328.22,814.78,327.72
801.81,363.46,800.66,364.87
826.07,328.63,826.65,327.83
815.14,328.35,814.78,327.72
814.94,327.87,814.78,327.72
815.14,328.35,814.94,327.87
814.05,341.22,813.96,341.34
814.98,341.86,814.98,328.22
825.41,328.22,815.27,329.01
770.85,377.54,771.06,377.77
783.12,363.13,783.54,363.13
807.02,337.57,807.17,337.63
800.82,333.87,801.45,332.49
783.12,363.13,783.37,363.13
799.14,348.01,801.04,347.86
826.03,329.66,825.82,329.65
815.14,341.69,815.14,328.35
810.79,389.46,812.31,386.94
826.71,340.41,826.76,341.04
823.67,347.05,816.03,347.30
806.85,302.64,806.63,302.72
824.03,340.75,831.34,340.87
801.52,328.35,801.72,327.87
823.28,370.46,823.61,370.43
800.37,347.97,802.28,347.82
774.33,383.60,775.61,383.68
819.82,381.12,822.21,381.12
809.19,367.98,807.87,368.79
805.42,329.66,805.65,328.65
824.03,340.75,831.24,340.75
801.52,328.35,801.25,327.72
833.04,370.81,825.37,370.61
824.11,339.18,825.21,339.45
828.22,332.61,827.97,332.11
779.21,371.11,779.83,374.01
814.98,341.86,814.94,342.17
793.16,358.30,793.12,357.85
823.17,393.99,821.47,392.46
802.80,348.42,804.59,348.84
817.50,389.34,818.35,389.81
804.36,352.48,808.52,352.58
823.45,412.74,822.63,412.42
814.78,342.36,814.94,342.17
817.62,380.49,817.91,380.73
764.01,373.58,766.94,373.70
807.71,320.42,809.10,323.80
803.96,401.60,804.38,400.69
828.89,354.37,828.51,354.38
820.04,307.57,812.11,305.10
782.82,363.13,783.12,363.13
820.69,370.46,820.68,362.79
806.47,347.70,808.32,348.83
814.46,342.37,814.94,342.17
831.18,354.22,827.13,355.51
806.52,352.68,806.68,352.85
829.87,333.31,829.64,333.88
825.10,367.30,824.18,367.22
820.45,370.43,820.45,362.79
789.37,349.73,791.06,348.69
808.28,348.77,809.93,350.19
814.28,342.56,814.78,342.36
780.13,374.18,780.83,374.63
831.29,332.36,831.74,332.34
783.54,363.13,783.12,363.13
803.91,351.94,803.40,350.84
823.46,413.64,822.96,414.44
802.20,342.37,814.28,342.56
782.91,362.15,783.54,363.13
801.74,342.56,814.28,342.56
791.29,381.10,791.15,381.13
824.85,432.52,824.15,433.30
796.84,360.00,799.83,360.00
801.74,342.56,802.20,342.37
816.19,389.87,816.64,389.19
797.40,331.78,798.19,331.43
814.46,360.00,813.37,359.05
825.90,341.09,825.90,339.19
820.12,411.68,824.69,444.58
793.07,359.59,793.77,359.15
807.09,352.54,808.13,354.24
811.83,440.93,811.79,441.72
808.55,341.09,809.24,339.93
833.61,379.17,828.65,378.70
801.38,342.13,801.30,342.39
780.69,369.07,762.90,368.63
801.72,342.17,802.20,342.37
823.61,362.79,823.61,370.43
809.60,355.75,809.86,356.87
826.03,411.50,825.29,410.71
809.62,368.58,809.44,369.85
801.25,342.36,801.72,342.17
805.45,393.96,805.27,392.31
823.78,340.86,822.23,340.94
826.24,331.61,825.76,331.65
814.94,342.17,814.46,342.37
801.52,341.69,801.72,342.17
783.65,378.53,783.55,377.94
831.65,358.55,824.30,358.57
805.79,360.00,809.88,360.00
822.39,358.73,822.42,359.15
768.50,383.68,767.24,382.71
779.85,373.51,780.77,373.64
832.01,331.25,831.69,331.42
805.79,360.00,809.71,357.85
825.64,411.18,824.65,411.12
801.05,328.22,801.52,328.35
820.83,359.27,821.46,357.93
804.26,348.05,806.44,350.64
773.97,377.69,774.16,377.92
768.50,383.68,767.50,382.54
812.15,352.89,811.36,354.21
832.01,331.25,831.74,331.46
825.47,411.44,824.55,411.88
801.05,341.86,801.05,328.22
827.79,440.13,826.84,439.64
825.18,362.80,825.37,358.88
807.28,327.47,807.69,327.91
820.23,402.27,821.87,408.58
809.97,369.76,809.57,368.67
825.42,411.89,824.68,412.65
801.52,341.69,801.05,341.86
814.84,321.15,820.46,319.70
815.59,331.71,815.43,332.02
769.54,375.10,768.99,375.61
816.26,331.68,816.06,331.79
801.11,327.63,801.66,327.40
782.82,356.87,782.59,357.85
794.01,382.99,794.24,382.89
823.99,371.87,823.71,371.27
781.53,355.12,780.53,356.54
814.28,327.40,801.66,327.40
826.07,331.62,826.13,331.98
797.13,355.35,797.13,360.71
814.28,327.40,801.74,327.52
824.40,405.15,824.92,405.53
809.35,361.98,810.04,364.22
813.33,364.26,811.83,365.57
810.37,355.48,809.68,354.68
825.63,436.50,825.15,437.30
820.45,362.79,820.45,370.43
795.25,350.21,793.81,351.44
798.19,337.26,800.27,333.69
819.39,365.41,820.47,365.41
820.50,343.18,819.70,342.34
816.10,331.70,815.59,331.71
807.51,319.70,808.11,319.69
829.04,328.61,829.26,329.52
815.06,328.18,814.83,327.63
814.78,327.72,814.83,327.63
737.16,361.58,737.89,363.01
822.93,356.33,822.90,356.32
819.63,309.57,819.66,318.84
822.10,388.90,821.93,389.08
828.88,333.02,829.23,332.88
801.05,328.22,801.25,327.72
804.18,372.02,806.04,371.58
801.11,327.63,801.25,327.72
809.73,363.13,809.84,363.13
826.08,343.82,823.56,339.55
779.27,364.20,782.82,363.13
791.47,353.11,790.23,354.49
802.21,369.38,824.58,369.85
823.91,356.05,824.47,356.10
823.33,339.69,826.08,343.82
780.08,366.13,780.09,366.17
796.22,333.05,796.83,332.79
825.19,437.16,824.21,437.15
783.39,360.00,783.36,360.00
780.08,366.13,781.19,367.94
799.92,400.19,800.38,398.22
781.21,365.08,782.12,366.57
814.83,342.46,814.98,341.86
814.14,405.15,815.55,405.02
792.43,352.84,792.58,352.89
809.48,363.13,809.28,363.13
813.87,336.33,826.71,335.57
810.44,355.26,810.37,355.48
800.66,355.12,801.31,356.68
804.12,400.32,803.71,402.16
823.71,372.06,823.99,371.87
812.13,352.84,813.15,354.51
823.94,362.79,823.99,353.72
800.66,355.12,801.81,356.54
814.28,342.69,814.78,342.36
824.15,372.32,823.71,372.06
783.53,362.15,784.03,364.25
801.74,342.56,814.28,342.56
809.71,362.15,809.50,362.15
820.78,390.70,820.93,390.84
801.11,342.46,801.66,342.68
831.46,355.76,830.08,359.57
799.18,346.51,799.28,346.40
801.11,342.46,801.74,342.56
824.35,333.57,823.76,332.97
816.98,331.25,816.49,331.25
815.38,332.36,815.95,332.67
819.73,319.69,820.35,319.70
818.25,341.47,818.55,341.46
798.81,347.47,800.74,347.93
801.25,342.36,801.11,342.46
818.25,341.47,818.29,341.35
826.15,330.76,826.29,329.74
801.05,341.86,801.05,328.22
820.28,372.06,823.71,372.06
766.66,381.94,765.33,382.15
800.74,347.93,802.58,348.69
800.88,328.18,801.05,328.22
791.17,348.81,792.11,346.49
801.05,341.86,800.88,328.18
790.34,378.86,793.58,379.10
807.39,426.40,807.93,426.89
792.43,367.16,793.81,368.55
800.88,341.91,800.88,328.18
801.05,341.86,800.88,341.91
826.20,415.84,825.27,416.27
801.52,341.69,801.72,342.17
766.23,382.02,766.44,382.35
824.81,334.53,824.35,333.57
817.61,331.46,817.15,331.46
801.77,363.49,802.33,360.00
831.69,333.31,832.01,333.48
791.74,378.25,791.26,379.73
771.08,384.83,772.05,384.91
819.90,341.39,820.04,341.38
818.76,392.03,818.77,393.71
826.62,339.93,826.75,340.46
833.04,358.86,824.30,358.57
801.72,342.17,814.94,342.17
825.86,355.50,826.15,355.79
815.68,341.06,834.06,346.27
821.19,397.91,821.33,395.88
795.94,373.12,798.98,372.12
824.11,369.79,824.18,370.13
826.17,339.26,826.42,339.52
831.85,358.40,824.30,358.57
798.52,348.42,800.37,347.97
810.70,307.09,810.69,306.55
815.68,341.06,834.06,341.06
809.57,368.67,808.11,369.92
796.37,334.35,796.86,333.18
816.53,350.21,815.12,349.29
801.72,327.87,802.20,327.67
831.26,332.00,831.43,331.68
815.14,328.35,815.14,341.69
831.01,340.53,831.16,340.53
831.26,340.41,831.16,340.53
831.34,332.02,831.50,331.71
801.25,327.72,801.74,327.52
819.70,342.34,815.46,342.36
831.34,332.71,831.26,332.73
790.00,346.66,788.00,347.07
800.96,348.27,802.80,348.42
826.29,402.68,826.28,402.55
801.30,342.39,815.48,342.40
826.69,340.72,827.00,340.73
466.87,483.16,609.07,372.27
815.14,328.35,814.94,327.87
815.14,328.35,801.72,327.87
780.53,363.46,781.21,365.08
801.65,386.37,801.38,386.97
773.23,383.78,771.97,383.02
815.14,328.35,801.52,328.35
820.34,371.23,820.45,370.43
812.80,341.28,818.29,341.35
824.47,353.33,824.12,353.11
795.84,346.80,795.94,346.87
798.19,332.10,798.21,332.30
762.18,369.80,764.13,369.81
794.23,346.66,794.32,346.58
822.90,359.54,821.07,359.36
785.60,377.92,785.40,377.69
826.46,330.94,826.71,330.69
745.68,355.04,747.29,354.79
814.20,394.30,813.54,392.46
826.11,411.95,826.05,412.40
793.67,368.61,793.81,368.55
826.44,330.90,826.71,330.69
809.53,326.60,811.58,326.35
786.43,347.92,787.53,349.25
819.10,325.59,818.64,325.49
819.36,337.39,820.15,335.80
815.78,331.42,816.10,331.25
779.19,375.06,779.67,375.12
795.37,335.80,796.05,335.80
828.17,327.20,828.73,327.80
798.84,332.99,798.89,332.30
785.40,377.69,785.45,371.30
826.44,330.90,826.70,330.64
802.49,321.15,802.46,324.46
815.78,331.42,816.15,331.30
817.36,353.24,817.22,353.23
812.98,423.32,815.41,422.46
809.60,355.75,809.86,356.87
820.58,371.38,820.69,370.46
817.56,340.79,816.77,340.51
800.22,353.42,800.66,355.12
798.89,332.30,798.21,332.30
826.27,331.24,826.44,330.90
815.52,331.68,815.83,331.46
800.59,393.47,801.25,393.27
825.18,362.80,825.18,366.89
805.62,360.00,805.79,360.00
820.34,354.35,820.45,355.16
794.97,346.40,797.95,346.29
797.51,332.10,798.19,332.10
827.74,330.52,826.87,330.54
826.27,331.24,826.46,330.94
815.52,331.68,815.78,331.42
780.77,373.64,780.02,373.78
795.25,334.74,795.69,334.35
780.13,375.10,780.02,375.49
815.21,348.81,819.68,348.68
815.78,303.57,811.71,302.94
815.51,341.60,815.55,341.48
796.83,332.79,798.21,332.30
764.68,375.34,765.68,374.34
792.44,380.35,791.87,380.78
826.24,331.61,826.29,331.26
796.83,332.79,797.43,332.97
797.43,332.97,798.21,332.30
826.18,372.38,824.15,372.32
828.03,353.20,828.12,353.31
790.48,379.16,791.74,378.25
808.53,341.60,815.55,341.48
802.21,371.65,805.65,376.07
821.40,344.71,816.73,344.89
779.47,375.73,779.66,375.83
831.22,334.98,830.80,335.33
828.87,349.68,827.52,348.85
810.19,304.15,810.43,303.90
808.53,341.60,815.51,341.60
823.99,353.72,823.71,354.32
817.71,340.51,824.36,340.46
778.77,362.12,779.27,364.20
802.21,371.65,802.21,381.21
779.30,375.46,779.47,375.73
808.65,366.53,807.57,367.19
808.39,341.59,808.63,341.48
827.33,421.48,827.08,421.57
799.35,334.10,799.53,332.99
808.39,341.59,808.53,341.60
827.33,421.48,826.79,422.01
799.35,334.10,798.84,332.99
814.63,333.26,814.41,333.79
780.41,373.21,779.85,373.51
803.61,331.94,803.27,332.27
828.04,353.39,826.94,358.06
784.07,377.04,783.85,377.46
827.56,420.78,827.17,420.82
796.86,333.18,797.49,332.41
817.75,379.24,817.43,379.21
800.82,347.02,802.79,347.84
779.19,375.06,779.30,375.46
829.14,344.31,828.99,344.73
803.61,331.94,803.46,332.28
811.68,348.93,812.75,348.85
817.13,341.52,817.28,341.51
827.56,420.78,827.04,420.03
796.86,333.18,796.81,332.41
810.08,341.41,817.13,341.52
819.71,363.24,818.99,368.26
800.18,349.00,804.60,348.88
801.21,395.55,800.99,395.79
796.83,332.79,797.51,332.10
818.21,368.37,819.27,362.36
779.47,373.50,779.66,373.41
814.59,331.94,814.44,332.28
828.71,346.92,829.04,347.68
777.04,371.05,777.49,370.83
774.97,382.78,774.35,378.43
780.18,373.31,780.41,373.21
809.84,341.51,810.08,341.41
809.84,341.51,810.14,341.52
779.66,374.62,779.19,374.14
810.45,366.89,809.62,368.58
799.67,335.53,800.03,334.10
829.27,358.20,829.27,358.05
779.66,374.62,779.85,373.51
783.85,378.41,785.31,377.94
771.44,384.02,770.21,384.40
796.18,333.18,796.86,333.18
796.37,334.35,796.18,333.18
826.18,372.38,826.40,372.16
792.83,347.01,790.87,347.73
805.12,355.80,805.62,357.87
783.56,362.14,783.53,362.15
806.00,327.83,806.19,327.81
825.21,342.78,825.00,342.33
796.22,333.05,796.81,332.41
798.42,334.53,799.35,334.10
795.25,339.97,794.98,338.74
802.43,356.08,801.77,356.50
827.27,333.95,826.82,333.49
799.67,335.53,798.42,334.53
768.34,369.81,770.42,383.57
817.73,380.74,817.94,380.71
813.15,354.51,812.17,355.53
803.61,331.94,841.43,330.05
828.55,331.98,828.38,332.32
794.22,381.10,793.72,381.05
807.99,412.65,807.88,411.88
803.05,360.00,802.33,360.00
798.19,343.08,798.98,342.76
805.41,329.74,805.35,329.70
808.79,367.43,807.87,368.79
805.05,392.35,804.75,391.29
831.49,340.86,829.91,340.94
800.36,335.53,799.67,335.53
817.14,378.38,816.83,378.26
813.86,356.24,814.30,358.09
828.53,331.61,828.47,331.26
775.10,377.21,777.04,371.05
817.55,332.71,817.39,333.02
813.86,356.24,813.03,358.10
829.37,333.40,829.35,330.41
828.53,331.61,828.55,331.24
811.58,326.35,811.45,325.69
805.23,319.82,798.60,321.73
796.05,335.80,795.69,334.35
824.36,340.46,823.76,340.46
828.61,331.61,828.55,331.24
813.83,329.84,814.18,330.29
802.49,321.15,802.46,324.46
817.58,332.73,817.41,333.05
783.17,360.00,784.14,360.00
817.64,332.37,817.58,332.00
829.37,333.40,828.18,342.71
795.69,334.35,796.18,333.18
821.39,331.07,798.55,331.07
795.25,334.74,796.18,333.18
823.97,355.65,822.48,355.65
778.77,357.87,778.61,360.00
778.61,360.00,782.42,360.00
795.68,333.73,796.18,333.18
780.12,361.75,779.27,364.17
798.70,335.76,799.67,335.53
799.79,337.12,799.67,335.53
826.32,430.34,825.77,429.57
827.41,331.61,826.71,331.84
802.82,398.08,801.31,400.49
818.75,383.18,819.05,383.37
813.15,365.49,811.37,365.80
829.26,331.64,829.09,332.58
823.23,422.53,822.32,421.99
731.15,360.00,733.96,357.67
840.58,342.71,814.88,344.33
799.79,337.12,798.70,335.76
782.56,350.45,781.20,352.01
829.27,358.20,829.21,358.27
774.88,377.40,774.74,377.90
825.14,396.81,825.29,397.44
823.52,340.69,823.59,340.53
795.12,369.85,795.25,369.79
826.29,331.26,825.82,331.31
800.36,338.73,800.47,337.12
830.95,351.71,823.31,351.71
783.77,377.94,783.85,377.46
775.01,369.80,774.74,377.90
823.12,358.70,822.39,358.73
823.50,394.84,824.28,395.84
805.82,412.50,806.50,412.01
801.52,397.92,801.57,395.96
793.81,368.55,795.25,369.79
799.67,338.73,800.47,337.12
801.52,397.92,802.24,398.84
799.67,338.73,799.79,337.12
829.24,358.26,829.27,358.20
775.76,369.82,775.10,377.21
795.94,337.39,796.05,335.80
822.38,355.39,821.13,355.40
775.76,369.82,775.01,369.80
801.49,361.55,802.79,361.74
805.42,412.74,805.82,412.42
793.91,369.82,795.53,370.81
829.58,332.33,829.30,332.65
795.94,337.39,795.37,335.80
795.53,370.81,797.29,371.54
795.37,335.80,795.69,334.35
821.39,331.07,798.55,331.07
797.49,342.19,796.18,341.49
794.98,336.00,795.69,334.35
771.44,384.02,770.21,384.40
834.32,329.01,815.27,329.01
801.34,361.88,802.79,361.74
805.60,413.93,806.11,414.44
797.10,371.67,798.98,372.12
799.67,338.73,799.79,337.12
797.28,357.08,797.28,355.53
800.36,338.73,799.67,338.73
823.93,334.84,824.92,333.85
808.19,411.50,809.00,411.21
824.54,397.92,824.93,399.94
802.29,373.70,802.37,373.63
830.79,372.64,830.98,372.64
796.05,338.97,795.94,337.39
822.90,356.32,823.07,356.32
801.16,335.18,800.77,333.47
823.93,334.84,823.71,333.99
808.19,411.50,808.69,410.71
802.29,373.70,804.41,373.20
772.54,383.07,773.50,382.26
811.54,423.70,810.32,424.02
828.99,328.53,829.30,328.61
796.05,338.97,795.26,337.39
823.28,401.38,823.73,400.92
808.01,411.20,808.69,410.71
801.38,373.09,804.41,373.20
789.04,351.89,792.22,351.32
827.74,332.70,827.21,332.70
804.18,349.85,804.36,350.24
795.37,338.97,795.26,337.39
824.02,401.20,824.44,400.76
807.78,411.18,808.31,410.67
803.25,372.17,803.37,372.27
795.26,337.39,795.37,335.80
819.63,340.96,826.74,340.96
798.70,338.53,799.67,338.73
804.46,410.62,814.59,408.10
804.62,348.96,804.60,348.88
815.27,336.30,814.49,335.37
768.33,373.21,768.56,373.33
803.67,392.04,803.15,391.80
827.03,330.52,826.53,330.59
799.35,340.19,799.67,338.73
815.27,336.30,814.44,336.07
829.03,444.93,822.96,448.64
828.03,330.06,828.17,329.46
796.81,342.19,796.22,341.53
822.39,359.57,822.29,359.95
808.78,352.59,809.88,353.53
830.33,371.28,830.59,371.27
799.53,341.36,800.03,340.19
771.33,383.77,770.22,384.14
795.37,338.97,796.05,338.97
801.09,361.71,801.09,364.29
828.68,332.69,828.99,330.65
795.37,338.97,795.26,337.39
804.47,418.45,805.28,418.17
812.17,355.53,812.76,356.96
799.72,402.13,800.15,403.76
832.63,340.44,831.26,340.41
794.98,338.74,795.26,337.39
828.31,332.29,827.77,332.30
832.63,340.44,831.01,340.53
823.84,341.21,824.15,341.21
794.98,338.74,794.88,337.37
828.04,353.39,828.64,353.78
769.09,374.62,768.90,375.73
798.42,339.80,799.35,340.19
816.72,341.21,823.88,341.09
798.84,341.36,799.35,340.19
810.70,360.00,810.89,360.00
796.86,341.49,796.37,340.38
801.95,409.81,800.80,409.33
794.99,372.15,795.07,371.53
829.98,355.53,829.87,355.27
781.46,382.83,781.19,382.39
829.39,443.89,831.33,439.02
807.71,320.42,807.42,320.45
814.49,329.98,813.83,329.84
799.60,403.34,800.42,404.35
783.12,368.68,783.38,368.80
818.34,341.02,825.54,341.13
828.22,328.78,828.53,328.42
822.28,331.31,821.39,331.07
795.69,340.38,795.37,338.97
777.78,377.54,776.33,377.47
800.82,340.90,800.44,339.25
806.46,418.34,807.44,418.43
790.85,372.17,789.03,371.14
812.56,363.79,811.83,365.57
812.45,392.46,810.32,392.62
818.39,341.13,825.54,341.13
796.13,333.98,796.36,333.77
827.07,362.97,827.29,362.85
795.25,339.97,795.37,338.97
786.09,350.03,787.72,349.36
804.41,346.80,804.47,346.87
794.07,350.51,792.67,351.71
826.71,331.84,826.81,332.04
800.82,340.90,800.23,339.31
795.25,339.97,794.98,338.74
827.77,331.00,827.92,331.31
797.43,341.48,797.98,340.81
795.96,365.40,796.41,366.97
798.19,342.41,798.89,342.13
797.51,342.41,798.89,342.13
830.60,372.51,830.33,371.28
797.51,342.41,798.21,342.13
798.89,342.13,798.21,342.13
780.68,375.70,780.44,376.02
797.49,342.19,796.86,341.49
801.55,333.17,801.55,328.36
796.18,341.49,796.86,341.49
780.68,375.70,780.56,375.61
806.85,302.64,806.68,302.88
818.70,377.92,818.89,378.75
811.51,362.32,811.06,363.41
828.99,325.69,828.36,324.41
808.63,341.48,815.55,341.48
813.87,344.31,814.02,344.73
797.43,341.48,798.21,342.13
797.51,342.41,798.21,342.13
797.51,342.41,797.43,341.48
799.35,340.19,800.36,338.73
798.19,342.41,797.49,342.19
802.28,369.13,803.23,369.20
798.19,342.41,796.81,342.19
810.14,341.52,817.13,341.52
798.19,342.41,797.51,342.41
824.76,398.20,824.65,396.87
827.22,332.77,827.18,332.31
800.96,340.84,800.59,339.21
795.52,357.09,795.58,357.37
796.81,342.19,796.18,341.49
820.92,340.99,819.63,340.96
796.83,341.72,796.22,341.53
821.62,401.45,822.76,398.08
814.46,327.67,801.74,327.52
796.81,342.19,796.83,341.72
797.51,342.41,796.83,341.72
796.81,342.19,797.51,342.41
815.35,337.35,815.39,332.46
826.35,440.94,825.97,440.99
799.83,360.00,799.93,361.17
795.68,333.73,796.81,332.41
801.45,332.49,815.39,332.46
798.19,337.26,796.13,340.79
823.12,341.72,823.76,341.48
802.44,369.79,802.28,370.14
815.35,337.35,801.45,332.49
815.35,337.35,801.41,337.35
804.93,369.75,804.34,369.79
831.24,340.75,829.91,340.94
798.55,331.07,799.40,331.31
816.72,341.21,823.84,341.21
798.84,341.36,798.42,339.80
824.03,340.75,829.64,340.83
798.98,331.66,799.40,331.31
795.33,370.93,797.10,371.67
773.03,384.83,772.05,384.91
800.16,332.13,799.40,331.31
769.17,384.71,769.27,384.48
773.03,384.83,772.15,384.68
800.64,335.30,801.16,335.18
827.90,327.35,829.23,328.36
800.16,332.13,798.98,331.66
826.46,332.29,826.29,331.97
818.09,341.12,816.82,341.09
824.15,339.03,801.16,339.03
798.19,331.43,798.55,331.07
803.60,391.20,800.41,391.61
797.12,373.77,800.12,373.88
826.46,332.29,826.44,332.32
806.71,404.50,810.52,405.53
818.09,341.12,816.58,341.21
825.82,331.87,825.95,330.77
814.98,341.86,815.14,341.69
825.91,329.02,825.41,328.22
822.28,331.31,798.55,331.07
821.75,331.43,822.59,331.66
824.48,432.74,823.79,433.25
804.28,370.26,802.79,372.15
831.58,367.20,825.37,366.73
823.40,354.20,820.57,354.20
808.13,354.24,808.89,356.08
826.05,412.40,825.72,411.99
803.00,391.44,805.01,389.81
812.15,367.11,810.92,368.55
801.74,342.56,801.25,342.36
822.71,359.36,829.15,358.36
796.83,337.26,796.22,333.05
799.05,365.32,801.27,364.41
821.75,331.43,822.28,331.31
821.39,331.07,822.28,331.31
801.80,350.39,806.24,350.28
767.87,381.33,766.66,381.94
816.32,344.14,816.73,341.02
800.77,333.47,800.16,332.13
800.77,333.47,799.70,332.44
823.81,356.33,823.81,369.38
800.27,333.69,799.70,332.44
818.37,382.54,819.08,381.91
808.28,348.77,806.47,347.70
822.93,356.33,823.81,356.33
800.16,332.13,799.40,331.31
822.93,369.38,823.81,356.33
814.31,358.11,813.13,358.46
824.15,335.18,823.96,333.69
823.09,332.13,799.40,331.31
829.50,360.92,829.37,360.93
823.52,340.69,823.59,340.53
793.88,382.15,793.16,382.30
822.28,331.31,799.40,331.31
806.86,350.26,808.28,348.77
822.93,369.38,822.93,356.33
823.09,332.13,822.28,331.31
823.37,343.86,816.73,343.85
814.46,360.00,814.30,361.90
819.56,333.98,819.70,332.37
796.69,332.65,797.71,331.43
797.40,331.78,797.71,331.43
823.20,369.38,824.29,369.39
797.71,331.43,798.55,331.07
818.76,380.50,818.82,380.55
823.98,413.22,823.85,413.96
808.78,352.59,809.88,353.53
824.47,369.41,824.44,356.31
797.71,331.43,821.39,331.07
825.14,396.81,824.74,396.24
792.44,380.35,793.01,379.99
801.30,337.10,801.16,335.18
822.14,356.33,822.31,356.33
795.85,337.42,795.98,335.51
823.36,332.44,822.59,331.66
791.30,368.37,792.13,362.15
816.60,304.60,816.17,304.23
821.75,343.08,821.39,343.45
823.09,332.13,822.59,331.66
816.60,304.60,816.25,306.34
824.30,337.10,824.15,335.18
822.59,331.66,822.28,331.31
798.19,337.26,800.64,335.30
820.50,343.18,821.75,343.08
795.65,337.41,795.77,335.61
821.39,331.07,821.75,331.43
803.19,396.95,804.26,396.95
823.67,347.05,824.27,347.13
824.30,337.10,824.15,335.18
793.05,382.40,792.38,381.97
800.60,352.49,797.78,349.67
816.47,331.20,816.10,331.25
822.17,356.33,822.14,356.33
824.49,337.10,824.35,335.30
825.20,403.03,827.08,403.20
801.16,335.18,800.77,333.47
821.75,332.10,822.43,332.10
825.20,403.03,825.95,405.15
801.16,335.18,800.27,333.69
822.17,369.36,823.05,369.36
824.58,405.02,825.95,405.15
800.64,335.30,800.27,333.69
822.50,332.30,821.75,332.10
818.66,335.51,819.07,333.77
800.77,333.47,800.16,332.13
777.20,384.17,778.44,383.46
820.63,380.77,820.49,380.88
823.74,333.47,800.16,332.13
827.27,327.42,827.77,327.22
824.73,418.08,824.31,418.43
827.41,331.61,826.71,331.38
794.88,337.37,795.37,335.80
823.09,332.13,800.16,332.13
800.77,340.79,801.16,339.03
800.27,340.58,800.64,338.92
796.36,333.77,796.96,332.37
796.69,332.65,796.96,332.37
818.72,380.35,818.72,379.00
799.03,324.65,798.89,324.08
823.12,332.79,823.18,332.30
801.16,339.03,801.30,337.10
801.36,332.23,797.71,331.43
814.83,327.63,814.28,327.52
820.50,331.43,801.36,332.23
830.60,372.51,830.59,371.27
812.04,386.91,810.60,383.56
815.55,332.22,801.36,332.23
820.50,331.43,815.55,332.22
815.92,340.82,815.75,340.89
823.96,333.69,823.36,332.44
815.99,340.55,815.67,340.68
818.74,391.08,820.26,389.53
820.99,438.68,822.91,438.49
823.79,321.38,823.75,321.23
823.74,333.47,823.09,332.13
823.97,356.32,825.06,356.32
820.16,332.65,820.91,331.78
774.82,369.83,775.73,369.89
816.82,341.09,823.88,341.09
820.50,331.43,820.91,331.78
826.86,332.71,827.18,332.31
798.02,385.10,796.80,384.07
823.97,356.32,825.06,369.40
794.97,372.30,794.99,372.15
774.31,377.87,773.71,381.94
827.38,330.47,827.41,330.41
827.52,332.54,827.74,332.70
797.71,343.18,798.19,343.08
819.70,332.37,820.50,331.43
803.65,321.38,799.82,324.56
817.61,333.21,817.31,333.36
801.30,337.10,801.16,335.18
835.82,383.57,810.96,383.57
800.77,337.10,800.64,335.30
821.39,343.45,798.55,343.45
824.15,335.18,800.77,333.47
821.39,343.45,799.40,343.11
824.15,335.18,823.74,333.47
795.98,335.51,796.36,333.77
795.77,335.61,796.36,333.77
795.77,335.61,796.13,333.98
810.07,349.94,809.36,350.72
825.23,372.40,825.16,372.63
792.90,347.93,794.84,347.47
826.71,331.38,826.67,331.61
780.83,368.63,799.54,369.07
824.35,335.30,823.96,333.69
823.96,333.69,823.74,333.47
826.13,331.27,826.71,331.38
779.72,370.75,780.47,368.80
828.47,331.97,828.31,332.29
815.27,336.30,825.41,335.69
819.07,333.77,819.70,332.37
808.31,320.41,808.11,319.69
826.27,331.98,826.24,331.61
828.06,330.69,827.21,330.59
823.20,356.32,824.29,356.32
801.16,339.03,801.30,337.10
828.06,330.69,827.74,330.52
821.39,343.45,798.55,343.45
792.43,367.16,792.46,368.58
820.50,343.18,798.55,343.45
800.64,338.92,800.77,337.10
824.30,337.10,801.16,335.18
808.95,339.11,809.21,339.39
774.30,384.44,773.03,384.83
820.50,343.18,821.39,343.45
795.65,337.41,795.98,335.51
795.77,335.61,795.98,335.51
807.39,307.57,809.91,304.47
805.82,427.67,806.67,427.72
828.47,331.26,828.53,331.61
824.35,335.30,824.15,335.18
822.17,369.36,823.05,356.33
800.77,340.79,800.64,338.92
822.43,332.10,823.18,332.30
824.15,339.03,801.30,337.10
824.30,337.10,801.30,337.10
820.43,402.17,821.47,403.87
823.33,391.30,821.85,391.15
826.26,395.98,825.45,393.96
815.27,306.80,815.72,306.88
797.40,342.83,796.96,342.34
824.15,339.03,824.30,337.10
826.03,331.87,825.95,330.77
762.91,368.80,764.24,370.69
808.61,320.46,808.11,319.69
795.98,339.31,795.85,337.42
807.74,440.94,808.60,440.99
814.84,319.50,814.54,320.33
810.59,307.43,806.81,307.43
828.18,342.71,828.38,342.72
808.58,309.23,810.70,307.09
795.77,339.19,795.85,337.42
768.34,369.81,762.58,369.81
815.79,390.83,816.66,391.80
810.59,307.43,811.00,307.51
828.18,342.71,829.64,333.88
808.58,309.23,805.99,307.73
769.88,382.59,769.76,378.22
797.71,343.18,796.96,342.34
808.55,342.99,808.95,343.04
795.77,339.19,795.65,337.41
824.35,338.92,824.49,337.10
821.37,356.62,821.55,369.06
824.15,339.03,824.49,337.10
821.37,356.62,821.55,356.62
824.49,337.10,824.30,337.10
819.05,337.41,819.18,335.61
819.05,337.41,818.66,335.51
829.08,334.85,828.69,335.69
800.16,342.19,800.77,340.79
821.41,369.06,822.28,356.63
800.16,342.19,800.27,340.58
799.70,341.90,800.27,340.58
800.77,340.79,801.16,339.03
794.20,382.54,794.24,382.89
823.74,340.79,801.16,339.03
829.23,330.06,829.23,334.74
823.74,340.79,824.15,339.03
807.42,320.45,801.78,320.32
796.13,340.79,795.98,339.31
795.77,339.19,795.98,339.31
819.18,339.19,819.05,337.41
818.52,337.42,819.05,337.41
819.18,339.19,818.52,337.42
792.44,380.35,791.87,379.93
818.66,339.31,818.52,337.42
831.50,333.02,831.74,333.27
824.74,356.31,824.61,369.42
799.40,343.11,799.70,341.90
826.85,333.38,827.29,333.82
799.54,369.07,799.59,369.20
820.67,320.45,820.46,319.70
800.16,342.19,800.77,340.79
823.74,340.79,800.77,340.79
823.09,342.19,823.74,340.79
784.83,376.48,784.41,376.70
796.96,342.34,796.36,341.01
796.69,342.04,796.36,341.01
796.69,342.04,796.13,340.79
829.27,358.20,829.72,357.86
779.66,374.62,779.16,374.60
823.36,341.90,823.96,340.58
815.34,422.74,817.69,422.17
795.73,355.18,795.37,355.29
823.09,342.19,823.96,340.58
823.09,342.19,823.74,340.79
771.47,384.55,772.68,384.70
823.96,340.58,823.74,340.79
819.56,340.79,819.18,339.19
818.46,343.36,822.67,343.18
830.75,335.51,830.75,330.57
801.36,395.59,801.46,395.47
792.44,380.35,792.63,381.72
818.66,339.31,819.18,339.19
819.56,340.79,818.66,339.31
779.30,373.75,779.19,374.14
819.07,341.01,818.66,339.31
804.71,423.95,804.93,423.98
806.49,436.45,806.38,436.40
783.56,362.14,783.36,360.00
807.86,376.49,808.25,379.06
799.40,343.11,800.16,342.19
822.28,343.11,800.16,342.19
812.65,365.31,811.75,366.07
822.50,342.13,823.18,342.13
822.28,343.11,823.09,342.19
808.00,411.12,808.31,410.67
802.43,356.08,800.17,353.35
829.08,329.77,829.23,330.06
825.22,337.14,824.86,337.12
816.70,396.84,816.80,396.72
821.02,333.18,821.69,332.41
816.90,396.68,816.80,396.72
822.28,343.11,823.36,341.90
821.69,332.41,822.43,332.10
767.44,383.94,768.60,384.67
823.36,341.90,823.09,342.19
819.07,341.01,819.56,340.79
784.60,369.05,784.18,370.93
824.39,334.10,823.86,332.99
822.90,356.32,823.07,369.38
822.28,343.11,799.40,343.11
821.39,343.45,822.59,342.76
819.14,365.40,819.14,360.25
821.39,343.45,822.28,343.11
819.16,381.05,819.02,381.60
775.98,377.99,775.49,382.20
775.63,384.06,773.10,384.33
822.59,342.76,822.28,343.11
819.28,346.64,828.38,347.13
806.41,304.21,806.62,303.00
801.65,370.74,807.78,370.74
826.09,386.64,818.37,382.54
820.47,365.41,820.47,360.25
820.91,342.83,820.16,342.04
768.95,374.10,769.05,374.63
801.65,370.74,806.51,384.07
826.83,353.34,827.11,353.23
818.53,309.23,818.77,309.52
826.09,386.64,817.66,382.89
820.91,342.83,819.70,342.34
801.34,361.88,802.64,362.08
797.10,371.67,799.13,371.58
828.04,337.55,827.83,336.29
829.95,329.92,830.00,330.58
799.67,338.73,798.79,337.14
824.30,358.57,825.37,358.88
802.28,347.82,804.18,347.97
823.90,337.97,824.03,337.92
790.70,363.76,791.43,365.53
818.66,339.31,814.38,339.31
808.04,342.65,807.85,342.24
813.45,360.00,812.32,359.05
792.99,380.88,792.76,380.77
820.50,343.18,797.71,343.18
798.55,343.45,797.71,343.18
775.63,384.06,774.50,384.43
822.14,356.33,822.31,369.37
820.91,342.83,821.75,343.08
775.83,384.31,774.58,384.70
820.91,331.78,821.39,331.07
798.19,337.26,796.13,333.98
820.50,343.18,820.91,342.83
809.62,368.58,809.26,368.29
822.43,356.33,823.52,369.37
823.12,332.79,823.76,332.97
800.23,335.51,800.44,335.56
830.59,371.27,830.84,372.50
801.24,342.36,800.61,341.01
798.84,341.36,799.35,340.19
821.11,380.44,821.09,380.62
816.49,331.25,816.64,331.30
820.49,340.38,821.43,339.97
821.01,332.41,822.43,332.10
777.84,370.69,777.49,370.83
764.00,381.94,762.80,381.33
798.84,341.36,800.03,340.19
822.50,332.30,823.18,332.30
762.80,374.35,762.20,374.95
825.67,365.77,827.13,360.91
813.84,309.95,813.92,310.28
802.21,381.21,804.76,379.94
823.86,332.99,823.76,332.97
823.86,339.72,825.21,339.45
797.40,342.83,796.69,342.04
822.43,332.10,823.12,332.79
829.23,334.74,828.69,335.69
813.42,309.88,811.33,307.73
822.47,333.05,822.43,332.10
764.00,373.74,762.80,374.35
826.17,342.89,825.90,342.99
817.39,333.02,817.85,332.97
793.66,357.70,793.86,357.77
828.10,353.31,828.03,353.20
768.47,380.73,767.87,381.33
816.58,341.21,816.72,341.21
798.21,342.13,798.84,341.36
820.34,333.18,821.69,332.41
821.01,332.41,821.69,332.41
826.62,342.17,826.42,342.60
816.58,341.21,816.82,341.09
798.21,342.13,799.53,341.36
766.66,373.74,765.33,373.53
818.49,335.39,829.23,334.74
818.49,335.39,829.23,330.06
799.54,396.72,799.29,396.68
824.39,334.10,823.17,332.99
823.64,339.45,823.97,339.33
814.44,329.23,813.83,329.84
825.54,341.13,825.69,341.12
796.86,341.49,795.69,340.38
768.47,374.95,767.87,374.35
821.16,356.15,823.90,356.39
779.66,375.83,779.85,375.74
822.87,360.32,822.15,360.25
831.97,332.94,831.81,332.79
765.33,377.84,767.87,374.35
824.39,334.10,824.35,333.57
797.56,355.54,797.59,355.26
765.33,377.84,766.66,373.74
810.64,302.29,810.62,302.41
824.39,334.10,823.86,332.99
818.09,341.12,818.39,341.13
798.21,342.13,797.98,340.81
817.61,332.36,818.06,332.33
790.73,381.59,795.66,385.73
765.28,377.63,765.52,377.57
765.52,377.57,764.33,377.87
821.69,342.19,822.47,341.53
819.81,334.35,821.02,333.18
823.71,334.10,824.39,334.10
780.83,374.63,780.73,375.16
829.24,358.05,829.24,358.26
763.36,379.35,763.14,377.96
780.73,375.16,780.56,375.61
817.04,341.41,815.81,341.59
796.81,342.19,796.18,341.49
824.74,335.53,823.71,334.10
805.41,336.04,805.49,336.19
824.74,335.53,824.81,334.53
817.78,381.10,818.77,381.10
824.74,335.53,824.39,334.10
792.44,380.35,791.95,379.54
821.02,333.18,821.89,333.73
820.15,335.80,820.49,334.35
819.33,323.74,818.84,323.82
819.48,335.80,820.49,334.35
825.41,335.69,824.56,335.47
829.23,330.06,829.08,334.85
824.86,337.12,824.05,335.53
801.88,309.18,802.53,310.29
778.28,363.92,780.27,363.49
798.64,362.01,797.90,356.15
821.14,336.00,821.43,334.74
829.37,333.40,829.64,333.88
821.14,336.00,820.49,334.35
790.26,378.73,791.74,378.25
815.76,332.37,815.80,332.59
816.10,331.25,816.15,331.30
820.04,337.39,820.15,335.80
821.93,449.08,820.52,449.39
829.15,442.05,829.18,440.91
815.78,331.42,815.83,331.46
819.36,337.39,819.48,335.80
828.69,335.69,828.91,335.42
820.39,378.02,820.58,378.80
824.74,338.73,824.17,337.12
813.64,309.66,813.84,309.95
813.95,319.50,813.95,320.32
826.71,335.57,827.37,336.38
773.10,384.60,772.15,384.68
829.03,444.93,818.57,444.93
799.70,332.44,798.98,331.66
821.04,337.37,820.15,335.80
829.39,443.89,829.85,444.22
819.08,424.43,810.97,424.44
816.58,379.91,816.31,380.06
799.94,366.08,802.93,366.07
820.15,338.97,820.04,337.39
785.31,377.94,785.34,379.47
810.68,389.54,804.27,388.90
800.12,373.88,800.21,373.80
826.44,332.32,826.29,331.97
830.84,372.50,830.98,372.64
817.50,389.34,817.44,390.42
818.98,323.65,819.24,323.48
819.48,338.97,820.04,337.39
819.36,337.39,820.04,337.39
785.31,377.94,784.83,379.39
824.05,338.73,824.74,338.73
799.32,325.73,799.46,325.59
802.44,381.44,802.21,381.21
795.25,334.74,795.68,333.73
801.41,337.35,800.44,339.25
817.55,332.02,817.41,331.68
831.74,331.46,832.06,331.30
822.29,396.12,823.43,396.72
744.22,369.49,747.00,368.07
806.58,384.58,805.23,385.63
777.17,385.26,778.26,385.10
824.39,340.19,824.05,338.73
784.07,378.84,785.31,377.94
841.66,330.06,818.49,330.84
831.29,332.36,831.34,332.71
808.07,332.58,807.69,333.26
821.69,342.19,822.43,342.41
824.39,340.19,825.11,338.53
817.97,388.87,818.97,388.69
824.39,340.19,824.74,338.73
825.11,338.53,824.74,338.73
804.57,395.19,804.26,396.95
817.56,331.70,817.31,331.45
827.73,360.77,825.84,360.77
821.14,338.74,821.04,337.37
821.14,338.74,820.04,337.39
769.09,374.62,768.90,373.50
789.42,349.39,789.42,348.95
812.28,395.43,811.97,397.13
817.06,331.94,816.90,331.79
831.50,331.71,831.74,331.46
808.83,416.80,808.65,417.06
795.95,358.74,796.24,357.51
817.20,372.19,817.43,372.41
783.53,370.33,783.19,370.24
768.74,373.75,769.09,374.62
830.61,330.84,830.75,330.57
820.49,340.38,820.15,338.97
813.06,345.90,812.39,346.96
800.65,335.50,801.03,333.79
777.28,384.64,776.00,385.04
819.48,338.97,820.15,338.97
766.25,383.57,767.44,383.94
796.83,337.26,795.25,339.97
803.91,368.07,803.39,369.20
802.43,363.92,801.77,363.49
794.73,361.99,795.46,356.17
823.86,341.36,824.39,340.19
794.73,361.99,794.73,356.18
823.86,341.36,823.71,340.19
826.46,332.29,826.29,331.97
826.31,395.58,827.08,403.20
817.15,333.31,817.15,333.27
808.02,328.61,808.23,329.52
818.28,325.08,818.43,325.39
824.35,340.81,824.81,339.80
778.78,357.89,778.61,360.00
823.86,341.36,824.81,339.80
821.33,395.88,821.61,393.99
818.58,377.77,819.47,378.16
819.61,338.40,819.55,338.90
802.28,348.68,815.12,349.29
824.59,373.72,828.05,378.80
821.57,344.43,821.26,344.77
765.05,382.87,763.96,381.95
815.59,333.02,815.43,332.71
823.86,341.36,824.39,340.19
794.15,366.09,824.58,366.39
763.96,381.95,763.83,382.49
807.73,327.80,808.07,328.53
818.70,325.13,818.87,325.48
821.43,339.97,821.14,338.74
821.43,339.97,820.15,338.97
818.72,324.65,818.46,321.87
803.29,310.51,803.29,319.47
820.46,319.70,820.35,319.70
816.34,333.21,815.59,333.02
768.55,384.35,769.82,384.74
817.41,333.05,817.39,333.02
820.49,340.38,820.15,338.97
819.81,340.38,820.49,340.38
793.71,376.29,787.57,376.03
780.36,360.00,780.49,361.68
765.17,368.42,765.76,369.89
819.78,339.74,820.00,339.86
772.67,371.30,784.02,371.65
763.96,381.95,762.58,369.81
814.84,320.32,820.46,319.70
815.43,332.02,815.90,332.33
816.64,333.36,815.83,333.27
817.55,332.71,817.61,332.36
822.50,342.13,823.17,341.36
808.29,331.60,808.48,331.64
798.58,343.36,798.89,325.21
827.13,338.75,826.31,343.49
798.95,356.16,798.95,362.04
829.26,329.42,829.07,329.41
808.96,325.75,806.00,325.83
762.18,369.80,763.65,377.40
820.57,354.20,820.69,355.12
787.39,350.26,785.99,351.91
784.76,356.08,784.29,358.01
820.69,356.20,819.85,362.14
768.64,375.99,769.09,375.83
829.35,330.41,803.61,331.94
823.18,342.13,824.35,340.81
812.23,422.36,810.97,423.17
827.02,336.58,827.20,337.63
763.65,377.40,763.83,377.21
823.90,394.70,824.84,393.63
822.09,396.52,820.86,396.67
829.35,330.41,803.27,332.27
801.25,327.72,801.66,327.40
824.35,340.81,823.86,341.36
817.36,353.24,819.83,353.27
763.29,368.25,763.29,368.42
762.91,369.82,762.18,369.80
782.12,378.30,781.79,377.87
817.65,393.46,815.59,396.34
821.89,340.93,821.43,339.97
815.12,395.84,815.35,395.75
800.74,372.07,802.58,371.30
797.29,363.49,797.66,363.41
817.65,393.46,815.35,395.75
821.89,340.93,820.49,340.38
824.56,328.45,823.93,329.08
815.83,331.46,815.59,331.71
815.54,341.00,815.68,341.06
816.34,331.46,816.10,331.70
824.68,412.65,824.55,411.88
794.85,362.01,794.90,362.48
819.10,323.62,819.50,323.61
821.01,342.19,820.34,341.49
816.49,333.48,816.98,333.41
768.26,377.56,767.29,377.51
806.00,333.61,806.45,334.09
822.43,342.41,822.50,342.13
801.29,320.87,801.52,320.33
795.37,355.29,795.71,355.24
796.17,384.58,796.80,384.07
797.78,349.67,748.07,351.02
813.67,320.30,813.95,320.32
817.31,333.36,816.49,333.48
812.11,305.10,816.23,304.15
794.01,382.99,795.54,385.75
805.28,330.76,805.41,329.74
818.98,323.65,818.87,323.78
822.43,342.41,823.76,341.48
799.35,385.87,800.66,386.28
830.76,364.29,830.92,364.63
804.93,402.68,805.48,400.61
805.60,330.65,805.89,332.65
793.89,381.97,793.33,381.25
817.15,382.99,813.06,385.75
822.47,341.53,821.02,341.49
823.77,339.44,823.77,338.70
798.02,385.10,799.35,385.87
805.54,352.57,806.68,352.85
827.38,330.47,826.53,330.59
818.49,335.39,818.79,336.02
792.28,346.93,794.37,346.42
810.52,405.53,812.60,405.15
821.69,342.19,821.02,341.49
814.78,342.36,814.83,342.46
813.37,359.05,813.17,359.05
817.81,384.17,818.46,383.99
820.09,381.87,818.39,382.02
826.71,341.68,826.57,342.27
814.54,321.16,814.54,320.33
821.69,342.19,822.43,342.41
813.37,359.05,813.45,360.00
821.75,342.41,821.69,342.19
784.76,363.92,785.52,365.76
818.49,335.39,818.09,335.51
786.22,350.43,786.09,350.03
797.12,346.23,800.12,346.12
801.74,342.56,801.66,342.68
823.12,341.72,822.43,342.41
821.69,342.19,823.12,341.72
798.67,373.57,798.74,373.47
805.60,330.65,806.37,329.34
822.47,341.53,823.12,341.72
800.77,337.10,801.30,337.10
810.97,424.44,809.96,425.53
810.45,366.89,810.82,367.21
818.43,323.86,818.64,323.72
818.43,323.86,819.10,323.62
826.21,331.61,826.27,331.98
818.87,323.78,819.10,323.62
806.19,409.87,805.98,409.41
806.68,302.88,806.78,302.83
814.77,308.63,814.84,309.04
818.84,323.82,818.64,323.72
828.75,337.38,828.88,337.32
763.83,377.21,764.13,377.42
818.84,323.82,819.10,323.62
808.02,328.61,808.07,328.53
818.28,325.08,818.87,325.48
831.69,333.31,832.06,333.43
801.72,342.17,814.46,342.37
817.16,329.24,803.33,329.24
817.15,331.46,816.84,331.30
801.54,324.33,808.95,323.64
818.28,324.20,818.43,323.86
801.78,319.50,807.14,318.83
817.15,331.46,817.31,331.30
812.55,361.83,812.56,363.79
827.98,331.65,828.47,331.97
813.87,336.33,823.33,337.71
818.63,381.69,817.63,381.69
817.61,331.46,817.31,331.30
810.00,427.16,811.83,440.93
806.10,371.51,807.86,370.78
801.68,324.48,801.54,324.33
806.40,367.67,805.35,367.60
818.70,324.15,818.87,323.78
827.18,330.91,826.54,330.70
777.04,371.05,776.14,377.26
818.64,325.49,818.43,325.39
805.74,428.11,806.55,428.46
805.60,413.93,805.42,413.64
797.62,352.04,798.94,351.23
752.25,361.61,752.50,360.00
814.03,356.59,814.48,357.68
823.79,339.12,824.11,339.05
819.10,325.59,818.43,325.39
819.10,325.59,818.87,325.48
801.45,327.90,801.87,327.73
826.94,358.06,827.67,357.87
778.01,377.34,777.78,377.54
806.34,333.95,806.95,334.23
801.51,320.93,808.95,323.64
806.34,333.95,806.45,334.09
801.51,320.93,807.50,320.17
818.99,324.13,819.33,323.74
794.85,362.01,798.05,362.48
805.35,329.70,805.57,328.73
819.10,323.62,819.33,323.74
818.23,324.64,818.28,325.08
825.90,341.09,825.17,340.00
806.04,371.58,807.86,370.78
801.52,341.69,815.14,341.69
794.92,359.57,794.84,359.95
823.18,342.13,823.17,341.36
806.82,327.22,807.28,327.47
772.11,370.93,772.39,371.08
818.64,324.65,818.23,324.64
796.87,370.78,797.59,367.98
779.21,371.11,780.02,373.52
818.64,324.65,818.28,324.20
824.17,337.12,824.05,335.53
816.47,331.20,816.83,331.25
814.11,409.98,816.53,410.98
811.29,302.83,811.40,302.87
817.97,388.87,819.32,388.85
819.57,377.97,819.94,377.86
780.62,373.33,780.77,373.64
826.21,434.44,826.50,434.01
815.01,329.84,815.52,331.68
818.78,324.08,818.87,323.78
768.34,369.81,767.44,383.94
830.75,335.51,831.13,336.30
802.21,381.21,792.26,380.67
805.57,332.75,805.35,331.82
818.78,324.08,818.98,323.65
822.72,393.83,822.76,398.08
798.81,372.53,799.18,373.49
800.65,363.41,801.27,364.41
821.98,357.85,821.78,357.79
819.33,325.44,819.10,325.59
819.10,325.59,818.98,325.60
821.67,356.62,822.75,356.62
796.36,341.01,795.98,339.31
819.10,325.59,818.87,325.48
828.33,424.05,812.98,423.32
802.69,343.33,798.60,343.51
800.25,367.19,800.65,366.85
812.80,341.28,811.32,341.35
802.26,391.69,801.33,391.32
826.65,327.83,826.82,327.95
774.46,378.46,774.58,378.03
819.69,324.00,819.50,323.61
819.33,323.74,819.50,323.61
800.25,367.19,801.42,367.67
798.00,362.01,798.05,362.48
820.51,449.31,818.62,445.67
799.22,368.18,801.42,367.67
826.27,331.24,826.21,331.61
810.84,324.41,810.54,324.16
819.49,324.08,819.33,323.74
826.27,328.65,826.46,328.73
799.49,344.40,799.49,320.91
819.05,324.57,818.99,324.13
764.00,373.74,762.80,374.35
794.36,357.79,794.54,357.85
790.97,367.21,792.22,368.67
773.00,382.78,772.86,378.38
819.55,324.57,819.49,324.08
815.01,335.51,816.47,333.54
806.40,352.33,806.23,351.29
818.70,325.13,818.87,325.48
818.32,343.51,816.73,344.89
818.32,321.73,816.50,320.91
818.70,325.13,818.98,325.60
818.78,325.21,818.98,325.60
795.50,357.40,795.63,357.52
791.97,371.23,793.94,372.29
776.00,385.04,775.12,384.89
818.32,343.51,816.50,344.40
818.64,324.65,818.70,324.15
766.55,371.11,764.43,371.05
822.06,414.54,821.67,414.57
804.46,410.62,805.00,410.98
793.47,360.52,794.18,360.44
813.87,344.31,826.08,343.82
827.12,327.28,827.64,327.07
804.26,371.95,804.18,370.14
818.32,343.51,818.32,321.73
818.64,324.65,818.78,324.08
783.53,362.15,786.93,364.29
816.73,344.89,816.50,344.40
818.72,324.65,818.78,324.08
822.67,320.03,820.96,320.03
822.49,319.82,818.32,321.73
818.52,379.05,818.34,379.24
829.03,444.93,829.43,444.48
824.22,337.63,828.88,337.32
814.65,320.87,814.57,320.93
799.25,325.48,799.09,325.13
814.22,337.41,814.35,335.56
799.73,325.39,799.58,325.08
783.53,357.85,786.42,357.83
779.27,364.20,780.09,366.17
815.06,341.91,814.98,328.22
822.67,320.03,822.49,319.82
790.05,379.51,789.20,380.38
822.80,320.08,822.49,319.82
816.92,382.36,816.26,382.07
818.09,335.51,817.41,333.05
799.92,323.72,799.73,323.86
805.95,333.38,805.91,333.49
799.46,323.62,799.73,323.86
799.25,323.78,799.73,323.86
799.70,341.90,800.16,342.19
808.18,369.82,806.55,370.81
799.46,323.62,799.25,323.78
804.76,379.94,804.95,380.82
809.48,421.22,810.29,421.57
829.23,334.74,828.91,335.42
826.15,425.99,825.84,426.49
806.68,389.19,807.16,388.79
799.68,323.74,799.46,323.62
769.73,382.29,765.40,382.32
816.96,340.79,816.80,340.85
800.12,323.82,799.46,323.62
799.46,323.62,799.92,323.72
807.50,376.85,807.23,377.43
818.99,325.02,818.84,325.35
814.13,327.62,814.06,327.73
783.78,378.34,782.46,378.28
801.90,327.62,801.87,327.73
819.76,324.56,819.69,324.00
819.49,324.08,819.69,324.00
745.57,366.10,747.24,364.43
818.72,380.35,819.24,379.59
829.91,355.54,829.81,355.31
830.08,359.57,830.17,360.92
819.76,324.56,819.49,324.08
829.36,440.93,829.34,441.72
814.16,339.21,814.02,337.38
802.94,371.99,800.96,371.73
801.45,327.90,801.90,327.62
819.55,324.57,819.49,324.08
808.37,330.53,808.56,330.53
819.55,324.57,819.05,324.57
798.98,342.76,799.40,343.11
819.55,324.57,818.99,325.02
819.55,324.57,819.49,325.06
827.84,332.21,827.41,331.61
796.83,337.26,798.70,335.76
818.98,323.65,819.24,323.48
808.07,328.53,808.25,328.44
818.78,325.21,818.70,325.13
818.64,324.65,818.70,325.13
796.69,342.04,796.96,342.34
827.97,345.83,828.71,346.92
778.96,384.52,777.70,384.92
801.42,342.26,801.22,341.77
808.48,329.42,808.37,330.53
827.00,358.28,826.91,358.37
785.60,377.92,797.07,371.65
801.42,342.26,801.45,342.18
822.35,319.76,816.73,320.39
817.63,379.16,817.78,379.77
775.62,383.48,776.81,382.54
793.52,382.84,792.83,382.45
806.82,327.22,806.95,327.07
814.89,320.33,820.65,319.76
820.47,319.92,820.65,319.76
805.91,327.95,806.00,327.83
814.57,320.93,814.76,320.48
806.52,367.32,807.77,366.70
791.95,379.54,792.09,379.24
799.40,343.11,798.55,343.45
829.92,357.40,829.76,357.54
818.41,382.15,817.42,382.15
814.57,320.93,820.47,319.92
797.75,350.95,798.69,352.41
798.69,352.41,799.79,353.69
800.47,337.12,799.79,337.12
805.65,328.65,805.91,327.95
820.76,320.17,820.47,319.92
814.57,320.93,814.59,324.33
814.41,324.48,822.19,323.78
819.70,342.34,820.16,342.04
822.26,323.64,814.41,324.48
814.59,324.33,814.41,324.48
813.74,449.50,812.68,449.38
813.45,360.00,813.37,359.05
791.01,380.71,791.09,380.76
805.57,332.75,805.65,332.84
801.68,324.48,809.21,323.78
809.67,338.68,810.00,338.78
789.03,371.14,793.82,372.36
784.88,353.80,784.03,355.74
813.67,321.12,813.95,320.32
778.01,377.34,777.78,377.54
808.95,323.64,809.21,323.78
813.67,319.47,818.93,319.71
808.05,318.84,808.11,319.69
807.50,320.17,808.95,323.64
825.18,355.17,824.11,355.45
792.21,379.63,792.27,380.45
768.95,382.63,769.35,382.53
801.65,370.74,796.80,384.07
811.83,304.77,811.34,304.64
777.65,384.74,777.76,384.48
819.55,324.57,819.76,324.56
806.34,333.95,806.82,334.08
801.51,320.93,801.54,324.33
808.95,323.64,801.54,324.33
807.44,318.85,807.51,319.70
807.23,319.92,807.50,320.17
815.29,302.25,810.74,302.25
808.05,318.84,808.11,319.69
801.38,342.13,801.41,337.35
794.20,382.54,793.89,381.97
801.51,320.93,807.23,319.92
800.82,340.90,801.41,337.35
801.70,320.48,807.23,319.92
807.14,333.76,807.28,333.76
801.52,320.33,801.70,320.48
820.65,389.14,819.41,389.10
808.33,318.84,803.28,320.30
807.23,319.92,801.70,320.48
823.76,332.97,823.18,332.30
811.29,302.83,806.78,302.83
803.29,319.47,803.28,320.30
801.52,320.33,807.23,319.92
797.82,395.75,798.05,396.34
803.29,319.47,802.49,320.32
801.52,320.33,807.08,319.76
777.76,384.48,777.38,384.75
815.46,342.36,814.78,341.01
798.74,373.47,800.82,372.97
800.09,337.42,800.31,337.41
808.10,331.57,807.89,332.50
799.03,324.65,799.09,325.13
799.53,341.36,798.84,341.36
808.23,331.57,807.89,332.50
799.53,324.64,799.09,325.13
808.23,331.57,808.02,332.50
799.53,324.64,799.58,325.08
814.74,340.90,815.33,342.16
806.95,334.23,807.44,334.02
830.75,335.51,831.69,333.31
824.24,391.72,823.14,390.59
827.11,353.23,829.26,353.23
819.30,308.93,819.54,309.23
802.50,319.50,801.89,320.33
799.09,325.13,799.58,325.08
808.10,331.57,808.23,331.57
799.03,324.65,799.09,324.15
824.57,355.61,826.83,353.34
801.89,319.51,801.78,320.32
794.59,354.33,793.71,355.97
799.58,324.20,799.09,324.15
820.38,318.83,814.84,320.32
820.96,320.03,820.76,320.17
807.14,327.47,807.28,327.47
809.21,323.78,801.68,324.48
806.97,383.17,807.78,383.42
824.81,334.53,824.39,334.10
793.29,368.71,793.68,368.93
783.18,371.27,781.75,369.08
821.46,414.92,820.95,415.72
805.62,362.12,809.71,362.15
826.46,407.59,826.72,406.79
794.67,362.84,794.34,361.44
776.03,384.63,777.38,384.75
809.21,323.78,814.41,324.48
790.86,363.74,794.02,363.05
794.64,371.74,794.48,371.18
809.06,325.59,806.00,325.83
807.39,320.03,807.50,320.17
827.77,327.35,828.25,327.47
825.74,365.77,829.37,360.93
777.83,382.53,778.31,382.63
807.89,332.50,807.56,333.26
808.95,323.64,807.50,320.17
800.36,350.64,801.86,350.29
792.58,367.11,793.81,368.55
806.55,330.58,806.51,331.24
827.35,360.91,826.61,362.37
805.38,319.76,799.71,320.39
819.07,341.01,814.78,341.01
780.41,373.21,780.74,373.22
801.45,342.18,801.87,342.36
805.38,319.76,807.39,320.03
822.17,357.85,822.38,357.62
807.39,320.03,807.08,319.76
809.54,341.68,809.41,342.27
808.25,379.06,807.86,381.59
793.31,357.62,792.15,356.19
799.25,323.78,799.09,324.15
802.77,392.03,802.65,392.14
805.31,332.69,805.60,332.77
777.84,370.69,777.49,370.83
826.57,368.10,825.67,365.77
799.25,323.78,798.89,324.08
828.40,355.79,827.16,355.55
829.95,329.84,829.95,329.92
799.08,323.65,798.89,324.08
784.87,379.76,790.97,380.09
811.25,304.21,811.42,302.99
789.99,379.91,789.99,380.88
799.46,323.62,799.68,323.74
821.70,344.39,821.40,344.71
811.25,304.21,806.62,303.00
796.88,380.07,796.95,379.24
799.46,323.62,799.57,323.61
799.71,344.89,799.49,344.40
799.32,323.48,799.57,323.61
808.09,386.64,802.97,381.44
805.49,328.80,805.62,328.80
819.49,325.06,819.50,325.56
818.39,382.02,818.70,381.39
808.09,386.64,804.42,381.52
805.49,328.80,805.81,328.05
819.49,325.06,819.33,325.44
819.50,325.56,819.33,325.44
762.91,369.82,765.74,369.89
764.85,377.26,765.28,377.63
795.68,340.93,796.18,341.49
792.05,378.88,802.21,371.65
805.41,329.74,805.49,328.80
819.69,325.13,819.76,324.56
819.69,325.13,819.55,324.57
780.44,384.85,779.15,385.26
819.49,325.06,819.55,324.57
819.69,325.13,819.49,325.06
780.87,375.21,780.98,374.63
823.75,321.23,818.32,321.73
801.87,327.73,814.13,327.62
809.44,350.15,807.86,349.22
818.46,321.87,818.32,321.73
826.81,332.04,826.97,332.21
818.46,343.36,818.72,324.65
816.57,320.33,814.89,320.33
824.17,337.12,824.86,337.12
820.65,319.76,816.57,320.33
820.65,319.76,822.35,319.76
806.36,333.82,806.22,333.82
814.65,320.87,814.89,320.33
798.74,373.47,800.74,372.07
816.33,344.44,814.28,342.69
815.35,337.35,814.35,339.25
814.76,320.48,814.89,320.33
820.15,335.80,821.14,336.00
799.25,325.48,799.58,325.08
814.65,320.87,814.76,320.48
814.57,320.93,814.76,320.48
816.57,320.33,816.73,320.39
816.73,320.39,816.50,320.91
834.34,372.40,825.23,369.64
767.77,374.01,767.85,373.52
815.43,332.02,815.59,331.71
814.41,324.48,814.65,324.66
808.25,376.37,808.25,379.06
801.70,320.48,801.51,320.93
815.15,341.44,815.15,341.75
820.04,337.39,821.04,337.37
807.86,376.49,807.50,376.85
801.29,320.87,801.70,320.48
817.57,383.94,808.22,383.38
830.01,330.57,829.95,331.31
824.67,399.51,824.40,400.69
797.39,364.74,797.92,364.52
805.38,319.76,799.84,320.33
801.52,320.33,799.84,320.33
780.49,384.63,779.15,385.26
807.08,319.76,801.52,320.33
826.38,356.56,825.23,356.09
776.74,385.00,776.84,385.25
817.95,380.38,818.81,380.32
830.19,360.72,829.92,357.40
808.95,323.64,808.98,323.87
800.52,337.38,800.59,335.53
799.61,320.87,799.71,320.39
772.87,384.11,771.63,384.50
796.81,342.19,797.49,342.19
826.92,362.74,830.00,360.92
799.61,320.87,799.49,320.91
804.29,399.24,804.35,398.17
799.09,325.13,799.25,325.48
801.74,327.52,802.20,327.67
818.96,392.14,819.18,392.18
827.87,355.33,827.55,355.23
799.09,325.13,799.08,325.60
826.97,440.43,826.84,439.64
787.74,349.66,787.53,349.25
814.46,327.67,802.20,327.67
820.21,308.01,819.30,308.93
798.83,324.65,798.89,324.08
799.09,324.15,798.89,324.08
828.27,327.34,828.73,327.80
818.72,380.35,818.92,379.07
799.03,324.65,799.09,324.15
814.03,363.41,813.42,364.41
817.72,332.70,817.77,332.35
791.74,378.25,791.77,376.69
799.68,325.44,799.46,325.59
799.92,325.49,799.46,325.59
829.34,325.59,824.88,324.43
769.56,384.59,768.60,384.67
791.74,378.25,791.77,379.81
787.78,370.21,787.72,370.64
802.49,320.32,803.28,320.30
799.68,325.44,799.92,325.49
800.12,325.35,799.92,325.49
799.08,325.60,799.25,325.48
792.86,358.65,792.96,358.21
799.46,325.59,799.25,325.48
804.71,423.95,804.53,423.65
791.47,353.11,791.22,352.86
801.89,320.33,802.49,320.32
799.46,325.59,799.08,325.60
799.32,325.73,799.08,325.60
806.68,302.88,811.42,302.99
809.47,440.44,809.99,440.95
812.55,358.16,812.69,360.00
823.33,359.64,823.22,360.09
825.38,329.16,823.93,329.08
799.84,324.08,799.68,323.74
829.68,344.74,830.64,345.79
830.30,355.26,829.87,355.64
777.83,385.16,777.70,384.92
797.47,360.72,797.07,357.54
799.75,324.00,799.68,323.74
799.57,323.61,799.68,323.74
797.47,360.72,797.22,357.40
799.75,324.00,799.57,323.61
784.14,360.00,784.29,361.98
799.44,360.78,799.41,355.32
785.47,376.03,784.87,376.12
809.05,339.52,809.21,339.39
747.78,351.14,744.45,349.98
806.33,328.68,807.56,327.91
816.65,348.24,828.35,348.91
783.97,377.86,783.54,377.96
822.62,323.87,820.96,320.03
807.77,340.50,807.85,340.00
810.88,347.87,811.54,348.91
783.97,377.86,783.71,377.81
795.50,357.40,795.26,360.71
822.62,323.87,822.67,320.03
804.85,329.32,805.49,328.80
822.19,323.78,822.62,323.87
822.19,323.78,808.98,323.87
822.42,359.15,822.39,359.57
809.21,323.78,808.98,323.87
822.19,323.78,809.21,323.78
810.70,341.78,809.41,342.27
805.69,320.03,808.98,323.87
827.12,334.09,827.64,334.23
779.84,384.93,778.91,384.85
817.00,331.29,816.66,331.24
805.50,305.10,805.86,304.77
822.87,357.98,823.22,358.20
730.39,360.00,730.44,360.00
806.58,384.58,805.29,385.10
824.39,340.19,824.74,338.73
805.33,396.03,804.41,398.26
808.98,323.87,807.39,320.03
829.95,329.84,830.00,330.58
768.00,377.61,768.18,377.77
805.52,320.08,805.23,319.82
829.95,329.92,830.00,330.58
767.76,377.40,768.18,377.77
801.29,324.66,801.11,327.63
805.38,319.76,805.23,319.82
805.49,332.67,804.70,331.46
799.46,323.62,799.25,323.78
799.08,323.65,799.25,323.78
794.07,369.49,793.91,369.82
809.22,353.80,810.22,355.74
799.46,323.62,799.08,323.65
799.32,323.48,799.08,323.65
799.46,323.62,799.32,323.48
798.60,321.73,799.71,320.39
805.23,319.82,799.71,320.39
807.56,368.18,807.57,367.19
831.67,331.70,831.81,331.94
810.47,303.57,810.62,302.41
831.26,332.73,831.43,333.05
816.92,382.45,816.90,382.84
803.92,412.92,805.30,413.09
827.44,327.04,828.17,327.20
802.28,370.14,802.44,369.79
830.80,356.14,830.80,362.01
782.12,377.93,781.79,377.87
829.00,347.69,829.02,347.87
823.75,321.23,824.55,324.14
781.98,377.77,781.00,377.49
816.50,344.40,816.50,320.91
781.98,377.77,780.78,377.71
818.32,321.73,816.50,344.40
813.60,310.18,818.77,309.52
797.13,355.35,797.11,355.18
823.12,362.85,826.00,362.87
818.46,321.87,818.32,343.51
799.84,324.08,799.68,323.74
811.58,336.79,811.76,336.83
807.50,320.17,807.08,319.76
806.16,332.33,806.33,332.53
814.89,320.33,814.65,320.87
827.29,327.55,827.77,327.35
824.79,417.64,824.40,417.67
800.74,372.07,801.27,372.99
814.89,320.33,816.33,320.87
814.89,320.33,816.57,320.33
806.51,331.24,806.72,331.31
814.65,320.87,814.57,320.93
814.65,324.66,814.59,324.33
806.51,329.92,806.55,330.58
816.33,344.44,816.33,320.87
806.33,328.68,806.37,329.34
801.54,324.33,801.51,320.93
765.07,383.45,766.25,383.57
828.22,324.35,828.04,324.16
790.47,380.73,791.09,380.76
826.27,332.84,826.03,331.87
783.56,357.86,783.36,360.00
799.61,320.87,799.49,320.91
817.41,379.91,816.58,379.91
784.21,349.00,782.59,350.39
798.74,346.53,800.82,347.02
799.53,332.99,798.84,332.99
821.02,341.34,821.85,342.59
780.09,366.17,785.40,368.08
803.43,398.21,803.37,396.74
826.51,332.67,826.46,332.75
768.32,384.40,769.27,384.48
805.29,385.10,803.95,385.87
814.84,319.50,814.84,320.32
816.33,344.44,816.50,344.40
799.68,325.44,799.46,325.59
807.71,320.42,807.51,319.70
767.29,377.51,767.17,377.66
806.70,337.92,806.87,337.97
799.68,325.44,799.32,325.73
766.97,377.56,767.17,377.66
826.02,406.29,826.72,406.79
801.55,337.31,800.96,340.84
807.02,337.57,806.87,337.97
799.57,325.56,799.32,325.73
796.13,340.79,796.36,341.01
780.86,385.13,779.89,385.22
819.24,325.73,819.10,325.59
811.28,346.95,810.97,347.69
784.07,378.84,783.92,379.07
820.15,362.29,821.90,359.64
793.12,357.85,793.31,357.62
766.84,377.70,766.47,378.04
783.85,378.41,784.07,378.84
799.82,324.56,799.75,324.00
766.47,378.04,765.68,382.34
809.21,342.73,810.31,343.01
824.74,324.37,824.88,324.43
819.71,363.24,819.82,362.35
790.85,372.17,792.83,372.99
776.74,385.00,775.78,384.92
819.27,362.36,819.82,362.35
824.42,324.09,824.55,324.14
813.15,354.51,813.87,356.26
817.53,400.10,815.04,400.57
826.21,416.74,825.70,417.55
829.88,330.39,829.71,330.05
799.79,337.12,800.36,335.53
831.34,332.02,831.79,332.00
824.42,324.09,822.62,323.87
821.75,337.26,819.18,339.19
825.84,360.77,825.84,355.33
770.99,381.65,766.78,382.10
814.44,336.07,813.83,335.46
805.28,330.76,805.34,330.77
822.26,323.64,822.19,323.78
801.89,321.16,801.89,324.46
794.85,356.21,794.73,361.99
823.79,321.38,818.46,343.36
777.84,370.69,780.47,368.80
802.50,319.50,801.89,319.51
816.84,331.30,816.98,331.25
829.38,325.75,826.13,325.83
801.24,401.60,801.95,409.81
800.97,395.98,801.30,398.21
826.08,343.04,826.17,342.89
826.13,325.83,824.88,324.43
791.24,362.29,791.37,362.45
769.09,374.62,769.54,374.18
824.15,353.27,823.71,353.52
787.72,349.36,789.42,348.95
803.94,393.56,804.49,392.12
826.42,342.60,826.17,342.89
825.54,325.32,824.88,324.43
828.64,353.78,829.72,357.86
823.79,338.68,823.85,338.68
808.11,342.78,807.85,342.24
828.22,324.35,827.89,324.09
824.49,337.10,824.35,335.30
822.10,390.20,823.14,390.59
814.49,335.37,814.18,335.07
770.99,381.65,769.73,382.29
798.83,324.65,798.89,325.21
814.44,336.07,814.18,335.07
808.37,339.14,809.33,338.82
829.48,357.07,829.89,357.07
811.01,324.35,810.70,324.09
799.49,344.40,799.49,320.91
817.76,381.13,817.76,380.76
811.98,360.00,811.74,361.20
814.13,342.46,814.95,342.24
798.60,321.73,799.49,320.91
803.28,320.30,808.40,319.71
800.96,333.85,801.55,333.17
797.71,343.18,801.30,342.39
824.82,435.25,825.12,435.77
801.88,309.18,801.89,319.51
814.13,342.46,814.61,342.26
826.82,333.49,826.46,332.75
798.60,321.73,799.49,344.40
779.27,355.80,783.45,355.75
748.90,364.95,750.35,364.21
797.95,355.15,797.39,355.27
807.28,327.47,807.29,327.34
827.13,338.75,827.02,336.58
798.58,343.36,798.83,324.65
802.28,372.17,801.04,372.14
821.15,359.15,821.18,359.57
799.75,325.13,799.57,325.56
801.93,400.54,802.08,400.36
797.71,343.18,798.55,343.45
821.15,359.15,821.78,359.15
821.30,355.22,821.20,355.31
799.75,325.13,799.84,325.06
799.75,325.13,799.90,324.57
816.58,379.91,817.41,379.91
807.64,351.98,808.76,353.81
827.00,340.73,826.94,340.62
821.18,359.57,821.27,359.95
807.37,324.09,824.42,324.09
770.82,384.20,769.56,384.59
807.37,324.09,824.74,324.37
826.08,339.11,826.42,339.52
804.15,382.33,805.26,381.52
826.08,339.11,826.36,339.39
808.95,339.11,809.21,339.39
807.52,324.43,810.54,324.16
770.69,384.58,769.74,384.23
820.91,342.83,821.75,337.26
814.81,333.12,814.77,333.32
807.37,324.09,805.69,320.03
792.27,380.45,802.21,381.21
814.81,333.12,814.63,333.26
807.37,324.09,805.52,320.08
770.82,384.20,769.56,384.59
793.36,381.22,793.33,381.25
825.78,339.03,826.08,339.11
808.66,339.03,808.95,339.11
808.48,329.42,808.56,330.53
803.65,321.38,798.58,321.87
815.59,333.02,816.10,332.97
818.73,445.87,818.79,446.33
826.48,355.82,825.79,359.59
793.67,358.46,793.62,359.05
798.53,396.75,799.45,396.84
774.52,384.52,775.78,384.92
799.84,344.95,799.71,344.89
815.90,380.99,817.21,381.81
780.87,375.21,780.68,375.70
801.65,370.74,795.52,370.74
817.67,336.99,829.14,329.87
811.45,325.69,810.84,324.41
802.79,347.84,804.62,348.96
752.25,358.39,751.51,356.94
791.73,368.26,790.68,368.25
808.55,339.19,808.66,339.03
811.45,325.69,810.84,324.41
819.69,325.13,819.76,324.56
810.44,364.74,809.61,365.70
804.46,344.05,803.20,344.94
780.60,377.85,780.77,377.69
824.98,399.17,825.05,398.17
805.81,333.38,805.49,332.67
827.41,332.81,827.04,332.76
829.84,326.60,829.83,326.67
816.84,331.30,816.49,331.25
829.38,325.75,829.83,326.67
825.64,336.04,829.83,326.67
818.55,393.66,818.68,395.72
819.07,333.77,814.78,333.77
823.79,321.38,825.56,325.45
825.21,339.45,825.48,339.14
808.11,339.45,808.37,339.14
825.21,339.45,825.37,339.57
808.11,339.45,808.28,339.29
825.56,325.45,825.54,325.32
827.41,334.94,828.90,335.72
780.34,377.80,781.66,377.71
821.40,344.71,818.32,343.51
822.64,343.33,818.32,343.51
801.30,342.39,801.24,342.36
816.33,344.44,816.73,344.89
826.87,402.16,826.81,402.23
801.29,324.66,801.29,320.87
810.45,353.11,810.82,352.79
814.47,342.44,802.23,342.44
825.20,403.03,825.23,395.08
824.86,341.77,824.81,341.13
807.77,341.77,807.73,341.13
801.52,397.92,802.08,396.81
768.47,380.73,768.70,380.80
792.10,348.83,790.45,350.24
810.89,360.00,813.83,357.83
801.87,400.00,801.56,397.94
807.77,341.77,807.69,341.13
828.86,325.65,828.22,324.35
817.97,388.87,818.02,389.00
800.77,373.07,800.82,372.97
807.39,320.03,807.08,319.76
802.20,394.01,802.82,398.08
813.18,360.00,813.03,361.90
810.89,360.00,810.54,362.14
828.86,325.65,811.01,324.35
792.10,371.16,792.22,368.67
814.46,360.00,813.03,361.90
807.73,341.71,807.77,341.77
811.63,325.65,811.01,324.35
772.11,370.93,780.69,369.07
824.24,400.45,824.23,400.58
765.33,377.84,762.80,374.35
818.07,349.68,819.68,348.68
831.34,340.87,831.86,342.15
798.58,321.87,798.60,321.73
800.60,352.49,800.63,352.54
788.90,351.84,787.76,353.70
817.12,353.46,819.52,353.50
798.58,343.36,798.60,343.51
802.04,367.15,805.02,367.14
823.17,332.99,823.86,332.99
801.78,319.50,801.78,320.32
806.51,430.78,806.89,430.83
832.25,383.94,831.19,384.11
818.64,324.61,818.28,324.20
819.05,324.57,818.99,324.13
812.18,364.48,811.57,364.17
816.33,320.87,816.50,320.91
814.16,339.21,813.88,337.38
822.19,323.78,822.62,323.87
818.64,324.61,818.99,324.13
807.20,324.14,807.52,324.43
816.65,348.24,815.69,349.25
810.54,324.16,807.52,324.43
814.49,308.76,814.55,309.17
800.61,341.01,795.98,339.31
829.87,355.27,829.48,355.16
827.88,355.29,827.50,355.18
793.60,380.06,796.72,380.32
834.06,346.27,815.76,346.92
809.06,325.59,807.52,324.43
814.65,324.66,814.41,324.48
816.26,348.21,815.12,349.29
805.52,320.08,807.20,324.14
798.79,337.14,799.79,337.12
803.75,321.23,807.20,324.14
819.60,390.57,818.78,389.82
811.63,325.65,811.45,325.69
809.29,446.03,816.87,446.03
749.21,365.87,745.57,366.10
829.84,335.94,829.83,335.79
826.65,333.61,826.46,332.75
798.60,343.51,799.49,344.40
825.64,336.04,829.83,335.79
809.33,338.82,809.67,338.68
798.75,367.02,798.65,367.19
829.40,331.57,829.17,332.50
808.37,339.14,808.66,339.03
821.40,344.71,816.73,344.89
819.50,323.61,819.24,323.48
790.05,379.51,790.21,378.79
799.84,344.95,816.57,344.95
775.05,382.02,774.84,382.35
816.33,344.44,816.57,344.95
799.61,344.44,816.33,344.44
807.91,339.92,808.79,339.72
829.00,326.34,829.12,326.35
795.26,362.95,795.05,362.82
763.36,376.56,763.14,377.96
791.87,371.30,789.98,379.23
829.00,326.34,829.12,336.79
808.63,340.40,807.91,339.92
829.00,336.83,829.12,336.79
831.92,333.26,831.97,332.94
791.87,371.30,790.16,379.21
829.00,326.34,828.86,325.65
829.00,326.34,811.63,325.65
799.64,349.29,802.28,348.68
811.76,326.34,811.63,325.65
803.65,321.38,798.58,343.36
771.08,377.76,769.56,371.21
807.77,341.77,807.73,341.13
799.08,367.91,801.66,369.55
824.69,444.58,824.41,445.11
803.65,321.38,803.75,321.23
831.74,331.46,831.50,331.71
804.77,402.55,805.07,400.51
834.34,372.40,825.23,372.40
794.37,346.42,796.52,346.25
828.01,423.16,827.42,424.02
779.00,385.38,800.32,386.88
809.53,326.60,809.06,325.59
802.28,347.82,801.04,347.86
790.23,365.51,791.22,367.13
817.52,378.33,817.24,378.63
815.01,329.84,814.44,329.23
806.32,376.19,808.25,376.37
771.50,377.87,771.33,377.71
821.70,344.39,824.03,337.92
796.45,377.81,796.21,377.57
765.89,382.20,766.05,382.45
818.08,380.35,818.11,380.78
738.05,350.51,741.19,349.46
824.36,337.57,829.84,335.94
741.34,349.05,741.19,349.46
825.59,336.19,829.84,335.94
825.00,336.84,825.01,336.73
801.68,324.48,814.65,324.66
818.20,379.54,818.11,379.93
821.70,344.39,821.40,344.71
814.78,327.72,814.94,327.87
793.27,380.61,793.47,380.49
805.27,392.31,805.00,391.26
827.45,436.02,826.55,436.50
826.42,329.74,826.64,328.80
826.30,368.10,828.54,368.13
799.84,344.95,816.57,344.95
829.00,336.83,829.12,336.79
801.87,327.73,814.06,327.73
828.75,337.38,829.12,336.79
808.25,379.06,807.23,380.58
824.74,338.73,824.86,337.12
815.52,333.05,815.78,333.31
802.42,363.94,803.04,360.00
792.86,359.64,792.02,356.42
811.76,326.34,829.00,326.34
828.88,365.41,830.17,360.92
829.00,336.83,829.00,326.34
825.41,328.22,814.44,329.23
824.74,338.73,825.22,337.14
804.76,378.03,805.09,378.11
802.42,363.94,802.43,363.92
811.76,326.34,829.00,336.83
815.35,332.73,815.52,333.05
800.63,367.46,802.43,363.92
794.26,359.59,794.19,359.64
811.76,336.83,829.00,336.83
805.84,328.63,806.19,327.81
827.98,355.79,826.66,359.58
812.56,360.00,812.49,360.95
810.44,355.58,811.06,356.59
821.78,360.51,821.98,360.44
799.71,344.89,799.84,344.95
825.48,343.06,825.78,343.15
805.84,328.63,806.00,327.83
814.95,342.24,814.47,342.44
797.75,369.05,796.25,369.96
772.54,383.07,773.88,383.16
801.30,398.21,800.97,395.98
805.65,328.65,806.00,327.83
810.54,389.37,804.27,388.90
803.60,391.20,801.33,391.32
813.32,355.71,812.50,353.73
802.69,343.33,798.58,343.36
821.02,378.88,821.20,379.63
805.33,325.45,802.59,343.18
805.42,329.66,805.61,329.65
827.60,355.34,827.28,355.24
805.33,325.45,805.44,325.32
827.60,355.34,825.94,355.24
826.07,343.63,815.99,344.05
799.92,360.92,798.04,355.64
805.33,325.45,806.00,325.83
827.02,336.58,826.31,343.49
798.64,362.01,798.95,362.04
805.92,325.98,806.00,325.83
825.87,355.35,825.87,360.71
809.05,339.52,809.24,339.93
811.76,336.83,811.76,326.34
796.21,377.57,795.91,377.42
798.64,356.14,798.95,362.04
792.07,377.24,795.91,377.42
800.95,366.70,803.93,366.69
798.89,324.08,798.83,324.65
825.17,342.24,825.04,341.71
831.65,355.22,824.30,355.30
823.44,337.82,823.97,338.06
811.58,326.35,809.54,335.94
825.59,336.19,825.00,336.84
824.03,337.92,825.00,336.84
777.63,384.64,776.71,384.72
799.49,320.91,799.71,320.39
825.59,336.19,824.03,337.92
808.37,339.14,808.66,339.03
820.62,338.87,820.62,339.60
824.78,340.17,823.84,340.17
774.42,377.51,774.66,377.56
805.03,378.99,806.99,378.99
803.49,398.17,803.42,397.16
801.19,395.42,801.58,394.98
801.55,328.36,801.42,327.83
738.11,349.44,735.02,351.02
804.64,344.43,821.26,344.77
800.27,333.69,800.77,333.47
794.09,379.16,795.08,379.16
829.47,330.54,830.01,330.57
804.34,344.77,821.26,344.77
822.50,406.04,823.11,406.31
830.80,342.60,831.33,342.60
808.28,339.29,808.37,339.14
829.98,357.08,829.98,355.53
814.54,340.84,814.01,339.24
799.20,348.21,802.28,348.68
828.75,337.38,828.88,337.32
778.28,356.08,777.51,360.00
807.73,341.13,808.58,341.14
811.76,336.83,829.00,336.83
778.13,356.05,778.28,356.08
808.63,341.88,807.73,341.13
811.52,337.38,828.75,337.38
828.99,344.73,817.16,345.32
826.01,411.92,825.47,411.44
809.26,351.71,809.57,351.32
786.22,369.57,787.72,370.64
783.63,364.21,784.28,366.24
804.47,344.39,804.34,344.77
827.99,357.10,827.79,355.56
828.23,355.30,825.84,360.77
804.92,336.84,802.59,343.18
826.29,331.26,826.46,330.94
767.99,377.61,767.89,375.16
817.88,391.44,816.66,391.80
816.98,333.41,816.64,333.36
826.29,331.26,826.27,331.24
808.11,342.78,807.91,342.33
792.01,381.86,792.14,381.81
804.81,336.73,805.33,325.45
814.16,335.53,814.41,333.79
818.32,321.73,816.50,320.91
802.62,309.96,802.85,309.66
780.09,367.46,784.38,369.15
824.05,335.53,824.74,335.53
827.89,330.70,827.84,331.02
827.97,357.09,827.99,355.56
805.92,325.98,805.33,325.45
807.52,324.43,807.20,324.14
805.41,336.04,809.40,335.79
819.30,379.59,820.64,379.66
821.26,344.77,816.57,344.95
795.52,370.74,796.80,384.07
810.13,304.60,809.91,304.47
800.23,339.31,795.85,337.42
774.41,377.87,772.99,377.86
824.36,337.57,824.03,337.92
789.99,379.91,790.20,380.49
802.28,347.82,802.94,348.01
823.90,337.97,824.36,337.57
825.22,337.14,825.11,335.76
831.97,381.21,821.25,380.67
825.52,431.54,825.40,430.76
789.42,371.05,791.17,371.18
809.73,363.13,809.28,363.13
823.91,353.34,823.91,356.05
781.21,365.08,781.19,367.94
814.83,342.46,815.06,341.91
808.14,406.21,806.71,404.50
809.54,340.41,809.59,341.04
824.22,337.63,824.36,337.57
786.58,357.84,788.78,358.08
814.78,342.36,814.98,341.86
810.55,339.63,810.70,340.29
820.96,320.03,822.35,319.76
823.90,337.97,821.57,344.43
808.28,342.91,808.55,342.99
823.74,333.47,800.77,333.47
826.64,328.80,827.97,329.32
824.22,337.63,828.75,337.38
823.17,332.99,822.50,332.30
817.15,333.27,817.61,333.21
807.02,445.37,808.06,445.87
823.12,337.26,823.12,332.79
809.93,350.19,809.97,350.24
740.45,355.12,741.14,352.45
828.36,324.41,828.04,324.16
811.52,337.38,824.22,337.63
805.85,432.03,806.39,431.62
811.40,302.87,811.29,302.83
804.47,344.39,806.70,337.92
809.54,341.68,809.24,342.17
804.92,336.84,804.81,336.73
780.27,363.49,780.23,360.00
809.36,341.64,809.54,341.68
805.49,336.19,809.54,335.94
812.31,386.94,810.96,383.57
809.95,362.13,809.50,362.15
824.38,372.10,823.71,372.06
784.06,364.22,784.03,364.25
816.73,343.85,817.56,343.85
823.56,339.55,823.73,339.18
815.15,337.31,814.77,333.32
801.66,342.68,814.28,342.69
825.10,370.03,824.11,369.79
804.69,348.33,806.29,349.55
826.34,330.76,827.81,329.99
822.15,358.05,822.29,358.35
809.21,339.39,809.41,339.84
807.02,337.57,809.54,335.94
824.38,372.10,824.15,372.32
784.06,364.22,784.88,366.20
801.66,342.68,814.28,342.56
776.03,384.63,776.24,384.38
826.34,330.76,826.42,329.74
809.21,339.39,810.31,339.11
807.02,337.57,811.35,337.32
830.75,330.57,831.69,331.42
821.93,449.08,812.68,449.38
799.75,324.00,799.57,323.61
809.54,340.41,809.59,341.04
807.17,337.63,824.22,337.63
809.54,340.41,809.41,341.05
807.17,337.63,823.90,337.97
811.50,442.19,811.79,441.72
741.14,369.98,738.80,367.18
820.29,339.25,820.62,338.87
786.01,370.93,799.54,369.07
803.29,319.47,802.50,319.50
817.85,332.97,817.15,333.27
804.59,348.84,806.29,349.55
784.38,369.15,781.87,366.64
809.36,340.46,809.41,341.05
809.36,340.46,809.54,340.41
806.87,337.97,804.64,344.43
826.18,325.98,826.13,325.83
784.71,368.79,784.38,369.15
809.41,339.84,809.36,340.46
806.70,337.92,804.47,344.39
828.67,424.39,828.36,425.06
744.23,364.21,745.68,364.95
802.53,310.29,802.50,319.50
800.12,373.88,798.05,373.63
800.82,340.90,800.44,339.25
805.49,336.19,807.02,337.57
809.84,341.51,809.32,342.77
783.63,384.21,784.91,383.22
828.32,355.32,828.32,360.72
811.35,337.32,811.52,337.38
816.57,320.33,816.33,320.87
807.17,337.63,811.52,337.38
798.53,362.97,801.71,362.97
792.07,379.25,795.91,379.45
783.21,382.67,783.66,378.38
783.44,383.99,784.65,383.03
807.17,337.63,811.35,337.32
806.87,337.97,807.17,337.63
816.47,331.20,818.09,330.57
809.33,343.39,809.67,343.49
819.62,423.69,828.26,421.62
807.86,350.51,809.62,351.42
810.00,343.36,809.67,343.49
808.66,343.15,809.67,343.49
810.00,343.36,808.66,343.15
823.05,357.85,823.22,358.20
818.85,371.38,820.41,377.90
810.31,343.01,810.00,343.36
801.29,320.87,801.51,320.93
802.21,371.65,792.21,379.63
810.55,342.46,810.31,343.01
810.55,342.46,809.21,342.73
812.12,363.62,811.41,365.32
794.84,372.53,794.91,373.49
810.70,341.78,810.55,342.46
777.84,370.69,779.44,370.89
809.54,341.68,810.70,341.78
801.52,320.33,801.29,320.87
804.34,395.66,804.62,396.87
796.60,373.64,796.52,373.75
782.82,370.84,782.54,370.98
810.70,340.29,810.76,341.04
792.96,360.09,793.30,360.31
769.73,382.29,768.34,382.51
817.48,343.51,817.22,344.04
772.22,382.39,771.61,378.25
809.41,339.84,809.54,340.41
809.60,364.25,808.77,366.24
809.41,339.84,810.55,339.63
813.95,319.50,813.95,320.32
783.92,379.07,790.43,379.81
820.21,442.72,820.61,442.05
804.72,398.20,804.64,399.51
803.40,350.84,804.36,350.91
804.18,350.91,803.23,350.83
809.03,339.18,809.33,338.82
804.36,350.91,804.83,350.96
808.11,339.45,808.37,339.14
804.18,350.91,804.36,350.91
772.43,382.73,770.69,382.30
807.77,340.50,807.91,339.92
804.36,350.24,804.18,349.85
795.45,366.22,825.99,366.72
771.86,382.58,771.61,378.25
807.73,341.13,807.77,340.50
809.62,351.42,810.89,351.39
807.91,342.33,807.77,341.77
820.16,342.04,819.56,340.79
824.55,324.14,824.88,324.43
809.03,343.06,808.79,342.54
809.03,343.06,807.91,342.33
809.33,343.39,809.03,343.06
806.71,404.50,805.48,400.61
802.27,402.09,801.74,401.45
826.80,372.17,826.18,372.38
802.22,358.25,802.36,360.00
790.41,347.84,792.39,347.02
809.33,343.39,808.11,342.78
790.47,380.73,790.57,381.56
794.95,359.15,794.92,359.57
799.84,325.06,799.57,325.56
817.09,380.73,816.14,381.56
809.05,342.60,808.81,342.89
798.05,396.34,798.37,396.58
799.90,324.57,799.84,325.06
826.28,344.88,829.68,344.74
773.41,383.56,772.43,382.73
809.41,342.27,809.21,342.73
828.11,331.38,828.00,331.18
812.12,362.84,812.18,364.48
805.79,360.00,809.71,362.15
765.68,381.65,764.32,380.93
815.59,396.34,815.93,396.58
821.13,355.40,821.09,355.45
799.82,324.56,799.90,324.57
810.04,364.22,808.89,363.92
808.55,341.09,807.85,340.00
809.24,342.17,809.05,342.60
808.55,341.09,807.73,340.54
809.24,342.17,809.41,342.27
799.92,325.49,799.73,325.39
808.76,366.19,808.13,365.76
809.36,341.64,809.24,342.17
807.64,368.02,807.64,368.08
809.41,341.05,809.36,341.64
801.04,399.29,800.94,397.97
800.18,370.99,806.24,369.72
805.36,389.67,805.83,389.34
797.39,355.26,798.71,354.56
809.21,339.39,809.41,339.84
815.89,303.99,815.75,303.77
768.02,375.12,768.74,375.46
806.74,388.87,806.33,389.00
795.99,354.62,797.39,355.26
809.36,350.72,809.03,351.17
785.34,376.40,784.83,376.48
808.95,339.11,809.05,339.52
808.55,339.19,808.81,339.26
808.37,339.14,808.55,339.19
811.54,423.70,819.08,424.43
805.59,389.87,805.88,389.90
819.08,449.50,818.95,449.44
821.75,337.26,824.35,335.30
818.97,347.62,819.68,348.68
800.96,340.84,801.55,341.44
829.83,335.79,829.83,326.67
808.28,339.29,808.55,339.19
811.71,302.94,811.40,302.87
829.12,336.79,829.84,335.94
816.57,379.23,816.58,379.91
808.04,339.57,808.28,339.29
807.91,339.92,808.11,339.45
815.15,341.44,814.81,341.77
774.74,377.90,773.70,382.21
816.73,343.85,817.56,343.85
814.16,335.53,814.54,333.85
811.01,324.35,828.22,324.35
807.77,340.50,807.91,339.92
807.73,340.54,807.85,340.00
803.66,415.24,804.63,415.32
791.97,371.23,790.45,369.76
807.73,341.13,807.77,340.50
767.87,381.33,766.66,381.94
807.73,341.13,807.73,340.54
807.69,341.13,807.73,340.54
780.69,369.07,780.98,369.20
798.60,343.51,798.60,321.73
815.15,337.31,814.16,335.53
829.14,329.87,817.67,329.82
783.85,378.41,783.77,377.94
807.69,341.13,807.73,341.13
792.90,372.07,792.83,372.99
807.73,341.71,807.69,341.13
807.67,324.37,807.37,324.09
807.91,342.33,807.77,341.77
803.91,368.07,804.15,367.69
824.35,333.57,823.86,332.99
825.21,342.78,825.48,343.06
828.22,324.35,828.36,324.41
808.11,342.78,807.91,342.33
819.66,318.84,819.73,319.69
799.73,325.39,799.25,325.48
808.07,309.55,808.05,318.84
824.11,343.06,825.21,342.78
822.13,343.37,817.48,343.51
808.04,342.65,807.85,342.24
821.69,332.41,822.47,333.05
824.43,343.39,824.11,343.06
768.24,373.10,768.48,373.22
820.28,318.85,820.46,319.70
799.68,323.74,800.12,323.82
825.56,325.45,822.67,343.18
769.01,374.63,768.90,374.05
833.30,341.71,822.13,343.37
808.28,342.91,808.66,343.15
828.68,328.65,828.99,328.53
803.04,367.94,803.19,367.99
808.28,342.91,808.04,342.65
826.13,426.40,825.76,425.66
793.08,360.95,793.66,361.54
776.24,384.38,777.38,384.75
822.19,323.78,814.41,324.48
806.68,389.19,808.60,388.76
796.24,357.51,797.29,356.51
826.09,386.64,820.11,381.25
799.84,344.95,816.33,344.44
796.94,358.82,796.84,360.00
801.18,333.32,801.22,333.12
799.84,344.95,799.61,344.44
830.10,376.59,828.62,378.59
801.25,333.26,801.28,333.12
826.57,398.21,826.45,396.71
789.35,380.49,789.12,379.91
808.58,446.33,809.29,446.03
802.80,348.42,804.79,348.46
815.10,344.03,818.03,343.91
775.53,382.93,773.80,382.49
772.70,383.49,772.12,383.45
825.37,339.57,825.62,339.29
813.87,336.33,819.61,338.40
818.09,330.57,817.58,332.00
816.96,340.79,816.80,340.85
820.41,342.65,820.55,342.65
826.64,343.76,827.09,343.87
813.04,393.99,814.14,393.99
811.63,325.65,828.86,325.65
814.63,341.40,814.66,341.54
827.04,332.76,826.71,332.54
815.78,333.31,815.52,333.05
827.75,330.73,827.81,329.99
792.78,370.60,794.63,370.64
814.63,341.40,814.77,341.33
827.02,336.58,827.20,337.63
814.41,340.91,814.63,341.40
808.11,369.92,806.29,370.45
779.12,384.76,777.83,385.16
798.19,343.08,798.19,337.26
801.22,341.53,801.18,341.33
780.51,373.10,780.74,373.22
814.66,333.12,814.63,333.26
806.14,304.52,810.43,303.90
768.74,373.75,768.64,374.14
766.66,381.94,765.33,382.15
802.21,381.21,804.69,378.98
823.86,332.99,823.18,332.30
827.57,330.54,827.22,330.48
828.62,344.90,814.39,344.90
809.57,351.32,810.82,352.79
788.63,360.00,788.78,361.92
814.81,333.12,814.66,333.12
814.14,393.99,814.28,394.56
816.90,332.94,817.06,332.79
793.52,382.84,793.56,382.72
815.15,337.31,815.15,341.44
815.06,328.18,816.33,320.87
769.58,374.64,769.07,375.16
817.06,331.94,816.90,331.79
823.77,338.70,824.11,339.05
800.96,333.85,801.18,333.32
799.90,324.57,800.31,324.57
808.63,340.40,808.79,339.72
823.97,339.33,823.77,338.70
801.55,337.31,801.55,333.17
828.78,422.97,827.70,423.70
801.55,337.31,801.55,341.44
801.24,364.63,824.76,364.73
814.81,341.53,814.81,341.77
776.03,384.63,777.17,385.26
801.55,341.44,801.55,341.75
801.22,341.53,801.22,341.77
823.97,428.37,823.08,428.85
816.19,389.87,816.60,389.79
825.90,341.09,826.62,339.93
804.41,373.20,806.42,372.36
801.22,341.77,801.55,341.75
801.22,341.77,801.75,342.24
810.04,355.78,810.22,355.74
787.76,366.30,787.91,366.26
807.32,390.37,806.21,390.88
817.00,333.41,816.66,333.47
823.64,339.45,823.33,339.69
801.42,342.26,801.75,342.24
801.22,341.77,801.42,342.26
825.13,343.36,824.78,343.49
787.85,368.97,789.02,371.05
741.14,350.02,743.47,352.82
809.62,351.42,809.26,351.71
802.23,342.44,801.75,342.24
780.44,376.02,780.19,376.12
802.23,342.44,801.42,342.26
824.36,372.32,818.58,377.77
801.90,342.46,801.42,342.26
801.90,342.46,802.23,342.44
806.00,325.83,805.44,325.32
824.15,353.27,819.83,353.27
792.67,351.71,791.47,353.11
825.11,338.53,825.22,337.14
814.13,342.46,801.90,342.46
818.84,309.86,819.63,309.57
822.62,323.87,820.96,320.03
818.92,381.72,818.82,382.03
819.10,381.53,819.24,381.23
814.13,342.46,814.47,342.44
814.61,342.26,814.95,342.24
814.61,342.26,814.95,342.24
823.71,340.19,824.39,340.19
825.23,356.09,824.47,356.10
789.02,379.84,789.35,380.49
814.81,333.12,814.81,328.39
821.26,344.77,821.70,344.39
823.17,341.36,823.86,341.36
766.55,371.11,766.50,377.54
801.64,400.45,801.30,398.21
807.44,334.02,807.65,334.05
818.28,325.08,818.43,325.39
801.75,327.80,802.23,327.60
799.84,324.08,800.26,324.13
830.44,362.76,830.63,362.66
827.25,400.36,827.44,398.26
795.64,349.55,797.34,348.84
828.53,332.93,828.40,332.40
787.08,364.26,789.23,363.79
801.75,342.24,801.55,341.75
801.28,341.54,801.27,341.75
829.26,353.23,830.37,354.92
826.44,333.63,826.27,332.84
819.71,363.24,819.27,362.36
808.77,330.53,808.48,331.64
801.45,342.18,801.27,341.75
809.03,351.17,812.26,351.10
814.49,342.18,814.06,342.36
803.94,393.56,805.01,393.56
768.72,373.56,768.90,374.05
817.75,379.24,817.76,379.84
768.72,373.56,768.95,374.10
830.60,372.51,830.98,372.64
784.03,364.25,787.76,366.30
768.78,373.64,768.95,374.10
826.41,398.21,826.57,398.21
823.37,343.86,824.19,345.93
801.45,327.90,801.87,327.73
814.66,333.12,801.27,328.41
813.87,329.87,802.82,329.82
825.40,365.77,825.26,365.78
779.66,373.41,779.85,373.51
801.25,333.26,814.41,333.79
801.03,333.79,814.41,333.79
792.60,377.63,796.21,377.57
811.35,337.32,809.54,335.94
813.88,337.38,814.01,335.50
824.58,405.02,825.20,403.03
814.31,308.40,811.89,305.26
815.35,337.35,814.22,337.41
818.09,335.51,816.47,333.54
813.88,337.38,800.65,335.50
826.29,441.38,825.87,441.74
807.67,324.37,827.89,324.09
800.52,337.38,800.65,335.50
771.33,377.71,769.89,377.71
781.79,383.88,782.99,382.93
823.90,337.97,824.22,337.63
814.01,339.24,813.88,337.38
800.52,337.38,813.88,337.38
818.72,380.35,818.92,381.72
800.65,339.24,800.52,337.38
800.65,339.24,814.01,339.24
801.03,340.91,800.65,339.24
804.15,367.69,805.54,367.43
814.63,341.40,814.41,340.91
771.97,383.02,772.03,382.83
800.12,325.35,799.92,325.49
801.03,340.91,814.41,340.91
823.50,394.84,824.22,395.86
814.63,341.40,801.03,340.91
774.52,384.52,773.23,383.78
784.76,363.92,783.37,363.13
801.25,341.40,801.03,340.91
830.00,356.15,830.00,360.92
814.48,327.90,814.66,328.41
801.27,328.41,814.48,327.90
801.45,327.90,814.48,327.90
801.27,328.41,801.45,327.90
782.89,370.27,786.43,372.07
772.70,383.49,773.94,382.53
828.55,331.98,828.38,332.32
817.94,380.71,818.62,380.65
806.10,348.49,807.86,349.22
809.69,446.48,817.11,446.48
813.68,310.51,813.67,319.47
790.16,379.21,789.98,379.23
802.03,394.84,802.47,395.02
805.34,330.77,805.53,330.77
814.16,335.53,814.54,333.85
814.41,333.79,814.54,333.85
814.59,324.33,814.57,320.93
809.69,446.48,816.87,446.03
823.56,337.82,823.73,338.18
813.68,310.51,813.95,319.50
827.98,360.92,828.99,355.14
769.09,374.62,768.64,375.06
805.61,331.87,805.34,330.77
829.50,355.27,828.99,355.14
816.73,320.39,816.50,320.91
814.01,335.50,814.41,333.79
773.00,382.78,772.53,378.34
818.70,325.13,818.28,325.08
814.65,320.87,814.59,324.33
777.28,384.64,776.00,385.04
800.96,333.85,801.03,333.79
814.65,320.87,814.65,324.66
812.94,355.96,801.24,361.37
800.65,335.50,800.96,333.85
817.12,353.46,817.11,362.81
784.60,369.05,786.09,369.96
817.15,382.99,817.66,382.89
778.78,362.11,778.77,362.12
778.61,360.00,778.78,362.11
805.84,332.86,805.42,331.87
800.59,335.53,800.96,333.85
818.28,324.20,818.23,324.64
822.48,355.65,812.94,355.96
784.79,368.69,786.22,369.57
814.02,337.38,814.16,335.53
769.09,374.62,769.28,373.51
778.62,383.67,778.61,383.88
814.01,335.50,814.16,335.53
816.50,320.91,816.50,344.40
808.95,343.04,808.66,343.15
814.02,337.38,814.01,335.50
818.70,324.15,818.28,324.20
816.33,320.87,816.50,344.40
813.88,337.38,814.01,335.50
779.21,371.11,780.26,373.20
822.35,390.22,821.94,389.72
821.87,408.58,820.94,409.97
805.50,305.26,805.85,307.04
818.64,324.65,818.70,324.15
801.88,399.94,802.10,399.45
820.41,377.90,820.75,378.29
826.92,362.74,830.44,362.76
830.19,360.72,829.98,357.08
800.59,335.53,800.65,335.50
809.21,342.73,808.95,343.04
787.91,353.73,789.96,354.43
804.35,398.17,803.42,397.16
806.19,333.63,806.64,334.11
800.46,337.38,800.59,335.53
813.88,337.38,814.02,337.38
801.54,324.33,801.29,320.87
828.05,357.40,827.99,357.10
822.26,323.64,822.62,323.87
814.01,339.24,813.88,337.38
801.30,332.26,796.96,332.37
826.27,328.65,826.65,327.83
826.07,343.63,829.38,343.51
814.61,327.83,814.81,328.39
800.65,339.24,800.52,337.38
814.06,327.73,814.48,327.90
800.59,339.21,800.46,337.38
814.01,339.24,814.16,339.21
829.85,444.22,829.46,444.67
813.87,344.31,819.61,339.39
814.41,340.91,814.01,339.24
804.64,344.43,804.34,344.77
800.59,339.21,800.65,339.24
791.66,363.20,793.93,365.91
801.28,341.54,801.25,341.40
808.66,339.03,809.67,338.68
801.45,342.18,801.27,341.75
817.39,382.80,818.02,382.42
824.31,400.33,824.38,400.31
801.45,342.18,801.22,341.77
804.36,352.48,805.54,352.57
809.60,364.25,809.86,363.13
801.87,342.36,801.45,342.18
809.03,339.18,808.37,339.14
827.05,406.21,823.11,406.31
815.52,332.26,814.78,333.77
801.90,342.46,801.42,342.26
808.11,339.45,809.03,339.18
822.16,419.28,822.09,418.83
809.84,363.13,809.58,364.21
814.06,342.36,801.87,342.36
801.90,342.46,801.87,342.36
814.06,342.36,801.90,342.46
826.54,332.55,826.86,332.71
801.65,386.37,800.66,386.28
808.23,331.57,808.02,332.50
792.01,381.86,792.83,382.45
770.90,382.63,770.69,382.30
821.26,380.45,831.97,381.21
814.61,342.26,814.13,342.46
784.87,379.76,785.34,379.47
817.68,401.12,815.04,400.57
828.47,331.97,828.31,332.29
764.68,380.65,764.32,380.93
797.22,380.51,797.03,379.25
772.75,384.95,773.73,385.03
799.75,324.00,799.84,324.08
803.96,401.60,803.44,402.17
804.18,349.85,804.18,350.91
808.58,341.14,808.63,340.40
824.69,444.58,829.07,442.19
803.65,321.38,799.57,323.61
814.61,342.26,814.49,342.18
800.96,340.84,801.18,341.33
801.03,340.91,801.25,341.40
814.66,341.75,814.81,341.77
797.13,355.35,797.21,355.33
812.45,358.57,812.11,357.17
808.79,342.54,808.63,341.88
827.79,360.71,829.76,357.54
808.79,342.54,807.77,341.77
808.11,342.78,809.03,343.06
794.32,346.58,798.67,346.42
814.48,327.90,814.66,328.41
804.96,355.83,802.22,358.25
796.52,346.25,798.67,346.42
820.99,356.42,822.01,358.21
814.81,328.39,814.66,328.41
824.47,372.40,824.47,369.63
794.32,346.58,796.40,347.07
814.48,327.90,814.81,328.39
821.58,360.44,821.78,360.51
808.37,343.06,808.11,342.78
794.18,360.44,794.36,360.51
809.33,343.39,808.37,343.06
821.27,359.95,821.41,360.25
816.81,380.49,817.09,380.73
829.81,355.31,829.48,355.21
814.13,327.62,814.61,327.83
797.70,350.20,799.33,349.25
817.15,333.27,816.84,333.43
803.51,395.19,805.01,393.56
801.87,327.73,814.06,327.73
818.72,380.35,818.20,379.54
801.90,327.62,814.13,327.62
797.53,360.78,797.21,360.77
790.26,378.73,790.48,379.16
789.73,378.84,790.00,379.38
809.41,342.27,809.05,342.60
789.23,360.00,788.90,360.00
801.42,327.83,801.90,327.62
805.45,362.11,805.12,364.20
799.75,325.13,799.82,324.56
809.54,341.68,809.41,342.27
798.31,362.76,798.48,362.66
801.27,328.41,801.45,327.90
788.00,347.07,790.28,347.75
782.82,363.13,783.18,363.13
783.51,367.59,784.79,368.69
801.42,327.83,801.45,327.90
814.77,341.33,814.81,341.53
811.34,304.64,811.26,304.42
828.66,389.37,822.10,388.90
804.75,391.29,802.26,391.69
826.74,416.32,826.20,415.84
801.27,328.41,801.42,327.83
782.56,369.55,782.59,369.61
796.82,347.31,798.81,347.47
789.04,351.89,790.97,352.79
801.22,328.39,801.42,327.83
762.20,374.95,762.20,380.73
801.34,361.88,801.09,364.29
821.49,441.52,829.81,441.46
828.99,330.65,828.03,331.37
830.60,372.51,830.33,371.28
796.37,340.38,796.05,338.97
803.23,350.83,803.40,350.84
804.84,411.10,814.81,411.10
772.86,378.01,773.20,377.96
762.80,374.35,762.77,374.22
780.00,383.56,780.98,382.73
795.26,380.44,795.21,379.77
802.65,386.28,801.65,386.37
816.32,340.97,816.32,344.14
815.54,346.23,816.32,344.14
809.59,365.44,810.44,364.42
807.16,388.79,808.40,388.64
815.68,341.06,815.75,340.89
815.90,332.79,816.06,332.94
827.41,331.61,828.00,331.18
828.95,359.57,829.78,360.92
824.66,340.47,824.83,340.39
824.59,340.64,824.59,345.96
823.67,347.05,816.03,347.30
800.03,340.19,799.35,340.19
808.32,309.86,803.29,319.47
824.19,340.59,823.51,340.30
815.78,347.16,816.03,347.30
807.29,327.34,807.73,327.80
815.78,347.16,823.67,347.05
808.05,318.84,808.40,319.71
801.51,320.93,801.70,320.48
807.44,327.20,807.73,327.80
799.75,325.13,799.82,324.56
823.93,346.89,823.67,347.05
823.86,332.99,823.18,332.30
807.67,307.66,808.15,309.23
797.71,331.43,796.96,332.37
824.19,345.93,815.54,346.23
807.78,383.42,810.60,383.56
819.83,353.27,820.27,353.52
768.33,373.21,769.28,373.51
765.33,382.15,764.00,381.94
815.27,336.30,828.69,335.69
823.86,332.99,822.50,332.30
815.27,336.30,818.46,336.30
798.65,367.19,795.14,367.19
740.45,355.12,742.04,354.87
820.29,307.91,820.29,308.43
800.31,337.41,800.44,335.56
780.99,385.38,801.38,386.97
800.20,357.68,799.93,358.83
801.42,367.67,802.94,367.60
789.63,378.24,790.26,377.77
815.78,347.16,824.12,346.50
823.93,346.89,824.12,346.50
815.78,347.16,823.93,346.89
767.63,384.59,768.21,384.63
796.00,357.37,797.68,357.36
818.46,321.87,818.32,321.73
823.37,340.63,823.37,343.86
828.32,355.32,828.39,355.21
796.42,351.45,809.03,351.17
810.38,427.45,810.35,426.03
797.95,373.70,800.12,373.88
804.07,419.57,804.29,419.60
797.29,348.46,798.52,348.42
824.19,340.59,824.19,345.93
825.35,360.91,826.35,355.17
816.28,347.56,834.37,347.40
825.90,341.09,825.04,340.54
822.01,360.09,822.17,360.44
808.37,343.06,808.28,342.91
827.46,420.73,826.92,420.25
810.22,355.74,812.49,353.70
789.01,379.24,789.02,379.84
815.76,346.92,815.98,347.40
795.26,360.71,797.47,360.72
834.14,346.92,815.98,347.40
790.05,379.51,789.02,379.84
834.37,347.40,815.98,347.40
826.69,340.72,826.94,340.62
821.78,359.15,821.27,359.95
831.07,376.71,829.75,378.48
801.18,333.32,801.25,333.26
809.35,358.01,810.54,357.86
824.50,346.64,824.59,345.96
808.81,342.89,808.55,342.99
802.45,350.91,802.45,350.24
795.62,355.33,795.94,355.23
809.24,342.17,809.05,342.60
814.77,341.33,814.66,341.54
797.62,352.04,796.44,353.04
823.12,337.26,823.76,332.97
823.67,347.05,823.93,346.89
824.32,340.26,823.51,340.30
824.12,392.31,822.75,391.29
828.91,335.42,828.69,335.69
831.29,343.22,830.80,342.60
800.23,339.31,800.09,337.42
814.18,335.07,814.04,334.55
795.52,355.57,795.52,357.09
808.81,339.26,809.05,339.52
824.19,340.59,823.37,340.63
823.51,340.30,823.37,340.63
824.32,340.26,823.51,340.30
818.57,444.93,812.18,448.49
797.47,360.91,797.47,355.17
807.85,340.00,808.04,339.57
815.67,340.68,816.45,340.64
816.32,340.97,816.45,340.64
815.67,340.68,816.32,340.97
828.18,342.71,803.23,344.33
816.48,332.37,817.16,332.14
815.54,341.00,816.32,340.97
818.20,381.17,818.72,380.35
824.76,364.73,824.58,364.91
824.74,324.37,828.04,324.16
815.67,340.68,815.54,341.00
819.33,400.19,820.23,402.27
826.42,342.60,826.17,342.89
826.13,441.63,825.59,442.17
809.26,368.29,808.11,369.92
776.51,383.76,775.00,383.66
818.39,382.02,818.25,382.24
829.54,332.53,829.23,332.88
796.40,347.07,798.67,346.42
815.99,340.55,816.45,340.64
795.54,385.75,804.27,388.90
815.67,340.68,816.45,340.64
808.66,339.03,808.81,339.26
819.33,400.19,817.53,400.10
829.54,332.53,829.58,332.33
815.99,340.55,815.67,340.68
825.78,365.78,827.13,360.91
824.36,337.57,824.03,337.92
805.99,392.49,805.46,393.88
825.31,398.84,825.35,398.14
809.73,363.13,808.89,363.92
814.95,327.80,815.15,328.36
814.77,333.32,814.81,333.12
801.80,369.61,807.64,368.08
817.66,382.89,817.15,382.99
823.31,351.71,830.95,351.71
815.68,341.06,815.68,346.27
831.29,343.22,831.29,343.22
823.48,423.28,822.97,422.54
829.02,332.66,828.73,333.36
797.99,367.43,798.91,368.79
825.40,365.77,826.57,368.10
804.18,344.71,804.34,344.77
816.28,347.56,823.96,347.32
806.19,333.63,805.84,332.86
807.64,366.85,807.77,366.70
831.65,355.22,825.37,354.99
823.44,337.82,823.64,337.93
815.60,346.78,815.98,347.40
805.91,424.07,805.60,424.50
815.76,346.92,815.98,347.40
817.07,324.24,817.07,306.97
806.22,327.55,805.71,328.27
824.50,346.64,823.93,346.89
824.50,346.64,824.27,347.13
816.28,347.56,815.78,347.16
811.52,337.38,811.58,336.79
805.71,333.02,806.68,333.95
794.01,358.05,793.88,358.35
830.07,344.04,830.18,343.99
815.55,332.22,815.52,332.26
811.52,337.38,811.76,336.83
801.45,342.18,814.06,342.36
823.96,347.32,816.03,347.30
808.98,323.87,822.62,323.87
752.29,360.00,751.73,360.00
807.14,333.76,805.71,333.02
820.50,331.43,819.70,332.37
824.27,347.13,823.93,346.89
818.02,376.82,818.39,377.25
823.67,347.05,823.96,347.32
800.46,337.38,800.52,337.38
764.01,382.10,762.77,381.46
768.95,382.63,768.79,382.39
811.37,368.11,809.97,369.76
796.60,373.64,796.82,372.69
814.54,340.84,814.16,339.21
751.75,363.38,751.73,360.00
804.70,331.46,805.28,331.77
803.01,398.81,804.07,398.81
824.59,340.64,824.59,345.96
805.17,367.97,803.91,368.07
801.29,320.87,799.61,320.87
823.97,395.02,823.68,395.35
732.48,366.43,732.66,366.19
824.19,340.59,824.19,345.93
779.72,370.75,782.54,370.98
830.04,355.80,830.20,355.52
824.19,340.59,824.66,340.47
816.73,341.02,816.80,340.85
766.78,382.10,765.40,382.32
810.31,339.11,810.55,339.63
806.22,333.82,805.38,332.93
815.54,346.23,815.60,346.78
791.06,348.69,792.90,347.93
823.33,358.65,823.36,359.15
810.31,339.11,809.41,339.84
798.95,356.16,799.06,355.74
815.68,346.27,815.76,346.92
827.97,355.57,827.55,357.09
828.04,324.16,828.36,324.41
801.28,341.54,814.66,341.54
768.50,384.11,769.74,384.50
747.78,368.86,749.72,366.19
805.89,332.65,806.04,332.88
815.68,341.06,815.75,340.89
810.00,338.78,809.21,339.39
821.97,414.50,822.06,414.54
809.35,361.98,809.95,362.13
801.28,341.54,814.63,341.40
815.68,341.06,815.67,340.68
825.90,341.09,826.42,342.60
802.28,350.91,802.45,350.91
803.43,398.21,804.09,396.18
813.87,344.31,802.97,345.15
730.39,360.00,730.65,360.00
806.33,332.53,805.89,332.65
791.48,377.90,791.80,378.29
827.32,355.18,827.68,355.29
815.54,341.00,815.67,340.68
774.30,384.44,775.61,383.68
808.95,339.11,810.00,338.78
815.54,341.00,815.68,346.27
815.75,340.89,815.67,340.68
801.52,397.92,801.26,395.84
800.47,371.95,802.28,370.14
801.87,342.36,801.42,342.26
800.26,325.02,799.84,325.06
804.36,350.24,804.36,350.91
808.79,339.72,809.03,339.18
806.55,330.58,806.77,330.57
834.00,340.55,815.99,340.55
815.92,340.82,815.99,340.55
808.79,339.72,808.11,339.45
814.13,342.46,801.90,342.46
804.38,400.69,803.96,401.60
821.80,359.15,821.18,358.73
804.94,350.29,804.36,350.24
807.91,339.92,808.11,339.45
804.46,344.05,812.93,344.66
732.48,353.56,732.66,353.80
802.97,381.44,804.42,381.52
825.78,343.15,826.08,343.04
806.72,329.84,806.55,330.58
828.99,330.65,828.99,328.53
833.82,340.82,815.92,340.82
808.65,353.48,808.67,353.78
806.37,331.84,806.16,332.33
828.99,330.65,828.17,329.46
808.01,411.20,808.31,410.67
821.25,399.06,821.48,400.02
801.38,373.09,803.37,372.27
806.04,328.36,806.16,328.89
824.65,340.13,824.32,340.26
807.91,342.33,808.79,342.54
811.86,365.51,811.41,365.32
828.55,354.37,828.89,354.37
795.26,337.39,795.94,337.39
794.78,362.37,794.89,362.63
802.06,355.13,802.13,355.34
821.75,337.26,819.18,335.61
829.84,326.60,829.12,326.35
765.33,373.53,765.40,373.36
809.73,363.13,809.84,363.13
823.76,340.46,823.59,340.53
790.46,378.22,790.58,378.31
828.14,330.95,827.89,330.70
824.47,372.40,824.47,369.63
794.63,349.36,796.25,350.03
814.06,327.73,814.61,327.83
816.73,341.02,816.96,340.79
791.66,363.20,790.96,368.41
824.42,324.09,822.80,320.08
780.02,373.52,779.83,374.01
803.92,412.92,808.06,445.87
816.73,341.02,816.96,340.79
828.91,343.32,828.71,343.32
802.88,393.46,804.49,392.12
801.83,400.00,801.52,397.92
826.36,342.73,826.17,342.89
826.71,335.57,823.33,337.71
824.36,340.46,824.36,343.58
781.87,366.64,784.38,369.15
808.96,325.75,805.92,325.98
818.46,321.87,819.24,323.48
817.56,340.79,817.56,343.85
825.45,422.48,825.12,422.07
824.36,343.58,817.56,343.85
823.52,343.58,824.36,343.58
814.49,329.98,814.18,335.07
825.04,341.71,825.00,341.13
823.79,338.24,823.64,337.93
828.05,367.46,829.50,360.92
823.37,340.63,823.51,340.30
816.77,340.51,816.45,340.64
802.82,398.08,801.27,395.50
823.84,340.17,823.51,340.30
802.95,400.73,804.02,400.73
823.84,340.17,823.59,340.53
801.04,347.86,800.96,348.27
809.48,369.79,807.86,370.78
805.60,330.65,804.70,330.06
816.32,340.97,816.80,340.85
807.85,342.24,807.91,342.33
824.16,338.68,824.11,338.32
816.32,344.14,816.32,340.97
828.88,328.27,829.23,328.36
804.30,366.17,809.60,364.25
822.39,395.23,822.94,394.12
817.71,340.51,833.88,340.51
808.04,342.65,808.11,342.78
820.63,378.37,817.41,378.69
807.57,352.82,807.64,353.15
826.28,402.55,826.67,400.54
820.11,381.25,819.95,381.22
811.05,307.06,810.43,306.93
821.02,378.88,820.89,378.95
824.12,400.70,824.38,400.31
801.28,333.12,801.22,333.12
823.77,339.44,823.97,339.33
823.52,343.58,823.52,340.69
823.52,343.58,823.37,340.63
794.36,359.15,794.01,358.05
824.27,347.13,824.50,346.64
801.25,341.40,801.18,341.33
824.36,340.46,824.78,340.17
795.25,350.21,796.87,349.22
804.07,419.57,804.96,420.12
808.26,368.09,811.35,368.16
816.77,340.51,816.96,340.79
817.56,340.79,817.71,340.51
828.06,332.54,828.12,332.58
766.94,384.24,768.21,384.63
768.94,383.26,767.97,382.45
771.33,377.71,771.50,377.87
829.26,329.42,829.34,330.53
814.39,344.90,841.38,344.43
828.38,332.32,828.12,332.58
820.29,339.25,819.77,339.33
792.67,351.71,792.22,351.32
823.96,347.32,824.27,347.13
824.05,398.24,823.46,399.35
827.96,338.88,827.09,343.87
779.29,377.61,779.71,375.16
817.16,332.14,817.72,332.01
810.70,324.09,827.89,324.09
773.10,384.33,773.59,384.50
802.29,346.29,802.37,346.37
818.01,332.67,817.85,332.97
796.29,347.15,798.25,347.97
814.09,328.38,803.33,329.24
820.00,339.86,823.33,339.69
818.91,395.70,818.99,393.73
810.62,302.41,815.40,302.30
814.67,329.61,814.09,328.38
813.67,319.47,813.67,320.30
814.67,329.61,828.30,328.38
809.86,356.87,809.28,356.87
780.12,358.25,779.99,360.00
821.16,355.52,821.20,355.31
827.89,330.70,827.57,330.54
780.77,377.69,779.29,377.61
829.89,360.92,830.08,359.57
801.27,328.41,801.22,328.39
827.39,398.26,827.27,396.18
833.83,329.84,815.27,329.01
829.14,329.87,829.19,329.69
807.45,445.11,812.07,442.72
806.24,350.28,806.25,350.35
790.00,379.38,789.73,378.84
828.88,337.32,829.12,336.79
829.84,335.94,829.12,336.79
828.16,353.39,829.27,358.05
801.65,370.74,802.65,386.28
829.14,329.87,829.19,335.90
827.83,336.29,827.41,334.94
801.65,370.74,806.51,384.07
790.41,347.84,789.37,349.73
805.60,332.77,806.04,332.88
748.07,351.02,744.72,349.59
805.28,329.74,805.49,328.80
808.09,422.83,807.78,423.26
805.71,333.02,806.04,332.88
826.97,331.02,826.29,330.95
817.52,329.41,828.30,328.38
817.52,329.41,817.16,329.24
823.52,340.69,823.51,340.30
828.05,357.40,828.19,357.52
826.85,360.91,827.05,359.58
807.44,327.20,807.89,327.67
821.78,359.15,822.15,358.05
829.37,333.40,803.23,344.33
814.67,335.72,814.67,329.61
814.67,335.72,828.90,329.61
802.44,369.14,802.28,369.13
792.05,378.88,792.21,379.63
776.35,384.21,776.34,383.99
828.53,328.42,828.88,328.27
805.17,367.97,806.40,367.67
809.53,326.60,809.40,326.67
817.52,345.15,817.16,345.32
800.27,340.58,800.64,338.92
821.07,355.55,821.09,355.45
814.18,330.29,814.04,330.81
802.65,352.04,803.91,351.94
802.79,394.65,803.27,394.84
823.47,395.81,823.58,395.55
748.31,362.33,748.68,360.00
795.26,360.71,795.29,355.57
783.92,379.07,784.34,379.49
772.87,384.11,772.67,383.86
826.09,386.64,832.25,383.17
807.73,340.54,807.77,340.50
801.73,400.70,801.97,400.63
789.35,380.49,789.64,380.73
771.93,379.35,772.15,377.96
829.19,335.90,828.90,335.72
779.47,375.73,779.66,375.83
771.93,379.35,771.93,376.56
826.31,343.49,826.64,343.76
828.70,328.99,828.63,328.56
828.88,365.41,829.16,365.41
774.71,384.95,773.73,385.03
827.18,330.91,826.97,331.02
808.14,406.21,811.76,406.31
763.36,376.56,763.14,377.96
833.81,378.94,828.65,378.70
815.33,342.16,801.30,342.39
817.67,329.82,817.52,329.41
817.82,380.43,817.77,381.09
825.06,329.47,825.06,334.39
769.03,370.84,772.39,371.08
771.22,378.28,771.36,378.30
793.44,381.00,793.57,381.60
798.51,399.96,798.94,401.83
828.70,328.99,828.63,328.56
798.51,399.96,798.36,397.91
828.70,328.99,829.19,329.69
780.16,382.59,780.62,378.19
821.43,334.74,821.89,333.73
829.19,329.69,828.90,329.61
807.28,333.76,807.29,333.88
804.15,367.69,804.36,367.52
831.79,332.00,831.74,332.34
780.85,374.10,780.83,374.63
790.48,377.33,790.26,377.77
825.37,342.65,825.17,342.24
821.43,334.74,821.02,333.18
829.19,329.69,828.90,335.72
817.15,331.42,817.15,331.46
825.21,342.78,825.17,342.24
820.49,334.35,821.02,333.18
829.19,335.90,828.90,335.72
779.41,382.63,779.62,382.30
814.24,337.42,814.38,335.51
825.63,393.98,824.31,392.35
810.59,307.43,811.45,306.80
763.36,376.56,764.00,375.31
817.07,306.97,806.10,306.97
814.24,337.42,814.35,335.56
802.32,394.79,801.58,394.98
818.85,318.84,818.93,319.71
829.14,344.31,817.52,345.15
817.67,344.74,817.52,345.15
818.41,378.68,817.42,378.68
828.39,327.47,828.83,327.91
774.66,377.56,774.74,377.90
804.84,411.10,806.80,410.12
816.23,304.15,815.94,303.90
820.15,362.29,820.61,363.20
828.21,368.22,826.30,368.10
826.07,328.63,826.44,327.81
775.62,383.48,774.35,384.21
829.14,336.33,829.19,335.90
784.14,360.00,783.39,360.00
815.46,302.41,815.40,302.30
802.24,398.84,802.28,398.14
808.31,330.54,808.23,331.57
820.56,320.42,820.35,319.70
798.58,343.36,799.32,325.73
793.58,368.54,793.68,368.93
806.70,369.66,806.86,369.73
828.64,366.32,828.21,368.22
801.24,361.37,794.19,359.64
828.64,366.32,828.27,368.13
829.19,335.90,829.19,329.69
741.14,367.55,743.62,364.88
817.67,336.99,817.67,344.74
824.74,338.73,824.86,337.12
798.58,321.87,798.83,324.65
802.93,366.07,803.93,366.69
824.77,400.06,824.98,399.17
806.22,333.82,805.08,332.61
814.47,342.44,801.90,342.46
825.69,342.46,825.44,343.01
790.28,372.25,792.39,372.97
825.37,358.88,825.18,358.71
825.86,341.78,825.69,342.46
790.07,373.42,794.37,373.57
811.76,326.34,811.58,326.35
824.16,338.68,824.11,338.32
752.25,358.39,751.51,356.94
804.18,370.14,804.34,369.79
824.16,338.68,823.85,338.68
821.16,355.52,821.16,359.36
814.61,342.26,815.15,341.75
770.96,374.98,770.99,374.34
814.61,342.26,814.81,341.77
819.91,338.13,820.12,338.00
806.51,331.24,806.37,331.84
819.91,338.13,820.62,338.14
814.81,328.39,815.15,328.36
819.62,423.69,828.81,422.14
798.19,337.26,797.40,342.83
820.43,338.25,820.62,338.14
814.61,327.83,814.95,327.80
823.64,339.45,823.79,339.12
797.73,357.07,797.33,357.07
824.66,340.47,824.59,340.64
806.51,329.92,806.55,330.58
823.97,339.33,823.79,339.12
814.95,327.80,814.81,328.39
797.73,357.07,797.73,355.21
823.97,339.33,824.11,339.05
800.32,386.88,801.38,386.97
814.47,327.60,814.61,327.83
820.43,338.25,819.91,338.13
829.14,336.33,817.67,336.99
821.75,337.26,820.16,342.04
820.29,338.52,820.43,338.25
801.90,327.62,802.23,327.60
783.44,383.99,783.63,384.21
781.99,382.70,782.46,378.28
821.44,383.37,820.84,383.99
821.75,343.08,820.91,342.83
823.44,339.58,823.64,339.45
781.62,382.58,782.46,378.28
823.77,339.44,823.97,339.33
821.07,341.22,821.33,341.34
812.45,361.44,811.58,362.49
819.71,338.90,819.77,338.46
816.28,347.56,815.98,347.40
820.29,338.52,819.77,338.46
805.57,426.92,806.55,426.94
801.42,327.83,801.22,328.39
823.12,332.79,823.76,332.97
820.23,338.89,820.29,338.52
823.64,337.93,823.44,337.82
769.45,377.69,767.99,377.61
801.55,328.36,801.75,327.80
801.65,370.74,795.52,370.74
816.28,347.56,834.69,347.56
804.70,330.06,804.83,329.46
820.62,339.60,823.44,339.58
801.75,327.80,801.42,327.83
816.28,347.56,842.72,347.32
820.62,339.60,823.77,339.44
823.44,339.58,823.77,339.44
828.47,331.26,828.38,330.90
821.89,333.73,822.47,333.05
823.73,339.18,823.79,338.68
820.23,338.89,819.71,338.90
828.47,331.26,828.31,330.94
816.28,347.56,815.98,347.40
814.06,342.36,801.87,342.36
816.03,347.30,816.28,347.56
816.03,347.30,815.78,347.16
805.60,330.65,805.04,332.40
819.91,339.64,819.77,339.33
820.43,339.51,820.29,339.25
807.86,349.22,806.44,350.64
804.02,400.73,804.04,401.31
807.32,390.37,806.61,391.32
817.00,333.41,816.48,333.08
823.64,339.45,823.44,339.58
780.23,378.17,780.34,377.80
823.56,339.55,823.33,339.69
817.09,380.73,817.76,381.13
820.12,339.75,823.44,339.58
820.00,339.86,823.44,339.58
819.61,339.39,819.91,339.64
819.55,338.90,819.77,339.33
819.61,338.40,819.71,338.90
819.78,338.03,819.77,338.46
823.44,337.82,820.12,338.00
823.33,337.71,820.12,338.00
823.56,337.82,823.44,337.82
823.79,338.24,823.64,337.93
823.73,338.18,823.64,337.93
823.85,338.68,823.79,338.24
820.45,362.79,820.45,355.16
823.79,338.68,823.79,338.24
810.31,343.01,808.95,343.04
770.96,374.98,771.29,375.31
818.89,378.75,820.64,379.66
818.99,325.02,819.05,324.57
824.12,372.62,817.20,372.19
796.27,370.72,794.61,370.68
799.54,369.07,799.38,369.48
802.51,394.25,802.00,393.63
826.71,335.57,827.02,336.58
826.82,333.49,826.51,332.67
777.76,384.48,778.91,384.85
829.54,328.68,829.80,329.34
818.84,427.08,812.55,440.91
814.14,393.99,813.54,392.46
826.85,360.91,826.81,360.90
804.51,400.75,804.04,401.31
816.66,333.47,816.48,333.08
821.19,397.91,821.18,395.84
811.34,307.26,811.57,304.89
780.99,385.38,802.43,386.88
794.68,357.17,794.34,358.57
784.29,361.98,783.54,363.13
787.72,349.36,787.78,349.79
806.61,391.32,805.99,392.49
816.90,332.94,817.06,332.79
814.09,328.38,803.33,329.24
814.67,329.61,814.09,328.38
818.57,364.79,820.43,364.70
774.10,369.81,768.87,369.83
780.02,375.49,779.85,375.74
822.72,391.20,820.93,390.84
822.63,391.26,820.93,390.84
819.96,307.66,816.60,304.60
826.64,343.76,826.31,344.26
826.27,331.98,826.21,331.61
826.03,331.87,826.23,331.82
809.91,304.47,810.19,304.15
821.21,399.99,821.67,401.89
827.13,338.75,826.64,343.76
819.95,320.41,821.40,323.80
815.35,332.73,815.38,332.36
828.04,337.55,827.96,338.88
745.05,364.15,746.18,363.01
807.29,327.34,807.69,327.91
815.39,332.46,814.78,333.77
819.71,376.99,820.09,377.39
809.39,353.75,811.35,351.84
827.09,343.87,826.72,344.43
828.63,328.56,828.90,329.61
826.98,335.13,827.83,336.29
826.70,332.58,826.44,332.32
815.52,333.05,815.43,332.71
826.98,335.13,827.41,334.94
808.39,430.00,808.70,429.57
823.12,337.26,821.43,334.74
827.41,334.94,814.67,335.72
827.04,332.76,826.70,332.58
805.01,393.56,804.57,395.19
828.95,359.57,829.37,360.93
816.10,333.48,815.83,333.27
803.86,402.23,804.12,400.32
827.27,333.95,827.77,334.08
812.11,305.10,811.83,304.77
831.18,354.22,831.66,354.22
826.99,333.38,826.64,332.67
813.87,329.87,814.22,329.69
827.03,332.70,827.04,332.76
816.15,333.43,815.83,333.27
813.45,328.99,814.22,329.69
827.03,332.70,826.71,332.54
808.07,309.55,807.44,318.85
826.44,332.32,826.27,331.98
812.77,393.56,812.32,395.19
823.47,393.57,824.15,393.37
813.45,328.99,813.68,328.56
827.81,331.46,827.98,330.72
822.15,360.25,822.29,359.95
796.61,351.45,796.42,351.45
770.14,383.58,768.95,382.63
814.22,329.69,813.68,328.56
822.47,333.05,823.12,332.79
811.34,304.64,811.57,304.89
814.55,309.17,813.92,310.28
816.25,306.34,815.59,306.23
827.38,332.76,827.41,332.81
816.49,333.48,816.15,333.43
806.17,352.58,807.34,352.49
806.98,421.93,807.10,421.18
811.34,304.64,811.05,307.06
827.38,332.76,827.03,332.70
827.97,332.11,828.03,331.37
794.71,360.25,794.84,359.95
821.80,359.15,821.90,358.65
768.95,382.63,768.60,382.51
814.67,335.72,814.67,329.61
790.15,380.50,790.32,380.65
827.77,327.22,828.27,327.34
822.34,419.57,821.66,420.08
823.77,338.70,824.16,338.68
801.30,332.26,800.82,333.87
827.13,338.75,827.49,338.84
766.94,384.24,768.32,384.40
814.39,344.90,826.72,344.43
776.35,384.21,777.70,384.98
829.54,332.53,829.23,332.88
828.04,337.55,827.83,336.29
795.69,334.35,796.37,334.35
817.28,341.51,817.64,342.76
780.45,384.00,781.72,383.02
827.37,336.38,826.98,335.13
826.71,335.57,826.98,335.13
814.54,319.51,814.54,320.33
814.09,328.38,817.16,329.24
813.87,329.87,802.82,336.99
802.82,329.82,802.82,336.99
824.47,353.33,823.91,356.05
819.12,389.31,818.23,388.82
823.79,405.28,824.85,405.00
820.29,362.83,820.43,360.96
801.96,308.77,802.85,309.66
809.28,363.13,809.86,363.13
812.22,390.57,811.43,389.82
814.22,335.90,814.22,329.69
827.57,337.57,827.20,337.63
829.62,363.93,829.78,364.27
800.37,372.02,802.28,372.17
828.35,440.23,827.93,440.59
825.90,341.09,825.37,339.57
813.68,328.56,802.97,329.41
824.76,398.20,826.29,396.74
827.22,332.77,826.86,332.71
831.81,332.79,831.71,332.59
825.37,342.65,825.62,342.91
769.56,371.21,768.48,373.22
821.03,392.83,820.35,391.58
831.67,333.01,831.51,332.70
826.97,332.21,826.86,332.71
821.47,392.46,820.76,391.15
831.97,332.94,831.81,332.79
826.29,332.30,826.54,332.55
826.29,332.30,826.81,332.04
785.56,351.98,786.56,352.54
826.13,331.98,826.29,332.30
826.67,331.61,826.71,331.84
826.67,331.61,826.13,331.98
817.16,329.24,828.30,328.38
803.36,310.18,808.58,309.23
828.90,329.61,828.30,328.38
790.03,371.38,790.43,368.39
826.81,331.18,826.71,331.38
790.03,371.38,790.96,368.41
826.81,331.18,826.13,331.27
826.29,330.95,826.13,331.27
829.85,360.91,828.88,365.41
828.90,329.61,814.67,329.61
830.63,341.84,830.48,341.84
810.32,302.38,810.38,302.17
826.97,331.02,826.81,331.18
826.29,330.95,826.81,331.18
810.32,302.38,810.64,302.29
827.98,331.65,827.92,331.99
828.90,335.72,828.90,329.61
810.62,302.41,810.64,302.29
797.75,350.95,797.41,351.31
826.54,330.70,826.29,330.95
813.60,310.18,818.84,309.86
826.54,330.70,826.97,331.02
816.11,307.09,816.25,306.34
826.86,330.54,827.18,330.91
794.84,347.47,794.47,346.53
827.22,330.48,826.86,330.54
827.63,330.91,827.41,330.88
827.57,330.54,827.63,330.91
825.74,365.77,826.42,367.43
828.11,331.38,828.00,331.18
811.45,306.80,815.27,306.80
793.80,358.73,793.88,358.35
802.76,347.75,802.79,347.84
831.34,335.43,831.33,342.60
828.11,331.38,828.14,330.95
828.36,331.62,828.30,331.27
826.81,360.90,825.78,365.78
828.11,331.84,828.14,331.61
828.36,331.62,828.14,331.61
821.93,358.30,822.08,357.98
786.96,350.35,787.85,351.03
828.30,331.98,828.36,331.62
806.30,304.17,810.32,302.38
828.00,332.04,828.11,331.84
780.36,360.00,779.99,360.00
825.26,365.78,826.47,360.91
828.90,335.72,828.90,329.61
805.16,428.04,805.45,427.56
794.34,358.57,794.68,357.17
823.11,406.31,823.28,406.78
785.40,351.92,785.56,351.98
827.89,332.55,828.14,332.30
818.64,324.61,818.64,323.72
799.57,325.56,798.58,343.36
827.63,332.31,827.84,332.21
768.20,375.57,768.02,375.12
801.89,321.16,801.89,324.46
827.89,332.55,827.84,332.21
827.63,332.31,827.89,332.55
819.94,377.86,820.30,378.00
824.70,417.60,824.54,416.88
813.03,358.10,812.69,360.00
781.79,383.88,782.99,382.93
827.83,336.29,827.41,334.94
827.57,332.71,827.22,332.77
805.82,413.96,806.80,414.04
794.67,362.84,795.22,364.17
768.64,375.99,768.41,375.88
824.84,393.63,824.96,393.53
813.95,321.15,813.97,324.46
808.29,329.47,808.37,330.53
800.68,397.00,800.47,396.72
824.39,400.63,824.41,400.54
808.29,329.47,808.48,329.42
813.60,310.18,813.68,310.51
803.28,324.44,802.46,324.46
816.48,333.08,816.26,333.05
803.27,332.27,803.23,344.33
811.88,361.26,811.98,360.00
812.77,393.56,812.71,393.88
816.06,332.94,816.31,333.41
815.29,332.37,815.35,332.00
812.49,360.95,811.98,360.00
816.26,333.05,816.31,333.41
816.06,332.94,816.26,333.05
820.00,339.86,823.33,339.69
805.56,392.12,805.99,392.49
815.90,332.79,816.00,333.26
817.84,376.57,818.25,377.05
780.91,373.56,780.99,374.06
826.10,392.78,826.02,392.69
814.54,321.16,814.54,324.46
816.06,332.94,816.00,333.26
814.22,335.90,814.67,335.72
824.84,393.63,823.34,394.06
814.44,332.28,814.44,344.34
815.60,332.70,815.76,333.01
762.90,368.63,772.11,370.93
819.78,339.74,820.00,339.86
815.90,332.79,815.76,333.01
775.90,382.34,775.33,382.45
826.81,394.29,826.74,394.23
820.67,320.45,822.09,323.81
815.80,332.59,815.60,332.70
821.78,357.79,822.27,357.77
800.22,353.42,803.04,352.06
819.55,338.90,819.61,339.39
816.73,344.89,816.50,344.40
814.00,390.88,813.88,391.32
815.80,332.14,815.54,332.35
827.98,330.72,828.03,330.06
777.51,377.51,777.34,377.66
819.55,338.90,819.71,338.90
815.80,332.14,815.76,332.37
792.46,368.58,793.91,369.82
806.37,329.34,806.51,329.92
807.51,319.70,807.14,318.83
824.11,358.43,824.30,358.57
815.76,331.70,815.60,332.01
807.21,319.70,807.14,318.83
815.80,332.14,815.60,332.01
817.73,380.74,817.73,381.10
827.31,400.32,827.25,400.36
824.36,340.46,817.56,343.85
824.42,324.09,822.67,320.03
807.75,389.19,808.09,389.69
801.22,341.77,801.22,341.53
816.26,331.68,816.00,331.45
810.82,365.40,809.88,366.49
815.46,392.04,816.66,391.80
814.60,390.37,813.88,391.32
802.85,309.66,805.50,307.27
815.75,303.77,810.78,303.57
804.56,398.91,804.02,400.73
816.06,331.79,816.00,331.45
769.07,375.16,768.99,375.61
797.11,355.18,799.33,355.15
829.12,326.35,829.84,335.94
820.00,337.89,820.12,338.00
831.85,355.36,831.65,355.22
789.42,348.95,790.00,346.66
816.26,331.68,816.06,331.79
798.05,373.63,800.21,373.80
804.83,329.46,805.04,328.98
822.14,396.48,822.45,395.16
825.23,404.59,826.11,403.69
830.80,335.33,831.34,335.43
819.73,319.69,818.85,318.84
777.29,385.02,778.26,385.10
811.81,398.81,811.76,400.73
816.66,331.24,816.31,331.29
822.85,357.62,822.61,357.54
823.33,337.71,820.00,337.89
815.57,389.19,815.39,389.69
816.48,331.65,816.31,331.29
769.07,375.16,769.03,375.21
773.70,382.21,775.01,369.80
822.09,396.52,822.45,395.16
792.79,378.63,793.78,378.63
826.19,403.60,826.11,403.69
771.93,376.56,771.29,375.31
818.93,319.71,818.85,318.84
823.40,354.20,823.61,355.15
806.42,347.64,806.47,347.70
784.21,349.00,786.03,347.89
777.17,385.26,778.16,385.34
804.74,397.13,804.56,398.91
816.48,331.65,816.26,331.68
823.56,337.82,823.33,337.71
808.60,388.76,808.90,389.29
816.70,331.68,816.66,331.24
816.73,343.85,823.52,343.58
805.69,320.03,807.39,320.03
823.56,337.82,823.64,337.93
779.89,385.22,778.92,385.13
811.97,397.13,811.79,398.91
816.70,331.68,816.48,331.65
824.93,394.16,824.20,392.62
817.07,389.17,816.22,389.29
811.26,304.42,806.20,304.64
778.77,362.12,782.42,360.00
823.79,338.68,823.73,338.18
816.90,331.79,817.31,331.45
826.01,400.97,824.40,400.69
829.87,333.31,831.22,334.98
817.72,332.01,817.56,331.70
827.41,331.61,826.67,331.61
817.33,388.64,817.07,389.17
817.16,332.14,817.56,331.70
817.06,331.94,817.56,331.70
823.64,339.45,823.56,339.55
805.01,393.56,804.57,395.19
817.77,332.35,817.72,332.01
823.79,339.12,823.56,339.55
810.36,388.82,810.59,389.35
817.19,332.37,817.72,332.01
823.79,339.12,823.64,339.45
784.18,349.07,785.98,347.97
817.19,332.37,817.16,332.14
824.91,402.61,823.41,402.17
817.19,332.37,817.77,332.35
774.27,382.24,773.70,382.21
808.48,331.64,808.25,332.66
810.69,306.55,810.99,306.35
811.23,389.31,811.43,389.82
817.06,332.79,817.72,332.70
810.69,306.55,810.46,304.23
827.09,343.87,826.72,344.43
825.16,399.45,825.31,398.84
813.25,392.49,812.71,393.88
817.06,332.79,817.16,332.59
801.96,308.77,802.62,309.96
811.34,307.26,811.05,307.06
819.12,389.31,818.78,389.82
816.90,332.94,817.56,333.01
817.06,332.79,817.56,333.01
815.75,303.77,815.78,303.57
813.95,321.15,814.54,320.33
812.07,390.09,811.23,389.31
812.96,391.58,812.22,390.57
827.37,336.38,827.02,336.58
812.84,391.15,812.07,390.09
823.55,401.32,824.02,401.20
800.12,323.82,799.92,323.72
827.57,337.57,827.37,336.38
819.18,392.18,819.85,391.20
828.40,355.79,828.89,354.37
805.99,307.73,811.03,306.88
820.35,391.58,819.60,390.57
831.46,332.35,831.51,332.01
794.07,369.49,795.64,370.45
811.33,307.73,811.00,307.51
831.71,332.59,831.67,332.37
825.42,411.89,825.47,411.44
795.64,370.45,797.34,371.15
798.25,347.97,800.18,349.00
826.71,335.57,827.02,336.58
815.38,332.36,815.43,332.02
810.54,362.14,810.04,364.22
827.49,338.84,826.64,343.76
827.13,338.75,826.31,343.49
770.99,374.34,769.73,373.70
824.36,340.46,817.56,340.79
818.77,309.52,818.84,309.86
767.98,373.61,768.74,373.75
822.51,403.34,823.38,404.35
772.76,384.64,770.15,383.80
830.80,342.60,831.29,343.22
786.00,368.03,787.85,368.97
827.05,406.21,823.28,406.78
828.91,343.32,828.18,342.71
820.94,409.97,823.28,406.78
828.38,342.72,828.18,342.71
820.94,409.97,827.05,406.21
828.38,342.72,830.80,342.60
824.89,440.05,825.18,439.62
786.33,347.86,782.77,349.67
828.38,342.72,831.29,343.22
815.95,410.12,814.74,410.21
803.61,331.94,814.59,331.94
799.40,396.52,799.54,395.16
830.61,335.39,830.91,336.02
810.55,339.63,809.54,340.41
814.74,410.21,807.75,410.21
803.27,332.27,829.35,330.41
814.44,332.28,803.46,332.28
814.44,332.28,803.46,344.34
795.93,370.24,797.04,369.08
841.79,330.41,814.93,332.27
841.79,330.41,814.88,344.33
827.25,400.36,827.39,398.26
776.03,369.88,775.73,369.89
824.25,404.85,825.23,404.59
803.27,332.27,803.46,344.34
814.44,332.28,814.88,344.33
814.59,331.94,803.46,332.28
812.00,396.95,811.81,398.81
817.31,331.45,817.00,331.29
783.53,370.33,785.07,370.33
798.25,347.97,798.37,347.89
826.41,398.21,824.76,398.20
783.33,362.13,783.54,363.13
829.87,333.31,830.80,335.33
825.84,426.49,825.75,427.24
806.22,333.82,806.68,333.95
783.17,360.00,783.33,362.13
817.31,333.26,817.56,333.01
804.24,396.15,803.65,394.29
825.27,353.33,834.34,353.33
782.41,366.31,783.51,367.59
823.55,402.52,822.18,402.09
821.04,397.91,821.18,395.84
768.84,375.90,769.28,375.74
829.88,330.39,829.37,333.40
802.79,361.74,801.49,361.55
805.42,413.64,805.81,413.94
806.68,389.19,805.83,389.34
795.53,370.81,797.34,371.15
829.95,331.24,829.80,331.84
807.44,318.85,808.11,319.69
810.64,302.29,815.40,302.30
808.33,318.84,808.40,319.71
828.11,331.84,828.36,331.62
822.59,342.76,823.36,341.90
804.18,370.14,804.34,369.14
808.61,320.46,808.40,319.71
801.89,319.51,801.89,320.33
818.53,309.23,816.11,307.09
801.78,319.50,801.78,320.32
783.12,356.87,782.91,357.85
793.67,351.39,793.81,351.44
795.29,355.57,795.29,360.71
822.71,419.34,822.38,418.94
814.83,327.63,814.28,327.40
820.50,331.43,797.71,331.43
799.03,324.65,799.53,324.64
819.31,388.82,818.41,388.64
801.78,319.50,807.21,319.70
827.97,440.44,828.18,440.48
823.59,428.04,823.51,427.58
807.14,318.83,807.21,319.70
805.98,409.41,810.09,406.78
802.12,308.29,807.39,307.57
807.21,319.70,801.78,320.32
789.04,368.11,790.97,367.21
779.27,355.83,778.78,357.89
782.43,377.76,782.28,371.21
827.41,330.41,827.78,330.47
816.83,331.25,817.15,331.46
820.15,388.90,818.97,388.69
803.28,321.12,803.28,320.30
820.28,318.85,820.35,319.70
828.68,332.69,828.40,332.40
820.28,318.85,820.35,319.70
800.60,352.49,752.11,356.57
818.93,319.71,813.67,320.30
824.52,355.53,824.39,355.84
816.15,331.30,816.34,331.46
803.43,399.17,803.49,398.17
817.21,381.81,816.92,382.36
808.29,329.47,808.37,330.53
820.67,320.45,820.46,319.70
803.29,310.51,803.36,310.18
814.84,319.50,814.84,320.32
830.08,355.26,830.06,355.31
819.52,382.38,819.05,383.37
823.96,333.69,823.36,332.44
778.51,377.56,777.51,377.51
827.42,333.82,827.90,333.95
807.28,333.76,806.82,333.95
826.71,340.41,826.75,340.46
814.84,321.15,820.46,319.70
801.96,308.77,802.20,308.41
801.46,395.47,801.21,395.86
768.74,373.75,768.90,373.50
815.07,390.88,815.79,390.83
778.92,385.13,778.91,384.85
827.97,329.32,828.22,328.78
829.07,329.41,829.34,330.53
813.67,321.12,813.67,320.30
811.28,424.38,810.63,425.05
819.14,320.46,813.67,320.30
814.49,308.76,814.84,309.04
819.14,320.46,818.93,319.71
827.22,330.48,827.41,330.88
823.86,342.54,823.70,341.88
829.60,350.45,832.29,349.60
805.45,357.89,805.79,360.00
827.63,330.91,827.22,330.48
826.21,331.61,825.91,334.85
792.79,382.08,793.78,382.08
801.44,404.85,802.24,404.49
828.83,333.26,828.69,333.26
825.91,334.85,826.27,331.98
824.86,337.12,824.74,335.53
800.88,328.18,799.61,320.87
801.30,400.33,801.36,400.31
792.28,373.07,794.37,373.57
789.42,371.05,791.17,371.18
799.57,323.61,799.32,323.48
808.07,309.55,808.05,318.84
829.16,330.53,829.07,331.65
730.39,360.00,731.17,363.26
768.50,384.11,769.74,384.50
806.51,384.07,808.14,370.68
821.02,341.49,820.49,340.38
815.43,332.02,815.38,332.36
820.34,341.49,820.49,340.38
826.13,426.40,826.23,426.45
789.42,370.60,789.42,371.05
818.41,378.68,818.82,378.79
828.47,331.26,827.77,331.00
826.27,328.65,826.65,327.83
764.33,377.51,764.33,377.87
820.38,318.83,814.84,319.50
818.01,332.00,817.61,332.36
800.06,401.89,799.59,400.80
805.17,367.97,805.35,367.60
813.49,449.44,808.65,445.67
798.28,364.42,801.27,364.41
827.12,327.28,827.27,327.42
805.95,328.05,806.36,327.55
792.46,380.88,792.99,380.88
820.29,308.43,819.66,318.84
820.38,308.32,820.28,318.85
820.76,320.17,814.57,320.93
796.83,341.72,796.83,337.26
801.41,337.35,800.44,335.56
806.68,367.15,808.52,367.42
817.22,344.04,817.53,343.60
774.34,378.08,773.97,377.69
774.82,382.89,774.35,378.43
793.53,360.75,793.66,360.59
807.64,411.92,807.78,411.18
772.71,383.29,773.89,382.36
765.05,382.87,765.07,383.45
815.59,306.23,816.25,306.34
816.84,331.30,817.15,331.46
805.20,330.76,805.28,329.74
813.92,310.28,813.95,319.50
828.40,332.40,828.17,331.95
817.56,343.85,816.96,340.79
833.83,329.84,815.01,329.84
825.94,355.18,828.23,355.30
806.32,381.91,805.92,381.75
806.84,437.15,807.14,437.67
824.28,395.84,824.22,395.86
823.12,337.26,821.04,337.37
805.20,330.76,805.34,330.76
813.92,310.28,814.54,319.51
825.95,330.77,826.15,330.76
805.41,331.77,805.34,330.76
792.47,380.77,792.32,380.62
814.55,309.17,814.54,319.51
814.32,343.63,819.01,342.34
808.31,330.54,808.23,331.57
819.63,309.57,818.85,318.84
818.87,379.51,818.81,380.32
828.30,331.98,828.11,331.84
828.66,389.37,830.22,386.91
810.59,307.43,815.72,306.88
810.43,306.93,806.51,306.93
825.23,356.09,824.47,353.33
821.81,401.83,822.50,400.80
808.31,320.41,809.67,323.80
810.43,306.93,806.81,307.43
808.14,370.68,806.71,384.18
808.31,320.41,809.10,323.80
818.98,323.65,819.10,323.62
811.74,361.20,811.79,361.18
798.67,373.57,800.77,373.07
762.77,381.46,765.68,381.65
768.20,375.57,768.08,375.66
801.89,321.16,802.46,324.46
800.74,347.93,802.58,348.69
820.21,369.19,821.16,369.54
829.34,330.54,829.40,331.57
813.87,329.87,814.22,329.69
802.49,321.15,802.49,320.32
801.66,327.40,814.28,327.40
819.30,379.59,820.39,381.27
801.57,395.96,801.85,396.30
798.25,372.03,796.40,372.92
794.67,362.84,794.61,364.48
768.64,375.99,768.56,376.12
813.95,321.15,814.54,324.46
768.99,375.61,768.84,375.90
825.46,394.33,825.60,394.25
820.56,320.42,821.98,323.80
768.99,375.61,768.95,375.70
829.75,378.48,828.62,378.59
820.56,320.42,821.40,323.80
769.05,374.63,769.07,375.16
825.97,395.40,826.11,395.34
808.61,320.46,803.28,321.12
798.42,371.53,795.60,367.54
804.58,390.83,805.14,390.88
798.89,324.08,799.08,323.65
824.93,394.16,823.17,393.99
819.30,308.93,818.77,309.52
818.54,371.30,818.96,368.37
769.05,374.63,769.01,374.63
831.07,376.71,829.75,378.48
808.61,320.46,803.28,324.44
818.21,368.37,818.44,368.25
813.67,321.12,820.55,323.82
826.01,400.97,826.16,401.03
808.61,320.46,809.99,323.82
808.61,320.46,809.67,323.80
820.55,323.82,821.40,323.80
805.38,328.42,805.71,328.27
742.34,361.61,743.08,363.06
804.64,399.51,803.49,398.21
819.14,320.46,820.55,323.82
827.13,360.91,826.74,360.91
813.60,310.18,813.68,310.51
779.83,374.01,780.02,373.52
824.23,402.80,824.33,402.90
800.09,337.42,800.23,335.51
813.60,310.18,813.92,310.28
813.07,396.95,812.00,396.95
779.83,374.01,779.79,374.06
802.49,321.15,803.28,324.44
803.28,321.12,803.28,324.44
802.49,321.15,803.28,321.12
779.71,375.16,779.73,374.58
822.45,395.16,822.39,395.23
813.67,321.12,813.66,324.44
813.97,324.46,813.66,324.44
813.67,321.12,813.97,324.46
813.42,309.88,813.84,309.95
813.95,321.15,813.97,324.46
815.40,302.30,810.62,302.41
822.43,400.74,822.50,400.80
801.78,321.15,807.42,320.45
805.45,362.11,805.79,360.00
815.35,337.35,815.33,342.16
793.30,357.98,793.12,357.85
789.42,370.60,791.10,370.74
801.78,321.15,808.79,323.81
822.11,399.42,822.17,399.44
820.67,320.45,814.84,321.15
786.41,360.00,788.63,360.00
801.78,321.15,801.89,324.46
805.38,332.93,805.31,332.69
807.42,320.45,808.79,323.81
820.29,307.91,820.04,307.57
817.84,376.57,818.39,377.25
813.37,350.79,812.31,351.10
780.91,373.56,780.77,373.64
814.54,321.16,814.84,324.45
808.25,376.37,807.86,376.49
772.68,384.70,773.73,385.03
820.67,320.45,821.98,323.80
807.51,319.70,807.44,318.85
825.23,404.59,826.19,403.60
819.73,319.69,819.66,318.84
825.32,404.49,825.23,404.59
819.95,320.41,819.14,320.46
770.69,384.58,770.79,384.83
831.33,384.18,831.61,384.49
819.95,320.41,818.93,319.71
805.92,381.75,807.50,381.19
826.74,419.52,827.04,420.03
802.53,310.29,802.50,319.50
807.05,379.82,805.27,380.67
811.58,362.49,811.74,361.20
819.95,320.41,819.73,319.69
829.77,378.60,831.12,376.66
805.92,304.89,806.51,306.93
821.03,392.83,820.35,391.58
805.99,392.49,805.01,393.56
817.16,332.59,817.72,332.70
810.69,439.04,810.81,439.83
823.73,339.18,823.85,338.68
803.27,332.27,829.37,333.40
830.43,342.22,830.11,342.23
801.41,337.35,801.38,342.13
793.12,357.85,792.96,358.21
814.88,344.33,814.93,332.27
815.69,346.84,815.40,347.55
779.87,382.90,779.81,382.73
743.47,367.18,745.05,364.15
828.53,332.93,828.88,333.02
821.46,367.74,820.83,366.39
822.29,401.32,822.79,401.52
804.70,329.99,804.85,329.32
801.93,400.54,801.76,400.58
808.37,343.06,808.66,343.15
823.56,339.55,823.73,339.18
822.61,357.54,822.38,357.62
817.36,353.24,826.58,353.23
787.72,349.36,787.94,347.15
817.16,332.14,817.06,331.94
801.52,320.33,799.61,320.87
820.76,320.17,820.47,319.92
810.13,304.60,810.46,304.23
798.95,386.45,799.35,385.87
804.75,391.29,804.33,390.89
826.85,328.05,827.29,327.55
819.24,323.48,819.10,323.62
808.35,308.94,810.69,306.55
826.66,355.51,828.19,354.38
811.44,302.64,811.64,302.72
821.75,394.05,822.42,392.62
807.67,307.66,810.69,306.55
806.99,378.99,807.05,379.82
823.74,340.79,824.35,338.92
768.26,377.56,768.00,377.61
824.20,392.62,825.19,393.08
814.95,396.81,813.39,395.19
813.25,392.49,805.99,392.49
815.84,303.74,815.94,303.90
824.74,356.31,824.61,356.31
799.40,343.11,800.16,342.19
809.91,304.47,805.86,304.77
820.21,308.01,819.96,307.66
824.12,392.31,824.31,392.35
820.29,308.43,819.63,309.57
773.00,382.78,773.31,382.67
799.59,392.53,800.41,391.61
826.15,330.76,826.23,329.70
809.88,366.49,808.79,367.43
823.12,337.26,821.14,336.00
808.14,406.21,810.09,406.78
816.59,304.47,816.23,304.15
820.29,308.43,819.54,309.23
825.45,393.96,825.63,393.98
808.15,309.23,808.07,309.55
807.48,308.01,807.43,308.43
826.33,396.01,826.50,396.03
807.67,307.66,808.35,308.94
810.09,406.78,808.14,406.21
801.87,308.64,801.78,309.04
826.67,400.54,826.84,400.51
814.49,308.76,814.55,309.17
784.06,364.22,785.52,365.76
796.44,353.04,795.44,354.21
813.49,449.44,816.75,445.78
827.29,420.72,828.26,421.62
807.23,377.43,807.05,378.17
829.62,362.08,829.62,363.93
810.70,427.09,812.55,440.91
819.20,380.43,819.16,379.81
808.18,369.82,806.55,370.81
813.86,363.76,812.58,363.75
802.61,410.62,805.98,409.41
826.66,359.58,826.74,360.91
820.29,307.91,814.84,309.04
792.41,380.33,792.02,380.34
764.29,370.83,764.43,371.05
826.28,402.55,826.45,402.49
814.31,308.40,813.64,309.66
791.24,380.74,791.09,380.76
816.64,389.19,817.97,388.87
802.52,401.20,801.97,400.63
823.65,341.14,824.86,340.50
815.15,337.31,814.54,340.84
795.46,360.91,795.46,356.17
819.33,323.74,819.10,323.62
802.61,410.62,806.19,409.87
820.29,307.91,820.38,308.32
814.31,308.40,813.84,309.95
805.60,330.65,806.16,328.89
808.07,309.55,808.15,309.23
808.33,318.84,808.40,319.71
737.89,356.99,737.16,358.41
809.99,440.95,810.37,441.01
813.17,360.95,812.49,360.95
814.40,392.12,815.46,392.04
803.29,319.47,803.28,320.30
814.58,308.28,811.89,305.26
805.65,376.07,805.26,376.50
823.58,405.37,823.79,405.28
802.62,309.96,802.53,310.29
814.58,308.28,814.31,308.40
805.65,376.07,805.56,376.70
801.88,309.18,802.62,309.96
801.88,309.18,801.96,308.77
822.47,341.53,823.12,337.26
790.36,372.69,794.52,370.75
804.85,332.11,805.49,332.67
824.69,432.77,824.15,433.30
825.59,336.19,829.83,335.79
810.70,307.09,811.03,306.88
806.81,307.43,806.37,307.51
827.88,346.96,828.68,346.95
771.86,382.58,771.22,378.28
809.59,341.04,809.54,341.68
803.29,310.51,802.53,310.29
811.45,306.80,806.37,307.51
821.98,357.85,822.15,358.05
809.59,341.04,809.36,341.64
810.54,389.37,812.04,386.91
811.45,306.80,811.03,306.88
830.10,371.27,830.10,354.46
810.54,324.16,810.70,324.09
798.81,372.53,800.74,372.07
813.92,310.28,813.68,310.51
810.59,307.43,811.00,307.51
816.11,307.09,811.00,307.51
831.51,332.70,831.46,332.35
816.11,307.09,815.72,306.88
827.41,331.61,827.84,331.02
833.82,340.82,815.75,340.89
824.11,355.45,831.85,355.36
804.62,396.87,803.06,395.40
815.40,302.30,815.22,302.09
813.42,309.88,811.33,307.73
810.77,303.78,810.70,303.99
818.53,309.23,816.11,307.09
808.40,309.52,808.58,309.23
780.69,369.07,763.29,368.25
818.71,397.94,818.47,395.79
803.36,310.18,803.60,309.88
828.88,365.41,828.86,365.32
826.26,440.88,826.27,440.48
798.25,372.03,800.18,370.99
803.29,310.51,808.40,309.52
799.01,401.89,799.67,403.43
810.78,303.57,810.77,303.78
766.94,384.24,768.21,384.63
813.42,309.88,818.53,309.23
772.53,378.34,773.00,382.78
824.40,395.51,825.14,396.81
817.20,353.45,818.23,360.77
810.78,303.57,810.47,303.74
765.11,377.47,763.83,377.21
798.71,354.56,798.28,355.58
766.94,384.24,767.63,384.59
821.18,395.84,821.61,393.99
813.42,309.88,818.77,309.52
826.27,328.65,826.07,328.63
831.71,332.59,831.67,332.37
795.85,360.00,796.55,358.80
805.99,307.73,805.85,307.04
803.43,398.21,803.33,399.70
806.10,324.24,806.10,306.97
805.99,307.73,806.37,307.51
808.40,388.64,810.36,388.82
806.51,306.93,805.85,307.04
807.52,324.43,807.67,324.37
814.30,361.90,813.86,363.76
801.64,400.45,801.76,400.58
794.47,373.47,794.84,372.53
790.97,352.79,791.47,353.11
811.40,302.87,811.42,302.99
806.51,306.93,806.37,307.51
832.25,383.94,831.16,384.27
818.64,324.61,818.64,325.49
807.20,324.14,807.67,324.37
825.19,393.08,824.24,391.72
806.81,307.43,806.37,307.51
823.25,342.16,821.71,342.22
816.11,307.09,815.72,306.88
815.27,306.80,815.72,306.88
830.67,361.88,829.62,363.93
814.89,421.49,817.23,420.92
815.99,340.55,833.88,340.51
808.37,343.06,808.11,342.78
810.69,306.55,811.03,306.88
830.67,361.88,829.62,362.08
814.89,421.49,814.37,406.28
815.99,340.55,834.00,340.55
808.37,343.06,808.04,342.65
806.62,437.16,806.44,436.86
784.29,361.98,783.56,362.14
810.69,306.55,810.99,306.35
811.62,306.23,815.59,306.23
830.80,342.60,831.33,342.60
821.47,403.87,822.69,404.85
820.15,388.90,819.31,388.82
828.61,354.26,828.13,354.27
811.62,306.23,815.27,306.80
831.34,335.43,830.80,342.60
821.28,389.42,820.15,388.90
811.45,306.80,811.03,306.88
763.83,382.49,764.40,382.53
819.15,397.90,818.91,395.70
811.45,306.80,810.99,306.35
815.90,332.79,816.06,332.94
832.00,438.68,829.08,422.17
798.60,362.40,798.74,362.85
797.47,355.17,799.92,355.14
790.74,377.92,794.52,378.43
792.89,378.38,792.62,378.47
801.98,402.71,802.24,404.49
811.33,307.73,811.00,307.51
800.06,401.89,800.78,402.52
829.26,329.42,829.40,330.53
806.81,307.43,806.51,306.93
828.00,332.04,828.30,331.98
783.36,360.00,783.53,362.15
825.10,358.30,825.18,358.71
789.81,363.62,790.51,365.32
774.46,378.46,774.20,377.92
829.02,328.44,829.32,329.47
811.05,307.06,811.00,307.51
765.83,383.29,765.64,383.49
810.59,307.43,811.05,307.06
815.68,303.57,815.46,302.41
792.41,380.33,792.45,381.00
811.60,304.52,811.56,304.35
810.59,307.43,810.43,306.93
794.33,382.51,794.61,382.43
810.36,353.04,809.88,353.53
809.53,326.60,809.40,335.79
819.36,380.42,819.33,379.99
829.47,385.36,828.99,386.31
819.56,333.98,820.16,332.65
776.86,383.35,777.83,382.53
826.95,355.82,826.27,359.56
808.58,309.23,810.70,307.09
826.87,402.16,826.16,401.03
815.35,332.00,815.59,331.71
814.54,321.16,814.54,324.46
764.49,382.11,765.13,382.26
808.40,309.52,808.58,309.23
778.31,382.63,778.04,382.20
808.07,309.55,808.40,309.52
814.34,343.73,814.46,344.45
775.07,383.22,774.82,382.89
820.56,320.42,819.95,320.41
803.44,402.17,802.65,401.98
810.19,304.15,810.43,303.90
763.50,382.21,764.07,382.24
819.54,309.23,819.63,309.57
818.77,309.52,818.84,309.86
768.41,384.14,768.32,384.40
822.39,395.23,822.86,394.21
802.15,391.79,801.91,393.53
805.50,307.27,805.85,307.04
818.53,309.23,816.61,306.56
813.67,321.12,813.66,324.44
811.83,304.77,811.60,304.52
736.70,353.89,737.89,356.99
766.08,383.07,765.83,383.29
800.21,347.09,799.27,348.05
828.65,378.70,828.07,378.91
803.60,309.88,805.99,307.73
809.67,323.80,809.99,323.82
821.28,389.42,822.35,390.22
803.36,310.18,803.60,309.88
738.80,352.82,736.70,353.89
766.44,382.35,765.13,382.26
802.62,309.96,802.85,309.66
791.10,349.13,791.02,348.69
786.56,367.46,786.96,369.64
802.20,327.67,801.72,327.87
817.18,362.82,816.96,353.45
822.56,392.46,823.33,391.30
813.64,309.66,811.34,307.26
771.22,378.28,771.08,377.76
792.44,381.77,793.16,382.30
813.64,309.66,811.33,307.73
813.42,309.88,813.60,310.18
801.75,327.80,801.90,327.62
801.42,327.83,801.90,327.62
815.40,302.30,815.29,302.25
802.94,371.99,802.80,371.58
798.19,337.26,800.77,337.10
787.53,349.25,791.02,348.69
785.56,368.02,786.96,369.64
811.58,336.79,811.35,337.32
774.74,377.90,774.27,382.24
801.35,393.37,802.00,393.63
810.78,303.57,810.62,302.41
831.18,354.22,831.61,354.33
808.79,323.81,809.10,323.80
806.68,302.88,806.62,303.00
811.06,363.41,814.03,363.41
830.04,355.80,829.34,359.57
805.07,348.95,806.70,350.34
803.33,345.32,814.39,344.90
798.48,395.88,799.25,396.48
820.21,308.01,820.04,307.57
805.42,413.64,805.35,413.19
769.74,384.50,769.74,384.23
822.93,369.38,823.81,369.38
824.15,335.18,823.74,333.47
826.73,431.58,825.83,432.06
824.56,353.11,824.12,353.11
788.00,347.07,790.07,346.58
827.74,330.52,827.38,330.47
828.55,389.46,828.66,389.37
825.48,339.14,825.78,339.03
821.75,337.26,820.16,332.65
826.83,353.34,826.82,353.24
807.08,319.76,799.84,320.33
801.15,398.22,801.30,398.21
806.85,302.64,810.38,302.17
779.72,370.75,777.84,370.69
800.44,395.70,801.25,393.73
792.79,381.53,793.59,381.60
800.00,394.12,800.59,393.47
821.33,341.34,821.85,342.59
828.27,333.88,827.77,334.08
807.27,441.60,807.79,442.10
825.55,436.04,825.63,436.50
798.71,365.44,799.94,366.08
802.85,309.66,805.50,307.27
774.30,384.44,773.02,384.35
805.56,381.32,807.23,380.58
805.34,330.77,805.42,329.66
803.75,321.23,798.60,321.73
801.24,401.60,803.00,401.76
824.65,340.13,824.78,340.17
815.22,302.09,811.64,302.72
807.32,390.37,813.88,391.32
810.77,303.78,810.78,303.57
818.62,380.76,818.76,380.50
829.45,423.62,829.09,423.32
820.62,338.87,820.62,338.14
801.18,341.33,801.22,341.53
815.46,392.04,815.79,390.83
804.93,402.68,804.77,402.55
814.95,398.66,817.29,398.22
814.60,390.37,807.32,390.37
814.40,392.12,815.07,390.88
808.09,389.69,814.60,390.37
802.97,345.15,814.02,344.73
739.02,364.15,744.23,364.21
813.30,394.91,822.21,394.44
766.94,382.41,765.68,382.34
812.88,398.81,813.07,396.95
773.20,377.96,773.32,377.81
793.34,382.53,794.33,382.53
828.64,333.48,828.17,334.02
798.19,337.26,799.70,341.90
814.93,332.27,814.59,331.94
823.17,393.99,824.20,392.62
809.74,389.17,816.22,389.29
841.79,330.41,814.93,332.27
817.07,389.17,809.74,389.17
820.94,409.97,828.48,404.50
810.59,389.35,817.07,389.17
826.98,335.13,814.22,335.90
802.79,393.83,801.35,393.37
790.23,354.49,789.50,356.25
826.11,395.34,825.60,394.25
820.67,320.45,814.84,324.45
811.83,304.77,811.60,304.52
771.43,383.88,770.17,382.90
824.59,340.64,824.19,345.93
765.36,377.42,764.45,377.37
824.58,369.85,824.76,369.67
825.90,341.09,825.90,342.99
826.15,355.79,826.56,356.18
811.56,304.17,811.71,302.94
824.57,355.61,824.46,355.87
816.84,333.43,817.31,333.36
776.03,384.63,777.29,385.02
829.47,330.54,829.95,331.31
818.85,371.38,817.75,379.24
796.61,351.45,795.62,352.83
771.43,383.88,770.15,383.80
792.63,379.07,792.89,378.38
826.83,372.39,824.52,370.20
827.44,327.04,827.97,327.18
825.23,395.08,824.93,394.16
811.62,306.23,810.99,306.35
805.99,307.73,806.37,307.51
827.57,337.57,827.02,336.58
829.78,361.74,829.78,364.27
829.37,333.40,829.87,333.31
814.20,394.30,821.03,392.83
800.37,403.87,800.97,404.85
808.21,388.90,808.76,389.42
829.40,329.52,830.01,330.57
810.47,303.74,810.47,303.57
778.26,385.10,778.16,385.34
804.87,383.18,804.67,382.96
826.57,342.27,826.36,342.73
808.55,341.09,808.55,339.19
767.24,383.60,767.23,383.38
815.04,395.06,816.90,394.71
806.30,304.17,810.47,303.74
798.17,371.30,798.65,367.19
799.92,397.90,800.62,395.72
810.15,389.31,809.28,388.82
829.17,328.61,829.95,329.84
805.27,377.32,805.09,378.11
826.97,332.21,827.18,332.31
803.61,331.94,803.27,332.27
811.56,304.35,811.60,304.52
787.85,351.03,787.39,350.34
804.24,396.15,803.79,394.23
814.54,321.16,814.54,320.33
823.44,394.91,813.30,394.91
813.95,321.15,813.95,320.32
771.62,383.67,772.91,384.41
783.33,357.87,782.91,357.85
829.35,330.41,829.71,330.05
825.20,403.03,823.44,394.91
815.78,303.57,811.56,304.17
767.33,382.29,766.94,382.41
815.78,303.57,811.56,304.35
784.28,353.76,784.45,353.81
811.76,406.31,810.52,405.53
826.13,331.27,826.07,331.62
808.29,331.60,808.07,332.58
792.14,381.81,792.93,382.36
817.11,446.48,818.79,446.33
814.49,342.18,814.06,342.36
818.74,391.08,802.85,389.53
815.84,303.74,815.75,303.77
802.12,308.29,805.50,305.10
772.22,382.39,771.61,378.25
778.83,377.61,778.96,377.77
808.58,341.14,807.77,340.50
818.99,378.86,816.04,379.10
814.59,408.10,805.00,410.98
802.22,395.06,802.88,393.46
802.79,347.84,802.58,348.69
805.86,304.77,806.14,304.52
814.58,308.28,812.11,305.10
792.83,347.01,792.90,347.93
826.86,330.54,826.54,330.70
827.94,367.37,829.50,360.92
817.16,345.32,828.62,344.90
816.61,306.56,816.25,306.34
827.41,330.88,827.18,330.91
827.41,330.88,826.86,330.54
797.52,371.27,797.30,370.33
774.84,377.42,775.84,377.47
794.87,382.14,794.61,382.43
802.32,394.79,802.79,394.65
765.68,382.34,766.94,382.41
802.12,308.29,807.20,307.91
827.84,331.02,827.63,330.91
806.85,302.64,806.63,302.72
811.88,358.74,811.74,358.80
819.24,323.48,819.50,323.61
822.45,395.16,822.94,394.12
805.50,305.26,805.92,304.89
828.00,331.18,827.84,331.02
792.32,380.44,795.25,380.43
794.98,336.00,795.25,334.74
820.04,307.57,814.58,308.28
826.64,343.76,826.72,344.43
828.00,331.18,827.89,330.70
765.11,377.47,764.85,377.26
823.33,391.30,823.14,390.59
820.04,307.57,814.77,308.63
828.14,331.61,828.30,331.27
814.31,361.89,813.13,361.54
767.24,383.60,768.55,384.35
815.22,302.09,806.85,302.64
788.44,371.12,788.58,371.04
827.98,360.92,830.00,360.92
811.03,306.88,806.37,307.51
810.74,302.25,810.64,302.29
767.50,382.54,767.24,382.71
810.59,302.09,810.38,302.17
827.16,355.55,828.55,354.37
815.72,306.88,811.00,307.51
815.29,302.25,810.74,302.25
815.22,302.09,810.59,302.09
798.98,342.76,799.70,341.90
805.28,418.17,805.39,418.94
804.82,369.07,806.40,367.67
808.09,389.69,807.32,390.37
802.20,308.41,805.50,305.26
802.64,363.93,802.64,362.08
796.90,366.49,797.99,367.43
802.22,395.06,803.51,395.19
815.22,302.09,815.29,302.25
806.46,416.80,806.77,416.35
814.74,333.87,815.39,332.46
806.61,391.32,805.56,392.12
824.22,395.86,824.28,395.84
800.21,373.80,800.90,372.27
799.35,340.19,799.67,338.73
789.81,363.62,790.23,365.51
812.55,341.38,811.32,341.35
800.32,391.71,801.33,391.32
826.27,328.65,826.82,327.95
806.62,303.00,806.63,302.72
806.51,302.94,806.63,302.72
826.71,341.68,826.62,342.17
818.07,421.60,811.16,424.27
814.54,321.16,814.84,320.32
829.79,329.18,829.95,329.92
808.09,386.64,812.04,386.91
790.46,378.22,790.78,377.86
774.16,377.92,772.99,377.86
792.45,381.00,793.40,380.33
806.68,302.88,806.63,302.72
768.18,377.77,768.43,377.72
806.78,302.83,806.68,302.88
819.54,400.13,820.43,402.17
810.59,307.43,806.81,307.43
803.79,394.23,803.11,392.69
811.44,302.64,806.85,302.64
801.95,409.81,803.79,409.98
793.57,381.60,793.78,382.08
821.78,359.15,822.29,359.95
808.14,406.21,810.52,405.53
775.61,383.68,776.87,382.71
811.44,302.64,806.78,302.83
814.11,409.98,816.47,409.81
798.95,393.99,799.59,392.53
811.29,302.83,806.78,302.83
808.33,318.84,803.29,319.47
766.97,377.56,767.29,377.51
808.77,353.76,809.60,355.75
783.36,360.00,786.25,360.00
806.19,327.81,806.45,327.28
806.51,306.93,810.43,306.93
815.46,302.41,815.40,302.30
792.05,378.88,792.21,379.63
829.83,335.79,829.84,335.94
831.58,367.20,824.36,367.08
786.80,350.28,786.96,350.35
818.23,360.77,818.66,358.92
780.44,376.02,780.68,375.70
823.43,396.72,823.66,396.24
822.24,368.62,821.46,367.74
827.29,327.55,827.90,327.35
810.70,303.99,810.77,303.78
768.68,383.48,769.96,384.21
798.41,397.91,798.54,395.84
810.47,303.57,810.47,303.74
768.68,383.48,769.81,384.44
810.47,303.57,810.32,302.38
804.47,373.12,806.47,370.93
768.68,383.48,768.50,383.68
819.01,342.35,818.87,342.35
815.59,306.23,815.72,306.88
769.14,382.20,767.76,382.11
820.38,342.28,820.70,342.28
815.27,306.80,815.59,306.23
768.30,378.14,768.54,378.09
825.74,330.77,825.82,329.65
802.31,409.97,800.45,408.58
806.14,304.52,806.24,304.35
806.20,304.64,806.24,304.35
814.74,340.90,814.78,341.01
806.20,304.64,806.33,304.42
811.25,304.21,811.26,304.42
801.68,394.58,800.13,394.21
811.25,304.21,811.56,304.35
811.56,304.17,811.56,304.35
809.10,323.80,809.67,323.80
811.56,304.17,811.71,302.94
766.69,377.34,766.97,377.56
823.25,342.16,823.57,342.15
811.56,304.17,811.42,302.99
768.00,377.61,768.18,377.77
808.03,342.83,807.89,342.83
809.93,369.81,809.97,369.76
825.48,343.06,825.37,342.65
774.65,384.27,775.78,384.64
827.14,353.10,826.83,353.34
815.75,303.77,815.68,303.57
829.52,355.79,826.27,359.56
808.35,308.94,810.70,307.09
803.91,351.94,804.15,352.31
815.84,303.74,815.78,303.57
801.22,341.53,801.25,341.40
829.34,330.53,829.26,331.64
815.94,303.90,815.84,303.74
801.89,319.51,801.89,320.33
828.17,331.95,828.03,331.37
790.70,356.24,790.86,356.26
799.20,348.21,812.83,348.68
801.28,341.54,801.25,341.40
829.16,330.53,829.26,331.64
815.89,303.99,815.84,303.74
820.29,307.91,814.77,308.63
780.69,369.07,780.98,369.20
814.94,327.87,814.46,327.67
813.95,321.15,814.54,321.16
801.66,327.40,814.65,324.66
808.32,309.86,808.40,309.52
769.35,382.53,767.97,382.45
805.92,304.89,806.14,304.52
800.84,396.17,801.15,398.22
825.86,340.29,826.76,341.04
826.82,327.95,827.27,327.42
796.24,362.49,796.83,362.38
780.12,358.25,778.61,360.00
799.99,402.27,800.45,408.58
805.31,332.69,805.60,332.77
818.49,335.39,818.46,336.30
819.07,341.01,818.66,339.31
815.39,389.69,814.60,390.37
813.42,309.88,816.11,307.09
803.79,394.23,803.11,392.69
826.03,331.87,825.95,330.77
828.01,423.16,829.19,422.37
798.52,371.58,799.14,371.99
817.18,343.99,817.22,344.04
772.56,377.84,772.99,377.86
825.69,339.63,826.71,340.41
773.00,382.78,771.69,382.70
793.62,378.36,794.87,378.68
800.41,391.61,801.33,391.32
804.18,418.81,804.29,418.06
819.54,309.23,818.84,309.86
798.42,371.53,797.22,380.51
818.85,371.38,819.28,368.39
797.19,370.42,795.70,370.42
841.43,330.05,814.93,332.27
811.75,391.15,809.83,391.30
816.59,304.47,816.23,304.15
815.76,333.01,816.00,333.26
808.61,320.46,809.99,323.82
802.27,402.09,801.42,402.80
816.17,304.23,815.89,303.99
798.89,362.51,798.74,362.85
794.57,378.11,794.52,378.43
806.25,426.43,806.55,426.94
800.26,325.02,800.12,325.35
811.34,307.26,811.00,307.51
819.30,308.93,816.61,306.56
768.94,383.26,770.16,383.97
816.17,304.23,815.94,303.90
768.31,376.00,768.08,375.66
815.54,332.35,815.60,332.70
823.71,329.93,823.71,333.99
819.61,338.40,819.55,338.90
806.95,389.90,807.32,390.37
764.92,381.94,766.44,382.35
826.51,328.80,826.99,328.05
827.14,372.63,826.82,372.50
802.20,308.41,805.50,305.26
819.61,338.40,819.77,338.46
764.92,381.94,766.23,382.02
803.29,310.51,802.62,309.96
820.63,378.37,817.63,379.17
791.86,378.37,792.05,378.88
793.30,357.98,794.18,357.86
793.74,357.62,793.94,357.85
800.94,397.97,799.31,397.96
827.11,372.50,827.14,372.63
802.12,308.29,805.50,305.10
814.75,389.90,814.60,390.37
816.06,331.79,815.76,331.70
799.42,399.42,800.94,397.97
801.87,308.64,801.78,309.04
804.56,398.91,804.51,400.75
816.06,331.79,815.90,331.94
801.87,308.64,801.88,309.18
801.27,341.75,801.22,341.53
816.31,331.29,816.00,331.45
794.09,379.16,793.59,379.24
823.12,337.26,823.76,341.48
804.34,369.14,804.82,369.07
731.64,356.91,733.96,357.67
771.43,384.31,770.32,383.35
801.96,308.77,802.20,308.41
827.78,332.76,827.41,332.81
829.79,331.98,829.80,331.84
825.20,403.03,827.08,403.20
817.60,376.66,818.02,376.82
801.27,395.50,801.68,394.58
829.26,372.50,830.29,370.64
807.39,307.57,807.20,307.91
809.35,434.01,809.73,434.06
821.75,337.26,823.96,340.58
808.79,323.81,807.42,320.45
730.93,363.38,732.66,366.19
804.83,329.46,804.85,329.32
798.88,394.05,799.52,392.62
803.28,321.12,803.28,320.30
819.95,320.41,821.40,323.80
807.39,307.57,809.91,304.47
826.05,342.40,826.20,342.41
819.95,320.41,820.55,323.82
807.79,442.10,807.48,441.58
772.68,384.70,772.75,384.95
818.23,388.82,817.94,389.35
817.16,332.59,817.77,332.35
799.27,348.05,799.20,348.21
777.20,384.17,777.33,384.41
818.99,324.13,818.84,323.82
806.20,304.64,806.51,306.93
829.88,330.39,829.87,333.31
802.59,394.33,802.00,393.63
825.10,367.30,825.18,362.80
823.34,391.16,824.01,392.21
797.29,348.46,799.14,348.01
786.09,350.03,784.60,350.95
817.16,332.59,817.19,332.37
802.98,392.78,802.51,394.25
814.31,308.40,814.77,308.63
819.04,378.79,818.87,379.51
771.43,384.31,770.14,383.58
814.58,308.28,814.77,308.63
808.69,331.65,808.25,332.66
820.76,320.17,820.65,319.76
817.56,333.01,817.72,332.70
831.66,354.22,830.20,355.52
801.89,324.46,801.78,324.45
792.09,379.24,792.25,379.05
819.04,378.79,818.82,379.55
802.37,347.90,803.23,349.78
771.43,384.31,770.15,383.80
814.58,308.28,812.11,305.10
826.76,341.04,826.75,341.64
808.29,329.47,808.31,330.54
817.21,381.81,816.92,382.45
774.82,382.89,774.97,382.78
816.31,380.06,797.04,380.06
828.25,327.47,828.69,327.91
816.90,332.94,817.31,333.26
819.96,307.66,816.60,304.60
801.46,400.28,801.15,398.22
826.71,340.41,826.80,341.05
796.17,384.58,775.07,383.22
826.72,398.28,828.21,403.71
766.55,371.11,767.77,374.01
816.59,304.47,816.60,304.60
793.35,379.22,793.28,380.06
827.90,327.35,828.39,327.47
819.96,307.66,816.59,304.47
817.60,382.54,818.02,382.42
819.97,390.09,819.60,390.57
817.00,333.41,816.70,333.05
803.27,332.27,803.46,332.28
798.48,395.88,799.54,395.16
820.21,308.01,819.96,307.66
798.02,385.10,797.53,385.63
802.97,329.41,803.33,329.24
794.40,371.30,793.35,379.22
817.08,396.41,818.71,397.94
822.24,368.62,823.12,368.93
827.29,327.55,827.77,327.35
820.34,333.18,821.02,333.18
808.22,382.28,806.07,382.16
816.70,396.84,816.80,396.72
803.23,370.22,803.23,369.20
814.54,321.16,814.84,321.15
816.83,371.30,798.17,371.30
827.14,372.63,829.43,372.63
820.29,307.91,820.38,308.32
770.42,383.57,769.24,383.94
801.76,400.58,801.40,398.19
826.36,339.39,826.62,339.93
816.39,379.22,798.17,371.30
816.83,371.30,798.75,367.02
800.94,397.97,801.02,396.67
827.14,372.63,829.26,372.50
798.75,367.02,798.17,371.30
826.99,328.05,827.42,327.55
820.21,308.01,820.29,308.43
826.51,328.80,826.85,328.05
800.31,337.41,800.23,335.51
820.29,307.91,820.21,308.01
772.68,384.70,773.63,384.78
820.67,320.45,820.56,320.42
815.29,332.37,815.35,332.73
769.89,377.71,770.21,377.66
805.38,328.42,805.71,328.27
824.12,346.50,823.93,346.89
798.95,393.99,799.59,392.53
792.19,381.52,792.06,380.96
772.12,383.45,770.82,384.20
825.48,339.14,825.90,339.19
826.21,330.76,826.29,329.74
816.43,388.76,816.22,389.29
816.90,331.79,817.00,331.29
826.20,342.41,824.67,342.47
802.15,391.79,802.51,394.25
807.67,307.66,807.48,308.01
820.64,379.66,818.96,379.67
801.42,394.71,802.21,393.16
827.12,334.09,827.44,334.26
816.58,379.91,816.81,380.49
826.08,343.82,826.71,335.57
790.70,363.76,791.59,365.49
782.41,353.69,782.12,353.42
816.90,331.79,816.70,331.68
807.67,307.66,807.20,307.91
822.56,392.46,821.85,391.15
814.35,339.25,814.22,337.41
827.97,334.05,827.44,334.26
793.47,380.49,793.27,380.61
826.42,331.77,826.34,330.76
828.17,334.02,827.64,334.23
795.12,350.15,793.67,351.39
825.00,339.92,825.37,339.57
773.52,382.93,773.26,383.10
793.28,380.06,793.47,380.49
819.34,368.22,818.66,366.73
826.51,332.67,826.29,331.77
828.17,334.02,827.97,334.05
826.57,368.10,826.05,365.78
828.45,333.50,827.97,334.05
828.64,333.48,828.17,334.02
798.75,367.02,794.97,367.02
824.86,340.50,825.17,340.00
773.31,382.67,773.80,382.49
826.85,333.38,826.51,332.67
802.15,391.79,802.98,392.78
828.64,333.48,828.45,333.50
780.78,377.71,781.00,377.49
804.46,344.05,803.20,344.94
806.72,329.84,806.77,330.57
828.48,404.50,826.69,400.61
828.99,330.65,829.30,328.61
805.11,422.82,805.91,422.54
822.08,393.99,821.47,392.46
826.01,411.92,826.03,411.50
826.83,416.36,826.77,416.80
801.72,397.97,801.34,395.72
804.36,350.91,803.40,350.84
828.83,332.68,828.64,333.48
806.03,389.10,805.01,389.81
826.99,333.38,826.85,333.38
790.41,347.84,788.58,348.96
830.37,370.82,830.29,370.64
829.07,331.65,828.83,332.68
826.99,333.38,827.29,333.82
801.30,397.99,801.36,396.94
830.37,370.82,829.26,372.50
829.07,331.65,829.02,332.66
771.50,377.87,770.09,377.80
811.34,307.26,811.05,307.06
829.26,331.64,829.07,331.65
811.34,304.64,806.20,304.64
771.61,378.25,771.50,377.87
770.08,378.17,771.61,378.25
825.00,342.33,825.04,341.71
775.07,383.22,775.13,383.03
795.14,367.19,794.59,371.33
800.32,391.71,801.23,391.43
829.34,330.53,829.16,330.53
794.97,367.02,794.59,371.33
828.39,333.76,828.88,333.02
783.54,363.13,783.37,363.13
829.07,329.41,829.16,330.53
794.97,367.02,795.14,367.19
823.84,340.17,824.65,340.13
782.77,370.33,735.02,368.98
811.26,304.42,806.33,304.42
807.01,389.14,807.20,389.72
828.83,333.26,829.23,332.88
828.83,328.42,829.07,329.41
795.14,367.19,794.97,367.02
828.83,333.26,828.39,333.76
816.77,340.51,817.71,340.51
779.95,367.50,730.98,363.43
828.83,328.42,829.26,329.42
771.24,377.93,771.06,377.77
829.02,328.44,829.26,329.42
798.95,386.45,797.53,385.63
798.75,367.02,795.14,367.19
829.79,331.98,829.54,332.53
824.52,355.53,824.46,355.87
829.02,328.44,828.83,328.42
802.20,308.41,802.85,309.66
824.69,444.58,829.07,442.19
782.89,370.27,784.38,369.15
818.84,323.82,818.64,323.72
821.75,337.26,823.36,341.90
808.40,388.64,807.67,388.69
829.17,332.50,829.54,332.53
778.13,363.94,730.44,360.00
802.99,395.34,802.51,394.25
828.45,327.65,828.83,328.42
798.75,367.02,795.14,367.19
829.40,331.57,829.79,331.98
798.88,394.05,799.52,392.62
792.79,382.08,792.19,381.52
827.97,327.18,828.45,327.65
798.88,394.05,800.00,394.12
827.97,327.18,828.64,327.67
802.36,404.59,803.07,403.60
828.39,333.76,828.25,333.76
831.81,331.94,831.92,331.45
818.54,371.30,817.43,379.21
770.15,383.80,771.47,384.55
792.89,378.38,792.44,379.00
799.54,395.16,800.00,394.12
805.17,352.04,805.35,352.40
829.43,353.10,827.14,353.10
828.17,327.20,828.64,327.67
781.72,383.02,781.99,382.70
799.35,385.87,798.02,385.10
794.22,379.77,795.21,379.77
827.42,327.55,827.90,327.35
813.68,328.56,814.09,328.38
812.12,362.84,812.45,361.44
831.29,332.36,831.34,332.02
794.87,378.69,795.08,379.17
774.54,384.09,775.87,384.85
798.65,367.19,798.75,367.02
800.37,403.87,801.16,404.93
829.40,329.52,829.47,330.54
819.76,324.56,819.69,324.00
771.33,383.77,772.54,383.07
802.80,371.58,802.81,372.12
817.08,396.41,816.90,394.71
806.24,304.35,810.47,303.74
792.25,379.05,792.62,378.47
801.89,321.16,801.89,320.33
798.09,371.33,798.65,367.19
800.10,397.91,800.62,395.72
829.79,329.18,829.95,329.84
831.46,332.35,831.67,332.37
819.17,420.72,827.29,420.72
808.55,341.09,808.04,339.57
798.17,371.30,798.09,371.33
799.92,397.90,800.44,395.70
829.17,328.61,829.40,329.52
805.95,333.38,805.62,332.67
773.52,382.93,774.02,382.83
795.06,362.74,795.05,362.82
810.72,357.85,813.32,355.71
791.12,379.10,794.96,379.30
820.50,343.18,819.70,342.34
784.65,383.03,784.81,382.78
829.54,328.68,829.79,329.18
825.90,341.09,826.42,339.52
792.09,379.24,792.38,378.74
826.21,330.76,826.42,329.74
827.49,338.84,827.96,338.88
819.47,378.16,818.79,378.68
821.23,396.94,821.45,396.00
825.90,341.09,826.17,339.26
775.32,382.59,773.80,382.49
799.84,400.13,800.10,397.91
829.23,328.36,829.54,328.68
831.67,333.01,831.81,332.79
828.39,327.47,829.54,328.68
816.53,410.98,818.57,410.62
791.95,379.54,792.09,379.24
825.82,329.65,826.07,328.63
825.82,329.65,826.27,328.65
831.97,332.94,831.67,333.01
815.84,303.74,811.56,304.35
771.28,384.33,773.59,384.50
775.13,383.03,775.53,382.93
798.58,321.87,799.08,323.65
795.08,371.53,795.60,367.54
828.88,328.27,829.23,328.36
810.75,424.79,827.97,424.79
823.77,338.70,824.11,338.32
808.11,369.92,806.47,370.93
814.95,396.81,817.08,396.41
815.78,303.57,815.84,303.74
798.42,371.53,795.08,371.53
827.90,327.35,828.39,327.47
821.78,359.15,822.39,359.57
825.74,330.77,826.03,329.66
796.96,380.07,796.95,380.49
809.45,403.71,810.52,405.53
817.20,372.19,818.23,364.87
827.42,327.55,828.88,328.27
792.93,379.59,793.40,378.79
824.39,400.63,824.63,400.38
827.14,353.10,829.43,353.10
777.70,384.98,776.35,384.21
796.96,380.07,797.04,380.62
805.48,383.43,805.26,383.20
827.14,353.10,833.43,353.04
793.59,379.24,792.93,379.59
801.77,367.32,802.04,367.15
772.76,384.64,772.91,384.41
793.72,379.81,793.01,379.99
801.77,367.32,802.94,367.60
826.27,332.84,826.07,332.86
771.43,383.88,772.76,384.64
793.04,380.42,793.72,379.81
826.44,333.63,826.07,332.86
805.48,383.43,808.45,383.61
807.43,308.43,808.07,309.55
793.72,381.05,793.76,380.43
794.36,359.15,794.36,360.51
802.19,405.58,803.08,405.09
824.78,338.68,825.78,339.03
770.42,382.73,770.90,382.63
801.91,393.53,802.15,391.79
806.51,302.94,806.63,302.72
793.72,381.05,793.01,380.85
826.65,333.61,826.92,334.11
826.42,329.74,826.64,328.80
827.12,334.09,826.92,334.11
776.24,384.38,775.00,383.66
827.75,330.73,827.81,329.99
826.65,333.61,827.12,334.09
793.35,379.22,793.47,380.07
813.87,336.33,814.22,335.90
808.65,353.48,809.88,353.53
801.34,361.88,801.34,364.15
828.99,330.65,827.98,330.72
794.64,371.74,794.65,371.89
827.29,333.82,827.77,334.08
813.87,336.33,826.98,335.13
774.30,384.44,774.33,383.60
806.95,334.23,807.14,334.26
774.73,383.88,776.03,384.63
807.01,389.14,806.86,388.85
827.81,331.46,827.75,330.73
799.52,392.62,800.59,393.47
827.77,333.95,827.77,334.08
801.58,394.98,802.79,394.65
805.62,328.80,805.57,328.73
801.87,308.64,807.20,307.91
817.21,381.81,816.92,382.36
815.12,395.84,815.38,396.48
771.36,378.30,771.61,378.25
793.40,382.03,792.79,381.53
828.25,333.76,827.77,333.95
775.53,382.93,774.02,382.83
818.19,383.76,818.46,383.99
827.97,332.11,827.81,331.46
828.25,333.76,828.27,333.88
827.88,427.45,829.81,441.46
800.05,370.93,800.18,370.99
830.80,342.60,830.80,335.33
791.46,362.35,791.37,362.45
771.43,383.88,770.17,382.90
814.60,403.03,812.17,403.20
826.64,332.67,827.81,331.46
815.21,393.46,816.76,393.16
802.12,308.29,801.87,308.64
792.63,381.72,793.40,382.03
801.32,402.90,801.98,402.71
828.73,333.36,828.27,333.88
826.64,332.67,826.42,331.77
801.32,402.90,802.24,404.49
828.73,333.36,828.25,333.76
771.08,377.76,771.24,377.93
807.71,320.42,807.51,319.70
805.50,305.26,805.92,304.89
799.68,395.23,800.00,394.12
813.04,393.99,810.78,394.16
828.22,332.61,827.97,332.11
777.65,384.74,776.51,383.76
826.99,333.38,826.64,332.67
771.36,378.30,771.22,378.28
792.89,382.39,792.44,381.77
829.04,332.50,828.69,333.26
813.81,341.34,814.78,342.53
798.71,365.44,799.63,366.22
829.04,332.50,829.09,332.58
819.70,332.37,815.52,332.26
770.69,382.30,770.08,378.17
827.42,333.82,828.53,332.93
792.25,381.70,792.89,382.39
824.83,340.39,824.32,340.26
822.64,343.33,822.67,343.18
801.35,393.37,803.37,394.06
828.40,332.40,828.99,330.65
811.86,365.51,810.86,367.13
818.58,381.54,818.70,381.39
827.42,333.82,828.22,332.61
777.33,384.41,776.08,384.80
824.28,416.90,824.40,417.67
826.44,332.32,826.70,332.58
805.60,330.65,805.89,328.61
802.50,319.50,802.49,320.32
814.74,340.90,814.35,339.25
830.75,335.51,832.01,333.48
792.62,382.27,792.25,381.70
800.27,340.58,800.77,340.79
823.22,358.20,823.02,358.30
792.87,373.09,797.95,373.70
816.76,348.07,816.65,348.24
777.33,384.41,776.07,384.53
827.62,435.77,826.91,436.55
805.60,330.65,805.60,328.53
792.62,378.47,792.44,379.00
792.25,379.05,792.44,379.00
800.06,401.89,800.66,402.62
829.40,330.53,829.32,331.60
831.26,332.73,831.43,333.05
800.06,401.89,800.42,404.35
773.11,384.17,771.87,383.46
791.84,380.35,792.02,380.34
775.00,383.66,776.24,384.38
820.29,308.43,820.21,308.01
829.58,332.33,829.30,332.65
820.02,371.85,820.28,372.06
799.60,403.34,798.94,401.83
829.54,332.53,829.30,332.65
772.91,384.41,773.11,384.17
829.32,329.47,829.40,330.53
811.44,302.64,806.85,302.64
766.94,382.41,766.47,378.04
792.38,381.97,792.09,381.49
826.82,353.24,824.52,355.53
829.26,329.52,829.34,330.54
777.76,384.48,776.51,383.76
829.80,331.84,829.58,332.33
792.38,378.74,792.62,378.47
827.77,327.35,828.25,327.47
824.57,418.34,824.03,418.87
799.28,373.60,797.12,373.77
813.87,344.31,802.82,344.74
814.28,394.56,814.20,394.30
812.17,403.20,814.60,403.03
829.79,331.98,829.58,332.33
822.34,419.57,822.01,420.12
818.19,383.76,817.84,382.67
829.79,331.98,829.54,332.53
772.43,382.73,770.90,382.63
791.87,380.78,792.06,380.96
768.60,384.67,768.34,384.01
799.82,324.56,799.75,324.00
829.95,331.24,829.80,331.84
791.95,379.54,791.87,379.93
813.03,441.73,821.52,441.73
789.38,361.83,789.81,363.62
828.95,359.57,829.37,360.93
829.64,333.88,828.38,342.72
810.38,302.17,810.64,302.29
791.95,381.17,791.87,380.78
798.36,397.91,798.48,395.88
800.33,397.34,800.68,397.00
806.19,333.63,805.65,332.84
808.45,383.61,817.81,384.17
829.95,331.31,829.79,331.98
792.19,379.17,792.06,379.72
798.36,397.91,799.25,396.48
817.60,382.54,808.22,382.28
769.17,384.71,768.60,384.67
808.22,383.38,808.45,383.61
830.00,330.58,829.95,331.24
786.96,350.35,785.56,351.98
814.60,403.03,813.30,394.91
810.59,302.09,810.74,302.25
797.39,364.74,798.21,365.70
817.57,383.94,808.45,383.61
830.01,330.57,829.95,331.24
799.27,399.44,799.59,400.80
815.29,302.25,810.59,302.09
769.27,384.48,769.17,384.71
815.68,346.27,815.76,346.92
805.27,380.67,807.23,380.58
829.95,329.84,830.01,330.57
798.63,348.49,798.94,351.23
827.77,327.22,828.25,327.47
829.85,360.91,828.86,365.32
826.36,342.73,826.42,342.60
829.18,440.91,829.15,442.05
772.99,377.86,772.75,377.64
793.40,380.33,793.44,381.00
833.81,376.68,830.15,376.54
829.85,360.91,828.88,365.41
769.31,384.21,769.27,384.48
801.33,404.74,800.66,402.62
792.02,380.34,792.06,379.72
829.80,329.34,829.95,329.92
821.83,358.70,821.93,358.30
805.65,381.99,805.92,381.75
829.79,329.18,829.95,329.84
824.73,418.08,824.40,417.67
827.27,327.42,827.77,327.35
818.66,335.51,819.07,333.77
831.29,343.22,831.29,343.22
770.64,384.30,769.31,384.21
829.58,328.89,829.80,329.34
801.91,393.53,801.35,393.37
826.27,359.56,826.85,360.91
830.80,342.60,831.29,343.22
805.26,383.20,806.07,382.16
829.54,328.68,829.79,329.18
823.12,341.72,823.12,337.26
792.59,381.60,793.57,381.60
800.71,393.57,801.25,393.27
796.13,333.98,796.96,332.37
764.92,381.94,765.13,382.26
770.69,384.58,770.64,384.30
829.30,328.61,829.58,328.89
829.23,328.36,829.58,328.89
811.64,302.72,811.40,302.87
810.79,389.46,828.55,389.46
829.23,328.36,829.54,328.68
770.79,384.83,770.69,384.58
828.99,328.53,829.30,328.61
824.38,372.10,825.10,370.03
793.78,382.08,794.04,382.40
803.06,395.40,802.59,394.33
803.19,367.99,807.64,368.08
828.53,328.42,828.88,328.27
774.65,384.27,773.41,383.56
792.79,382.08,793.78,382.08
802.99,395.34,802.51,394.25
826.21,330.76,826.29,329.74
801.66,369.55,801.80,369.61
772.15,384.68,772.05,384.91
828.40,328.98,828.68,328.65
826.21,330.76,826.15,330.76
801.39,398.66,803.01,398.81
828.22,328.78,828.68,328.65
810.64,302.29,810.38,302.17
818.46,383.99,820.84,383.99
828.22,328.78,828.53,328.42
826.23,331.82,826.21,330.76
793.57,379.09,793.44,379.68
802.95,400.73,803.00,401.76
827.97,329.32,828.40,328.98
811.40,302.87,811.64,302.72
820.39,378.02,818.70,377.92
826.07,343.63,827.85,342.34
807.89,332.50,807.56,333.26
831.07,376.71,830.10,376.59
807.71,320.42,807.21,319.70
829.39,443.89,831.99,439.33
812.72,441.39,815.96,440.03
816.48,332.37,816.48,331.65
792.45,379.68,793.57,379.09
825.41,421.99,825.28,422.74
735.03,364.43,736.70,366.10
807.89,332.50,808.02,332.50
812.72,441.39,816.23,440.40
804.23,390.67,804.13,390.42
827.97,329.32,828.22,328.78
821.18,359.57,821.27,359.95
771.69,382.70,771.86,382.58
802.82,336.99,802.82,344.74
821.52,441.73,821.09,439.10
798.02,352.59,796.93,353.53
773.59,384.50,772.19,384.41
808.76,389.42,807.20,389.72
829.14,344.31,817.67,344.74
828.03,330.06,828.17,329.46
801.24,401.60,801.23,400.57
827.81,329.99,828.17,329.46
794.04,382.40,794.33,382.53
808.21,388.90,807.01,389.14
772.53,378.34,771.69,382.70
773.63,384.78,773.59,384.50
818.58,381.54,819.20,382.24
809.28,388.82,807.67,388.69
827.27,333.95,826.82,333.49
829.48,357.07,829.48,355.21
819.70,332.37,814.78,333.77
829.87,333.31,831.22,334.98
772.53,378.34,771.22,378.28
793.78,378.63,793.57,379.09
819.17,368.25,819.66,368.26
827.29,333.82,827.27,333.95
808.17,430.08,808.40,430.11
807.64,368.08,806.24,369.72
801.36,332.23,801.30,332.26
773.73,385.03,773.63,384.78
818.79,380.66,818.89,380.57
807.95,393.08,807.67,391.72
828.03,331.37,827.98,330.72
792.09,381.49,792.25,381.70
803.04,401.03,803.39,399.67
800.59,335.53,801.55,337.31
810.74,302.25,810.38,302.17
799.16,397.96,799.25,396.48
828.69,327.91,829.04,328.61
797.12,373.77,802.29,373.70
804.65,330.72,804.70,330.06
742.04,354.87,747.29,354.79
827.64,334.23,828.17,334.02
815.85,381.59,812.79,385.73
793.78,378.64,794.04,378.35
781.75,369.08,780.98,369.20
794.36,359.15,794.71,360.25
815.72,306.88,816.25,306.34
775.02,385.12,773.73,385.03
820.39,381.27,818.70,381.39
811.75,391.15,810.98,390.09
800.60,352.49,750.53,353.47
816.15,331.30,815.83,331.46
810.43,306.93,811.05,307.06
820.67,320.45,820.35,319.70
772.86,378.01,773.20,377.96
829.09,332.58,828.73,333.36
822.43,342.41,823.18,342.13
791.95,381.17,792.09,381.49
801.98,402.71,802.65,401.98
826.40,353.46,824.38,353.49
828.64,333.48,828.73,333.36
772.99,377.86,772.86,378.01
794.04,378.33,793.78,378.63
829.02,332.66,828.64,333.48
806.50,433.25,806.88,433.30
751.75,363.38,751.21,363.26
807.89,332.50,806.33,332.53
806.24,304.35,806.33,304.42
792.79,378.63,794.04,378.33
829.32,331.60,829.09,332.58
810.99,306.35,811.03,306.88
817.15,382.99,817.16,382.85
818.78,324.08,818.46,321.87
827.78,332.76,827.41,332.81
822.51,403.34,823.38,404.35
816.17,304.23,815.59,306.23
775.15,384.61,775.12,384.89
808.22,382.28,808.22,383.38
828.68,332.69,828.88,333.02
801.32,402.90,802.07,402.61
812.04,386.91,810.54,389.37
827.11,372.50,826.83,360.91
829.02,332.66,829.09,332.58
825.64,336.04,825.59,336.19
829.26,331.64,829.02,332.66
801.78,324.45,808.79,323.81
822.29,401.32,823.55,401.32
824.63,400.38,824.88,400.00
828.53,332.93,827.90,333.95
818.02,382.42,817.84,382.67
810.32,392.62,807.95,393.08
801.97,400.63,801.93,400.54
828.53,332.93,828.68,332.69
778.26,385.10,777.29,385.02
774.16,377.92,774.41,377.87
794.61,382.44,794.87,382.15
829.40,330.53,829.32,331.60
811.45,306.80,811.62,306.23
778.31,384.83,777.29,385.02
774.34,378.08,774.41,377.87
822.85,422.76,821.94,423.18
829.34,330.53,829.32,331.60
800.66,402.62,801.42,402.80
829.26,331.64,829.32,331.60
793.62,382.44,794.61,382.44
829.34,330.53,829.26,331.64
800.19,401.81,800.78,402.52
829.32,329.47,829.40,330.53
829.34,330.53,829.40,330.53
794.33,378.24,794.04,378.33
800.06,401.89,800.66,402.62
829.26,329.42,829.34,330.53
830.20,355.52,830.04,355.80
820.67,320.45,822.09,323.81
797.99,350.21,796.61,351.45
808.67,366.22,807.64,366.85
774.46,378.46,774.35,378.43
829.02,328.44,829.26,329.42
824.93,394.16,825.19,393.08
815.56,302.38,815.46,302.41
828.73,327.80,829.09,328.53
803.49,410.98,804.84,411.10
778.16,385.34,776.84,385.25
804.67,382.96,805.65,381.99
791.73,368.26,791.06,368.26
829.02,328.44,829.09,328.53
815.68,303.57,815.56,302.38
800.95,353.30,803.93,353.31
821.11,380.44,820.92,380.77
827.22,355.67,827.35,356.17
803.65,321.38,802.59,343.18
828.64,327.67,829.02,328.44
815.04,400.57,812.88,398.81
793.16,358.30,793.30,357.98
825.21,342.78,825.37,342.65
818.79,446.33,821.52,445.86
794.41,370.97,794.42,371.13
804.47,344.39,804.64,344.43
772.87,384.11,773.02,384.35
816.26,348.21,816.29,348.05
745.57,353.89,743.62,355.12
805.91,333.49,805.57,332.75
775.78,384.92,775.78,384.64
828.27,327.34,828.73,327.80
827.21,372.18,825.37,370.61
816.88,379.68,815.90,379.68
795.95,361.26,796.55,361.20
823.53,395.98,824.01,398.22
745.05,355.85,745.57,353.89
805.95,333.38,805.62,332.67
816.53,350.21,817.04,350.20
774.65,384.27,775.78,384.92
810.70,303.99,810.46,304.23
794.61,378.36,794.33,378.24
828.17,327.20,828.64,327.67
773.23,383.78,773.41,383.56
801.02,396.67,801.27,395.50
827.64,327.07,828.17,327.20
781.91,384.48,779.24,384.75
805.49,336.19,806.70,337.92
802.82,398.08,804.64,399.51
801.84,369.75,802.44,369.79
818.54,371.30,816.83,371.30
817.11,362.81,819.52,353.50
813.95,319.50,813.67,320.30
803.46,332.28,803.27,332.27
801.41,337.35,800.31,337.41
825.91,341.04,826.71,341.68
795.08,381.69,795.21,381.10
827.27,327.42,827.77,327.22
804.92,336.84,806.70,337.92
800.37,347.97,798.63,348.49
809.16,351.17,812.31,351.10
834.34,362.87,826.38,356.56
814.84,309.04,814.84,319.50
779.84,384.93,778.31,384.83
827.64,327.07,827.77,327.22
808.07,309.55,808.32,309.86
789.06,361.90,789.50,363.75
826.65,327.83,827.27,327.42
794.87,378.68,794.61,378.36
826.65,327.83,827.12,327.28
792.96,360.09,793.16,360.00
831.22,334.98,831.34,335.43
779.99,385.47,779.89,385.22
808.21,388.90,806.86,388.85
826.57,339.84,826.71,340.41
793.01,380.85,793.04,380.42
800.71,393.57,800.59,393.47
806.62,303.00,806.68,302.88
812.55,341.38,811.08,341.46
800.32,391.71,801.23,391.43
803.46,344.34,803.23,344.33
777.63,384.64,776.74,385.00
824.35,395.66,822.76,398.08
799.13,371.58,800.96,371.73
801.56,398.08,801.19,395.64
825.44,339.11,826.57,339.84
813.81,341.34,813.30,342.59
789.96,365.57,790.97,367.21
772.86,378.38,772.53,378.34
795.21,381.10,795.26,380.44
802.98,392.78,802.15,391.79
826.23,329.70,826.46,328.73
812.32,395.19,812.28,395.43
827.57,337.57,827.49,338.84
777.70,384.92,776.74,385.00
818.77,309.52,819.54,309.23
794.54,357.85,793.86,357.77
790.51,365.32,790.97,367.21
792.59,379.09,792.45,379.68
803.11,392.69,802.15,391.79
826.03,329.66,826.46,328.73
812.04,386.91,810.60,383.56
826.36,339.39,826.57,339.84
803.46,332.28,803.46,344.34
773.31,382.67,772.86,378.38
772.75,384.95,773.73,385.03
794.22,381.10,795.21,381.10
803.11,392.69,802.26,391.69
826.03,329.66,826.27,328.65
825.13,338.78,826.36,339.39
790.16,379.21,790.09,380.06
815.94,303.90,815.89,303.99
771.28,384.33,772.19,384.41
798.58,321.87,799.32,323.48
816.61,306.56,816.11,307.09
793.66,357.70,794.36,357.79
790.45,369.76,792.10,371.16
799.52,392.62,800.41,391.61
798.41,397.91,798.57,399.99
825.95,330.77,826.23,329.70
816.23,304.15,815.94,303.90
795.08,379.16,794.87,378.68
799.52,392.62,800.32,391.71
825.95,330.77,826.03,329.66
814.88,344.33,814.44,344.34
826.02,361.85,826.02,364.52
801.19,395.64,801.36,395.59
801.56,397.94,801.25,395.89
818.98,368.25,819.17,368.25
824.78,338.68,826.08,339.11
774.41,377.87,773.32,377.81
793.88,378.68,795.08,379.16
803.65,394.29,802.98,392.78
826.23,331.82,826.15,330.76
818.53,309.23,819.30,308.93
794.03,357.98,793.94,357.85
815.60,341.26,815.09,342.52
790.87,372.27,792.87,373.09
803.79,394.23,802.98,392.78
798.48,395.88,798.54,395.84
826.03,331.87,826.15,330.76
799.59,369.20,799.38,369.48
830.22,386.91,830.15,386.94
801.21,395.55,801.36,395.59
825.78,339.03,826.08,339.11
803.89,419.28,803.83,418.83
825.91,329.02,825.38,334.70
821.90,358.65,822.01,358.21
814.93,332.27,814.88,344.33
797.51,332.10,798.21,332.30
830.75,330.57,818.09,330.57
780.26,383.78,781.46,382.83
772.76,384.64,771.43,383.88
784.38,350.85,787.53,349.25
814.44,332.28,814.93,332.27
802.79,393.83,803.37,394.06
799.60,403.34,800.42,404.35
815.68,303.57,815.46,302.41
798.18,396.48,798.05,396.34
821.93,389.08,804.45,389.08
790.00,346.66,792.11,346.49
824.43,338.82,825.78,339.03
807.02,445.37,808.06,445.87
827.41,330.41,827.78,330.47
817.35,380.34,818.08,380.35
805.50,307.27,805.99,307.73
792.79,378.63,792.59,379.09
826.27,332.84,826.23,331.82
802.43,356.08,800.60,352.49
829.08,329.77,827.78,330.47
826.27,332.84,826.03,331.87
803.46,332.28,803.61,331.94
801.58,394.98,801.21,395.55
824.11,339.18,825.48,339.14
802.85,309.66,803.60,309.88
806.49,436.45,807.03,436.94
794.47,373.47,796.60,373.64
804.54,390.84,803.60,391.20
814.44,332.28,803.46,332.28
795.21,379.77,795.08,379.16
826.65,333.61,826.27,332.84
815.96,440.03,812.83,423.62
797.19,370.42,797.07,371.65
825.00,339.92,825.21,339.45
826.94,340.62,825.36,340.69
804.41,398.26,804.09,396.18
826.65,333.61,826.82,333.49
823.86,339.72,824.11,339.18
827.12,334.09,826.65,333.61
793.05,378.33,792.79,378.63
827.27,333.95,827.12,334.09
798.67,373.57,800.77,373.07
777.49,369.88,777.04,371.05
801.95,409.81,800.80,409.33
823.70,340.40,823.86,339.72
827.77,334.08,827.64,334.23
814.16,339.21,814.54,340.84
803.49,410.98,802.61,410.62
824.81,341.13,824.86,340.50
775.98,384.55,774.58,384.70
739.02,355.85,745.68,355.04
827.29,333.82,827.77,333.95
827.42,333.82,827.77,333.95
807.29,333.88,807.44,334.02
827.42,333.82,827.90,333.95
751.51,363.06,752.25,361.61
829.04,328.61,829.40,329.52
819.66,368.26,819.17,368.25
810.12,360.00,809.95,362.13
793.88,380.45,794.97,372.30
775.78,384.92,775.86,385.16
798.65,367.19,798.96,367.54
828.25,333.76,827.77,333.95
815.56,302.38,815.45,302.17
807.48,308.01,807.13,308.32
808.61,320.46,808.40,319.71
774.57,384.76,773.24,384.00
798.96,367.54,798.65,367.19
828.83,333.26,828.39,333.76
825.91,329.02,825.91,334.85
796.83,337.26,794.98,338.74
825.21,342.78,825.00,342.33
770.08,378.17,769.77,377.85
774.52,384.52,774.57,384.76
798.42,371.53,798.96,367.54
829.04,332.50,828.69,333.26
823.03,394.98,823.50,394.84
826.00,356.74,823.12,356.76
829.04,332.50,828.83,333.26
793.88,380.51,797.22,380.51
828.83,327.91,829.17,328.61
816.60,304.60,816.23,304.15
774.58,384.70,773.63,384.78
801.30,398.21,801.46,400.28
801.68,397.96,801.72,397.97
824.11,343.06,823.86,342.54
790.34,378.86,790.19,379.55
769.14,382.20,768.54,378.09
798.09,371.33,798.42,371.53
786.33,372.14,790.28,372.77
829.08,334.85,828.12,332.58
802.02,400.19,801.68,397.96
824.43,343.39,825.48,343.06
773.26,383.10,771.97,383.02
829.26,331.57,829.04,332.50
799.38,369.48,798.97,369.08
800.45,408.58,806.71,404.50
824.43,343.39,825.21,342.78
833.04,370.81,827.21,372.18
829.26,331.57,829.17,332.50
793.88,380.51,797.22,380.51
829.40,331.57,829.17,332.50
817.20,372.19,819.34,368.22
829.40,331.57,829.26,331.57
808.10,351.97,808.26,351.91
830.80,335.33,831.22,334.98
807.73,333.36,807.28,333.76
815.38,396.48,815.93,396.58
773.31,382.67,773.00,382.78
829.34,330.54,829.26,331.57
796.95,380.49,793.47,380.49
799.67,403.43,800.51,404.45
829.47,330.54,829.40,331.57
805.28,331.77,805.41,331.77
820.65,319.76,814.89,320.33
795.14,367.19,795.60,367.54
829.40,329.52,829.47,330.54
833.99,340.89,815.75,340.89
785.74,371.08,785.45,371.30
826.57,342.27,826.42,342.60
808.29,331.60,808.02,332.50
792.14,381.81,792.83,382.45
774.58,378.03,773.20,377.96
794.59,371.33,795.14,367.19
829.04,328.61,829.26,329.52
796.24,362.49,796.55,361.20
785.74,371.08,797.07,371.65
818.96,379.67,818.86,379.67
826.57,342.27,826.36,342.73
795.08,371.53,794.59,371.33
805.50,305.26,805.50,307.27
824.38,353.49,825.18,355.17
829.17,328.61,829.40,329.52
797.29,371.42,785.74,371.08
814.84,321.15,814.84,320.32
826.75,341.64,826.62,342.17
823.12,368.93,826.00,369.00
814.31,308.40,811.89,305.26
744.72,349.59,744.98,349.44
828.83,327.91,829.17,328.61
806.32,381.91,806.07,382.16
826.76,341.04,826.71,341.68
829.35,330.41,829.37,333.40
794.84,347.47,796.60,346.36
829.88,330.39,829.35,330.41
823.05,360.44,830.76,364.29
799.54,369.07,780.83,368.63
810.32,392.62,807.67,391.72
801.93,400.54,802.08,400.36
826.62,339.93,826.75,340.46
823.08,401.14,823.55,401.32
823.12,362.85,823.12,368.93
827.90,327.35,827.77,327.35
805.09,379.87,807.05,379.82
801.97,400.63,802.20,400.38
826.57,339.84,826.71,340.41
802.97,329.41,814.09,328.38
804.95,380.82,805.27,380.67
800.99,395.79,801.21,395.55
826.36,339.39,826.57,339.84
826.85,328.05,827.42,327.55
770.82,384.20,770.42,383.57
805.00,391.26,804.54,390.84
826.99,328.05,826.85,328.05
796.95,380.49,797.04,380.62
802.46,392.18,803.80,391.16
826.64,328.80,826.99,328.05
808.40,319.71,808.11,319.69
803.20,396.24,804.27,397.11
825.78,339.03,826.17,339.26
814.02,344.73,826.31,344.26
793.47,380.49,796.95,380.49
774.54,384.09,773.24,384.00
797.04,380.62,796.95,380.49
801.25,393.73,802.46,392.18
826.34,330.76,826.42,329.74
814.38,339.31,814.22,337.41
827.64,334.23,827.44,334.26
825.21,339.45,825.62,339.29
775.87,384.85,774.54,384.09
805.22,393.98,805.05,392.35
801.95,400.80,802.37,401.32
827.11,372.50,829.26,360.91
828.45,333.50,828.17,334.02
793.47,380.07,793.28,380.06
807.20,307.91,807.13,308.32
806.45,334.09,805.91,333.49
823.90,369.34,821.42,369.25
828.69,327.91,829.17,328.61
829.19,422.37,828.01,423.16
823.56,337.82,826.71,335.57
771.44,384.02,771.40,384.24
825.62,342.91,825.78,343.15
828.83,333.26,829.54,332.53
814.84,320.32,820.46,319.70
823.79,405.28,823.27,404.45
825.67,412.64,825.34,413.19
831.12,376.66,831.07,376.71
821.75,337.26,819.56,340.79
829.17,332.50,828.83,333.26
815.22,302.09,810.59,302.09
825.48,343.06,825.62,342.91
826.83,360.91,824.57,370.13
780.86,385.13,779.89,385.22
828.64,327.67,828.45,327.65
778.92,385.13,779.00,385.38
824.12,372.62,824.56,372.62
829.95,331.31,829.79,331.98
829.40,331.57,829.95,331.31
797.12,379.22,797.03,379.25
829.47,330.54,829.40,331.57
795.68,340.93,795.25,339.97
767.23,383.38,766.05,382.45
798.48,395.88,798.88,394.05
827.64,327.07,827.44,327.04
791.86,378.37,792.11,378.95
775.87,384.85,776.03,384.63
800.15,403.76,800.97,404.85
829.95,329.84,830.01,330.57
819.66,357.67,819.35,357.45
825.95,405.15,826.81,405.53
771.93,376.56,772.85,377.99
783.63,355.78,783.37,356.87
807.65,334.05,807.14,334.26
814.34,343.73,815.10,344.03
774.05,382.11,774.27,382.24
808.10,333.50,807.65,334.05
816.55,380.88,816.14,381.56
784.81,382.78,785.31,378.46
814.89,320.33,820.47,319.92
737.96,370.41,738.11,370.56
805.81,333.38,805.49,332.67
826.83,360.91,824.57,360.91
807.44,318.85,808.05,318.84
822.24,394.79,823.03,394.98
751.12,360.00,750.63,356.91
805.81,333.38,806.22,333.82
808.69,331.65,808.46,332.68
798.31,362.76,795.26,362.95
805.23,385.63,806.58,384.58
816.60,304.60,816.17,304.23
828.83,327.91,829.54,328.68
808.05,318.84,808.33,318.84
808.77,330.53,808.69,331.65
772.68,384.43,773.59,384.50
825.95,330.77,825.74,330.77
808.25,332.66,807.73,333.36
786.01,370.93,785.74,371.08
777.65,384.74,777.70,384.98
826.98,372.41,827.21,372.18
793.89,381.97,793.90,381.91
782.56,350.45,782.59,350.39
796.60,346.36,798.74,346.53
771.44,384.02,772.71,383.29
827.42,327.55,828.53,328.42
826.07,332.86,826.03,331.87
810.60,383.56,810.96,383.57
826.99,328.05,827.42,327.55
773.26,383.10,773.00,382.78
772.12,383.45,770.82,384.20
769.74,384.50,770.79,384.83
823.99,371.87,823.71,371.27
817.22,372.40,816.96,372.17
819.08,381.91,819.22,381.97
782.12,353.42,781.53,355.12
798.74,346.53,800.82,347.02
801.52,397.92,801.21,395.86
808.10,327.65,808.46,328.42
793.35,379.22,793.28,380.06
826.99,328.05,828.22,328.78
773.71,381.94,773.50,382.26
807.65,327.18,808.10,327.65
824.15,353.27,823.99,353.72
817.18,362.82,818.08,362.82
807.14,327.04,807.65,327.18
826.42,329.74,827.81,329.99
822.61,395.42,823.34,395.79
809.29,446.03,805.30,413.09
800.96,340.84,801.18,341.33
818.06,332.33,817.55,332.71
819.66,318.84,820.28,318.85
818.99,359.08,818.66,358.92
789.03,348.86,791.97,348.77
774.54,377.92,774.66,377.56
806.64,327.26,807.14,327.04
826.34,330.76,827.75,330.73
824.67,342.47,824.35,342.48
811.71,302.94,815.45,302.17
828.27,333.88,827.77,333.95
826.42,331.77,826.34,330.76
806.19,327.81,806.64,327.26
826.42,331.77,827.81,331.46
813.84,309.95,813.64,309.66
770.42,382.73,770.26,382.48
812.39,346.96,811.28,346.95
826.99,333.38,827.97,332.11
820.78,397.97,822.76,398.08
823.12,362.85,820.29,362.83
826.64,332.67,827.97,332.11
816.73,320.39,818.32,321.73
818.28,324.20,818.43,323.86
820.49,356.76,821.42,356.44
795.25,380.43,793.36,381.22
801.40,398.19,801.04,395.81
805.61,329.65,805.84,328.63
828.22,332.61,828.53,332.93
772.67,383.86,771.33,383.77
805.42,329.66,805.65,328.65
824.58,356.36,824.47,356.10
784.45,353.81,783.63,355.78
805.53,330.77,805.61,329.65
826.29,402.68,825.57,404.29
814.89,320.33,814.76,320.48
780.08,368.42,777.84,369.89
790.42,361.89,790.86,363.74
808.46,332.68,808.10,333.50
829.17,328.61,829.79,329.18
779.29,377.61,779.73,374.58
817.60,382.54,819.30,382.35
824.19,397.97,823.81,395.59
808.17,330.54,808.10,331.57
828.99,332.77,829.23,332.88
828.77,442.72,829.15,442.05
817.02,389.67,817.50,389.34
801.97,400.63,801.73,400.70
828.53,332.93,828.88,333.02
798.95,386.45,800.32,386.88
813.95,319.50,813.67,319.47
825.72,425.71,825.84,426.49
805.84,332.86,805.61,331.87
807.71,320.42,809.10,323.80
808.14,370.68,785.16,382.89
808.31,320.41,807.71,320.42
829.95,331.31,829.95,331.24
798.74,373.47,796.60,373.64
814.39,344.90,826.72,344.43
802.46,324.46,801.89,324.46
824.35,333.57,823.76,332.97
821.93,358.30,821.27,358.35
821.85,391.15,820.76,391.15
832.02,440.03,828.67,424.39
830.01,330.57,830.00,330.58
824.81,334.53,824.35,333.57
823.12,359.59,822.39,359.57
774.54,377.92,774.74,377.90
803.70,395.35,804.04,396.13
802.52,401.20,802.92,400.76
801.68,324.48,814.41,324.48
819.16,381.05,819.20,380.43
808.15,309.23,808.35,308.94
773.31,382.67,773.19,378.33
814.54,324.46,813.97,324.46
825.11,335.76,824.81,334.53
829.79,329.18,829.80,329.34
774.97,382.78,774.46,378.46
821.40,323.80,821.98,323.80
772.05,384.91,770.79,384.83
781.87,366.64,780.27,363.49
768.70,380.80,768.03,381.46
806.82,334.08,807.44,334.02
824.81,339.80,825.11,338.53
808.22,383.38,806.07,382.16
803.27,394.84,803.70,395.35
808.37,330.53,808.29,331.60
803.23,369.20,803.39,369.20
824.35,340.81,824.81,339.80
818.54,371.30,816.57,379.23
775.33,382.45,775.58,382.63
803.31,396.71,803.06,395.40
826.29,331.77,826.23,331.82
772.19,384.41,772.15,384.68
828.17,329.46,828.40,328.98
800.96,340.84,801.25,341.40
803.19,367.43,806.17,367.42
802.44,381.44,792.46,380.88
750.20,366.43,749.72,366.19
808.17,330.54,806.72,331.31
823.12,337.26,821.43,339.97
830.10,371.27,829.73,356.03
766.78,373.58,765.33,373.53
794.24,382.89,794.20,382.44
825.41,421.99,825.45,422.48
792.78,370.60,791.17,371.18
812.72,441.39,813.03,441.73
775.98,377.99,775.65,377.94
804.42,381.52,805.79,382.51
801.57,395.96,801.85,396.30
827.97,329.32,828.17,329.46
812.60,405.15,814.37,405.02
802.20,400.38,802.08,400.36
775.90,382.34,777.17,382.41
793.36,381.22,795.21,381.09
818.25,382.24,818.70,381.39
807.56,327.91,806.57,329.18
809.83,391.30,809.30,390.22
808.61,320.46,808.31,320.41
806.34,327.42,806.82,327.22
798.97,369.08,799.18,368.80
775.97,377.63,775.64,377.57
805.57,328.73,805.91,327.95
795.46,352.83,794.74,354.33
780.34,377.80,780.60,377.85
805.81,328.05,806.22,327.55
818.84,325.35,818.64,325.49
812.45,392.46,809.83,391.30
824.09,422.71,823.96,421.93
829.08,334.85,825.91,334.85
801.45,332.49,801.36,332.23
776.84,385.25,776.74,385.00
805.26,381.52,805.56,381.32
822.21,378.29,819.82,378.29
806.51,331.24,806.37,331.84
824.57,370.13,824.46,369.86
771.76,384.74,771.63,384.50
801.78,321.15,801.78,324.45
797.22,380.51,798.42,371.53
772.87,384.11,774.33,383.60
817.14,382.43,817.41,382.14
823.89,398.21,824.01,398.22
805.91,333.49,805.62,332.67
822.86,394.21,823.56,393.47
814.84,324.45,814.84,321.15
815.48,342.40,815.46,342.36
807.15,435.19,807.53,435.25
799.73,325.39,799.58,325.08
815.06,341.91,815.06,328.18
823.53,395.98,823.89,398.21
805.95,333.38,806.36,333.82
828.17,327.20,828.27,327.34
778.31,384.83,778.26,385.10
804.87,383.18,806.97,383.17
826.71,341.68,826.57,342.27
830.18,355.47,829.99,355.79
813.60,330.67,813.60,334.63
819.91,338.13,819.77,338.46
828.99,330.65,829.80,331.84
803.01,398.81,803.19,396.95
823.12,362.85,823.12,356.76
808.25,376.37,819.30,379.59
807.75,410.21,806.80,410.12
811.83,304.77,815.94,303.90
823.12,362.85,822.24,357.06
779.89,385.22,779.84,384.93
810.54,389.37,810.79,389.46
801.23,400.57,803.01,398.81
825.86,340.29,825.91,341.04
801.78,321.15,801.89,321.16
816.70,396.84,816.90,396.68
822.80,320.08,822.49,319.82
777.22,378.02,777.46,378.07
825.63,393.98,827.22,396.15
827.41,331.61,827.18,330.91
800.47,396.72,800.68,396.24
823.63,395.64,823.81,395.59
808.25,332.66,807.89,333.48
801.23,400.57,801.39,398.66
825.86,340.29,826.71,340.41
825.69,339.63,825.86,340.29
821.58,415.32,821.30,415.76
735.27,351.92,733.06,354.13
789.64,380.73,790.24,380.76
778.51,377.56,778.63,377.72
801.36,396.94,801.57,396.00
808.48,331.64,808.25,332.66
825.37,370.61,825.18,370.44
825.69,339.63,826.57,339.84
817.52,382.40,817.99,382.27
769.28,373.51,769.43,373.78
818.46,343.36,819.24,325.73
814.49,342.18,814.13,342.46
780.98,382.73,781.19,382.39
819.50,325.56,819.24,325.73
816.56,346.29,816.96,346.19
777.34,377.66,777.59,377.70
825.13,338.78,826.08,339.11
828.66,389.37,830.22,386.91
825.91,329.02,825.38,329.16
829.70,355.48,831.24,354.34
801.41,337.35,800.82,333.87
771.99,375.34,772.63,376.60
793.05,382.40,792.62,382.27
828.12,330.64,827.78,330.47
824.58,342.48,827.85,342.34
775.98,377.99,776.36,377.98
800.33,397.34,800.47,396.72
808.25,328.44,808.48,329.42
820.27,353.52,820.34,354.35
827.21,353.45,826.58,353.23
790.00,346.66,791.17,348.81
824.43,338.82,824.78,338.68
826.27,332.84,826.46,332.75
797.29,371.42,797.30,370.33
825.21,339.45,825.48,339.14
807.89,327.67,808.25,328.44
824.43,338.82,825.48,339.14
827.16,355.55,826.99,355.83
807.44,318.85,807.14,318.83
828.61,354.26,827.16,355.55
807.21,319.70,807.42,320.45
827.64,334.23,827.12,334.09
824.86,340.50,825.00,339.92
801.11,342.46,800.88,341.91
806.74,388.87,807.67,388.69
777.49,369.88,777.16,369.89
800.74,396.18,800.99,395.79
823.70,340.40,825.00,339.92
823.86,339.72,825.00,339.92
807.51,319.70,807.21,319.70
823.00,401.89,823.55,402.52
826.13,426.40,826.15,425.99
808.25,411.95,808.18,412.40
809.19,352.04,810.36,353.04
806.45,327.28,806.95,327.07
823.70,340.40,824.86,340.50
791.24,362.29,791.74,363.24
775.84,377.47,774.84,377.42
819.82,378.29,819.47,378.16
806.00,327.83,806.45,327.28
823.65,341.14,824.81,341.13
792.93,382.36,793.52,382.84
820.62,338.87,820.23,338.89
816.62,344.49,815.57,345.65
799.38,369.48,797.52,371.27
778.62,383.67,777.33,384.41
828.25,333.76,827.90,333.95
787.94,347.15,788.00,347.07
801.72,396.81,802.22,395.06
823.70,341.88,823.65,341.14
790.96,368.41,791.66,363.20
801.72,397.97,801.93,400.54
823.86,342.54,824.86,341.77
773.03,384.83,771.76,384.74
819.58,379.71,819.93,379.71
800.91,399.91,801.23,400.65
805.65,328.65,806.00,327.83
787.94,347.15,790.00,346.66
801.28,333.12,801.27,328.41
813.42,309.88,813.64,309.66
801.30,398.21,801.64,400.45
801.68,397.96,801.34,395.72
824.11,343.06,825.00,342.33
813.03,361.90,812.58,363.75
812.17,403.20,809.45,403.71
823.86,342.54,825.00,342.33
771.63,384.50,770.79,384.83
816.47,409.81,819.14,409.33
805.46,393.88,812.28,395.43
825.48,343.06,825.78,343.15
810.70,307.09,811.03,306.88
807.67,307.66,810.13,304.60
815.35,337.35,814.74,333.87
801.29,324.66,801.68,324.48
805.28,330.76,805.35,329.70
776.87,382.71,776.81,382.54
805.56,381.32,805.92,381.75
805.42,331.87,805.34,330.77
776.97,382.29,776.62,382.11
805.65,381.99,806.07,382.16
820.63,380.77,820.92,380.77
805.65,332.84,805.42,331.87
816.17,304.23,816.25,306.34
799.01,401.89,799.60,403.34
829.40,329.52,829.26,329.52
797.07,371.65,785.45,371.30
826.62,342.17,826.42,342.60
814.65,324.66,814.83,327.63
810.54,362.14,810.22,364.25
814.70,349.60,812.75,348.85
782.59,369.61,788.44,371.12
824.44,400.76,824.39,400.63
799.71,320.39,798.60,321.73
777.22,378.02,778.64,378.09
821.01,380.88,820.49,380.88
806.00,333.61,805.65,332.84
810.46,304.23,810.99,306.35
801.40,398.19,801.04,395.81
826.57,342.27,826.62,342.17
780.83,368.63,780.44,368.25
807.86,381.59,805.92,381.75
826.71,340.41,826.76,341.04
811.34,307.26,811.89,305.26
790.09,380.06,789.99,380.88
816.60,304.60,816.61,306.56
794.29,359.15,794.26,359.59
769.88,382.59,769.41,378.19
791.42,377.24,791.12,377.39
794.22,379.77,795.26,380.44
819.82,362.35,819.99,362.45
827.42,327.55,827.29,327.55
806.33,389.00,806.86,388.85
769.56,384.59,769.24,383.94
826.42,339.52,826.62,339.93
773.26,383.10,773.31,382.67
466.87,483.16,420.19,344.81
807.69,333.26,807.28,333.76
826.57,339.84,826.62,339.93
766.47,378.04,766.94,382.41
807.91,342.33,807.73,341.71
815.35,337.35,815.33,342.16
795.08,379.17,792.11,378.95
827.41,331.61,826.97,331.02
777.64,378.04,776.36,377.98
808.02,332.50,807.69,333.26
826.36,339.39,826.42,339.52
819.96,307.66,819.30,308.93
762.91,369.82,764.43,371.05
816.57,344.95,816.73,344.89
825.91,334.85,826.44,332.32
794.52,370.75,797.67,369.15
811.60,304.52,811.26,304.42
826.64,328.80,826.51,328.80
769.56,384.59,770.14,384.63
825.90,339.19,826.17,339.26
773.10,384.60,773.03,384.83
801.97,400.63,802.20,400.38
826.08,339.11,826.17,339.26
776.33,377.47,776.36,377.98
820.21,308.01,819.54,309.23
825.48,339.14,825.78,339.03
826.34,330.76,826.21,330.76
813.59,344.19,813.02,344.71
808.46,382.03,817.60,382.54
808.23,329.52,808.31,330.54
791.15,381.13,791.24,380.74
826.99,435.22,826.12,435.19
825.48,339.14,825.62,339.29
826.42,331.77,826.29,331.77
827.24,435.99,826.25,435.97
816.83,371.30,816.57,379.23
776.51,383.76,775.53,382.93
771.62,382.87,772.12,383.45
825.17,340.00,825.37,339.57
834.42,353.33,825.37,354.99
826.51,332.67,826.42,331.77
738.05,350.51,738.80,352.82
809.61,354.30,809.59,354.56
825.00,339.92,825.21,339.45
808.15,309.23,808.35,308.94
794.09,381.69,795.08,381.69
805.56,396.01,805.22,393.98
796.84,360.00,796.94,361.18
824.85,432.52,824.43,432.87
828.99,330.65,829.30,332.65
809.88,353.53,810.81,354.62
773.89,382.36,773.94,382.53
825.04,340.54,825.17,340.00
830.67,364.15,830.89,364.55
799.70,341.90,800.27,340.58
776.62,382.11,778.04,382.20
825.00,339.92,825.17,340.00
798.53,396.75,798.18,396.48
827.42,333.82,827.29,333.82
833.04,358.86,825.37,358.88
774.27,382.24,773.94,382.53
817.63,381.68,819.08,381.91
824.81,341.13,824.86,340.50
813.13,361.54,812.49,360.95
824.45,431.29,823.74,430.78
773.70,382.21,774.27,382.24
801.19,395.64,801.72,397.97
825.04,341.71,825.00,341.13
818.32,343.51,816.50,344.40
795.26,355.56,795.29,355.57
824.76,364.73,801.37,364.55
798.98,342.76,799.70,341.90
779.29,377.61,779.32,378.12
799.54,396.72,800.02,393.46
806.82,327.35,807.28,327.47
812.76,356.96,813.13,358.46
824.81,341.13,825.00,341.13
827.90,333.95,828.88,333.02
824.23,431.98,823.37,431.96
770.21,384.40,770.14,384.63
825.17,342.24,825.04,341.71
814.49,308.76,813.84,309.95
825.00,342.33,824.86,341.77
778.01,377.34,779.10,377.40
812.55,361.83,812.12,363.62
825.00,342.33,825.17,342.24
806.45,327.28,806.82,327.22
775.87,384.85,777.17,385.26
798.36,397.91,798.48,395.88
810.13,304.60,810.46,304.23
778.83,377.61,777.77,377.56
828.44,389.54,810.79,389.46
805.62,328.80,805.95,328.05
806.87,444.58,811.83,440.93
794.91,373.49,792.87,373.09
770.32,383.35,767.97,382.45
812.56,363.79,811.83,365.57
825.90,342.99,825.78,343.15
774.35,384.21,773.10,384.33
820.50,343.18,801.30,342.39
805.34,330.76,805.41,329.74
825.48,343.06,825.21,342.78
801.66,327.40,801.11,327.63
824.40,417.67,824.31,418.43
806.45,334.09,806.95,334.23
782.13,384.74,783.63,384.21
805.28,331.77,805.20,330.76
807.65,334.05,806.95,334.23
771.24,377.93,771.50,377.87
793.40,378.79,792.79,379.28
825.95,330.77,826.03,329.66
775.62,383.48,775.45,383.26
811.83,448.96,812.29,449.07
799.75,325.13,799.57,325.56
807.89,333.48,807.44,334.02
784.87,376.12,790.97,376.39
795.21,381.09,793.90,381.91
807.89,333.48,808.10,333.50
797.28,355.53,797.39,355.27
785.47,379.86,791.58,380.19
800.60,367.50,748.07,368.98
809.53,326.60,811.45,325.69
802.85,389.53,802.65,389.36
805.81,333.38,806.36,333.82
816.11,307.09,811.33,307.73
770.22,384.14,770.21,384.40
793.90,381.91,793.36,381.22
808.56,330.53,808.48,331.64
816.48,332.37,815.80,332.59
811.45,306.80,806.81,307.43
814.49,342.18,814.66,341.75
808.48,331.64,808.69,331.65
833.82,340.82,815.92,340.82
829.81,441.46,827.88,427.45
772.71,383.29,772.54,383.07
774.66,377.56,774.88,377.40
824.46,355.87,824.46,360.91
808.48,329.42,808.56,330.53
810.59,307.43,815.27,306.80
825.87,355.35,825.94,355.24
815.15,341.75,814.95,342.24
827.90,327.35,828.88,328.27
808.69,329.41,808.77,330.53
822.64,343.33,821.40,344.71
775.45,383.26,776.86,383.35
807.14,333.76,806.68,333.95
825.10,367.30,824.37,362.80
797.29,348.46,799.13,348.42
808.56,330.53,808.77,330.53
772.67,371.30,769.56,371.21
771.33,383.77,771.44,384.02
801.56,397.94,801.25,395.89
801.78,321.15,801.78,320.32
808.25,328.44,808.48,329.42
826.94,438.89,827.22,438.46
830.75,330.57,831.26,332.00
826.58,353.23,827.21,353.45
800.90,347.73,802.81,347.88
808.46,328.42,808.48,329.42
803.60,309.88,808.58,309.23
773.50,382.26,774.84,382.35
819.48,381.04,819.82,381.12
807.89,327.67,808.25,328.44
827.19,427.16,829.18,440.91
810.36,366.97,809.19,367.98
827.17,420.82,827.08,421.57
806.36,333.82,806.82,333.95
804.41,346.80,806.42,347.64
774.20,377.92,794.61,370.68
808.10,327.65,808.25,328.44
802.37,346.37,804.47,346.87
772.67,371.30,771.08,377.76
824.57,370.13,824.46,360.91
808.25,328.44,808.46,328.42
817.16,382.85,816.83,382.51
750.53,366.53,751.75,363.38
806.72,331.31,806.57,331.98
777.70,384.98,779.00,385.38
807.65,327.18,807.89,327.67
803.29,310.51,803.36,310.18
774.66,377.56,774.42,377.51
806.95,327.07,807.44,327.20
817.53,412.44,816.72,410.62
823.77,338.70,823.97,338.06
797.55,357.48,797.14,357.48
790.00,377.10,790.48,377.33
824.93,399.94,824.88,400.00
802.69,343.33,804.47,344.39
806.77,330.57,806.72,331.31
807.14,327.04,807.44,327.20
779.15,385.26,777.83,385.16
801.41,337.35,800.44,339.25
813.67,319.47,813.67,320.30
787.78,370.21,789.42,370.60
821.75,337.26,823.36,332.44
774.31,377.87,774.54,377.92
806.45,327.28,806.95,327.07
824.56,335.47,823.93,334.84
815.54,341.00,815.54,346.23
789.03,348.86,787.39,350.26
806.64,327.26,806.95,327.07
818.77,309.52,818.53,309.23
806.37,307.51,805.85,307.04
778.31,382.63,778.56,382.82
807.56,327.91,807.89,328.61
801.29,324.66,801.54,324.33
778.86,382.51,779.32,378.12
806.04,328.36,806.33,328.68
805.61,329.65,805.65,328.65
830.75,335.51,831.43,333.05
806.36,327.55,806.34,327.42
794.01,382.99,794.23,382.76
820.58,378.80,818.89,378.75
805.34,330.77,805.42,329.66
741.55,371.10,744.72,370.41
805.71,328.27,806.04,328.36
805.53,330.77,805.42,329.66
810.37,364.52,809.59,365.44
780.16,382.59,778.86,382.51
826.62,355.84,826.66,359.58
806.68,327.35,807.14,327.47
819.71,382.24,818.02,382.42
805.65,332.84,805.42,331.87
805.08,328.78,805.38,328.42
804.08,418.13,804.29,418.06
814.30,358.09,814.46,360.00
827.74,330.52,827.21,330.59
797.98,340.81,798.42,339.80
824.40,395.51,824.74,396.24
805.49,328.80,805.81,328.05
817.60,382.54,808.46,382.03
806.00,333.61,806.64,334.11
777.17,382.41,777.64,378.04
777.12,383.58,777.30,383.80
825.35,398.14,825.29,397.44
735.02,368.98,737.96,370.41
804.70,329.99,804.85,329.32
806.23,368.74,807.56,368.18
775.83,384.31,777.12,383.58
824.30,399.24,824.37,398.17
805.20,330.76,805.28,329.74
827.79,360.71,830.19,360.72
814.16,339.21,814.02,337.38
806.00,333.61,806.19,333.63
808.40,309.52,808.32,309.86
765.40,382.32,768.34,382.51
801.03,340.91,800.96,340.84
817.12,372.16,817.36,372.39
786.22,350.43,787.72,349.36
824.36,343.58,823.52,343.58
831.71,332.14,831.67,331.70
817.00,333.41,817.31,333.26
816.30,380.90,797.04,380.62
824.90,396.30,825.14,396.81
804.70,331.46,804.65,330.73
802.52,401.20,803.74,400.92
813.63,349.79,812.88,350.63
778.86,382.51,780.16,382.59
823.55,401.32,824.02,401.20
805.28,331.77,805.20,330.76
808.15,309.23,808.58,309.23
805.09,378.11,805.03,378.99
803.43,399.17,803.49,398.17
801.90,395.26,802.32,394.79
790.27,360.00,790.42,361.89
792.45,379.68,792.41,380.33
827.12,327.28,827.77,327.22
808.40,309.52,808.15,309.23
829.54,328.68,829.58,328.89
771.63,384.50,771.55,384.23
808.07,332.58,807.73,333.36
772.67,383.86,773.88,383.16
808.45,383.61,805.26,383.20
792.76,380.77,792.99,380.88
802.47,395.02,802.88,395.51
731.15,360.00,731.64,363.08
806.22,333.82,805.81,333.38
829.23,328.36,829.30,328.61
773.88,383.16,774.15,383.38
792.99,380.88,792.46,380.88
801.85,396.30,802.08,396.81
820.69,356.20,820.84,355.97
803.70,381.29,803.88,381.52
803.23,400.06,803.43,399.17
775.65,377.94,775.64,377.57
802.47,395.02,802.88,395.51
782.99,382.93,782.60,382.83
803.23,350.83,802.28,350.91
809.30,390.22,807.42,390.59
828.22,328.78,828.40,328.98
820.49,356.76,822.24,357.06
779.99,360.00,780.12,361.75
775.64,377.57,775.97,377.63
804.15,382.33,803.70,381.29
804.07,400.18,804.29,399.24
808.07,328.53,808.29,329.47
803.88,381.52,804.42,381.52
807.69,327.91,808.02,328.61
821.26,344.77,821.40,344.71
828.61,331.61,828.53,331.61
803.36,310.18,802.85,309.66
806.82,327.35,807.28,327.47
828.53,331.61,828.47,331.97
805.56,381.32,805.27,380.67
746.18,356.99,745.05,355.85
805.34,330.77,805.35,329.70
801.24,401.60,802.95,400.73
815.22,302.09,815.45,302.17
805.95,328.05,806.36,327.55
824.40,400.69,823.96,401.60
796.41,366.97,797.99,367.43
801.55,337.31,800.46,337.38
804.45,389.08,804.27,388.90
805.91,327.95,806.34,327.42
828.68,332.69,828.99,332.77
799.38,369.48,799.59,369.20
775.84,377.47,775.97,377.63
801.27,341.75,801.28,341.54
801.58,394.98,802.03,394.84
805.62,328.80,805.95,328.05
821.01,380.88,831.74,381.44
820.30,378.00,817.14,378.38
799.25,351.84,800.25,352.82
805.57,328.73,805.95,328.05
818.28,324.20,818.23,324.64
802.85,389.53,804.45,389.08
800.59,335.53,800.96,333.85
806.04,328.36,806.33,328.68
805.95,328.05,805.91,327.95
810.32,392.62,809.83,391.30
774.58,377.37,774.84,377.42
794.20,382.44,794.87,382.14
811.33,307.73,811.34,307.26
793.66,360.59,793.86,360.52
768.13,378.12,768.60,382.51
808.52,416.27,808.64,415.51
796.83,337.26,798.42,339.80
805.34,330.76,805.41,329.74
805.31,328.65,805.60,328.53
800.70,399.00,801.30,397.99
737.16,361.58,737.89,363.01
812.45,392.46,811.75,391.15
800.70,399.00,800.62,398.00
805.28,330.76,805.35,329.70
791.97,348.77,790.45,350.24
742.04,365.13,743.62,364.88
826.07,343.63,814.51,342.91
805.41,331.77,805.34,330.76
815.57,345.65,814.84,346.79
775.98,384.55,777.30,383.80
820.63,380.77,820.33,380.86
805.04,328.98,805.31,328.65
736.91,360.00,737.16,361.58
805.35,331.82,805.34,330.76
803.28,345.00,803.20,344.94
805.35,331.82,805.28,330.76
797.59,371.02,798.08,367.34
777.30,383.80,778.61,383.88
805.08,328.78,805.38,328.42
805.34,330.76,805.28,330.76
804.75,344.02,803.28,345.00
805.62,332.67,805.41,331.77
815.60,345.69,814.87,346.82
777.28,384.64,775.98,384.55
820.92,380.77,820.63,380.77
804.85,329.32,805.08,328.78
801.38,399.06,800.70,399.00
742.34,358.39,742.08,360.00
805.41,331.77,805.35,331.82
743.08,356.94,742.34,358.39
805.62,332.67,805.57,332.75
818.02,382.42,818.39,382.02
799.53,324.64,799.58,325.08
815.99,340.55,817.71,340.51
807.60,412.34,807.53,411.89
822.21,378.29,824.36,372.32
824.80,427.12,825.10,427.63
814.65,324.66,815.06,328.18
779.98,382.48,779.62,382.30
829.14,336.33,829.14,344.31
804.65,330.73,804.70,329.99
800.34,398.72,800.29,398.02
805.95,333.38,806.34,333.95
818.70,377.92,818.58,377.77
822.29,396.12,822.61,395.42
804.65,330.72,804.70,330.06
805.91,333.49,806.34,333.95
822.08,397.00,822.29,396.12
804.70,331.46,804.65,330.73
800.34,398.72,800.49,399.35
787.59,379.47,787.75,379.86
815.15,333.17,814.81,333.12
825.41,421.99,825.51,422.04
792.78,370.60,792.92,371.05
746.18,363.01,746.91,361.58
807.73,327.80,808.02,328.61
806.82,334.08,807.29,333.88
802.03,394.84,801.58,394.98
797.29,371.54,798.52,371.58
818.87,390.93,818.74,391.08
816.47,331.20,816.83,331.25
804.76,378.03,804.95,377.17
801.11,342.46,801.66,342.68
803.00,401.76,803.79,409.98
825.91,341.04,826.76,341.04
796.61,351.45,795.62,352.83
776.97,382.29,777.17,382.41
807.89,333.48,807.44,334.02
804.47,419.34,804.29,419.60
813.83,362.17,813.32,364.29
798.31,362.76,795.06,362.74
804.64,413.80,804.75,414.57
799.61,344.44,801.66,342.68
823.08,401.14,823.55,401.32
820.09,377.39,818.39,377.25
823.99,400.20,824.31,400.33
804.83,331.95,804.70,331.37
836.90,359.53,822.90,359.54
779.72,370.75,780.83,368.63
824.65,411.12,824.93,410.67
800.68,397.00,800.88,396.12
823.58,395.55,823.85,395.47
808.07,332.58,807.73,333.36
818.80,425.66,810.97,424.44
823.76,340.46,824.36,343.58
800.68,397.00,801.57,396.00
808.07,332.58,808.25,332.66
790.08,380.90,793.27,380.61
808.48,331.64,808.07,332.58
769.76,378.22,769.41,378.19
805.31,332.69,805.71,333.02
777.51,377.51,778.51,377.56
800.99,400.20,801.30,400.33
808.29,331.60,808.07,332.58
825.44,339.11,826.36,339.39
824.98,413.15,824.68,412.65
805.38,332.93,805.08,332.61
785.45,371.30,782.28,371.21
777.34,377.66,777.51,377.51
801.63,401.14,802.08,401.32
808.56,330.53,808.48,331.64
816.92,382.36,816.91,382.72
823.67,418.83,824.03,418.87
825.91,329.02,826.70,330.64
818.09,335.51,816.83,333.48
800.99,400.20,802.08,401.32
823.47,395.81,823.63,395.64
768.60,382.51,768.13,378.12
817.56,343.85,817.56,340.79
791.42,377.24,794.96,377.57
819.69,325.13,818.46,343.36
821.16,397.99,821.23,396.94
805.38,332.93,805.04,332.40
808.56,330.53,808.29,331.60
801.23,400.65,801.63,401.14
808.37,330.53,808.29,331.60
797.75,369.05,795.97,369.57
830.67,361.88,830.67,364.15
816.73,341.02,817.56,343.85
795.71,357.49,797.14,357.48
820.38,318.83,820.46,319.70
818.46,383.99,817.81,384.17
808.25,328.44,808.29,329.47
821.96,417.66,822.26,418.17
829.08,329.77,828.55,331.24
803.74,400.92,804.07,400.18
800.62,398.00,800.68,397.00
808.07,328.53,808.29,329.47
821.75,337.26,819.56,333.98
799.61,344.44,800.88,341.91
802.69,343.33,806.70,337.92
779.62,382.30,781.19,382.39
829.08,329.77,828.38,330.90
824.70,417.60,824.57,418.34
791.17,371.18,792.11,373.51
807.89,327.67,808.07,328.53
800.71,399.86,800.99,400.20
807.73,327.80,808.07,328.53
794.13,360.95,794.30,360.95
777.17,382.41,775.90,382.34
801.23,400.65,801.63,401.14
781.80,378.25,782.12,378.30
827.41,330.41,829.08,329.77
800.71,399.86,801.63,401.14
807.73,327.80,807.89,327.67
807.29,327.34,807.44,327.20
806.95,327.07,807.29,327.34
803.88,381.52,803.70,381.29
827.04,332.76,827.41,332.81
774.84,377.42,775.10,377.21
806.34,327.42,806.82,327.22
827.71,439.67,826.84,439.64
828.48,404.50,821.87,408.58
828.99,330.65,829.58,328.89
828.83,332.68,828.45,333.50
817.39,382.80,818.19,383.76
769.63,377.49,769.89,377.71
815.75,303.77,810.77,303.78
823.98,416.39,824.28,416.90
825.91,334.85,827.04,332.76
817.57,383.94,818.19,383.76
819.93,379.71,819.82,378.29
800.49,399.35,800.71,399.86
805.91,327.95,806.34,327.42
773.02,384.35,774.33,383.60
805.35,329.70,805.57,328.73
811.44,302.64,811.64,302.72
747.24,355.56,745.57,353.89
805.35,329.70,805.42,329.66
792.10,371.16,793.68,369.92
796.83,337.26,797.43,341.48
820.49,380.88,820.63,380.77
805.57,332.75,805.35,331.82
805.91,333.49,805.57,332.75
829.71,330.05,829.88,330.39
813.63,392.83,820.35,391.58
774.46,378.46,774.70,378.41
828.69,327.91,829.04,328.61
817.63,421.92,829.30,422.46
778.96,377.77,779.29,377.61
793.66,361.54,794.34,361.44
811.89,305.26,812.11,305.10
822.67,320.03,822.35,319.76
804.64,344.43,821.57,344.43
821.03,392.83,813.63,392.83
790.51,365.32,789.96,365.57
807.85,340.00,808.04,339.57
815.78,347.16,815.60,346.78
810.35,426.03,827.97,424.79
819.24,325.73,818.98,325.60
828.83,327.91,828.69,327.91
780.47,368.80,780.08,368.42
826.80,341.05,826.75,341.64
823.51,427.58,822.75,426.81
823.85,398.19,824.23,400.58
819.95,381.22,817.77,381.09
824.39,400.63,824.63,400.38
829.65,355.81,828.95,359.57
807.14,333.76,806.68,333.95
826.92,362.74,826.48,362.82
825.64,336.04,825.00,336.84
824.11,339.18,824.43,338.82
822.07,423.95,821.94,423.18
815.01,335.51,815.78,333.31
818.89,378.75,818.79,378.68
805.56,398.28,805.33,396.03
827.29,333.82,826.85,333.38
817.76,381.13,817.22,381.86
824.83,431.62,824.40,431.34
800.46,404.11,801.22,405.13
810.81,354.62,811.56,355.84
773.94,382.53,773.36,382.49
825.00,341.13,825.04,340.54
737.89,363.01,739.02,364.15
817.15,333.31,816.83,333.48
772.91,384.41,774.04,385.04
793.01,379.99,793.59,379.24
826.99,328.05,828.53,328.42
816.23,304.15,811.83,304.77
825.78,339.03,825.90,339.19
812.93,344.66,801.26,346.19
774.30,384.44,775.61,383.68
733.96,362.33,735.03,364.43
800.88,328.18,801.11,327.63
824.19,397.97,823.93,395.72
733.59,360.00,733.96,362.33
808.17,330.54,808.31,330.54
804.76,379.94,805.09,379.87
823.63,395.64,823.81,395.59
807.89,328.61,808.10,329.52
817.64,332.37,817.58,332.73
799.20,348.21,799.27,348.05
824.77,400.00,824.88,400.00
807.69,327.91,807.89,328.61
807.14,327.47,807.56,327.91
807.67,388.69,806.86,388.85
812.60,405.15,814.37,405.02
826.42,331.77,827.75,330.73
827.79,360.71,827.70,360.71
765.40,373.36,766.94,373.70
824.86,340.50,825.04,340.54
778.64,378.09,778.96,378.14
814.51,342.91,815.99,344.05
777.65,384.74,778.92,385.13
794.97,372.30,794.59,371.86
804.42,381.52,803.88,381.52
806.82,327.35,807.14,327.47
828.99,330.65,828.40,328.98
802.44,381.44,802.97,381.44
824.05,398.24,823.68,396.17
806.22,327.55,806.68,327.35
796.87,349.22,798.63,348.49
831.33,384.18,823.18,383.80
797.40,342.83,796.69,342.04
824.38,400.31,824.34,400.28
805.95,328.05,806.22,327.55
818.66,335.51,819.18,335.61
793.76,366.17,793.93,365.91
805.71,328.27,805.89,328.61
801.52,320.33,799.84,320.33
806.22,327.55,806.36,327.55
825.62,342.91,825.90,342.99
829.19,422.37,829.23,421.49
823.56,337.82,823.33,337.71
805.62,328.80,805.81,328.05
825.64,336.04,826.18,325.98
823.79,338.68,826.71,335.57
775.45,383.26,774.23,383.97
799.49,344.40,799.71,344.89
747.78,351.14,747.38,351.47
805.34,330.76,805.28,329.74
805.28,329.74,805.41,329.74
824.04,396.13,824.28,397.11
798.60,343.51,799.49,344.40
823.33,339.69,823.56,339.55
808.10,333.50,807.44,334.02
805.49,332.67,805.28,331.77
808.25,332.66,807.89,333.48
751.75,356.62,750.20,353.56
805.95,333.38,805.49,332.67
825.35,360.91,827.35,356.17
783.18,356.87,783.37,356.87
829.83,355.53,831.56,354.34
741.14,367.55,743.47,367.18
806.68,333.95,806.82,333.95
805.49,332.67,805.62,332.67
827.41,332.35,827.22,332.77
806.21,390.88,806.61,391.32
815.76,332.37,815.60,332.70
811.83,440.93,811.79,441.72
808.55,341.09,807.69,341.13
824.74,396.24,825.29,397.44
805.81,333.38,805.95,333.38
735.03,355.56,733.96,357.67
814.67,335.72,828.90,335.72
827.18,330.91,826.97,331.02
820.12,338.00,823.77,337.97
823.84,340.17,824.78,340.17
822.64,343.33,821.70,344.39
827.13,338.75,827.20,337.63
803.20,396.24,803.42,397.16
824.39,355.84,824.46,360.91
808.69,329.41,808.56,330.53
794.47,371.02,794.96,367.34
774.23,383.97,775.45,383.26
794.00,382.85,794.33,382.51
806.04,332.88,805.71,333.02
801.72,396.81,803.19,396.95
792.41,380.33,793.44,379.68
800.00,394.12,800.59,393.47
820.39,363.24,818.99,368.26
827.21,353.45,826.80,353.46
808.55,341.09,809.36,340.46
798.98,347.88,800.96,348.27
808.48,329.42,808.69,329.41
827.22,438.46,827.59,438.52
831.69,331.42,832.01,331.25
793.54,380.07,793.60,380.32
775.63,384.06,774.23,383.97
807.56,333.26,807.14,333.76
817.51,388.76,816.43,388.76
806.04,332.88,807.14,333.76
807.56,333.26,806.04,332.88
796.96,342.34,800.61,341.01
801.24,342.36,800.61,341.01
830.75,330.57,831.43,331.68
791.74,363.24,791.73,368.26
819.52,372.12,819.53,362.80
803.37,347.73,805.22,348.86
824.52,370.20,824.39,369.89
807.89,327.67,808.10,327.65
800.02,393.46,799.29,396.68
789.13,379.21,789.12,379.91
778.86,382.51,778.47,382.39
808.10,331.57,807.89,332.50
780.52,377.66,781.66,377.71
806.88,422.71,807.78,423.26
832.37,331.20,830.75,330.57
814.54,340.84,814.77,341.33
806.57,331.98,807.89,332.50
808.10,331.57,806.57,331.98
805.07,348.95,805.79,351.03
794.09,379.16,793.40,378.79
828.99,386.31,828.94,387.17
823.12,337.26,824.35,340.81
774.58,384.70,774.50,384.43
808.17,330.54,808.10,331.57
823.97,339.33,824.11,339.05
806.25,350.35,807.09,352.54
806.95,327.07,807.14,327.04
776.86,383.35,777.12,383.58
808.10,329.52,808.17,330.54
824.93,399.94,824.63,400.38
802.69,343.33,804.18,344.71
806.77,330.57,808.17,330.54
808.10,329.52,806.77,330.57
827.75,330.73,828.03,330.06
810.62,302.41,810.32,302.38
806.45,327.28,806.64,327.26
806.40,367.67,806.52,367.32
775.83,384.31,775.63,384.06
807.89,328.61,808.10,329.52
808.36,444.93,817.97,439.75
811.58,336.79,809.54,335.94
806.72,329.84,808.10,329.52
792.93,382.36,793.56,382.72
812.41,405.53,812.06,406.79
820.62,338.87,820.29,338.52
801.30,398.21,801.04,395.81
805.65,328.65,805.84,328.63
811.06,363.41,810.44,364.42
779.32,378.12,780.62,378.19
807.14,327.47,807.56,327.91
799.54,369.07,799.38,369.48
792.83,382.45,792.93,382.36
808.06,445.87,809.29,446.03
820.43,339.51,820.62,339.60
801.55,337.31,800.59,339.21
774.27,382.24,773.89,382.36
744.72,370.41,744.45,370.02
807.14,327.47,806.33,328.68
807.50,376.85,807.23,377.43
804.93,402.68,804.14,404.29
805.60,330.65,805.04,328.98
818.56,352.83,818.63,354.33
820.03,345.48,819.28,346.64
780.62,378.19,780.47,378.22
806.22,327.55,806.68,327.35
833.04,370.81,824.36,370.27
826.08,343.82,814.02,344.73
750.20,353.56,747.38,351.47
805.71,328.27,806.68,327.35
816.92,382.45,816.92,382.36
813.87,336.33,802.82,336.99
824.93,399.94,824.44,400.76
741.34,370.95,741.19,370.54
818.39,377.25,818.70,377.92
806.62,437.16,807.14,437.67
799.94,353.92,802.93,353.93
831.20,332.37,830.75,335.51
805.81,328.05,805.38,328.42
751.75,356.62,749.72,353.80
805.08,328.78,805.81,328.05
824.40,395.51,824.04,396.13
805.49,328.80,805.08,328.78
814.83,342.46,815.06,341.91
752.29,360.00,751.21,356.74
804.70,329.99,805.28,329.74
815.39,332.46,815.52,332.26
806.23,368.74,807.87,368.79
824.30,399.24,825.05,398.17
734.90,368.86,735.00,368.52
805.20,330.76,804.70,329.99
824.98,399.17,825.05,398.17
804.65,330.73,804.70,329.99
804.65,330.73,805.20,330.76
811.51,362.32,814.48,362.32
805.28,331.77,804.65,330.73
823.44,394.91,823.17,393.99
801.19,395.42,802.32,394.79
743.62,355.12,742.04,354.87
822.47,341.53,821.89,340.93
790.36,372.69,791.02,371.31
819.76,324.56,823.79,321.38
810.82,365.40,809.88,366.49
823.23,394.84,823.68,395.35
804.85,332.11,804.70,331.46
820.29,308.43,820.28,318.85
794.09,381.69,795.08,381.69
827.12,327.28,827.64,327.07
802.08,401.32,803.32,401.38
745.05,355.85,743.62,355.12
825.31,398.84,825.35,398.14
730.98,363.43,732.48,366.43
805.08,332.61,804.85,332.11
805.08,332.61,805.81,333.38
784.28,366.24,785.40,368.08
746.18,356.99,745.05,355.85
829.26,329.52,829.47,330.54
818.79,380.66,819.48,381.04
802.88,393.46,803.67,392.04
826.36,342.73,826.08,343.04
806.57,329.18,807.89,328.61
829.12,326.35,828.99,325.69
831.77,367.35,831.58,367.20
805.60,332.77,805.89,332.65
802.24,398.84,803.49,398.17
752.50,360.00,752.25,358.39
808.31,330.54,808.37,330.53
780.52,377.66,780.78,377.71
824.43,343.39,824.78,343.49
806.33,332.53,806.04,332.88
819.85,362.14,820.15,362.29
767.24,383.60,765.99,382.63
776.34,383.99,775.13,383.03
747.16,360.00,746.91,358.41
806.16,332.33,805.89,332.65
808.23,329.52,808.29,329.47
778.56,382.82,779.87,382.90
806.57,331.98,806.33,332.53
806.57,331.98,806.16,332.33
808.07,328.53,808.23,329.52
730.98,356.57,730.39,360.00
806.37,331.84,806.16,332.33
800.26,325.02,799.92,324.61
826.97,344.66,827.99,345.79
779.98,382.48,780.16,382.59
815.99,344.05,826.97,344.66
806.72,331.31,806.57,331.98
744.72,370.41,747.38,368.52
806.37,331.84,806.57,331.98
750.35,364.21,751.51,363.06
807.69,327.91,807.73,327.80
780.23,378.17,780.47,378.22
822.32,379.71,822.21,378.29
738.80,352.82,741.14,352.45
806.77,330.57,806.72,331.31
815.38,396.48,798.18,396.48
799.28,373.60,801.38,373.09
805.92,304.89,805.85,307.04
806.77,330.57,806.51,331.24
819.93,379.71,822.32,379.71
732.56,353.47,730.93,356.62
806.55,330.58,806.51,331.24
743.62,364.88,745.05,364.15
820.02,353.74,820.27,353.52
803.91,351.94,805.35,352.40
806.51,329.92,806.72,329.84
806.34,327.42,806.82,327.35
819.33,379.99,819.02,379.24
780.34,377.80,781.79,377.87
822.24,394.79,822.73,394.65
735.02,351.02,732.48,353.56
806.37,329.34,806.51,329.92
745.68,364.95,747.29,365.21
806.33,328.68,806.57,329.18
800.60,367.50,750.53,366.53
766.08,383.07,765.13,382.26
805.56,376.70,805.26,376.50
814.22,337.41,814.35,335.56
806.37,329.34,806.57,329.18
821.62,401.45,822.76,398.08
816.48,332.37,816.48,333.08
734.90,351.14,735.00,351.47
820.50,343.18,821.39,343.45
801.68,324.48,808.95,323.64
740.45,364.88,742.04,365.13
805.91,327.95,806.36,327.55
821.01,380.88,820.92,380.77
806.16,328.89,806.37,329.34
824.83,340.39,824.66,340.47
806.16,328.89,806.33,328.68
816.88,381.00,815.90,381.00
778.62,383.67,777.28,384.64
805.71,328.27,806.04,328.36
737.89,363.01,739.02,364.15
805.35,329.70,805.62,328.80
831.21,381.44,820.49,380.88
805.60,328.53,805.89,328.61
815.82,389.90,814.00,390.88
824.44,397.94,824.77,400.00
741.34,349.05,737.93,349.98
805.60,328.53,805.71,328.27
820.03,345.48,815.57,345.65
793.67,379.22,793.60,380.06
737.96,349.59,741.55,348.89
805.08,328.78,805.31,328.65
814.35,335.56,814.74,333.87
805.04,328.98,805.08,328.78
823.30,398.72,822.10,399.00
804.85,329.32,805.04,328.98
773.19,378.33,772.86,378.38
829.26,329.52,829.34,330.54
824.35,418.31,823.67,418.83
768.13,373.31,767.85,373.52
827.23,372.35,824.36,372.32
814.83,327.63,815.06,328.18
822.47,360.59,822.61,360.75
792.43,352.84,793.81,351.44
804.65,330.72,804.65,330.73
822.08,397.00,821.45,396.00
830.08,439.39,827.25,421.60
804.85,332.11,804.70,331.37
825.16,399.45,825.31,398.84
812.83,423.62,815.34,422.74
805.71,333.02,805.60,332.77
823.12,337.26,822.47,333.05
816.70,333.05,816.90,332.94
762.18,369.80,762.58,369.81
808.35,308.94,810.69,306.55
801.89,321.16,802.49,321.15
822.01,398.00,821.23,396.94
805.31,332.69,805.04,332.40
816.48,332.37,817.19,332.37
816.48,332.37,817.16,332.59
816.48,332.37,817.06,332.79
818.63,381.69,818.41,382.15
829.29,357.48,827.74,357.49
781.79,383.88,781.62,383.66
737.93,349.98,735.27,351.92
829.08,329.77,828.12,330.64
821.36,419.58,821.24,418.81
826.70,330.64,827.04,330.47
782.60,382.83,784.15,382.93
802.21,381.21,792.26,380.67
798.70,335.76,798.42,334.53
827.41,330.41,827.04,330.47
821.39,343.45,822.28,343.11
802.37,373.63,800.21,373.80
822.26,323.64,814.57,320.93
781.62,382.58,781.80,378.25
783.16,383.76,783.44,383.99
798.79,337.14,798.70,335.76
826.70,330.64,826.44,330.90
826.00,369.00,825.14,369.35
813.95,321.15,813.95,320.32
823.91,372.39,824.47,372.40
770.79,384.83,772.05,384.91
806.77,416.35,807.14,416.39
792.60,377.63,796.45,377.81
776.81,382.54,776.41,382.45
824.02,398.08,824.19,397.97
808.02,328.61,808.23,329.52
768.03,381.46,770.99,381.65
824.35,338.92,824.49,337.10
817.63,381.69,817.42,382.15
777.22,378.02,777.34,377.66
820.55,323.82,819.14,320.46
823.79,433.25,824.15,433.30
794.88,337.37,794.98,336.00
827.04,332.76,826.70,332.58
816.47,333.54,816.15,333.43
813.66,324.44,820.55,323.82
768.03,374.22,766.66,373.74
777.59,377.70,777.34,377.66
816.30,380.90,816.31,380.06
804.32,382.52,803.88,381.52
807.29,327.34,807.73,327.80
808.21,388.90,807.67,388.69
824.81,341.13,825.04,340.54
829.02,332.66,828.83,332.68
743.47,352.82,741.14,352.45
781.62,383.66,783.16,383.76
797.98,340.81,798.42,339.80
797.43,341.48,797.98,340.81
828.12,332.58,827.78,332.76
807.93,426.89,808.42,427.68
790.97,367.21,792.67,368.29
828.38,332.32,828.12,332.58
794.02,363.05,793.66,361.54
748.31,357.67,747.24,355.56
781.19,382.39,781.62,382.58
807.75,425.69,808.74,425.71
762.10,380.80,764.32,380.93
796.83,341.72,796.22,341.53
826.27,331.24,825.91,329.02
828.55,331.98,829.08,334.85
819.97,390.09,819.12,389.31
777.17,385.26,777.29,385.02
797.12,379.22,816.31,380.06
830.01,330.57,829.95,331.31
829.43,353.10,827.11,353.23
828.17,327.20,827.97,327.18
830.65,344.55,830.18,343.99
747.24,364.43,748.31,362.33
785.40,377.69,785.17,377.92
817.41,331.68,817.58,332.00
793.16,378.49,792.63,379.07
825.40,417.05,825.27,416.27
771.29,375.31,771.29,380.61
806.95,334.23,806.82,334.08
805.99,307.73,810.70,307.09
808.46,332.68,807.89,333.48
819.91,339.64,820.12,339.75
826.33,360.93,824.39,360.91
819.49,325.06,818.84,325.35
829.89,357.07,829.85,357.36
801.25,341.40,814.63,341.40
819.49,325.06,819.33,325.44
814.22,335.90,827.41,334.94
781.99,382.70,781.62,382.58
815.01,335.51,815.52,333.05
823.51,340.30,823.59,340.53
805.12,364.20,809.48,363.13
817.33,388.64,816.43,388.76
816.96,340.79,817.56,340.79
800.31,324.57,800.26,324.13
807.27,440.14,807.49,440.05
798.28,355.58,801.27,355.59
816.72,410.62,818.78,409.97
811.57,304.89,811.05,307.06
809.28,356.87,809.73,356.87
770.26,382.48,770.69,382.30
792.06,379.72,791.87,379.93
826.65,327.83,827.12,327.28
805.54,367.43,807.34,367.51
814.28,342.69,801.66,342.68
800.03,334.10,799.35,334.10
828.89,354.37,827.98,355.79
820.04,307.57,816.59,304.47
804.94,350.29,806.44,350.64
771.87,383.46,773.11,384.17
800.15,400.10,800.38,398.22
783.39,360.00,783.56,362.14
819.48,381.04,819.20,382.24
800.64,335.30,800.27,333.69
826.76,341.04,826.80,341.05
827.79,360.71,827.79,355.56
821.14,338.74,821.04,337.37
807.87,351.23,808.78,352.59
807.03,436.04,807.95,436.55
809.39,366.25,808.26,368.09
797.49,368.79,794.46,370.34
831.69,333.31,832.01,333.48
820.43,339.51,820.62,338.87
778.96,378.14,778.96,377.77
806.36,327.55,806.82,327.35
823.12,362.85,821.46,367.74
810.43,303.90,810.77,303.78
819.49,325.06,818.99,325.02
808.63,341.88,808.58,341.14
818.28,382.44,817.63,381.68
817.71,340.51,824.78,340.17
798.19,331.43,798.98,331.66
829.38,325.75,826.18,325.98
817.57,383.94,818.46,383.99
805.81,333.38,804.85,332.11
803.81,386.45,805.23,385.63
801.30,342.39,801.38,342.13
801.30,342.39,801.24,342.36
818.80,425.66,827.01,427.09
805.30,413.09,813.36,413.09
823.76,340.46,823.52,340.69
801.41,337.35,800.82,340.90
804.47,409.97,804.46,410.62
772.85,377.99,772.15,377.96
801.38,342.13,800.82,340.90
832.11,384.79,831.61,384.49
820.58,371.38,820.45,370.43
802.79,347.84,804.28,349.73
808.06,445.87,808.58,446.33
814.59,331.94,814.44,332.28
802.20,400.38,801.83,400.00
774.35,378.43,774.46,378.46
794.22,379.77,795.21,379.77
827.12,334.09,826.82,333.49
781.79,377.87,781.80,378.25
747.29,365.21,748.90,364.95
806.82,327.35,806.82,327.22
812.31,386.94,810.60,383.56
823.68,426.94,823.81,427.72
815.35,337.35,814.74,340.90
806.70,337.92,807.02,337.57
814.55,309.17,814.54,319.51
815.35,337.35,814.35,335.56
818.44,368.25,819.27,362.36
789.42,349.39,791.17,348.81
803.19,396.95,803.51,395.19
824.86,341.77,824.81,341.13
803.20,403.69,803.71,402.16
827.90,333.95,827.77,333.95
807.78,411.18,808.00,411.12
782.29,384.98,783.63,384.21
819.71,376.99,818.02,376.82
814.35,339.25,814.22,337.41
814.35,339.25,815.35,337.35
806.57,329.18,806.72,329.84
805.38,328.42,805.60,328.53
806.44,350.64,807.87,351.23
814.65,324.66,814.59,324.33
819.08,424.43,826.94,425.67
823.52,340.69,823.52,343.58
810.44,364.74,809.59,365.44
827.27,333.95,827.77,334.08
829.17,332.50,829.04,332.50
828.40,328.98,828.68,328.65
750.20,353.56,749.72,353.80
805.62,332.67,805.28,331.77
814.35,335.56,815.35,337.35
768.13,373.31,767.98,373.61
814.83,327.63,814.28,327.40
819.66,318.84,820.35,319.70
774.54,384.09,773.52,382.93
829.64,333.88,830.80,335.33
825.05,398.17,824.97,397.16
805.28,329.74,805.49,328.80
730.93,356.62,730.65,360.00
804.83,331.95,804.85,332.11
822.26,323.64,820.76,320.17
789.73,377.64,790.26,377.77
784.34,376.39,784.07,377.04
822.05,448.96,820.52,449.39
801.55,333.17,801.18,333.32
802.88,395.51,802.08,396.81
751.51,356.94,750.35,355.78
808.02,332.50,808.07,332.58
828.12,330.64,828.38,330.90
829.71,357.48,829.85,357.36
781.62,383.66,780.38,384.38
775.52,377.42,775.97,377.63
799.70,332.44,800.16,332.13
822.26,323.64,820.96,320.03
784.83,376.48,784.87,376.12
815.15,341.44,814.77,341.33
808.22,383.38,805.26,383.20
746.91,358.41,746.18,356.99
808.37,330.53,808.23,331.57
817.68,401.12,820.23,402.27
824.30,358.57,824.11,358.43
819.93,379.71,819.82,381.12
821.09,439.10,822.87,438.93
822.11,394.01,822.76,398.08
813.87,336.33,813.87,344.31
765.89,382.20,766.05,382.45
804.27,400.36,804.41,398.26
819.61,339.39,819.77,339.33
824.86,340.50,825.00,339.92
826.85,333.38,826.64,332.67
822.27,360.52,821.58,360.44
779.24,384.75,780.77,384.85
798.42,339.80,798.70,338.53
825.44,343.01,825.13,343.36
831.71,332.59,831.46,332.35
824.05,398.24,823.99,400.20
823.10,423.32,823.00,424.07
815.78,331.42,816.10,331.25
805.34,428.34,805.86,428.85
790.23,365.51,791.47,366.89
780.38,384.38,781.62,383.66
780.18,373.31,779.96,373.61
796.22,341.53,795.68,340.93
796.83,337.26,796.22,341.53
801.29,324.66,801.66,327.40
812.55,440.91,811.79,441.72
825.16,353.11,825.27,353.33
788.90,351.84,789.04,351.89
826.38,362.87,826.38,369.17
769.43,375.49,769.28,375.74
829.78,364.27,829.62,363.93
798.19,337.26,798.19,331.43
829.35,330.41,829.88,330.39
764.33,377.87,765.63,377.94
810.64,302.29,815.29,302.25
827.55,355.23,829.48,355.21
782.13,384.74,781.91,384.48
798.70,338.53,798.79,337.14
795.14,367.19,798.65,367.19
827.41,331.61,826.81,332.04
797.53,360.78,799.44,360.78
783.65,378.53,783.85,378.41
794.87,382.14,795.08,381.68
815.15,337.31,814.02,337.38
774.35,384.21,774.30,384.44
816.33,320.87,814.65,320.87
812.11,305.10,816.59,304.47
802.94,348.01,804.79,348.46
826.42,329.74,827.97,329.32
806.10,348.49,806.44,350.64
807.02,337.57,811.35,337.32
824.56,353.11,824.47,353.33
781.20,367.99,782.59,369.61
808.45,383.61,805.48,383.43
802.47,395.02,803.70,395.35
808.23,331.57,808.29,331.60
805.85,432.03,805.81,431.54
813.84,357.84,813.01,358.08
798.19,337.26,800.27,340.58
817.39,333.02,817.15,333.27
826.38,362.87,826.00,369.00
769.43,375.49,768.84,375.90
798.19,337.26,799.70,332.44
776.14,377.26,776.33,377.47
824.19,397.97,824.41,400.54
806.82,327.22,807.29,327.34
794.27,380.44,793.76,380.43
823.76,428.34,824.10,427.62
786.96,369.64,787.85,368.97
824.19,345.93,824.12,346.50
819.17,420.72,827.06,421.45
808.55,341.09,809.36,341.64
811.83,448.96,812.18,448.49
818.84,427.08,810.70,427.09
819.69,324.00,819.50,323.61
823.53,395.98,823.68,396.17
745.05,355.85,743.62,355.12
805.42,329.66,805.57,328.73
815.35,332.00,815.52,331.68
762.20,380.73,762.10,380.80
821.75,343.08,821.75,337.26
829.48,357.07,829.81,355.31
801.03,340.91,800.65,339.24
797.11,368.68,797.19,368.80
822.85,422.76,822.04,422.43
827.41,331.61,827.41,332.35
824.35,338.92,824.15,339.03
828.39,333.76,829.23,332.88
812.78,441.46,810.31,427.41
806.70,369.66,808.26,368.09
799.03,324.65,798.89,325.21
748.68,360.00,748.31,357.67
805.35,331.82,805.42,331.87
796.00,357.37,795.94,357.09
765.07,377.47,764.43,371.05
828.61,331.61,829.08,334.85
747.16,360.00,746.91,358.41
805.65,332.84,805.35,331.82
801.22,341.77,801.27,341.75
815.69,349.25,817.04,350.20
767.24,382.71,767.33,382.29
769.14,382.20,768.54,378.09
809.06,325.59,810.54,324.16
807.02,445.37,807.59,445.86
823.12,337.26,824.81,334.53
816.72,341.21,816.21,342.48
797.26,357.36,797.07,357.54
814.22,337.41,815.35,337.35
821.09,380.62,820.92,380.77
804.83,329.46,805.04,328.98
805.57,332.75,805.41,331.77
808.25,332.66,808.46,332.68
730.65,360.00,731.64,363.08
769.14,382.20,767.16,378.02
809.06,325.59,810.84,324.41
823.12,337.26,821.89,333.73
823.02,358.30,822.29,358.35
791.26,376.77,790.43,376.67
810.54,357.86,810.22,355.74
801.73,400.70,801.36,400.31
824.29,397.96,824.44,397.94
746.91,361.58,747.16,360.00
825.87,360.71,825.87,355.35
766.78,382.10,766.66,381.94
821.43,334.74,821.89,333.73
831.51,332.70,831.71,332.59
828.83,327.91,829.79,329.18
815.94,303.90,811.60,304.52
807.48,308.01,808.15,309.23
806.57,329.18,806.51,329.92
823.79,321.38,819.69,324.00
800.66,364.87,801.14,365.08
777.29,385.02,777.38,384.75
807.78,383.42,805.48,383.43
827.81,329.99,827.97,329.32
819.45,391.02,819.63,391.16
826.92,334.11,826.44,333.63
823.12,337.26,824.81,339.80
775.05,382.02,773.71,381.94
819.52,382.38,821.91,382.38
807.44,327.20,807.89,327.67
823.75,321.23,822.49,319.82
828.99,386.31,828.86,387.17
823.12,337.26,821.14,338.74
817.24,378.63,816.25,378.63
808.00,426.45,808.86,426.49
795.77,335.61,796.13,333.98
807.23,377.43,805.27,377.32
807.56,333.26,807.14,333.76
794.33,378.26,791.22,377.86
780.38,384.38,780.49,384.63
792.32,380.62,792.26,380.67
797.98,333.57,797.43,332.97
828.38,330.90,828.55,331.24
775.13,383.03,774.97,382.78
829.84,326.60,828.99,325.69
793.34,378.24,794.61,378.36
799.40,396.52,799.68,395.23
827.77,327.22,828.27,327.34
825.86,341.78,826.57,342.27
829.38,343.51,827.85,342.34
807.44,334.02,806.95,334.23
814.49,342.18,801.27,341.75
799.92,323.72,799.73,323.86
795.52,355.57,795.62,355.33
784.87,376.12,790.43,376.67
809.41,342.27,810.55,342.46
782.82,356.87,783.18,356.87
782.91,362.15,783.12,363.13
826.00,369.00,825.23,369.64
808.14,370.68,797.19,370.42
819.17,420.72,827.29,420.72
808.55,341.09,809.24,342.17
824.78,340.17,833.88,340.51
818.64,324.61,819.05,324.57
818.99,325.02,818.64,324.61
808.65,353.48,809.61,354.30
828.99,330.65,828.03,330.06
828.14,347.83,827.52,348.85
774.31,377.87,775.65,377.94
818.86,379.67,819.58,379.71
805.42,331.87,805.34,330.77
818.87,323.78,818.43,323.86
805.27,377.32,804.95,377.17
804.70,330.06,804.83,329.46
810.69,306.55,810.13,304.60
805.56,381.32,805.65,381.99
823.85,398.19,824.02,398.08
746.91,358.41,746.18,356.99
805.42,331.87,805.28,330.76
818.97,347.62,819.68,348.68
765.40,382.32,765.33,382.15
827.22,355.67,825.35,360.91
742.04,365.13,743.62,364.88
807.28,333.76,806.68,333.95
814.54,340.84,814.63,341.40
764.00,373.74,764.01,373.58
821.43,339.97,821.14,338.74
821.75,337.26,820.91,331.78
817.68,401.12,817.53,400.10
805.26,381.52,805.65,381.99
805.35,331.82,805.28,330.76
793.98,366.34,795.27,366.46
785.56,368.02,786.56,367.46
805.79,382.51,804.87,383.18
816.48,332.37,815.90,332.79
784.38,350.85,781.87,353.35
795.33,349.07,793.68,350.07
815.75,396.75,816.70,396.84
822.80,320.08,823.75,321.23
804.18,344.71,804.47,344.39
783.54,377.96,783.71,377.81
826.29,329.74,826.64,328.80
824.24,391.43,824.14,391.32
801.78,321.15,801.78,324.45
797.62,352.04,796.44,353.04
801.11,342.46,799.61,344.44
819.54,309.23,819.63,309.57
827.88,346.96,828.16,347.65
827.45,362.51,827.29,362.85
793.88,382.15,794.87,382.15
826.42,329.74,826.29,329.74
771.40,384.24,770.82,384.20
825.62,339.29,825.90,339.19
831.50,331.71,831.95,331.69
814.49,335.37,814.49,329.98
829.62,363.93,830.67,364.15
821.75,337.26,821.75,331.43
799.92,324.61,800.26,324.13
792.80,378.25,796.65,378.43
802.97,381.44,792.99,380.88
806.72,331.31,808.10,331.57
826.16,401.03,826.32,399.67
821.00,443.89,821.04,439.02
830.80,335.33,830.80,342.60
822.26,323.64,822.19,323.78
825.38,334.70,825.06,334.39
820.84,355.97,821.13,356.19
778.52,368.25,778.20,368.42
814.41,324.48,814.59,324.33
802.92,400.76,802.52,401.20
830.75,335.51,832.37,333.54
765.40,377.99,765.21,377.98
805.60,330.65,806.37,331.84
805.38,328.42,806.22,327.55
799.71,320.39,799.49,320.91
799.92,324.61,800.12,325.35
743.62,355.12,742.04,354.87
775.98,384.55,774.71,384.95
823.68,395.35,824.04,396.13
804.85,329.32,805.08,328.78
800.12,323.82,799.92,323.72
823.36,332.44,822.59,331.66
826.71,341.68,826.75,341.64
800.31,324.57,799.92,324.61
800.26,325.02,800.31,324.57
807.09,352.54,808.76,353.81
823.40,371.38,823.28,370.46
779.27,364.17,780.08,366.13
829.30,422.46,829.45,423.62
831.67,332.37,831.71,332.14
815.76,332.37,815.54,332.35
775.49,382.20,775.33,382.45
816.48,331.65,816.26,331.68
789.50,363.75,790.23,365.51
802.28,398.14,803.42,397.16
748.90,355.04,747.29,354.79
811.00,363.49,810.37,364.52
780.62,378.19,780.47,378.22
823.97,395.02,824.40,395.51
805.49,332.67,805.28,331.77
794.19,359.64,794.09,360.09
793.81,351.44,792.58,352.89
814.35,339.25,814.38,339.31
466.87,483.16,585.66,230.02
804.49,392.12,805.14,390.88
825.13,343.36,825.78,343.15
774.35,378.43,774.20,377.92
829.09,328.53,829.32,329.47
807.28,327.47,807.69,327.91
797.07,357.54,795.63,357.52
818.85,371.38,820.03,377.75
800.31,324.57,799.84,324.08
830.61,330.84,818.09,330.57
781.77,384.09,783.05,383.10
805.23,319.82,803.75,321.23
818.32,343.51,816.73,344.89
829.14,336.33,829.14,329.87
828.99,325.69,829.12,326.35
806.68,327.35,806.82,327.35
800.88,396.12,801.19,395.42
807.73,333.36,807.29,333.88
824.01,398.22,823.68,396.17
738.80,352.82,739.02,355.85
806.36,327.55,806.68,327.35
818.72,324.65,818.78,325.21
829.38,325.75,825.64,336.04
797.90,360.92,795.46,360.91
798.60,343.51,799.71,344.89
815.60,332.01,815.54,332.35
814.59,331.94,803.61,331.94
811.58,326.35,811.45,325.69
828.88,337.32,829.84,335.94
768.03,374.22,769.73,373.70
826.57,398.21,827.27,396.18
801.22,328.39,801.28,333.12
749.21,354.13,748.31,357.67
805.92,325.98,805.41,336.04
826.21,331.61,826.27,331.24
816.81,380.49,817.91,380.73
819.62,423.69,827.06,421.45
813.83,357.83,814.00,360.00
802.97,345.15,803.33,345.32
820.21,369.19,817.20,372.19
813.87,329.87,814.22,335.90
747.38,368.52,749.21,365.87
828.21,403.71,826.81,405.53
767.99,377.61,767.78,374.58
824.20,392.62,822.56,392.46
771.43,384.31,771.55,384.06
830.29,360.91,830.29,370.64
801.96,308.77,801.88,309.18
811.35,337.32,811.58,336.79
804.47,409.97,810.33,406.21
818.78,324.08,818.72,324.65
808.52,367.42,809.66,367.14
809.41,341.05,809.36,341.64
820.61,363.20,822.17,360.44
807.50,320.17,807.23,319.92
828.68,328.65,828.99,328.53
809.05,339.52,809.24,339.93
824.09,340.87,831.34,340.87
797.98,340.81,798.84,341.36
609.07,372.27,585.66,230.02
822.47,333.05,823.12,332.79
830.67,361.88,830.67,364.15
810.67,425.67,809.96,425.53
799.65,355.13,799.15,355.26
826.18,325.98,825.56,325.45
796.83,332.79,797.43,332.97
808.04,339.57,808.28,339.29
827.57,332.71,827.89,332.55
799.49,320.91,798.60,321.73
790.41,347.84,788.58,348.96
736.70,366.10,738.80,367.18
807.56,333.26,807.69,333.26
807.73,340.54,807.85,340.00
739.02,364.15,740.45,364.88
808.02,332.50,807.56,333.26
825.85,411.20,824.93,410.67
816.70,331.68,816.48,331.65
808.28,342.91,808.55,341.09
823.42,423.72,823.10,423.32
803.23,344.33,828.18,342.71
825.06,329.47,824.92,333.85
829.03,444.93,829.85,444.22
801.55,341.44,801.18,341.33
806.68,367.15,807.77,366.70
828.30,331.27,828.11,331.38
800.59,339.21,800.96,340.84
810.34,381.85,808.46,382.03
808.10,329.52,808.17,330.54
822.60,443.77,827.99,444.04
800.46,337.38,800.59,339.21
814.84,324.45,814.54,324.46
826.03,329.66,826.23,329.70
826.08,339.11,826.36,339.39
827.98,355.79,826.66,359.58
806.04,328.36,807.14,327.47
795.26,360.71,795.26,355.56
801.55,337.31,800.96,333.85
803.70,381.29,804.95,380.82
807.56,327.91,807.89,328.61
824.57,360.91,824.57,355.61
815.15,337.31,814.16,339.21
794.90,367.25,798.25,367.25
777.77,377.56,778.01,377.34
792.76,380.77,793.04,380.86
805.81,328.05,806.22,327.55
799.03,324.65,798.83,324.65
806.21,390.88,805.56,392.12
816.70,333.05,817.31,333.26
815.99,340.55,816.77,340.51
818.80,425.66,819.08,424.43
829.19,422.37,829.23,421.49
816.73,341.02,816.73,343.85
737.16,358.41,736.91,360.00
809.99,419.52,810.30,420.03
820.38,318.83,820.46,319.70
781.62,382.58,782.12,378.30
808.55,341.09,807.85,342.24
790.28,372.77,738.11,370.56
808.89,421.16,809.59,421.97
808.25,379.06,807.50,376.85
801.52,320.33,801.70,320.48
825.90,341.09,826.17,342.89
819.36,380.42,819.20,380.43
808.58,309.23,808.35,308.94
809.07,421.46,809.30,421.48
805.85,432.03,805.74,431.98
813.84,357.84,814.01,360.00
798.19,337.26,795.77,339.19
823.73,339.18,823.79,338.68
822.21,378.29,827.23,372.35
814.65,324.66,814.28,327.40
813.85,441.88,811.16,424.27
804.65,330.73,804.70,330.06
826.50,396.03,825.63,393.98
807.48,308.01,808.07,309.55
794.61,364.48,795.41,365.80
780.41,373.21,780.62,373.33
805.74,428.11,806.24,428.90
800.31,337.41,800.44,339.25
827.79,360.71,827.79,355.56
801.03,340.91,800.59,339.21
797.11,368.68,799.18,368.80
827.41,331.61,827.18,332.31
779.12,384.76,780.45,384.00
793.68,368.93,794.99,368.81
813.33,364.26,812.56,363.79
817.71,340.51,817.56,340.79
813.87,344.31,820.00,339.86
828.91,343.32,828.71,343.32
830.04,355.80,829.34,359.57
807.81,349.15,807.86,349.22
826.19,403.60,826.87,402.16
798.09,371.33,797.03,379.25
829.23,332.88,829.30,332.65
805.61,331.87,805.53,330.77
829.87,333.31,829.64,333.88
813.87,336.33,814.22,335.90
829.47,330.54,829.34,330.54
821.75,331.43,822.59,331.66
801.25,342.36,801.74,342.56
791.01,380.71,790.24,380.76
789.37,349.73,789.02,348.95
828.14,331.61,828.11,331.38
748.31,362.33,748.68,360.00
768.74,373.75,768.64,374.14
810.67,425.67,810.97,424.44
767.16,378.02,767.17,377.66
831.64,439.75,821.70,444.93
809.36,341.64,809.24,342.17
799.58,324.20,799.25,323.78
800.88,396.12,800.68,396.24
807.73,333.36,807.89,333.48
779.16,374.60,779.19,375.06
811.81,398.81,811.79,398.91
802.82,329.82,802.97,329.41
816.70,333.05,816.48,332.37
768.34,369.81,765.05,382.87
807.75,389.19,806.95,389.90
826.27,359.56,826.85,360.91
805.81,328.05,805.95,328.05
828.78,422.97,828.81,422.14
826.71,335.57,823.73,338.18
829.06,444.16,829.43,444.48
824.36,343.58,823.52,340.69
828.78,422.97,829.23,421.49
775.53,382.93,775.32,382.59
827.14,353.10,826.82,353.24
793.98,366.34,793.58,368.54
827.79,355.56,827.99,355.56
782.13,384.74,783.44,383.99
764.13,377.42,764.01,377.56
819.61,339.39,819.55,338.90
821.14,336.00,821.43,334.74
747.38,368.52,749.72,366.19
818.09,335.51,818.46,336.30
823.89,398.21,824.24,400.45
830.37,354.92,829.43,353.10
811.71,302.94,811.64,302.72
802.21,371.65,802.21,369.38
794.64,371.74,794.48,371.18
823.96,401.60,822.76,398.08
825.59,336.19,824.36,337.57
814.61,327.83,814.81,328.39
783.54,356.87,783.12,356.87
814.76,320.48,820.47,319.92
799.84,325.06,799.68,325.44
814.46,342.37,802.20,342.37
821.75,337.26,824.49,337.10
809.05,342.60,808.81,342.89
816.48,332.37,816.26,331.68
767.24,382.71,766.94,382.41
785.47,376.03,787.57,376.03
801.55,341.44,801.22,341.53
781.91,384.48,783.16,383.76
750.35,355.78,748.90,355.04
831.71,332.14,831.81,331.94
826.45,402.49,826.84,400.51
814.49,308.76,813.92,310.28
826.94,421.16,826.12,421.46
823.97,338.06,824.11,338.32
816.06,332.94,816.26,333.05
797.28,355.53,797.41,355.31
783.85,377.46,783.65,377.35
824.58,364.91,824.76,364.73
808.28,342.91,808.04,342.65
790.24,380.76,790.01,380.55
797.10,371.67,798.98,372.12
828.47,331.26,828.31,330.94
808.55,339.19,808.81,339.26
762.58,369.81,764.39,369.83
823.97,338.06,823.77,337.97
801.66,369.55,800.18,370.99
808.28,339.29,808.55,339.19
792.46,380.88,792.47,380.77
802.85,401.52,803.32,401.38
808.02,332.50,807.69,333.26
820.29,338.52,820.43,338.25
802.53,310.29,802.62,309.96
806.36,327.55,806.82,327.35
762.18,369.80,764.13,369.81
824.12,400.70,824.38,400.31
825.91,329.02,826.21,331.61
807.93,425.99,808.86,426.49
792.10,371.16,793.94,372.29
796.83,337.26,795.68,340.93
776.51,383.76,774.02,382.83
820.23,338.89,820.29,338.52
797.30,370.33,797.53,370.24
817.38,409.87,815.95,410.12
794.27,380.44,795.26,380.44
793.28,380.06,793.27,380.61
802.11,405.37,802.87,405.00
829.17,332.50,829.79,331.98
828.61,331.61,828.55,331.98
799.70,332.44,798.98,331.66
819.42,444.22,818.29,444.67
829.99,355.79,829.30,359.56
817.48,343.51,817.18,343.99
828.99,325.69,828.36,324.41
820.29,339.25,820.43,339.51
827.18,332.31,827.41,332.35
816.57,379.23,817.43,379.21
797.53,370.24,797.04,369.08
818.96,368.37,819.28,368.39
795.76,370.33,795.93,370.24
789.73,378.84,783.55,377.94
826.67,331.61,826.71,331.84
817.36,372.39,819.52,372.12
797.19,370.42,795.70,370.42
826.81,331.18,826.71,331.38
826.97,331.02,826.81,331.18
801.04,399.29,800.94,397.97
829.23,334.74,828.91,335.42
815.55,405.02,823.39,405.02
827.41,330.88,827.18,330.91
791.23,368.25,791.30,368.37
821.05,444.15,819.61,444.48
827.63,330.91,827.41,330.88
818.78,409.97,826.46,407.59
827.84,331.02,827.63,330.91
818.95,347.43,818.97,347.62
768.03,374.22,768.70,374.89
823.61,412.48,822.90,411.98
816.26,333.05,816.48,333.08
819.83,372.32,820.28,372.06
822.67,320.03,822.80,320.08
790.03,371.38,790.43,368.39
828.00,331.18,827.84,331.02
743.47,367.18,745.57,366.10
826.38,362.87,826.00,362.87
780.44,368.25,778.20,368.42
745.05,364.15,746.18,363.01
806.45,334.09,806.95,334.23
806.40,352.33,807.56,351.84
821.04,337.37,821.14,336.00
825.44,339.11,825.69,339.63
817.14,382.44,818.13,382.44
777.33,384.41,776.08,384.80
815.80,332.59,815.90,332.79
815.80,332.14,815.76,332.37
794.98,338.74,795.37,338.97
769.09,375.83,768.84,375.90
828.33,424.05,829.09,423.32
815.90,331.94,815.80,332.14
803.78,404.04,802.36,404.59
829.65,355.81,829.69,359.57
738.80,367.18,741.14,367.55
829.08,334.85,827.78,332.76
779.21,371.11,779.44,370.89
819.20,382.24,819.52,382.38
740.45,364.88,742.04,365.13
807.69,333.26,807.14,333.76
804.96,364.17,801.14,365.08
797.21,355.33,797.21,360.77
791.58,376.29,793.71,376.29
210.11,461.38,248.73,298.84
823.12,337.26,825.11,335.76
816.90,331.79,816.70,331.68
814.28,342.69,814.83,342.46
780.56,375.61,780.34,375.90
832.02,440.03,829.98,441.74
831.81,332.79,831.71,332.59
817.16,332.14,817.06,331.94
819.30,308.93,816.61,306.56
825.00,341.13,825.04,340.54
826.31,395.58,826.26,395.98
816.48,332.37,816.06,331.79
820.91,342.83,820.16,342.04
824.57,400.36,824.64,400.19
736.91,360.00,737.16,361.58
808.23,329.52,808.17,330.54
813.37,350.79,812.31,351.10
769.54,374.18,769.05,374.63
820.99,438.68,819.63,421.97
817.06,332.79,817.16,332.59
818.58,439.21,817.69,422.17
816.48,332.37,816.90,332.94
800.36,350.64,801.86,350.29
818.19,383.76,818.75,383.18
825.13,338.78,825.44,339.11
806.68,327.35,806.04,328.36
814.02,337.38,814.16,335.53
819.10,379.28,818.92,379.07
806.68,302.88,811.29,302.83
817.18,362.82,816.96,362.81
768.13,373.31,768.90,373.50
828.33,424.05,810.75,424.79
831.81,331.94,831.97,331.79
827.98,330.72,828.03,330.06
779.66,374.62,779.66,373.41
799.58,324.20,799.53,324.64
790.83,379.51,791.26,379.73
768.50,384.11,768.62,383.86
824.86,337.12,825.11,335.76
808.32,309.86,808.05,318.84
733.96,357.67,733.59,360.00
808.10,329.52,808.23,329.52
814.81,341.77,815.15,341.75
814.88,344.33,840.58,342.71
807.16,388.79,806.74,388.87
794.63,355.53,795.24,355.84
808.81,339.26,809.05,339.52
819.96,307.66,816.61,306.56
802.65,386.28,801.65,386.37
826.65,333.61,826.27,332.84
825.66,440.83,824.80,440.79
828.48,404.50,826.72,398.28
828.99,330.65,830.00,330.58
794.96,355.79,794.73,356.18
819.69,325.13,823.79,321.38
825.72,440.39,824.89,440.05
828.99,330.65,828.99,332.77
805.60,412.48,806.13,411.98
795.12,369.85,796.75,370.85
822.80,423.20,822.07,423.95
829.30,332.65,828.99,332.77
730.93,363.38,731.17,363.26
805.38,332.93,805.08,332.61
794.52,370.75,791.02,371.31
806.00,412.80,806.81,412.51
795.41,365.80,796.41,366.97
823.02,422.50,822.04,422.43
806.29,349.55,807.86,350.51
797.07,371.65,797.29,371.42
785.47,379.86,787.59,379.47
814.54,333.85,814.77,333.32
808.98,323.87,809.21,323.78
830.00,330.58,829.95,331.24
802.50,319.50,802.49,320.32
825.63,393.98,826.74,394.23
810.75,424.79,810.63,425.05
827.41,331.61,826.81,331.18
806.32,376.19,807.86,376.49
778.78,362.11,779.27,364.20
801.41,337.35,801.45,332.49
806.72,331.31,806.37,331.84
793.81,351.44,796.44,353.04
791.58,380.19,793.90,380.19
829.80,329.34,829.95,329.92
808.25,411.95,809.00,411.21
800.12,373.88,802.37,373.63
773.88,383.16,774.84,382.35
822.26,323.64,820.76,320.17
800.26,324.13,799.68,323.74
828.00,332.04,828.11,331.84
808.95,343.04,810.00,343.36
826.67,400.54,826.71,398.28
810.99,306.35,811.62,306.23
813.37,350.79,810.46,350.86
768.24,373.10,768.56,373.33
828.17,329.46,828.40,328.98
815.78,347.16,815.98,347.40
806.06,418.02,806.45,418.32
803.23,349.78,802.28,350.91
801.88,309.18,802.50,319.50
774.04,385.04,772.75,384.95
793.72,379.81,793.59,379.24
828.64,327.67,829.02,328.44
819.30,376.83,817.60,376.66
808.96,325.75,805.41,336.04
807.56,327.91,807.69,327.91
823.00,401.89,823.63,402.62
765.36,377.42,765.11,377.47
802.20,308.41,805.50,307.27
809.41,339.84,809.54,340.41
804.62,396.87,804.34,395.66
815.40,302.30,815.29,302.25
798.71,354.56,799.63,353.78
809.24,339.93,809.36,340.46
803.37,396.74,803.06,395.40
815.45,302.17,815.22,302.09
829.23,334.74,818.79,336.02
825.04,340.54,825.17,340.00
824.03,358.08,831.93,355.71
789.02,348.95,790.85,347.83
828.30,331.27,828.14,330.95
826.42,339.52,826.62,339.93
825.06,334.39,824.92,333.85
825.27,353.33,825.23,356.09
780.44,368.25,780.08,368.42
812.06,406.79,814.14,405.15
827.63,332.31,827.84,332.21
768.70,374.89,770.96,374.98
797.40,331.78,798.19,331.43
800.38,398.22,800.81,396.41
823.65,341.14,823.70,340.40
801.05,328.22,801.11,327.63
795.69,340.38,796.37,340.38
825.26,340.81,832.53,340.81
372.30,368.27,248.73,298.84
805.62,332.67,805.41,331.77
805.28,329.74,804.85,329.32
801.29,324.66,801.29,320.87
809.41,342.27,809.21,342.73
827.79,360.71,827.99,357.10
826.00,369.00,826.38,369.17
732.48,353.56,731.17,356.74
805.04,332.40,805.08,332.61
825.62,342.91,825.37,342.65
831.13,336.30,830.91,336.02
780.26,383.78,781.46,382.83
795.64,370.45,797.10,371.67
827.12,421.46,826.43,421.97
815.29,332.37,815.01,329.84
806.34,327.42,806.45,327.28
762.80,381.33,762.10,380.80
805.31,328.65,805.38,328.42
792.45,381.00,792.06,380.96
747.78,368.86,747.38,368.52
807.89,328.61,806.72,329.84
775.90,382.34,775.58,382.63
802.62,309.96,803.36,310.18
825.90,339.19,826.17,339.26
825.90,341.09,825.17,342.24
796.95,379.24,797.94,371.86
820.00,337.89,819.78,338.03
801.25,333.26,801.28,333.12
805.60,330.65,806.16,332.33
819.71,338.90,819.77,339.33
751.75,356.62,751.21,356.74
805.95,333.38,806.36,333.82
809.80,407.59,812.06,406.79
791.13,377.75,791.22,377.86
805.46,413.22,805.60,412.48
793.67,358.46,793.62,359.05
792.26,380.67,792.46,380.88
795.68,333.73,796.22,333.05
803.15,391.80,804.23,390.67
793.67,368.61,795.12,369.85
814.41,340.91,800.65,339.24
794.07,369.49,795.53,370.81
805.52,320.08,805.23,319.82
812.56,360.00,812.49,359.05
813.68,310.51,818.84,309.86
806.58,384.58,806.51,384.07
828.13,354.27,828.55,354.37
819.66,318.84,818.85,318.84
801.27,372.99,803.25,372.17
805.88,389.90,807.75,389.19
825.88,440.14,825.18,439.62
804.83,331.95,804.70,331.37
775.53,382.93,775.32,382.59
815.60,345.69,815.57,345.65
764.13,377.42,763.65,377.40
820.52,449.39,812.68,449.38
808.55,341.09,808.04,342.65
819.93,379.71,819.82,378.29
820.84,439.39,827.25,421.60
815.46,302.41,815.45,302.17
818.21,368.37,819.09,362.15
824.18,418.02,823.37,418.32
814.59,331.94,814.93,332.27
805.31,332.69,805.60,330.65
