831.20,342.77,829.68,342.83
829.82,342.83,829.68,342.83
831.20,342.77,831.51,342.76
831.72,341.51,830.42,341.48
831.96,341.41,830.42,341.48
813.79,381.97,813.58,381.52
813.84,379.68,813.45,379.72
814.32,382.39,814.04,382.27
814.77,382.53,814.04,382.27
814.47,382.40,814.04,382.27
814.77,382.53,814.32,382.39
814.20,378.63,814.04,378.47
814.86,382.03,814.61,382.30
815.35,382.15,814.61,382.30
815.08,382.44,814.61,382.30
814.47,378.33,814.32,378.38
815.35,382.15,814.86,382.03
814.77,378.24,814.32,378.38
814.77,378.24,814.61,378.49
815.57,381.69,815.07,381.60
815.20,381.05,815.07,381.60
815.57,381.69,815.20,381.05
815.08,378.36,814.61,378.49
815.08,378.36,814.86,378.79
815.24,380.43,815.20,381.05
815.57,379.16,814.86,378.79
815.35,378.68,814.86,378.79
815.71,379.77,815.24,380.43
814.04,378.47,813.88,379.00
814.07,379.07,814.32,378.38
814.61,378.49,814.32,378.38
814.61,378.49,814.07,379.07
814.25,379.28,814.61,378.49
814.86,378.79,814.61,378.49
813.24,380.35,813.27,379.93
813.41,380.34,813.27,379.93
813.41,380.34,813.45,379.72
813.79,378.74,814.04,378.47
813.79,378.74,813.68,379.05
813.50,379.24,813.68,379.05
813.36,379.54,813.27,379.93
813.45,379.72,813.27,379.93
813.36,379.54,813.45,379.72
813.58,379.17,813.79,378.74
813.58,379.17,813.50,379.24
813.36,379.54,813.50,379.24
814.86,378.79,814.25,379.28
814.39,379.59,814.86,378.79
815.07,379.24,814.86,378.79
815.07,379.24,814.39,379.59
814.48,379.99,815.07,379.24
815.20,379.81,815.07,379.24
815.20,379.81,814.48,379.99
814.51,380.42,815.20,379.81
815.24,380.43,815.20,379.81
815.24,380.43,814.51,380.42
814.48,380.85,815.24,380.43
815.20,381.05,815.24,380.43
814.39,381.23,815.20,381.05
815.07,381.60,815.20,381.05
814.86,382.03,815.07,381.60
814.86,382.03,814.25,381.53
814.32,382.39,814.61,382.30
814.32,382.39,813.88,381.77
813.68,381.70,814.32,382.39
814.04,382.27,814.32,382.39
814.04,382.27,813.68,381.70
813.79,381.97,814.04,382.27
813.27,380.78,813.24,380.35
813.79,381.97,813.50,381.49
813.58,381.52,813.79,381.97
813.27,380.78,813.45,380.96
813.58,381.52,813.27,380.78
813.84,381.00,814.83,381.00
814.78,380.33,814.83,381.00
813.84,381.00,814.78,380.33
813.79,380.33,813.84,381.00
814.97,381.60,815.18,382.08
813.84,379.68,814.83,379.68
813.84,379.68,813.79,380.33
814.47,382.40,815.46,382.40
814.47,382.40,815.18,382.08
814.97,379.09,814.83,379.68
813.84,379.68,814.97,379.09
814.77,382.53,815.76,382.53
815.46,382.40,815.76,382.53
814.77,382.53,815.46,382.40
815.18,378.63,814.97,379.09
813.98,379.09,815.18,378.63
815.76,382.53,816.07,382.44
814.77,382.53,815.76,382.53
815.46,378.33,815.18,378.63
814.20,378.63,815.46,378.33
814.47,378.33,815.46,378.33
814.47,378.33,814.20,378.63
815.35,382.15,816.34,382.15
816.07,382.44,816.34,382.15
815.35,382.15,816.07,382.44
815.08,382.44,816.07,382.44
814.47,378.33,815.76,378.24
814.77,378.24,815.76,378.24
814.77,378.24,814.47,378.33
816.34,382.15,816.56,381.69
815.35,382.15,816.34,382.15
816.07,378.36,815.76,378.24
816.56,381.69,816.70,381.10
815.57,381.69,816.56,381.69
816.34,378.68,816.07,378.36
815.35,378.68,815.08,378.36
815.57,379.16,816.56,379.16
815.57,379.16,815.35,378.68
815.71,379.77,816.70,379.77
816.75,380.44,816.70,379.77
815.08,382.44,816.07,382.44
815.71,379.77,816.75,380.44
815.76,380.44,816.75,380.44
815.57,379.16,816.56,379.16
816.70,379.77,816.56,379.16
815.57,379.16,816.70,379.77
815.71,379.77,816.70,379.77
815.57,379.16,815.71,379.77
818.35,380.06,818.34,380.62
815.21,380.51,816.47,371.53
815.21,380.51,815.96,371.33
818.35,379.25,819.46,371.33
815.22,356.20,815.77,371.30
815.22,356.20,816.37,367.02
820.15,367.02,816.37,367.02
815.22,356.20,820.15,367.02
816.55,367.19,817.03,367.54
820.38,367.54,817.03,367.54
816.55,367.19,820.38,367.54
820.05,367.19,820.38,367.54
816.55,367.19,820.05,367.19
820.38,367.54,820.05,367.19
819.46,371.33,820.38,367.54
819.82,371.53,820.38,367.54
819.46,371.33,819.82,371.53
815.21,380.51,818.55,380.51
816.55,367.19,817.03,367.54
816.47,371.53,816.55,367.19
815.96,371.33,816.55,367.19
816.47,371.53,815.96,371.33
837.62,380.06,818.35,380.06
818.43,379.22,837.62,380.06
811.47,379.21,811.40,380.06
814.58,380.06,811.40,380.06
814.66,379.22,814.58,380.06
815.77,371.30,814.66,379.22
811.47,379.21,815.77,371.30
813.24,371.30,815.77,371.30
837.70,379.22,819.54,371.30
820.15,367.02,819.54,371.30
838.20,371.30,819.54,371.30
840.60,356.20,820.15,367.02
818.35,380.06,818.34,380.62
814.58,380.06,814.58,380.61
814.58,380.06,814.77,380.49
814.78,380.07,814.77,380.49
814.66,379.22,814.58,380.06
814.78,380.07,814.58,380.06
814.66,379.22,814.78,380.07
814.85,379.25,814.78,380.07
818.35,379.25,818.27,380.07
818.35,380.06,818.27,380.07
814.85,379.25,814.66,379.22
815.77,371.30,814.85,379.25
815.96,371.33,814.85,379.25
816.37,367.02,815.77,371.30
815.96,371.33,815.77,371.30
816.37,367.02,815.96,371.33
816.55,367.19,815.96,371.33
816.37,367.02,816.55,367.19
820.15,367.02,816.37,367.02
816.55,367.19,816.37,367.02
820.15,367.02,816.55,367.19
820.15,367.02,816.55,367.19
820.05,367.19,816.55,367.19
820.15,367.02,820.05,367.19
819.46,371.33,818.35,379.25
818.43,379.22,818.35,379.25
819.46,371.33,818.43,379.22
815.21,380.51,818.55,380.51
819.82,371.53,815.21,380.51
816.47,371.53,815.21,380.51
817.03,367.54,820.38,367.54
816.47,371.53,817.03,367.54
819.82,371.53,816.47,371.53
826.88,382.96,827.50,383.20
818.27,380.07,818.34,380.62
827.72,383.43,827.50,383.20
826.88,382.96,827.72,383.43
827.08,383.18,827.72,383.43
827.72,383.43,830.86,383.61
833.01,383.56,830.86,383.61
833.01,383.56,827.72,383.43
833.01,383.56,830.02,383.42
827.08,383.18,827.72,383.43
830.02,383.42,827.72,383.43
819.82,371.53,818.55,380.51
830.63,383.38,830.86,383.61
829.76,381.19,829.47,380.58
828.36,382.16,827.91,381.99
828.36,382.16,828.19,381.75
828.62,381.91,828.19,381.75
827.50,380.67,829.47,380.58
829.28,379.82,827.50,380.67
827.50,383.20,828.36,382.16
829.76,381.19,827.81,381.32
827.50,380.67,827.81,381.32
827.50,381.52,827.81,381.32
827.18,380.82,827.50,381.52
826.33,382.33,826.88,382.96
827.50,381.52,827.91,381.99
827.08,383.18,826.88,382.96
826.33,382.33,827.08,383.18
826.49,382.52,827.08,383.18
827.08,383.18,829.18,383.17
827.97,382.51,827.08,383.18
814.86,381.22,815.39,381.91
815.38,381.97,814.83,381.25
828.62,381.91,828.36,382.16
830.13,381.59,828.19,381.75
828.62,381.91,830.13,381.59
830.55,381.74,830.13,381.59
829.21,378.99,829.28,379.82
826.33,382.33,827.50,381.52
814.86,381.22,814.83,381.25
816.56,381.68,815.39,381.91
815.67,382.44,816.56,381.68
816.34,382.14,816.56,381.68
815.67,382.44,815.39,381.91
815.68,382.54,815.39,381.91
815.38,381.97,815.39,381.91
830.87,382.03,830.63,382.28
830.87,382.03,828.62,381.91
832.76,381.85,830.55,381.74
814.26,380.77,813.96,380.88
825.04,381.44,814.83,381.25
826.33,382.33,826.49,382.52
837.61,380.90,818.35,380.06
826.49,382.52,826.57,381.52
816.74,380.43,816.69,381.09
824.42,389.36,826.12,388.90
815.44,382.85,816.06,382.43
815.68,382.76,816.34,382.14
830.16,386.64,832.75,389.37
826.12,388.90,832.75,389.37
827.24,378.99,827.31,379.87
827.24,378.99,826.97,379.94
826.90,378.98,826.97,379.94
826.97,379.94,827.18,380.82
826.97,379.94,825.85,381.29
825.04,381.44,813.96,380.88
824.51,381.44,826.57,381.52
816.74,380.43,814.26,380.77
816.74,380.43,814.54,380.86
822.86,390.93,824.42,389.36
822.86,390.93,824.61,389.53
815.46,382.39,815.76,382.51
815.46,382.39,815.44,382.85
814.98,382.72,815.44,382.85
827.31,378.11,827.50,377.32
827.31,378.11,827.18,377.17
827.81,376.70,827.50,377.32
829.76,376.85,827.81,376.70
813.82,380.62,813.97,380.77
813.82,380.62,813.96,380.88
813.76,380.67,813.96,380.88
827.24,378.99,827.31,378.11
826.97,378.03,826.90,378.98
824.28,381.21,825.85,381.29
826.03,381.52,825.85,381.29
821.87,393.57,821.12,396.72
838.38,396.72,821.87,393.57
839.17,393.57,821.87,393.57
823.08,391.08,822.86,390.93
821.63,393.46,823.08,391.08
821.87,393.57,823.08,391.08
821.63,393.46,821.87,393.57
814.98,382.72,815.46,382.39
815.44,382.85,815.68,382.76
814.97,381.59,815.19,382.07
814.33,382.36,815.19,382.07
814.97,381.59,814.33,382.36
813.53,381.81,814.33,382.36
827.50,376.50,827.18,377.17
827.81,376.70,827.50,376.50
813.77,380.45,813.76,380.67
824.28,371.65,826.97,378.03
824.28,381.21,826.97,378.03
826.90,378.98,826.97,378.03
816.69,379.77,816.74,380.43
813.76,379.66,813.82,380.44
824.82,364.27,823.39,364.55
815.87,359.59,816.44,359.95
821.02,396.84,820.87,396.68
819.90,396.58,821.02,396.84
821.12,396.72,838.28,396.84
830.87,382.03,828.62,381.91
821.02,396.84,838.28,396.84
821.12,396.72,821.02,396.84
814.98,382.72,815.44,382.85
816.91,385.75,830.16,386.64
815.44,382.99,815.70,382.89
828.62,376.19,830.55,376.37
828.19,376.31,827.91,376.07
814.83,380.99,814.97,381.59
813.53,381.81,814.97,381.59
814.83,380.99,813.53,381.81
812.67,381.10,813.53,381.81
824.28,381.21,813.76,380.67
813.77,380.45,813.76,380.67
816.69,379.77,813.76,379.66
813.59,378.95,816.69,379.77
813.77,380.45,813.82,380.44
813.76,379.66,813.82,380.44
813.76,379.66,813.77,380.45
816.30,360.25,815.78,360.00
815.78,360.00,816.44,359.95
824.82,364.27,823.39,364.55
824.82,364.27,823.35,364.15
824.66,363.93,823.35,364.15
824.82,364.27,824.66,363.93
815.87,359.59,815.70,360.09
815.87,359.59,815.78,360.00
816.53,359.57,815.87,359.59
819.68,396.48,820.05,396.75
819.55,396.34,820.05,396.75
820.05,396.75,819.90,396.58
821.02,396.84,838.28,396.84
814.94,382.84,814.98,382.72
814.23,382.45,814.94,382.84
827.91,376.07,827.50,376.50
824.28,371.65,827.50,376.50
828.36,375.94,827.91,376.07
848.11,366.58,815.75,366.09
811.61,380.76,811.70,380.65
811.53,380.50,811.38,380.55
816.56,379.17,813.59,378.95
813.71,379.63,813.76,379.66
816.13,360.44,816.30,360.25
815.63,360.32,816.30,360.25
815.63,360.32,815.78,360.00
815.53,360.44,815.78,360.00
815.53,360.44,815.70,360.09
823.09,364.29,823.35,364.15
815.53,365.91,847.93,364.91
815.53,365.91,847.93,366.39
815.53,360.44,823.09,361.71
815.53,360.44,815.70,360.09
823.35,361.88,823.35,364.15
823.09,364.29,823.35,364.15
823.35,361.88,823.09,364.29
823.35,361.88,823.09,364.29
823.09,361.71,823.09,364.29
823.35,361.88,823.09,361.71
824.82,364.27,824.82,361.74
824.66,362.08,824.82,364.27
824.66,363.93,824.82,364.27
824.66,362.08,824.66,363.93
824.66,363.93,823.35,364.15
824.66,363.93,823.35,361.88
823.25,361.37,823.09,361.71
815.80,359.64,823.09,361.71
815.84,359.15,815.80,359.64
815.90,359.15,815.80,359.64
815.90,359.15,815.87,359.59
815.87,358.70,815.90,359.15
816.56,359.15,815.90,359.15
815.87,358.70,816.56,359.15
816.53,358.73,816.56,359.15
819.41,395.84,819.68,396.48
827.81,376.70,829.47,377.43
812.67,381.10,812.61,380.74
812.52,381.13,812.46,380.76
812.61,380.74,812.46,380.76
813.40,381.86,813.53,381.81
812.52,381.13,813.40,381.86
824.28,371.65,828.36,375.94
816.87,366.46,817.06,366.22
816.87,366.46,816.57,368.81
816.45,368.41,816.57,368.81
816.87,366.46,816.45,368.41
815.75,366.09,816.87,366.46
815.57,366.34,816.87,366.46
815.75,366.09,815.57,366.34
815.75,366.09,848.11,366.58
814.79,380.34,814.83,380.99
811.53,380.50,811.70,380.65
812.38,380.71,811.53,380.50
813.02,378.00,813.34,378.37
816.34,378.69,813.34,378.37
813.02,378.00,816.34,378.69
813.54,378.88,813.59,378.95
815.93,360.51,815.44,360.52
815.93,360.51,816.13,360.44
815.44,360.52,816.13,360.44
815.53,360.44,815.63,360.32
815.53,360.44,823.09,364.29
823.25,364.63,823.09,364.29
815.53,360.44,823.25,364.63
824.66,362.08,824.82,361.74
815.87,358.70,815.84,359.15
815.90,359.15,815.84,359.15
815.87,358.70,815.90,359.15
816.53,358.73,815.87,358.70
815.78,358.30,816.53,358.73
832.89,389.54,826.30,389.08
811.61,380.76,811.70,380.65
812.46,380.76,811.61,380.76
836.60,395.84,819.68,396.48
820.05,396.75,821.02,396.84
816.91,385.75,819.31,395.75
816.91,385.75,819.41,395.84
817.02,385.73,819.41,395.84
811.89,381.56,816.91,385.75
815.26,368.93,816.57,368.81
816.45,368.41,815.26,368.93
816.45,368.41,815.26,368.93
812.61,380.74,812.38,380.71
811.53,380.50,811.38,380.55
811.37,380.32,811.38,380.55
811.37,380.32,811.53,380.50
812.66,377.86,813.02,378.00
816.06,378.38,813.02,378.00
812.66,377.86,816.06,378.38
815.76,378.26,816.06,378.38
812.66,377.86,815.76,378.26
813.27,378.29,813.34,378.37
828.36,375.94,827.91,376.07
813.02,378.00,813.34,378.37
828.62,376.19,828.19,376.31
812.94,377.90,813.27,378.29
815.03,360.52,815.24,360.59
815.74,360.44,815.24,360.59
815.74,360.44,815.93,360.51
812.41,367.13,813.65,368.58
815.24,360.59,815.93,360.51
786.75,383.38,785.95,382.35
815.24,360.59,815.44,360.52
815.10,360.75,815.44,360.52
813.65,368.58,815.25,369.49
815.33,360.67,815.44,360.52
823.25,361.37,823.09,361.71
831.63,438.98,832.15,438.46
823.35,361.88,823.25,361.37
815.78,358.30,815.87,358.70
815.63,357.98,815.78,358.30
816.30,358.05,816.44,358.35
827.76,431.54,828.15,431.21
811.61,380.76,812.46,380.76
804.52,357.86,804.33,360.00
811.80,380.73,812.46,380.76
811.80,380.73,811.61,380.76
817.02,385.73,819.41,395.84
836.60,395.84,819.41,395.84
816.91,385.75,817.02,385.73
812.04,381.59,817.02,385.73
798.54,382.51,799.01,378.12
812.04,381.59,816.91,385.75
830.69,350.15,830.81,351.42
811.80,380.73,812.46,380.76
824.28,369.38,824.30,369.14
825.93,418.13,826.17,418.15
815.57,366.34,816.45,368.41
815.57,366.34,815.53,365.91
814.83,379.68,811.51,380.33
811.51,380.33,814.79,380.34
810.03,351.84,809.05,353.73
812.30,377.97,812.66,377.86
818.07,356.34,817.59,357.51
815.76,378.26,812.66,377.86
805.83,353.75,808.06,355.71
815.46,378.35,815.76,378.26
815.66,358.57,815.62,359.05
823.41,352.85,826.55,352.86
812.66,377.86,813.02,378.00
812.94,377.90,812.56,377.75
811.41,371.38,813.27,378.29
812.94,377.90,813.27,378.29
810.98,380.73,810.82,380.59
814.85,360.31,815.03,360.52
817.29,358.74,816.00,357.17
815.03,360.52,815.74,360.44
819.28,355.48,819.03,356.59
815.03,360.52,815.24,360.59
785.96,370.89,786.19,371.11
814.87,360.67,815.24,360.59
829.70,411.92,829.83,411.18
815.10,360.75,815.24,360.59
814.87,360.67,815.10,360.75
826.47,423.24,826.41,423.65
812.66,353.11,812.41,352.86
826.60,423.95,826.41,423.65
784.48,383.45,786.38,384.24
815.63,357.98,815.70,358.20
816.09,354.33,838.03,354.02
815.44,357.77,816.30,358.05
826.19,348.86,827.56,347.64
811.52,380.49,810.67,380.49
829.12,440.39,829.31,440.14
811.52,380.49,810.98,380.73
811.80,380.73,810.98,380.73
811.52,380.49,811.80,380.73
815.26,368.93,815.14,368.54
814.97,369.10,824.28,371.65
811.41,371.38,824.28,371.65
815.35,366.17,815.57,366.34
815.35,366.17,814.85,368.71
814.97,379.10,814.83,379.68
783.28,377.21,783.58,377.42
812.19,377.86,812.56,377.75
815.74,357.86,815.03,357.77
814.61,358.70,814.70,358.30
814.67,360.44,815.03,360.52
814.67,360.44,814.87,360.67
813.34,378.37,813.54,378.88
791.23,384.06,792.35,384.43
814.85,357.98,815.74,357.86
815.33,357.62,815.53,357.85
815.44,357.77,815.63,357.98
829.44,426.40,829.81,425.69
811.38,380.90,837.16,381.59
815.19,378.64,811.98,378.31
788.82,382.20,788.22,378.09
811.73,378.86,811.57,379.55
811.43,379.51,811.57,379.55
788.28,383.48,787.09,382.54
810.33,379.84,810.52,380.38
786.10,377.54,786.06,378.04
814.85,357.98,814.87,357.62
786.45,377.70,786.06,378.04
814.67,357.85,814.87,357.62
817.31,354.62,815.94,355.53
814.70,358.30,815.56,358.05
826.17,410.62,826.68,410.98
815.43,358.35,815.56,358.05
814.61,358.70,814.50,358.21
814.61,358.70,814.70,358.30
794.36,378.08,794.60,378.03
794.42,377.87,793.27,377.81
814.58,359.15,814.61,358.70
815.34,358.73,814.61,358.70
814.58,359.15,815.34,358.73
815.31,359.15,815.34,358.73
815.34,359.57,814.70,360.00
794.38,378.43,794.49,378.46
815.34,359.57,815.43,359.95
817.24,384.18,794.85,382.89
814.70,360.00,814.85,360.31
790.66,382.63,790.45,382.30
814.50,360.09,814.85,360.31
790.66,382.63,790.02,382.48
814.50,360.09,814.67,360.44
815.24,357.70,815.44,357.77
815.33,357.62,815.24,357.70
815.33,357.62,815.10,357.54
823.98,348.42,825.77,348.84
819.33,367.59,818.39,369.05
810.67,380.49,811.30,379.91
831.50,357.86,831.69,357.85
812.39,368.41,813.13,363.20
815.80,359.64,815.70,360.09
815.07,351.44,813.84,352.89
813.20,363.24,812.39,368.41
813.20,363.24,812.49,368.26
812.49,368.26,812.01,368.25
812.08,368.25,812.01,368.25
812.01,368.25,812.49,368.26
811.83,368.39,812.49,368.26
811.73,378.86,811.98,378.31
811.86,378.22,811.59,378.79
810.33,379.84,810.43,379.91
815.02,346.58,817.46,346.25
814.70,358.30,814.50,358.21
810.07,371.05,811.82,371.18
814.67,357.85,814.50,358.21
823.98,348.42,825.77,348.84
814.70,358.30,814.67,357.85
814.36,359.15,814.40,358.65
815.31,359.15,814.58,359.15
828.04,352.54,829.08,354.24
814.61,359.59,815.31,359.15
814.61,359.59,814.70,360.00
814.40,359.64,814.70,360.00
823.37,309.04,829.02,308.32
811.40,380.06,811.29,380.88
824.35,347.73,826.19,348.86
813.20,363.24,813.16,368.26
816.01,371.89,816.00,371.74
812.08,368.25,811.83,368.39
807.55,357.83,807.38,360.00
824.30,352.40,825.50,352.31
810.43,379.91,811.30,379.91
826.02,344.71,826.17,344.77
814.50,358.21,813.64,356.19
814.61,359.59,814.58,359.15
810.32,349.73,808.81,351.03
807.74,350.28,806.51,351.98
783.82,369.88,785.30,369.88
811.85,347.73,813.10,348.77
812.62,368.25,813.44,362.36
815.63,360.32,815.78,360.00
811.53,371.30,810.44,379.21
826.14,392.12,827.90,390.88
812.68,362.29,813.50,356.42
812.90,362.35,812.68,362.29
793.13,378.33,794.72,378.41
812.82,362.14,812.68,362.29
813.64,356.19,835.87,355.75
812.62,368.25,811.94,368.37
812.69,368.37,811.94,368.37
811.94,368.37,811.41,371.38
796.38,384.21,795.10,383.22
811.53,371.30,811.29,379.23
813.24,371.30,811.29,379.23
813.50,356.42,813.64,356.19
813.79,355.97,837.34,355.75
805.83,366.25,810.03,368.16
787.72,373.20,787.84,373.31
813.44,362.36,812.62,368.25
799.72,373.52,799.66,373.61
811.53,371.30,813.24,371.30
799.49,375.66,799.45,375.57
811.68,358.11,814.39,359.05
813.57,362.15,815.22,356.20
816.34,378.69,816.56,379.17
795.15,383.03,795.55,382.93
816.09,354.33,837.34,355.75
813.34,378.37,816.56,379.17
795.80,384.85,795.71,385.16
800.79,353.83,804.39,355.75
800.74,374.06,800.60,374.10
800.65,373.56,800.52,373.64
815.22,356.20,812.69,368.37
786.01,373.58,784.55,373.53
815.22,356.20,813.57,362.15
804.48,370.42,804.13,370.33
815.20,355.97,813.79,355.97
815.20,355.97,813.65,356.20
815.22,356.20,813.65,356.20
827.47,336.19,831.61,335.79
814.85,379.25,815.96,371.33
816.24,354.33,815.20,355.97
795.34,382.59,794.72,378.41
816.24,354.33,815.22,356.20
806.09,376.40,808.16,376.40
831.59,350.72,831.40,351.17
816.24,354.33,840.60,356.20
816.98,352.83,816.09,354.33
817.13,352.83,816.24,354.33
821.63,393.46,820.87,396.68
831.47,350.72,817.94,351.45
816.56,379.17,816.69,379.77
812.61,380.74,814.83,380.99
791.23,384.06,790.00,383.35
817.13,352.83,816.24,354.33
840.13,354.33,816.24,354.33
815.44,357.77,815.53,357.85
817.13,352.83,816.98,352.83
831.59,350.72,831.47,350.72
798.63,377.77,798.31,377.72
832.21,349.89,831.47,350.72
796.94,377.66,798.31,377.72
818.96,371.18,818.95,371.02
832.30,349.94,831.59,350.72
791.19,383.88,789.84,383.80
818.13,351.45,817.13,352.83
818.13,351.45,839.68,352.83
794.49,378.46,794.38,378.43
819.51,350.21,818.13,351.45
839.08,351.45,818.13,351.45
819.51,350.21,819.23,350.20
823.29,350.96,823.77,350.91
819.23,350.20,820.88,349.25
833.77,348.91,820.88,349.25
828.21,418.31,828.44,418.34
829.18,440.88,829.05,440.83
821.18,349.29,819.51,350.21
833.77,348.91,820.88,349.25
820.61,348.24,833.77,348.91
820.61,348.24,820.88,349.25
833.11,347.87,820.66,348.07
833.08,347.68,820.66,348.07
796.97,384.17,797.09,384.41
820.83,348.05,820.76,348.21
820.83,348.05,820.61,348.24
827.58,328.73,827.65,328.65
763.46,353.89,761.36,352.82
837.81,348.21,820.83,348.05
821.80,347.09,820.66,348.07
821.59,347.19,820.66,348.07
821.59,347.19,833.41,346.92
819.14,371.89,819.29,371.68
824.87,344.94,822.90,346.19
793.89,384.44,795.20,383.68
835.16,344.66,822.90,346.19
821.80,347.09,837.84,348.05
798.32,378.09,798.64,378.14
822.90,346.19,821.59,347.19
828.86,329.84,828.69,330.58
750.38,353.56,750.56,353.80
826.16,344.05,835.16,344.66
819.73,372.15,819.13,371.13
824.87,344.94,822.90,346.19
824.95,345.00,822.86,346.29
800.36,377.85,800.52,377.69
826.16,344.05,824.87,344.94
811.29,379.23,810.43,379.91
826.16,344.05,824.95,345.00
822.86,346.29,821.80,347.09
826.43,344.02,824.95,345.00
755.83,356.99,755.10,358.41
814.26,380.77,813.97,380.77
755.83,356.99,761.31,356.94
817.94,351.45,816.98,352.83
810.82,380.59,811.38,380.55
827.60,343.19,826.43,344.02
810.82,380.59,811.61,380.76
827.60,343.19,835.98,343.19
827.64,342.91,835.98,343.19
827.64,342.91,826.16,344.05
827.64,342.91,826.43,344.02
801.31,382.83,801.04,382.39
816.38,372.15,816.46,371.53
831.24,325.59,828.01,325.83
816.00,371.74,815.83,371.18
801.50,377.71,800.29,377.66
816.00,371.74,815.78,371.13
793.66,383.38,795.10,382.63
819.13,371.74,815.83,371.18
797.09,384.41,797.04,384.64
793.66,383.38,794.84,382.45
819.13,371.74,818.96,371.18
819.29,371.68,818.96,371.18
819.73,372.15,819.82,371.53
819.11,370.97,819.64,367.25
819.84,371.38,820.42,367.27
795.83,384.53,795.84,384.80
819.11,370.97,819.64,367.25
819.11,370.97,819.47,367.34
796.99,383.80,798.36,383.88
818.95,371.02,819.47,367.34
795.31,384.06,792.70,384.33
795.49,377.99,795.00,382.20
815.82,371.02,816.34,367.34
795.31,384.06,796.53,383.35
815.82,371.02,819.47,367.34
815.82,371.02,816.29,367.25
816.49,371.38,817.06,367.27
823.46,308.64,823.46,309.18
821.14,399.42,822.77,399.29
814.92,379.24,815.96,371.86
825.28,399.70,825.34,399.67
818.55,380.45,819.31,371.86
829.06,349.15,830.69,350.15
812.19,377.86,812.30,377.97
814.47,382.40,815.46,382.40
818.55,380.45,819.71,372.30
783.67,374.98,783.67,380.93
818.26,379.24,819.14,371.89
802.28,377.76,802.07,377.54
814.92,379.24,815.96,371.86
792.39,384.11,791.15,384.50
815.77,370.97,816.49,371.38
822.07,398.02,822.37,398.00
826.16,344.05,827.64,342.91
815.77,370.97,816.46,371.53
815.82,371.02,815.77,370.97
815.82,371.02,815.78,371.13
818.95,371.02,815.83,371.18
819.11,370.97,818.95,371.02
819.11,370.97,818.96,371.18
815.77,370.97,816.29,367.25
816.01,371.89,819.14,371.89
812.08,368.25,812.01,368.25
816.01,371.89,819.13,371.74
815.95,371.68,816.00,371.74
797.37,377.56,797.62,377.34
816.29,367.25,819.64,367.25
816.29,367.25,820.42,367.27
818.02,380.32,814.90,380.32
818.02,380.32,814.84,380.43
818.03,380.06,818.02,380.32
818.19,380.07,818.18,380.43
816.34,367.34,819.47,367.34
816.34,367.34,819.64,367.25
818.28,342.04,817.69,340.79
820.58,362.01,820.58,356.14
812.19,377.86,812.56,377.75
816.79,362.74,819.80,360.92
816.79,362.74,820.23,362.76
819.77,355.18,817.45,355.18
819.71,362.01,819.76,362.48
806.23,376.03,808.33,376.03
820.14,362.95,819.92,362.82
818.89,360.71,818.89,355.35
823.63,362.97,823.85,362.85
806.23,379.86,808.51,379.86
820.45,362.97,823.85,362.85
820.66,348.07,820.83,348.05
820.45,362.97,820.67,362.85
823.85,362.85,820.67,362.85
824.01,362.51,820.83,362.51
816.45,356.18,817.22,356.17
816.95,355.31,816.58,355.68
813.91,378.25,817.98,378.43
818.22,355.17,817.72,355.30
816.95,355.31,817.72,355.30
804.38,382.59,803.36,378.33
819.94,355.64,820.72,355.63
820.14,362.95,823.63,362.97
824.00,355.13,821.59,355.13
814.82,376.29,808.33,376.03
824.00,355.13,824.07,355.34
816.50,362.37,816.62,362.63
812.24,379.10,816.29,379.30
804.67,383.03,804.83,382.78
816.79,362.74,816.78,362.82
804.67,383.03,805.19,382.89
816.79,362.74,816.62,362.63
811.85,378.57,815.90,378.76
820.45,362.97,820.23,362.76
820.41,362.66,820.23,362.76
820.45,362.97,820.41,362.66
820.45,362.97,820.67,362.85
817.40,355.33,817.33,355.29
820.58,362.01,820.83,362.51
820.53,362.40,820.83,362.51
812.24,377.39,816.29,377.57
816.56,356.21,816.45,361.99
816.56,362.01,816.45,361.99
820.58,356.14,820.89,356.16
820.72,355.63,821.00,355.74
817.38,355.38,816.95,355.31
815.00,378.25,815.00,376.69
819.71,355.38,819.77,355.18
817.45,355.18,819.77,355.18
808.16,377.94,808.34,379.47
821.72,355.34,821.30,355.45
821.09,355.26,821.30,355.45
821.72,355.34,824.07,355.34
821.82,355.14,824.00,355.13
788.63,383.94,788.00,384.67
819.80,360.92,821.82,360.92
812.08,376.39,812.68,376.29
789.57,384.63,788.60,384.71
819.23,355.17,821.82,355.14
819.23,355.17,821.82,360.92
819.23,355.17,819.23,360.91
817.02,360.71,817.02,355.56
821.97,324.57,821.50,324.08
818.94,357.54,817.41,357.52
817.02,360.71,818.94,357.54
817.02,360.71,819.37,360.72
822.16,338.73,821.47,338.73
819.16,357.08,819.16,355.53
830.42,341.48,830.33,341.60
819.37,360.72,819.37,355.53
819.65,355.16,819.27,355.27
819.84,355.15,819.27,355.27
819.16,355.53,819.48,355.26
813.48,377.39,817.24,377.42
790.93,377.76,791.08,378.28
819.37,355.53,819.48,355.26
819.16,355.53,819.37,355.53
817.49,355.18,817.13,355.29
805.10,379.49,811.54,379.81
817.02,355.56,817.13,355.29
813.71,377.63,813.48,377.39
817.33,355.29,817.13,355.29
817.02,355.56,817.33,355.29
823.99,347.88,825.87,348.33
814.40,358.65,814.50,358.21
817.02,355.56,817.22,355.56
817.77,357.37,817.36,357.37
819.56,357.36,819.13,357.36
819.21,357.07,819.56,357.36
820.18,321.87,820.19,321.73
817.50,357.49,819.00,357.48
816.62,362.48,816.78,362.82
819.42,357.48,817.91,357.49
815.00,376.69,814.82,376.29
817.72,355.23,817.73,355.18
817.72,355.23,819.65,355.16
815.01,380.19,815.18,379.81
817.40,355.33,817.73,355.18
817.72,355.23,817.73,355.18
812.68,380.19,812.89,379.81
817.30,355.57,817.33,355.29
805.64,376.12,811.54,376.67
817.30,355.57,817.40,355.33
805.64,376.12,805.10,376.39
788.96,384.59,788.00,384.67
817.30,355.57,817.22,355.56
811.54,379.81,811.94,379.51
817.36,357.37,817.22,357.10
817.36,357.37,817.30,357.09
817.41,357.52,817.28,357.40
811.11,379.38,811.60,379.16
817.50,357.49,817.28,357.40
811.30,378.25,810.73,378.24
818.94,357.54,817.41,357.52
819.13,357.36,819.00,357.48
819.10,357.40,818.94,357.54
804.60,377.46,804.41,377.35
819.16,355.53,819.29,355.31
819.16,355.53,819.27,355.27
819.16,357.08,819.19,355.54
819.16,355.53,819.19,355.54
805.16,376.70,805.10,376.39
819.21,357.07,819.16,357.08
819.21,357.07,819.10,357.40
835.85,327.40,823.31,327.52
818.89,355.35,818.89,360.71
791.28,384.74,790.31,384.83
835.85,327.52,823.31,327.52
818.89,355.35,817.06,360.71
817.06,355.57,817.06,360.71
819.55,355.31,819.88,355.21
806.09,379.47,806.23,379.86
818.87,355.18,818.98,355.33
818.87,355.18,821.33,355.30
818.87,355.18,821.22,355.15
804.31,377.94,804.53,377.94
821.33,355.30,818.98,355.33
804.41,378.53,804.60,378.41
819.42,360.78,821.33,360.78
819.84,355.15,821.22,355.15
819.88,355.21,821.22,355.21
817.49,355.18,817.48,355.24
821.33,360.78,821.30,360.72
818.81,355.24,818.87,355.18
818.89,355.35,818.81,355.24
817.06,355.57,817.15,355.34
799.96,373.20,800.23,373.10
817.02,355.56,817.15,355.34
799.96,373.20,799.72,373.52
817.02,355.56,817.13,355.29
804.68,379.07,805.10,379.49
817.02,360.71,817.06,355.57
789.26,384.50,790.31,384.83
817.02,355.56,817.06,355.57
804.68,379.07,805.16,379.17
817.02,360.71,817.02,355.56
817.06,360.71,818.98,360.77
799.49,375.66,799.67,376.00
819.37,360.72,819.42,360.78
817.08,360.77,819.42,360.78
817.02,360.71,817.08,360.77
819.37,360.72,817.02,360.71
819.45,360.72,819.37,355.53
819.45,360.72,819.45,355.54
819.61,355.21,817.72,355.23
819.56,357.36,819.61,357.07
817.77,357.37,819.56,357.36
821.13,334.10,820.60,332.99
831.72,341.51,831.96,341.41
821.12,343.11,820.23,343.45
813.36,379.54,813.50,379.24
792.70,384.33,791.79,384.41
813.88,380.35,813.50,379.24
813.88,380.35,813.68,379.05
813.88,380.35,813.88,379.00
813.88,380.35,814.07,379.07
813.36,381.17,813.27,380.78
813.88,380.35,813.27,380.78
813.24,380.35,813.27,380.78
813.88,380.35,813.24,380.35
813.27,379.93,813.24,380.35
813.88,380.35,813.36,379.54
813.36,379.54,813.27,379.93
814.48,379.99,814.39,379.59
823.13,337.10,822.99,335.18
813.88,380.35,814.48,379.99
814.48,380.85,814.51,380.42
813.88,380.35,814.48,380.85
813.88,380.35,814.39,381.23
814.25,381.53,814.39,381.23
813.88,380.35,814.25,381.53
814.07,381.72,814.25,381.53
813.88,380.35,814.07,381.72
813.88,381.77,814.07,381.72
813.68,381.70,813.88,381.77
813.88,380.35,813.68,381.70
813.36,381.17,813.88,380.35
813.36,381.17,813.50,381.49
818.27,380.07,818.35,379.25
792.44,384.95,793.41,385.03
818.55,380.51,818.35,379.25
818.55,380.51,818.26,380.49
818.55,380.51,818.27,380.07
814.77,380.49,814.78,380.07
829.47,380.58,829.28,379.82
830.55,379.06,829.28,379.82
830.16,386.64,830.02,383.42
829.28,378.17,829.21,378.99
830.55,379.06,829.21,378.99
829.47,377.43,829.28,378.17
830.16,386.64,827.97,382.51
830.55,381.74,830.13,381.59
830.55,379.06,830.55,381.74
825.04,381.44,826.57,381.52
830.16,386.64,825.04,381.44
818.89,355.35,818.81,355.24
813.88,380.35,814.25,379.28
814.54,380.86,814.26,380.77
842.13,343.18,819.34,343.18
814.49,380.88,814.26,380.77
813.88,380.35,814.39,379.59
814.54,380.86,814.49,380.88
823.09,320.93,829.12,319.92
815.68,382.54,815.38,381.97
830.55,381.74,832.76,381.85
830.55,379.06,830.55,381.74
823.10,320.33,823.29,320.48
830.55,379.06,829.76,376.85
830.16,386.64,815.70,382.89
815.68,382.54,815.70,382.89
830.16,386.64,815.68,382.54
826.12,388.90,830.16,386.64
820.23,343.45,821.12,343.11
830.13,376.49,830.55,376.37
830.55,379.06,830.55,376.37
820.23,343.45,820.71,342.76
830.13,376.49,830.55,379.06
826.97,379.94,826.90,378.98
824.28,381.21,826.97,379.94
819.90,396.58,820.87,396.68
821.02,396.84,820.87,396.68
821.12,396.72,820.87,396.68
821.02,396.84,821.12,396.72
821.56,324.57,821.50,325.06
819.55,396.34,819.90,396.58
821.63,393.46,819.90,396.58
821.63,393.46,822.86,390.93
828.14,302.94,828.25,303.00
815.93,359.15,816.30,360.25
816.13,360.44,816.30,360.25
816.56,362.01,819.76,362.48
819.31,395.75,816.91,385.75
821.63,393.46,816.91,385.75
819.31,395.75,821.63,393.46
815.44,382.99,816.91,385.75
814.94,382.84,816.91,385.75
824.28,371.65,813.77,380.45
815.93,359.15,816.53,358.73
814.94,382.84,816.91,385.75
814.23,382.45,816.91,385.75
814.94,382.84,814.23,382.45
824.28,371.65,813.71,379.63
815.93,359.15,815.93,360.51
831.39,343.39,830.43,343.06
815.74,360.44,815.93,360.51
815.93,359.15,816.44,358.35
811.89,381.56,812.52,381.13
813.54,378.88,824.28,371.65
813.27,378.29,813.54,378.88
814.40,359.64,812.68,362.29
815.56,360.25,815.74,360.44
819.11,370.97,820.42,367.27
815.53,365.91,815.53,360.44
823.25,361.37,815.84,359.15
816.13,357.85,816.30,358.05
810.52,380.38,811.37,380.32
815.10,357.54,815.33,357.62
815.93,359.15,815.74,357.86
819.29,371.68,819.13,371.13
821.00,355.74,821.30,355.45
815.56,358.05,815.74,357.86
815.53,365.91,815.33,360.67
815.33,360.67,815.10,360.75
815.70,358.20,815.80,358.65
819.23,360.91,818.22,355.17
815.93,359.15,816.13,357.85
819.23,360.91,817.22,360.91
815.93,359.15,815.93,357.79
816.13,357.85,815.93,357.79
815.31,359.15,815.34,358.73
811.29,380.88,811.80,380.73
811.41,371.38,812.56,377.75
815.34,359.57,815.93,359.15
816.91,385.75,822.86,390.93
815.31,359.15,815.34,359.57
814.67,360.44,813.13,363.20
815.53,357.85,835.62,355.96
826.83,390.88,827.90,390.88
811.52,380.49,811.29,380.88
811.52,380.49,811.30,379.91
795.63,384.64,796.55,384.72
810.33,379.24,811.59,378.79
821.42,344.95,838.15,344.95
811.43,379.51,811.59,378.79
810.33,379.24,811.43,379.51
811.41,371.38,812.19,377.86
811.41,371.38,811.86,378.22
819.23,355.17,821.82,355.14
811.85,377.92,815.85,378.43
820.53,362.40,820.67,362.85
814.67,357.85,813.64,356.19
813.50,356.42,814.50,358.21
813.16,368.26,812.08,368.25
812.62,368.25,812.08,368.25
813.16,368.26,812.62,368.25
814.36,359.15,813.50,356.42
813.13,363.20,814.85,368.71
814.40,358.65,813.50,356.42
812.90,362.35,813.44,362.36
811.29,379.23,811.30,379.91
836.56,343.63,826.16,344.05
823.25,361.37,815.80,358.65
818.18,380.43,818.19,380.07
816.96,355.50,816.67,355.79
819.71,362.01,816.67,355.79
816.56,356.21,816.67,355.79
819.71,362.01,819.71,355.38
817.38,355.38,819.71,355.38
795.67,384.55,794.39,384.95
811.89,381.56,816.91,385.75
819.71,362.01,816.56,362.01
819.71,362.01,816.56,356.21
821.72,355.34,821.30,355.45
824.07,362.04,821.00,355.74
824.07,362.04,821.72,355.34
819.80,360.92,820.23,362.76
820.53,362.40,819.80,360.92
820.58,362.01,819.80,360.92
817.22,360.91,816.50,362.37
816.62,362.63,816.79,362.74
817.38,355.38,819.71,362.01
820.89,362.04,824.07,362.04
820.89,356.16,820.89,362.04
817.35,355.67,817.72,355.30
813.88,379.00,813.68,379.05
819.23,360.91,817.72,355.30
819.23,355.17,818.22,355.17
820.30,355.27,819.94,355.64
821.82,360.92,819.94,355.64
819.80,356.15,819.94,355.64
821.82,360.92,821.82,355.14
820.81,355.14,821.82,355.14
819.80,356.15,819.80,360.92
817.22,356.17,819.23,360.91
817.35,355.67,817.22,356.17
820.81,355.14,821.82,360.92
820.30,355.27,820.81,355.14
821.42,324.00,821.33,323.74
819.37,360.72,818.94,357.54
819.10,357.40,818.94,357.54
819.16,357.08,819.10,357.40
817.22,360.91,819.80,360.92
819.37,360.72,819.16,357.08
817.22,357.10,817.02,360.71
819.29,355.31,819.61,357.07
819.19,355.54,819.29,355.31
814.70,360.00,814.85,360.31
817.30,355.57,817.72,357.09
815.43,359.95,814.85,360.31
817.30,357.09,817.72,357.09
817.06,360.71,817.08,360.77
819.45,360.72,819.42,360.78
819.37,360.72,819.42,360.78
819.45,360.72,819.37,360.72
819.45,355.54,821.30,355.32
819.55,355.31,819.45,355.54
818.87,355.18,817.73,355.18
817.49,355.18,817.73,355.18
818.87,355.18,817.49,355.18
817.06,355.57,818.89,355.35
821.53,386.88,822.58,386.97
817.15,355.34,818.89,355.35
817.02,360.71,817.41,357.52
817.06,355.57,817.15,355.34
825.61,401.31,826.10,401.09
826.10,401.09,833.33,401.09
825.61,401.31,826.10,401.09
833.35,401.31,825.61,401.31
811.43,379.51,811.37,380.32
825.58,400.73,826.09,400.75
826.14,398.91,825.58,400.73
825.64,398.81,826.14,398.91
826.33,397.13,825.64,398.81
825.83,396.95,825.64,398.81
825.83,396.95,826.33,397.13
826.65,395.43,826.33,397.13
826.65,395.43,825.83,396.95
826.17,395.19,825.83,396.95
826.17,395.19,826.65,395.43
824.51,344.74,824.66,345.15
827.09,393.88,826.17,395.19
826.63,393.56,827.09,393.88
827.65,392.49,827.09,393.88
827.65,392.49,826.63,393.56
827.21,392.12,826.63,393.56
824.28,371.65,824.28,381.21
827.21,392.12,827.65,392.49
828.31,391.32,827.21,392.12
827.90,390.88,828.31,391.32
828.67,389.90,829.05,390.37
829.86,389.69,829.05,390.37
806.09,376.40,808.16,376.40
829.86,389.69,828.67,389.90
829.52,389.19,829.86,389.69
830.72,389.29,829.86,389.69
830.42,388.76,829.52,389.19
830.42,388.76,830.72,389.29
763.91,364.95,765.52,365.21
814.61,359.59,814.40,359.64
831.61,389.17,830.72,389.29
814.61,359.59,814.36,359.15
831.61,389.17,830.42,388.76
831.35,388.64,830.42,388.76
831.35,388.64,831.61,389.17
832.51,389.35,831.35,388.64
832.28,388.82,831.35,388.64
824.56,401.76,825.58,400.73
825.61,401.31,833.35,401.31
834.43,401.76,825.61,401.31
824.56,401.76,825.61,401.31
824.52,400.73,825.58,400.73
824.52,400.73,825.64,398.81
824.57,398.81,825.64,398.81
824.57,398.81,825.83,396.95
830.43,343.06,831.74,343.49
824.77,396.95,825.83,396.95
825.10,395.19,826.17,395.19
826.63,393.56,826.17,395.19
827.21,392.12,826.63,393.56
819.23,360.91,817.22,360.91
826.14,392.12,827.21,392.12
827.90,390.88,827.21,392.12
826.83,390.88,828.67,389.90
826.87,331.95,826.73,331.37
827.60,389.90,829.52,389.19
817.59,357.51,818.65,356.51
750.95,354.13,752.92,355.56
828.45,389.19,830.42,388.76
824.66,363.93,824.66,362.08
818.21,366.49,819.31,367.43
829.34,388.76,830.42,388.76
812.62,368.25,813.16,368.26
831.35,388.64,830.42,388.76
826.51,411.10,829.49,410.21
826.51,411.10,836.48,411.10
826.09,400.75,833.33,401.09
826.14,398.91,833.32,400.75
833.37,398.91,826.14,398.91
826.33,397.13,833.37,398.91
833.56,397.13,826.33,397.13
826.65,395.43,833.56,397.13
840.60,356.20,815.22,356.20
833.89,395.43,826.65,395.43
816.24,354.33,840.13,354.33
834.91,392.49,827.65,392.49
816.24,354.33,816.09,354.33
824.43,309.66,827.09,307.27
832.87,304.42,827.81,304.64
824.08,409.97,830.24,406.21
823.46,308.64,823.37,309.04
832.14,406.78,830.24,406.21
824.33,410.62,824.08,409.97
824.33,410.62,827.80,409.41
828.30,302.88,828.41,302.83
827.97,409.87,827.80,409.41
824.33,410.62,827.97,409.87
827.92,304.17,828.02,304.21
825.17,410.98,824.33,410.62
825.17,410.98,827.97,409.87
825.17,410.98,828.56,410.12
826.51,411.10,825.17,410.98
826.51,411.10,829.49,410.21
826.16,390.89,824.15,391.69
823.16,391.32,824.15,391.69
826.64,391.29,825.04,392.69
825.04,392.69,824.15,391.69
810.56,361.83,809.96,361.92
826.64,391.29,824.15,391.69
813.27,378.29,824.28,371.65
824.19,392.18,822.19,391.61
832.89,389.54,826.12,388.90
821.26,373.88,821.35,373.80
826.16,390.89,823.16,391.32
822.19,391.61,823.16,391.32
818.10,373.77,821.26,373.88
825.37,391.20,822.19,391.61
829.39,422.04,830.13,421.30
826.99,392.35,825.76,394.23
826.99,392.35,825.04,392.69
822.93,393.73,821.32,392.53
820.21,395.84,820.64,393.99
815.33,363.05,815.92,364.48
827.33,396.03,826.41,398.26
799.07,385.26,798.08,385.34
826.41,398.26,826.24,396.15
799.16,385.02,798.19,385.10
826.27,400.36,826.41,398.26
825.83,402.23,826.27,400.36
823.08,391.08,824.61,389.53
826.52,402.49,825.13,403.69
825.13,403.69,825.83,402.23
831.43,440.13,831.82,440.43
826.52,402.49,825.83,402.23
820.25,351.23,820.56,351.84
825.72,404.04,824.25,404.59
825.72,404.04,825.13,403.69
829.05,436.94,829.87,437.30
824.76,405.00,824.25,404.59
829.06,436.04,829.88,435.77
823.74,405.28,822.29,404.45
829.06,368.03,826.75,368.97
828.63,435.71,829.55,435.25
822.75,404.85,821.41,403.43
814.61,359.59,815.34,359.57
821.88,403.76,820.71,401.89
820.71,401.89,821.41,403.43
811.35,347.84,809.52,348.96
814.61,359.59,814.58,359.15
821.88,403.76,821.41,403.43
830.06,431.24,830.32,430.76
821.41,402.13,820.71,401.89
811.47,379.21,814.66,379.22
820.25,399.99,820.08,397.91
823.18,393.37,823.87,393.63
817.13,352.83,840.13,354.33
824.62,393.83,825.24,394.06
822.75,396.67,821.12,396.52
825.80,394.70,823.87,393.63
823.87,393.63,825.24,394.06
821.90,394.21,822.50,393.57
822.50,393.57,824.62,393.83
824.00,394.01,824.62,393.83
822.50,393.57,824.00,394.01
824.99,395.40,824.49,394.33
818.11,379.22,819.14,371.89
824.49,394.33,825.80,394.70
821.42,395.23,821.90,394.21
823.45,394.58,821.90,394.21
823.54,308.77,823.71,308.29
823.02,395.50,823.45,394.58
825.32,396.74,824.99,395.40
826.55,396.87,824.99,395.40
826.55,396.87,826.26,395.66
822.75,396.67,823.02,395.50
825.44,398.21,825.32,396.74
825.32,396.74,826.55,396.87
826.57,399.51,825.44,398.21
825.44,398.21,826.66,398.20
827.53,304.89,827.81,304.64
826.30,400.69,825.34,399.67
825.34,399.67,826.57,399.51
824.55,401.98,825.03,400.97
825.86,401.60,825.03,400.97
825.03,400.97,826.30,400.69
824.55,401.98,825.86,401.60
823.26,402.80,823.94,402.61
823.26,402.80,824.69,402.34
837.70,379.22,818.43,379.22
821.46,400.74,821.96,401.81
823.06,400.49,821.96,401.81
823.06,400.49,823.51,401.45
816.45,337.37,816.55,336.00
817.72,357.09,817.36,357.37
821.03,397.96,822.75,396.67
818.45,342.19,817.79,341.49
817.30,357.09,817.36,357.37
838.20,371.30,820.15,367.02
822.66,397.97,822.75,396.67
823.46,308.64,823.37,309.04
821.14,399.42,822.66,397.97
828.14,302.94,828.26,302.72
823.78,393.53,824.03,391.79
823.06,391.43,823.78,393.53
824.03,391.79,824.91,392.78
824.41,394.25,824.91,392.78
829.56,307.66,829.09,307.91
824.03,391.79,823.78,393.53
815.07,381.60,814.39,381.23
821.25,392.62,822.10,391.71
822.38,393.47,822.10,391.71
814.25,381.53,815.07,381.60
821.76,394.12,822.38,393.47
822.10,391.71,823.06,391.43
823.08,393.27,823.06,391.43
822.10,391.71,823.08,393.27
822.38,393.47,823.08,393.27
815.20,379.81,815.07,379.24
825.62,394.29,824.91,392.78
800.79,384.85,799.86,384.93
824.92,395.34,824.91,392.78
824.92,395.34,824.41,394.25
824.91,392.78,824.41,394.25
820.58,394.05,821.25,392.62
821.76,394.12,821.25,392.62
814.32,378.38,813.88,379.00
821.28,395.16,821.76,394.12
821.32,400.80,820.64,401.83
825.26,396.71,825.62,394.29
820.16,395.88,820.58,394.05
821.28,395.16,820.58,394.05
820.16,395.88,821.28,395.16
820.97,396.48,821.28,395.16
820.16,395.88,820.97,396.48
813.50,379.24,813.79,378.74
826.26,398.26,826.08,396.18
836.18,344.31,824.66,345.15
825.38,398.21,826.08,396.18
825.38,398.21,825.26,396.71
826.08,396.18,825.26,396.71
827.09,307.27,827.44,307.04
826.26,398.26,826.12,400.32
826.26,398.26,825.28,399.70
827.87,324.24,827.87,306.97
827.59,307.73,827.97,307.51
825.38,398.21,825.28,399.70
827.33,396.03,826.24,396.15
813.41,380.34,813.45,380.96
826.26,398.26,825.38,398.21
813.68,367.16,813.84,367.11
827.33,398.27,826.27,400.36
813.45,379.72,813.41,380.34
824.97,401.03,825.68,402.16
820.86,366.57,823.74,367.94
827.07,400.51,825.83,402.23
826.12,400.32,824.97,401.03
814.04,382.27,813.79,381.97
825.28,399.70,824.97,401.03
814.61,382.30,814.32,382.39
824.97,401.03,824.48,402.07
814.04,378.47,813.79,378.74
825.68,402.16,824.97,401.03
825.00,403.60,824.13,404.49
814.32,378.38,814.04,378.47
823.85,402.71,824.13,404.49
815.07,381.60,814.86,382.03
824.48,402.07,823.85,402.71
814.61,382.30,814.07,381.72
827.10,305.26,827.48,304.77
799.16,385.02,798.25,384.83
823.17,404.74,824.13,404.49
823.15,402.90,824.13,404.49
814.07,381.72,814.86,382.03
823.15,402.90,823.85,402.71
814.86,378.79,814.61,378.49
824.13,404.49,823.85,402.71
815.07,379.24,814.86,378.79
822.46,402.62,822.21,404.35
823.17,404.74,822.46,402.62
823.17,404.74,823.15,402.90
813.24,380.35,813.41,380.34
821.33,403.34,822.21,404.35
821.83,401.89,822.21,404.35
813.68,379.05,813.88,379.00
821.83,401.89,822.46,402.62
814.07,379.07,813.88,379.00
822.21,404.35,822.46,402.62
821.33,403.34,820.64,401.83
821.33,403.34,821.32,400.80
823.47,321.16,824.07,320.32
821.83,401.89,821.32,400.80
821.33,403.34,821.83,401.89
820.97,396.48,820.16,395.88
820.99,399.44,820.64,401.83
820.87,397.96,820.02,397.91
820.99,399.44,820.87,397.96
823.78,393.53,823.08,393.27
814.48,379.99,814.39,379.59
823.08,393.27,823.18,393.37
822.38,393.47,823.08,393.27
824.41,394.25,823.87,393.63
814.51,380.42,814.48,379.99
823.78,393.53,823.87,393.63
814.83,379.68,814.78,380.33
824.41,394.25,823.78,393.53
813.79,380.33,814.83,379.68
821.76,394.12,822.38,393.47
821.03,397.96,821.12,396.52
821.90,394.21,822.38,393.47
819.34,343.18,818.55,342.34
821.90,394.21,822.50,393.57
814.39,381.23,814.48,380.85
824.41,394.25,824.49,394.33
814.25,381.53,814.39,381.23
821.90,394.21,821.76,394.12
825.26,396.71,824.99,395.40
814.07,381.72,814.25,381.53
824.92,395.34,824.99,395.40
813.88,381.77,814.07,381.72
827.11,305.10,827.48,304.77
830.22,320.41,830.01,319.69
799.17,384.75,798.25,384.83
825.26,396.71,825.32,396.74
825.28,399.70,825.44,398.21
813.68,381.70,813.88,381.77
825.38,398.21,825.44,398.21
825.28,399.70,825.38,398.21
813.50,381.49,813.68,381.70
824.97,401.03,825.34,399.67
813.50,381.49,814.04,382.27
824.97,401.03,825.28,399.70
813.36,381.17,813.50,381.49
823.85,402.71,824.55,401.98
824.48,402.07,824.55,401.98
813.36,381.17,813.79,381.97
823.85,402.71,824.48,402.07
823.15,402.90,823.94,402.61
822.86,390.93,824.42,389.36
823.85,402.71,823.94,402.61
822.46,402.62,823.26,402.80
823.15,402.90,823.26,402.80
821.83,401.89,822.57,402.52
822.46,402.62,822.57,402.52
815.76,378.24,815.46,378.33
821.83,401.89,822.46,402.62
821.12,396.52,821.28,395.16
813.84,381.00,814.83,381.00
821.42,395.23,821.28,395.16
788.09,383.68,785.51,382.63
819.51,350.21,839.08,351.45
821.32,400.80,821.96,401.81
821.83,401.89,821.96,401.81
788.09,383.68,786.83,382.71
819.51,350.21,838.05,350.21
821.32,400.80,821.83,401.89
820.87,397.96,820.97,396.48
820.87,397.96,821.03,397.96
821.14,399.42,821.03,397.96
820.87,397.96,821.14,399.42
824.92,395.34,824.49,394.33
820.99,399.44,821.14,399.42
820.87,397.96,820.99,399.44
822.10,391.71,823.16,391.32
813.84,379.68,814.83,379.68
823.06,391.43,823.16,391.32
820.88,349.25,819.51,350.21
824.15,391.69,823.16,391.32
813.98,379.09,813.84,379.68
825.04,392.69,824.03,391.79
824.15,391.69,824.03,391.79
820.08,397.91,820.25,399.99
821.25,392.62,822.19,391.61
822.10,391.71,822.19,391.61
813.98,379.09,814.97,379.09
825.04,392.69,824.91,392.78
830.63,382.28,830.63,383.38
820.64,393.99,821.32,392.53
821.25,392.62,821.32,392.53
826.24,396.15,825.62,394.29
814.25,379.28,814.07,379.07
825.76,394.23,825.62,394.29
826.24,396.15,825.76,394.23
826.26,398.26,826.08,396.18
826.41,398.26,826.08,396.18
814.20,378.63,815.18,378.63
826.24,396.15,826.08,396.18
795.22,383.48,796.41,382.54
819.51,350.21,818.13,351.45
826.27,400.36,826.26,398.26
826.27,400.36,826.12,400.32
825.00,403.60,825.68,402.16
814.97,369.10,815.26,368.93
813.98,381.60,814.83,381.00
814.47,378.33,815.46,378.33
825.83,402.23,825.68,402.16
824.25,404.59,825.00,403.60
825.13,403.69,825.00,403.60
814.20,382.08,815.18,382.08
823.27,404.85,824.13,404.49
814.20,382.08,813.98,381.60
814.77,378.24,815.76,378.24
820.99,399.44,821.32,400.80
823.27,404.85,823.17,404.74
815.08,378.36,814.77,378.24
818.26,380.49,815.21,380.51
821.41,403.43,822.21,404.35
822.29,404.45,822.21,404.35
820.16,395.88,820.64,393.99
820.58,394.05,820.64,393.99
813.98,379.09,814.97,379.09
820.19,399.96,820.64,401.83
820.71,401.89,820.64,401.83
820.02,397.91,820.19,399.96
820.08,397.91,820.19,399.96
820.25,399.99,820.19,399.96
814.77,382.53,814.47,382.40
815.35,378.68,816.34,378.68
820.21,395.84,820.08,397.91
825.76,394.23,824.91,392.78
820.16,395.88,820.21,395.84
824.38,392.14,825.57,391.16
825.37,391.20,826.16,390.89
826.37,390.84,825.37,391.20
826.53,390.70,826.37,390.84
815.08,382.44,814.77,382.53
825.57,391.16,826.37,390.84
761.56,355.12,761.36,352.82
825.71,391.02,825.57,391.16
814.58,380.61,818.26,380.49
821.32,400.11,821.57,397.90
827.21,392.31,826.64,391.29
814.87,360.67,815.10,360.75
826.89,391.26,826.64,391.29
821.50,400.13,821.41,402.13
822.93,393.73,824.38,392.14
824.19,392.18,824.38,392.14
827.43,393.96,826.99,392.35
815.35,382.15,815.08,382.44
827.21,392.31,826.99,392.35
830.63,382.28,828.36,382.16
822.45,399.00,822.67,399.91
827.64,393.91,827.21,392.31
789.56,384.21,790.88,384.33
827.41,392.21,827.21,392.31
819.46,371.33,820.05,367.19
827.33,396.03,827.20,393.98
815.57,381.69,816.56,381.69
827.57,396.01,827.20,393.98
827.43,393.96,827.20,393.98
827.78,395.98,827.43,393.96
827.33,398.27,827.33,396.03
815.57,381.69,815.35,382.15
827.57,396.01,827.33,396.03
827.78,395.98,827.57,396.01
815.08,378.36,816.07,378.36
818.26,380.49,818.55,380.51
827.07,400.51,827.33,398.27
827.32,400.54,827.33,398.27
827.58,398.28,827.33,398.27
826.52,402.49,827.07,400.51
813.21,346.93,815.31,346.42
807.74,350.28,806.34,351.92
812.62,368.25,813.87,363.24
790.88,384.33,792.35,384.43
826.09,404.29,826.76,402.55
785.15,377.94,785.74,382.02
826.92,402.68,826.76,402.55
811.41,371.38,811.59,378.79
815.35,378.68,816.34,378.68
824.76,405.00,825.72,404.04
814.77,378.24,816.07,378.36
821.12,396.52,821.42,395.23
824.98,405.09,825.72,404.04
811.86,378.22,811.59,378.79
825.95,404.12,825.72,404.04
823.74,405.28,824.76,405.00
824.98,405.09,824.76,405.00
784.48,383.45,785.64,383.57
825.07,405.31,824.98,405.09
822.57,402.52,824.07,402.09
783.82,369.88,783.95,371.05
822.99,405.13,823.95,405.37
822.94,404.93,822.75,404.85
783.82,369.88,783.82,370.83
825.55,346.80,827.61,347.70
822.99,405.13,822.94,404.93
819.54,371.30,820.05,367.19
832.11,389.31,831.20,388.82
821.57,397.90,822.28,395.72
822.10,403.87,821.88,403.76
821.68,402.27,822.10,403.87
814.58,380.61,818.34,380.62
821.32,400.11,821.75,397.91
821.57,397.90,821.75,397.91
821.59,402.17,821.50,400.13
813.86,377.92,813.71,377.63
817.45,355.18,816.95,355.31
821.58,400.19,821.59,402.17
806.09,376.40,805.58,376.48
831.59,350.72,831.27,351.17
823.06,391.43,823.08,393.27
824.49,392.03,825.71,391.02
825.75,414.54,826.61,414.57
821.75,401.12,822.19,408.58
825.07,405.31,822.99,405.13
788.05,373.21,787.72,373.20
822.99,405.13,824.02,405.58
824.00,394.01,824.62,393.83
827.45,391.16,826.53,390.70
827.10,391.20,826.53,390.70
827.41,392.21,827.64,393.91
788.57,375.90,788.36,375.99
827.41,392.21,829.68,391.72
827.66,389.51,825.71,391.02
828.62,376.19,828.19,376.31
800.23,373.10,800.47,373.22
820.15,346.51,822.35,346.90
826.53,390.70,825.71,391.02
827.78,395.98,827.64,393.91
785.07,383.49,786.38,384.24
782.48,368.80,783.77,369.89
830.30,394.65,827.64,393.91
810.07,348.95,811.82,348.81
823.27,369.07,823.99,367.97
804.11,360.00,804.27,362.13
822.36,350.45,823.74,352.06
823.24,393.66,823.05,394.71
821.83,397.94,822.36,395.79
823.15,402.90,823.85,402.71
821.99,398.22,821.83,397.94
828.71,388.85,827.86,389.10
797.02,369.88,796.68,369.89
828.55,388.87,829.54,388.69
824.84,366.13,823.89,367.99
811.68,358.11,814.94,359.05
827.45,391.16,829.39,390.59
827.86,389.10,826.78,389.81
787.58,375.16,787.61,374.59
801.69,368.68,801.99,368.80
827.66,389.51,826.01,390.58
793.14,377.96,793.27,377.81
827.11,389.67,825.85,390.42
827.52,390.20,829.13,389.72
830.12,388.90,828.71,388.85
794.49,378.46,794.60,378.03
828.97,388.79,830.27,388.64
829.34,388.76,830.27,388.64
831.30,390.22,829.13,389.72
825.93,390.67,825.85,390.42
830.27,388.64,829.54,388.69
830.72,389.42,831.30,390.22
824.50,393.46,825.56,393.56
823.78,400.54,823.94,400.36
832.40,392.62,829.68,391.72
819.82,371.53,820.38,367.54
826.27,390.83,824.83,391.80
827.60,389.90,826.83,390.88
822.10,403.87,822.75,404.85
830.12,388.90,830.72,389.42
830.30,394.65,829.99,393.08
824.07,321.15,824.07,320.32
832.40,392.62,829.99,393.08
825.32,392.04,824.83,391.80
819.82,371.53,817.03,367.54
826.27,390.83,826.83,390.88
818.27,380.07,818.26,380.49
828.81,404.50,831.62,403.71
823.05,394.71,823.86,393.16
825.85,390.42,826.78,389.81
825.32,392.04,826.14,392.12
823.54,348.69,825.24,349.73
802.17,364.87,802.77,366.57
805.02,355.78,804.52,357.86
830.47,395.58,833.11,395.08
805.02,355.78,805.00,355.74
826.51,411.10,836.49,410.21
823.00,395.64,823.18,395.59
823.40,397.94,823.08,395.89
822.47,409.33,822.19,408.58
823.52,397.96,823.08,395.89
824.33,410.62,822.19,408.58
824.08,409.97,822.19,408.58
811.98,378.31,812.30,377.97
784.79,377.63,785.03,377.57
785.03,377.57,783.77,377.87
812.04,381.59,817.02,385.73
821.83,397.94,821.75,397.91
823.83,395.06,822.43,396.41
824.33,410.62,822.47,409.33
823.31,396.81,821.99,398.22
823.31,396.81,822.43,396.41
824.77,396.95,825.10,395.19
823.31,396.81,825.10,395.19
811.98,378.31,815.46,378.35
801.94,369.48,801.57,369.20
812.04,381.59,834.15,385.73
823.83,395.06,825.10,395.19
823.31,396.81,823.83,395.06
829.32,320.45,829.10,319.70
825.17,410.98,826.51,411.10
821.76,400.10,822.97,398.66
823.31,396.81,824.77,396.95
816.62,362.48,816.50,362.37
806.47,365.76,806.96,368.03
821.75,401.12,822.82,401.60
787.72,373.20,787.96,373.10
819.13,357.36,818.94,357.54
822.97,398.66,824.57,398.81
824.52,400.73,824.56,401.76
822.82,401.60,824.52,400.73
822.81,400.57,824.52,400.73
822.82,401.60,822.81,400.57
823.18,395.59,823.29,395.47
823.17,395.72,823.04,395.86
824.07,400.38,823.69,400.00
831.87,391.30,829.68,391.72
824.07,400.38,823.94,400.36
822.79,395.79,822.54,396.18
822.84,328.41,823.02,327.90
820.23,362.76,820.41,362.66
763.91,355.04,765.52,354.79
822.77,395.98,822.64,396.17
823.02,395.55,822.79,395.79
826.27,390.83,825.93,390.67
822.85,395.81,823.02,395.55
824.02,405.58,823.95,405.37
823.00,395.64,823.02,395.55
822.85,395.81,823.00,395.64
822.36,395.79,822.28,395.72
820.58,394.05,821.32,392.53
823.60,400.58,823.57,400.70
823.83,400.63,823.60,400.58
823.83,400.63,823.78,400.54
823.52,397.96,823.88,400.19
823.40,397.94,823.88,400.19
823.40,397.94,823.73,400.00
811.53,371.30,810.33,379.24
823.88,400.19,823.73,400.00
768.58,355.78,761.56,355.12
823.39,398.08,823.78,400.54
812.30,377.97,812.56,377.75
814.58,380.61,818.34,380.62
825.32,392.04,826.27,390.83
823.60,400.58,823.78,400.54
823.29,400.28,823.48,400.45
825.41,398.17,824.17,398.14
823.00,395.64,823.18,395.59
823.56,397.97,823.18,395.59
823.00,395.64,823.56,397.97
814.77,380.49,815.21,380.51
828.03,333.61,827.58,332.75
764.85,361.58,765.10,360.00
823.57,400.70,823.19,400.31
823.83,400.63,824.07,400.38
825.50,367.69,825.73,367.52
831.82,440.43,832.14,440.95
823.10,395.84,823.04,395.86
822.64,396.17,822.97,398.22
822.77,395.98,822.64,396.17
823.00,395.64,822.85,395.81
782.48,368.63,785.68,370.75
818.87,355.18,817.49,355.18
823.39,398.08,823.00,395.64
823.22,398.19,823.39,398.08
786.75,383.38,786.91,383.16
785.07,383.49,783.83,382.53
815.78,358.30,815.80,358.65
824.33,410.62,824.08,409.97
823.52,397.96,823.40,397.94
820.76,348.21,837.81,348.21
825.10,395.19,825.56,393.56
823.02,395.55,823.29,395.47
823.75,399.94,824.07,400.38
822.82,401.60,822.47,409.33
830.41,328.44,830.62,328.42
823.40,397.94,823.04,395.86
823.17,395.72,823.18,395.59
822.10,395.70,823.12,393.71
823.88,400.19,823.52,397.96
816.98,352.83,816.09,354.33
822.87,398.24,822.64,396.17
825.10,396.24,825.33,397.16
825.10,396.24,826.18,397.11
830.55,381.74,828.62,381.91
824.76,395.51,825.10,396.24
829.40,333.88,828.90,334.08
824.38,401.20,824.80,400.76
825.58,395.35,825.95,396.13
829.21,378.99,829.28,378.17
829.38,333.76,828.90,333.95
825.18,401.38,825.63,400.92
824.17,398.14,824.11,397.44
829.38,333.76,829.40,333.88
767.13,355.04,765.52,354.79
824.17,398.14,825.33,397.16
823.88,400.19,823.73,400.00
830.47,395.58,831.62,403.71
823.13,399.06,823.37,400.02
826.20,399.24,825.41,398.17
826.27,398.17,825.41,398.17
814.49,380.88,813.96,380.88
830.45,331.60,830.22,332.58
823.72,396.30,823.96,396.81
830.17,332.50,830.22,332.58
769.74,356.94,768.58,355.78
824.76,395.51,823.96,396.81
823.96,396.81,825.10,396.24
825.58,395.35,824.76,395.51
830.86,383.61,827.72,383.43
830.39,331.57,830.45,331.60
770.48,358.39,769.74,356.94
824.33,395.02,825.58,395.35
826.20,399.24,825.34,399.17
826.57,381.52,827.97,382.51
829.86,327.80,830.22,328.53
823.42,395.96,823.72,396.30
830.17,328.61,830.22,328.53
769.74,363.06,770.48,361.61
824.33,395.02,823.72,396.30
825.63,400.92,825.13,400.06
816.34,382.14,816.06,382.43
827.35,329.70,827.58,328.73
824.13,394.79,824.62,394.65
827.24,378.99,829.21,378.99
829.86,333.36,829.40,333.88
825.41,398.17,825.33,397.16
822.97,395.42,823.39,394.98
829.86,333.36,829.38,333.76
761.56,355.12,759.98,354.87
822.97,395.42,824.13,394.79
830.22,332.58,829.82,333.26
762.99,355.85,761.56,355.12
823.91,401.32,825.18,401.38
830.63,383.38,827.50,383.20
822.67,399.91,822.28,399.35
822.64,396.12,823.68,395.26
830.03,333.48,829.55,334.02
824.18,401.32,824.68,401.52
830.41,332.66,830.03,333.48
822.26,396.72,822.48,396.24
830.22,332.58,829.86,333.36
822.44,397.00,822.64,396.12
830.22,332.58,830.41,332.66
822.44,397.00,823.34,396.00
830.65,331.64,830.41,332.66
823.12,396.94,823.34,396.00
811.98,378.31,812.19,377.86
830.45,331.60,830.65,331.64
822.81,400.20,823.91,401.32
824.18,401.32,823.44,401.14
830.45,329.47,830.53,330.53
822.44,397.00,822.64,396.12
830.45,329.47,830.65,329.42
822.44,397.00,822.26,396.72
824.80,400.76,825.13,400.06
830.41,328.44,830.65,329.42
822.11,397.34,822.26,396.72
823.12,396.94,822.44,397.00
830.22,328.53,830.45,329.47
825.63,400.92,825.98,400.18
822.37,398.00,822.44,397.00
830.22,328.53,830.41,328.44
822.37,398.00,823.12,396.94
830.03,327.67,830.41,328.44
823.05,397.99,823.12,396.94
829.86,327.80,830.03,327.67
822.51,399.86,823.44,401.14
815.68,382.76,815.67,382.44
827.27,330.76,827.35,329.70
822.45,399.00,822.37,398.00
827.65,328.65,828.03,327.83
822.67,399.91,823.01,400.65
827.41,331.77,827.35,331.82
760.57,358.39,760.31,360.00
823.13,399.06,822.45,399.00
830.55,379.06,829.76,381.19
822.45,399.00,822.37,398.00
830.55,379.06,829.28,378.17
815.39,381.91,814.86,381.22
830.73,330.53,830.65,331.64
832.89,394.16,829.99,393.08
827.94,333.49,828.39,333.95
822.45,399.00,822.07,398.02
827.98,333.38,828.39,333.95
822.12,398.72,822.07,398.02
827.98,333.38,827.94,333.49
822.12,398.72,822.28,399.35
826.48,415.32,826.16,415.76
818.18,380.43,815.21,380.45
813.10,371.23,811.59,369.76
825.49,415.24,826.48,415.32
827.37,332.69,827.68,332.77
821.68,402.27,822.19,408.58
825.68,414.98,826.61,414.57
821.18,344.44,823.23,342.68
826.49,413.80,826.61,414.57
825.68,414.09,826.49,413.80
814.91,380.06,814.90,380.32
813.86,372.07,813.79,372.99
825.68,414.09,826.17,413.30
825.78,413.27,826.17,413.30
818.03,380.06,818.02,380.32
825.50,413.79,825.78,413.27
825.46,413.71,825.78,413.27
825.26,413.77,825.78,413.27
815.41,373.47,815.79,372.53
823.48,400.45,823.60,400.58
825.26,413.77,825.46,413.71
816.53,359.57,816.44,359.95
804.52,357.86,805.00,355.74
830.44,351.71,831.63,353.11
829.44,426.40,830.00,425.99
811.38,380.90,812.04,381.59
825.34,414.46,825.46,413.71
793.66,383.38,794.84,382.45
814.98,379.22,814.91,380.06
825.08,414.03,825.46,413.71
793.66,383.38,794.36,382.35
814.98,379.22,818.03,380.06
825.08,414.03,825.34,414.46
825.00,414.47,825.34,414.46
817.46,373.75,817.54,373.64
825.00,414.47,825.45,415.23
825.07,414.92,825.45,415.23
824.17,398.14,824.11,397.44
825.07,414.92,825.77,415.72
830.42,362.15,830.20,363.13
828.77,414.04,828.44,414.48
827.76,413.96,828.44,414.48
787.09,374.35,785.89,373.74
819.37,355.53,819.48,355.26
815.98,362.84,816.53,364.17
827.76,413.96,828.77,414.04
784.55,377.84,785.89,373.74
819.45,355.54,819.48,355.26
827.95,413.70,828.77,414.04
830.58,360.00,830.42,362.15
828.77,412.51,828.89,413.29
828.03,413.25,828.89,413.29
831.06,360.00,830.90,362.13
828.45,412.01,828.77,412.51
816.73,365.80,817.73,366.97
827.96,412.80,828.77,412.51
823.10,395.84,823.42,395.96
827.96,412.80,828.45,412.01
795.31,384.06,795.05,383.26
814.85,380.07,814.84,380.43
815.07,368.55,816.51,369.79
823.36,397.92,823.42,395.96
827.77,412.50,828.45,412.01
795.31,384.06,793.82,383.97
814.85,380.07,814.90,380.32
823.36,397.92,823.98,399.45
827.77,412.50,828.05,411.98
830.80,360.00,830.63,362.15
827.73,412.42,828.05,411.98
823.51,361.55,824.82,361.74
815.09,369.82,816.72,370.81
827.35,412.74,827.73,412.42
827.35,412.74,827.60,413.17
824.51,381.44,813.76,380.67
827.72,413.94,827.60,413.17
824.82,361.74,823.51,361.55
816.72,370.81,818.52,371.15
828.45,389.19,827.60,389.34
827.34,413.64,827.72,413.94
828.45,389.19,828.13,389.00
827.34,413.64,828.04,414.44
823.35,361.88,824.82,361.74
818.28,371.67,820.16,372.12
827.53,413.93,828.04,414.44
821.35,373.80,822.07,372.27
830.25,412.40,831.07,412.74
830.25,412.40,831.20,411.99
821.26,373.88,821.35,373.80
830.33,411.95,831.20,411.99
821.26,373.88,823.51,373.63
830.33,411.95,831.08,411.21
830.75,410.71,831.08,411.21
823.43,373.70,825.55,373.20
830.26,411.50,830.75,410.71
823.03,356.08,820.80,353.35
830.02,411.12,830.35,410.67
804.27,357.87,804.11,360.00
829.90,411.88,830.02,411.12
815.71,381.10,815.20,381.05
823.65,360.00,822.96,360.00
830.02,412.65,829.90,411.88
822.87,398.24,822.11,397.34
829.56,411.89,829.90,411.88
822.87,398.24,822.51,399.86
829.56,411.89,830.02,412.65
822.45,341.91,822.45,328.18
823.86,394.84,823.29,395.47
830.34,413.15,830.02,412.65
830.13,381.59,829.76,381.19
829.23,368.09,832.49,368.16
825.93,419.57,826.83,420.12
830.00,353.48,831.19,353.53
826.16,419.60,826.83,420.12
826.16,419.60,827.16,419.69
830.15,366.08,833.29,366.07
827.28,418.94,827.16,419.69
811.36,360.00,811.68,358.11
826.35,419.34,827.16,419.69
810.09,360.00,811.36,360.00
831.68,353.04,832.13,354.62
826.42,418.90,827.28,418.94
826.42,418.90,827.16,418.17
821.78,354.92,824.84,353.87
811.73,378.86,811.98,378.31
822.43,396.41,821.83,397.94
826.85,417.66,827.16,418.17
826.35,418.45,827.16,418.17
826.35,418.45,826.85,417.66
826.45,417.62,826.85,417.66
788.51,376.02,788.36,375.99
827.45,391.16,829.68,391.72
810.24,361.90,810.56,361.83
755.94,350.51,759.03,352.45
826.17,418.15,826.85,417.66
834.34,393.88,827.09,393.88
815.93,359.15,816.56,359.15
826.17,418.15,826.45,417.62
825.93,418.13,826.45,417.62
825.93,418.13,826.13,418.06
837.89,344.44,821.18,344.44
826.00,418.81,826.13,418.06
810.41,363.79,810.99,363.62
825.74,418.39,826.13,418.06
825.74,418.39,826.00,418.81
826.44,420.08,826.12,419.58
825.93,419.57,826.44,420.08
832.75,389.37,826.12,388.90
825.37,391.20,823.16,391.32
828.21,418.31,829.12,418.87
829.45,418.43,829.12,418.87
828.44,418.34,829.12,418.87
811.81,372.17,810.00,371.14
828.44,418.34,829.45,418.43
829.57,417.67,829.45,418.43
812.02,371.30,811.81,372.17
828.63,418.08,829.57,417.67
829.45,416.90,829.57,417.67
832.49,368.16,831.07,369.81
828.71,417.64,829.45,416.90
829.13,416.39,829.45,416.90
813.33,372.97,813.86,372.07
827.83,369.73,826.19,371.14
828.63,417.18,829.13,416.39
828.73,416.35,829.13,416.39
828.45,416.88,828.73,416.35
827.60,389.34,826.78,389.81
828.41,416.80,828.73,416.35
815.31,373.57,815.41,373.47
828.21,416.86,828.41,416.80
828.13,389.00,827.86,389.10
828.28,417.55,828.41,416.80
817.15,355.34,818.81,355.24
828.02,417.12,828.28,417.55
828.40,418.32,828.28,417.55
824.53,350.83,823.58,350.91
827.95,417.56,828.40,418.32
795.15,383.03,794.85,382.89
790.22,384.20,788.63,383.94
828.55,388.87,828.71,388.85
828.72,418.83,828.40,418.32
824.53,349.78,823.58,350.91
828.02,418.02,828.40,418.32
815.02,373.42,812.90,373.59
824.53,349.78,823.58,349.85
825.54,371.12,823.70,372.25
828.02,418.02,828.72,418.83
830.63,357.85,830.80,360.00
830.10,367.43,828.87,368.18
831.76,417.15,831.43,417.59
830.75,417.06,831.76,417.15
831.89,416.39,831.76,417.15
830.94,416.80,831.76,417.15
822.87,398.24,822.54,396.18
830.94,416.80,831.89,416.39
831.76,415.61,831.89,416.39
831.01,416.36,831.76,415.61
831.44,415.11,831.76,415.61
830.94,415.90,831.44,415.11
831.04,415.07,831.44,415.11
830.75,415.60,831.04,415.07
830.71,415.51,831.04,415.07
830.51,415.58,830.71,415.51
818.50,337.26,820.18,339.80
830.58,416.27,830.71,415.51
830.32,415.84,830.58,416.27
817.31,354.62,816.55,355.84
821.70,347.93,821.76,347.02
823.89,367.99,822.50,369.61
814.70,358.30,814.85,357.98
830.70,417.05,830.58,416.27
830.25,416.29,830.58,416.27
830.25,416.29,830.70,417.05
830.32,416.74,831.03,417.55
830.51,417.04,831.03,417.55
826.60,423.95,827.51,424.50
826.83,423.98,827.51,424.50
826.83,423.98,827.83,424.07
827.02,423.72,827.83,424.07
827.09,423.28,827.96,423.32
827.09,423.28,827.84,422.54
825.68,350.91,824.72,350.84
827.02,422.82,827.84,422.54
826.84,422.53,827.52,422.04
826.42,422.76,826.80,422.43
826.42,422.76,826.68,423.18
826.34,423.20,826.68,423.18
826.41,423.65,826.79,423.95
826.60,423.95,827.11,424.46
813.79,380.33,814.78,380.33
821.12,396.52,821.42,395.23
824.13,404.49,825.00,403.60
827.31,379.87,827.50,380.67
829.19,431.34,829.31,432.13
798.88,356.08,800.90,356.50
829.40,423.22,829.80,423.26
828.88,422.71,829.80,423.26
829.12,422.74,829.80,423.26
815.37,360.00,815.44,360.95
829.32,421.58,829.81,420.79
828.89,421.25,829.41,420.75
811.35,372.15,812.02,371.30
828.70,421.51,829.09,421.18
828.70,421.51,828.96,421.93
828.63,421.95,828.96,421.93
828.63,421.95,829.08,422.71
829.40,423.22,829.08,422.71
827.31,379.87,827.18,380.82
824.28,381.21,825.85,381.29
831.43,421.48,832.45,421.57
815.27,370.64,816.89,369.96
820.86,353.42,820.42,353.69
815.33,357.62,815.44,357.77
814.92,373.34,812.81,373.51
830.34,413.15,830.74,413.19
818.50,337.26,820.58,337.14
811.82,371.18,813.56,371.05
831.63,420.32,832.13,419.52
831.72,419.48,832.13,419.52
831.39,419.92,831.72,419.48
831.27,420.68,831.39,419.92
828.86,437.20,829.14,437.67
831.01,420.25,831.27,420.68
831.39,421.46,831.27,420.68
831.71,421.97,831.39,421.46
831.00,421.16,831.39,421.46
831.20,421.46,831.71,421.97
826.37,390.84,826.16,390.89
828.51,426.94,828.63,427.72
829.82,442.10,830.23,442.17
829.31,441.60,830.23,442.17
830.55,441.74,830.23,442.17
829.54,441.63,830.23,442.17
829.54,441.63,830.55,441.74
830.68,440.99,830.55,441.74
829.74,441.38,830.55,441.74
827.30,348.42,825.52,348.05
829.74,441.38,830.68,440.99
826.44,420.08,826.83,420.12
830.56,440.21,830.68,440.99
830.24,439.68,830.56,440.21
829.74,440.48,830.56,440.21
829.74,440.48,830.24,439.68
830.10,367.43,828.87,368.18
829.83,439.62,830.24,439.68
825.61,373.12,827.64,370.93
829.55,440.17,830.24,439.68
829.55,440.17,829.83,439.62
807.03,372.07,811.66,371.31
829.51,440.05,829.83,439.62
829.31,440.14,829.83,439.62
829.12,440.39,829.51,440.05
831.17,436.02,831.45,436.50
829.12,440.39,829.38,440.79
803.49,370.27,805.01,369.15
829.50,441.58,829.38,440.79
829.05,440.83,829.38,440.79
829.05,440.83,829.50,441.58
829.82,442.10,829.50,441.58
820.07,365.44,821.31,366.08
829.31,441.60,829.82,442.10
830.94,365.44,831.05,365.32
823.35,361.88,823.09,361.71
811.22,372.25,811.35,372.15
831.44,439.23,832.15,438.46
826.55,367.14,827.70,367.42
831.70,439.64,831.82,438.89
831.43,440.13,831.70,439.64
831.62,440.44,831.82,440.43
822.01,353.15,820.98,353.78
820.86,366.57,820.42,366.31
828.86,437.20,829.54,437.73
829.04,350.51,830.81,351.42
810.67,380.49,810.52,380.38
829.13,436.50,829.87,437.30
827.75,367.67,828.92,367.19
830.00,436.55,829.87,437.30
829.13,436.50,830.00,436.55
828.87,435.74,829.88,435.77
828.44,436.86,828.70,436.37
828.63,437.16,828.82,437.15
821.31,353.92,824.46,353.93
828.63,437.16,829.14,437.67
828.62,381.91,828.19,381.75
828.82,437.15,829.14,437.67
827.49,400.61,827.32,400.54
822.10,395.70,822.28,395.72
831.45,436.50,831.86,436.55
827.15,389.79,825.85,390.42
818.65,356.51,818.19,357.62
831.37,435.77,831.86,436.55
819.33,367.59,818.05,368.69
819.06,347.89,821.71,346.93
810.67,380.49,811.52,380.49
831.37,435.77,832.19,436.12
831.44,435.32,832.19,436.12
831.37,434.86,832.32,435.37
828.19,376.31,827.81,376.70
831.18,434.55,832.19,434.58
830.94,434.52,831.87,434.06
830.52,364.21,829.71,366.24
819.56,354.30,818.73,355.26
814.87,357.62,815.03,357.77
830.94,434.52,831.46,434.01
830.75,434.78,831.46,434.01
831.14,434.44,831.46,434.01
830.67,435.22,831.14,434.44
822.97,395.42,822.79,395.79
831.01,435.19,831.14,434.44
815.56,358.05,814.85,357.98
830.67,435.22,831.01,435.19
830.75,435.68,831.01,435.19
825.82,364.20,830.63,362.15
830.75,435.68,831.13,435.97
822.36,369.55,818.39,369.05
814.61,358.70,815.43,358.35
830.94,435.99,831.13,435.97
831.13,435.97,831.45,436.50
817.73,355.18,817.33,355.29
816.69,381.09,815.39,381.91
821.42,325.13,821.49,324.56
828.46,433.25,828.86,433.30
828.18,432.77,828.86,433.30
815.76,380.44,815.24,380.43
818.42,370.27,820.80,366.64
827.83,424.07,827.51,424.50
819.28,364.52,820.41,365.32
828.37,432.52,828.86,433.30
823.13,400.33,823.57,400.70
798.26,360.00,800.90,363.49
829.19,432.87,828.86,433.30
828.37,432.52,829.19,432.87
828.28,333.82,828.76,333.95
827.96,423.32,827.83,424.07
828.45,432.08,829.19,432.87
829.28,379.82,829.47,380.58
830.50,367.98,829.18,368.79
829.31,432.13,829.19,432.87
825.77,415.72,826.16,415.76
827.84,422.54,827.96,423.32
812.41,367.13,813.65,368.58
825.68,414.98,825.49,415.24
828.38,431.62,829.31,432.13
827.52,422.04,827.84,422.54
825.75,414.54,825.68,414.98
828.19,431.32,829.19,431.34
827.96,431.29,828.47,430.78
819.03,342.83,818.28,342.04
826.80,422.43,827.12,421.99
825.50,413.79,825.68,414.09
827.76,431.54,828.47,430.78
830.03,366.22,830.15,366.08
826.68,423.18,826.80,422.43
825.26,413.77,825.50,413.79
827.69,431.98,828.15,431.21
828.02,431.96,828.15,431.21
827.69,431.98,828.02,431.96
826.79,423.95,826.68,423.18
825.08,414.03,825.26,413.77
827.76,432.44,828.02,431.96
825.07,414.92,825.00,414.47
827.95,432.74,828.14,432.74
829.23,351.91,831.07,350.19
815.94,373.60,818.10,373.77
827.95,432.74,828.46,433.25
828.14,432.74,828.46,433.25
827.79,333.02,828.14,332.88
830.13,422.83,829.80,423.26
825.13,414.50,825.07,414.92
830.49,431.58,831.17,432.11
829.08,354.24,830.18,353.80
825.26,415.22,825.07,414.92
830.68,431.32,831.17,432.11
830.25,422.07,830.13,422.83
825.26,415.22,825.13,414.50
830.68,431.32,831.50,431.68
828.04,414.44,828.44,414.48
830.13,421.30,830.25,422.07
830.75,430.88,831.63,430.92
829.85,356.08,830.52,355.78
830.68,430.42,831.63,430.92
831.71,421.97,832.12,422.01
831.50,430.14,831.63,430.92
829.81,420.79,830.13,421.30
827.95,413.70,827.76,413.96
830.68,430.42,831.50,430.14
829.41,420.75,829.81,420.79
828.03,413.25,827.95,413.70
830.49,430.11,831.18,429.62
830.80,356.87,830.78,356.87
819.68,373.47,821.76,372.97
830.26,430.08,831.18,429.62
829.09,421.18,829.41,420.75
827.96,412.80,828.03,413.25
830.26,430.08,830.78,429.57
828.96,421.93,829.09,421.18
821.57,397.90,820.21,395.84
827.77,412.50,827.96,412.80
821.76,372.97,823.70,372.25
830.06,430.34,830.45,430.00
830.96,365.70,830.94,365.44
830.32,430.76,830.45,430.00
821.41,402.13,820.25,399.99
830.06,431.24,830.44,431.54
823.41,352.85,825.47,353.31
830.25,431.54,830.77,432.06
816.89,350.03,818.94,347.97
811.86,378.22,811.98,378.31
830.44,431.54,830.77,432.06
830.67,356.87,830.31,358.01
827.51,428.37,827.79,428.85
831.20,388.82,830.12,388.90
827.79,428.85,828.18,428.90
822.97,395.42,823.02,395.55
821.92,325.02,821.77,325.35
828.19,426.43,828.51,426.94
815.66,358.57,816.00,357.17
827.09,428.04,827.35,427.56
829.64,411.44,829.83,411.18
827.09,428.04,827.47,428.34
827.27,428.34,827.47,428.34
811.42,365.51,812.66,366.89
827.27,428.34,827.79,428.85
827.47,428.34,827.79,428.85
829.80,427.15,830.08,427.63
814.40,359.64,813.50,356.42
830.08,427.63,830.48,427.68
791.38,380.65,790.64,380.61
824.01,362.51,823.85,362.85
812.15,367.21,813.85,368.29
829.99,426.89,830.48,427.68
781.99,381.46,781.32,380.80
824.01,362.51,820.67,362.85
829.99,426.89,830.81,427.24
804.67,383.03,804.83,382.78
820.30,355.27,819.94,355.64
811.38,380.90,812.04,381.59
813.40,368.67,814.86,369.92
830.07,426.45,830.81,427.24
830.82,425.71,830.94,426.49
830.00,425.99,830.82,425.71
825.13,414.50,825.68,414.98
813.84,373.09,815.94,373.60
829.57,425.66,830.49,425.20
825.13,414.50,825.75,414.54
829.57,425.66,830.09,425.15
829.77,425.59,830.09,425.15
829.64,426.34,829.77,425.59
803.18,383.76,804.17,382.93
816.58,355.68,816.45,356.18
822.10,395.70,820.64,393.99
829.31,426.36,829.64,426.34
820.75,370.93,816.89,369.96
829.57,427.12,829.76,427.12
821.10,323.62,821.33,323.74
811.30,379.91,811.29,380.88
827.09,423.28,827.02,423.72
820.75,370.93,818.94,372.03
829.57,427.12,830.08,427.63
829.76,427.12,830.08,427.63
819.65,364.42,822.80,364.41
812.68,362.29,813.13,363.20
831.97,445.78,830.53,445.67
821.57,397.90,820.08,397.91
819.65,355.16,819.61,355.21
819.31,367.43,820.52,366.53
824.81,411.68,834.10,440.93
822.15,371.73,822.07,372.27
798.10,360.00,748.35,360.00
798.10,360.00,748.90,356.57
826.94,413.09,835.00,413.09
822.52,340.84,822.75,341.33
831.14,446.03,826.94,413.09
826.94,413.09,831.14,446.03
823.16,369.75,823.75,369.79
828.94,445.37,829.93,445.87
825.58,412.92,829.93,445.87
828.94,445.37,825.58,412.92
828.87,444.58,828.94,445.37
824.90,412.44,828.94,445.37
830.69,369.85,829.06,370.85
828.87,444.58,824.90,412.44
824.81,411.68,824.90,412.44
814.85,368.71,815.14,368.54
824.81,411.68,828.87,444.58
815.92,364.48,816.53,364.17
814.33,382.36,814.94,382.84
830.47,446.33,831.56,446.48
831.14,446.03,831.56,446.48
830.47,446.33,831.14,446.03
830.16,386.64,829.18,383.17
814.23,382.45,814.33,382.36
829.93,445.87,831.14,446.03
822.97,395.42,822.54,396.18
829.52,445.86,830.47,446.33
829.46,445.11,834.33,442.72
829.46,445.11,829.52,445.86
829.46,445.11,828.94,445.37
829.46,445.11,828.87,444.58
755.94,369.49,754.59,366.10
826.68,410.98,827.66,411.10
829.34,388.76,831.35,388.64
815.44,360.95,815.61,360.95
823.62,372.10,824.53,370.22
824.90,412.44,825.58,412.92
824.81,411.68,826.17,410.62
825.98,371.54,827.74,370.81
825.61,373.12,823.99,372.12
826.24,409.97,824.81,411.68
828.81,404.50,827.76,398.28
814.83,380.99,812.67,381.10
823.70,392.70,824.70,391.44
827.32,389.87,828.45,389.19
824.49,392.03,824.70,391.44
816.53,364.17,817.28,365.40
827.52,390.20,827.66,389.51
830.47,395.58,827.76,398.28
827.78,395.98,827.76,398.28
828.81,404.50,822.19,408.58
819.77,371.58,819.89,371.51
829.42,371.23,829.46,371.16
822.01,366.85,823.41,367.15
822.19,408.58,825.07,405.31
825.68,414.98,826.48,415.32
821.68,402.27,822.19,404.11
819.77,371.58,821.63,372.02
822.19,408.58,822.19,404.11
824.07,402.09,823.51,401.45
828.81,404.50,827.49,400.61
798.38,383.67,798.36,383.88
816.00,371.74,815.83,371.18
827.68,330.65,827.99,332.65
826.92,402.68,827.49,400.61
832.18,368.55,830.50,367.98
815.98,362.84,818.07,363.66
827.10,391.20,827.45,391.16
820.33,371.99,822.15,371.73
817.59,362.49,818.07,363.66
827.41,392.21,827.45,391.16
823.24,393.66,823.70,392.70
815.92,364.48,816.73,365.80
824.49,392.03,823.70,392.70
817.73,366.97,818.90,367.98
823.24,393.66,824.49,392.03
827.56,372.36,827.61,372.29
818.01,370.85,819.77,371.58
830.30,394.65,827.78,395.98
816.72,370.81,818.48,371.54
831.19,352.86,832.28,353.31
830.47,395.58,830.30,394.65
827.68,330.65,827.37,328.65
824.21,372.17,826.19,371.14
826.92,402.68,828.81,404.50
829.76,376.85,829.47,377.43
827.68,330.65,827.09,328.98
826.92,402.68,826.09,404.29
821.58,400.19,821.68,402.27
821.75,401.12,821.68,402.27
815.35,356.96,814.98,358.46
823.51,373.63,823.99,372.12
821.58,400.19,821.75,401.12
823.51,373.63,825.61,373.12
821.58,400.19,821.76,400.10
812.67,381.10,813.53,381.81
830.05,352.58,831.19,352.86
824.62,393.83,825.24,394.06
824.65,398.08,825.24,394.06
812.67,381.10,813.40,381.86
824.62,393.83,824.65,398.08
811.42,365.51,811.70,365.32
823.45,394.58,824.00,394.01
813.88,380.35,814.51,380.42
824.65,398.08,824.00,394.01
823.45,394.58,824.65,398.08
824.00,394.01,824.65,398.08
825.80,394.70,826.26,395.66
824.65,398.08,826.26,395.66
823.02,395.50,823.45,394.58
823.02,395.50,824.65,398.08
817.54,373.64,817.46,373.75
826.26,395.66,826.55,396.87
824.65,398.08,826.55,396.87
826.26,395.66,824.65,398.08
822.75,396.67,823.02,395.50
827.68,330.65,828.27,328.89
824.65,398.08,823.02,395.50
822.75,396.67,824.65,398.08
824.65,398.08,826.66,398.20
823.16,369.75,823.75,369.79
824.65,398.08,826.57,399.51
826.66,398.20,824.65,398.08
826.57,399.51,826.30,400.69
829.21,378.99,829.28,379.82
824.65,398.08,826.30,400.69
829.18,383.17,830.02,383.42
826.57,399.51,824.65,398.08
826.26,350.29,825.67,350.24
826.30,400.69,825.86,401.60
826.30,400.69,824.65,398.08
825.49,349.85,825.49,350.91
825.86,401.60,825.30,402.17
824.65,398.08,825.30,402.17
825.30,402.17,824.69,402.34
825.30,402.17,824.65,398.08
824.69,402.34,824.65,398.08
823.51,401.45,824.65,398.08
831.00,364.22,829.85,363.92
822.66,397.97,822.75,396.67
824.65,398.08,822.75,396.67
822.66,397.97,824.65,398.08
823.06,400.49,822.77,399.29
824.65,398.08,822.77,399.29
823.06,400.49,824.65,398.08
824.65,398.08,822.66,397.97
818.73,355.26,820.07,354.56
827.11,389.67,827.60,389.34
804.39,364.25,804.57,364.21
815.24,357.70,815.44,357.77
828.13,389.00,827.60,389.34
817.31,354.62,818.73,355.26
828.55,388.87,828.13,389.00
830.07,426.45,829.99,426.89
811.59,369.76,813.40,368.67
815.24,357.70,816.13,357.85
815.75,366.09,817.06,366.22
827.15,389.79,827.11,389.67
815.94,355.53,816.55,355.84
828.97,388.79,828.55,388.87
828.45,389.19,828.55,388.87
827.32,389.87,827.15,389.79
828.45,389.19,827.15,389.79
829.34,388.76,828.97,388.79
828.45,389.19,828.97,388.79
828.45,389.19,829.34,388.76
810.24,361.90,811.51,361.90
827.32,389.87,827.60,389.90
828.45,389.19,827.60,389.90
823.18,395.59,823.29,395.47
823.17,395.72,823.29,395.47
823.18,395.59,823.17,395.72
826.09,404.29,825.07,405.31
823.94,400.36,823.88,400.19
828.81,404.50,825.07,405.31
824.07,400.38,823.88,400.19
823.94,400.36,824.07,400.38
822.85,395.81,822.79,395.79
823.57,400.70,823.60,400.58
823.48,400.45,823.57,400.70
831.86,360.00,831.50,362.14
823.36,397.92,824.17,398.14
824.12,398.84,824.17,398.14
816.89,369.96,818.94,372.03
823.98,399.45,824.12,398.84
827.54,412.48,828.05,411.98
816.38,369.85,818.01,370.85
823.75,399.94,823.98,399.45
784.55,377.84,784.55,382.15
819.23,355.17,817.45,355.18
823.36,397.92,823.04,395.86
784.55,377.84,781.42,374.95
819.23,355.17,818.22,355.17
829.39,422.04,830.25,422.07
821.73,371.95,823.58,370.14
823.36,397.92,823.10,395.84
829.32,421.58,830.13,421.30
823.75,399.94,823.36,397.92
823.77,350.24,823.77,350.91
822.48,396.24,822.54,396.18
818.39,369.05,818.05,368.69
822.87,398.24,823.19,400.31
822.87,398.24,823.13,400.33
832.21,349.89,831.59,350.72
813.68,367.16,813.65,368.58
828.88,422.71,829.40,423.22
821.31,353.92,825.47,353.31
822.81,400.20,823.13,400.33
822.87,398.24,822.26,396.72
826.97,379.94,827.18,380.82
813.85,368.29,815.25,369.49
824.53,349.78,824.53,350.83
822.51,399.86,822.81,400.20
827.18,380.82,827.50,381.52
825.49,349.85,824.53,349.78
822.07,398.02,822.11,397.34
825.85,381.29,826.33,382.33
815.25,369.49,816.82,370.45
811.82,371.18,814.92,373.34
822.28,399.35,822.51,399.86
831.44,420.02,832.13,419.52
826.26,350.29,825.67,350.24
822.12,398.72,822.07,398.02
822.87,398.24,822.07,398.02
830.38,416.32,830.25,416.29
825.26,415.22,825.49,415.24
829.05,390.37,827.90,390.88
816.70,381.10,816.75,380.44
824.91,392.78,824.03,391.79
826.35,418.45,826.42,418.90
825.13,414.50,825.50,413.79
816.45,368.41,816.87,366.46
830.18,366.20,829.06,368.03
825.13,414.50,825.26,413.77
818.01,373.66,818.10,373.77
825.13,414.50,825.08,414.03
815.35,378.68,816.56,379.16
825.62,394.29,824.91,392.78
825.76,394.23,825.04,392.69
829.99,430.78,830.32,430.76
827.54,412.48,827.77,412.50
827.70,428.11,828.51,428.46
818.94,352.04,820.25,351.23
827.53,413.93,827.34,413.64
827.53,413.93,827.40,413.22
828.76,421.99,828.63,421.95
829.82,412.64,830.06,412.66
829.70,411.92,830.25,412.40
829.70,411.92,830.33,411.95
830.94,415.90,831.01,416.36
829.70,411.92,830.07,411.20
801.72,383.88,800.37,384.85
820.76,348.21,821.18,349.29
829.63,412.34,829.56,411.89
829.70,411.92,829.56,411.89
807.55,360.00,809.96,358.08
829.82,412.64,829.63,412.34
829.70,411.92,829.63,412.34
826.35,419.34,826.16,419.60
831.19,364.25,830.36,366.25
826.42,418.90,826.35,419.34
829.93,445.87,826.94,413.09
825.80,418.86,826.35,419.34
825.80,418.86,826.42,418.90
829.08,365.76,829.06,368.03
826.17,418.15,826.35,418.45
827.02,422.82,827.09,423.28
818.39,369.05,816.89,369.96
825.80,418.86,826.17,418.15
828.04,367.46,827.19,369.64
825.74,418.39,825.93,418.13
825.80,418.86,825.93,418.13
825.67,418.83,825.74,418.39
825.80,418.86,825.74,418.39
827.18,369.72,825.56,371.04
825.74,419.28,825.67,418.83
818.26,380.49,818.34,380.62
824.19,392.18,825.57,391.16
816.55,355.84,817.59,357.51
828.63,418.08,828.44,418.34
814.77,380.49,818.26,380.49
826.99,392.35,826.64,391.29
828.71,417.64,828.63,418.08
814.58,380.61,814.77,380.49
827.21,392.31,826.89,391.26
814.98,358.46,815.62,359.05
827.40,413.22,827.77,412.50
828.63,417.18,828.71,417.64
828.08,417.60,828.71,417.64
823.12,393.71,824.38,392.14
812.94,377.90,812.66,377.86
828.45,416.88,828.63,417.18
828.08,417.60,828.63,417.18
820.56,351.84,821.89,351.29
829.32,421.58,829.39,422.04
828.08,417.60,828.45,416.88
827.20,393.98,826.99,392.35
828.02,417.12,828.21,416.86
820.56,351.84,821.89,351.29
828.08,417.60,828.21,416.86
814.77,380.49,814.58,380.61
827.43,393.96,827.21,392.31
827.95,417.56,828.02,417.12
820.56,351.84,821.68,350.64
828.08,417.60,828.02,417.12
828.02,418.02,827.95,417.56
823.99,347.88,823.98,348.42
828.08,417.60,827.95,417.56
815.68,382.54,815.38,381.97
828.21,418.31,828.02,418.02
823.37,309.04,829.02,318.83
811.68,361.89,814.39,360.95
828.08,417.60,828.02,418.02
784.62,373.36,783.24,373.58
818.26,379.24,819.31,371.86
811.95,363.76,812.12,363.74
828.21,418.31,828.08,417.60
817.29,358.74,817.59,357.51
830.94,416.80,830.75,417.06
811.42,365.51,812.41,367.13
831.01,416.36,830.94,416.80
830.38,416.32,830.94,416.80
812.15,367.21,813.40,368.67
830.75,415.60,830.94,415.90
830.51,415.58,830.75,415.60
831.63,420.32,831.70,420.78
830.38,416.32,830.75,415.60
830.38,416.32,830.51,415.58
825.13,414.50,825.49,415.24
813.84,373.09,816.97,373.20
830.32,416.74,830.25,416.29
830.39,356.87,830.80,356.87
830.51,417.04,830.32,416.74
815.88,373.49,815.94,373.60
830.38,416.32,830.32,416.74
827.02,423.72,826.83,423.98
826.47,423.24,827.02,423.72
821.88,403.76,822.75,404.85
826.84,422.53,827.02,422.82
820.05,367.19,820.15,367.02
822.10,403.87,822.94,404.93
824.28,381.21,826.03,381.52
819.61,373.57,821.76,372.97
826.60,422.50,826.84,422.53
819.46,371.33,820.05,367.19
821.75,397.91,822.28,395.72
826.42,422.76,826.60,422.50
819.54,371.30,819.46,371.33
821.57,397.90,822.10,395.70
819.06,372.11,823.70,372.25
826.34,423.20,826.42,422.76
821.50,400.13,821.75,397.91
826.60,423.95,826.47,423.24
829.31,422.48,829.12,422.74
830.75,435.68,830.67,435.22
828.76,421.99,829.12,422.74
812.56,377.75,812.66,377.86
828.76,421.99,829.31,422.48
825.04,381.44,814.49,380.88
828.76,421.99,829.39,422.04
828.89,421.25,829.13,421.28
828.76,421.99,829.13,421.28
828.63,421.95,828.70,421.51
827.82,432.03,827.69,431.98
831.20,421.46,831.43,421.48
831.07,420.73,831.63,421.22
830.72,389.42,829.13,389.72
829.06,436.04,829.13,436.50
831.07,420.73,831.44,420.02
829.31,440.14,829.55,440.17
831.37,434.86,831.44,435.32
829.18,440.88,829.55,440.17
828.04,352.54,828.58,351.98
829.31,441.60,829.12,441.29
827.09,428.04,827.02,427.58
831.50,439.72,831.86,440.48
831.50,439.72,832.06,440.23
828.38,431.62,828.45,432.08
831.50,439.72,831.87,439.01
831.44,439.23,831.63,438.98
816.72,349.19,818.01,349.15
831.50,439.72,831.63,438.98
830.38,416.32,830.75,417.06
831.43,440.13,831.36,439.67
830.51,417.04,830.75,417.06
816.72,349.19,815.09,350.18
831.50,439.72,831.36,439.67
831.50,439.72,831.43,440.13
831.62,440.44,831.50,439.72
822.34,358.32,822.86,358.25
829.44,426.40,829.31,426.36
828.63,437.16,828.86,437.20
829.05,436.94,828.86,437.20
815.41,373.47,817.78,372.69
829.38,426.82,829.31,426.36
828.50,436.45,828.86,437.20
829.13,436.50,829.05,436.94
814.33,382.36,814.98,382.72
815.41,373.47,817.54,373.64
828.50,436.45,829.05,436.94
825.82,355.80,829.71,353.76
828.50,436.45,829.06,436.04
828.37,436.40,828.44,435.96
826.60,423.95,826.83,423.98
804.52,362.14,804.33,360.00
828.50,436.45,828.37,436.40
828.50,436.45,828.44,436.86
831.44,435.32,831.37,435.77
833.11,347.87,820.61,348.24
831.18,434.55,831.37,434.86
830.94,434.52,831.18,434.55
830.75,434.78,830.94,434.52
827.95,432.74,828.18,432.77
828.45,432.08,828.37,432.52
804.12,363.13,804.39,364.25
827.82,432.03,828.38,431.62
824.00,352.04,822.77,352.33
822.97,398.66,823.31,396.81
827.96,431.29,828.19,431.32
830.00,425.99,830.07,426.45
813.10,371.23,813.24,371.16
827.82,432.03,828.19,431.32
818.35,379.25,818.35,380.06
824.56,401.76,823.58,409.81
827.76,431.54,827.96,431.29
831.69,362.15,831.19,364.25
827.95,432.74,827.82,432.03
829.85,363.92,829.08,365.76
830.68,431.32,830.49,431.58
821.42,395.23,821.76,394.12
829.18,440.88,829.54,441.63
830.06,431.24,829.99,430.78
820.25,346.40,821.26,346.12
827.27,428.34,827.51,428.37
827.15,427.62,827.70,428.11
829.44,426.40,830.07,426.45
811.38,380.90,837.61,380.90
829.44,426.40,829.57,425.66
827.67,369.66,826.19,371.14
829.52,445.86,830.47,446.33
830.94,435.99,831.17,436.02
824.81,411.68,832.15,427.16
818.24,353.53,817.31,354.62
767.13,355.04,759.98,354.87
829.82,333.26,829.86,333.36
768.58,355.78,767.13,355.04
823.22,398.19,823.60,400.58
762.99,355.85,768.58,355.78
815.95,371.68,815.78,371.13
769.74,356.94,762.99,355.85
764.12,356.99,769.74,356.94
770.48,358.39,764.12,356.99
764.85,358.41,770.48,358.39
830.47,330.54,830.53,330.53
824.12,398.84,825.41,398.17
770.73,360.00,770.48,358.39
770.73,360.00,764.85,358.41
830.45,329.47,830.47,330.54
765.10,360.00,764.85,358.41
765.10,360.00,770.73,360.00
830.39,329.52,830.45,329.47
770.48,361.61,770.73,360.00
764.85,361.58,770.48,361.61
769.74,363.06,764.85,361.58
764.12,363.01,769.74,363.06
829.82,327.91,829.86,327.80
768.58,364.21,769.74,363.06
768.58,364.21,764.12,363.01
829.40,327.34,829.82,327.91
762.99,364.15,764.12,363.01
762.99,364.15,768.58,364.21
811.38,380.90,814.58,380.06
829.38,327.47,829.40,327.34
767.13,364.95,768.58,364.21
767.13,364.95,762.99,364.15
828.90,327.22,829.38,327.47
761.56,364.88,762.99,364.15
761.56,364.88,767.13,364.95
828.39,327.42,828.90,327.35
759.98,365.13,761.56,364.88
759.98,365.13,765.52,365.21
828.41,327.55,828.39,327.42
763.91,364.95,765.52,365.21
763.91,364.95,759.98,365.13
827.94,327.95,828.41,327.55
758.39,364.88,759.98,365.13
825.80,394.70,825.24,394.06
758.39,364.88,763.91,364.95
827.98,328.05,827.94,327.95
762.46,364.21,763.91,364.95
824.49,394.33,823.87,393.63
828.22,333.63,827.84,332.86
762.46,364.21,758.39,364.88
827.58,328.73,827.98,328.05
756.96,364.15,758.39,364.88
828.03,333.61,827.65,332.84
756.96,364.15,762.46,364.21
827.63,328.80,827.58,328.73
823.39,394.98,824.62,394.65
761.31,363.06,762.46,364.21
761.31,363.06,756.96,364.15
827.35,329.70,827.63,328.80
755.83,363.01,756.96,364.15
750.95,365.87,751.85,362.33
755.83,363.01,761.31,363.06
824.81,411.68,834.50,422.36
827.41,329.74,827.35,329.70
760.57,361.61,761.31,363.06
824.81,411.68,831.92,407.59
760.57,361.61,755.83,363.01
827.27,330.76,827.41,329.74
822.45,399.00,823.05,397.99
755.10,361.58,755.83,363.01
755.10,361.58,760.57,361.61
827.33,330.76,827.27,330.76
760.31,360.00,760.57,361.61
760.31,360.00,755.10,361.58
827.35,331.82,827.33,330.76
754.85,360.00,755.10,361.58
823.13,399.06,822.67,399.91
760.57,358.39,754.85,360.00
827.58,332.75,827.41,331.77
755.10,358.41,754.85,360.00
755.10,358.41,760.57,358.39
827.63,332.67,827.58,332.75
761.31,356.94,760.57,358.39
761.31,356.94,755.10,358.41
825.71,391.02,824.38,392.14
828.39,333.95,828.41,333.82
762.46,355.78,761.31,356.94
814.98,379.22,815.96,371.86
822.64,396.12,822.97,395.42
762.46,355.78,755.83,356.99
756.96,355.85,762.46,355.78
823.34,396.00,823.68,395.26
763.91,355.04,762.46,355.78
756.96,355.85,763.91,355.04
822.12,398.72,822.67,399.91
758.39,355.12,763.91,355.04
827.31,378.11,829.28,378.17
754.85,360.00,760.31,360.00
759.03,350.02,759.03,352.45
761.36,352.82,759.03,352.45
830.81,351.42,830.44,351.71
759.03,350.02,761.36,352.82
762.11,350.51,761.36,352.82
815.57,366.34,815.75,366.09
763.46,353.89,761.36,352.82
831.50,431.68,831.17,432.11
762.11,350.51,763.46,353.89
829.93,445.35,830.53,445.67
764.89,351.92,763.46,353.89
765.13,355.56,763.46,353.89
767.10,354.13,765.13,355.56
826.49,382.52,827.97,382.51
766.20,357.67,765.13,355.56
823.14,333.17,822.79,333.12
768.52,356.91,766.20,357.67
823.86,394.84,824.33,395.02
766.57,360.00,766.20,357.67
825.38,398.21,825.32,396.74
769.01,360.00,766.57,360.00
824.62,394.65,825.12,394.84
766.20,362.33,766.57,360.00
825.38,398.21,825.26,396.71
769.01,360.00,766.20,362.33
768.52,363.08,766.20,362.33
823.98,399.45,824.12,398.84
765.13,364.43,766.20,362.33
768.52,363.08,765.13,364.43
825.13,400.06,825.34,399.17
763.46,366.10,765.13,364.43
767.10,365.87,763.46,366.10
761.36,367.18,763.46,366.10
759.03,367.55,761.36,367.18
762.11,369.49,759.03,367.55
826.14,392.12,826.83,390.88
823.78,400.54,823.94,400.36
759.03,369.98,759.03,367.55
759.03,369.98,756.69,367.18
754.59,366.10,756.69,367.18
830.00,353.48,829.00,353.15
753.16,368.07,754.59,366.10
751.85,362.33,752.92,364.43
751.48,360.00,751.85,362.33
815.68,382.76,816.06,382.43
751.85,357.67,751.48,360.00
817.40,355.33,817.72,355.23
749.04,360.00,751.85,357.67
752.92,355.56,751.85,357.67
814.78,380.07,815.21,380.51
754.59,353.89,752.92,355.56
825.50,413.79,826.17,413.30
750.95,354.13,754.59,353.89
830.75,368.67,829.29,369.92
753.16,351.92,754.59,353.89
823.13,399.06,823.05,397.99
756.69,352.82,754.59,353.89
753.16,351.92,756.69,352.82
827.94,327.95,828.03,327.83
822.28,399.35,823.01,400.65
761.36,352.82,759.03,352.45
759.98,354.87,759.03,352.45
761.36,352.82,759.98,354.87
827.94,333.49,827.58,332.75
763.46,353.89,761.56,355.12
827.41,329.66,827.58,328.73
762.99,355.85,761.56,355.12
812.52,381.13,812.46,380.76
827.35,329.70,827.41,329.66
765.13,355.56,763.46,353.89
827.98,333.38,827.63,332.67
762.99,355.85,763.46,353.89
765.13,355.56,762.99,355.85
827.27,330.76,827.33,330.77
766.20,357.67,765.13,355.56
764.12,356.99,765.13,355.56
766.20,357.67,764.12,356.99
827.81,381.32,827.91,381.99
827.41,331.87,827.27,330.76
764.85,358.41,764.12,356.99
822.21,404.35,823.17,404.74
812.90,362.35,812.82,362.45
827.35,331.82,827.41,331.87
766.57,360.00,766.20,357.67
764.85,358.41,766.20,357.67
766.57,360.00,764.85,358.41
827.58,332.75,827.65,332.84
766.20,362.33,766.57,360.00
766.20,362.33,765.10,360.00
821.25,392.62,822.38,393.47
827.94,333.49,828.03,333.61
765.13,364.43,766.20,362.33
764.85,361.58,766.20,362.33
765.13,364.43,764.85,361.58
764.12,363.01,764.85,361.58
829.03,334.23,828.90,334.08
763.46,366.10,765.13,364.43
764.12,363.01,765.13,364.43
763.46,366.10,764.12,363.01
828.50,334.09,829.03,334.23
762.99,364.15,764.12,363.01
828.39,333.95,828.50,334.09
761.36,367.18,763.46,366.10
762.99,364.15,763.46,366.10
761.36,367.18,762.99,364.15
761.56,364.88,762.99,364.15
828.76,333.95,828.90,333.95
759.03,367.55,761.36,367.18
761.56,364.88,761.36,367.18
759.03,367.55,761.56,364.88
814.04,378.47,814.32,378.38
825.26,396.71,824.92,395.34
759.98,365.13,759.03,367.55
826.08,396.18,825.62,394.29
756.69,367.18,759.98,365.13
829.82,333.26,829.25,333.76
758.39,364.88,759.98,365.13
829.69,333.26,829.82,333.26
754.59,366.10,756.69,367.18
758.39,364.88,756.69,367.18
754.59,366.10,758.39,364.88
830.17,332.50,829.69,333.26
756.96,364.15,758.39,364.88
830.04,332.50,830.17,332.50
752.92,364.43,754.59,366.10
823.37,400.02,823.01,400.65
756.96,364.15,754.59,366.10
752.92,364.43,756.96,364.15
830.39,331.57,830.04,332.50
755.83,363.01,756.96,364.15
830.26,331.57,830.39,331.57
751.85,362.33,752.92,364.43
822.37,398.00,822.44,397.00
755.83,363.01,752.92,364.43
815.44,357.77,815.63,357.98
822.07,398.02,822.11,397.34
751.85,362.33,755.83,363.01
830.47,330.54,830.26,331.57
755.10,361.58,755.83,363.01
830.34,330.54,830.47,330.54
751.48,360.00,751.85,362.33
815.56,360.25,815.74,360.44
816.13,357.85,816.30,358.05
755.10,361.58,751.85,362.33
830.16,386.64,826.57,381.52
751.48,360.00,755.10,361.58
830.39,329.52,830.34,330.54
754.85,360.00,755.10,361.58
754.85,360.00,751.48,360.00
830.17,328.61,830.26,329.52
755.10,358.41,754.85,360.00
830.04,328.61,830.17,328.61
752.92,355.56,751.85,357.67
755.10,358.41,751.85,357.67
829.82,327.91,830.04,328.61
820.76,348.21,820.83,348.05
755.83,356.99,755.10,358.41
755.83,356.99,752.92,355.56
814.61,358.70,814.40,358.65
758.39,355.12,759.98,354.87
829.06,368.03,827.67,369.66
822.75,404.85,822.29,404.45
826.57,381.52,826.03,381.52
828.76,327.35,829.25,327.47
758.39,355.12,759.03,352.45
825.04,381.44,826.57,381.52
828.41,327.55,828.90,327.35
756.69,352.82,754.59,353.89
756.96,355.85,754.59,353.89
828.41,327.55,828.76,327.35
756.69,352.82,756.96,355.85
756.69,352.82,758.39,355.12
814.47,382.40,814.20,382.08
815.08,378.36,816.07,378.36
821.41,403.43,821.33,403.34
759.03,350.02,762.34,349.98
823.98,371.58,822.07,372.27
759.08,349.46,762.63,349.59
820.64,401.83,821.33,403.34
759.08,349.46,762.34,349.98
822.80,364.41,823.57,365.31
759.46,348.89,762.89,349.44
820.25,399.99,820.64,401.83
816.73,365.80,817.28,365.40
759.24,349.05,762.63,349.59
765.28,351.47,762.11,350.51
807.55,362.17,807.72,362.16
814.50,360.09,814.70,360.00
813.84,381.00,813.41,380.34
813.97,380.77,814.26,380.77
764.89,351.92,762.11,350.51
827.63,328.80,827.84,328.05
762.63,349.59,762.34,349.98
828.45,328.68,829.69,327.91
765.68,351.14,762.34,349.98
765.28,351.47,762.34,349.98
828.39,333.95,827.94,333.49
762.63,349.59,762.89,349.44
827.28,329.74,827.50,328.80
765.99,351.02,762.63,349.59
765.28,351.47,764.89,351.92
827.33,330.76,827.28,329.74
765.68,351.14,765.28,351.47
765.68,351.14,765.99,351.02
827.28,331.77,827.20,330.76
768.44,353.47,765.68,351.14
768.52,356.91,767.10,354.13
827.13,328.78,827.84,328.05
769.65,356.62,767.61,353.80
829.35,370.68,805.66,378.43
770.02,356.57,768.44,353.47
768.10,353.56,768.44,353.47
770.02,356.57,768.10,353.56
769.62,360.00,768.52,356.91
827.98,333.38,828.41,333.82
769.65,356.62,769.11,356.74
826.72,329.99,827.28,329.74
770.19,360.00,769.11,356.74
769.65,356.62,770.02,356.57
840.43,391.08,823.08,391.08
770.56,360.00,769.65,356.62
769.62,360.00,769.01,360.00
829.25,333.76,827.79,333.02
770.19,360.00,769.62,360.00
770.19,360.00,770.56,360.00
769.11,363.26,768.52,363.08
767.61,366.19,768.52,363.08
767.10,365.87,768.52,363.08
768.44,366.53,770.02,363.43
769.65,363.38,770.02,363.43
828.86,331.31,828.70,331.98
768.44,366.53,769.65,363.38
767.61,366.19,767.10,365.87
765.28,368.52,767.10,365.87
824.51,381.44,813.96,380.88
830.34,330.54,828.86,331.31
768.10,366.43,767.61,366.19
765.99,368.98,768.44,366.53
824.51,381.44,826.03,381.52
768.10,366.43,768.44,366.53
828.86,329.84,828.92,330.57
827.73,384.07,826.51,385.10
765.99,368.98,768.10,366.43
765.28,368.52,764.89,368.07
827.79,384.58,826.43,385.63
762.11,369.49,764.89,368.07
813.84,381.00,813.45,380.96
830.04,328.61,828.86,329.84
765.68,368.86,765.28,368.52
813.98,381.60,813.58,381.52
762.89,370.56,765.99,368.98
813.84,381.00,813.58,381.52
765.68,368.86,765.99,368.98
828.45,328.68,828.70,329.18
823.05,394.71,822.36,395.79
762.89,370.56,765.68,368.86
762.34,370.02,762.11,369.49
759.08,370.54,762.11,369.49
829.25,327.47,828.45,328.68
762.63,370.41,762.34,370.02
759.46,371.10,762.89,370.56
762.63,370.41,762.89,370.56
827.79,328.27,828.14,328.36
759.46,371.10,762.63,370.41
759.08,370.54,759.03,369.98
828.28,327.55,827.79,328.27
759.24,370.95,759.08,370.54
756.03,370.56,759.46,371.10
759.24,370.95,759.46,371.10
827.13,328.78,827.44,328.42
756.03,370.56,759.24,370.95
755.86,370.41,759.24,370.95
755.83,370.02,755.94,369.49
752.89,368.52,755.94,369.49
827.50,328.80,827.13,328.78
755.86,370.41,755.83,370.02
752.89,368.52,755.83,370.02
752.93,368.98,756.03,370.56
827.84,333.38,827.50,332.67
755.86,370.41,756.03,370.56
826.72,329.99,826.88,329.32
752.93,368.98,755.86,370.41
752.89,368.52,753.16,368.07
750.56,366.19,753.16,368.07
811.29,380.88,811.38,380.90
750.95,365.87,753.16,368.07
827.20,330.76,826.72,329.99
752.81,368.86,752.89,368.52
750.47,366.53,752.93,368.98
837.61,380.90,818.34,380.62
826.72,331.46,826.67,330.73
750.47,366.53,752.81,368.86
750.56,366.19,750.95,365.87
749.06,363.26,750.95,365.87
749.53,363.08,750.95,365.87
827.50,332.67,826.72,331.46
750.38,366.43,750.56,366.19
748.90,363.43,750.47,366.53
827.13,332.61,826.88,332.11
748.90,363.43,750.38,366.43
770.02,356.57,768.44,353.47
748.55,360.00,749.53,363.08
828.28,333.82,827.84,333.38
749.04,360.00,749.53,363.08
827.44,332.93,827.13,332.61
748.83,363.38,749.06,363.26
748.55,360.00,749.06,363.26
748.35,360.00,748.83,363.38
748.55,360.00,749.04,360.00
828.45,332.53,827.99,332.65
748.29,360.00,748.55,360.00
826.87,331.95,826.88,332.11
748.83,356.62,748.55,360.00
792.54,384.35,791.28,384.74
811.94,368.37,811.83,368.39
749.06,356.74,748.55,360.00
828.49,331.84,828.27,332.33
748.90,356.57,748.29,360.00
748.83,356.62,748.29,360.00
756.03,370.56,759.46,371.10
750.56,353.80,749.53,356.91
814.20,382.08,813.58,381.52
827.09,332.40,827.13,332.61
750.38,353.56,749.06,356.74
828.69,330.58,828.64,331.24
750.47,353.47,748.83,356.62
752.81,351.14,750.56,353.80
811.14,354.43,810.41,356.21
811.83,368.39,812.01,368.25
813.84,379.68,813.58,379.17
752.93,351.02,750.47,353.47
828.49,329.34,828.64,329.92
752.93,351.02,750.38,353.56
755.83,349.98,753.16,351.92
755.83,349.98,752.89,351.47
756.03,349.44,752.93,351.02
752.81,351.14,752.93,351.02
826.97,378.03,827.24,378.99
755.86,349.59,752.81,351.14
827.68,328.53,827.99,328.61
759.24,349.05,759.08,349.46
827.68,328.53,827.79,328.27
759.24,349.05,755.83,349.98
759.08,349.46,759.03,350.02
827.79,328.27,827.99,328.61
755.94,350.51,759.08,349.46
755.83,349.98,759.08,349.46
827.13,328.78,827.44,328.42
755.86,349.59,759.24,349.05
759.46,348.89,759.24,349.05
756.03,349.44,759.46,348.89
827.15,427.62,827.02,427.58
831.62,440.44,831.86,440.48
806.92,347.86,759.46,348.89
820.96,323.48,820.71,323.65
827.75,369.39,829.18,368.79
814.81,347.86,762.89,349.44
818.37,349.67,768.44,353.47
768.44,353.47,765.99,351.02
821.20,352.49,770.02,356.57
821.20,352.49,768.44,353.47
830.94,426.49,830.81,427.24
823.01,356.05,770.56,360.00
823.01,356.05,770.02,356.57
770.56,360.00,770.02,356.57
825.54,321.38,821.49,324.56
823.64,360.00,770.56,360.00
770.02,363.43,770.56,360.00
823.01,363.94,768.44,366.53
823.01,363.94,770.02,363.43
768.44,366.53,770.02,363.43
749.06,356.74,749.04,360.00
765.99,368.98,768.44,366.53
818.37,370.33,762.89,370.56
818.37,370.33,765.99,368.98
762.89,370.56,765.99,368.98
814.81,372.14,759.46,371.10
801.72,383.88,800.42,384.63
820.76,348.21,820.88,349.25
829.80,427.15,830.48,427.68
812.66,366.89,813.85,368.29
829.70,411.92,829.64,411.44
759.46,371.10,762.89,370.56
830.62,341.09,829.76,341.71
810.87,372.77,759.46,371.10
806.92,372.14,752.93,368.98
806.92,372.14,756.03,370.56
811.43,379.51,811.37,380.32
814.40,359.64,814.50,360.09
752.93,368.98,756.03,370.56
829.12,370.78,830.50,367.98
803.37,370.33,750.47,366.53
830.16,386.64,815.38,381.97
813.58,379.17,813.45,379.72
826.12,400.32,825.28,399.70
803.37,370.33,752.93,368.98
750.47,366.53,752.93,368.98
813.79,378.74,813.58,379.17
824.48,402.07,825.00,403.60
800.54,367.50,748.90,363.43
748.90,363.43,750.47,366.53
825.68,402.16,824.48,402.07
798.73,363.94,748.35,360.00
825.68,402.16,825.00,403.60
798.73,363.94,748.90,363.43
752.89,351.47,750.95,354.13
748.35,360.00,748.90,363.43
748.90,356.57,748.35,360.00
798.73,356.05,750.47,353.47
798.73,356.05,748.90,356.57
800.54,352.49,752.93,351.02
758.39,355.12,756.96,355.85
800.54,352.49,750.47,353.47
752.93,351.02,750.47,353.47
806.92,347.86,756.03,349.44
803.37,349.67,752.93,351.02
756.03,349.44,752.93,351.02
819.45,355.54,819.45,360.72
828.19,376.31,830.13,376.49
823.00,337.35,821.98,335.56
803.66,360.00,804.27,362.13
808.16,349.25,811.66,348.69
823.58,349.85,823.77,350.24
825.54,371.12,823.70,372.25
823.13,400.33,823.19,400.31
810.96,347.30,808.16,349.25
815.15,349.25,811.66,348.69
810.96,347.30,811.66,348.69
818.30,350.85,815.15,349.25
813.96,380.88,813.97,380.77
830.17,332.50,829.82,333.26
824.68,401.52,825.18,401.38
824.76,395.51,825.10,396.24
814.88,347.92,815.15,349.25
824.19,392.18,825.37,391.20
820.80,353.35,818.30,350.85
816.55,338.74,816.45,337.37
830.63,357.85,830.42,357.85
821.23,352.54,818.30,350.85
822.41,356.50,820.80,353.35
755.86,349.59,755.83,349.98
822.96,360.00,822.41,356.50
822.41,363.49,822.96,360.00
818.50,337.26,819.72,340.81
823.03,363.92,822.96,360.00
820.80,366.64,822.41,363.49
818.50,337.26,816.84,339.97
825.26,368.07,824.71,369.20
823.03,363.92,822.41,363.49
818.30,369.15,820.80,366.64
815.15,370.75,818.30,369.15
818.28,342.04,817.69,340.79
826.25,369.75,826.14,369.07
814.88,372.07,818.30,369.15
827.44,332.93,828.76,333.95
818.42,370.27,818.30,369.15
815.15,370.75,811.66,371.31
826.91,367.43,830.05,367.42
814.88,372.07,815.15,370.75
808.16,370.75,811.66,371.31
805.01,369.15,808.16,370.75
827.75,369.39,826.25,369.75
827.88,367.32,828.05,367.15
803.49,370.27,808.16,370.75
802.51,366.64,805.01,369.15
800.68,367.46,805.01,369.15
798.88,363.92,802.51,366.64
800.68,367.46,802.51,366.64
800.35,360.00,800.90,363.49
798.88,363.92,800.90,363.49
832.13,365.40,830.96,365.70
798.88,356.08,800.35,360.00
832.95,304.64,828.10,306.93
798.26,360.00,800.35,360.00
802.51,353.35,800.90,356.50
828.89,421.25,829.09,421.18
803.49,349.73,802.51,353.35
831.20,366.49,830.10,367.43
800.68,352.54,802.51,353.35
807.03,347.92,808.16,349.25
827.09,332.40,826.87,331.95
805.01,350.85,808.16,349.25
823.58,350.91,823.58,349.85
822.26,396.72,822.48,396.24
825.63,321.23,820.18,321.87
807.03,347.92,805.01,350.85
833.33,401.09,826.10,401.09
803.49,349.73,805.01,350.85
828.70,422.41,829.40,423.22
810.96,347.30,814.88,347.92
810.87,347.23,814.88,347.92
833.32,400.75,826.09,400.75
828.14,432.74,828.02,431.96
810.87,347.23,814.81,347.86
818.42,349.73,814.88,347.92
830.38,416.32,830.32,415.84
827.44,332.93,827.79,333.02
814.81,347.86,814.88,347.92
818.42,349.73,814.81,347.86
818.37,349.67,814.81,347.86
821.23,352.54,818.42,349.73
818.37,349.67,818.42,349.73
823.01,356.05,821.20,352.49
813.98,379.09,813.58,379.17
823.65,360.00,823.03,356.08
823.01,356.05,823.03,356.08
823.65,360.00,823.01,356.05
828.92,330.57,828.86,331.31
756.69,352.82,759.03,352.45
823.03,363.92,823.65,360.00
823.03,363.92,823.64,360.00
755.86,349.59,752.89,351.47
823.01,363.94,823.64,360.00
826.47,423.24,826.42,422.76
821.23,367.46,823.01,363.94
821.20,367.50,821.23,367.46
821.59,402.17,822.10,403.87
828.50,334.09,829.22,334.26
818.42,370.27,821.20,367.50
828.70,334.11,829.22,334.26
818.37,370.33,821.20,367.50
814.88,372.07,818.42,370.27
818.37,370.33,818.42,370.27
814.88,372.07,818.37,370.33
810.96,372.69,814.88,372.07
814.81,372.14,814.88,372.07
810.96,372.69,814.81,372.14
810.87,372.77,814.81,372.14
821.83,397.94,821.50,400.13
810.96,372.69,810.87,372.77
807.03,372.07,810.96,372.69
810.87,372.77,810.96,372.69
826.01,390.58,825.71,391.02
807.03,372.07,810.87,372.77
828.76,421.99,828.70,421.51
806.92,372.14,807.03,372.07
803.49,370.27,806.92,372.14
800.68,367.46,803.49,370.27
803.37,370.33,803.49,370.27
800.68,367.46,803.37,370.33
800.54,367.50,803.37,370.33
798.88,363.92,800.68,367.46
828.90,389.14,827.86,389.10
800.54,367.50,800.68,367.46
798.88,363.92,800.54,367.50
798.73,363.94,800.54,367.50
803.86,377.84,803.71,378.34
798.26,360.00,798.88,363.92
798.73,363.94,798.88,363.92
829.68,391.72,829.39,390.59
798.26,360.00,798.73,363.94
798.88,356.08,798.26,360.00
798.10,360.00,798.26,360.00
798.88,356.08,798.10,360.00
798.73,356.05,798.10,360.00
830.72,389.42,828.90,389.14
831.07,420.73,831.20,419.99
800.68,352.54,798.88,356.08
823.75,399.94,823.69,400.00
798.73,356.05,798.88,356.08
831.07,420.73,831.01,420.25
800.68,352.54,798.73,356.05
831.20,388.82,830.27,388.64
803.49,349.73,800.68,352.54
800.54,352.49,800.68,352.54
803.49,349.73,800.54,352.49
803.37,349.67,800.54,352.49
803.37,349.67,803.49,349.73
816.30,358.05,816.44,358.35
814.20,378.63,813.58,379.17
806.92,347.86,803.37,349.67
824.83,391.80,825.93,390.67
806.92,347.86,810.87,347.23
810.96,347.30,810.87,347.23
814.20,378.63,813.79,378.74
806.92,347.86,810.96,347.30
807.03,347.92,810.96,347.30
806.92,347.86,807.03,347.92
828.41,302.83,828.49,302.64
830.24,406.21,832.68,405.53
821.56,325.49,821.36,325.39
805.35,351.20,802.94,353.61
805.35,351.20,802.51,353.35
805.01,350.85,802.51,353.35
800.90,356.50,802.51,353.35
802.94,353.61,802.51,353.35
800.90,356.50,802.94,353.61
829.18,440.88,829.31,440.14
801.40,356.64,802.94,353.61
800.35,360.00,800.90,356.50
829.18,440.88,829.12,440.39
801.40,356.64,800.90,356.50
800.35,360.00,801.40,356.64
800.87,360.00,801.40,356.64
801.40,363.36,800.87,360.00
801.40,363.36,800.90,363.49
802.51,366.64,801.40,363.36
808.16,370.75,805.01,369.15
828.41,333.82,828.90,334.08
808.16,370.75,805.35,368.79
838.38,396.72,821.12,396.72
808.38,370.34,808.16,370.75
816.72,349.19,816.38,350.15
831.50,439.72,831.44,439.23
828.19,381.75,827.81,381.32
811.74,370.87,808.38,370.34
827.50,381.52,826.88,382.96
818.30,369.15,815.15,370.75
818.30,369.15,815.10,370.34
814.50,360.09,814.67,360.44
821.63,393.46,822.86,390.93
818.13,368.79,818.30,369.15
820.80,366.64,818.13,368.79
820.53,366.39,818.13,368.79
822.41,363.49,820.80,366.64
820.53,366.39,820.80,366.64
826.30,389.08,832.89,389.54
822.41,363.49,820.53,366.39
815.19,382.07,814.98,382.72
822.96,360.00,822.08,363.36
814.33,382.36,814.98,382.72
822.61,360.00,822.08,363.36
822.41,356.50,822.61,360.00
815.08,382.44,814.32,382.39
822.08,356.64,822.61,360.00
820.80,353.35,822.08,356.64
820.53,353.61,820.80,353.35
818.30,350.85,820.53,353.61
818.13,351.20,818.30,350.85
815.15,349.25,818.13,351.20
815.10,349.66,815.15,349.25
830.81,435.27,830.75,434.78
811.66,348.69,815.10,349.66
805.01,350.85,808.16,349.25
805.35,351.20,808.38,349.66
805.01,350.85,805.35,351.20
822.97,398.66,821.99,398.22
830.78,356.87,830.67,356.87
830.20,356.87,830.78,356.87
830.80,356.87,830.78,356.87
804.04,363.13,804.48,363.13
804.12,363.13,804.31,363.13
827.11,424.46,827.51,424.50
804.57,364.21,804.31,363.13
813.65,368.58,814.92,368.61
750.95,365.87,752.92,364.43
802.77,366.57,803.91,367.91
804.48,356.87,804.27,357.87
805.71,356.08,804.27,357.87
805.71,356.08,805.25,358.01
817.72,355.23,819.61,355.21
830.90,362.13,829.85,363.92
830.31,361.98,829.85,363.92
803.37,370.33,806.92,372.14
818.19,362.38,819.03,363.41
828.63,417.18,829.45,416.90
822.23,372.99,823.54,371.30
827.83,369.73,831.07,369.81
830.67,356.87,830.78,356.87
823.23,327.40,836.22,324.66
827.16,418.17,827.28,418.94
818.94,372.03,819.06,372.11
830.12,430.83,830.26,430.08
829.32,308.43,829.02,318.83
816.72,349.19,815.09,350.18
830.52,355.78,830.78,356.87
830.54,364.25,830.80,363.13
803.50,362.15,804.04,363.13
803.50,362.15,803.74,363.13
813.50,356.42,813.79,355.97
804.27,362.13,804.48,363.13
803.33,360.00,803.83,362.15
828.28,333.82,828.76,333.95
804.11,360.00,804.27,362.13
788.52,373.64,789.17,373.78
812.82,362.14,812.90,362.35
815.57,381.69,814.86,382.03
818.42,349.73,815.15,349.25
803.50,357.85,803.66,360.00
799.96,355.83,800.79,353.83
830.39,356.87,830.63,357.85
804.11,360.00,803.66,360.00
832.49,424.02,824.81,411.68
827.15,427.62,827.51,426.92
803.74,356.87,804.04,356.87
827.15,427.62,827.28,426.89
803.74,356.87,803.83,357.85
822.97,398.22,823.29,400.28
804.48,356.87,804.04,356.87
804.12,356.87,804.48,356.87
813.64,356.19,835.62,355.96
804.48,356.87,804.31,356.87
823.82,327.60,836.06,327.60
830.20,363.13,830.67,363.13
825.77,415.72,825.45,415.23
830.42,362.15,830.20,363.13
830.90,362.13,830.20,363.13
817.38,384.58,818.02,384.07
817.13,355.29,817.48,355.24
817.13,355.29,817.49,355.18
830.42,362.15,830.39,363.13
831.06,360.00,830.42,362.15
828.05,411.98,828.45,412.01
830.58,360.00,830.42,362.15
820.18,334.53,819.72,333.57
830.58,360.00,830.63,362.15
824.51,381.44,813.96,380.88
826.71,367.60,827.88,367.32
830.42,357.85,830.58,360.00
811.80,380.73,812.52,381.13
830.90,357.87,831.06,360.00
830.42,357.85,830.80,360.00
813.82,380.44,816.74,380.43
816.55,336.00,816.84,334.74
830.67,356.87,830.20,356.87
803.83,357.85,803.66,360.00
821.23,352.54,820.80,353.35
830.63,357.85,830.20,356.87
829.14,366.70,831.19,367.14
823.37,321.15,823.37,320.32
830.41,328.44,830.65,329.42
823.40,397.94,823.08,395.89
817.29,340.93,816.84,339.97
830.24,327.65,830.62,328.42
823.36,397.92,823.04,395.86
830.05,367.42,831.19,367.14
818.50,341.72,819.14,341.48
828.05,367.15,831.19,367.14
829.00,366.85,830.15,366.08
829.00,366.85,829.14,366.70
827.54,368.74,827.75,367.67
830.15,366.08,829.14,366.70
815.57,379.16,815.20,379.81
825.66,369.14,826.25,369.75
825.73,367.52,828.87,367.51
826.71,367.60,828.05,367.15
826.91,367.43,828.05,367.15
827.65,328.65,827.84,328.63
823.13,398.21,822.85,395.81
830.03,366.22,831.05,365.32
822.07,333.69,821.47,332.44
830.94,323.64,831.20,323.78
830.00,366.53,829.00,366.85
825.73,367.52,828.87,367.51
826.71,367.60,826.91,367.43
825.50,367.69,826.91,367.43
831.81,364.42,831.05,365.32
830.94,365.44,830.03,366.22
830.00,366.53,830.94,365.44
817.18,337.41,817.31,335.61
830.10,367.43,828.92,367.19
829.87,437.30,829.54,437.73
818.50,337.26,820.18,334.53
825.26,368.07,826.71,367.60
818.50,337.26,818.50,332.79
825.26,368.07,825.50,367.69
826.71,367.60,825.50,367.69
824.30,367.60,825.73,367.52
828.87,368.18,828.92,367.19
823.76,369.14,824.71,369.20
827.75,367.67,828.87,368.18
829.88,435.77,830.00,436.55
831.03,417.55,831.43,417.59
827.54,368.74,828.87,368.18
823.65,360.00,822.41,356.50
819.87,337.26,820.71,342.76
810.96,372.69,811.66,371.31
830.20,309.86,830.21,318.84
830.50,367.98,829.18,368.79
825.47,366.69,826.55,367.14
823.41,367.15,826.55,367.14
817.69,333.98,818.28,332.65
823.41,367.15,825.47,366.69
821.65,369.39,821.87,368.74
824.30,367.60,824.55,367.43
823.13,367.32,824.55,367.43
828.51,428.46,828.18,428.90
823.41,367.15,824.55,367.43
828.63,427.72,828.51,428.46
824.30,367.60,825.50,367.69
825.26,368.07,825.50,367.69
825.26,368.07,824.30,367.60
822.86,320.87,821.18,320.87
826.52,367.97,825.26,368.07
825.66,369.14,825.26,368.07
826.52,367.97,827.75,367.67
833.07,302.64,828.49,302.64
825.76,394.23,825.04,392.69
826.14,369.07,827.54,368.74
822.86,324.66,836.22,324.66
824.80,400.76,824.07,400.38
829.18,368.79,828.87,368.18
830.81,427.24,830.48,427.68
831.78,364.74,831.73,364.52
827.31,379.87,827.50,380.67
831.43,421.48,832.12,422.01
824.53,350.83,825.49,350.91
822.11,397.34,822.26,396.72
818.28,332.65,819.03,331.78
830.96,365.70,831.20,366.49
831.68,366.97,830.50,367.98
830.10,367.43,830.50,367.98
820.51,324.08,820.44,324.65
822.32,366.70,825.47,366.69
818.50,337.26,816.45,337.37
822.32,366.70,824.46,366.07
823.13,367.32,824.30,367.60
823.99,367.97,824.30,367.60
815.26,368.93,816.57,368.81
823.76,369.14,825.26,368.07
822.59,337.10,822.46,335.30
824.71,369.20,825.26,368.07
815.26,368.93,824.30,369.14
823.76,369.14,824.71,369.20
827.43,320.08,825.63,321.23
826.14,369.07,827.54,368.74
826.25,369.75,827.54,368.74
827.75,369.39,827.54,368.74
826.25,369.75,827.75,369.39
826.43,344.02,826.16,344.05
822.86,346.29,822.90,346.19
831.78,364.74,832.13,365.40
817.31,339.19,817.18,337.41
831.68,366.97,831.20,366.49
827.18,380.82,826.33,382.33
813.56,371.05,814.92,373.34
832.13,365.40,831.20,366.49
822.75,341.33,822.79,341.53
832.13,365.40,831.68,366.97
786.83,382.71,785.51,382.63
816.24,354.33,815.22,356.20
831.44,420.02,831.72,419.48
822.12,398.72,822.28,399.35
823.57,365.31,824.46,366.07
831.20,419.99,831.72,419.48
827.76,350.64,826.26,350.29
822.87,398.24,822.28,399.35
821.31,366.08,824.46,366.07
822.01,366.85,822.32,366.70
819.41,395.84,819.31,395.75
822.80,355.59,822.18,356.59
820.98,366.22,822.32,366.70
819.33,367.59,819.72,367.91
831.20,419.99,831.39,419.92
822.87,398.24,822.12,398.72
821.31,366.08,822.32,366.70
817.69,340.79,817.31,339.19
825.66,369.14,824.71,369.20
815.76,380.44,815.20,381.05
824.53,369.20,825.66,369.14
821.13,334.10,820.60,332.99
830.19,341.59,830.33,341.60
825.48,369.13,825.66,369.14
822.86,324.66,822.45,328.18
824.53,369.20,825.48,369.13
825.66,369.14,825.65,369.79
829.86,333.36,829.40,333.88
822.64,396.12,822.97,395.42
807.03,372.07,808.16,370.75
825.48,370.14,825.48,369.13
825.65,369.79,825.66,369.14
821.56,324.61,821.56,325.49
827.75,369.39,829.18,368.79
829.12,370.78,829.18,368.79
829.12,370.78,827.75,369.39
830.74,369.79,830.50,367.98
814.92,379.24,816.36,372.30
830.74,369.79,829.12,370.78
830.69,369.85,829.12,370.78
820.41,365.32,823.57,365.31
823.17,395.72,823.08,395.89
818.50,337.26,817.87,333.05
820.41,365.32,822.80,364.41
822.19,404.11,822.94,404.93
752.92,364.43,754.59,366.10
833.89,448.96,829.93,445.35
820.41,365.32,821.31,366.08
822.76,367.67,823.13,367.32
822.76,367.67,822.01,366.85
823.99,367.97,822.76,367.67
821.62,337.42,821.76,335.51
823.27,369.07,821.87,368.74
799.91,382.59,800.38,378.19
810.44,379.21,810.43,379.91
824.53,369.20,824.71,369.20
823.76,369.14,824.53,369.20
823.76,369.14,823.58,369.13
827.94,327.95,828.39,327.42
822.28,399.35,822.51,399.86
830.63,382.28,828.36,382.16
824.53,370.22,824.53,369.20
823.75,369.79,823.76,369.14
817.79,370.42,817.89,371.42
827.60,389.34,825.85,390.42
823.58,370.14,823.58,369.13
823.76,369.14,823.58,370.14
823.76,369.14,823.75,369.79
825.48,370.14,825.65,369.79
803.83,357.85,804.11,360.00
830.63,357.85,830.39,356.87
815.70,360.09,823.09,361.71
825.52,371.95,826.25,369.75
817.38,384.58,794.85,382.89
827.32,389.87,825.93,390.67
829.06,370.85,829.12,370.78
827.36,371.51,829.12,370.78
830.69,369.85,832.18,368.55
830.69,369.85,827.74,370.81
815.33,363.05,815.98,362.84
814.97,369.10,824.28,369.38
822.18,363.41,822.80,364.41
826.52,367.97,826.71,367.60
819.65,364.42,822.18,363.41
823.51,401.45,823.06,400.49
820.07,365.44,820.41,365.32
819.65,364.42,820.41,365.32
820.98,366.22,822.01,366.85
821.59,367.19,822.01,366.85
821.59,367.19,822.76,367.67
824.25,404.59,824.13,404.49
823.43,373.70,821.26,373.88
820.54,368.18,822.76,367.67
821.87,368.74,822.76,367.67
823.16,369.75,823.27,369.07
823.58,370.14,823.58,369.13
821.12,396.72,838.38,396.72
824.53,369.20,823.58,369.13
830.96,365.70,830.00,366.53
823.58,370.14,824.53,369.20
831.20,366.49,830.00,366.53
828.82,437.15,828.70,436.37
824.53,370.22,824.53,369.20
823.58,370.14,824.53,370.22
752.92,355.56,755.10,358.41
821.73,371.95,823.75,369.79
827.24,378.99,827.31,379.87
825.48,370.14,824.53,370.22
782.71,379.35,783.43,379.39
819.92,362.82,819.76,362.48
826.17,410.62,826.68,410.98
825.52,371.95,825.48,370.14
815.61,360.95,814.93,360.95
827.30,371.58,827.36,371.51
813.88,380.35,813.88,381.77
827.30,371.58,825.52,371.95
827.74,370.81,829.06,370.85
824.13,371.99,825.98,371.54
815.44,360.95,814.93,360.95
827.67,350.34,829.23,351.91
817.02,385.73,836.60,395.84
832.14,368.61,830.69,369.85
827.50,377.32,829.28,378.17
830.62,341.09,831.16,339.52
829.04,369.49,827.74,370.81
821.56,324.61,821.20,325.08
824.21,372.17,822.35,373.09
819.03,363.41,822.18,363.41
819.03,363.41,821.73,362.32
819.28,364.52,819.65,364.42
802.76,382.49,803.36,378.33
821.09,355.26,820.72,355.63
821.56,324.61,821.15,324.64
821.65,369.39,823.16,369.75
819.03,363.41,819.65,364.42
820.07,365.44,820.98,366.22
818.03,380.06,818.18,380.43
820.52,366.53,820.07,365.44
819.31,367.43,821.59,367.19
820.54,368.18,821.59,367.19
819.31,367.43,820.54,368.18
824.42,389.36,826.30,389.08
820.54,368.18,821.87,368.74
813.18,379.25,817.24,379.45
803.46,383.99,804.67,383.03
803.14,382.67,803.59,378.38
820.45,362.97,823.63,362.97
824.61,389.53,826.30,389.08
820.22,368.79,821.87,368.74
824.53,370.22,823.58,370.14
821.73,371.95,824.53,370.22
811.86,378.22,812.19,377.86
823.53,372.17,825.52,371.95
825.52,371.95,823.62,372.10
828.70,436.37,828.83,435.62
826.24,409.97,832.43,406.21
825.44,372.02,827.30,371.58
813.50,381.49,813.68,381.70
825.98,371.54,827.30,371.58
827.74,370.81,827.47,370.45
825.77,371.15,827.74,370.81
830.16,386.64,814.83,381.25
814.31,360.00,815.37,360.00
819.87,337.26,817.31,335.61
830.81,368.58,832.14,368.61
813.18,377.24,817.24,377.42
820.58,356.14,820.89,362.04
815.54,360.00,815.62,359.05
815.44,359.05,815.54,360.00
830.81,368.58,829.04,369.49
829.36,369.82,829.04,369.49
813.48,377.39,817.54,377.57
820.72,355.63,820.89,356.16
828.62,376.19,828.36,375.94
829.46,371.16,827.61,372.29
815.44,359.05,815.37,360.00
830.81,368.58,829.36,369.82
829.29,369.92,827.64,370.93
818.58,362.32,821.73,362.32
818.58,362.32,821.46,361.17
821.70,372.07,823.54,371.30
818.65,363.49,819.03,363.41
818.58,362.32,819.03,363.41
819.55,365.70,820.07,365.44
823.25,364.63,823.39,364.55
819.55,365.70,820.52,366.53
823.09,364.29,823.39,364.55
818.21,366.49,820.52,366.53
819.31,367.43,820.54,368.18
830.06,412.66,830.74,413.19
820.22,368.79,820.54,368.18
749.53,363.08,751.48,360.00
821.65,369.39,823.16,369.75
821.73,371.95,821.65,369.39
821.73,371.95,823.62,372.10
823.53,372.17,823.62,372.10
787.61,374.59,787.60,374.06
824.70,391.44,826.78,389.81
823.53,372.17,825.44,372.02
824.21,372.17,824.35,372.27
829.83,411.18,830.35,410.67
822.23,372.14,824.13,371.99
824.13,371.99,825.98,371.54
799.45,375.57,799.61,375.88
827.52,390.20,829.39,390.59
829.63,412.34,830.02,412.65
821.42,325.13,820.18,343.36
825.77,371.15,825.98,371.54
825.87,371.67,827.64,370.93
815.37,360.00,815.44,359.05
815.06,370.21,815.27,370.64
831.73,355.48,831.81,355.58
830.81,368.58,830.44,368.29
817.15,355.34,817.48,355.24
829.04,369.49,829.29,369.92
830.44,368.29,829.04,369.49
829.29,369.92,827.64,370.93
829.46,371.16,827.64,370.93
830.32,444.93,829.93,445.35
819.76,372.53,817.78,372.69
818.31,361.18,821.46,361.17
822.12,335.53,821.99,337.38
818.31,361.18,821.37,360.00
811.47,379.21,811.30,379.91
824.66,363.93,823.35,361.88
818.65,363.49,819.28,364.52
818.73,364.74,819.55,365.70
828.44,435.96,828.63,435.71
817.28,365.40,819.55,365.70
818.21,366.49,819.55,365.70
824.66,362.08,823.35,361.88
817.28,365.40,818.21,366.49
826.47,423.24,826.83,423.98
828.44,436.86,828.37,436.40
817.73,366.97,819.31,367.43
818.90,367.98,819.31,367.43
820.22,368.79,821.65,369.39
830.49,431.58,830.77,432.06
817.08,373.12,818.28,371.67
818.13,370.78,821.65,369.39
819.09,373.70,819.19,373.63
819.77,371.58,821.73,371.95
821.63,372.02,823.53,372.17
831.37,435.77,831.17,436.02
820.33,371.99,823.53,372.17
822.23,372.14,823.53,372.17
820.33,371.99,822.23,372.14
824.13,371.99,823.98,371.58
822.15,371.73,823.98,371.58
824.13,371.99,822.15,371.73
830.55,379.06,832.76,381.85
822.23,372.14,822.15,371.73
824.13,371.99,822.23,372.14
830.67,435.22,830.75,434.78
823.98,371.58,825.77,371.15
819.87,337.26,818.28,332.65
825.87,371.67,825.77,371.15
826.33,382.33,826.88,382.96
823.98,371.58,825.87,371.67
830.81,435.27,830.75,435.68
827.61,372.29,827.64,370.93
825.87,371.67,827.64,370.93
830.94,435.99,830.81,435.27
829.14,353.30,833.29,353.93
808.22,364.26,809.96,361.92
830.94,354.56,831.05,354.68
826.49,382.52,827.08,383.18
830.15,353.92,831.05,354.68
829.08,365.76,828.04,367.46
828.50,436.45,828.87,435.74
830.68,430.42,830.75,430.88
823.08,395.89,823.17,395.72
823.02,395.55,823.29,395.47
827.68,330.65,826.68,330.72
832.05,367.13,831.63,366.89
830.44,368.29,830.75,368.67
829.46,371.16,830.75,368.67
829.42,371.23,827.61,372.29
818.21,360.00,821.46,358.83
826.24,409.97,832.43,406.21
817.81,360.00,818.31,361.18
824.28,381.21,826.90,378.98
818.65,363.49,818.19,362.38
818.01,373.66,818.10,373.77
817.59,362.49,818.65,363.49
832.18,351.44,830.50,352.04
818.07,363.66,818.65,363.49
811.73,378.86,811.57,379.55
827.70,428.11,827.51,428.37
818.07,363.66,818.73,364.74
815.67,382.44,815.39,381.91
819.87,337.26,819.03,331.78
817.28,365.40,818.73,364.74
811.57,379.55,811.51,380.33
816.55,355.84,816.00,357.17
827.77,427.67,827.70,428.11
817.73,366.97,818.21,366.49
817.28,365.40,817.73,366.97
819.77,371.58,818.13,370.78
820.33,371.99,821.63,372.02
822.15,371.73,822.23,372.14
820.31,371.58,822.15,371.73
822.07,372.27,823.99,372.12
823.98,371.58,822.15,371.73
812.61,380.74,812.46,380.76
825.55,373.20,827.61,372.29
831.78,355.26,830.94,354.56
820.16,372.12,822.07,372.27
827.68,330.65,826.87,329.46
831.63,366.89,832.00,367.21
829.42,371.23,831.11,369.76
815.31,359.15,815.93,359.15
829.42,371.23,827.56,372.36
824.35,372.27,829.42,371.23
822.76,367.67,824.30,367.60
821.73,357.68,821.46,358.83
800.77,358.25,799.47,357.89
817.19,360.00,817.91,361.20
817.91,358.80,818.21,360.00
823.13,398.21,823.29,400.28
823.52,397.96,823.56,397.97
816.53,364.17,818.07,363.66
827.10,391.20,827.41,392.21
815.98,362.84,816.53,364.17
824.08,409.97,828.81,404.50
823.94,400.36,823.88,400.19
829.08,365.76,830.18,366.20
815.92,364.48,817.28,365.40
829.38,333.76,828.76,333.95
759.98,365.13,761.56,364.88
829.82,412.64,829.70,411.92
815.07,368.55,818.90,367.98
823.36,397.92,823.40,397.94
828.04,367.46,828.58,368.02
816.51,369.79,818.90,367.98
829.25,333.76,829.38,333.76
756.69,367.18,759.03,367.55
816.38,369.85,818.13,370.78
825.61,373.12,825.87,371.67
816.51,369.79,818.13,370.78
823.73,400.00,823.69,400.00
827.18,369.72,827.19,369.64
830.47,395.58,827.78,395.98
816.72,370.81,819.77,371.58
818.48,371.54,819.77,371.58
764.89,368.07,761.36,367.18
820.33,371.99,820.31,371.58
822.85,395.81,822.77,395.98
836.88,396.48,819.68,396.48
830.94,354.56,830.15,353.92
818.52,371.15,820.31,371.58
827.81,376.70,827.50,377.32
836.88,396.48,820.05,396.75
830.94,354.56,831.73,355.48
826.09,404.29,828.81,404.50
818.52,371.15,820.33,371.99
817.77,357.37,819.42,357.48
822.64,396.17,822.54,396.18
816.55,355.84,818.07,356.34
820.31,371.58,822.15,371.73
823.29,400.28,822.97,398.22
818.55,380.45,818.26,379.24
821.76,400.10,821.75,401.12
821.35,373.80,823.99,372.12
822.97,398.22,822.87,398.24
814.98,358.46,815.66,358.57
821.35,373.80,822.07,372.27
823.99,372.12,822.07,372.27
823.19,400.31,823.29,400.28
816.00,357.17,815.35,356.96
825.55,373.20,825.61,373.12
830.87,382.03,830.55,381.74
825.55,373.20,823.51,373.63
830.26,329.52,830.39,329.52
751.85,357.67,751.48,360.00
825.93,419.57,825.80,418.86
822.35,373.09,827.56,372.36
812.52,381.13,812.61,380.74
824.35,372.27,827.56,372.36
823.22,398.19,823.13,398.21
823.25,361.37,823.51,361.55
824.30,352.40,823.41,352.85
827.40,413.22,827.95,413.70
826.91,352.57,831.19,352.86
814.39,359.05,814.94,359.05
828.05,352.85,831.19,352.86
829.00,353.15,828.05,352.85
829.00,353.15,829.14,353.30
823.60,400.58,823.22,398.19
814.39,359.05,814.31,360.00
828.05,352.85,829.14,353.30
823.48,400.45,823.60,400.58
830.03,353.78,830.94,354.56
831.78,355.26,832.13,354.62
817.54,373.64,817.78,372.69
832.51,368.11,831.11,369.76
828.71,417.64,829.57,417.67
831.07,369.81,831.11,369.76
831.07,369.81,829.42,371.23
826.19,371.14,831.07,369.81
811.41,371.38,810.33,379.24
826.19,371.14,824.35,372.27
821.56,324.61,821.77,323.82
826.94,413.09,835.00,413.09
818.58,357.68,822.18,356.59
815.44,382.99,815.70,382.89
802.17,355.12,801.18,356.54
818.19,357.62,818.31,358.82
824.49,392.03,826.01,390.58
800.02,385.47,822.58,386.97
817.29,361.26,817.19,360.00
815.61,360.95,817.19,360.00
829.56,307.66,832.00,304.60
827.09,393.88,833.89,395.43
810.77,373.42,817.46,373.75
815.61,360.95,815.54,360.00
787.64,384.63,788.60,384.71
817.29,361.26,817.59,362.49
794.17,377.90,794.41,369.80
815.65,361.44,817.59,362.49
815.98,362.84,817.59,362.49
815.07,368.55,816.73,365.80
816.38,369.85,815.07,368.55
816.72,370.81,818.01,370.85
830.06,412.66,831.07,412.74
823.58,350.91,823.77,350.91
825.56,371.04,823.74,372.15
820.16,372.12,822.07,372.27
821.35,373.80,820.16,372.12
823.51,373.63,821.35,373.80
811.51,361.90,811.95,363.76
820.25,373.60,825.55,373.20
830.07,411.20,830.35,410.67
825.49,349.85,825.49,350.91
822.35,373.09,824.35,372.27
822.87,398.24,822.81,400.20
816.61,369.57,816.89,369.96
828.87,352.49,830.05,352.58
825.73,352.48,830.05,352.58
827.88,352.68,826.91,352.57
827.88,352.68,828.05,352.85
826.91,352.57,828.05,352.85
830.00,353.48,830.03,353.78
816.75,354.21,817.31,354.62
829.00,353.15,830.03,353.78
830.00,353.48,830.96,354.30
827.83,369.73,832.49,368.16
818.73,364.74,820.07,365.44
825.82,364.20,830.80,363.13
826.04,371.05,826.19,371.14
830.24,406.21,828.81,404.50
825.24,370.26,823.54,371.30
819.03,356.59,822.80,355.59
813.68,367.16,815.07,368.55
811.73,378.86,814.97,379.10
829.44,426.40,829.99,426.89
818.19,357.62,818.58,357.68
819.03,356.59,818.58,357.68
817.91,358.80,817.81,360.00
839.17,393.57,823.08,391.08
823.89,367.99,829.71,366.24
815.37,360.00,815.44,360.95
823.06,391.43,824.03,391.79
815.65,361.44,815.61,360.95
814.98,361.54,815.61,360.95
827.65,328.65,827.94,327.95
761.56,355.12,759.98,354.87
814.98,361.54,814.93,360.95
823.08,393.27,823.78,393.53
815.44,382.85,815.68,382.76
824.13,371.99,827.30,371.58
815.44,360.95,815.61,360.95
798.20,383.46,796.97,384.17
820.66,348.07,820.61,348.24
814.93,360.95,815.61,360.95
806.23,376.03,805.58,376.48
821.33,360.78,821.33,355.30
831.47,350.72,831.27,351.17
826.24,409.97,831.92,407.59
814.39,360.95,814.93,360.95
815.44,360.95,814.39,360.95
823.78,393.53,824.41,394.25
814.98,361.54,815.65,361.44
813.84,367.11,816.73,365.80
814.92,368.61,815.07,368.55
825.26,415.22,826.16,415.76
813.65,368.58,816.38,369.85
815.25,369.49,816.82,370.45
816.82,370.45,818.52,371.15
818.28,371.67,818.52,371.15
820.25,373.60,823.43,373.70
822.23,372.99,822.35,373.09
823.54,371.30,824.21,372.17
827.70,352.58,828.87,352.49
835.85,342.69,823.23,342.68
826.91,367.43,828.87,367.51
816.98,372.84,818.94,372.03
829.85,356.08,830.31,358.01
824.55,352.57,828.87,352.49
825.73,352.48,828.87,352.49
826.71,352.40,825.73,352.48
830.78,363.13,830.80,363.13
826.71,352.40,826.91,352.57
830.54,364.25,830.80,363.13
825.73,352.48,826.91,352.57
830.52,364.21,830.54,364.25
827.88,352.68,829.00,353.15
825.00,366.17,823.89,367.99
819.68,346.53,819.76,347.47
823.18,350.29,823.77,350.91
832.21,349.89,820.88,349.25
828.92,352.82,829.00,353.15
828.92,352.82,830.00,353.48
815.54,360.00,815.61,360.95
828.87,351.84,830.00,353.48
828.87,351.84,830.10,352.59
830.10,352.59,831.68,353.04
830.50,352.04,831.68,353.04
824.07,362.04,821.30,355.45
829.23,368.09,833.62,366.30
820.89,356.16,821.00,355.74
815.14,368.54,815.26,368.93
827.67,369.66,827.83,369.73
829.23,368.09,827.83,369.73
816.45,368.41,815.14,368.54
823.77,350.91,824.72,350.84
826.75,368.97,825.24,370.26
826.04,371.05,825.24,370.26
827.49,400.61,827.76,398.28
823.77,350.91,825.26,351.94
826.75,368.97,826.04,371.05
810.24,358.10,811.51,358.09
827.67,369.66,826.04,371.05
823.57,354.69,822.80,355.59
829.31,440.14,829.51,440.05
819.65,355.58,822.80,355.59
819.65,355.58,823.57,354.69
818.65,356.51,819.03,356.59
829.04,350.51,829.29,350.07
819.65,355.58,819.03,356.59
818.19,357.62,817.91,358.80
817.59,357.51,817.91,358.80
831.01,420.25,831.39,419.92
792.36,371.08,804.13,371.42
817.29,358.74,817.91,358.80
817.19,360.00,815.54,360.00
817.29,358.74,817.19,360.00
815.44,359.05,815.62,359.05
830.44,368.29,829.04,369.49
815.37,360.00,815.54,360.00
815.43,359.95,815.56,360.25
810.32,370.26,809.99,371.05
829.13,421.28,829.81,420.79
814.31,360.00,815.44,360.95
814.39,360.95,815.44,360.95
829.13,421.28,829.41,420.75
814.31,360.00,814.39,360.95
828.08,417.60,828.63,418.08
834.15,385.73,817.02,385.73
812.85,365.49,815.92,364.48
812.85,365.49,815.33,363.05
812.85,365.49,813.84,367.11
813.68,367.16,812.85,365.49
817.91,361.20,818.58,362.32
813.68,367.16,814.92,368.61
817.06,366.22,815.75,366.09
816.82,370.45,816.50,370.93
814.86,369.92,816.50,370.93
814.86,369.92,816.82,370.45
816.50,370.93,818.28,371.67
812.02,348.69,810.32,349.73
816.97,373.20,819.19,373.63
817.08,373.12,819.19,373.63
819.09,373.70,821.26,373.88
813.88,380.35,813.27,379.93
818.10,373.77,821.26,373.88
812.85,354.51,816.75,354.21
820.15,373.49,820.25,373.60
811.95,356.24,812.85,354.51
819.76,372.53,822.23,372.99
821.70,372.07,822.23,372.99
819.76,372.53,821.70,372.07
821.76,372.97,823.74,372.15
823.74,372.15,823.54,371.30
826.55,352.86,827.70,352.58
825.50,352.31,826.71,352.40
830.31,358.01,830.90,357.87
827.75,352.33,827.88,352.68
821.56,324.61,821.36,323.86
826.71,352.40,827.88,352.68
827.75,352.33,826.71,352.40
828.87,351.84,828.92,352.82
827.75,352.33,828.92,352.82
827.75,352.33,828.87,351.84
827.55,351.29,828.87,351.84
815.35,366.17,815.14,368.54
808.81,368.97,808.36,369.66
828.87,351.84,830.10,352.59
829.18,351.23,830.10,352.59
829.18,351.23,830.50,352.04
830.10,352.59,830.50,352.04
817.22,357.10,817.22,355.56
829.06,368.03,829.23,368.09
830.18,366.20,829.23,368.09
826.75,368.97,827.67,369.66
828.87,435.74,829.55,435.25
824.13,348.01,825.44,347.97
828.04,367.46,826.75,368.97
827.50,376.50,827.18,377.17
827.19,369.64,825.56,371.04
825.24,370.26,825.56,371.04
825.73,367.52,827.70,367.42
823.58,350.91,823.77,350.24
825.56,371.04,823.70,372.25
830.90,357.87,830.58,360.00
825.47,353.31,824.46,353.93
824.46,353.93,823.57,354.69
820.41,354.68,824.46,353.93
821.87,393.57,823.08,391.08
830.54,364.25,829.71,366.24
815.54,360.00,815.44,360.95
819.28,355.48,819.65,355.58
820.41,354.68,819.65,355.58
817.59,357.51,818.19,357.62
814.39,359.05,815.44,359.05
815.34,358.73,815.43,358.35
814.39,359.05,814.31,360.00
806.09,376.40,808.33,376.03
814.39,360.95,814.93,360.95
814.98,361.54,814.93,360.95
805.39,366.19,806.51,368.02
811.68,361.89,814.98,361.54
826.75,351.03,828.04,352.54
815.25,350.51,813.85,351.71
811.68,361.89,815.33,363.05
812.69,365.53,812.85,365.49
832.51,368.11,830.75,368.67
812.69,365.53,813.68,367.16
812.41,367.13,813.68,367.16
813.65,368.58,813.85,368.29
814.86,369.92,815.25,369.49
825.77,348.84,825.87,348.33
813.85,368.29,814.86,369.92
827.96,431.29,828.87,430.83
825.68,414.09,825.75,414.54
813.40,368.67,814.86,369.92
812.02,348.69,813.86,347.93
805.24,350.95,804.87,349.07
813.24,371.16,816.50,370.93
814.86,369.92,816.50,370.93
816.97,373.20,817.08,373.12
816.97,373.20,819.09,373.70
815.94,373.60,819.09,373.70
814.85,368.71,815.14,368.54
832.18,368.55,831.68,366.97
818.01,373.66,817.78,372.69
815.98,362.84,815.65,361.44
814.85,368.71,815.26,368.93
830.69,369.85,830.74,369.79
818.31,361.18,818.58,362.32
819.76,372.53,818.01,373.66
820.15,373.49,818.01,373.66
819.76,372.53,820.15,373.49
830.49,430.11,831.50,430.14
819.76,372.53,821.70,372.07
819.68,373.47,821.70,372.07
821.76,372.97,821.70,372.07
829.31,422.48,830.25,422.07
824.19,392.18,821.32,392.53
829.99,430.78,830.45,430.00
830.63,357.85,830.80,360.00
821.71,373.07,823.70,372.25
830.06,430.34,830.78,429.57
821.76,372.97,823.74,372.15
823.70,372.25,823.74,372.15
821.87,368.74,823.16,369.75
825.47,353.31,826.55,352.86
828.58,351.98,829.71,353.76
807.55,357.83,807.72,357.84
824.30,352.40,824.55,352.57
829.72,341.13,829.76,340.54
814.81,372.14,762.89,370.56
814.83,381.25,814.49,380.88
830.25,431.54,830.44,431.54
822.45,363.46,825.66,364.17
823.41,352.85,824.55,352.57
813.21,373.07,813.33,372.97
828.70,422.41,829.08,422.71
813.86,372.07,815.79,372.53
804.57,355.78,805.71,356.08
824.00,352.04,825.50,352.31
812.61,380.74,812.38,380.71
829.76,376.85,829.47,377.43
827.20,393.98,825.76,394.23
825.28,399.70,826.12,400.32
827.02,422.82,827.52,422.04
825.68,350.91,825.26,351.94
822.93,393.73,820.64,393.99
823.08,391.08,824.61,389.53
753.16,368.07,752.92,364.43
830.00,353.48,830.10,352.59
826.52,352.04,825.26,351.94
803.74,363.13,804.12,363.13
826.52,352.04,827.75,352.33
826.15,350.96,827.75,352.33
826.15,350.96,827.55,351.29
827.75,352.33,827.55,351.29
830.25,412.40,830.06,412.66
827.55,351.29,829.18,351.23
827.28,426.89,827.80,426.38
832.18,351.44,831.68,353.04
830.33,411.95,830.25,412.40
830.50,352.04,831.68,353.04
823.39,364.55,823.35,364.15
819.28,364.52,820.07,365.44
806.47,365.76,805.84,366.20
825.13,414.50,825.68,414.09
830.18,366.20,830.36,366.25
830.18,366.20,831.19,364.25
829.08,365.76,828.04,367.46
824.66,362.08,824.82,361.74
829.06,368.03,828.04,367.46
827.19,369.64,826.75,368.97
829.38,426.82,829.76,427.12
828.04,367.46,826.75,368.97
827.18,369.72,825.54,371.12
825.56,371.04,825.54,371.12
819.19,373.63,820.16,372.12
819.06,372.11,825.54,371.12
822.32,353.30,821.31,353.92
815.62,359.05,817.19,360.00
822.01,353.15,821.31,353.92
820.07,354.56,820.41,354.68
804.48,370.42,816.68,370.66
820.98,353.78,820.41,354.68
804.48,370.42,805.97,370.42
820.98,353.78,821.31,353.92
820.41,354.68,821.31,353.92
822.01,353.15,823.41,352.85
818.73,355.26,818.65,356.51
816.00,357.17,817.59,357.51
814.94,359.05,815.62,359.05
827.32,400.54,827.07,400.51
815.87,359.59,815.80,359.64
814.94,359.05,815.62,359.05
815.44,359.05,815.62,359.05
820.81,355.14,820.30,355.27
814.94,359.05,815.44,359.05
816.96,355.50,816.95,355.31
821.59,355.13,820.30,355.27
814.39,359.05,815.44,359.05
814.94,359.05,814.39,359.05
832.05,304.15,827.76,304.52
824.62,393.83,823.18,393.37
765.52,360.00,769.74,363.06
811.53,360.00,814.39,360.95
825.24,394.06,825.80,394.70
811.95,363.76,811.68,361.89
823.53,372.17,823.62,372.10
811.42,365.51,812.69,365.53
827.02,427.58,827.47,426.81
811.95,363.76,811.42,365.51
830.15,353.92,833.29,353.93
812.66,366.89,812.41,367.13
827.60,413.17,827.73,412.42
811.70,365.32,812.66,366.89
821.59,355.13,821.72,355.34
811.85,378.57,816.05,379.06
820.45,362.97,816.99,362.95
827.76,398.28,827.58,398.28
813.85,368.29,813.40,368.67
830.25,416.29,830.32,415.84
814.96,372.36,815.08,372.29
823.02,395.50,821.42,395.23
811.85,372.27,816.97,373.20
827.93,325.98,827.40,336.04
767.10,354.13,766.20,357.67
830.51,417.04,830.38,416.32
815.79,372.53,818.01,373.66
821.41,402.13,821.32,400.11
820.05,396.75,819.68,396.48
819.68,373.47,817.54,373.64
826.04,371.05,823.54,371.30
817.78,372.69,817.54,373.64
819.68,373.47,817.78,372.69
819.76,372.53,817.78,372.69
819.68,373.47,819.76,372.53
817.10,372.92,823.70,372.25
817.06,360.71,818.89,360.71
823.94,402.61,824.55,401.98
822.01,353.15,822.32,353.30
823.94,402.61,825.30,402.17
829.46,371.16,829.29,369.92
825.26,351.94,824.72,350.84
824.00,352.04,825.26,351.94
829.71,353.76,829.70,353.81
826.26,350.29,827.55,351.29
815.70,360.09,815.78,360.00
821.46,361.17,821.73,362.32
817.91,361.20,818.31,361.18
827.55,351.29,827.76,350.64
818.48,348.46,818.52,348.84
829.18,351.23,830.50,352.04
825.13,403.69,825.83,402.23
820.97,396.48,821.28,395.16
750.38,366.43,750.47,366.53
830.74,350.21,830.50,352.04
830.74,350.21,832.18,351.44
812.53,377.24,816.59,377.42
816.67,355.79,816.45,356.18
799.75,373.78,799.87,374.18
815.07,351.44,816.75,354.21
830.69,350.15,832.18,351.44
831.50,439.72,832.06,439.32
749.06,363.26,749.53,363.08
831.50,439.72,832.13,439.78
810.69,363.75,811.42,365.51
830.81,351.42,832.05,352.86
823.09,364.29,823.25,364.63
818.21,366.49,819.31,367.43
826.53,390.70,827.66,389.51
828.19,431.32,828.38,431.62
821.14,399.42,821.46,400.74
818.90,367.98,820.22,368.79
827.95,432.74,827.76,432.44
827.19,350.35,826.75,351.03
749.06,356.74,749.53,356.91
813.79,372.99,815.79,372.53
821.50,325.06,821.23,325.56
816.56,359.15,816.53,359.57
828.86,331.31,828.49,331.84
748.83,356.62,749.06,356.74
815.79,372.53,817.78,372.69
831.00,364.22,831.19,364.25
820.88,349.25,819.23,350.20
824.13,371.99,825.77,371.15
831.00,364.22,829.08,365.76
822.10,391.71,823.06,391.43
750.56,353.80,750.95,354.13
829.70,366.19,828.58,368.02
825.87,371.67,827.47,370.45
826.15,357.89,825.82,355.80
829.70,366.19,828.04,367.46
750.38,353.56,750.47,353.47
828.58,368.02,827.19,369.64
828.58,368.02,827.18,369.72
752.89,351.47,753.16,351.92
817.10,372.92,819.06,372.11
820.88,370.99,825.54,371.12
830.18,353.80,829.23,351.91
825.13,414.50,825.00,414.47
815.25,350.51,815.09,350.18
827.18,369.72,825.54,371.12
820.88,370.99,819.06,372.11
818.73,355.26,819.28,355.48
818.73,355.26,818.07,356.34
818.73,355.26,816.55,355.84
817.31,354.62,816.55,355.84
830.81,435.27,831.37,434.86
815.94,355.53,816.00,357.17
755.94,350.51,755.83,349.98
830.81,435.27,831.44,435.32
815.94,355.53,815.35,356.96
816.00,357.17,815.66,358.57
814.40,359.64,814.36,359.15
814.50,360.09,812.68,362.29
831.05,354.68,831.81,355.58
813.87,363.24,813.44,362.36
808.06,355.71,809.05,353.73
811.53,360.00,814.31,360.00
827.27,413.19,827.35,412.74
827.28,426.89,827.51,426.92
811.53,360.00,814.39,359.05
818.39,369.05,816.89,369.96
827.34,413.64,827.27,413.19
827.09,427.14,827.28,426.89
811.51,361.90,811.68,361.89
799.61,375.88,799.49,375.66
811.36,360.00,811.68,361.89
811.53,360.00,811.68,361.89
825.13,403.69,825.68,402.16
827.40,413.22,827.34,413.64
827.02,427.58,827.09,427.14
810.24,361.90,811.95,363.76
831.19,353.53,831.78,355.26
810.69,363.75,811.95,363.76
810.24,361.90,810.69,363.75
827.15,427.62,827.09,428.04
810.99,363.62,811.70,365.32
811.70,365.32,812.66,366.89
816.13,357.85,815.44,357.77
811.70,365.32,812.15,367.21
815.24,357.70,815.93,357.79
811.59,369.76,813.24,371.16
827.82,432.03,827.96,431.29
813.10,371.23,814.96,372.36
814.77,380.49,815.21,380.51
821.33,403.34,822.21,404.35
829.81,425.69,830.00,425.99
811.85,372.27,814.96,372.36
815.63,357.98,815.53,357.85
811.85,372.27,813.84,373.09
818.26,380.49,814.77,380.49
821.41,403.43,822.29,404.45
829.56,411.89,829.64,411.44
829.57,425.66,829.81,425.69
813.79,372.99,813.84,373.09
820.25,351.23,821.68,350.64
813.86,372.07,815.79,372.53
813.79,372.99,815.88,373.49
820.71,401.89,821.33,403.34
827.68,330.65,828.69,330.58
818.58,357.68,821.73,357.68
819.61,373.57,817.46,373.75
827.68,330.65,828.64,329.92
818.58,357.68,818.31,358.82
819.61,373.57,817.54,373.64
819.61,373.57,821.71,373.07
823.54,348.69,824.21,347.83
823.13,352.68,824.30,352.40
825.17,410.98,823.58,409.81
816.57,368.81,817.06,366.22
825.49,350.91,825.68,350.91
825.49,350.91,824.72,350.84
826.26,350.29,825.68,350.91
825.67,350.24,825.68,350.91
825.67,350.24,825.49,350.91
800.90,363.49,802.51,366.64
829.12,349.22,829.18,351.23
804.14,367.59,803.91,367.91
827.76,350.64,829.18,351.23
829.12,349.22,827.76,350.64
830.69,350.15,829.12,349.22
814.97,379.10,815.19,378.64
812.85,365.49,816.73,365.80
830.69,350.15,830.74,350.21
829.12,349.22,830.74,350.21
813.71,379.63,813.77,380.45
800.90,356.50,800.35,360.00
799.97,355.80,804.12,356.87
830.69,350.15,832.14,351.39
829.36,350.18,830.81,351.42
830.81,351.42,831.63,353.11
805.25,358.01,804.52,357.86
830.81,351.42,832.05,352.86
805.25,358.01,804.27,357.87
830.44,351.71,831.63,353.11
831.86,360.00,831.69,362.15
801.85,365.08,802.77,366.57
821.58,400.19,821.99,398.22
823.03,356.08,821.23,352.54
806.23,376.03,814.82,376.29
820.14,362.95,816.78,362.82
823.36,397.92,823.96,396.81
822.94,404.93,823.74,405.28
831.50,362.14,831.00,364.22
823.64,360.00,823.01,356.05
818.01,349.15,818.48,348.46
829.85,363.92,829.08,365.76
823.64,360.00,823.65,360.00
829.85,363.92,829.70,366.19
802.77,366.57,801.88,367.94
830.52,364.21,829.70,366.19
829.74,440.48,829.81,440.94
826.47,423.24,826.84,422.53
831.69,357.85,831.86,360.00
829.71,366.24,828.58,368.08
826.47,423.24,826.60,422.50
821.23,367.46,823.03,363.92
829.71,366.24,828.58,368.02
826.97,378.03,827.31,378.11
823.01,363.94,823.03,363.92
829.70,366.19,828.58,368.02
822.50,369.61,827.18,369.72
821.20,367.50,823.01,363.94
828.58,368.08,827.18,369.72
820.75,370.93,820.88,370.99
821.59,402.17,821.88,403.76
818.42,370.27,821.23,367.46
822.50,369.61,820.88,370.99
823.98,348.42,824.13,348.01
812.66,366.89,813.65,368.58
826.09,404.29,825.95,404.12
830.52,364.21,829.70,366.19
819.56,354.30,820.07,354.56
814.81,372.14,818.37,370.33
811.53,371.30,812.69,368.37
818.65,356.51,818.58,357.68
818.24,353.53,818.73,355.26
808.36,349.36,810.07,348.95
812.68,362.29,812.82,362.45
828.76,421.99,829.32,421.58
824.00,352.04,824.30,352.40
815.34,358.73,815.43,358.35
823.70,347.75,823.74,347.84
819.72,367.91,818.39,369.05
815.35,356.96,814.98,358.46
811.68,358.11,814.98,358.46
811.36,360.00,810.24,361.90
810.56,361.83,810.99,363.62
810.41,363.79,811.14,365.57
810.99,363.62,811.70,365.32
811.45,369.81,811.59,369.76
811.45,369.81,813.10,371.23
831.07,420.73,831.70,420.78
809.96,358.08,809.80,360.00
810.00,371.14,813.10,371.23
813.86,372.07,815.41,373.47
804.31,356.87,804.12,356.87
815.41,373.47,817.54,373.64
806.96,368.03,808.81,368.97
815.31,373.57,817.54,373.64
812.90,373.59,817.46,373.75
809.99,371.05,812.02,371.30
809.52,371.04,811.22,372.25
816.98,372.84,817.10,372.92
829.18,440.88,829.81,440.94
831.00,355.78,830.31,358.01
815.27,370.64,818.94,372.03
818.05,368.69,816.61,369.57
823.13,352.68,822.01,353.15
782.36,369.82,784.31,369.83
815.41,346.53,817.46,346.25
821.60,352.82,822.01,353.15
815.41,346.53,817.54,346.36
821.60,352.82,823.13,352.68
813.33,372.97,815.31,373.57
822.77,352.33,823.13,352.68
828.22,333.63,828.70,334.11
826.27,398.17,825.33,397.16
823.58,349.85,823.58,350.91
825.00,366.17,830.54,364.25
823.18,350.29,823.77,350.24
823.77,350.91,823.77,350.24
824.50,393.46,826.14,392.12
823.69,400.00,823.36,397.92
818.01,370.85,818.13,370.78
837.27,396.75,820.05,396.75
818.48,371.54,820.33,371.99
819.56,357.36,819.42,357.48
825.49,349.85,824.53,350.83
814.98,358.46,814.94,359.05
812.56,377.75,812.66,377.86
827.40,413.22,827.54,412.48
827.13,328.78,827.37,328.65
755.86,349.59,759.46,348.89
791.79,384.41,793.27,384.50
825.52,348.05,825.67,350.24
811.37,380.32,810.82,380.59
825.49,349.85,825.67,350.24
818.55,380.45,818.19,380.07
827.74,349.19,830.69,350.15
830.75,368.67,829.29,369.92
803.05,366.31,802.77,366.57
827.74,349.19,829.36,350.18
814.85,380.07,814.92,379.24
830.69,350.15,829.36,350.18
829.36,350.18,830.81,351.42
829.04,350.51,830.44,351.71
830.75,351.32,832.00,352.79
805.71,356.08,805.02,355.78
830.44,351.71,832.00,352.79
817.73,366.97,818.90,367.98
820.15,373.49,822.35,373.09
818.01,349.15,819.77,348.42
830.31,361.98,831.50,362.14
828.63,437.16,828.50,436.45
819.89,371.51,821.65,369.39
831.67,360.00,831.50,362.14
819.89,371.51,821.73,371.95
831.67,360.00,830.31,361.98
830.47,360.00,830.31,361.98
830.52,364.21,830.78,363.13
830.67,363.13,830.52,364.21
829.85,363.92,830.52,364.21
830.67,363.13,829.85,363.92
823.35,361.88,823.51,361.55
829.71,366.24,829.70,366.19
823.89,367.99,828.58,368.08
818.39,369.05,820.75,370.93
830.24,406.21,832.68,405.53
825.41,409.98,826.51,411.10
824.72,350.84,823.77,350.91
816.75,354.21,815.94,355.53
822.36,369.55,820.75,370.93
824.72,350.84,823.58,350.91
823.58,409.81,825.41,409.98
824.53,350.83,823.58,350.91
811.36,360.00,811.53,360.00
820.52,353.48,819.56,354.30
818.24,353.53,819.56,354.30
815.93,357.79,815.74,357.86
822.50,350.39,825.54,348.88
811.36,360.00,811.51,361.90
820.52,353.48,818.24,353.53
822.97,398.66,824.77,396.95
821.89,351.29,823.18,350.29
815.06,370.21,816.61,369.57
824.57,398.81,824.77,396.95
812.69,354.47,812.85,354.51
815.27,370.64,816.61,369.57
819.72,352.09,822.36,350.45
815.27,370.64,816.89,369.96
816.87,366.46,817.06,366.22
826.26,350.29,826.15,350.96
810.24,361.90,810.99,363.62
819.34,352.59,817.76,353.04
818.24,353.53,817.31,354.62
818.94,352.04,817.76,353.04
817.76,353.04,817.31,354.62
823.29,350.96,821.89,351.29
825.41,409.98,823.58,409.81
815.08,347.70,813.24,348.83
817.76,353.04,816.75,354.21
824.56,401.76,825.41,409.98
815.94,355.53,815.35,356.96
812.85,354.51,815.35,356.96
827.69,431.98,827.76,431.54
810.99,356.37,810.56,358.16
823.62,347.90,825.52,348.05
812.12,356.26,815.35,356.96
822.81,400.57,824.57,398.81
831.07,420.73,831.43,421.48
827.76,432.44,827.69,431.98
811.51,358.09,811.68,358.11
793.31,384.78,793.41,385.03
811.95,356.24,811.68,358.11
824.52,400.73,824.57,398.81
810.99,356.37,810.24,358.10
812.12,356.26,811.68,358.11
822.81,400.57,822.97,398.66
825.44,347.97,827.30,348.42
811.51,358.09,811.36,360.00
827.82,432.03,827.76,432.44
824.13,348.01,827.30,348.42
810.56,358.16,810.42,360.00
810.24,358.10,811.36,360.00
822.82,401.60,824.56,401.76
810.56,358.16,809.80,360.00
810.24,358.10,810.09,360.00
825.98,348.46,827.74,349.19
807.72,362.16,809.96,361.92
811.95,356.24,810.24,358.10
810.42,360.00,810.56,361.83
807.72,362.16,808.22,364.26
810.42,360.00,810.24,361.90
830.75,430.88,830.68,431.32
810.56,358.16,810.42,360.00
805.83,366.25,808.90,366.30
827.47,349.55,829.04,350.51
810.56,361.83,810.99,363.62
805.83,366.25,806.96,368.09
810.56,361.83,810.41,363.79
823.02,395.55,823.18,395.59
830.49,430.11,830.68,430.42
827.68,330.65,826.73,331.37
831.11,350.24,832.51,351.89
810.42,360.00,810.56,361.83
809.05,366.26,811.14,365.57
808.22,364.26,811.14,365.57
806.96,368.03,808.36,369.66
810.41,363.79,811.14,365.57
807.51,367.46,808.81,368.97
809.05,366.26,810.19,368.11
829.31,422.48,830.13,422.83
810.03,368.16,809.05,366.26
827.37,332.69,827.09,332.40
832.00,367.21,830.44,368.29
808.81,368.97,810.32,370.26
810.03,368.16,811.45,369.81
806.96,368.09,811.45,369.81
830.06,430.34,830.26,430.08
831.63,366.89,830.44,368.29
830.36,353.75,831.19,355.74
807.90,369.64,810.32,370.26
808.36,369.73,811.45,369.81
822.85,395.81,822.79,395.79
807.90,369.64,809.52,371.04
808.36,369.73,810.00,371.14
815.71,381.10,816.70,381.10
826.76,402.55,827.07,400.51
796.70,385.25,798.08,385.34
808.36,369.66,810.00,371.14
813.24,371.30,815.22,356.20
829.99,430.78,830.06,430.34
809.99,371.05,810.00,371.14
821.42,395.23,821.90,394.21
809.38,371.12,811.22,372.25
831.00,355.78,831.50,357.86
810.32,370.26,812.02,371.30
821.28,395.16,821.76,394.12
809.52,371.04,811.35,372.15
809.99,371.05,811.81,372.17
830.25,431.54,830.12,430.83
817.91,361.20,818.19,362.38
825.56,371.04,823.74,372.15
808.70,372.92,813.21,373.07
811.35,372.15,813.86,372.07
823.83,400.63,823.57,400.70
808.70,372.92,810.77,373.42
811.35,372.15,813.33,372.97
810.07,371.05,811.82,371.18
813.21,373.07,815.31,373.57
827.49,400.61,827.58,398.28
785.26,383.29,784.09,382.36
814.97,379.10,811.57,379.55
810.70,373.34,812.81,373.51
813.33,372.97,815.41,373.47
811.57,379.55,811.37,380.32
815.31,373.57,817.46,373.75
830.81,435.27,831.18,434.55
827.70,427.22,827.77,427.67
826.53,390.70,827.52,390.20
817.28,365.40,818.21,366.49
821.30,364.87,820.42,366.31
824.84,366.13,820.86,366.57
812.90,373.59,817.46,373.75
827.51,426.92,827.70,427.22
816.73,365.80,817.73,366.97
812.81,373.51,812.90,373.59
823.86,394.84,823.04,395.86
832.00,367.21,830.75,368.67
818.90,367.98,820.22,368.79
821.73,348.05,823.18,350.29
814.92,373.34,815.02,373.42
821.73,348.05,823.62,347.90
814.92,373.34,816.98,372.84
815.27,370.64,816.98,372.84
813.56,371.05,815.27,370.64
810.43,379.91,811.30,379.91
819.72,367.91,818.39,369.05
821.89,351.29,822.77,352.33
821.60,352.82,821.89,351.29
829.46,348.83,831.11,350.24
823.58,349.85,823.77,350.24
823.18,350.29,823.77,350.24
818.43,379.22,818.35,380.06
828.49,302.64,832.22,302.17
822.97,398.22,823.13,398.21
823.62,347.90,823.58,349.85
813.56,371.05,815.27,370.64
824.53,349.78,825.49,349.85
825.52,348.05,824.53,349.78
831.31,342.73,831.04,343.04
811.80,380.73,811.89,381.56
830.18,353.80,830.36,353.75
827.30,348.42,827.36,348.49
812.85,354.51,812.12,356.26
825.98,348.46,827.74,349.19
810.24,358.10,810.42,360.00
829.29,350.07,830.44,351.71
829.85,356.08,830.67,356.87
810.24,358.10,810.09,360.00
829.29,350.07,830.75,351.32
832.51,351.89,830.75,351.32
808.22,364.26,810.41,363.79
816.82,349.55,818.52,348.84
813.50,356.42,813.64,356.19
817.35,355.67,819.23,360.91
822.84,341.54,822.82,341.40
820.76,348.21,834.38,348.68
831.19,355.74,831.69,357.85
823.72,396.30,823.96,396.81
819.61,373.57,817.46,373.75
821.30,364.87,820.86,366.57
825.00,366.17,829.71,366.24
825.82,364.20,830.54,364.25
811.86,378.22,811.73,378.86
823.74,367.94,822.36,369.55
826.47,423.24,826.34,423.20
827.53,413.93,827.76,413.96
823.74,367.94,819.72,367.91
821.76,347.02,821.71,346.93
820.86,366.57,819.72,367.91
820.52,353.48,821.60,352.82
810.24,361.90,810.69,363.75
819.34,352.59,818.24,353.53
819.80,360.92,819.80,356.15
820.58,362.01,819.80,356.15
813.42,370.60,815.27,370.64
792.08,370.93,801.28,369.07
819.45,360.72,819.37,360.72
825.44,347.97,825.52,348.05
813.42,370.60,815.06,370.21
824.13,348.01,825.98,348.46
801.52,363.32,801.18,363.46
816.75,354.21,815.94,355.53
819.19,355.54,819.61,357.07
807.51,352.54,806.96,351.97
811.95,356.24,811.51,358.09
810.69,356.25,810.24,358.10
814.58,359.15,814.40,358.65
814.58,359.15,814.61,358.70
819.61,357.07,817.72,355.23
815.93,359.15,816.30,358.05
821.56,325.49,821.36,325.39
818.19,380.07,818.26,379.24
830.75,351.32,832.00,352.79
809.80,360.00,809.96,361.92
816.53,358.73,816.56,359.15
799.31,360.00,803.50,357.85
808.22,364.26,809.05,366.26
799.47,362.11,799.31,360.00
808.90,366.30,810.03,368.16
784.73,377.98,785.20,382.34
811.83,368.39,812.39,368.41
808.36,369.66,806.96,368.09
800.77,361.75,799.47,362.11
830.90,357.87,830.47,360.00
806.96,368.09,808.36,369.73
814.85,380.07,815.21,380.45
830.31,358.01,830.47,360.00
808.36,369.66,808.36,369.73
831.50,357.86,831.67,360.00
819.33,352.41,819.72,352.09
808.81,368.97,810.32,370.26
825.82,364.20,825.00,366.17
809.52,371.04,811.35,372.15
810.07,371.05,812.81,373.51
810.32,370.26,811.35,372.15
830.63,362.15,830.39,363.13
810.32,370.26,812.02,371.30
822.77,395.98,822.54,396.18
811.22,372.25,813.33,372.97
821.78,365.08,820.86,366.57
811.22,372.25,813.21,373.07
810.77,373.42,815.31,373.57
810.77,373.42,812.90,373.59
799.36,375.12,799.41,374.58
810.70,373.34,812.90,373.59
812.81,373.51,812.90,373.59
817.22,360.91,816.45,361.99
816.62,362.63,816.50,362.37
816.62,362.63,817.22,360.91
820.42,366.31,819.33,367.59
830.93,420.70,831.39,421.46
821.68,350.64,821.89,351.29
818.31,358.82,821.73,357.68
820.25,351.23,821.68,350.64
823.62,347.90,824.53,349.78
820.89,356.16,824.07,362.04
797.37,377.54,797.23,378.04
823.58,349.85,824.53,349.78
798.85,374.60,798.89,375.06
821.73,348.05,823.58,349.85
799.58,373.51,799.75,373.78
788.78,375.21,788.73,375.61
823.53,347.82,825.52,348.05
818.22,355.17,817.72,355.30
827.30,348.42,825.98,348.46
809.80,360.00,809.96,361.92
825.77,348.84,827.74,349.19
825.77,348.84,827.47,349.55
805.39,353.81,806.47,354.24
827.47,349.55,829.29,350.07
825.64,398.81,825.58,400.73
799.00,373.75,798.89,374.14
829.46,348.83,830.75,351.32
832.49,351.84,831.11,350.24
812.08,368.25,812.49,368.26
809.80,360.00,810.56,361.83
809.96,361.92,810.41,363.79
803.50,357.85,803.74,356.87
830.36,353.75,833.62,353.70
810.03,368.16,810.19,368.11
808.90,366.30,809.05,366.26
831.00,355.78,831.19,355.74
831.06,360.00,830.31,361.98
806.96,368.09,810.03,368.16
830.90,357.87,831.06,360.00
830.47,360.00,831.06,360.00
830.31,358.01,831.50,357.86
821.23,352.54,818.37,349.67
831.50,362.14,831.69,362.15
825.82,364.20,830.39,363.13
788.05,373.21,788.81,373.41
823.70,392.70,824.83,391.80
824.55,367.43,825.73,367.52
824.84,366.13,825.00,366.17
824.84,366.13,825.82,364.20
821.42,324.00,821.23,323.61
819.37,360.72,819.10,357.40
811.35,372.15,813.33,372.97
815.88,346.51,815.79,347.47
824.84,366.13,823.74,367.94
828.67,389.90,827.90,390.88
826.47,423.24,827.09,423.28
820.25,351.23,819.34,352.59
817.28,357.40,817.02,360.71
830.51,417.04,831.43,417.59
818.94,352.04,819.34,352.59
820.25,351.23,818.94,352.04
823.51,361.55,823.25,361.37
811.82,371.18,811.74,370.74
819.61,357.07,819.21,357.07
815.70,382.89,815.67,382.44
813.42,370.60,811.82,371.18
823.35,361.88,823.51,361.55
749.04,360.00,751.48,360.00
815.68,382.76,815.67,382.44
813.56,371.05,811.82,371.18
813.42,370.60,813.56,371.05
805.10,376.39,804.68,376.82
820.89,362.04,820.83,362.51
821.50,400.13,821.32,400.11
810.09,360.00,810.24,361.90
817.76,353.04,816.75,354.21
816.72,349.19,818.48,348.46
813.84,352.89,816.75,354.21
829.39,422.04,829.31,422.48
813.84,352.89,812.85,354.51
812.69,354.47,811.95,356.24
811.42,354.49,811.95,356.24
815.43,359.95,815.56,360.25
810.69,356.25,811.95,356.24
829.13,421.28,829.32,421.58
811.42,354.49,810.69,356.25
814.85,360.31,815.03,360.52
810.24,358.10,810.56,358.16
810.19,368.11,812.15,367.21
810.69,356.25,810.24,358.10
817.06,360.71,817.02,360.71
809.80,360.00,810.42,360.00
829.70,411.92,830.06,412.66
828.70,422.41,828.63,421.95
805.39,366.19,806.47,365.76
828.88,422.71,828.70,422.41
788.70,374.10,788.80,374.63
807.55,360.00,809.96,361.92
828.76,421.99,828.70,422.41
828.88,422.71,828.76,421.99
827.64,349.07,829.29,350.07
808.06,364.29,808.22,364.26
808.06,364.29,807.72,362.16
815.93,357.79,815.03,357.77
808.06,364.29,808.90,366.30
799.47,357.89,799.97,355.80
815.24,357.70,815.03,357.77
831.63,421.22,831.43,421.48
788.22,373.22,788.46,373.56
805.84,366.20,806.96,368.09
829.29,350.07,830.75,351.32
806.96,368.03,806.96,368.09
828.90,389.14,828.71,388.85
831.70,420.78,831.63,421.22
819.55,355.31,821.30,355.32
831.44,420.02,831.63,420.32
809.52,371.04,810.32,370.26
831.20,419.99,831.44,420.02
830.93,420.70,831.01,420.25
831.01,420.25,831.20,419.99
825.80,418.86,826.16,419.60
831.00,421.16,830.93,420.70
812.02,371.30,813.86,372.07
811.22,372.25,813.21,373.07
825.93,419.57,826.16,419.60
818.48,348.46,819.77,348.42
831.07,420.73,830.93,420.70
810.70,373.34,808.70,372.92
831.07,420.73,831.00,421.16
831.20,421.46,831.00,421.16
810.70,373.34,810.77,373.42
831.20,421.46,831.07,420.73
815.87,358.70,815.80,358.65
811.82,371.18,812.81,373.51
819.54,371.30,818.43,379.22
832.11,389.31,830.72,389.42
821.78,365.08,820.86,366.57
812.12,363.74,812.85,365.49
821.73,348.05,821.68,350.64
819.61,346.42,819.68,346.53
823.53,347.82,823.62,347.90
829.55,440.17,829.74,440.48
823.53,347.82,825.44,347.97
811.30,379.91,811.52,380.49
823.53,347.82,824.13,348.01
822.23,347.86,824.13,348.01
828.44,435.96,828.83,435.62
826.75,368.97,825.24,370.26
825.98,348.46,825.77,348.84
824.13,348.01,825.98,348.46
827.47,349.55,827.64,349.07
827.64,349.07,829.29,350.07
827.91,381.99,828.19,381.75
828.81,404.50,832.68,405.53
832.06,440.23,831.86,440.48
827.41,392.21,829.99,393.08
831.82,438.89,832.15,438.46
830.00,366.53,830.03,366.22
830.75,434.78,831.14,434.44
830.67,356.87,830.90,357.87
827.50,380.67,827.50,381.52
815.15,370.75,811.66,371.31
825.66,364.17,825.82,364.20
811.74,370.87,811.66,371.31
826.32,362.12,825.82,364.20
821.78,365.08,824.84,366.13
815.15,370.75,811.74,370.87
800.63,360.00,799.30,360.00
825.66,364.17,824.84,366.13
815.33,360.67,815.53,360.44
815.10,370.34,815.15,370.75
822.45,363.46,821.78,365.08
818.13,368.79,815.10,370.34
818.94,352.04,817.76,353.04
827.77,427.67,828.63,427.72
815.07,351.44,818.94,352.04
811.74,370.74,811.82,371.18
814.85,357.98,814.67,357.85
810.06,370.60,811.74,370.74
814.70,358.30,814.85,357.98
813.68,352.84,813.84,352.89
828.50,436.45,828.63,435.71
829.18,383.17,827.72,383.43
822.08,363.36,820.53,366.39
813.68,352.84,812.69,354.47
811.42,354.49,812.69,354.47
828.50,436.45,828.44,435.96
829.18,383.17,830.02,383.42
822.08,363.36,822.41,363.49
813.68,352.84,811.42,354.49
815.19,382.07,815.46,382.39
822.96,360.00,822.41,363.49
812.41,352.86,811.42,354.49
811.42,354.49,810.69,356.25
810.99,356.37,810.69,356.25
822.41,356.50,822.96,360.00
815.08,347.70,817.08,346.87
811.42,354.49,810.99,356.37
822.61,360.00,822.96,360.00
811.70,354.67,810.99,356.37
810.56,358.16,809.96,358.08
815.34,359.57,815.31,359.15
810.41,356.21,809.96,358.08
822.90,332.26,822.95,332.23
820.80,353.35,822.41,356.50
810.41,356.21,810.56,358.16
822.08,356.64,822.41,356.50
818.94,347.97,817.10,347.07
810.99,356.37,810.56,358.16
823.04,332.49,822.90,332.26
820.53,353.61,822.08,356.64
809.96,358.08,809.80,360.00
807.55,360.00,809.80,360.00
830.55,379.06,829.47,380.58
814.47,378.33,814.04,378.47
818.30,350.85,820.80,353.35
807.55,360.00,807.72,362.16
818.13,351.20,820.53,353.61
812.38,380.71,811.70,380.65
807.55,362.17,808.06,364.29
812.69,368.37,813.57,362.15
804.50,362.15,808.06,364.29
812.02,348.69,811.81,347.83
805.00,364.25,808.06,364.29
805.84,366.20,805.00,364.25
815.15,349.25,818.30,350.85
812.02,348.69,809.99,348.95
805.00,364.25,805.83,366.25
815.10,349.66,818.13,351.20
805.84,366.20,806.96,368.03
807.51,367.46,806.96,368.03
830.81,435.27,830.94,434.52
811.66,348.69,815.15,349.25
806.47,365.76,807.51,367.46
808.16,349.25,811.66,348.69
806.51,368.02,807.90,369.64
811.74,349.13,815.10,349.66
807.51,367.46,808.81,368.97
807.90,369.64,808.81,368.97
822.83,342.36,822.97,342.13
808.38,349.66,811.74,349.13
807.90,369.64,809.52,371.04
823.58,409.81,822.47,409.33
807.74,369.72,809.52,371.04
809.38,371.12,809.52,371.04
807.74,369.72,809.38,371.12
805.01,350.85,808.38,349.66
809.38,371.12,811.22,372.25
815.33,357.62,835.62,355.96
804.91,370.99,811.22,372.25
808.64,372.84,810.70,373.34
810.07,371.05,810.70,373.34
814.92,351.39,813.68,352.84
808.36,370.64,810.07,371.05
822.45,363.46,821.78,365.08
822.45,363.46,821.30,364.87
830.20,356.87,830.80,356.87
821.95,363.32,821.30,364.87
822.77,395.98,823.13,398.21
822.82,401.60,823.58,409.81
819.89,348.49,821.68,350.64
824.97,401.03,825.03,400.97
810.19,351.89,813.40,351.32
819.89,348.49,820.25,351.23
821.63,347.97,821.73,348.05
827.82,432.03,827.76,431.54
804.31,363.13,804.48,363.13
819.89,348.49,821.73,348.05
812.94,377.90,813.02,378.00
821.63,347.97,819.89,348.49
811.42,365.51,812.41,367.13
823.53,347.82,822.23,347.86
822.23,347.86,824.13,348.01
822.23,347.86,823.98,348.42
822.15,348.27,823.98,348.42
823.99,347.88,825.77,348.84
815.27,349.36,816.98,347.15
825.87,348.33,827.64,349.07
825.61,346.87,827.64,349.07
827.61,347.70,827.64,349.07
829.42,348.77,829.46,348.83
803.74,363.13,804.04,363.13
827.61,347.70,829.46,348.83
827.83,350.26,831.07,350.19
810.32,349.73,812.02,348.69
829.42,348.77,831.07,350.19
829.06,351.97,830.18,353.80
803.50,362.15,803.83,362.15
829.06,351.97,829.08,354.24
804.27,362.13,803.83,362.15
829.70,353.81,829.85,356.08
828.58,368.02,827.19,369.64
815.57,366.34,815.14,368.54
803.83,357.85,804.04,356.87
826.15,362.11,825.66,364.17
823.56,397.97,823.94,400.36
803.50,357.85,803.83,357.85
815.27,349.36,815.06,349.79
822.86,361.75,822.45,363.46
827.19,369.64,825.56,371.04
815.53,365.91,815.75,366.09
823.52,397.96,823.17,395.72
823.13,398.21,823.48,400.45
804.04,356.87,803.83,357.85
814.92,351.39,815.07,351.44
829.21,378.99,827.31,379.87
815.20,355.97,815.22,356.20
816.38,350.15,815.07,351.44
808.42,370.21,810.06,370.60
804.27,357.87,804.48,356.87
823.41,352.85,827.70,352.58
814.92,346.66,812.90,346.41
808.36,370.64,810.06,370.60
804.27,357.87,804.04,356.87
808.36,370.64,810.07,371.05
829.99,426.89,829.80,427.15
813.65,351.42,813.68,352.84
824.95,345.00,822.90,346.19
819.03,356.59,822.18,356.59
827.09,427.14,827.47,426.81
812.41,352.86,813.68,352.84
811.42,354.49,811.70,354.67
813.79,355.97,835.87,355.75
809.38,348.88,809.52,348.96
812.66,353.11,811.70,354.67
806.74,350.03,806.68,347.97
808.06,355.71,808.22,355.73
803.50,362.15,803.74,363.13
812.66,353.11,811.42,354.49
810.41,356.21,810.99,356.37
829.38,425.92,829.57,425.66
811.14,354.43,810.41,356.21
829.44,426.40,829.38,425.92
807.72,357.84,809.96,358.08
816.56,356.21,816.45,356.18
808.22,355.73,809.96,358.08
807.72,357.84,807.55,360.00
830.39,363.13,830.20,363.13
831.78,355.26,831.73,355.48
821.30,355.12,821.95,356.68
801.52,356.68,801.18,356.54
807.38,360.00,807.55,360.00
829.57,427.12,829.38,426.82
821.30,355.12,822.45,356.54
807.38,360.00,807.55,362.17
804.50,362.15,807.55,362.17
814.85,368.71,815.35,366.17
814.86,350.07,813.40,351.32
817.08,346.87,818.28,348.33
804.50,362.15,805.00,364.25
823.23,342.68,835.85,342.56
804.57,364.21,805.39,366.19
819.09,346.29,819.19,346.37
805.02,364.22,805.84,366.20
826.32,360.00,822.86,361.75
805.39,366.19,807.51,367.46
814.85,357.98,815.03,357.77
815.57,366.34,816.87,366.46
806.51,368.02,807.51,367.46
822.45,328.18,822.62,328.22
821.70,347.93,823.54,348.69
806.51,368.02,807.74,369.72
807.74,369.72,807.90,369.64
822.62,341.86,822.45,328.18
811.82,348.81,812.81,346.49
816.38,350.15,813.65,351.42
807.74,369.72,809.38,371.12
813.65,368.58,815.09,369.82
806.68,372.03,804.91,370.99
815.34,359.57,815.43,359.95
814.88,347.92,811.66,348.69
830.67,356.87,830.90,357.87
806.74,369.96,808.36,370.64
811.60,379.16,811.94,379.51
789.34,384.74,790.31,384.83
822.34,361.68,821.95,363.32
818.42,349.73,818.30,350.85
803.50,357.85,803.33,360.00
830.20,356.87,830.42,357.85
802.17,355.12,801.85,354.92
822.34,361.68,822.45,363.46
823.31,342.17,836.53,342.17
822.86,361.75,822.45,363.46
830.39,356.87,830.20,356.87
819.77,348.42,819.89,348.49
822.45,356.54,825.66,355.83
827.15,427.62,827.70,427.22
817.08,373.12,820.16,372.12
823.79,327.67,836.05,327.67
819.77,348.42,821.63,347.97
823.43,346.29,825.55,346.80
815.08,347.70,816.50,349.07
819.77,348.42,820.33,348.01
816.45,361.99,817.22,356.17
832.11,425.53,824.81,411.68
825.52,371.95,827.75,369.39
818.48,348.46,820.33,348.01
831.19,367.14,832.28,366.69
811.82,348.81,811.74,349.26
820.31,348.42,822.15,348.27
823.54,308.77,823.46,308.64
815.21,380.45,816.36,372.30
822.23,347.86,822.15,348.27
822.15,348.27,823.99,347.88
828.19,381.75,829.76,381.19
824.11,310.29,824.08,319.50
825.61,346.87,827.61,347.70
803.26,350.45,804.91,349.00
805.71,363.92,805.39,366.19
826.19,348.86,829.42,348.77
822.90,332.26,818.55,332.37
827.56,347.64,829.42,348.77
826.19,348.86,827.83,350.26
827.67,350.34,826.19,348.86
818.28,332.65,819.03,331.78
829.06,351.97,828.04,352.54
803.29,350.39,801.90,352.01
821.26,346.12,821.35,346.20
803.33,360.00,803.50,362.15
815.25,350.51,813.65,351.42
826.75,351.03,829.06,351.97
815.09,350.18,813.65,351.42
827.67,350.34,829.06,351.97
829.70,353.81,829.08,354.24
828.58,351.98,829.70,353.81
830.52,355.78,830.54,355.75
813.85,351.71,812.15,352.79
829.71,353.76,830.52,355.78
813.40,351.32,812.15,352.79
829.70,353.81,830.52,355.78
815.78,358.30,815.70,358.20
823.74,347.84,825.56,348.96
820.86,353.42,821.30,355.12
820.61,332.30,819.93,332.30
830.54,355.75,830.80,356.87
804.52,362.14,805.00,364.25
825.82,355.80,830.39,356.87
825.41,409.98,836.48,411.10
804.14,367.59,805.24,369.05
803.74,363.13,804.04,363.13
825.56,348.96,827.18,350.28
815.94,346.40,818.10,346.23
826.32,360.00,826.15,362.11
825.41,409.98,835.73,409.98
792.13,383.49,790.83,384.24
805.21,353.76,804.57,355.78
803.70,368.68,784.79,368.25
824.70,391.44,824.83,391.80
818.52,348.84,820.31,348.42
823.00,360.00,822.86,361.75
801.13,358.32,800.63,360.00
765.52,360.00,770.73,360.00
820.31,348.42,822.15,348.27
816.38,350.15,816.51,350.21
801.13,358.32,801.00,360.00
765.52,360.00,770.48,361.61
805.00,355.74,808.06,355.71
824.84,353.87,822.45,356.54
830.39,356.87,830.80,356.87
819.76,347.47,821.70,347.93
816.38,350.15,814.92,351.39
755.94,350.51,756.69,352.82
830.96,354.30,830.94,354.56
792.79,378.38,792.80,378.01
804.91,370.99,809.38,371.12
815.09,350.18,813.65,351.42
830.94,365.44,831.81,364.42
804.57,364.21,805.21,366.24
819.09,346.29,821.26,346.12
806.86,369.57,808.36,370.64
813.65,351.42,812.41,352.86
793.71,382.24,793.38,382.53
813.65,351.42,812.66,353.11
811.70,354.67,811.14,354.43
812.15,352.79,811.14,354.43
830.86,329.41,830.95,330.53
825.10,396.24,824.11,397.44
827.66,411.10,835.32,411.10
826.75,351.03,828.04,352.54
812.15,352.79,811.70,354.67
812.66,353.11,811.70,354.67
826.68,410.98,827.66,411.10
808.36,349.36,810.07,348.95
813.10,348.77,815.08,347.70
790.83,384.24,789.57,384.63
808.22,355.73,810.41,356.21
823.74,347.84,823.54,348.69
836.52,408.10,826.68,410.98
817.79,333.18,818.47,333.18
790.88,384.02,789.65,384.40
830.30,394.65,833.11,395.08
801.85,365.08,802.77,366.57
820.33,348.01,822.23,347.86
767.10,365.87,765.13,364.43
803.37,349.67,756.03,349.44
808.06,355.71,807.72,357.84
800.04,368.80,797.37,369.89
790.83,384.24,789.65,384.40
806.68,347.97,806.73,347.89
808.36,350.26,811.45,350.19
828.58,351.92,829.71,353.76
808.22,355.73,807.72,357.84
790.88,384.02,792.15,383.29
804.87,349.07,804.91,349.00
801.18,363.46,801.85,365.08
829.71,353.76,830.54,355.75
804.33,360.00,807.38,360.00
826.24,409.97,836.52,408.10
808.36,350.34,806.96,351.97
801.52,363.32,802.17,364.87
804.33,360.00,804.50,362.15
825.56,348.96,825.54,348.88
826.17,410.62,836.52,408.10
817.87,333.05,818.45,332.41
813.79,347.01,811.85,347.73
825.82,355.80,826.32,357.87
804.52,362.14,804.50,362.15
805.71,363.92,804.57,364.21
826.19,371.14,829.42,371.23
793.13,378.33,793.14,377.96
793.33,382.36,792.94,382.26
817.29,361.26,815.61,360.95
806.47,354.24,805.71,356.08
805.71,363.92,806.47,365.76
824.30,369.14,816.57,368.81
792.70,384.33,791.79,384.41
823.99,367.97,825.26,368.07
806.34,368.08,806.51,368.02
815.62,359.05,817.29,358.74
804.39,355.75,804.31,356.87
810.73,378.24,810.83,377.64
786.19,371.11,783.95,371.05
805.21,366.24,806.34,368.08
823.11,328.35,823.31,327.87
799.96,364.17,800.78,366.13
828.04,352.54,829.70,353.81
827.63,332.67,827.28,331.77
768.10,353.56,767.61,353.80
801.90,367.99,807.74,369.72
803.29,369.61,804.91,370.99
813.82,380.44,813.97,380.77
803.26,369.55,804.91,370.99
822.28,395.72,823.12,393.71
804.87,370.93,806.68,372.03
822.19,408.58,828.81,404.50
822.10,395.70,822.93,393.73
811.35,347.84,813.86,347.93
805.24,369.05,806.74,369.96
808.70,347.07,813.21,346.93
824.00,352.04,823.77,350.91
819.72,352.09,820.86,353.42
812.15,352.79,811.14,354.43
823.00,360.00,822.34,361.68
830.81,368.58,830.69,369.85
821.15,324.64,821.20,325.08
792.65,371.30,789.11,370.98
820.31,348.42,820.33,348.01
827.12,319.82,821.29,320.39
823.02,342.18,823.44,342.36
830.65,329.42,830.73,330.53
792.15,383.29,791.98,383.07
804.35,360.00,805.25,361.98
821.18,320.87,822.86,320.87
815.88,373.49,818.10,373.77
803.91,352.09,804.14,352.41
820.16,347.88,822.07,347.73
816.44,358.35,816.53,358.73
830.65,329.42,830.86,329.41
811.22,347.75,813.21,346.93
820.16,347.88,822.15,348.27
821.33,325.44,821.56,325.49
808.42,370.21,808.36,370.64
824.62,394.65,823.86,394.84
830.62,328.42,830.65,329.42
822.07,347.73,823.99,347.88
821.35,346.20,823.99,347.88
822.90,346.19,834.13,345.79
790.77,383.77,790.88,384.02
792.65,371.30,789.37,371.21
805.25,361.98,804.48,363.13
808.36,349.36,808.42,349.79
823.51,346.37,823.99,347.88
822.45,363.46,821.95,363.32
823.78,393.53,823.18,393.37
823.43,346.29,825.61,346.87
792.65,371.30,790.93,377.76
823.51,346.37,825.61,346.87
824.80,400.76,825.13,400.06
830.03,327.67,830.24,327.65
826.75,351.03,827.67,350.34
837.84,348.05,820.83,348.05
829.55,327.20,830.03,327.67
794.57,382.02,793.15,381.94
815.10,357.54,814.87,357.62
806.86,350.43,805.43,351.31
826.04,348.95,827.67,350.34
829.55,327.20,829.76,327.18
826.04,348.95,826.75,351.03
829.03,327.07,829.55,327.20
794.10,377.56,793.86,377.51
767.13,355.04,765.52,354.79
827.19,350.35,828.58,351.98
790.77,383.77,791.98,383.07
793.38,382.53,791.52,383.45
797.37,369.89,797.02,370.83
821.59,347.19,821.80,347.09
828.50,327.28,829.03,327.07
793.75,377.87,793.98,377.92
769.74,356.94,768.58,355.78
828.58,351.98,829.70,353.81
828.50,327.28,828.70,327.26
827.84,328.63,828.22,327.81
826.17,344.77,821.42,344.95
770.48,361.61,770.73,360.00
826.15,357.89,826.32,357.87
784.48,383.45,785.78,384.20
815.09,350.18,816.38,350.15
815.46,378.35,812.30,377.97
784.44,382.87,785.64,383.57
822.34,361.68,822.86,361.75
800.77,361.75,799.96,364.17
800.63,360.00,800.77,361.75
827.65,332.84,827.84,332.86
805.43,368.69,806.86,369.57
806.86,369.57,806.74,369.96
814.85,360.31,815.56,360.25
828.63,437.16,828.44,436.86
805.25,361.98,804.52,362.14
823.05,397.99,822.37,398.00
764.12,356.99,762.99,355.85
830.45,331.60,830.17,332.50
805.21,366.24,806.34,368.08
821.50,325.06,821.33,325.44
800.79,366.17,806.34,368.08
830.86,383.61,827.50,383.20
814.26,380.77,814.49,380.88
824.33,395.02,824.76,395.51
830.39,331.57,830.17,332.50
792.18,383.86,793.40,383.16
804.14,367.59,805.43,368.69
803.74,363.13,804.12,363.13
808.70,347.07,811.22,347.75
801.90,367.99,806.34,368.08
824.28,369.38,815.26,368.93
792.13,383.49,791.52,383.45
795.55,382.93,793.73,382.49
813.42,349.39,815.06,349.79
809.99,348.95,810.00,348.86
801.90,367.99,803.29,369.61
830.63,383.38,828.36,382.16
825.12,394.84,825.58,395.35
830.53,330.53,830.45,331.60
792.39,384.11,792.18,383.86
817.78,347.31,819.76,347.47
810.19,351.89,812.15,352.79
803.26,369.55,803.29,369.61
823.01,400.65,822.51,399.86
830.63,383.38,827.50,383.20
764.85,358.41,764.12,356.99
830.53,330.53,830.39,331.57
810.19,351.89,809.05,353.73
803.26,369.55,804.87,370.93
826.52,352.04,826.71,352.40
824.12,398.84,824.17,398.14
830.47,330.54,830.39,331.57
808.90,353.70,809.05,353.73
830.80,356.87,830.20,356.87
803.91,367.91,804.87,370.93
805.24,369.05,804.87,370.93
828.88,422.71,829.12,422.74
830.81,435.27,830.67,435.22
823.00,360.00,822.48,360.00
827.31,378.11,829.21,378.99
823.37,400.02,822.67,399.91
804.52,357.86,804.35,360.00
822.34,358.32,823.00,360.00
816.82,349.55,818.52,348.84
824.00,355.13,821.59,355.13
822.36,350.45,820.88,349.00
816.72,349.19,818.52,348.84
830.78,363.13,830.54,364.25
784.79,368.25,784.74,368.42
806.34,351.92,805.21,353.76
802.77,366.57,804.14,367.59
821.35,346.20,822.07,347.73
820.18,343.36,820.18,321.87
799.97,355.80,799.47,357.87
810.03,351.84,808.90,353.70
822.35,346.90,825.55,346.80
819.34,352.59,820.52,353.48
813.86,347.93,815.41,346.53
765.52,360.00,760.57,358.39
827.18,350.28,828.58,351.98
762.46,355.78,761.31,356.94
825.00,353.83,829.71,353.76
815.02,346.58,819.61,346.42
821.26,346.12,823.43,346.29
822.45,356.54,822.86,358.25
816.82,349.55,815.25,350.51
827.66,411.10,835.32,411.10
810.83,378.84,810.73,378.24
802.08,371.21,800.23,373.10
822.17,341.01,821.76,339.31
817.08,346.87,819.19,346.37
814.86,350.07,813.85,351.71
822.79,328.39,822.99,327.83
831.08,411.21,831.20,411.99
823.00,337.35,821.98,335.56
828.05,367.15,830.05,367.42
818.50,341.72,818.50,337.26
798.85,371.11,798.97,377.61
824.81,411.68,824.90,412.44
805.00,355.74,804.50,357.85
805.09,360.00,804.35,360.00
824.07,355.34,821.72,355.34
823.76,369.14,823.99,367.97
805.09,360.00,804.27,362.13
827.27,428.34,827.09,428.04
804.27,362.13,805.25,361.98
827.82,432.03,828.45,432.08
804.12,363.13,804.57,364.21
827.30,348.42,829.12,349.22
799.97,364.20,805.21,366.24
795.20,369.82,793.53,369.81
823.48,400.45,823.19,400.31
805.41,377.69,804.11,377.64
800.79,366.17,801.90,367.99
800.78,366.13,801.90,367.99
804.87,349.07,803.26,350.45
801.18,363.46,802.17,364.87
801.88,367.94,801.90,367.99
770.56,360.00,770.02,356.57
816.50,349.07,818.28,348.33
816.82,349.55,818.28,348.33
824.42,389.36,826.12,388.90
770.19,360.00,769.65,356.62
820.08,397.91,820.21,395.84
787.67,377.61,787.85,377.77
819.09,346.29,821.35,346.20
825.24,349.73,826.75,351.03
830.20,363.13,830.39,363.13
820.25,346.40,822.35,346.90
805.43,351.31,804.14,352.41
822.23,347.01,823.54,348.69
822.84,328.41,836.23,328.41
805.25,361.98,805.71,363.92
826.15,357.89,823.00,360.00
816.91,385.75,814.23,382.45
831.44,435.32,832.32,435.37
823.89,352.01,827.18,350.28
799.17,373.50,799.38,373.41
806.73,347.89,809.38,348.88
824.84,353.87,825.00,353.83
799.38,374.62,799.38,373.41
818.01,346.34,819.76,347.47
823.89,352.01,825.00,353.83
831.37,434.86,832.19,434.58
824.84,353.87,823.89,352.01
828.04,414.44,827.72,413.94
816.82,349.55,815.25,350.51
816.82,349.55,814.86,350.07
816.82,349.55,816.50,349.07
803.83,357.85,803.66,360.00
787.67,377.61,787.46,374.01
811.59,350.24,813.40,351.32
798.32,378.09,798.31,377.72
813.24,348.83,813.40,351.32
819.87,337.26,821.47,332.44
789.17,375.49,788.57,375.90
828.05,367.15,829.14,366.70
827.16,419.69,826.83,420.12
804.11,360.00,804.27,357.87
805.09,360.00,805.25,358.01
804.11,360.00,805.09,360.00
804.39,364.25,804.12,363.13
829.14,353.30,832.28,353.31
811.70,354.67,810.41,356.21
804.35,360.00,804.33,360.00
800.78,366.13,801.88,367.94
831.62,440.44,832.14,440.95
810.41,356.21,809.96,358.08
829.05,436.94,829.54,437.73
822.45,356.54,821.95,356.68
814.20,382.08,814.97,381.60
823.27,404.85,824.25,404.59
820.99,399.44,821.46,400.74
748.83,363.38,748.90,363.43
816.50,349.07,818.28,348.33
805.97,370.42,805.67,370.33
819.61,346.42,821.76,347.02
803.05,353.69,802.17,355.12
819.09,346.29,817.08,346.87
805.02,364.22,806.47,365.76
820.15,346.51,818.10,346.23
822.82,342.36,822.68,342.46
819.76,347.47,821.70,347.93
798.85,371.11,797.02,370.83
819.76,347.47,822.23,347.01
831.06,360.00,830.90,362.13
794.85,382.89,794.38,378.43
799.08,370.89,797.02,370.83
820.15,346.51,822.23,347.01
788.96,384.59,788.63,383.94
828.13,389.00,828.71,388.85
827.18,380.82,827.50,380.67
822.79,395.79,823.02,395.55
830.47,446.33,831.56,446.48
802.08,371.21,799.08,370.89
821.70,347.93,823.74,347.84
817.38,384.58,817.24,384.18
802.34,370.98,799.08,370.89
768.58,355.78,767.13,355.04
821.76,347.02,823.74,347.84
822.62,341.86,822.45,341.91
822.86,358.25,823.00,360.00
823.70,347.75,825.54,348.88
823.70,347.75,825.56,348.96
770.48,358.39,769.74,356.94
823.74,347.84,825.56,348.96
825.54,348.88,827.18,350.28
800.07,375.90,799.91,376.12
822.36,350.45,823.89,352.01
818.12,371.27,818.13,370.24
814.86,350.07,813.40,351.32
822.50,350.39,823.89,352.01
816.50,349.07,814.86,350.07
824.81,411.68,833.17,423.17
821.35,346.20,823.51,346.37
813.24,348.83,814.86,350.07
765.52,365.21,767.13,364.95
813.24,348.83,816.50,349.07
813.10,348.77,811.59,350.24
813.24,348.83,811.59,350.24
820.31,348.42,822.23,347.86
805.02,355.78,805.25,358.01
823.54,348.69,826.04,348.95
802.17,364.87,803.05,366.31
788.70,374.10,788.65,374.05
808.36,350.26,810.03,351.84
821.95,356.68,822.34,358.32
765.52,360.00,760.31,360.00
827.18,350.28,828.58,351.92
810.00,371.14,811.85,372.27
805.84,353.80,806.96,351.91
823.94,400.36,823.56,397.97
825.56,348.96,827.19,350.35
760.31,360.00,760.57,361.61
806.96,351.91,805.83,353.75
800.41,368.63,800.02,368.25
806.74,350.03,808.36,349.36
805.71,356.08,804.48,356.87
799.47,362.12,803.33,360.00
827.76,432.44,828.14,432.74
801.85,365.08,800.78,366.13
801.90,352.01,800.79,353.83
817.10,347.07,819.06,347.89
821.30,355.12,821.78,354.92
804.04,356.87,803.74,356.87
820.42,353.69,821.30,355.12
812.90,346.41,815.31,346.42
816.97,346.80,815.08,347.70
814.85,380.07,814.84,380.43
826.32,357.87,826.49,360.00
816.97,346.80,819.09,346.29
818.01,346.34,815.94,346.40
819.76,347.47,820.15,346.51
818.01,349.15,818.13,349.22
803.91,352.09,801.88,352.06
826.52,367.97,826.14,369.07
821.76,347.02,823.70,347.75
805.25,358.01,804.35,360.00
825.66,369.14,826.14,369.07
803.26,350.45,801.88,352.06
821.71,346.93,823.70,347.75
805.42,371.30,802.08,371.21
793.10,382.21,792.76,382.49
805.09,360.00,805.25,361.98
820.88,349.00,822.50,350.39
823.27,369.07,823.76,369.14
822.36,350.45,820.86,353.42
830.86,329.41,830.73,330.53
825.10,396.24,825.33,397.16
808.64,347.15,810.07,348.95
814.96,347.64,815.08,347.70
813.10,348.77,811.45,350.19
794.29,377.42,793.86,377.51
797.98,382.63,798.54,382.51
821.80,347.09,820.83,348.05
806.96,351.91,808.90,353.70
800.48,375.16,800.42,375.70
810.00,348.86,811.45,350.19
790.88,384.02,792.13,383.49
816.61,350.43,818.39,350.95
825.24,349.73,826.75,351.03
810.19,368.11,811.59,369.76
802.17,364.87,801.85,365.08
826.17,410.62,826.24,409.97
806.73,347.89,808.70,347.07
804.52,362.14,805.02,364.22
765.52,360.00,762.46,364.21
808.81,351.03,807.51,352.54
806.96,351.97,806.96,351.91
830.30,394.65,832.89,394.16
804.14,352.41,803.05,353.69
822.45,356.54,822.86,358.25
815.61,360.95,815.65,361.44
807.51,352.54,806.47,354.24
793.24,382.67,792.79,378.38
794.41,369.80,793.48,369.81
765.52,360.00,760.57,361.61
806.96,351.97,806.47,354.24
765.52,360.00,761.31,363.06
806.96,351.97,805.84,353.80
819.19,346.37,820.16,347.88
825.66,355.83,825.82,355.80
829.76,334.05,829.22,334.26
794.99,382.78,794.72,378.41
793.15,381.94,793.49,382.11
804.57,355.78,804.31,356.87
811.45,350.19,810.03,351.84
803.29,369.61,807.74,369.72
801.88,352.06,801.90,352.01
803.50,357.85,803.33,360.00
804.87,370.93,804.91,370.99
826.15,350.96,826.52,352.04
802.77,353.42,800.78,353.87
799.31,360.00,799.47,362.12
634.96,372.27,615.10,230.02
799.30,360.00,799.47,362.11
799.47,362.11,799.47,362.12
805.24,369.05,806.86,369.57
811.35,347.84,813.33,347.02
805.24,369.05,806.68,372.03
799.47,362.11,799.96,364.17
811.82,348.81,813.56,348.95
800.77,361.75,801.18,363.46
822.28,337.12,821.59,337.12
818.39,350.95,819.33,352.41
819.33,352.41,820.42,353.69
813.84,346.90,814.96,347.64
813.86,347.93,815.88,346.51
801.99,368.80,803.97,368.80
813.84,346.90,815.94,346.40
788.00,384.67,788.60,384.71
813.79,347.01,815.94,346.40
815.88,346.51,815.94,346.40
827.33,330.77,827.52,330.77
823.86,394.84,824.33,395.02
804.27,369.08,801.99,368.80
815.79,347.47,817.78,347.31
802.35,369.08,801.99,368.80
815.41,346.53,817.54,346.36
815.88,346.51,817.78,347.31
818.01,346.34,817.78,347.31
802.35,369.08,804.27,369.08
815.88,346.51,818.01,346.34
823.47,321.16,823.47,320.33
830.62,328.42,830.86,329.41
790.88,384.02,792.15,383.29
803.26,350.45,803.29,350.39
817.54,346.36,819.68,346.53
819.61,346.42,821.71,346.93
819.61,346.42,821.71,346.93
794.57,382.02,794.36,382.35
804.13,370.33,805.97,370.42
800.78,353.87,799.96,355.83
818.94,347.97,820.75,349.07
819.06,347.89,823.70,347.75
828.70,334.11,828.50,334.09
823.75,399.94,823.98,399.45
793.15,381.94,794.36,382.35
804.48,370.42,805.97,370.42
821.71,346.93,823.70,347.75
816.89,350.03,818.39,350.95
801.85,354.92,801.18,356.54
820.75,349.07,820.88,349.00
818.94,347.97,820.88,349.00
818.10,346.23,820.25,346.40
815.10,357.54,815.03,357.77
806.86,350.43,805.24,350.95
826.04,348.95,826.19,348.86
804.13,370.33,804.48,370.42
810.32,349.73,808.81,351.03
818.94,347.97,818.39,350.95
819.06,347.89,820.88,349.00
809.52,348.96,807.90,350.35
820.75,349.07,822.36,350.45
813.56,348.95,815.27,349.36
811.81,347.83,811.85,347.73
783.82,369.89,785.26,369.89
818.39,350.95,819.72,352.09
793.75,377.87,793.86,377.51
810.32,349.73,808.36,350.34
783.82,369.88,783.82,369.89
811.85,347.73,814.96,347.64
829.40,333.88,828.90,333.95
824.38,401.20,825.63,400.92
793.75,377.87,794.10,377.56
824.13,394.79,823.39,394.98
828.70,327.26,829.03,327.07
813.16,368.26,813.87,363.24
810.00,348.86,808.36,350.26
785.29,369.89,783.82,369.88
810.77,346.58,815.31,346.42
808.36,350.34,808.36,350.26
800.63,360.00,801.13,361.68
800.79,353.83,805.21,353.76
801.13,361.68,801.18,363.46
828.03,327.83,828.22,327.81
765.52,360.00,763.91,364.95
810.33,379.24,810.44,379.21
812.81,346.49,813.56,348.95
808.81,351.03,806.96,351.97
792.18,383.86,790.77,383.77
827.41,329.66,827.65,328.65
806.51,351.98,805.39,353.81
824.68,401.52,823.91,401.32
827.60,329.65,827.65,328.65
807.51,352.54,805.39,353.81
823.22,398.19,822.85,395.81
827.60,329.65,827.84,328.63
816.74,380.43,814.86,381.22
790.77,383.77,791.98,383.07
807.51,352.54,806.47,354.24
783.58,377.42,783.45,377.56
788.58,382.82,788.28,382.51
831.11,350.24,830.75,351.32
804.39,355.75,804.57,355.78
815.20,381.05,814.48,380.85
815.93,359.15,816.53,359.57
813.33,347.02,815.41,346.53
813.56,348.95,815.27,349.36
818.39,350.95,819.72,352.09
822.04,337.38,822.18,335.50
824.00,352.04,823.29,350.96
818.05,351.31,819.33,352.41
830.16,342.78,829.94,342.33
826.76,336.73,827.31,325.45
815.22,356.20,815.20,355.97
794.41,369.80,793.48,369.81
765.52,360.00,767.13,355.04
818.01,349.15,819.89,348.49
828.03,333.61,828.70,334.11
794.04,377.37,795.03,377.42
815.31,346.42,817.46,346.25
813.79,347.01,813.84,346.90
797.73,384.98,799.03,385.38
813.84,346.90,816.97,346.80
813.86,347.93,815.79,347.47
824.76,395.51,825.95,396.13
828.90,333.95,828.90,334.08
815.79,347.47,817.54,346.36
805.67,370.33,805.39,370.24
801.18,356.54,801.13,358.32
817.54,346.36,819.61,346.42
821.92,325.02,821.56,324.61
822.97,395.42,823.39,394.98
801.90,352.01,806.34,351.92
817.10,347.07,821.71,346.93
817.10,347.07,819.61,346.42
818.39,350.95,820.75,349.07
822.58,340.91,822.18,339.24
818.10,346.23,821.26,346.12
806.86,350.43,806.74,350.03
804.39,364.25,805.21,366.24
822.58,340.91,822.12,339.21
808.81,351.03,808.36,350.34
795.16,377.94,795.16,377.57
824.33,395.02,824.76,395.51
830.17,328.61,830.39,329.52
784.74,368.42,785.29,369.89
801.00,360.00,801.13,361.68
837.94,345.00,824.95,345.00
826.33,382.33,825.85,381.29
825.98,400.18,826.20,399.24
830.22,328.53,830.45,329.47
795.16,377.57,795.49,377.63
800.63,360.00,800.77,361.75
811.59,378.79,811.73,378.86
801.13,361.68,800.77,361.75
831.67,360.00,830.47,360.00
821.26,373.88,819.19,373.63
824.11,310.29,824.08,319.50
823.02,342.18,822.84,341.75
807.90,350.35,807.51,352.54
823.47,342.46,822.99,342.26
813.40,381.86,814.23,382.45
820.86,353.42,821.78,354.92
820.16,347.88,822.07,347.73
782.87,368.42,784.74,368.42
806.51,351.98,805.21,353.76
801.18,356.54,800.77,358.25
806.51,351.98,805.39,353.81
805.21,353.76,805.39,353.81
805.83,353.75,805.00,355.74
804.39,364.25,805.21,366.24
824.21,347.83,824.35,347.73
782.87,368.25,803.70,368.68
799.47,357.89,799.30,360.00
818.39,350.95,818.05,351.31
819.72,367.91,822.36,369.55
825.54,321.38,825.63,321.23
812.90,346.41,817.46,346.25
783.56,369.81,783.81,369.83
816.89,350.03,818.39,350.95
813.20,363.24,813.13,363.20
813.79,347.01,813.86,347.93
816.00,357.17,814.98,358.46
811.81,347.83,813.79,347.01
817.54,346.36,817.46,346.25
827.98,333.38,827.50,332.67
769.65,356.62,768.10,353.56
825.63,321.23,827.42,325.32
805.18,377.92,803.92,377.86
799.41,374.58,799.37,374.59
808.70,372.92,815.31,373.57
815.94,346.40,821.26,346.12
814.92,346.66,817.10,347.07
809.99,348.95,811.81,347.83
826.68,410.98,826.94,413.09
813.40,351.32,812.15,352.79
823.58,370.14,823.75,369.79
825.58,412.92,826.94,413.09
817.79,370.42,816.31,370.42
810.06,349.39,811.74,349.26
810.32,349.73,807.90,350.35
795.20,369.82,796.68,369.89
825.52,371.95,827.36,371.51
826.17,410.62,824.90,412.44
810.00,348.86,813.10,348.77
807.90,350.35,806.51,351.98
802.08,371.21,800.52,377.69
800.77,361.75,801.18,363.46
806.34,351.92,805.21,353.76
768.10,366.43,769.65,363.38
821.76,400.10,822.81,400.57
800.79,353.83,806.34,351.92
801.18,356.54,799.47,357.89
829.35,370.68,817.68,371.65
784.79,368.25,782.87,368.42
815.06,349.79,816.61,350.43
768.10,353.56,765.68,351.14
813.86,347.93,813.33,347.02
769.11,356.74,767.61,353.80
815.41,346.53,815.31,346.42
804.12,363.13,804.31,363.13
827.82,432.03,828.37,432.52
814.92,346.66,816.98,347.15
814.92,346.66,815.27,349.36
792.76,369.83,788.28,369.83
806.73,347.89,811.22,347.75
809.38,348.88,807.74,350.28
804.04,363.13,804.12,363.13
820.33,348.01,823.53,347.82
818.01,346.34,820.15,346.51
823.89,352.01,828.58,351.92
809.52,348.96,807.74,350.28
822.38,333.87,823.04,332.49
804.04,363.13,804.31,363.13
820.33,348.01,822.23,347.86
818.01,346.34,818.10,346.23
810.07,348.95,811.82,348.81
809.52,348.96,807.90,350.35
769.65,363.38,770.19,360.00
807.74,350.28,807.90,350.35
816.98,347.15,816.89,350.03
817.54,346.36,819.68,346.53
801.18,356.54,800.77,358.25
795.35,377.47,795.49,377.63
819.14,371.89,819.31,371.86
803.29,350.39,806.34,351.92
818.94,347.97,819.06,347.89
804.13,370.33,805.67,370.33
800.78,353.87,800.79,353.83
830.69,369.85,829.36,369.82
827.66,389.51,828.90,389.14
788.33,375.06,788.44,375.46
801.88,352.06,800.79,353.83
817.79,370.42,816.31,370.42
830.12,430.83,830.75,430.88
830.62,341.09,831.16,342.60
829.35,370.68,816.31,370.42
801.85,354.92,799.96,355.83
823.43,346.29,821.35,346.20
830.12,430.83,830.68,430.42
803.74,356.87,804.12,356.87
803.83,362.15,804.04,363.13
830.62,341.09,831.36,342.17
829.35,370.68,817.79,370.42
765.68,368.86,768.10,366.43
786.44,378.07,786.45,377.70
813.79,355.97,813.64,356.19
803.83,362.15,804.04,363.13
829.35,370.68,827.17,370.66
785.30,369.88,785.26,369.89
809.99,348.95,811.85,347.73
813.42,349.39,815.27,349.36
831.39,343.39,831.07,343.06
818.28,348.33,820.16,347.88
769.74,363.06,770.48,361.61
811.35,347.84,813.21,346.93
811.38,380.90,818.34,380.62
750.38,366.43,752.81,368.86
806.51,368.02,807.90,369.64
810.77,346.58,813.21,346.93
765.52,360.00,767.13,364.95
783.77,369.89,785.29,369.89
812.81,346.49,812.90,346.41
810.77,346.58,812.90,346.41
830.52,355.78,830.78,356.87
808.81,351.03,807.51,352.54
765.52,360.00,765.52,365.21
812.81,346.49,814.92,346.66
803.33,360.00,803.66,360.00
830.52,355.78,830.80,356.87
829.36,350.18,829.04,350.51
804.27,362.13,804.48,363.13
753.16,368.07,755.94,369.49
820.33,371.99,822.23,372.14
816.51,350.21,815.07,351.44
819.87,337.26,822.07,333.69
825.85,381.29,826.03,381.52
825.13,400.06,825.34,399.17
830.39,329.52,830.47,330.54
804.52,357.86,804.50,357.85
822.34,358.32,822.48,360.00
805.58,376.48,805.64,376.12
805.84,353.80,805.83,353.75
825.24,349.73,827.19,350.35
813.16,368.26,812.49,368.26
750.95,354.13,749.53,356.91
822.15,348.27,823.98,348.42
810.70,346.66,808.70,347.07
748.83,363.38,750.38,366.43
806.68,372.03,808.64,372.84
809.38,348.88,811.22,347.75
802.62,370.84,805.99,370.93
762.46,355.78,765.52,360.00
818.28,348.33,820.16,347.88
825.00,353.83,825.82,355.80
812.39,368.41,811.83,368.39
753.16,351.92,750.95,354.13
799.86,384.93,798.93,384.85
829.57,427.12,829.44,426.40
820.31,371.58,822.07,372.27
805.67,370.33,803.79,370.24
802.77,353.42,801.85,354.92
817.19,360.00,817.81,360.00
830.78,363.13,830.52,364.21
835.63,342.36,823.44,342.36
748.35,360.00,748.90,363.43
811.45,350.19,811.59,350.24
822.35,346.90,824.35,347.73
749.53,356.91,749.04,360.00
802.77,353.42,801.88,352.06
828.10,306.93,827.97,307.51
812.15,352.79,812.66,353.11
806.74,369.96,808.36,370.64
805.24,350.95,806.74,350.03
824.35,347.73,827.56,347.64
813.20,363.24,812.49,368.26
822.79,341.53,822.84,341.54
821.18,349.29,836.66,349.29
800.79,366.17,805.21,366.24
806.68,347.97,804.91,349.00
817.76,353.04,818.24,353.53
819.19,346.37,821.35,346.20
825.66,355.83,826.15,357.89
752.89,351.47,750.56,353.80
799.91,385.22,798.94,385.13
827.67,350.34,827.83,350.26
803.91,352.09,803.26,350.45
801.88,367.94,803.26,369.55
804.87,349.07,803.91,352.09
829.96,309.55,829.94,318.84
830.16,342.78,829.89,342.24
802.77,366.57,803.26,369.55
805.24,350.95,803.91,352.09
810.06,349.39,810.07,348.95
823.04,395.86,823.08,395.89
782.90,382.21,781.59,369.80
803.29,350.39,807.74,350.28
808.36,349.36,810.06,349.39
808.36,349.36,808.64,347.15
822.48,360.00,822.34,361.68
806.68,347.97,808.36,349.36
804.60,378.41,804.31,377.94
818.89,360.71,818.98,360.77
826.41,423.65,826.34,423.20
827.40,413.22,827.76,413.96
787.54,373.52,787.72,373.20
815.94,346.40,816.97,346.80
827.40,413.22,828.03,413.25
808.06,355.71,807.55,357.83
806.74,350.03,804.87,349.07
814.36,359.15,814.40,359.64
805.21,366.24,806.51,368.02
814.58,359.15,814.36,359.15
827.40,413.22,827.96,412.80
818.48,348.46,820.33,348.01
806.74,350.03,805.24,350.95
822.58,333.79,822.75,333.32
783.05,377.90,783.51,382.24
788.02,376.00,788.28,376.12
783.05,377.90,782.90,382.21
804.12,356.87,803.74,356.87
805.43,351.31,803.91,352.09
821.33,360.78,821.30,360.72
805.24,350.95,803.91,352.09
823.54,348.69,825.24,349.73
804.04,356.87,804.12,356.87
806.86,350.43,808.42,349.79
787.54,373.52,787.46,374.01
819.37,355.53,819.37,360.72
806.86,350.43,808.36,349.36
815.24,357.70,815.03,357.77
806.86,369.57,808.42,370.21
805.43,351.31,805.24,350.95
829.70,411.92,830.26,411.50
765.52,360.00,768.58,355.78
765.52,360.00,769.74,356.94
817.64,369.08,817.79,368.80
765.52,360.00,770.48,358.39
825.82,355.80,830.54,355.75
770.73,360.00,770.48,358.39
820.21,395.84,820.64,393.99
828.90,389.14,829.13,389.72
820.16,395.88,820.58,394.05
823.74,352.06,821.78,354.92
768.58,364.21,769.74,363.06
811.59,350.24,810.19,351.89
767.13,364.95,768.58,364.21
762.46,364.21,763.91,364.95
825.80,418.86,826.35,418.45
824.21,347.83,826.04,348.95
761.31,363.06,762.46,364.21
805.84,353.80,805.02,355.78
760.57,358.39,760.31,360.00
799.97,364.20,804.39,364.25
804.57,355.78,804.48,356.87
763.91,355.04,765.52,360.00
830.80,363.13,830.39,363.13
830.20,363.13,830.80,363.13
815.93,359.15,816.13,360.44
823.18,350.29,823.58,349.85
788.13,383.86,786.74,383.77
821.58,400.19,821.83,397.94
811.85,347.73,810.00,348.86
824.84,353.87,825.66,355.83
830.39,356.87,830.20,356.87
825.58,400.73,825.61,401.31
825.83,396.95,825.64,398.81
830.38,416.32,830.94,415.90
803.91,352.09,802.77,353.42
826.52,367.97,825.66,369.14
806.51,351.98,807.51,352.54
804.57,355.78,804.31,356.87
828.58,351.92,829.71,353.76
821.75,401.12,822.47,409.33
826.47,423.24,827.02,422.82
829.52,389.19,828.67,389.90
815.79,347.47,815.41,346.53
804.39,355.75,804.12,356.87
801.85,354.92,801.18,356.54
815.62,359.05,815.66,358.57
813.10,348.77,813.24,348.83
813.87,363.24,813.44,362.36
830.42,388.76,829.52,389.19
817.29,358.74,815.66,358.57
822.36,395.79,821.75,397.91
801.88,352.06,800.78,353.87
825.68,350.91,826.52,352.04
832.28,388.82,831.35,388.64
802.77,353.42,801.85,354.92
826.15,350.96,825.68,350.91
817.26,340.38,816.93,338.97
787.61,374.59,787.47,374.58
803.70,368.68,803.97,368.80
817.69,333.98,817.91,333.77
816.84,339.97,816.93,338.97
827.66,389.51,827.86,389.10
787.58,375.16,787.47,374.58
801.69,368.68,803.97,368.80
816.84,339.97,816.55,338.74
754.59,353.89,752.92,355.56
812.38,380.71,811.61,380.76
810.32,349.73,809.99,348.95
813.79,347.01,815.88,346.51
804.27,369.08,803.97,368.80
756.69,352.82,759.03,352.45
807.90,350.35,808.81,351.03
817.78,347.31,819.76,347.47
803.79,370.24,802.35,369.08
788.44,373.75,788.81,374.62
804.13,370.33,803.79,370.24
798.38,383.67,799.57,382.73
765.68,351.14,762.63,349.59
810.09,360.00,810.24,361.90
812.02,371.30,813.79,372.99
785.29,369.89,785.30,369.88
767.61,353.80,765.28,351.47
816.61,350.43,816.89,350.03
765.52,360.00,768.58,364.21
783.77,369.89,783.82,369.88
830.62,341.09,830.62,342.99
829.93,445.87,830.47,446.33
799.96,355.83,799.97,355.80
784.74,368.42,783.77,369.89
824.51,381.44,826.03,381.52
813.65,351.42,814.92,351.39
782.87,368.42,783.77,369.89
815.02,373.42,819.61,373.57
823.74,405.28,823.27,404.85
830.36,366.25,829.23,368.09
829.06,436.04,830.00,436.55
819.19,346.37,818.28,348.33
828.87,444.58,828.94,445.37
799.47,357.89,799.47,357.87
782.87,368.25,784.79,368.25
769.11,363.26,769.62,360.00
827.68,332.77,827.99,332.65
781.97,369.81,783.56,369.81
784.31,369.83,783.56,369.81
828.19,376.31,829.76,376.85
831.18,434.55,831.87,434.06
765.28,368.52,767.61,366.19
826.49,360.00,826.32,362.12
801.18,356.54,799.96,355.83
762.34,370.02,765.28,368.52
816.51,350.21,818.94,352.04
813.33,347.02,813.21,346.93
816.74,370.74,815.81,370.68
822.21,370.72,817.45,370.72
817.70,368.68,817.79,368.80
817.70,368.68,819.78,368.80
800.17,376.02,799.91,376.12
819.71,368.68,819.78,368.80
759.03,369.98,762.11,369.49
755.83,370.02,759.03,369.98
811.35,347.84,809.38,348.88
827.66,411.10,835.00,413.09
810.83,378.84,804.31,377.94
816.36,370.33,816.53,370.24
820.15,373.49,822.23,372.99
822.15,348.27,822.07,347.73
796.68,369.89,796.56,371.05
817.90,370.33,816.53,370.24
826.94,413.09,827.66,411.10
817.90,370.33,818.13,370.24
830.44,351.71,830.75,351.32
826.32,344.39,826.17,344.77
795.56,369.88,795.24,369.89
812.62,368.25,812.69,368.37
797.02,369.88,795.24,369.89
752.81,368.86,755.86,370.41
801.85,354.92,800.78,353.87
797.02,369.88,796.68,369.89
795.85,369.89,795.56,369.88
750.56,366.19,752.89,368.52
806.47,365.76,807.51,367.46
813.42,349.39,813.56,348.95
797.37,369.89,797.02,369.88
787.67,377.61,787.47,374.58
799.65,368.42,795.85,369.89
799.65,368.42,797.37,369.89
811.57,379.55,814.83,379.68
823.00,360.00,826.32,360.00
800.02,368.25,797.77,368.42
822.99,342.26,823.02,342.18
822.90,332.26,822.17,333.77
798.10,368.25,817.70,368.68
800.02,368.25,798.10,368.25
813.65,351.42,813.85,351.71
799.75,375.49,799.58,375.74
793.48,369.81,788.28,369.83
800.77,358.25,800.63,360.00
793.48,369.81,787.73,369.81
794.41,369.80,793.53,369.81
823.57,400.70,823.19,400.31
794.41,369.80,793.53,369.81
795.20,369.82,794.41,369.80
830.12,430.83,830.68,431.32
830.62,341.09,830.90,342.89
813.44,362.36,812.90,362.35
829.35,370.68,827.17,370.66
817.46,346.25,819.61,346.42
825.66,355.83,822.86,358.25
824.70,391.44,825.93,390.67
816.31,370.42,827.17,370.66
752.81,351.14,750.38,353.56
811.95,363.76,812.85,365.49
803.05,353.69,802.77,353.42
815.02,373.42,817.10,372.92
801.18,363.46,799.96,364.17
826.96,370.72,827.17,370.66
827.97,382.51,829.18,383.17
829.82,412.64,830.74,413.19
829.18,440.88,829.74,440.48
805.21,366.24,805.39,366.19
799.17,373.50,799.38,374.62
829.00,370.74,827.17,370.66
830.72,389.29,829.52,389.19
806.68,347.97,808.64,347.15
829.00,370.74,829.35,370.68
788.70,374.10,789.29,374.18
813.65,356.20,813.50,356.42
822.87,370.74,822.21,370.72
795.20,369.82,794.29,369.83
823.48,400.45,823.29,400.28
812.68,362.29,813.50,356.42
803.66,360.00,803.83,362.15
826.96,370.72,822.21,370.72
810.42,360.00,810.09,360.00
822.99,327.83,823.47,327.62
813.24,371.30,812.69,368.37
804.87,349.07,806.68,347.97
813.65,356.20,812.68,362.29
822.87,370.74,826.96,370.72
823.02,327.90,823.47,327.62
827.76,398.28,831.62,403.71
825.54,348.88,827.18,350.28
804.12,363.13,804.04,363.13
803.91,367.91,805.24,369.05
812.82,362.14,812.68,362.29
803.33,360.00,803.50,362.15
829.00,370.74,826.96,370.72
822.84,328.41,822.79,328.39
800.52,377.69,798.97,377.61
800.77,358.25,800.63,360.00
823.11,341.69,823.31,342.17
787.47,374.58,787.46,374.01
813.57,362.15,813.44,362.36
822.97,342.13,822.38,340.90
789.21,377.69,788.28,376.12
819.87,337.26,819.87,331.43
810.03,351.84,810.19,351.89
789.17,375.49,789.00,375.74
811.41,371.38,812.39,368.41
805.42,371.30,817.68,371.65
793.10,382.21,792.76,382.49
788.81,375.83,789.00,375.74
815.95,371.68,816.46,371.53
800.37,384.85,800.30,384.00
814.98,379.22,816.01,371.89
788.81,375.83,788.57,375.90
793.48,369.81,792.10,381.95
789.29,375.10,789.17,375.49
815.53,357.85,815.70,358.20
820.88,349.00,823.70,347.75
822.68,327.63,823.23,327.40
789.29,375.10,788.73,375.61
823.68,395.26,822.97,395.42
823.39,398.08,823.60,400.58
814.54,380.86,814.83,381.25
788.12,375.88,788.81,375.83
822.82,327.72,823.31,327.52
808.36,350.26,806.96,351.91
805.71,356.08,805.25,358.01
788.36,375.99,788.81,375.83
811.73,378.86,815.19,378.64
829.44,426.40,829.80,427.15
795.20,369.82,794.31,377.40
788.44,375.46,788.61,375.73
829.57,427.12,829.80,427.15
787.89,375.57,788.61,375.73
820.53,362.40,820.58,362.01
813.79,355.97,835.87,355.75
829.99,393.08,827.64,393.91
823.39,398.08,823.56,397.97
788.12,375.88,788.61,375.73
787.89,375.57,788.12,375.88
813.34,378.37,813.59,378.95
814.85,357.98,815.03,357.77
827.73,384.07,829.00,370.74
789.29,374.18,789.32,374.64
789.29,374.18,788.80,374.63
828.58,351.98,828.58,351.92
813.27,378.29,813.54,378.88
815.56,358.05,815.74,357.86
822.87,370.74,827.73,384.07
788.70,374.10,788.80,374.63
787.73,369.81,785.64,383.57
787.71,375.12,788.44,375.46
816.79,362.74,817.22,360.91
787.89,375.57,788.44,375.46
787.73,369.81,783.35,381.95
827.92,384.18,827.73,384.07
787.71,375.12,787.89,375.57
830.90,362.13,830.67,363.13
812.15,367.21,813.40,368.67
815.93,357.79,816.13,357.85
823.64,360.00,770.02,363.43
827.79,384.58,827.92,384.18
789.17,373.78,789.29,374.18
799.38,374.62,798.89,375.06
826.51,385.10,827.73,384.07
787.61,374.59,788.33,375.06
830.12,430.83,830.06,430.34
829.32,308.43,829.33,318.85
816.72,349.19,815.25,350.51
822.87,370.74,826.51,385.10
787.73,369.81,781.97,369.81
789.00,373.51,789.17,373.78
829.31,441.60,829.54,441.63
830.12,430.83,829.99,430.78
816.72,349.19,816.82,349.55
787.73,369.81,783.35,381.95
822.87,370.74,825.17,385.87
789.00,373.51,788.52,373.64
788.29,373.33,788.52,373.64
788.33,374.14,788.29,374.60
801.94,369.48,803.78,371.27
790.77,383.77,789.66,384.14
797.37,369.89,797.02,369.88
787.60,374.06,788.29,374.60
813.85,351.71,813.40,351.32
781.42,380.73,782.02,381.33
787.60,374.06,787.61,374.59
825.63,321.23,829.20,324.14
830.42,357.85,830.58,360.00
788.81,373.41,789.00,373.51
784.31,369.83,785.26,369.89
789.00,373.51,788.29,373.33
785.89,381.94,784.55,382.15
788.44,373.75,788.33,374.14
787.68,373.61,788.33,374.14
782.02,374.35,781.42,374.95
798.89,374.14,799.48,374.06
787.68,373.61,787.60,374.06
788.61,373.50,788.81,373.41
787.84,373.31,788.05,373.21
798.97,377.61,799.52,374.01
822.75,333.32,822.79,333.12
826.16,344.05,835.73,344.14
800.23,373.10,800.47,373.22
830.31,358.01,830.47,360.00
812.49,368.26,812.39,368.41
800.30,375.61,800.07,375.90
799.75,375.49,800.07,375.90
799.75,375.49,799.58,375.74
799.83,375.99,800.07,375.90
794.29,369.83,796.68,369.89
799.38,375.83,800.07,375.90
804.57,364.21,804.31,363.13
821.23,367.46,822.41,363.49
822.68,327.63,822.45,328.18
830.15,366.08,832.28,366.69
819.45,355.54,819.55,355.31
784.55,377.84,787.09,374.35
799.38,375.83,799.58,375.74
826.32,344.39,828.68,337.92
822.87,370.74,822.87,386.37
800.48,375.16,800.30,375.61
799.87,375.10,800.30,375.61
787.69,374.95,784.55,377.84
799.87,375.10,799.75,375.49
808.36,350.34,810.00,348.86
791.28,376.56,791.50,377.96
799.61,375.88,799.83,375.99
799.38,375.83,799.83,375.99
799.61,375.88,799.38,375.83
791.28,379.35,791.28,376.56
799.17,375.73,799.38,375.83
798.36,383.88,799.62,382.90
800.55,377.71,800.52,377.69
803.91,367.91,803.26,369.55
782.71,379.35,782.49,377.96
800.59,374.63,800.48,375.16
830.38,416.32,831.01,416.36
799.91,374.64,800.48,375.16
800.48,375.16,799.87,375.10
827.75,352.33,829.00,353.15
782.71,376.56,782.71,379.35
818.52,348.84,818.28,348.33
825.50,367.69,825.73,367.52
811.60,377.33,811.37,377.77
800.60,374.10,800.59,374.63
799.87,374.18,800.59,374.63
819.87,343.08,819.03,342.83
827.70,367.42,828.87,367.51
811.37,377.77,811.30,378.25
799.87,374.18,799.91,374.64
827.66,389.51,829.13,389.72
800.59,374.63,799.91,374.64
799.38,374.62,799.91,374.64
811.94,376.99,811.60,377.33
799.36,375.12,799.45,375.57
829.12,349.22,830.50,352.04
799.36,375.12,799.00,375.46
827.88,367.32,829.00,366.85
812.37,376.77,811.94,376.99
798.89,375.06,799.00,375.46
837.16,381.59,812.04,381.59
822.35,346.90,823.43,346.29
800.52,373.64,800.60,374.10
823.37,309.04,823.37,319.50
799.75,373.78,800.60,374.10
815.87,359.59,815.78,360.00
824.21,347.83,822.35,346.90
812.37,379.73,812.89,379.81
799.37,374.59,799.36,375.12
816.93,335.80,817.60,335.80
820.60,332.99,820.61,332.30
794.41,369.80,792.76,369.83
765.52,360.00,765.52,354.79
798.89,375.06,799.36,375.12
799.37,374.59,798.89,375.06
811.94,379.51,812.37,379.73
803.91,352.09,803.05,353.69
817.29,361.26,815.65,361.44
758.39,355.12,765.52,354.79
818.50,332.79,819.93,332.30
800.35,373.33,800.52,373.64
811.89,381.56,812.04,381.59
825.24,349.73,825.56,348.96
811.60,379.16,812.86,378.25
824.28,371.65,827.91,376.07
820.60,332.99,819.93,332.30
799.58,373.51,800.52,373.64
824.56,401.76,835.73,409.98
819.72,333.57,819.14,332.97
811.37,378.73,811.60,379.16
799.48,374.06,799.37,374.59
825.41,409.98,835.73,409.98
798.85,374.60,799.37,374.59
824.56,401.76,834.43,401.76
799.48,374.06,798.85,374.60
829.46,445.11,834.33,442.72
827.18,350.28,827.19,350.35
798.89,374.14,798.85,374.60
825.08,332.28,824.90,332.27
799.38,373.41,799.58,373.51
817.79,333.18,818.45,332.41
805.16,376.70,804.82,377.04
799.66,373.61,799.48,374.06
827.10,305.26,827.53,304.89
823.17,404.74,822.21,404.35
829.62,320.42,829.40,319.70
799.66,373.61,798.89,374.14
799.17,373.50,800.13,373.21
821.30,355.32,819.88,355.21
817.87,333.05,818.50,332.79
805.58,376.48,806.09,376.40
799.17,373.50,799.38,373.41
800.13,373.21,799.38,373.41
823.24,393.66,823.86,393.16
799.00,373.75,799.66,373.61
799.89,373.31,799.00,373.75
816.69,379.77,813.82,380.44
799.17,373.50,799.00,373.75
799.89,373.31,799.17,373.50
788.13,383.86,789.25,384.23
787.72,373.20,787.54,373.52
787.84,373.31,787.54,373.52
822.86,324.66,836.22,324.66
787.46,374.01,787.54,373.52
787.46,374.01,787.68,373.61
798.97,377.61,800.38,378.19
787.60,374.06,787.68,373.61
805.39,370.24,802.35,369.08
787.47,374.58,787.46,374.01
817.46,346.25,819.61,346.42
817.78,347.31,819.68,346.53
803.79,370.24,805.39,370.24
830.22,320.41,831.66,323.80
831.07,420.73,831.63,420.32
827.11,424.46,826.79,423.95
822.87,370.74,816.74,370.74
788.12,375.88,787.89,375.57
806.47,354.24,805.84,353.80
811.81,372.17,813.79,372.99
806.68,347.97,808.70,347.07
809.99,348.95,808.36,350.34
785.30,369.88,783.82,369.89
788.28,376.12,788.02,376.00
812.02,371.30,813.86,372.07
788.36,375.99,788.12,375.88
827.95,413.70,828.89,413.29
815.33,363.05,815.92,364.48
788.51,376.02,788.28,376.12
805.00,355.74,807.55,357.83
811.53,371.30,811.94,368.37
813.33,372.97,815.41,373.47
813.68,352.84,812.85,354.51
788.69,375.70,788.51,376.02
821.18,320.87,821.05,320.91
823.98,399.45,825.34,399.17
788.57,375.90,788.51,376.02
815.84,359.15,815.80,359.64
807.03,347.92,803.49,349.73
815.31,373.57,817.46,373.75
783.82,369.89,785.26,369.89
788.73,375.61,788.57,375.90
827.54,412.48,827.73,412.42
816.38,369.85,816.72,370.81
788.78,375.21,788.69,375.70
812.90,373.59,819.61,373.57
788.81,375.16,788.73,375.61
813.86,378.57,817.93,378.76
827.40,336.04,831.61,326.67
803.48,377.96,803.72,378.01
787.85,384.14,790.16,384.30
827.27,413.19,827.72,413.94
816.82,370.45,818.52,371.15
788.77,374.63,788.78,375.21
793.10,382.21,794.41,369.80
796.38,384.21,795.10,383.22
788.81,375.16,788.78,375.21
822.17,341.01,821.76,339.31
830.50,320.46,824.88,321.12
788.80,374.63,788.81,375.16
801.69,368.68,803.70,368.68
813.57,362.15,813.65,356.20
818.52,371.15,820.31,371.58
788.65,374.05,788.77,374.63
812.82,362.14,813.65,356.20
830.50,320.46,824.87,324.44
788.80,374.63,788.77,374.63
813.57,362.15,812.82,362.14
800.13,373.21,800.35,373.33
788.65,374.05,788.80,374.63
788.46,373.56,788.65,374.05
836.05,327.90,823.44,327.73
788.46,373.56,788.70,374.10
823.02,342.18,836.05,342.18
825.56,393.56,826.63,393.56
823.02,327.90,823.44,327.73
805.00,364.25,808.90,366.30
788.52,373.64,788.70,374.10
787.96,373.10,788.22,373.22
787.96,373.10,788.29,373.33
831.17,436.02,831.86,436.55
781.59,369.80,783.56,369.81
821.13,340.19,821.47,338.73
788.05,373.21,788.29,373.33
767.61,366.19,769.11,363.26
801.13,358.32,800.77,358.25
810.87,347.23,759.46,348.89
821.53,386.88,822.87,386.37
781.59,369.80,784.31,369.83
818.45,342.19,817.87,341.53
821.13,340.19,820.48,338.53
799.47,362.12,803.74,363.13
788.05,373.21,787.84,373.31
830.50,320.46,831.66,323.80
810.87,347.23,762.89,349.44
781.59,369.80,782.36,369.82
804.48,370.42,815.81,370.68
824.07,321.15,824.04,324.46
799.52,374.01,799.72,373.52
824.07,321.15,824.87,324.44
799.52,374.01,799.48,374.06
815.81,370.68,816.68,370.66
799.41,374.58,799.52,374.01
815.90,359.15,816.53,359.57
789.64,382.59,789.52,378.22
820.12,369.07,819.97,369.48
817.45,370.72,815.81,370.68
799.36,375.12,799.37,374.59
816.74,370.74,817.45,370.72
799.40,375.16,799.41,374.58
810.06,370.60,811.82,371.18
819.56,369.08,817.64,369.08
823.37,321.15,829.32,320.45
799.67,376.00,799.49,375.66
822.86,346.29,821.80,347.09
823.37,321.15,830.77,323.81
799.67,376.00,799.61,375.88
810.33,379.84,810.67,380.49
800.07,375.90,799.83,375.99
810.43,379.91,810.67,380.49
799.91,376.12,799.83,375.99
829.42,348.77,831.11,350.24
800.17,376.02,800.07,375.90
800.59,374.63,800.48,375.16
822.67,399.91,823.01,400.65
811.81,372.17,813.84,373.09
800.59,374.63,800.62,375.21
797.02,369.88,795.56,369.88
824.95,345.00,838.18,346.29
800.73,374.63,800.62,375.21
813.77,380.45,813.82,380.62
800.60,374.10,800.59,374.63
823.37,400.02,823.73,400.80
813.82,380.44,813.82,380.62
800.73,374.63,800.59,374.63
800.60,374.10,800.73,374.63
825.17,410.98,822.47,409.33
797.37,369.89,795.85,369.89
800.74,374.06,800.73,374.63
800.52,373.64,800.60,374.10
822.37,398.00,822.11,397.34
800.52,373.64,800.74,374.06
796.68,369.89,795.24,369.89
800.65,373.56,800.74,374.06
812.62,368.25,812.08,368.25
816.98,352.83,838.74,352.44
798.10,368.25,797.77,368.42
823.46,309.18,823.47,319.51
800.47,373.22,800.65,373.56
799.89,373.31,799.96,373.20
823.44,342.36,823.02,342.18
823.74,352.06,824.84,353.87
818.52,348.84,820.16,347.88
828.49,331.84,828.27,332.33
825.54,321.38,820.96,323.48
795.00,382.20,794.84,382.45
800.23,373.10,799.89,373.31
792.35,384.70,793.41,385.03
830.55,376.37,830.13,376.49
800.47,373.22,800.35,373.33
818.11,379.22,818.03,380.06
795.22,383.48,793.94,384.21
786.82,383.94,787.73,384.01
823.43,373.70,823.51,373.63
830.26,411.50,831.08,411.21
787.64,384.63,788.60,384.71
787.04,384.59,788.60,384.71
826.51,385.10,825.17,385.87
787.76,384.40,788.71,384.48
798.25,382.82,798.54,382.51
789.25,384.23,790.16,384.30
788.75,384.21,790.16,384.30
817.77,357.37,817.91,357.49
829.37,324.09,827.60,320.03
790.20,384.58,789.25,384.23
799.40,375.16,799.36,375.12
821.63,347.97,823.62,347.90
789.12,373.70,787.73,373.48
789.34,384.74,790.31,384.83
823.31,342.17,823.79,342.37
812.86,378.25,812.37,379.73
790.67,384.83,791.65,384.91
789.34,384.74,791.65,384.91
790.31,384.83,791.65,384.91
827.09,427.14,827.80,426.38
791.75,384.68,790.80,384.60
792.35,384.43,793.27,384.50
830.72,389.42,832.99,390.09
831.36,339.93,831.49,340.46
820.18,321.87,820.71,323.65
790.88,384.33,793.27,384.50
827.53,304.89,828.10,306.93
820.18,321.87,820.96,323.48
790.88,384.33,791.79,384.41
806.34,351.92,806.51,351.98
793.31,384.78,792.35,384.43
792.44,384.95,793.41,385.03
792.35,384.70,793.31,384.78
814.39,359.05,815.37,360.00
815.21,380.51,814.85,379.25
793.79,385.04,794.77,385.12
804.41,378.53,804.82,378.84
793.92,384.80,794.88,384.89
803.91,367.91,805.24,369.05
808.90,353.70,808.06,355.71
794.77,385.12,794.88,384.89
788.81,374.62,788.81,373.41
819.29,355.31,819.61,355.21
825.44,372.02,825.52,371.95
826.24,409.97,826.17,410.62
802.08,371.21,798.85,371.11
813.65,356.20,813.79,355.97
794.92,384.61,796.55,384.72
830.63,382.28,828.62,381.91
824.53,370.22,825.48,369.13
795.63,384.92,796.70,385.25
821.42,320.33,821.29,320.39
796.59,385.00,796.70,385.25
824.53,370.22,825.48,370.14
795.63,384.92,796.59,385.00
797.09,385.26,798.19,385.10
798.08,385.34,798.19,385.10
814.20,382.08,813.79,381.97
750.38,353.56,748.83,356.62
827.56,347.64,827.61,347.70
804.91,349.00,806.73,347.89
836.34,344.73,825.02,345.32
797.09,385.26,798.08,385.34
817.13,355.29,817.15,355.34
796.59,385.00,795.63,384.92
794.17,377.92,794.42,377.87
798.19,385.10,797.22,385.02
787.04,384.59,788.00,384.67
797.32,384.75,799.86,384.93
798.25,384.83,799.86,384.93
823.37,320.32,823.47,320.33
797.32,384.75,798.25,384.83
799.91,385.22,798.93,384.85
799.03,385.38,800.02,385.47
821.32,392.53,822.19,391.61
819.34,331.43,818.55,332.37
811.51,380.33,811.53,380.50
803.14,382.67,803.24,382.78
798.25,384.83,797.32,384.75
794.36,378.08,794.60,378.03
798.94,385.13,800.02,385.47
799.91,385.22,800.02,385.47
801.28,369.07,801.57,369.20
828.37,432.52,828.18,432.77
801.94,369.48,801.57,369.20
827.33,330.77,827.41,329.66
794.36,382.35,794.84,382.45
815.44,382.99,815.68,382.76
805.21,353.76,804.39,355.75
815.33,357.62,815.53,357.85
820.19,343.51,820.19,321.73
801.28,369.07,801.57,369.20
815.80,359.64,815.70,360.09
804.17,382.93,804.38,382.59
811.29,380.88,811.89,381.56
813.24,371.16,815.08,372.29
830.00,425.99,830.94,426.49
801.28,369.07,801.99,368.80
824.25,404.59,825.13,403.69
815.19,378.64,815.46,378.35
802.35,369.08,801.57,369.20
812.12,356.26,814.98,358.46
826.32,357.87,830.63,357.85
801.99,368.80,801.57,369.20
814.94,382.84,815.44,382.99
760.57,361.61,761.31,363.06
804.48,370.42,804.63,371.65
801.18,363.46,800.78,366.13
822.23,347.01,822.35,346.90
804.13,371.42,804.63,371.65
810.70,346.66,812.90,346.41
787.61,374.59,788.29,374.60
804.50,357.85,807.38,360.00
804.48,370.42,804.13,371.42
804.13,370.33,804.13,371.42
819.19,346.37,822.07,347.73
783.82,369.89,783.95,371.05
786.74,383.77,787.85,384.14
783.77,370.69,783.82,370.83
783.45,377.56,783.78,377.51
783.77,369.89,783.82,370.83
783.77,369.89,783.82,369.88
823.11,341.69,836.53,342.17
787.68,373.61,788.44,373.75
823.46,309.18,824.11,310.29
827.91,376.07,827.50,376.50
789.37,371.21,786.19,371.11
817.48,355.24,818.81,355.24
812.89,379.81,815.01,380.19
788.83,370.84,789.11,370.98
825.03,400.97,825.34,399.67
791.08,378.28,791.21,378.30
788.83,370.84,792.36,371.08
806.96,351.91,810.03,351.84
822.07,347.73,823.99,347.88
785.74,382.02,785.95,382.35
792.65,371.30,789.37,371.21
822.89,342.39,837.07,342.40
823.99,347.88,825.87,348.33
820.15,373.49,818.10,373.77
792.36,371.08,789.11,370.98
824.65,398.08,825.80,394.70
803.78,371.27,801.94,369.48
802.35,369.08,801.94,369.48
800.30,375.61,799.75,375.49
803.78,371.27,802.35,369.08
824.84,353.87,825.82,355.80
803.79,370.24,802.35,369.08
803.78,371.27,803.79,370.24
817.51,339.31,817.37,337.42
782.48,368.80,783.77,370.69
814.92,373.34,817.10,372.92
783.77,369.89,783.77,370.69
823.36,397.92,823.72,396.30
803.26,369.55,801.90,367.99
824.70,391.44,826.01,390.58
799.91,374.64,799.87,375.10
817.31,339.19,817.18,337.41
830.62,342.99,831.04,343.04
830.46,309.23,827.59,307.73
787.73,369.81,781.97,369.81
782.87,368.42,783.77,369.89
767.61,353.80,767.10,354.13
782.36,369.82,783.95,371.05
829.55,334.02,829.03,334.23
786.19,371.11,784.59,377.47
820.23,362.76,816.79,362.74
794.23,377.92,794.38,378.43
823.24,393.66,822.36,395.79
804.13,371.42,804.63,371.65
824.65,398.08,824.62,393.83
792.36,371.08,804.63,371.65
792.65,371.30,804.63,371.65
799.17,375.73,799.61,375.88
792.36,371.08,792.65,371.30
819.03,331.78,819.87,331.43
787.92,374.89,790.31,374.98
803.78,371.27,804.13,371.42
792.08,370.93,792.36,371.08
782.48,368.63,782.48,368.80
825.80,394.70,824.65,398.08
782.87,368.25,782.48,368.80
782.87,368.42,782.48,368.80
824.65,398.08,823.45,394.58
824.96,310.18,830.46,309.23
801.28,369.07,782.48,368.63
800.02,368.25,819.71,368.68
793.19,383.10,791.55,382.70
791.52,383.45,789.81,383.57
800.60,374.10,799.87,374.18
814.78,380.07,814.85,379.25
824.96,310.18,825.20,309.88
801.28,369.07,782.87,368.25
801.28,369.07,801.69,368.68
786.82,383.94,787.04,384.59
785.78,384.20,786.82,383.94
816.84,334.74,817.26,334.35
819.13,332.41,819.19,332.10
800.52,373.64,799.75,373.78
785.64,383.57,786.82,383.94
785.64,383.57,785.78,384.20
786.38,384.24,787.64,384.63
815.53,357.85,815.70,358.20
785.07,383.49,786.38,384.24
826.55,396.87,824.65,398.08
792.15,383.29,793.38,382.53
815.63,357.98,815.78,358.30
784.48,383.45,785.78,384.20
818.28,342.04,817.91,341.01
786.74,383.77,786.53,384.02
783.83,382.53,785.07,383.49
784.48,383.45,785.07,383.49
786.74,383.77,785.26,383.29
783.83,382.53,784.48,383.45
783.23,382.49,784.48,383.45
813.82,380.44,814.26,380.77
784.44,382.87,784.48,383.45
826.15,357.89,826.32,360.00
811.22,347.75,813.21,346.93
805.25,361.98,805.02,364.22
827.50,376.50,827.50,377.32
828.37,436.40,828.83,435.62
827.19,369.64,825.24,370.26
788.02,384.11,786.91,383.16
785.26,383.29,783.83,382.53
788.02,384.11,786.75,383.38
785.26,383.29,784.09,382.36
784.09,382.36,783.83,382.53
811.68,358.11,811.53,360.00
824.65,398.08,825.86,401.60
782.90,382.21,783.51,382.24
787.76,384.40,787.64,384.63
787.47,374.58,787.60,374.06
819.03,342.83,818.55,342.34
786.38,384.24,787.64,384.63
787.71,375.12,787.58,375.16
786.53,384.02,785.07,383.49
810.19,351.89,811.14,354.43
812.69,368.37,813.24,371.30
788.28,376.12,788.12,375.88
783.93,382.11,784.09,382.36
830.28,309.52,830.46,309.23
783.93,382.11,784.57,382.26
811.94,368.37,812.69,368.37
823.86,394.84,825.12,394.84
818.94,372.03,817.10,372.92
823.42,395.96,823.72,396.30
815.98,362.84,815.92,364.48
788.36,375.99,788.28,376.12
784.36,381.94,784.57,382.26
818.13,370.78,820.22,368.79
831.11,369.76,830.75,368.67
783.35,381.95,781.97,369.81
830.24,308.94,832.57,306.55
781.59,369.80,781.97,369.81
816.44,358.35,816.53,358.73
785.26,383.29,784.57,382.26
784.36,381.94,783.93,382.11
821.88,386.28,822.87,386.37
784.36,381.94,784.57,382.26
787.96,373.10,787.72,373.20
824.89,310.51,824.96,310.18
784.36,381.94,785.95,382.35
783.93,382.11,783.51,382.24
782.90,382.21,783.51,382.24
813.65,356.20,815.22,356.20
815.65,361.44,815.98,362.84
794.17,377.90,793.10,382.21
818.73,385.63,817.38,384.58
788.77,374.63,788.81,375.16
783.05,377.90,782.90,382.21
783.05,377.90,781.59,369.80
787.85,384.14,787.76,384.40
768.52,363.08,769.01,360.00
827.83,350.26,829.23,351.91
809.52,348.96,810.32,349.73
820.88,370.99,827.18,369.72
822.77,399.29,822.66,397.97
831.13,435.97,831.01,435.19
814.81,347.86,765.99,351.02
814.92,346.66,815.02,346.58
781.59,369.80,783.56,369.81
795.10,382.63,796.46,382.71
793.40,383.16,792.94,382.26
822.77,399.29,824.65,398.08
785.26,383.29,786.53,384.02
837.34,355.75,815.20,355.97
788.22,373.22,788.52,373.64
819.21,357.07,819.13,357.36
785.68,370.75,785.96,370.89
825.20,309.88,827.59,307.73
785.53,383.07,785.26,383.29
821.20,367.50,768.44,366.53
785.53,383.07,784.57,382.26
821.18,344.44,821.05,344.40
786.91,383.16,784.57,382.26
824.20,309.96,824.43,309.66
785.95,382.35,784.57,382.26
804.67,383.03,804.94,383.22
821.18,344.44,821.18,320.87
786.91,383.16,785.95,382.35
815.81,370.68,816.68,370.66
799.48,374.06,799.66,373.61
783.77,377.87,783.44,377.92
783.45,377.56,783.44,377.92
799.48,374.06,799.72,373.52
783.77,377.87,783.45,377.56
830.75,417.06,831.43,417.59
783.77,377.87,783.78,377.51
788.44,373.75,788.33,374.14
829.71,353.76,830.54,355.75
813.85,351.71,812.66,353.11
799.45,375.57,799.36,375.12
830.75,415.60,831.44,415.11
785.53,383.07,786.74,383.77
799.45,375.57,799.40,375.16
788.13,383.86,785.53,383.07
830.32,415.84,830.71,415.51
788.13,383.86,786.91,383.16
814.61,378.49,814.32,378.38
825.00,403.60,824.48,402.07
788.47,382.39,788.82,382.20
786.91,383.16,785.95,382.35
792.51,384.64,791.19,383.88
830.32,416.74,830.70,417.05
785.57,382.45,785.95,382.35
786.75,383.38,785.57,382.45
800.78,366.13,799.97,364.20
785.03,377.57,785.15,377.94
783.77,377.87,785.15,377.94
785.20,382.34,785.51,382.63
783.77,377.87,784.36,381.94
785.20,382.34,785.57,382.45
822.87,398.24,822.48,396.24
824.51,381.44,824.28,381.21
823.00,337.35,821.98,339.25
816.84,334.74,817.29,333.73
785.41,382.20,785.57,382.45
827.02,423.72,827.96,423.32
785.41,382.20,785.74,382.02
823.56,397.97,823.78,400.54
823.31,327.52,823.23,327.40
815.20,379.81,815.24,380.43
823.15,402.90,822.46,402.62
789.76,383.97,790.88,384.33
801.69,368.68,801.99,368.80
785.15,377.94,785.41,382.20
791.23,384.06,790.88,384.33
784.92,377.99,785.41,382.20
818.45,342.19,817.79,341.49
800.48,375.16,800.30,375.61
823.96,396.81,824.11,397.44
783.78,377.51,783.90,377.37
825.07,405.31,825.95,404.12
822.21,370.72,816.74,370.74
784.86,377.42,783.90,377.37
826.60,422.50,827.12,421.99
783.78,377.51,784.86,377.42
826.60,422.50,826.80,422.43
783.78,377.51,785.03,377.57
812.08,380.09,812.37,379.73
817.30,357.09,817.22,355.56
819.27,355.27,819.29,355.31
821.09,355.26,821.00,355.74
804.68,379.07,805.10,379.49
793.09,384.00,793.08,383.78
791.21,378.30,791.34,377.87
811.89,381.56,814.23,382.45
788.28,383.48,787.09,382.54
783.45,377.56,783.44,377.92
826.34,423.20,826.79,423.95
783.05,377.90,783.44,377.92
817.30,357.09,817.30,355.57
819.55,396.34,819.90,396.58
791.21,378.30,791.09,377.93
791.71,382.58,792.07,382.39
783.45,377.56,783.05,377.90
788.63,382.63,788.47,382.39
783.90,377.37,783.78,377.51
827.84,333.38,828.28,333.82
769.01,360.00,768.52,356.91
789.84,378.17,791.46,378.25
783.58,377.42,783.78,377.51
828.42,307.43,827.97,307.51
828.30,302.88,833.04,302.99
789.26,384.50,789.25,384.23
788.13,383.86,789.25,384.23
827.97,382.51,829.18,383.17
827.99,332.65,827.68,332.77
823.37,309.04,823.47,319.51
799.97,355.80,803.74,356.87
800.35,373.33,800.65,373.56
823.69,400.00,823.36,397.92
788.02,384.11,789.26,384.50
823.69,400.00,823.75,399.94
788.02,384.11,788.13,383.86
786.91,383.16,788.13,383.86
796.57,382.29,796.77,382.41
818.13,351.45,817.13,352.83
800.68,352.54,800.90,356.50
786.75,383.38,785.57,382.45
830.04,332.50,828.45,332.53
769.65,363.38,769.11,363.26
786.75,383.38,785.51,382.63
786.76,383.60,785.51,382.63
784.92,377.99,785.03,377.57
826.33,397.13,826.14,398.91
784.92,377.99,784.79,377.63
815.18,382.08,815.46,382.40
824.99,395.40,824.49,394.33
792.87,384.17,794.00,384.53
785.51,382.63,785.20,382.34
827.09,393.88,826.65,395.43
786.53,382.41,785.20,382.34
811.94,379.51,812.37,379.73
791.55,382.70,792.92,382.78
784.73,377.98,785.41,382.20
827.65,392.49,827.09,393.88
785.41,382.20,785.20,382.34
828.31,391.32,827.65,392.49
786.44,378.07,786.06,378.04
791.16,384.55,789.84,383.80
786.53,382.41,786.44,378.07
821.70,372.07,823.74,372.15
829.81,440.94,830.68,440.99
784.86,377.42,785.03,377.57
829.81,440.94,830.56,440.21
784.86,377.42,784.79,377.63
784.61,377.47,784.79,377.63
784.86,377.42,783.90,377.37
796.56,371.05,795.84,377.47
823.78,308.41,827.10,305.26
829.86,389.69,829.05,390.37
783.58,377.42,783.90,377.37
784.86,377.42,783.58,377.42
784.61,377.47,783.58,377.42
818.98,360.77,818.98,355.33
810.87,372.77,756.03,370.56
830.62,341.09,829.89,342.24
783.58,377.42,783.45,377.56
831.61,389.17,830.72,389.29
783.08,377.40,783.45,377.56
827.99,328.61,828.14,328.36
805.62,377.92,805.66,378.43
752.81,368.86,755.83,370.02
826.97,378.03,827.18,377.17
830.62,341.09,830.09,342.65
783.58,377.42,783.08,377.40
788.07,384.35,789.34,384.74
789.26,384.50,789.34,384.74
816.56,356.21,816.56,362.01
821.60,352.82,822.77,352.33
788.07,384.35,789.26,384.50
827.73,384.07,829.35,370.68
788.02,384.11,789.26,384.50
819.27,355.27,819.61,355.21
823.88,400.19,823.69,400.00
788.57,375.90,789.00,375.74
788.02,384.11,786.75,383.38
827.92,304.17,832.32,303.74
786.76,383.60,786.75,383.38
788.44,373.75,788.61,373.50
819.27,355.27,819.65,355.16
805.25,358.01,805.09,360.00
788.02,384.11,786.76,383.60
788.07,384.35,786.76,383.60
788.02,384.11,788.07,384.35
819.88,355.21,819.84,355.15
823.14,341.44,822.79,341.53
806.23,376.03,808.33,376.03
786.83,382.71,786.53,382.41
799.99,378.17,801.65,378.25
797.98,382.63,798.15,382.39
794.29,377.42,794.10,377.56
786.93,382.29,786.53,382.41
826.68,330.72,826.67,330.73
748.29,360.00,749.06,363.26
787.36,382.11,786.76,378.02
808.34,379.47,808.51,379.86
819.31,395.75,819.55,396.34
794.50,384.27,794.00,384.53
786.93,382.29,786.76,378.02
793.26,383.56,794.50,384.27
794.50,384.27,795.63,384.64
786.93,382.29,786.44,378.07
816.50,362.37,816.45,361.99
788.80,374.63,789.32,374.64
831.77,304.47,827.48,304.77
786.77,377.66,786.90,377.51
786.77,377.66,787.93,377.56
816.53,359.57,816.44,359.95
786.77,377.66,788.10,377.72
828.68,337.92,828.85,337.97
821.33,325.44,820.96,325.73
786.90,377.51,786.77,377.66
829.80,340.50,829.89,340.00
823.14,337.31,822.52,340.84
829.01,337.57,828.85,337.97
821.23,325.56,820.96,325.73
786.58,377.56,786.77,377.66
787.61,374.59,787.71,375.12
828.44,436.86,828.82,437.15
823.16,369.75,823.76,369.14
801.47,382.58,801.65,378.25
784.79,377.63,784.92,377.99
825.58,412.92,826.94,413.09
823.27,369.07,823.76,369.14
795.71,385.16,796.70,385.25
786.10,377.54,786.45,377.70
784.59,377.47,784.92,377.99
788.29,374.60,788.33,375.06
795.71,385.16,798.08,385.34
784.59,377.47,784.73,377.98
818.89,360.71,818.98,355.33
821.49,324.56,821.50,324.08
820.30,355.27,821.09,355.26
804.67,383.03,804.38,382.59
811.38,380.90,811.89,381.56
830.07,426.45,830.94,426.49
800.65,373.56,800.47,373.22
818.89,360.71,818.98,360.77
786.45,377.70,786.44,378.07
799.00,375.46,799.17,375.73
799.47,362.12,799.97,364.20
820.25,346.40,823.43,346.29
815.78,358.30,815.87,358.70
786.06,378.04,786.44,378.07
798.89,375.06,799.00,375.46
801.18,363.46,801.85,365.08
822.23,347.01,824.21,347.83
823.71,308.29,829.09,307.91
785.20,382.34,786.53,382.41
786.06,378.04,785.20,382.34
796.59,385.00,795.63,384.64
793.79,385.04,794.77,385.12
784.73,377.98,785.20,382.34
827.19,350.35,828.58,351.98
806.47,354.24,805.71,356.08
761.31,356.94,760.57,358.39
784.35,377.26,784.59,377.47
783.82,370.83,783.95,371.05
784.35,377.26,784.79,377.63
765.52,360.00,761.31,356.94
784.61,377.47,784.79,377.63
796.56,371.05,796.68,369.89
792.79,378.38,792.80,378.01
787.60,374.06,788.33,374.14
783.82,369.88,783.82,369.89
784.61,377.47,783.58,377.42
798.89,374.14,798.85,374.60
815.94,346.40,819.09,346.29
825.56,348.96,827.19,350.35
828.86,329.84,828.92,330.57
826.16,344.05,824.87,344.94
820.07,354.56,819.65,355.58
784.61,377.47,783.28,377.21
784.35,377.26,783.28,377.21
799.38,374.62,798.89,374.14
827.15,389.79,825.93,390.67
784.61,377.47,784.35,377.26
814.92,373.34,812.90,373.59
813.21,373.07,815.31,373.57
817.78,347.31,817.54,346.36
787.84,373.31,788.61,373.50
789.40,384.44,790.67,384.83
787.84,373.31,788.44,373.75
789.40,384.44,789.34,384.74
787.84,373.31,787.68,373.61
828.19,376.31,827.81,376.70
789.11,370.98,785.96,370.89
789.40,384.44,788.07,384.35
786.76,383.60,788.07,384.35
789.11,370.98,789.37,371.21
789.40,384.44,786.76,383.60
789.40,384.44,788.09,383.68
827.40,413.22,827.35,412.74
755.86,349.59,756.03,349.44
825.52,348.05,826.26,350.29
788.09,383.68,786.83,382.71
787.09,382.54,786.83,382.71
828.18,432.77,828.46,433.25
783.51,382.24,784.09,382.36
786.93,382.29,787.36,382.11
762.89,349.44,759.46,348.89
787.57,382.45,787.36,382.11
765.99,351.02,762.89,349.44
783.35,380.61,783.67,380.93
805.33,378.08,805.41,377.69
787.09,382.54,786.93,382.29
786.83,382.71,786.93,382.29
788.82,382.20,788.22,378.09
788.82,382.20,786.76,378.02
828.41,302.83,828.30,302.88
787.85,377.77,788.10,377.72
799.00,375.46,799.17,375.73
787.93,377.56,787.85,377.77
799.45,375.57,799.17,375.73
790.80,384.60,790.88,384.33
787.67,377.61,787.85,377.77
830.07,411.20,830.26,411.50
788.22,378.09,788.10,377.72
828.36,375.94,828.19,376.31
813.02,378.00,813.27,378.29
787.85,377.77,788.10,377.72
829.83,411.18,830.07,411.20
787.98,378.14,787.85,377.77
799.00,375.46,799.45,375.57
782.87,368.25,782.87,368.42
787.93,377.56,786.90,377.51
826.51,411.10,828.56,410.12
787.67,377.61,786.58,377.56
822.86,320.87,823.29,320.48
830.13,376.49,829.76,376.85
783.28,377.21,784.35,377.26
820.71,325.13,820.87,325.48
794.39,384.95,793.41,385.03
832.30,349.94,831.59,350.72
787.93,377.56,787.67,377.61
821.32,392.53,822.19,391.61
786.06,378.04,784.73,377.98
818.12,371.27,817.89,371.42
784.59,377.47,784.73,377.98
830.31,361.98,829.85,363.92
803.74,363.13,804.39,364.25
784.59,377.47,786.06,378.04
816.51,350.21,818.13,349.22
801.72,383.88,800.42,384.63
786.10,377.54,786.06,378.04
783.44,377.92,784.36,381.94
789.56,384.21,790.80,384.60
832.92,302.83,828.41,302.83
820.64,393.99,821.32,392.53
790.67,384.83,790.80,384.60
826.24,396.15,825.76,394.23
789.56,384.21,790.67,384.83
787.04,384.59,787.64,384.63
789.40,384.44,790.67,384.83
799.58,373.51,800.35,373.33
785.78,384.20,787.04,384.59
788.28,383.48,789.56,384.21
789.40,384.44,789.56,384.21
785.78,384.20,786.38,384.24
788.28,383.48,789.40,384.44
788.28,383.48,788.09,383.68
815.08,382.44,815.76,382.53
815.71,379.77,815.76,380.44
825.57,391.16,825.37,391.20
794.42,384.76,793.09,384.00
783.08,377.40,783.05,377.90
787.57,382.45,787.36,382.11
826.89,391.26,826.37,390.84
794.37,384.52,793.09,384.00
789.84,378.17,789.85,377.80
789.03,382.53,787.36,382.11
827.92,304.17,828.14,302.94
788.82,382.20,787.36,382.11
794.37,384.52,794.42,384.76
789.84,378.17,789.53,377.85
789.03,382.53,788.82,382.20
823.78,308.41,827.11,305.10
822.66,397.97,821.03,397.96
790.64,380.61,790.31,380.93
815.33,360.67,815.53,360.44
789.64,382.59,789.17,378.19
783.93,382.11,784.09,382.36
811.59,378.79,811.57,379.55
788.47,382.39,788.22,378.09
827.86,304.35,827.92,304.17
787.98,378.14,788.22,378.09
837.27,396.75,821.02,396.84
793.19,383.10,791.82,383.02
811.59,378.79,811.43,379.51
788.47,382.39,787.98,378.14
815.79,347.47,817.78,347.31
805.39,370.24,804.27,369.08
765.52,365.21,761.56,364.88
827.60,320.03,827.27,319.76
790.00,383.35,791.23,384.06
787.43,377.40,787.67,377.61
828.90,327.35,828.90,327.22
765.52,365.21,767.13,364.95
827.60,320.03,827.12,319.82
787.43,377.40,787.85,377.77
827.43,320.08,827.12,319.82
787.67,377.61,787.85,377.77
787.68,373.61,787.54,373.52
782.90,382.21,783.83,382.53
811.51,380.33,812.38,380.71
787.98,378.14,787.85,377.77
782.90,382.21,783.23,382.49
811.51,380.33,812.61,380.74
787.98,378.14,787.67,377.61
787.98,378.14,787.82,378.12
813.64,356.19,815.10,357.54
829.35,370.68,827.92,384.18
830.22,320.41,831.08,323.80
787.67,377.61,786.58,377.56
812.38,380.71,811.70,380.65
823.18,393.37,825.24,394.06
786.29,377.34,786.58,377.56
787.67,377.61,786.29,377.34
787.67,377.61,787.43,377.40
813.57,362.15,812.69,368.37
823.47,321.16,824.04,324.46
787.89,375.57,787.77,375.66
821.90,394.21,824.00,394.01
789.76,383.97,790.88,384.33
813.44,362.36,812.69,368.37
825.63,321.23,820.19,321.73
788.02,376.00,787.77,375.66
823.45,394.58,824.00,394.01
813.44,362.36,813.57,362.15
788.02,376.00,787.89,375.57
789.56,384.21,790.80,384.60
795.00,382.20,794.57,382.02
787.64,384.63,788.71,384.48
789.76,383.97,788.54,383.26
789.56,384.21,789.76,383.97
827.53,304.89,827.76,304.52
789.03,382.53,787.57,382.45
790.90,377.77,791.16,377.71
790.00,383.35,789.03,382.53
826.66,398.20,826.55,396.87
787.82,378.12,787.98,378.14
791.16,384.55,793.79,385.04
788.47,382.39,787.82,378.12
825.34,399.67,825.44,398.21
782.87,368.25,801.69,368.68
769.62,360.00,769.11,356.74
756.96,355.85,758.39,355.12
791.23,384.06,792.35,384.43
786.53,384.02,787.76,384.40
791.23,384.06,789.76,383.97
826.30,400.69,826.57,399.51
788.54,383.26,789.76,383.97
817.91,357.49,817.77,357.37
819.10,357.40,819.16,357.08
812.89,376.69,815.00,376.69
783.77,370.69,783.82,370.83
820.70,325.60,820.51,325.21
827.75,367.67,829.00,366.85
786.53,384.02,787.85,384.14
812.61,380.74,812.67,381.10
791.23,384.06,788.54,383.26
825.03,400.97,825.34,399.67
813.59,378.95,813.76,379.66
790.00,383.35,788.54,383.26
810.98,380.73,810.67,380.49
805.71,363.92,805.02,364.22
825.18,401.38,824.38,401.20
828.22,327.81,828.50,327.28
811.57,379.55,811.51,380.33
790.00,383.35,789.03,382.53
828.03,327.83,828.50,327.28
791.06,384.23,789.66,384.14
823.98,348.42,825.98,348.46
810.67,380.49,810.43,379.91
789.82,383.58,789.03,382.53
817.08,360.77,818.98,360.77
825.30,402.17,825.86,401.60
823.09,320.93,823.11,324.33
813.71,379.63,813.77,380.45
788.63,382.63,789.03,382.53
811.35,347.84,813.33,347.02
822.86,358.25,823.00,360.00
816.30,360.25,816.44,359.95
788.63,382.63,788.28,382.51
805.39,366.19,804.57,364.21
812.30,377.97,815.76,378.26
824.69,402.34,825.30,402.17
823.13,352.68,823.41,352.85
816.06,378.38,816.34,378.69
788.28,382.51,788.47,382.39
825.32,392.04,826.83,390.88
789.21,377.69,789.17,378.19
824.07,402.09,824.69,402.34
792.35,384.70,792.35,384.43
831.20,388.82,832.28,388.82
824.89,310.51,824.20,309.96
784.36,381.94,785.74,382.02
822.57,402.52,823.26,402.80
791.23,384.06,792.35,384.70
816.98,347.15,817.10,347.07
816.68,370.66,805.97,370.42
791.10,384.31,792.35,384.70
823.54,308.77,823.46,309.18
791.10,384.31,791.23,384.06
823.51,401.45,824.07,402.09
828.21,418.31,828.72,418.83
787.73,369.81,783.81,369.83
783.78,377.51,783.45,377.56
823.54,308.77,823.78,308.41
791.10,384.31,790.00,383.35
821.96,401.81,822.57,402.52
815.88,373.49,813.84,373.09
828.87,444.58,834.10,440.93
789.82,383.58,790.00,383.35
791.10,384.31,789.82,383.58
812.86,379.30,813.18,379.25
789.82,383.58,788.63,382.63
803.36,378.33,804.98,378.03
812.86,379.30,816.91,379.50
789.82,383.58,788.58,382.82
831.39,343.39,830.16,342.78
831.24,325.59,829.54,324.43
816.59,379.45,816.91,379.50
789.84,383.80,788.58,382.82
822.77,399.29,823.06,400.49
789.64,382.59,788.28,382.51
830.51,415.58,831.04,415.07
786.91,383.16,785.53,383.07
822.77,399.29,821.46,400.74
790.64,380.61,790.38,381.65
815.33,360.67,815.63,360.32
789.64,382.59,787.82,378.12
786.76,378.02,786.44,378.07
821.58,400.19,821.50,400.13
789.21,377.69,789.17,378.19
791.88,382.83,792.28,382.73
789.53,377.85,789.17,378.19
786.76,378.02,786.77,377.66
789.53,377.85,789.52,378.22
794.46,384.09,795.80,384.85
786.58,377.56,786.45,377.70
789.99,377.66,789.85,377.80
789.53,377.85,789.85,377.80
794.66,383.88,794.46,384.09
789.67,377.71,789.53,377.85
800.30,375.61,800.17,376.02
791.16,384.55,792.35,384.70
817.79,370.42,817.90,370.33
819.13,342.19,818.47,341.49
800.42,375.70,800.17,376.02
791.10,384.31,792.35,384.70
816.55,336.00,817.26,334.35
843.07,331.07,820.23,331.07
819.13,342.19,817.79,341.49
810.19,368.11,813.40,368.67
800.42,375.70,800.30,375.61
791.10,384.31,789.82,383.58
789.84,383.80,789.82,383.58
826.84,422.53,827.12,421.99
785.03,377.57,784.86,377.42
786.93,382.29,786.44,378.07
791.10,384.31,789.84,383.80
829.56,307.66,829.38,308.01
824.03,391.79,824.41,394.25
791.10,384.31,791.16,384.55
812.24,377.39,812.00,377.63
783.44,377.92,783.93,382.11
792.10,381.95,794.41,369.80
788.58,382.82,788.28,382.51
783.05,377.90,783.93,382.11
789.92,382.90,788.28,382.51
824.00,355.13,821.72,355.34
816.59,377.42,816.29,377.57
789.92,382.90,789.64,382.59
812.53,377.24,812.24,377.39
815.90,359.15,815.87,359.59
789.64,382.59,789.17,378.19
789.52,378.22,789.17,378.19
811.53,380.50,811.61,380.76
823.98,371.58,825.77,371.15
816.91,377.37,816.59,377.42
816.56,359.15,816.53,359.57
790.02,382.48,789.52,378.22
794.42,377.87,792.93,377.86
789.67,377.71,789.53,377.85
813.18,377.24,816.91,377.37
794.42,377.87,794.60,378.03
789.67,377.71,789.21,377.69
825.77,371.15,827.47,370.45
789.40,377.49,789.21,377.69
819.77,355.18,819.23,355.17
827.47,426.81,827.80,426.38
824.46,366.07,825.47,366.69
820.18,321.87,820.44,324.65
789.52,378.22,789.53,377.85
790.93,377.76,792.45,378.34
813.48,377.39,813.18,377.24
789.85,377.80,789.99,377.66
812.24,377.39,816.05,377.81
821.82,360.92,819.23,360.91
827.47,428.34,827.35,427.56
789.85,377.80,791.16,377.71
788.63,383.94,787.73,384.01
819.80,360.92,819.23,360.91
827.44,332.93,827.79,333.02
791.34,377.87,791.16,377.71
801.72,383.88,802.93,382.93
791.16,377.71,789.67,377.71
828.81,404.50,831.62,403.71
789.84,383.80,788.58,382.82
825.52,348.05,825.49,349.85
831.07,350.19,832.49,351.84
791.19,383.88,788.58,382.82
812.90,362.35,812.82,362.45
791.19,383.88,789.92,382.90
789.82,383.58,788.63,382.63
818.13,351.45,817.94,351.45
789.84,378.17,789.52,378.22
792.67,384.41,794.00,384.53
786.83,382.71,785.20,382.34
830.13,381.59,829.76,381.19
811.66,371.31,811.74,370.87
790.90,377.77,789.67,377.71
789.40,377.49,789.67,377.71
814.20,382.08,815.18,382.08
824.92,395.34,824.41,394.25
792.67,384.41,793.92,384.80
786.83,382.71,786.53,382.41
831.62,440.44,831.43,440.13
830.80,360.00,830.63,362.15
790.90,377.77,789.40,377.49
782.71,379.35,783.35,375.31
797.78,384.48,798.93,384.85
790.69,377.54,789.40,377.49
790.20,384.58,790.31,384.83
789.84,378.17,789.85,377.80
791.34,377.87,789.85,377.80
789.84,378.17,791.34,377.87
827.33,398.27,826.41,398.26
791.46,378.25,791.34,377.87
789.84,378.17,791.46,378.25
791.65,384.91,791.75,384.68
791.09,377.93,791.34,377.87
793.79,385.04,792.44,384.95
830.72,389.29,829.86,389.69
784.86,377.42,784.61,377.47
788.47,382.39,787.98,378.14
791.16,384.55,792.44,384.95
790.67,384.83,791.75,384.68
822.99,327.83,823.02,327.90
813.65,356.20,812.82,362.14
803.66,360.00,803.83,362.15
822.87,370.74,829.00,370.74
792.51,384.64,793.79,385.04
793.41,385.03,794.77,385.12
792.51,384.64,791.16,384.55
789.84,383.80,791.16,384.55
792.51,384.64,789.84,383.80
791.19,383.88,789.92,382.90
814.61,359.59,814.70,360.00
791.19,383.88,790.18,382.73
799.35,370.75,802.34,370.98
791.38,383.67,790.18,382.73
790.02,382.48,790.45,382.30
790.18,382.73,790.02,382.48
792.49,377.84,792.45,378.34
819.00,357.48,817.50,357.49
805.10,379.49,812.08,380.09
790.45,382.30,789.84,378.17
794.42,384.76,795.63,384.92
791.09,377.93,790.69,377.54
817.22,357.10,817.22,355.56
791.46,378.25,791.34,377.87
787.93,377.56,786.90,377.51
792.67,384.41,793.92,384.80
788.10,377.72,787.93,377.56
792.51,384.64,793.79,385.04
813.36,381.17,813.27,380.78
820.02,397.91,820.16,395.88
791.38,383.67,792.67,384.41
813.58,379.17,813.45,379.72
820.02,397.91,820.97,396.48
791.38,383.67,792.51,384.64
791.19,383.88,792.51,384.64
790.18,382.73,790.66,382.63
831.63,353.11,832.00,352.79
836.06,342.44,823.82,342.44
811.54,376.67,811.11,377.10
791.63,383.46,790.66,382.63
830.65,340.40,829.94,339.92
813.40,381.86,814.23,382.45
790.66,382.63,790.45,382.30
825.49,350.91,825.68,350.91
829.80,340.50,829.94,339.92
792.28,382.73,790.45,382.30
816.98,352.83,831.27,351.17
829.80,340.50,830.65,340.40
812.89,376.69,812.37,376.77
792.28,382.73,792.07,382.39
819.21,357.07,819.19,355.54
825.67,350.24,825.49,349.85
829.75,341.13,829.80,340.50
791.71,382.58,791.46,378.25
823.87,393.63,823.18,393.37
791.21,378.30,791.46,378.25
828.41,333.82,828.90,333.95
830.67,356.87,830.42,357.85
806.74,369.96,808.64,372.84
829.75,341.13,830.59,341.14
791.71,382.58,791.21,378.30
824.49,394.33,823.87,393.63
791.21,378.30,791.09,377.93
827.18,350.28,828.58,351.92
793.92,384.80,794.00,384.53
792.87,384.17,791.63,383.46
831.53,342.27,831.31,342.73
793.26,383.56,792.28,382.73
831.72,341.04,831.67,341.68
791.71,382.58,791.08,378.28
813.45,380.96,813.24,380.35
824.48,402.07,824.97,401.03
811.86,378.22,812.19,377.86
794.17,377.92,792.93,377.86
786.76,378.02,788.22,378.09
813.45,380.96,813.41,380.34
824.48,402.07,825.03,400.97
794.17,377.92,792.69,377.64
823.94,402.61,824.55,401.98
788.09,383.68,787.09,382.54
793.98,377.69,794.17,377.92
813.58,381.52,813.45,380.96
823.26,402.80,823.94,402.61
787.57,382.45,786.93,382.29
815.81,370.68,816.74,370.74
835.70,342.46,823.47,342.46
805.99,370.93,817.89,371.42
784.79,377.63,784.59,377.47
818.02,384.07,815.81,370.68
830.24,406.21,832.14,406.78
817.24,384.18,815.81,370.68
752.81,368.86,752.93,368.98
801.69,368.68,782.87,368.25
821.96,401.81,822.57,402.52
819.31,395.75,819.68,396.48
794.50,384.27,792.87,384.17
826.26,350.29,827.76,350.64
791.63,383.46,792.87,384.17
794.50,384.27,791.63,383.46
783.28,377.21,783.95,371.05
787.98,378.14,788.10,377.72
793.26,383.56,791.63,383.46
793.26,383.56,792.28,382.73
789.17,373.78,788.70,374.10
793.08,383.78,792.28,382.73
816.56,362.01,816.62,362.48
793.08,383.78,791.88,382.83
791.88,382.83,791.55,382.70
791.55,382.70,791.71,382.58
786.38,384.24,787.04,384.59
792.45,378.34,792.92,382.78
816.30,360.25,816.44,359.95
821.03,397.96,820.97,396.48
788.09,383.68,789.40,384.44
792.45,378.34,791.55,382.70
791.08,378.28,791.55,382.70
792.45,378.34,791.08,378.28
811.82,348.81,813.42,349.39
823.77,350.91,823.29,350.96
748.83,356.62,748.90,356.57
831.00,364.22,830.18,366.20
793.13,378.33,793.14,377.96
792.45,378.34,792.49,377.84
788.28,369.83,783.81,369.83
811.89,381.56,813.40,381.86
792.10,381.95,793.48,369.81
792.80,378.01,792.49,377.84
815.93,359.15,815.43,358.35
793.13,378.33,792.80,378.01
792.45,378.34,792.80,378.01
815.08,378.36,816.34,378.68
822.19,391.61,823.16,391.32
792.93,377.86,793.27,377.81
821.18,349.29,819.51,350.21
819.87,337.26,821.47,341.90
793.14,377.96,793.27,377.81
792.93,377.86,793.14,377.96
820.88,349.25,821.18,349.29
824.15,391.69,823.06,391.43
792.80,378.01,793.14,377.96
792.93,377.86,792.80,378.01
783.23,382.49,783.83,382.53
811.47,379.21,814.58,380.06
820.25,399.99,820.71,401.89
814.79,380.34,812.61,380.74
787.82,378.12,787.67,377.61
798.25,384.83,797.22,385.02
819.34,331.43,822.90,332.26
798.94,385.13,799.91,385.22
794.36,378.08,794.42,377.87
794.36,378.08,794.17,377.92
819.03,342.83,818.28,342.04
786.38,384.24,787.76,384.40
794.49,378.46,794.36,378.08
817.13,352.83,839.68,352.83
787.43,377.40,786.29,377.34
794.49,378.46,794.23,377.92
794.38,378.43,794.23,377.92
826.08,396.18,825.62,394.29
794.36,378.08,793.98,377.69
794.85,382.89,794.38,378.43
815.81,370.68,794.38,378.43
805.41,377.69,804.11,377.64
819.23,350.20,817.94,351.45
794.50,384.27,795.63,384.64
819.23,350.20,818.13,351.45
826.12,400.32,826.26,398.26
794.50,384.27,795.63,384.92
788.12,375.88,788.02,376.00
826.26,395.66,825.80,394.70
823.14,333.17,822.79,328.39
788.28,383.48,788.54,383.26
814.98,358.46,814.94,359.05
820.05,396.75,821.02,396.84
794.37,384.52,795.63,384.92
830.05,309.23,830.24,308.94
795.05,383.26,796.01,382.45
784.57,382.26,784.09,382.36
826.26,395.66,824.49,394.33
788.28,383.48,789.76,383.97
827.35,412.74,827.54,412.48
794.37,384.52,794.50,384.27
826.27,400.36,826.41,398.26
788.28,383.48,789.56,384.21
825.83,402.23,826.12,400.32
794.37,384.52,793.26,383.56
825.68,402.16,826.12,400.32
793.08,383.78,793.26,383.56
813.98,381.60,814.97,381.60
825.83,402.23,826.27,400.36
805.71,363.92,804.31,363.13
794.37,384.52,793.08,383.78
836.73,328.35,823.31,327.87
793.08,383.78,791.88,382.83
791.82,383.02,791.88,382.83
836.73,328.35,823.11,328.35
822.87,386.37,822.58,386.97
793.08,383.78,791.82,383.02
793.09,384.00,791.82,383.02
813.21,346.93,815.41,346.53
791.82,383.02,791.55,382.70
824.25,404.59,825.13,403.69
792.92,382.78,791.55,382.70
781.59,369.80,782.90,382.21
830.26,411.50,830.33,411.95
792.92,382.78,792.45,378.34
826.57,399.51,826.66,398.20
813.87,363.24,812.82,362.45
822.29,404.45,823.17,404.74
792.92,382.78,792.79,378.38
793.24,382.67,792.79,378.38
813.87,363.24,813.20,363.24
822.29,404.45,823.27,404.85
792.92,382.78,793.24,382.67
794.42,377.87,793.27,377.81
790.77,383.77,792.15,383.29
793.38,382.53,792.13,383.49
793.14,377.96,794.42,377.87
762.34,370.02,764.89,368.07
785.68,370.75,789.11,370.98
825.13,400.06,823.98,399.45
830.24,327.65,830.41,328.44
825.55,346.80,827.56,347.64
794.23,377.92,815.81,370.68
820.71,401.89,821.41,403.43
823.75,399.94,825.13,400.06
825.41,398.17,825.33,397.16
794.49,378.46,794.36,378.08
792.44,384.95,794.77,385.12
820.25,399.99,820.71,401.89
819.23,350.20,817.94,351.45
807.74,350.28,806.34,351.92
819.72,333.57,820.60,332.99
796.56,371.05,797.02,370.83
794.99,382.78,794.38,378.43
830.00,366.53,830.10,367.43
781.32,374.89,781.42,380.73
818.02,384.07,819.24,385.10
820.57,385.87,821.88,386.28
821.30,355.32,821.30,360.72
820.57,385.87,821.53,386.88
819.45,355.54,821.30,360.72
827.31,378.11,827.24,378.99
829.82,333.26,829.38,333.76
823.68,395.26,824.13,394.79
825.34,399.17,825.41,398.17
820.15,386.45,821.53,386.88
786.74,383.77,789.25,384.23
826.89,391.26,826.16,390.89
825.93,419.57,825.74,419.28
790.93,377.76,790.69,377.54
794.37,384.52,795.63,384.92
793.73,382.49,793.13,378.33
793.09,384.00,791.82,383.02
826.03,381.52,826.49,382.52
830.45,329.47,830.53,330.53
825.34,399.17,825.41,398.17
795.34,382.59,793.13,378.33
794.46,384.09,791.82,383.02
794.46,384.09,793.19,383.10
823.47,321.16,824.07,321.15
796.37,383.99,795.15,383.03
793.45,382.93,793.24,382.67
494.76,483.16,452.24,344.81
793.19,383.10,793.24,382.67
824.07,321.15,824.04,324.46
795.15,383.03,794.99,382.78
793.19,383.10,792.92,382.78
800.02,368.25,799.65,368.42
793.73,382.49,793.13,378.33
793.24,382.67,793.13,378.33
793.13,378.33,792.79,378.38
793.13,378.33,794.60,378.03
820.12,369.07,819.71,368.68
794.72,378.41,794.60,378.03
828.13,389.00,826.78,389.81
795.34,382.59,794.72,378.41
815.57,381.69,816.34,382.15
827.57,396.01,827.43,393.96
794.49,378.46,794.72,378.41
794.99,382.78,794.49,378.46
818.11,379.22,819.14,371.89
827.58,398.28,827.57,396.01
794.85,382.89,794.99,382.78
824.87,324.44,824.88,321.12
796.38,384.21,817.38,384.58
813.24,371.16,814.86,369.92
830.32,415.84,830.51,415.58
820.15,386.45,818.73,385.63
815.71,381.10,816.56,381.69
826.76,402.55,827.32,400.54
824.66,329.41,825.02,329.24
819.24,385.10,818.73,385.63
789.21,377.69,789.53,377.85
825.95,404.12,826.52,402.49
823.14,341.44,822.79,341.77
820.15,386.45,819.24,385.10
816.47,371.53,817.03,367.54
825.72,404.04,826.52,402.49
820.57,385.87,819.24,385.10
793.95,382.83,793.73,382.49
820.15,386.45,799.03,385.38
797.37,369.89,795.56,369.88
811.41,371.38,811.83,368.39
819.71,368.68,800.02,368.25
800.13,373.21,800.47,373.22
823.03,356.08,821.20,352.49
820.02,397.91,820.16,395.88
813.34,378.37,813.59,378.95
795.80,384.85,797.09,385.26
795.80,384.85,794.46,384.09
793.45,382.93,793.19,383.10
792.18,383.86,793.40,383.16
794.66,383.88,793.45,382.93
793.24,382.67,793.73,382.49
790.45,382.30,789.84,378.17
793.95,382.83,793.73,382.49
793.95,382.83,793.24,382.67
793.45,382.93,793.24,382.67
790.64,375.31,791.38,375.34
825.01,386.45,823.64,386.88
832.01,341.52,831.96,341.41
788.81,374.62,788.44,375.46
814.20,378.63,815.18,378.63
824.88,321.12,830.28,319.71
795.55,382.93,795.34,382.59
825.32,396.74,824.99,395.40
791.38,383.67,792.67,384.41
786.53,382.41,786.06,378.04
825.26,396.71,824.92,395.34
793.82,383.97,792.70,384.33
798.93,384.85,799.86,384.93
817.73,355.18,817.13,355.29
795.10,383.22,795.15,383.03
796.37,383.99,795.10,383.22
795.16,377.57,793.75,377.87
791.09,377.93,791.16,377.71
828.70,421.51,828.89,421.25
820.15,386.45,797.73,384.98
791.09,377.93,790.90,377.77
817.36,357.37,817.28,357.40
816.96,355.50,816.58,355.68
820.15,386.45,796.38,384.21
822.38,340.90,821.76,339.31
825.55,346.80,825.61,346.87
806.74,350.03,808.36,349.36
815.25,350.51,813.85,351.71
812.08,380.09,812.68,380.19
816.96,355.50,816.67,355.79
820.15,386.45,818.73,385.63
794.00,384.53,796.55,384.72
790.80,384.60,791.75,384.68
826.01,390.58,826.78,389.81
832.01,341.52,831.51,342.76
813.48,379.10,817.54,379.30
802.98,383.10,803.24,382.78
798.94,385.13,799.03,385.38
791.82,383.02,791.55,382.70
797.73,384.98,798.94,385.13
821.30,355.45,821.00,355.74
823.14,341.44,823.14,341.75
795.96,384.63,797.09,385.26
794.66,383.88,795.96,384.63
790.18,382.73,789.92,382.90
789.67,377.71,789.85,377.80
794.66,383.88,795.80,384.85
805.64,379.76,812.68,380.19
829.37,324.09,830.98,323.87
822.12,339.21,822.18,339.24
826.49,344.43,826.17,344.77
794.72,378.41,794.60,378.03
797.02,370.83,796.56,371.05
794.93,383.66,793.95,382.83
797.02,370.83,797.02,369.88
794.93,383.66,793.45,382.93
831.53,339.84,831.67,340.41
792.07,382.39,791.46,378.25
794.66,383.88,793.45,382.93
819.54,371.30,820.15,367.02
832.11,389.31,830.12,388.90
797.73,384.98,796.38,384.21
798.94,385.13,798.93,384.85
797.78,384.48,798.93,384.85
830.34,342.91,830.62,342.99
794.36,378.08,794.17,377.92
797.67,384.74,798.94,385.13
828.08,417.60,828.44,418.34
829.12,441.29,829.05,440.83
796.18,384.38,797.32,384.75
822.52,333.85,822.75,333.32
795.96,384.63,797.32,384.75
799.17,375.73,799.38,375.83
827.68,330.65,828.49,331.84
815.80,358.65,815.84,359.15
784.92,377.99,784.73,377.98
821.18,349.29,838.05,350.21
829.18,440.88,829.12,441.29
820.86,366.57,819.33,367.59
825.87,348.33,827.64,349.07
795.96,384.63,797.22,385.02
799.91,374.64,799.87,375.10
829.31,441.60,829.18,440.88
825.77,348.84,827.47,349.55
827.60,389.90,826.27,390.83
794.66,383.88,794.93,383.66
796.18,384.38,794.93,383.66
822.58,386.97,800.02,385.47
794.93,383.66,793.95,382.83
796.53,383.76,793.95,382.83
831.47,350.72,831.27,351.17
821.70,347.93,823.54,348.69
795.55,382.93,793.95,382.83
788.05,373.21,788.29,373.33
796.53,383.76,795.55,382.93
796.53,383.76,797.78,384.48
796.37,383.99,796.53,383.76
796.18,384.38,797.32,384.75
813.79,355.97,815.20,355.97
788.61,373.50,788.05,373.21
824.20,309.96,824.43,309.66
786.19,371.11,783.95,371.05
797.32,384.75,798.93,384.85
791.28,379.35,790.64,380.61
794.93,383.66,796.18,384.38
797.78,384.48,794.93,383.66
797.78,384.48,796.53,383.76
821.49,324.56,821.42,324.00
788.00,384.67,787.73,384.01
811.94,368.37,811.53,371.30
787.73,369.81,788.28,369.83
787.73,384.01,788.00,384.67
788.96,384.59,788.60,384.71
826.14,398.91,826.09,400.75
821.68,402.27,821.59,402.17
785.03,377.57,785.15,377.94
820.88,349.25,821.18,349.29
824.50,393.46,823.05,394.71
788.71,384.48,788.60,384.71
810.06,349.39,811.82,348.81
789.65,384.40,788.71,384.48
808.06,364.29,809.05,366.26
789.65,384.40,788.71,384.48
827.07,400.51,826.27,400.36
826.12,400.32,825.68,402.16
789.65,384.40,788.75,384.21
830.67,363.13,830.78,363.13
789.66,384.14,788.75,384.21
806.06,377.94,804.82,377.04
789.66,384.14,788.75,384.21
831.67,360.00,831.86,360.00
790.16,384.30,788.75,384.21
795.35,377.47,794.55,377.21
812.68,362.29,813.13,363.20
806.06,377.94,805.16,376.70
789.66,384.14,790.16,384.30
828.45,389.19,829.52,389.19
798.85,371.11,797.37,377.54
791.06,384.23,790.16,384.30
788.69,375.70,788.57,375.90
795.20,383.68,796.46,382.71
833.07,302.64,828.41,302.83
791.15,384.50,790.20,384.58
790.31,384.83,790.20,384.58
795.20,383.68,795.10,382.63
791.15,384.50,790.31,384.83
788.73,375.61,788.69,375.70
796.01,382.45,796.22,382.11
793.85,383.60,795.10,382.63
791.28,384.74,790.31,384.83
791.65,384.91,790.31,384.83
792.62,384.83,791.65,384.91
828.70,329.18,828.86,329.84
821.93,332.13,821.12,331.31
792.62,384.83,791.65,384.91
828.70,329.18,830.04,328.61
822.46,335.30,822.99,335.18
821.93,332.13,820.71,331.66
792.62,384.83,791.75,384.68
823.37,321.15,823.47,320.33
824.28,371.65,824.28,369.38
829.69,327.91,830.04,328.61
797.98,382.63,798.25,382.82
821.47,332.44,820.71,331.66
792.70,384.60,791.75,384.68
825.17,410.98,825.41,409.98
791.79,384.41,791.75,384.68
819.34,352.59,818.24,353.53
793.27,384.50,791.79,384.41
804.68,376.82,810.83,377.64
794.18,384.43,793.27,384.50
793.31,384.78,793.27,384.50
804.68,376.82,804.41,377.35
794.18,384.43,793.31,384.78
793.41,385.03,793.31,384.78
794.23,377.92,793.98,377.69
789.32,374.64,789.29,375.10
813.10,348.77,814.96,347.64
822.52,333.85,822.75,333.32
789.32,374.64,788.81,375.16
820.71,325.13,820.70,325.60
794.39,384.95,794.77,385.12
826.04,348.95,825.24,349.73
794.31,377.40,794.41,369.80
788.80,374.63,788.81,375.16
820.51,325.21,820.70,325.60
795.75,385.04,794.77,385.12
794.88,384.89,794.77,385.12
795.84,384.80,794.88,384.89
795.84,384.80,794.92,384.61
826.20,399.24,826.27,398.17
830.22,332.58,829.86,333.36
823.91,401.32,824.38,401.20
800.79,353.83,799.97,355.80
801.13,361.68,801.52,363.32
795.83,384.53,794.92,384.61
795.83,384.53,794.92,384.61
809.96,361.92,810.41,363.79
796.55,384.72,794.92,384.61
820.18,334.53,819.72,333.57
820.71,324.15,820.88,323.78
784.55,377.84,783.22,373.74
805.58,379.39,806.09,379.47
795.83,384.53,796.55,384.72
799.89,373.31,799.66,373.61
831.72,341.51,832.01,341.52
821.13,334.10,819.72,333.57
797.48,384.64,796.55,384.72
805.39,353.81,805.71,356.08
821.05,320.91,821.29,320.39
797.48,384.64,796.55,384.72
796.59,385.00,796.55,384.72
793.49,382.11,792.94,382.26
809.38,348.88,807.74,350.28
808.42,349.79,810.06,349.39
805.39,353.81,804.57,355.78
801.97,378.30,801.96,377.93
827.40,336.04,826.76,336.73
797.48,384.64,796.59,385.00
800.30,384.00,798.97,384.76
827.93,325.98,826.76,336.73
797.55,384.92,796.59,385.00
798.25,384.83,798.19,385.10
750.47,353.47,748.90,356.57
828.97,388.79,829.54,388.69
787.09,382.54,787.57,382.45
825.33,397.16,824.11,397.44
799.17,384.75,798.25,384.83
799.86,384.93,798.25,384.83
820.02,397.91,820.08,397.91
799.17,384.75,799.86,384.93
812.30,377.97,812.66,377.86
799.91,385.22,799.86,384.93
800.79,384.85,799.91,385.22
800.88,385.13,799.91,385.22
800.02,385.47,799.91,385.22
800.88,385.13,800.02,385.47
826.17,344.77,821.29,344.89
827.84,328.63,828.03,327.83
801.02,385.38,800.02,385.47
801.02,385.38,800.02,385.47
801.02,385.38,822.58,386.97
823.64,386.88,822.58,386.97
820.19,369.20,819.97,369.48
821.30,355.32,821.22,355.21
822.77,395.98,822.97,398.22
825.52,348.05,827.36,348.49
787.04,384.59,788.00,384.67
820.19,369.20,819.78,368.80
819.56,369.08,820.19,369.20
817.30,355.57,817.30,357.09
820.98,366.22,821.31,366.08
818.13,370.24,817.90,370.33
829.31,426.36,829.38,425.92
829.14,353.30,830.15,353.92
820.61,348.24,820.76,348.21
817.79,370.42,817.90,370.33
811.95,356.24,812.12,356.26
830.18,353.80,831.00,355.78
827.30,348.42,827.74,349.19
817.89,371.42,817.90,370.33
818.81,355.24,817.48,355.24
831.87,391.30,829.39,390.59
823.22,398.19,822.85,395.81
827.74,349.19,829.04,350.51
804.91,349.00,809.38,348.88
823.09,364.29,823.09,361.71
819.68,346.53,821.76,347.02
802.77,353.42,802.17,355.12
797.02,369.88,796.56,371.05
823.52,397.96,823.17,395.72
783.22,381.94,782.02,381.33
797.37,370.69,797.02,370.83
797.37,370.69,799.08,370.89
820.88,323.78,820.51,324.08
824.49,392.03,824.38,392.14
797.37,370.69,797.02,370.83
795.63,384.92,795.71,385.16
799.35,370.75,799.08,370.89
802.08,371.21,798.85,371.11
825.48,370.14,825.48,369.13
795.71,385.16,796.70,385.25
802.62,370.84,805.71,371.08
821.18,344.44,821.29,344.89
802.62,370.84,802.34,370.98
805.71,371.08,802.34,370.98
819.56,369.08,817.79,368.80
805.42,371.30,802.34,370.98
830.31,358.01,831.67,360.00
802.08,371.21,802.34,370.98
823.18,350.29,823.29,350.96
833.35,401.31,826.10,401.09
813.79,380.33,813.45,379.72
759.08,370.54,762.34,370.02
813.56,348.95,814.92,346.66
819.56,369.08,819.78,368.80
819.16,357.08,819.16,355.53
817.50,357.49,817.36,357.37
791.06,384.23,790.16,384.30
833.08,347.68,820.66,348.07
819.56,369.08,818.13,370.24
818.12,371.27,819.56,369.08
819.97,369.48,819.56,369.08
823.57,400.70,823.83,400.63
803.91,352.09,802.77,353.42
818.12,371.27,819.97,369.48
827.74,349.19,829.06,349.15
805.09,360.00,805.25,361.98
797.37,370.69,797.37,369.89
788.13,383.86,789.26,384.50
794.55,377.21,795.65,377.26
793.66,383.38,793.85,383.60
798.85,371.11,795.84,377.47
823.13,367.32,823.41,367.15
792.51,384.64,792.67,384.41
815.78,371.13,815.77,370.97
823.44,401.14,823.91,401.32
830.73,330.53,830.65,331.64
796.94,377.66,797.12,377.51
805.42,371.30,802.08,371.21
813.53,381.81,814.23,382.45
794.60,378.03,793.14,377.96
824.88,321.12,824.88,320.30
820.58,394.05,821.25,392.62
805.71,371.08,805.42,371.30
826.17,395.19,825.83,396.95
806.47,354.24,805.02,355.78
800.02,368.25,800.04,368.80
789.64,382.59,788.28,382.51
800.41,368.63,800.04,368.80
790.22,384.20,788.96,384.59
811.37,380.32,811.51,380.33
816.38,350.15,818.01,349.15
795.03,377.42,795.16,377.57
791.01,382.87,789.81,383.57
815.10,357.54,815.24,357.70
799.47,357.87,803.50,357.85
813.33,347.02,815.41,346.53
819.71,368.68,817.70,368.68
806.09,379.47,808.16,377.94
800.13,373.21,799.89,373.31
819.71,368.68,798.10,368.25
815.92,364.48,816.73,365.80
828.64,331.24,828.49,331.84
800.13,373.21,800.35,373.33
793.19,383.10,792.92,382.78
824.08,319.50,823.47,319.51
791.52,383.45,790.22,384.20
811.29,379.23,810.44,379.21
792.76,369.83,793.53,369.81
792.76,382.49,791.52,383.45
822.36,369.55,823.89,367.99
748.90,356.57,748.35,360.00
793.48,369.81,792.76,369.83
823.48,400.45,823.22,398.19
830.03,353.78,829.14,353.30
796.53,383.76,795.55,382.93
791.01,382.87,791.52,383.45
820.56,351.84,819.34,352.59
836.23,333.12,822.82,333.26
792.15,383.29,793.33,382.36
808.22,355.73,811.14,354.43
818.13,370.78,819.89,371.51
831.11,369.76,829.46,371.16
783.35,381.95,781.59,369.80
793.40,383.16,793.66,383.38
792.13,383.49,793.38,382.53
793.10,382.21,793.38,382.53
829.05,390.37,828.31,391.32
832.87,304.21,827.95,304.42
788.54,383.26,787.57,382.45
791.16,377.71,791.34,377.87
800.54,367.50,750.47,366.53
816.95,355.31,816.58,355.68
818.73,385.63,796.38,384.21
790.88,384.02,790.83,384.24
825.00,403.60,823.85,402.71
815.93,357.79,815.74,357.86
795.96,384.63,797.22,385.02
793.15,381.94,792.94,382.26
802.28,377.76,802.08,371.21
799.96,355.83,799.47,357.89
821.68,350.64,823.18,350.29
793.10,382.21,794.41,369.80
811.40,380.06,811.38,380.90
791.98,383.07,792.94,382.26
819.90,396.58,820.87,396.68
819.41,395.84,819.68,396.48
791.38,383.67,791.19,383.88
829.76,327.18,830.24,327.65
793.15,381.94,792.94,382.26
803.86,377.84,803.72,378.01
794.17,377.90,793.49,382.11
794.17,377.90,793.71,382.24
830.24,333.50,829.76,334.05
793.49,382.11,793.71,382.24
793.45,382.93,793.95,382.83
791.06,384.23,790.20,384.58
799.38,373.41,799.58,373.51
798.85,371.11,796.56,371.05
830.62,332.68,830.24,333.50
829.94,339.92,830.09,339.57
794.17,377.90,793.10,382.21
794.17,377.90,793.71,382.24
789.37,371.21,787.96,373.10
829.81,440.94,829.74,441.38
797.67,384.74,796.37,383.99
790.88,384.02,789.66,384.14
790.88,384.02,789.65,384.40
789.37,371.21,788.77,374.63
797.78,384.48,798.94,385.13
793.40,383.16,794.36,382.35
793.10,382.21,792.10,381.95
805.42,371.30,802.28,377.76
830.03,327.67,830.41,328.44
792.94,382.26,794.36,382.35
828.45,389.19,827.11,389.67
822.86,358.25,826.15,357.89
788.52,373.64,788.70,374.10
817.60,338.97,816.81,337.39
791.98,383.07,792.94,382.26
831.06,360.00,830.58,360.00
805.39,366.19,806.51,368.02
821.82,355.14,821.59,355.13
815.08,372.29,817.08,373.12
829.46,348.83,827.64,349.07
816.36,372.30,816.38,372.15
793.75,377.87,793.15,381.94
805.62,377.92,829.35,370.68
823.29,395.47,823.04,395.86
788.44,373.75,788.61,373.50
823.54,308.77,823.78,308.41
785.96,370.89,783.82,370.83
795.00,382.20,794.84,382.45
828.70,327.26,829.22,327.04
793.98,377.92,794.10,377.56
798.85,374.60,798.89,375.06
821.13,334.10,821.28,332.99
830.19,341.59,830.42,341.48
816.93,338.97,817.60,338.97
790.77,383.77,789.66,384.14
830.12,430.83,830.49,431.58
823.74,347.84,825.24,349.73
818.50,337.26,820.48,338.53
791.08,378.28,790.93,377.76
794.46,384.09,793.19,383.10
838.12,347.09,821.80,347.09
790.77,383.77,791.06,384.23
791.21,378.30,790.93,377.76
831.63,438.98,831.87,439.01
829.08,354.24,831.00,355.78
790.18,382.73,790.02,382.48
797.67,384.74,797.78,384.48
792.18,383.86,791.06,384.23
791.21,378.30,791.08,378.28
797.67,384.74,796.53,383.76
827.41,331.87,827.33,330.77
793.75,377.87,795.16,377.94
823.46,309.18,824.20,309.96
827.91,376.07,827.81,376.70
789.37,371.21,785.96,370.89
825.48,370.14,825.65,369.79
797.23,378.04,797.06,378.07
795.16,377.57,795.16,377.94
788.09,383.68,786.76,383.60
795.16,377.57,793.75,377.87
825.44,398.21,825.32,396.74
792.28,382.73,790.66,382.63
799.58,375.74,800.07,375.90
811.11,377.10,811.60,377.33
819.42,357.48,819.00,357.48
794.26,384.70,793.31,384.78
793.86,377.51,793.75,377.87
808.36,370.64,808.64,372.84
795.42,382.34,794.84,382.45
828.27,332.33,827.99,332.65
795.42,382.34,795.10,382.63
823.62,372.10,825.48,370.14
824.90,412.44,826.68,410.98
794.39,384.95,793.41,385.03
823.78,400.54,824.07,400.38
823.83,395.06,823.05,394.71
826.68,410.98,825.58,412.92
794.26,384.70,793.31,384.78
795.16,377.94,794.57,382.02
793.86,377.51,795.16,377.57
812.82,362.14,813.44,362.36
802.77,366.57,803.91,367.91
793.86,377.51,795.03,377.42
793.86,377.51,794.04,377.37
793.98,377.92,794.17,377.90
838.18,346.29,822.86,346.29
823.14,328.36,822.99,327.83
793.86,377.51,794.10,377.56
805.19,382.89,805.66,378.43
805.62,377.92,805.41,377.69
817.38,384.58,818.73,385.63
794.04,377.37,793.86,377.51
786.58,377.56,786.90,377.51
818.45,342.19,819.13,342.19
792.39,384.11,791.15,384.50
822.57,402.52,823.26,402.80
787.36,382.11,786.76,378.02
794.00,384.53,795.63,384.64
792.18,383.86,791.15,384.50
792.18,383.86,791.06,384.23
822.46,402.62,823.15,402.90
792.87,384.17,794.00,384.53
812.89,376.69,815.00,376.69
792.39,384.11,793.66,383.38
812.89,376.69,815.00,378.25
792.39,384.11,793.40,383.16
804.17,382.93,802.76,382.49
787.92,374.89,787.26,374.22
792.70,384.60,791.79,384.41
791.79,384.41,790.80,384.60
786.45,377.70,786.77,377.66
797.04,384.64,798.36,383.88
793.85,383.60,795.10,382.63
796.37,383.99,795.55,382.93
794.84,382.45,795.10,382.63
792.54,384.35,791.28,384.74
826.43,344.02,824.95,345.00
837.13,344.02,826.43,344.02
795.49,377.99,795.49,377.63
795.49,377.99,795.16,377.57
829.37,324.09,827.43,320.08
813.77,380.45,824.28,381.21
790.20,384.58,789.26,384.50
786.19,371.11,786.29,377.34
799.41,374.58,799.52,374.01
826.43,344.02,837.13,344.02
795.49,377.99,795.16,377.94
797.06,378.07,797.19,377.70
818.02,384.07,816.74,370.74
796.82,378.02,797.19,377.70
796.82,378.02,796.94,377.66
826.49,382.52,826.03,381.52
829.40,327.34,829.86,327.80
797.19,377.70,796.94,377.66
836.21,342.91,827.64,342.91
814.86,381.22,816.69,381.09
828.90,327.22,829.40,327.34
795.42,382.34,796.77,382.41
826.30,389.08,826.12,388.90
827.94,327.95,828.39,327.42
796.79,383.58,796.99,383.80
796.77,382.41,797.23,378.04
783.83,382.53,783.51,382.24
815.71,381.10,816.70,381.10
825.04,392.69,824.15,391.69
794.17,377.92,792.93,377.86
795.03,377.42,795.16,377.57
827.60,343.19,835.98,343.19
827.58,328.73,827.94,327.95
819.56,369.08,819.78,368.80
795.49,377.63,795.16,377.57
822.79,341.77,822.79,341.53
818.12,371.27,817.90,370.33
794.29,377.42,795.35,377.47
795.03,377.42,794.29,377.42
815.67,382.44,816.34,382.14
827.41,329.74,827.63,328.80
794.04,377.37,794.29,377.42
795.03,377.42,794.04,377.37
804.85,377.87,805.18,377.92
794.29,377.42,794.10,377.56
786.53,384.02,785.26,383.29
798.08,385.34,796.70,385.25
792.54,384.35,791.15,384.50
826.41,398.26,826.24,396.15
795.63,384.92,795.63,384.64
815.77,370.97,815.78,371.13
792.39,384.11,792.54,384.35
827.94,333.49,827.63,332.67
818.55,380.51,819.82,371.53
792.39,384.11,793.85,383.60
795.03,377.42,795.35,377.47
819.47,367.34,816.34,367.34
818.55,380.51,819.46,371.33
792.39,384.11,793.66,383.38
816.29,367.25,816.34,367.34
816.29,367.25,817.06,367.27
796.46,382.71,796.57,382.29
823.00,337.35,823.04,332.49
801.96,377.93,802.07,377.54
802.98,383.10,802.93,382.93
828.62,376.19,830.13,376.49
799.47,362.11,799.97,364.20
800.02,368.25,799.65,368.42
813.21,346.93,815.31,346.42
828.97,319.76,829.12,319.92
819.31,395.75,819.55,396.34
796.41,382.54,796.57,382.29
816.46,371.53,816.49,371.38
796.82,378.02,797.06,378.07
827.82,432.03,828.18,432.77
805.62,377.92,805.41,377.69
798.32,378.09,798.31,377.72
761.56,355.12,767.13,355.04
821.18,320.87,821.42,320.33
825.66,369.14,824.71,369.20
798.81,384.52,798.61,384.27
796.82,378.02,798.31,377.72
796.82,378.02,796.94,377.66
810.98,380.73,811.61,380.76
798.17,377.56,798.31,377.72
822.81,400.20,823.13,400.33
830.45,331.60,830.22,332.58
797.12,377.51,798.17,377.56
815.82,371.02,815.83,371.18
823.73,400.80,824.18,401.32
830.65,329.42,830.73,330.53
796.94,377.66,797.19,377.70
815.83,371.18,815.82,371.02
795.49,377.99,795.88,377.98
823.86,393.16,824.83,391.80
781.97,369.81,781.59,369.80
788.29,373.33,788.52,373.64
814.91,380.06,818.02,380.32
795.84,377.47,795.88,377.98
788.29,373.33,788.22,373.22
795.84,377.47,795.49,377.99
824.43,309.66,827.09,307.27
786.74,383.77,785.53,383.07
797.19,377.70,797.37,377.54
795.49,377.63,795.49,377.99
823.01,400.65,823.44,401.14
829.55,327.20,830.03,327.67
796.77,382.41,795.42,382.34
819.11,370.97,819.13,371.13
829.03,327.07,829.55,327.20
795.84,377.47,795.49,377.63
820.02,397.91,820.21,395.84
821.53,386.88,821.88,386.28
797.12,377.51,797.37,377.56
819.84,371.38,819.11,370.97
819.14,371.89,819.13,371.74
795.35,377.47,795.65,377.26
819.84,371.38,819.13,371.13
830.94,415.90,831.76,415.61
786.74,383.77,787.85,384.14
794.37,384.52,793.08,383.78
793.89,384.44,791.28,384.74
817.72,357.09,817.77,357.37
813.82,380.44,813.82,380.62
822.19,404.11,822.10,403.87
829.09,307.91,829.02,308.32
815.24,360.59,815.44,360.52
787.82,378.12,788.28,382.51
813.68,379.05,813.50,379.24
817.29,340.93,817.26,340.38
793.89,384.44,792.62,384.83
827.35,329.70,827.58,328.73
792.54,384.35,793.85,383.60
819.29,371.68,819.31,371.86
827.81,381.32,829.47,380.58
827.33,330.77,827.41,329.66
793.89,384.44,792.54,384.35
827.81,381.32,828.19,381.75
827.41,331.87,827.33,330.77
796.46,382.71,796.41,382.54
826.15,362.11,822.45,363.46
829.35,370.68,829.00,370.74
796.01,382.45,796.57,382.29
823.37,321.15,823.48,324.46
810.00,371.14,814.96,372.36
805.84,353.80,805.00,355.74
800.62,375.21,800.48,375.16
793.94,384.21,792.70,384.60
798.17,377.56,798.63,377.77
796.68,369.89,795.24,369.89
823.37,321.15,823.36,324.45
800.62,375.21,800.42,375.70
798.17,377.56,798.31,377.72
793.89,384.44,795.20,383.68
816.00,371.74,816.01,371.89
815.96,371.86,815.95,371.68
798.31,377.72,798.63,377.77
827.32,400.54,827.58,398.28
817.38,384.58,795.10,383.22
798.63,377.77,798.97,377.61
816.36,372.30,815.96,371.86
795.75,385.04,794.88,384.89
817.28,357.40,817.41,357.52
818.18,380.43,818.55,380.45
798.17,377.56,798.49,377.61
816.38,372.15,815.95,371.68
820.42,367.27,819.64,367.25
829.82,333.26,829.38,333.76
822.86,320.87,823.10,320.33
822.38,340.90,821.98,339.25
797.37,377.54,795.84,377.47
827.70,427.22,828.51,426.94
827.55,351.29,828.87,351.84
816.45,368.41,816.57,368.81
795.84,377.47,797.23,378.04
831.00,421.16,831.71,421.97
795.84,377.47,795.88,377.98
800.29,377.66,801.50,377.71
810.67,380.49,810.98,380.73
816.29,367.25,817.06,367.27
830.17,332.50,829.82,333.26
797.23,378.04,795.88,377.98
820.99,399.44,821.32,400.80
823.87,386.28,822.87,386.37
815.21,380.45,814.84,380.43
819.29,355.31,819.61,355.21
830.39,331.57,830.17,332.50
792.70,384.60,792.62,384.83
838.05,350.21,819.51,350.21
822.75,404.85,823.74,405.28
821.42,344.95,838.15,344.95
794.42,384.76,795.71,385.16
815.21,380.45,814.84,380.43
823.19,400.31,822.87,398.24
790.83,384.24,788.96,384.59
818.18,380.43,814.84,380.43
793.94,384.21,792.70,384.60
816.62,362.48,816.62,362.63
822.94,404.93,823.95,405.37
793.09,384.00,794.42,384.76
792.80,378.01,793.14,377.96
826.51,411.10,836.48,411.10
791.52,383.45,790.22,384.20
818.02,380.32,818.18,380.43
795.22,383.48,795.20,383.68
817.72,357.09,817.72,355.23
749.53,356.91,751.85,357.67
830.47,330.54,830.39,331.57
820.15,386.45,821.53,386.88
791.52,383.45,790.83,384.24
817.30,355.57,817.40,355.33
822.77,395.98,822.79,395.79
825.75,414.54,826.49,413.80
795.22,383.48,793.89,384.44
814.98,379.22,818.11,379.22
829.82,327.91,830.17,328.61
796.22,382.11,797.71,382.20
824.07,400.38,823.69,400.00
800.23,378.22,800.36,377.85
797.50,382.53,796.22,382.11
796.55,384.72,795.63,384.64
801.57,383.02,802.98,383.10
797.71,382.20,798.32,378.09
795.31,384.06,796.53,383.35
798.49,377.61,798.63,377.77
816.99,362.95,816.78,362.82
816.09,354.33,815.20,355.97
789.65,384.40,789.57,384.63
798.77,377.40,798.63,377.77
828.03,413.25,828.77,412.51
818.26,379.24,818.19,380.07
798.77,377.40,798.97,377.61
798.64,378.14,798.97,377.61
796.38,384.21,797.73,384.98
819.64,367.25,819.47,367.34
798.49,377.61,798.77,377.40
818.18,380.43,818.02,380.32
827.98,328.05,828.41,327.55
797.62,377.34,798.77,377.40
795.15,383.03,795.34,382.59
790.83,384.24,792.13,383.49
798.49,377.61,797.62,377.34
814.91,380.06,814.85,380.07
827.63,328.80,827.98,328.05
798.49,377.61,797.37,377.56
814.92,379.24,814.98,379.22
784.55,377.84,785.89,381.94
827.41,329.74,827.63,328.80
792.70,384.33,792.70,384.60
821.22,355.15,818.87,355.18
818.18,380.43,814.84,380.43
793.94,384.21,792.70,384.33
805.83,353.75,808.90,353.70
788.73,375.61,788.57,375.90
830.46,309.23,832.57,307.09
795.10,382.63,795.42,382.34
796.53,383.35,797.50,382.53
827.63,332.67,827.41,331.77
796.01,382.45,797.50,382.53
821.92,324.13,821.77,323.82
830.80,363.13,830.67,363.13
787.73,369.81,793.48,369.81
788.81,375.16,788.73,375.61
800.52,377.69,799.91,376.12
824.07,402.09,824.65,398.08
797.98,382.63,798.15,382.39
800.11,377.80,800.36,377.85
816.98,352.83,816.24,354.33
756.96,355.85,755.83,356.99
830.21,318.84,830.28,319.71
829.96,309.55,830.05,309.23
797.98,382.63,797.71,382.20
814.49,380.88,814.83,381.25
788.61,375.73,788.81,375.83
797.50,382.53,797.71,382.20
824.35,347.73,825.55,346.80
814.54,380.86,814.86,381.22
788.12,375.88,788.36,375.99
827.68,330.65,828.64,331.24
824.65,398.08,823.06,400.49
798.15,382.39,799.01,378.12
798.15,382.39,798.64,378.14
825.56,393.56,827.21,392.12
800.90,363.49,800.35,360.00
787.67,377.61,787.82,378.12
831.19,353.53,832.13,354.62
826.35,419.34,827.28,418.94
795.31,384.06,794.18,384.43
800.90,363.49,800.87,360.00
831.49,341.64,831.67,341.68
827.47,336.19,831.75,335.94
787.67,377.61,789.17,378.19
791.09,377.93,791.34,377.87
795.16,377.94,795.00,382.20
793.82,383.97,792.70,384.33
831.75,326.60,831.61,326.67
813.54,378.88,813.71,379.63
796.38,384.21,796.37,383.99
829.69,333.26,829.25,333.76
822.45,356.54,822.34,358.32
810.19,368.11,811.14,365.57
825.74,419.28,826.12,419.58
796.79,383.58,797.98,382.63
830.04,332.50,829.69,333.26
830.94,323.64,829.41,320.17
797.50,382.53,797.98,382.63
811.43,379.51,810.33,379.84
825.74,419.28,826.44,420.08
800.36,377.85,800.11,377.80
796.79,383.58,797.50,382.53
822.58,386.97,822.87,386.37
810.33,379.24,810.33,379.84
796.53,383.35,797.50,382.53
828.89,413.29,828.77,414.04
830.63,362.15,830.39,363.13
787.71,375.12,788.33,375.06
828.63,418.08,829.45,418.43
827.09,307.27,827.59,307.73
798.25,382.82,798.54,382.51
826.73,331.37,826.68,330.72
800.52,377.69,800.38,378.19
828.45,328.68,828.49,329.34
752.81,351.14,752.89,351.47
820.07,354.56,819.28,355.48
817.08,346.87,816.50,349.07
798.97,377.61,799.01,378.12
781.99,374.22,781.32,374.89
801.56,383.66,802.54,382.83
792.07,382.39,790.45,382.30
794.66,383.88,796.18,384.38
795.51,384.31,794.26,384.70
831.31,339.39,832.42,339.11
829.01,337.57,833.58,337.32
795.96,384.63,796.18,384.38
795.31,384.06,794.26,384.70
795.31,384.06,794.18,384.43
830.34,330.54,830.26,331.57
794.26,384.70,794.18,384.43
794.66,383.88,795.96,384.63
821.15,324.64,820.71,325.13
830.27,388.64,831.35,388.64
795.51,384.31,796.79,383.58
830.26,329.52,830.34,330.54
796.53,383.35,796.79,383.58
795.51,384.31,796.53,383.35
821.15,324.64,821.20,324.20
830.27,388.64,832.28,388.82
827.75,367.67,827.88,367.32
830.04,328.61,830.26,329.52
795.51,384.31,795.31,384.06
796.99,383.80,798.25,382.82
797.71,382.20,798.32,378.09
796.79,383.58,798.25,382.82
797.71,382.20,796.82,378.02
795.83,384.53,797.48,384.64
796.79,383.58,797.98,382.63
825.32,392.04,823.86,393.16
797.67,384.74,796.37,383.99
792.18,383.86,791.98,383.07
830.78,429.57,831.18,429.62
831.73,364.52,831.81,364.42
799.91,382.59,800.38,378.19
800.36,377.85,800.23,378.22
800.83,382.73,801.31,382.83
800.52,377.69,800.38,378.19
800.42,384.63,800.37,384.85
797.37,377.56,796.94,377.66
800.55,377.71,800.36,377.85
820.30,355.27,821.82,360.92
816.13,360.44,815.63,360.32
792.10,381.95,791.01,382.87
827.84,328.05,828.28,327.55
820.52,366.53,822.01,366.85
831.16,342.60,830.90,342.89
791.63,383.46,790.66,382.63
800.29,377.66,800.11,377.80
823.53,372.17,821.73,371.95
801.64,377.87,801.50,377.71
795.51,384.31,794.26,384.70
795.67,384.55,794.26,384.70
827.50,328.80,827.84,328.05
794.39,384.95,794.26,384.70
827.28,329.74,827.50,328.80
796.99,383.80,795.67,384.55
812.82,362.14,813.57,362.15
816.36,372.30,815.95,371.68
787.93,377.56,788.10,377.72
798.64,378.14,798.31,377.72
827.40,336.04,826.87,336.84
799.62,382.90,798.54,382.51
803.66,377.81,803.48,377.96
799.74,382.48,800.23,378.22
805.99,370.93,805.71,371.08
787.85,384.14,788.75,384.21
799.91,382.59,800.23,378.22
823.91,401.32,824.38,401.20
827.50,332.67,827.28,331.77
800.38,378.19,800.23,378.22
790.83,384.24,789.57,384.63
830.54,355.75,830.39,356.87
815.07,368.55,817.73,366.97
823.36,397.92,824.12,398.84
794.29,377.42,794.31,377.40
804.85,377.87,803.92,377.86
800.77,377.49,800.52,377.69
800.55,377.71,800.36,377.85
829.12,422.74,830.13,422.83
812.89,376.69,812.37,376.77
823.10,395.84,823.04,395.86
796.01,382.45,796.22,382.11
799.99,378.17,800.36,377.85
818.11,379.22,816.01,371.89
799.99,378.17,800.11,377.80
820.44,324.65,820.51,325.21
831.68,366.97,830.10,367.43
801.64,377.87,801.50,377.71
800.11,377.80,801.50,377.71
820.51,324.08,820.18,321.87
822.32,366.70,823.41,367.15
829.55,334.02,829.76,334.05
823.48,400.45,823.13,398.21
818.01,349.15,816.51,350.21
805.62,377.92,805.66,378.43
800.11,377.80,800.29,377.66
805.34,378.46,805.62,377.92
801.82,377.77,800.55,377.71
801.50,377.71,800.55,377.71
828.45,332.53,828.14,332.88
800.29,377.66,800.55,377.71
813.76,380.67,813.96,380.88
817.29,333.73,817.87,333.05
798.81,384.52,800.30,384.00
798.36,383.88,799.62,382.90
825.45,415.23,825.34,414.46
798.81,384.52,800.11,383.78
798.36,383.88,798.25,382.82
824.28,381.21,813.76,380.67
820.48,335.76,820.18,334.53
802.54,382.83,804.17,382.93
796.99,383.80,798.25,382.82
828.86,331.31,828.70,331.98
799.74,382.48,799.91,382.59
799.99,378.17,800.23,378.22
801.82,377.77,800.77,377.49
800.55,377.71,800.77,377.49
794.77,385.12,793.41,385.03
800.79,384.85,799.86,384.93
799.99,378.17,801.65,378.25
828.70,329.18,828.86,329.84
801.64,377.87,801.65,378.25
799.99,378.17,801.64,377.87
823.82,342.44,822.99,342.26
800.17,376.02,799.91,376.12
828.45,328.68,828.70,329.18
799.99,378.17,800.11,377.80
794.92,384.61,794.88,384.89
822.86,346.29,821.59,347.19
801.96,377.93,801.82,377.77
828.14,328.36,828.45,328.68
801.50,377.71,801.82,377.77
794.23,377.92,794.36,378.08
797.04,384.64,795.75,385.04
795.67,384.55,795.75,385.04
827.44,328.42,827.79,328.27
795.75,385.04,794.39,384.95
796.70,385.25,796.59,385.00
823.13,400.33,823.19,400.31
797.04,384.64,798.36,383.88
826.88,329.32,827.13,328.78
797.04,384.64,795.67,384.55
826.91,367.43,825.73,367.52
824.00,352.04,823.13,352.68
830.86,331.65,830.62,332.68
829.12,441.29,829.50,441.58
798.36,383.88,799.57,382.73
822.86,361.75,826.15,362.11
829.12,441.29,829.82,442.10
801.04,382.39,799.99,378.17
826.72,331.46,826.67,330.73
826.88,332.11,826.72,331.46
802.07,377.54,801.82,377.77
797.68,385.16,796.70,385.25
801.64,377.87,801.96,377.93
821.10,325.59,820.70,325.60
782.36,369.82,781.59,369.80
782.87,368.25,782.87,368.42
801.97,378.30,801.64,377.87
801.65,378.25,801.64,377.87
827.37,332.69,827.68,332.77
797.04,384.64,795.75,385.04
811.14,365.57,812.15,367.21
794.55,377.21,796.56,371.05
792.79,378.38,792.45,378.34
797.09,384.41,795.75,385.04
796.94,377.66,798.17,377.56
797.09,384.41,795.84,384.80
825.87,348.33,827.47,349.55
821.89,351.29,823.29,350.96
804.41,378.53,804.31,377.94
789.37,371.21,786.19,371.11
798.38,383.67,797.04,384.64
798.38,383.67,797.09,384.41
828.63,435.71,829.15,435.19
798.38,383.67,799.57,382.73
798.20,383.46,799.57,382.73
823.71,308.29,831.77,304.47
800.83,382.73,801.04,382.39
800.83,382.73,799.38,382.30
828.37,436.40,828.70,436.37
799.17,382.63,799.38,382.30
801.47,382.58,801.97,378.30
801.65,378.25,801.97,378.30
801.04,382.39,801.65,378.25
829.04,350.51,830.44,351.71
795.65,377.26,795.49,377.63
801.97,378.30,802.32,378.28
813.84,373.09,819.09,373.70
827.68,330.65,827.68,328.53
797.09,384.41,795.83,384.53
827.81,304.64,828.10,306.93
799.85,383.56,800.83,382.73
799.17,382.63,800.83,382.73
798.20,383.46,799.17,382.63
828.45,432.08,829.31,432.13
801.31,382.83,801.47,382.58
801.04,382.39,801.47,382.58
828.19,431.32,828.87,430.83
801.47,382.58,802.32,378.28
814.67,360.44,814.85,360.31
810.52,380.38,810.82,380.59
804.48,356.87,804.31,356.87
801.47,382.58,801.97,378.30
827.13,332.61,826.88,332.11
802.28,377.76,803.71,378.34
828.38,431.62,829.19,431.34
800.83,382.73,801.04,382.39
827.81,381.32,827.50,380.67
827.33,330.77,827.35,329.70
764.12,356.99,762.99,355.85
802.28,377.76,802.32,378.28
784.62,382.32,783.24,382.10
805.33,378.08,805.18,377.92
823.73,400.00,823.40,397.94
820.12,369.07,800.02,368.25
796.57,382.29,796.82,378.02
798.61,384.27,795.83,384.53
823.73,400.00,823.36,397.92
820.12,369.07,800.41,368.63
798.61,384.27,799.85,383.56
798.20,383.46,799.85,383.56
798.61,384.27,798.20,383.46
798.61,384.27,796.97,384.17
823.64,386.88,822.87,386.37
801.85,382.70,801.47,382.58
831.50,357.86,831.86,360.00
801.31,382.83,801.47,382.58
759.24,349.05,762.89,349.44
786.29,377.34,786.10,377.54
787.69,380.73,787.09,381.33
801.31,382.83,801.85,382.70
786.58,377.56,786.10,377.54
801.57,383.02,801.85,382.70
821.97,324.57,821.92,324.13
803.71,378.34,803.24,382.78
825.95,396.13,826.18,397.11
793.38,382.53,792.76,382.49
804.85,377.87,803.66,377.81
817.10,372.92,821.71,373.07
784.55,373.53,783.22,373.74
803.59,378.38,803.72,378.01
821.50,324.08,821.33,323.74
831.19,353.53,832.13,354.62
793.33,382.36,793.38,382.53
825.54,321.38,827.31,325.45
803.92,377.86,803.72,378.01
803.92,377.86,803.48,377.96
793.10,382.21,793.71,382.24
805.33,378.08,805.18,377.92
792.13,383.49,792.15,383.29
805.34,378.46,805.66,378.43
814.26,380.77,814.54,380.86
827.84,328.05,828.28,327.55
827.09,328.98,827.13,328.78
797.71,382.20,798.15,382.39
793.40,383.16,794.36,382.35
830.22,320.41,829.62,320.42
829.35,370.68,805.19,382.89
822.93,393.73,823.12,393.71
797.09,385.26,797.22,385.02
798.81,384.52,797.55,384.92
798.61,384.27,797.55,384.92
824.69,402.34,824.07,402.09
790.67,384.83,791.65,384.91
798.61,384.27,797.48,384.64
822.18,356.59,821.73,357.68
793.49,382.11,793.33,382.36
818.11,379.22,818.19,380.07
795.22,383.48,793.82,383.97
798.81,384.52,800.11,383.78
818.11,379.22,818.26,379.24
827.41,331.77,827.33,330.76
795.22,383.48,795.05,383.26
798.81,384.52,799.85,383.56
819.76,362.48,816.62,362.48
781.99,374.22,781.42,374.95
800.30,384.00,801.57,383.02
782.02,374.35,781.42,374.95
800.11,383.78,801.57,383.02
815.81,370.68,794.85,382.89
801.31,382.83,801.57,383.02
815.71,381.10,815.57,381.69
826.76,402.55,826.52,402.49
764.89,351.92,765.13,355.56
829.14,437.67,829.54,437.73
824.66,329.41,836.38,328.38
819.92,362.82,816.62,362.48
801.57,383.02,801.85,382.70
815.76,380.44,816.70,381.10
823.95,405.37,824.98,405.09
795.71,385.16,797.09,385.26
782.71,376.56,783.43,376.60
803.48,377.96,804.85,377.87
826.43,385.63,827.79,384.58
820.23,362.76,816.99,362.95
790.64,375.31,792.02,376.60
786.01,373.58,787.73,373.48
803.59,378.38,803.72,378.01
803.72,378.01,803.48,377.96
785.89,373.74,784.55,373.53
805.34,378.46,805.33,378.08
804.98,378.03,805.33,378.08
811.38,380.55,811.61,380.76
787.26,374.22,786.01,373.58
804.99,378.41,804.98,378.03
820.53,362.40,820.41,362.66
820.83,362.51,824.01,362.51
802.32,384.98,801.02,385.38
805.19,382.89,805.66,378.43
816.97,373.20,815.08,372.29
787.09,374.35,785.89,373.74
804.83,382.78,805.66,378.43
802.35,369.08,801.99,368.80
787.92,374.89,787.09,374.35
827.79,384.58,827.92,384.18
812.00,377.63,815.90,378.11
816.56,362.01,816.50,362.37
817.78,372.69,818.01,373.66
804.94,383.22,805.19,382.89
803.78,371.27,804.13,371.42
825.17,385.87,823.64,386.88
790.93,377.76,791.09,377.93
830.21,318.84,830.28,319.71
798.81,384.52,797.55,384.92
797.68,385.16,797.55,384.92
823.13,398.21,822.77,395.98
827.65,328.65,828.03,327.83
826.02,344.71,821.29,344.89
791.98,383.07,793.40,383.16
819.42,360.78,821.33,360.78
798.81,384.52,798.97,384.76
794.31,377.40,794.17,377.90
795.22,383.48,796.41,382.54
823.11,324.33,823.25,324.48
793.71,382.24,793.38,382.53
829.25,327.47,829.69,327.91
799.01,378.12,800.38,378.19
830.36,366.25,833.62,366.30
794.10,377.56,793.98,377.92
797.50,382.53,797.71,382.20
800.11,383.78,800.30,384.00
823.41,352.85,822.32,353.30
801.70,384.09,802.98,383.10
800.30,384.00,801.57,383.02
815.77,371.30,814.66,379.22
826.01,390.58,827.86,389.10
832.01,341.52,831.20,342.77
802.98,383.10,803.14,382.67
802.93,382.93,803.14,382.67
803.36,378.33,803.59,378.38
820.45,362.97,820.14,362.95
803.14,382.67,803.36,378.33
816.99,362.95,820.14,362.95
802.76,382.49,803.36,378.33
804.99,378.41,804.98,378.03
821.09,355.26,820.72,355.63
829.13,389.72,829.39,390.59
795.80,384.85,795.96,384.63
803.48,377.96,804.98,378.03
817.87,341.53,817.29,340.93
823.86,394.84,823.39,394.98
804.83,382.78,805.34,378.46
804.99,378.41,805.34,378.46
804.83,382.78,804.99,378.41
826.43,385.63,826.51,385.10
822.89,342.39,822.97,342.13
825.01,386.45,826.43,385.63
812.86,377.19,812.53,377.24
829.29,369.92,827.47,370.45
789.21,377.69,788.77,374.63
798.97,384.76,797.68,385.16
794.50,384.27,793.26,383.56
829.04,369.49,827.47,370.45
816.72,370.81,816.82,370.45
800.37,384.85,797.68,385.16
822.36,369.55,822.50,369.61
791.75,384.68,791.65,384.91
815.08,372.29,816.50,370.93
800.37,384.85,799.07,385.26
815.38,381.97,814.83,381.25
800.37,384.85,801.70,384.09
828.70,331.98,828.45,332.53
798.25,382.82,799.62,382.90
802.15,384.74,803.46,383.99
799.62,382.90,799.74,382.48
825.98,400.18,825.13,400.06
830.86,331.65,830.41,332.66
824.61,389.53,824.42,389.36
827.84,333.38,828.41,333.82
817.78,377.81,817.93,378.11
801.70,384.09,802.93,382.93
819.87,337.26,822.46,335.30
830.09,342.65,829.89,342.24
827.12,319.82,825.63,321.23
801.70,384.09,802.98,383.10
827.79,333.02,828.76,333.95
830.19,341.59,829.68,342.83
820.72,355.63,820.58,356.14
802.93,382.93,803.14,382.67
803.14,382.67,802.76,382.49
828.14,302.94,828.26,302.72
799.62,382.90,799.91,382.59
803.36,378.33,804.99,378.41
829.69,333.26,828.14,332.88
794.88,384.89,793.92,384.80
808.16,377.94,808.16,376.40
794.92,384.61,793.92,384.80
798.38,383.67,798.20,383.46
796.77,382.41,797.06,378.07
787.73,384.01,786.82,383.94
812.86,378.25,811.60,377.33
828.45,332.53,829.69,333.26
818.55,342.34,822.17,341.01
829.17,337.63,833.76,337.38
813.18,379.25,813.48,379.10
803.46,383.99,804.94,383.22
817.78,379.06,817.93,378.76
820.18,343.36,820.19,343.51
816.45,337.37,816.93,335.80
817.08,360.77,817.02,360.71
822.87,370.74,827.73,384.07
810.44,379.21,810.43,379.91
798.54,382.51,798.15,382.39
830.26,331.57,830.04,332.50
829.17,337.63,833.58,337.32
816.55,338.74,816.81,337.39
799.16,385.02,799.07,385.26
820.42,367.27,819.64,367.25
827.58,332.75,827.35,331.82
791.28,384.74,791.15,384.50
800.42,384.63,799.16,385.02
820.58,356.14,820.58,362.01
816.29,379.30,816.59,379.45
800.37,384.85,801.70,384.09
826.72,329.99,826.88,329.32
823.78,400.54,823.60,400.58
824.07,321.15,824.88,320.30
799.62,382.90,799.57,382.73
801.04,382.39,801.65,378.25
819.19,373.63,821.35,373.80
826.87,329.46,827.09,328.98
805.84,366.20,805.83,366.25
813.20,363.24,813.13,363.20
765.99,351.02,762.89,349.44
801.56,383.66,802.93,382.93
815.85,378.43,815.90,378.76
802.76,382.49,804.38,382.59
819.71,355.38,817.45,355.18
820.83,362.51,820.67,362.85
815.90,378.11,815.85,378.43
804.17,382.93,804.67,383.03
802.15,384.74,802.32,384.98
795.84,384.80,795.75,385.04
819.87,342.41,820.61,342.13
802.15,384.74,803.66,384.21
816.56,362.01,816.62,362.48
812.00,377.63,811.85,377.92
819.19,342.41,820.61,342.13
801.85,382.70,802.32,378.28
803.46,383.99,803.66,384.21
789.37,371.21,789.21,377.69
800.88,385.13,800.79,384.85
819.19,342.41,819.93,342.13
819.23,360.91,821.82,360.92
812.86,377.19,816.59,377.42
800.42,384.63,799.16,385.02
819.19,342.41,819.14,341.48
819.28,355.48,818.65,356.51
800.42,384.63,799.17,384.75
823.24,393.66,823.12,393.71
782.90,382.21,783.35,381.95
792.49,377.84,790.93,377.76
788.05,373.21,787.96,373.10
820.19,399.96,820.87,397.96
785.07,374.34,783.67,374.98
803.18,383.76,804.17,382.93
828.90,327.22,829.40,327.34
795.65,377.26,795.84,377.47
801.97,378.30,802.28,377.76
830.47,360.00,830.31,361.98
795.10,383.22,794.85,382.89
798.85,371.11,796.56,371.05
790.31,380.93,790.38,381.65
801.93,384.48,800.79,384.85
798.85,371.11,799.08,370.89
799.03,385.38,822.58,386.97
798.38,383.67,797.09,384.41
801.93,384.48,799.17,384.75
819.73,372.15,819.71,372.30
792.62,384.83,791.28,384.74
800.31,384.38,799.17,384.75
829.02,308.32,829.32,308.43
820.65,324.65,820.71,325.13
783.35,375.31,785.07,374.34
821.00,355.74,820.89,356.16
812.24,379.10,812.53,379.25
824.55,367.43,826.55,367.14
818.94,372.03,820.88,370.99
824.89,310.51,830.28,309.52
822.18,339.24,821.99,337.38
811.52,380.49,811.80,380.73
818.55,332.37,817.91,333.77
783.35,375.31,783.67,374.98
759.24,370.95,762.63,370.41
818.13,370.24,819.56,369.08
785.74,382.02,785.95,382.35
803.71,378.34,803.86,377.84
786.01,373.58,784.62,373.36
783.67,380.93,781.32,380.80
797.67,384.74,798.94,385.13
799.97,364.20,800.79,366.17
804.50,357.85,807.55,357.83
820.83,362.51,820.67,362.85
785.07,381.65,781.32,380.80
829.70,353.81,830.52,355.78
821.14,399.42,821.46,400.74
791.38,380.65,790.38,381.65
801.97,378.30,802.32,378.28
783.67,374.98,781.32,380.80
781.32,374.89,781.32,380.80
815.53,365.91,823.25,364.63
787.92,380.80,787.92,374.89
819.42,357.48,817.50,357.49
811.54,376.67,811.11,377.10
790.31,380.93,787.92,380.80
819.68,373.47,821.76,372.97
803.86,377.84,804.11,377.64
785.07,381.65,783.67,380.93
819.61,373.57,821.71,373.07
827.48,304.77,827.76,304.52
781.99,381.46,785.07,381.65
831.39,343.39,831.74,343.49
786.33,382.29,785.07,381.65
798.17,377.56,797.37,377.56
796.22,382.11,796.82,378.02
796.97,384.17,795.83,384.53
783.24,382.10,781.99,381.46
829.38,333.76,828.90,333.95
798.17,377.56,797.12,377.51
783.24,382.10,786.33,382.29
796.97,384.17,798.20,383.46
783.24,382.10,787.73,382.51
784.62,382.32,787.73,382.51
801.96,377.93,801.82,377.77
783.24,382.10,784.62,382.32
817.33,355.29,817.73,355.18
805.64,379.76,806.23,379.86
784.62,382.32,787.73,382.51
826.15,350.96,827.55,351.29
821.18,320.87,821.05,344.40
786.01,382.10,784.62,382.32
822.97,398.22,822.64,396.17
788.96,384.59,789.57,384.63
817.22,355.56,817.33,355.29
817.91,358.80,818.31,358.82
805.10,379.49,805.64,379.76
836.18,336.33,824.51,336.99
828.94,445.37,829.93,445.87
781.59,369.80,783.05,377.90
781.32,374.89,783.67,374.98
822.01,366.85,823.13,367.32
786.01,382.10,789.12,382.29
823.19,400.31,822.97,398.22
790.83,384.24,790.22,384.20
803.71,378.34,802.32,378.28
820.44,324.65,820.51,325.21
790.38,381.65,789.12,382.29
830.34,330.54,830.26,331.57
793.94,384.21,793.89,384.44
803.71,378.34,801.85,382.70
790.38,381.65,786.01,382.10
817.28,357.40,817.22,357.10
804.41,378.53,811.11,379.38
781.99,374.22,785.07,374.34
818.03,380.06,814.91,380.06
830.17,328.61,830.39,329.52
796.41,382.54,796.01,382.45
787.26,381.46,790.38,381.65
787.26,381.46,790.31,380.93
817.50,357.49,817.36,357.37
811.60,377.33,811.37,377.77
787.92,380.80,790.31,380.93
819.00,357.48,817.41,357.52
819.42,357.48,819.56,357.36
811.11,377.10,810.83,377.64
787.26,381.46,787.92,380.80
803.92,377.86,803.66,377.81
787.73,373.48,786.33,373.70
793.89,384.44,792.62,384.83
814.84,380.43,814.90,380.32
822.84,341.54,822.82,341.40
813.13,363.20,815.53,365.91
829.38,327.47,829.82,327.91
784.62,373.36,786.33,373.70
819.24,385.10,818.02,384.07
783.24,373.58,786.33,373.70
794.55,377.21,794.31,377.40
805.18,377.92,803.92,377.86
822.87,386.37,821.88,386.28
823.13,337.10,822.99,335.18
822.59,337.10,822.46,335.30
819.19,355.54,819.29,355.31
812.08,376.39,811.54,376.67
823.13,337.10,822.46,335.30
784.62,373.36,787.73,373.48
804.98,378.03,804.85,377.87
822.99,335.18,822.57,333.47
789.26,384.50,790.20,384.58
786.01,373.58,784.62,373.36
812.68,376.29,815.00,376.69
805.99,370.93,818.12,371.27
790.38,374.34,787.26,374.22
814.90,380.32,814.84,380.43
822.90,346.19,833.41,346.92
798.64,378.14,798.63,377.77
817.94,351.45,816.98,352.83
792.07,382.39,791.46,378.25
830.59,341.14,829.80,340.50
812.68,376.29,812.08,376.39
822.84,328.41,822.84,333.12
790.38,374.34,789.12,373.70
805.33,378.08,804.98,378.03
819.88,355.21,821.22,355.21
812.89,376.69,812.08,376.39
822.79,328.39,822.84,333.12
787.26,374.22,789.12,373.70
786.01,373.58,789.12,373.70
787.26,374.22,786.01,373.58
790.31,374.98,790.38,374.34
782.02,381.33,781.42,380.73
824.50,393.46,823.86,393.16
800.41,368.63,805.99,370.93
812.89,379.81,815.18,379.81
781.32,380.80,781.42,380.73
781.99,381.46,781.32,380.80
796.46,382.71,796.77,382.41
797.55,384.92,797.48,384.64
822.99,339.03,823.13,337.10
820.18,321.87,820.19,343.51
783.22,381.94,782.02,381.33
812.37,379.73,812.89,379.81
781.99,381.46,782.02,381.33
812.08,380.09,812.68,380.19
843.07,343.45,820.23,343.45
822.99,339.03,822.59,337.10
783.22,381.94,781.99,381.46
842.13,343.18,820.23,343.45
822.46,338.92,822.59,337.10
783.24,382.10,781.99,381.46
783.24,382.10,783.22,381.94
796.56,371.05,795.65,377.26
811.60,379.16,811.94,379.51
781.42,380.73,781.32,380.80
820.52,353.48,820.98,353.78
811.11,379.38,811.54,379.81
781.42,374.95,781.42,380.73
781.32,374.89,781.42,374.95
830.41,332.66,830.03,333.48
814.97,369.10,814.85,368.71
826.15,362.11,825.82,364.20
821.42,325.13,821.49,324.56
785.89,381.94,784.55,382.15
784.62,382.32,784.55,382.15
793.75,377.87,793.15,381.94
798.64,378.14,799.01,378.12
830.19,341.59,831.20,342.77
785.89,381.94,784.62,382.32
781.99,374.22,783.67,374.98
781.42,374.95,781.32,374.89
792.70,384.33,794.18,384.43
824.55,352.57,827.70,352.58
803.24,382.78,803.59,378.38
789.66,384.14,789.65,384.40
786.19,371.11,787.46,374.01
787.09,381.33,785.89,381.94
829.25,333.76,828.76,333.95
795.05,383.26,796.53,383.35
786.19,371.11,787.96,373.10
816.62,362.48,819.76,362.48
787.09,381.33,786.01,382.10
805.10,376.39,804.68,376.82
799.85,383.56,800.83,382.73
782.02,374.35,781.99,374.22
797.67,384.74,797.73,384.98
802.15,384.74,800.88,385.13
782.49,377.96,783.21,377.99
783.24,373.58,782.02,374.35
792.67,384.41,793.79,385.04
821.73,362.32,822.18,363.41
821.87,368.74,823.27,369.07
783.22,373.74,782.02,374.35
811.37,378.73,811.60,379.16
819.42,360.78,818.98,360.77
805.64,376.12,805.10,376.39
802.32,384.98,801.02,385.38
787.26,381.46,787.09,381.33
829.03,334.23,829.55,334.02
787.69,380.73,787.26,381.46
805.58,376.48,805.16,376.70
828.90,334.08,829.55,334.02
787.92,380.80,787.26,381.46
827.70,427.22,828.63,427.72
823.87,386.28,823.64,386.88
817.91,341.01,817.51,339.31
814.31,360.00,814.39,360.95
827.51,426.92,828.51,426.94
806.23,379.86,808.51,379.86
783.24,373.58,785.07,374.34
802.98,383.10,801.85,382.70
816.78,362.82,816.62,362.48
805.34,378.46,804.98,378.03
785.89,373.74,786.01,373.58
806.09,379.47,808.34,379.47
819.92,362.82,816.78,362.82
810.06,370.60,810.07,371.05
827.51,426.92,828.19,426.43
787.26,374.22,785.89,373.74
817.69,340.79,817.31,339.19
827.28,426.89,828.19,426.43
827.30,371.58,829.06,370.85
805.58,379.39,806.09,379.47
816.78,362.82,819.92,362.82
787.69,374.95,787.09,374.35
825.17,385.87,823.87,386.28
787.92,380.80,787.69,380.73
804.60,377.46,804.53,377.94
821.82,334.10,821.28,332.99
821.12,343.11,821.47,341.90
803.71,378.34,803.72,378.01
820.67,362.85,823.85,362.85
787.92,374.89,787.92,380.80
825.24,331.94,824.90,332.27
804.82,377.04,804.60,377.46
800.13,373.21,799.58,373.51
818.47,333.18,819.13,332.41
787.69,374.95,787.92,374.89
832.05,367.13,830.81,368.58
829.06,349.15,829.12,349.22
791.28,376.56,790.64,380.61
788.81,374.62,788.81,375.83
826.32,362.12,830.63,362.15
782.71,376.56,783.35,375.31
801.93,384.48,801.56,383.66
799.03,385.38,800.02,385.47
798.38,383.67,796.97,384.17
801.93,384.48,803.18,383.76
814.70,358.30,815.43,358.35
830.55,379.06,829.47,377.43
782.71,379.35,783.35,380.61
830.73,343.15,830.62,342.99
787.96,373.10,788.22,373.22
826.88,329.32,827.13,328.78
795.67,384.55,794.39,384.95
829.38,426.82,829.64,426.34
821.09,355.26,819.94,355.64
790.31,374.98,790.31,380.93
805.16,379.17,805.58,379.39
821.47,335.53,821.13,334.10
788.46,373.56,788.22,373.22
799.38,374.62,799.58,373.51
803.46,383.99,804.17,382.93
817.35,355.67,816.45,356.18
801.70,384.09,801.57,383.02
790.64,380.61,790.31,380.93
799.00,373.75,798.89,374.14
817.72,355.30,817.35,355.67
790.31,374.98,790.64,380.61
804.60,378.41,806.06,377.94
823.31,327.87,823.79,327.67
817.94,334.35,818.47,333.18
787.69,374.95,787.69,380.73
817.72,355.30,816.58,355.68
790.31,374.98,790.64,375.31
817.29,333.73,817.87,333.05
818.22,355.17,817.45,355.18
783.43,379.39,783.35,380.61
813.64,356.19,835.62,355.96
836.73,328.35,823.11,341.69
817.79,333.18,818.45,332.41
817.45,355.18,816.95,355.31
783.35,380.61,784.07,380.65
820.48,335.76,820.18,334.53
787.73,369.81,789.81,383.57
788.78,375.21,788.77,374.63
802.54,382.83,803.14,382.67
819.80,356.15,820.58,356.14
783.21,377.99,782.71,379.35
804.94,383.22,827.79,384.58
787.73,369.81,788.63,383.94
783.21,377.99,783.43,379.39
821.47,335.53,821.13,334.10
819.34,343.18,818.55,342.34
830.81,368.58,829.36,369.82
831.78,364.74,830.96,365.70
827.84,333.38,827.50,332.67
825.01,386.45,826.51,385.10
816.62,362.63,816.78,362.82
783.43,376.60,782.49,377.96
819.37,360.72,817.08,360.77
787.58,375.16,787.47,374.58
819.87,343.08,820.71,342.76
830.10,367.43,829.18,368.79
821.59,337.12,821.47,335.53
830.19,341.59,829.82,342.83
820.72,355.63,819.80,356.15
816.93,335.80,817.26,334.35
783.43,376.60,784.07,375.34
823.00,337.35,821.98,339.25
799.07,385.26,797.68,385.16
820.22,368.79,821.65,369.39
791.28,379.35,790.64,380.61
820.58,337.14,820.48,335.76
820.45,362.97,816.99,362.95
814.94,382.84,815.44,382.99
788.63,382.63,788.82,382.20
791.28,379.35,791.38,380.65
821.47,338.73,821.59,337.12
792.02,379.39,791.28,379.35
829.05,440.83,829.12,440.39
803.26,350.45,801.90,352.01
794.31,377.40,794.17,377.90
823.29,395.47,823.04,395.86
823.34,396.00,822.64,396.12
827.64,393.91,827.43,393.96
816.38,369.85,816.51,369.79
822.16,338.73,822.28,337.12
820.81,355.14,821.59,355.13
825.01,386.45,823.64,386.88
791.50,377.96,792.02,379.39
822.97,342.13,823.00,337.35
798.97,384.76,800.30,384.00
806.09,379.47,808.34,379.47
792.24,377.99,792.02,379.39
815.95,371.68,815.78,371.13
800.37,384.85,798.97,384.76
791.28,376.56,791.50,377.96
817.49,337.39,817.60,335.80
795.20,369.82,794.55,377.21
792.24,377.99,791.50,377.96
816.81,337.39,816.93,335.80
817.72,357.09,817.72,355.23
799.72,373.52,799.52,374.01
830.90,357.87,830.42,357.85
828.28,333.82,828.90,333.95
791.28,376.56,792.24,377.99
782.71,376.56,782.49,377.96
816.99,362.95,816.78,362.82
792.02,376.60,792.24,377.99
821.47,338.73,821.59,337.12
825.98,371.54,827.74,370.81
821.13,340.19,821.47,338.73
799.40,375.16,799.41,374.58
810.99,363.62,811.42,365.51
828.25,303.00,828.26,302.72
820.67,362.85,820.41,362.66
799.74,382.48,800.23,378.22
804.38,382.59,804.83,382.78
808.36,369.66,809.99,371.05
799.49,375.66,799.40,375.16
821.75,401.12,822.81,400.57
817.93,378.76,817.98,378.43
800.11,377.80,801.64,377.87
813.86,378.57,817.98,378.43
803.66,384.21,826.43,385.63
817.54,379.30,817.78,379.06
802.32,384.98,803.66,384.21
816.45,356.18,816.45,361.99
813.48,379.10,813.71,378.87
792.08,370.93,803.78,371.27
825.01,386.45,802.32,384.98
816.56,356.21,816.56,362.01
817.24,379.45,817.54,379.30
813.18,379.25,817.54,379.30
822.83,342.36,822.17,341.01
820.60,341.36,821.13,340.19
816.58,355.68,816.45,356.18
827.76,350.64,829.18,351.23
801.02,385.38,800.88,385.13
816.67,355.79,816.56,356.21
823.24,393.66,822.28,395.72
816.91,379.50,817.24,379.45
812.86,379.30,817.24,379.45
817.94,340.38,817.60,338.97
781.42,374.95,781.42,380.73
785.68,370.75,783.77,370.69
816.93,338.97,816.81,337.39
820.60,341.36,821.13,340.19
820.86,366.57,819.72,367.91
818.81,355.24,817.49,355.18
788.83,370.84,785.68,370.75
812.53,379.25,816.59,379.45
787.69,380.73,787.09,381.33
819.93,342.13,820.60,341.36
802.93,382.93,802.54,382.83
824.07,362.04,824.01,362.51
784.55,377.84,784.55,373.53
815.90,378.76,816.05,379.06
820.89,362.04,820.83,362.51
811.41,371.38,814.97,369.10
821.22,355.15,819.65,355.16
787.69,374.95,787.69,380.73
811.85,378.57,812.00,378.87
817.38,355.38,816.96,355.50
811.80,378.25,815.90,378.76
811.80,378.25,811.85,378.57
797.68,385.16,798.08,385.34
786.19,371.11,787.67,377.61
803.66,384.21,802.32,384.98
816.45,361.99,816.50,362.37
816.05,377.81,815.90,378.11
822.86,324.66,822.68,327.63
802.15,384.74,803.46,383.99
816.29,377.57,816.05,377.81
830.44,431.54,830.32,430.76
812.00,377.63,816.05,377.81
827.44,332.93,827.09,332.40
812.53,377.24,816.29,377.57
799.17,384.75,799.16,385.02
790.93,377.76,790.69,377.54
813.82,380.62,813.76,380.67
819.72,333.57,819.14,332.97
800.31,384.38,800.42,384.63
819.77,355.18,821.82,355.14
817.24,377.42,816.91,377.37
822.19,404.11,822.99,405.13
820.44,324.65,820.51,324.08
816.55,355.84,816.00,357.17
817.87,333.05,818.50,332.79
801.56,383.66,800.31,384.38
813.18,377.24,812.86,377.19
820.65,324.65,820.71,324.15
801.72,383.88,801.56,383.66
831.75,326.60,831.75,335.94
817.54,377.57,817.24,377.42
821.33,325.44,821.10,325.59
812.86,378.25,812.89,376.69
817.78,377.81,817.54,377.57
829.80,341.77,829.75,341.13
827.42,325.32,829.54,324.43
813.71,377.63,817.54,377.57
793.98,377.69,792.69,377.64
788.96,384.59,788.00,384.67
812.86,378.25,812.89,379.81
802.28,377.76,802.32,378.28
801.96,377.93,802.28,377.76
817.22,355.56,817.33,355.29
813.86,377.92,817.93,378.11
794.23,377.92,793.98,377.69
788.61,375.73,788.81,375.83
819.48,355.26,819.27,355.27
815.18,379.81,815.00,378.25
821.42,325.13,821.56,324.57
812.89,379.81,815.18,379.81
830.31,361.98,831.00,364.22
831.77,304.47,832.05,304.15
823.03,356.08,822.41,356.50
816.84,339.97,816.55,338.74
800.31,384.38,801.56,383.66
786.76,383.60,785.51,382.63
813.98,381.60,813.84,381.00
821.46,400.74,821.96,401.81
827.81,304.64,827.53,304.89
828.72,418.83,829.12,418.87
806.06,377.94,808.16,376.40
816.81,337.39,816.93,335.80
815.07,351.44,817.76,353.04
812.68,380.19,815.01,380.19
789.00,373.51,789.17,373.78
804.82,378.84,805.16,379.17
808.51,379.86,815.01,380.19
806.34,368.08,807.74,369.72
813.96,380.88,814.49,380.88
829.25,327.47,829.69,327.91
754.59,353.89,755.83,356.99
783.24,373.58,781.99,374.22
802.32,384.98,800.88,385.13
817.38,384.58,819.24,385.10
812.39,368.41,812.49,368.26
829.38,425.92,830.09,425.15
815.88,373.49,818.01,373.66
783.67,374.98,781.32,374.89
812.82,362.45,813.20,363.24
810.83,377.64,810.73,378.24
788.81,374.62,789.00,373.51
795.35,377.47,794.29,377.42
812.68,362.29,813.20,363.24
819.61,355.21,819.65,355.16
804.41,377.35,810.73,378.24
804.41,377.35,810.83,377.64
812.08,376.39,811.54,376.67
806.23,376.03,812.68,376.29
804.68,379.07,811.54,379.81
795.88,377.98,795.00,382.20
797.37,377.56,797.19,377.70
801.85,382.70,802.32,378.28
803.24,382.78,801.85,382.70
804.41,378.53,810.83,378.84
816.67,355.79,816.58,355.68
804.33,360.00,807.55,362.17
827.37,332.69,827.79,333.02
811.30,378.25,811.37,377.77
829.38,308.01,829.32,308.43
820.87,325.48,820.71,325.13
784.07,375.34,785.07,374.34
816.96,355.50,817.38,355.38
805.33,378.08,804.85,377.87
843.07,343.45,820.23,343.45
819.13,371.74,818.96,371.18
817.51,335.51,817.91,333.77
812.68,376.29,814.82,376.29
819.42,360.78,817.08,360.77
811.37,378.73,811.11,379.38
801.85,382.70,803.24,382.78
810.83,378.84,810.73,378.24
814.54,380.86,814.86,381.22
764.89,368.07,763.46,366.10
804.53,377.94,804.41,377.35
820.61,348.24,820.88,349.25
805.34,378.46,805.66,378.43
821.93,342.19,822.57,340.79
784.62,373.36,783.24,373.58
819.21,357.07,819.13,357.36
821.30,355.32,821.22,355.21
805.58,376.48,805.16,376.70
819.87,342.41,819.19,342.41
817.87,333.05,819.19,332.10
818.55,342.34,817.91,341.01
804.41,378.53,804.68,379.07
827.91,381.99,827.50,383.20
827.65,332.84,827.35,331.82
765.10,360.00,764.85,358.41
789.37,371.21,788.65,374.05
819.87,343.08,820.71,342.76
827.32,389.87,826.27,390.83
827.10,305.26,827.53,304.89
826.57,381.52,827.97,382.51
787.67,377.61,787.47,374.58
820.66,348.07,820.61,348.24
790.20,384.58,790.16,384.30
816.53,364.17,817.28,365.40
788.69,375.70,788.78,375.21
813.58,381.52,813.36,381.17
820.87,397.96,820.97,396.48
823.64,386.88,822.58,386.97
789.12,382.29,784.62,382.32
789.21,377.69,788.78,375.21
817.60,335.80,817.94,334.35
831.82,440.43,831.70,439.64
784.07,375.34,783.35,375.31
787.77,375.66,787.58,375.16
828.02,417.12,828.41,416.80
824.11,310.29,824.20,309.96
799.85,383.56,799.17,382.63
802.08,371.21,800.47,373.22
824.07,402.09,823.26,402.80
823.46,309.18,823.37,309.04
802.08,371.21,800.65,373.56
816.55,338.74,816.93,338.97
790.31,374.98,787.92,374.89
802.08,371.21,800.74,374.06
821.82,360.92,821.82,355.14
813.71,377.63,817.78,377.81
827.80,409.41,824.08,409.97
798.85,371.11,799.52,374.01
794.55,377.21,795.20,369.82
811.11,379.38,811.54,379.81
827.43,320.08,827.12,319.82
798.85,371.11,800.23,373.10
788.73,375.61,789.17,375.49
830.46,309.23,830.24,308.94
796.53,383.35,796.01,382.45
798.97,377.61,799.40,375.16
798.97,377.61,799.91,376.12
798.97,377.61,799.67,376.00
793.82,383.97,795.05,383.26
815.82,371.02,816.34,367.34
798.97,377.61,799.49,375.66
837.34,355.75,815.20,355.97
788.81,375.16,789.29,375.10
800.52,377.69,800.42,375.70
827.47,349.55,829.04,350.51
817.68,371.65,817.89,371.42
794.23,377.92,804.63,371.65
806.06,377.94,805.16,379.17
822.16,335.53,821.82,334.10
816.58,355.68,817.35,355.67
790.64,375.31,790.64,380.61
823.34,327.80,823.82,327.60
786.19,371.11,786.10,377.54
788.33,374.14,788.29,374.60
786.29,377.34,786.10,377.54
762.63,370.41,765.68,368.86
815.71,379.77,815.20,379.81
825.65,369.79,826.25,369.75
788.81,374.62,789.29,375.10
813.71,378.87,817.78,379.06
793.24,382.67,792.92,382.78
827.60,331.87,827.33,330.77
788.81,374.62,788.33,375.06
788.81,374.62,789.17,373.78
819.00,357.48,819.13,357.36
804.41,377.35,804.31,377.94
810.82,380.59,811.38,380.55
788.81,374.62,788.33,374.14
798.97,384.76,797.55,384.92
831.31,339.39,831.36,339.93
806.23,376.03,805.64,376.12
821.33,360.78,821.30,355.32
805.10,379.49,805.64,379.76
827.02,427.58,827.35,427.56
827.79,384.58,805.19,382.89
787.92,374.89,787.69,374.95
787.73,369.81,784.44,382.87
815.75,366.09,847.93,366.39
783.35,381.95,783.23,382.49
829.86,327.80,830.17,328.61
764.12,363.01,764.85,361.58
797.23,378.04,796.77,382.41
830.43,339.14,830.62,339.19
828.87,444.58,833.74,442.19
782.36,369.82,783.28,377.21
829.75,341.13,829.80,340.50
820.96,323.48,821.23,323.61
821.29,344.89,821.05,344.40
822.87,370.74,818.02,384.07
818.89,355.35,818.87,355.18
804.82,378.84,805.16,379.17
829.75,341.13,829.76,340.54
787.09,381.33,785.89,381.94
822.87,370.74,816.74,370.74
817.26,334.35,817.94,334.35
234.01,461.38,394.77,368.27
822.87,370.74,818.02,384.07
822.54,396.18,822.79,395.79
830.16,342.78,829.94,342.33
791.01,382.87,789.81,383.57
790.38,374.34,787.92,374.89
819.84,355.15,819.65,355.16
822.87,370.74,821.88,386.28
821.36,325.39,820.87,325.48
814.85,368.71,812.39,368.41
819.84,355.15,821.22,355.15
836.53,327.87,823.79,327.67
822.87,370.74,820.57,385.87
792.35,384.70,792.44,384.95
788.63,383.94,787.73,384.01
823.87,386.28,822.87,386.37
831.04,339.11,831.16,339.52
782.02,381.33,781.32,380.80
812.68,380.19,815.01,380.19
799.35,370.75,800.04,368.80
831.16,342.60,831.31,342.73
823.02,327.90,823.44,327.73
797.62,377.34,797.37,377.54
762.46,355.78,763.91,355.04
818.02,380.32,814.90,380.32
819.29,371.68,819.13,371.13
799.38,374.62,799.38,375.83
808.36,369.73,813.10,371.23
783.82,370.83,783.95,371.05
799.38,374.62,799.17,375.73
789.34,384.74,790.67,384.83
827.74,349.19,827.47,349.55
799.38,374.62,799.75,373.78
830.67,363.13,830.78,363.13
799.97,364.20,803.74,363.13
819.55,355.31,819.84,355.15
819.45,355.54,819.37,355.53
818.98,355.33,818.87,355.18
788.69,375.70,788.51,376.02
830.80,363.13,830.78,363.13
787.73,369.81,792.10,381.95
817.91,357.49,819.42,357.48
800.74,374.06,800.65,373.56
821.47,338.73,822.28,337.12
804.53,377.94,804.60,377.46
794.41,369.80,794.17,377.90
822.87,370.74,829.00,370.74
825.17,385.87,823.87,386.28
822.87,370.74,823.87,386.28
824.90,412.44,825.58,412.92
800.17,376.02,800.42,375.70
784.55,377.84,782.02,381.33
801.28,369.07,801.94,369.48
820.60,341.36,821.82,340.19
814.87,357.62,815.10,357.54
784.55,377.84,781.42,380.73
782.48,368.80,783.77,370.69
821.59,355.13,821.30,355.45
820.18,343.36,820.19,343.51
814.92,379.24,814.91,380.06
819.65,355.16,817.73,355.18
785.68,370.75,782.48,368.80
819.87,331.43,821.12,331.31
820.60,341.36,820.18,339.80
788.83,370.84,782.48,368.63
783.22,373.74,782.02,374.35
822.18,335.50,822.52,333.85
835.62,355.96,823.25,361.37
784.55,377.84,787.09,381.33
826.67,330.73,826.72,329.99
799.74,382.48,799.38,382.30
784.55,373.53,783.22,373.74
817.77,357.37,817.72,357.09
784.59,377.47,783.95,371.05
785.89,373.74,784.55,373.53
821.12,331.31,820.23,331.07
817.79,341.49,817.26,340.38
829.30,320.03,829.41,320.17
824.07,362.04,820.83,362.51
784.55,377.84,787.69,380.73
787.43,377.40,787.67,377.61
791.28,379.35,791.50,377.96
793.79,385.04,793.92,384.80
797.67,384.74,796.38,384.21
831.15,325.75,831.24,325.59
820.54,368.18,821.87,368.74
782.49,377.96,782.71,379.35
783.24,373.58,781.99,374.22
836.91,342.16,822.89,342.39
782.71,376.56,782.49,377.96
826.32,357.87,830.39,356.87
819.87,332.10,820.61,332.30
816.97,346.80,817.08,346.87
823.39,394.98,823.02,395.55
823.83,395.06,824.50,393.46
823.31,342.17,823.79,342.37
822.97,342.13,822.89,342.39
825.86,401.60,826.30,400.69
812.86,378.25,811.30,378.25
819.14,332.97,819.93,332.30
830.13,376.49,829.76,376.85
831.00,355.78,829.85,356.08
812.86,378.25,812.37,376.77
818.45,332.41,819.13,332.41
821.76,347.02,823.74,347.84
823.29,350.96,822.77,352.33
818.50,332.79,819.19,332.10
820.88,349.00,825.54,348.88
812.86,378.25,811.94,379.51
792.65,371.30,793.98,377.69
788.58,382.82,788.63,382.63
806.06,377.94,804.53,377.94
806.06,377.94,805.58,376.48
816.50,370.93,818.28,371.67
789.17,373.78,789.29,374.18
819.34,331.43,820.23,331.07
806.06,377.94,806.09,379.47
813.86,377.92,813.91,378.25
806.06,377.94,805.58,379.39
823.39,394.98,823.86,394.84
827.63,328.80,827.98,328.05
822.84,341.75,822.84,341.54
819.97,369.48,820.19,369.20
795.35,377.47,795.49,377.63
801.96,377.93,801.50,377.71
829.76,341.71,829.72,341.13
810.87,372.77,759.46,371.10
825.01,386.45,826.43,385.63
756.69,367.18,759.03,367.55
822.18,339.24,822.04,337.38
818.55,332.37,822.17,333.77
755.94,350.51,759.03,350.02
827.79,328.27,828.14,328.36
801.96,377.93,801.64,377.87
825.01,386.45,803.66,384.21
794.57,382.02,794.36,382.35
829.54,388.69,828.71,388.85
817.91,333.77,822.17,333.77
830.12,388.90,828.90,389.14
817.51,335.51,821.76,335.51
830.12,388.90,829.54,388.69
800.54,352.49,798.73,356.05
821.62,337.42,817.51,335.51
831.87,391.30,831.30,390.22
821.76,339.31,821.62,337.42
831.75,335.94,831.61,335.79
821.76,339.31,817.37,337.42
829.44,426.40,829.38,426.82
805.25,361.98,805.71,363.92
821.78,354.92,822.45,356.54
815.70,382.89,815.68,382.76
807.03,347.92,803.37,349.67
817.51,339.31,817.37,337.42
823.31,342.56,823.23,342.68
805.71,363.92,806.47,365.76
817.51,339.31,821.76,339.31
823.25,361.37,815.80,359.64
822.17,341.01,817.51,339.31
817.91,341.01,817.51,339.31
822.58,333.79,822.82,333.26
822.17,341.01,817.91,341.01
825.30,402.17,824.55,401.98
823.09,320.93,830.94,323.64
829.46,348.83,829.29,350.07
837.14,332.22,822.95,332.23
831.40,351.17,831.27,351.17
799.37,374.59,799.48,374.06
821.56,324.57,821.50,325.06
823.04,332.49,822.95,332.23
823.74,352.06,823.89,352.01
818.52,348.84,820.31,348.42
824.90,332.27,824.85,344.33
823.04,332.49,822.38,333.87
821.98,335.56,822.38,333.87
829.23,351.91,832.49,351.84
822.17,333.77,822.38,333.87
805.35,368.79,802.94,366.39
821.98,335.56,822.17,333.77
821.76,335.51,822.17,333.77
816.45,361.99,816.45,356.18
758.39,355.12,759.98,354.87
811.66,371.31,808.16,370.75
821.84,337.41,821.98,335.56
794.99,382.78,795.34,382.59
790.02,382.48,789.52,378.22
821.76,335.51,821.98,335.56
811.66,371.31,808.38,370.34
821.84,337.41,821.76,335.51
814.87,357.62,813.64,356.19
820.88,323.78,820.71,324.15
830.55,379.06,830.13,381.59
821.62,337.42,821.76,335.51
820.12,369.07,820.19,369.20
825.08,344.34,825.08,332.28
821.98,339.25,821.84,337.41
797.78,384.48,797.32,384.75
821.62,337.42,821.84,337.41
836.06,344.34,825.08,344.34
821.76,339.31,821.62,337.42
782.36,369.82,783.82,369.89
812.68,362.29,814.67,360.44
822.97,342.13,822.38,340.90
831.36,339.93,831.53,339.84
811.47,379.21,811.40,380.06
828.87,435.74,829.06,436.04
822.83,342.36,822.17,341.01
822.83,342.36,818.55,342.34
821.47,332.44,821.93,332.13
795.03,377.42,795.49,377.63
828.39,333.95,828.90,334.08
808.38,370.34,805.35,368.79
819.34,343.18,822.83,342.36
826.18,397.11,825.33,397.16
822.89,342.39,822.83,342.36
823.00,337.35,822.97,342.13
836.91,342.16,822.97,342.13
828.92,367.19,829.00,366.85
822.45,341.91,821.18,320.87
787.60,374.06,787.46,374.01
822.86,324.66,822.86,320.87
782.87,368.25,782.48,368.63
821.63,393.46,819.55,396.34
787.93,377.56,786.58,377.56
824.80,400.76,824.38,401.20
825.54,321.38,827.42,325.32
783.05,377.90,783.51,382.24
800.30,384.00,801.70,384.09
823.62,372.10,824.53,370.22
791.50,377.96,791.28,379.35
822.45,328.18,821.18,320.87
823.23,327.40,835.85,327.40
823.22,398.19,823.00,395.64
827.74,349.19,829.36,350.18
817.79,370.42,817.68,371.65
819.68,346.53,821.76,347.02
804.91,349.00,803.29,350.39
826.67,330.73,826.73,330.06
837.89,344.44,823.23,342.68
825.48,369.13,824.53,369.20
817.87,341.53,817.79,341.49
822.82,327.72,823.31,327.87
811.74,349.13,811.66,348.69
807.51,367.46,807.90,369.64
823.79,327.67,823.31,327.87
808.16,349.25,811.74,349.13
823.31,327.52,822.82,327.72
823.31,327.52,823.79,327.67
824.07,362.04,824.07,355.34
808.38,349.66,808.16,349.25
836.05,327.67,823.79,327.67
818.45,342.19,818.50,341.72
831.73,355.48,831.05,354.68
836.05,327.67,823.31,327.52
806.73,372.11,808.70,372.92
791.28,384.74,791.65,384.91
790.64,375.31,791.28,376.56
799.83,375.99,799.61,375.88
819.31,371.86,819.73,372.15
828.49,302.64,828.26,302.72
823.11,328.35,823.31,327.87
823.73,400.80,823.44,401.14
799.83,375.99,799.67,376.00
819.31,371.86,819.29,371.68
827.41,329.66,827.65,328.65
793.85,383.60,795.20,383.68
823.11,328.35,822.82,327.72
818.13,370.24,816.53,370.24
799.91,376.12,799.67,376.00
822.77,395.98,822.85,395.81
785.74,382.02,785.57,382.45
822.62,328.22,822.82,327.72
804.48,363.13,804.04,363.13
823.79,342.37,836.05,342.37
812.67,381.10,812.52,381.13
818.21,360.00,821.37,360.00
823.31,342.56,823.79,342.37
821.46,358.83,821.37,360.00
829.04,369.49,827.47,370.45
830.62,341.09,831.36,339.93
830.25,431.54,830.06,431.24
822.82,342.36,823.31,342.17
826.49,360.00,830.80,360.00
823.11,341.69,822.82,342.36
831.75,326.60,831.24,325.59
822.62,341.86,822.82,342.36
826.49,360.00,830.63,357.85
823.11,341.69,823.11,328.35
822.62,328.22,823.11,328.35
823.11,341.69,822.62,328.22
823.11,341.69,822.62,341.86
783.08,377.40,783.28,377.21
822.82,327.72,823.23,327.40
819.93,342.13,820.60,341.36
812.53,379.25,816.91,379.50
817.38,355.38,817.45,355.18
811.80,378.25,815.85,378.43
826.65,395.43,826.33,397.13
786.45,377.70,786.77,377.66
817.72,357.09,817.40,355.33
749.53,356.91,752.92,355.56
822.62,328.22,822.82,327.72
831.31,339.39,831.53,339.84
829.01,337.57,831.75,335.94
830.90,362.13,830.42,362.15
805.02,364.22,805.00,364.25
823.23,342.68,835.85,342.69
827.84,332.86,827.60,331.87
815.31,346.42,817.46,346.25
799.30,360.00,799.31,360.00
812.56,377.75,812.94,377.90
823.31,342.56,835.85,342.56
824.51,336.99,836.18,344.31
822.82,342.36,823.31,342.56
822.45,341.91,822.82,342.36
829.08,354.24,829.85,356.08
828.85,337.97,826.32,344.39
822.62,341.86,822.82,342.36
822.62,341.86,822.62,328.22
823.11,341.69,823.31,342.17
797.04,384.64,796.99,383.80
800.37,384.85,799.07,385.26
832.18,368.55,830.74,369.79
786.01,382.10,784.62,382.32
823.11,328.35,823.11,341.69
823.46,309.18,823.47,319.51
820.19,321.73,821.05,344.40
824.88,320.30,830.28,319.71
819.34,343.18,822.89,342.39
798.64,378.14,799.01,378.12
818.19,380.07,818.03,380.06
793.82,383.97,793.94,384.21
827.33,330.76,827.41,329.74
829.94,318.84,830.21,318.84
764.85,361.58,765.10,360.00
830.22,328.53,830.39,329.52
820.18,343.36,820.44,324.65
799.97,355.80,804.39,355.75
816.61,350.43,818.05,351.31
798.15,382.39,798.32,378.09
826.61,414.57,826.48,415.32
819.87,332.10,819.93,332.30
799.38,374.62,799.75,375.49
819.19,332.10,819.93,332.30
820.71,342.76,821.47,341.90
805.41,377.69,805.42,371.30
820.60,332.99,819.93,332.30
819.13,332.41,819.87,332.10
799.38,374.62,799.87,375.10
826.32,360.00,826.49,360.00
819.19,332.10,819.87,332.10
818.45,332.41,819.19,332.10
824.66,345.15,825.02,345.32
763.91,355.04,765.52,354.79
819.19,332.10,819.93,332.30
799.87,375.10,799.75,375.49
821.33,355.30,821.30,355.32
805.58,379.39,805.64,379.76
805.10,379.49,805.58,379.39
820.60,332.99,819.14,332.97
830.00,366.53,828.92,367.19
821.28,332.99,820.60,332.99
799.00,373.75,799.17,373.50
817.93,378.11,813.91,378.25
817.93,378.11,817.98,378.43
799.00,373.75,799.38,374.62
817.94,334.35,817.79,333.18
821.47,335.53,820.18,334.53
821.59,337.12,822.16,335.53
811.41,371.38,811.83,368.39
827.12,319.82,820.19,321.73
817.60,335.80,817.26,334.35
811.35,347.84,811.22,347.75
811.70,354.67,810.99,356.37
800.78,366.13,800.79,366.17
821.59,337.12,820.48,335.76
805.16,376.70,804.82,377.04
817.81,360.00,818.21,360.00
813.85,368.29,815.25,369.49
786.19,371.11,787.54,373.52
816.91,385.75,824.42,389.36
795.20,369.82,794.41,369.80
817.49,337.39,816.93,335.80
825.49,415.24,826.16,415.76
823.35,361.88,824.66,362.08
818.28,371.67,820.31,371.58
821.47,338.73,820.58,337.14
800.62,375.21,800.73,374.63
820.48,338.53,820.58,337.14
831.72,341.51,830.19,341.59
821.82,340.19,822.16,338.73
823.17,404.74,824.13,404.49
814.48,380.85,814.51,380.42
822.50,393.57,822.38,393.47
828.25,303.00,828.30,302.88
827.79,384.58,827.73,384.07
819.87,342.41,819.13,342.19
821.13,340.19,822.16,338.73
818.55,342.34,817.91,341.01
820.18,339.80,820.48,338.53
822.68,342.46,823.31,342.56
820.15,346.51,820.25,346.40
817.94,340.38,816.93,338.97
817.26,340.38,816.93,338.97
782.48,368.63,782.48,368.80
816.55,338.74,816.45,337.37
815.93,359.15,815.43,359.95
836.05,342.37,823.79,342.37
822.50,350.39,827.18,350.28
830.39,363.13,830.80,363.13
825.17,385.87,826.51,385.10
819.72,340.81,820.18,339.80
803.66,384.21,827.79,384.58
812.00,378.87,816.05,379.06
818.47,341.49,817.94,340.38
394.77,368.27,275.26,298.84
822.62,328.22,822.68,327.63
817.26,340.38,817.94,340.38
830.02,383.42,833.01,383.56
788.05,373.21,789.00,373.51
784.55,382.15,783.22,381.94
795.80,384.85,797.09,385.26
784.55,382.15,783.22,381.94
783.67,380.93,783.67,374.98
784.55,382.15,783.24,382.10
819.93,342.13,819.72,340.81
819.14,341.48,819.72,340.81
823.14,328.36,823.34,327.80
789.21,377.69,787.67,377.61
799.07,385.26,798.08,385.34
819.19,342.41,819.93,342.13
817.79,341.49,817.26,340.38
815.93,359.15,815.74,360.44
823.31,327.87,836.53,327.87
818.50,341.72,819.14,341.48
787.67,377.61,787.46,374.01
821.33,355.30,818.98,360.77
804.68,376.82,804.41,377.35
830.75,430.88,831.50,431.68
786.01,382.10,785.89,381.94
810.33,379.24,810.33,379.84
818.50,337.26,816.84,334.74
823.58,369.13,824.53,369.20
819.87,342.41,818.45,342.19
787.69,380.73,787.92,380.80
784.55,373.53,784.62,373.36
819.87,337.26,817.69,340.79
823.75,369.79,823.58,370.14
836.94,337.35,823.04,332.49
826.25,369.75,825.65,369.79
820.23,331.07,821.12,331.31
805.64,379.76,806.23,379.86
827.30,371.58,827.74,370.81
804.83,382.78,805.34,378.46
787.09,374.35,787.26,374.22
819.87,331.43,820.71,331.66
788.60,384.71,788.71,384.48
793.49,382.11,793.33,382.36
828.14,328.36,828.45,328.68
798.54,382.51,799.01,378.12
822.79,333.12,822.79,328.39
823.78,308.41,827.09,307.27
829.76,340.54,829.80,340.50
826.14,369.07,827.75,367.67
820.71,342.76,821.47,341.90
787.69,374.95,787.92,380.80
822.82,333.26,835.96,333.79
822.57,333.47,821.93,332.13
828.03,333.61,827.65,332.84
796.82,378.02,798.32,378.09
805.18,377.92,804.11,377.64
822.57,333.47,821.47,332.44
818.31,358.82,821.46,358.83
817.68,371.65,805.42,371.30
822.07,333.69,821.47,332.44
815.77,371.30,816.37,367.02
823.56,397.97,823.18,395.59
817.59,362.49,817.91,361.20
805.71,371.08,817.68,371.65
829.42,348.77,827.61,347.70
821.93,332.13,821.12,331.31
817.89,371.42,817.68,371.65
827.64,342.91,836.21,342.91
806.06,377.94,806.09,376.40
817.89,371.42,805.71,371.08
827.83,350.26,829.42,348.77
818.55,332.37,819.34,331.43
798.49,377.61,798.63,377.77
818.28,332.65,819.34,331.43
819.03,331.78,819.34,331.43
823.94,400.36,823.52,397.96
800.04,368.80,799.65,368.42
822.07,333.69,822.57,333.47
821.12,396.52,823.02,395.50
824.98,405.09,825.95,404.12
799.03,385.38,821.53,386.88
822.99,335.18,822.07,333.69
815.77,370.97,816.29,367.25
818.28,332.65,818.55,332.37
817.26,334.35,817.79,333.18
822.19,408.58,822.47,409.33
842.13,331.43,819.34,331.43
822.95,332.23,819.34,331.43
823.14,337.31,822.12,339.21
824.52,343.33,820.18,343.36
831.03,417.55,830.70,417.05
830.94,435.99,831.45,436.50
819.87,337.26,819.03,342.83
810.03,351.84,811.59,350.24
788.81,374.62,789.00,375.74
823.91,401.32,823.13,400.33
827.84,332.86,827.41,331.87
815.53,357.85,823.25,361.37
822.12,335.53,822.52,333.85
805.24,369.05,806.74,369.96
788.81,374.62,789.17,375.49
819.72,352.09,820.86,353.42
806.73,372.11,811.22,372.25
817.31,335.61,817.91,333.77
817.31,335.61,817.69,333.98
822.59,337.10,823.13,337.10
798.61,384.27,797.48,384.64
796.57,382.29,797.06,378.07
799.85,383.56,800.11,383.78
821.77,323.82,821.56,323.72
813.88,381.77,814.61,382.30
830.22,320.41,829.40,319.70
827.20,330.76,827.28,329.74
795.05,383.26,793.82,383.97
819.13,371.74,819.14,371.89
821.82,360.92,819.80,360.92
827.91,381.99,828.36,382.16
827.65,332.84,827.41,331.87
796.57,382.29,796.22,382.11
788.81,374.62,788.29,374.60
798.61,384.27,799.85,383.56
821.33,323.74,821.10,323.62
781.32,374.89,781.32,380.80
817.18,337.41,817.51,335.51
814.07,379.07,813.88,379.00
817.22,356.17,817.22,360.91
817.31,335.61,817.51,335.51
822.57,340.79,822.46,338.92
803.71,378.34,803.59,378.38
817.91,333.77,818.55,332.37
822.07,340.58,822.46,338.92
824.18,401.32,823.91,401.32
799.37,374.59,799.52,374.01
825.80,418.86,825.67,418.83
791.09,377.93,790.90,377.77
794.42,384.76,795.71,385.16
821.56,324.57,821.92,325.02
823.04,332.49,837.14,332.22
795.55,382.93,795.34,382.59
824.52,343.33,820.19,343.51
814.51,380.42,814.48,379.99
798.20,383.46,799.17,382.63
823.35,361.88,823.35,364.15
818.19,362.38,818.58,362.32
825.54,321.38,821.42,324.00
822.97,342.13,822.17,341.01
815.44,382.85,815.76,382.51
828.14,332.88,827.79,333.02
832.19,307.43,828.42,307.43
830.46,309.23,832.57,307.09
817.31,339.19,817.37,337.42
823.11,324.33,823.09,320.93
814.39,381.23,814.48,380.85
793.31,384.78,792.35,384.70
817.18,337.41,817.37,337.42
825.26,351.94,825.50,352.31
827.70,428.11,828.18,428.90
821.47,341.90,822.07,340.58
799.38,382.30,799.99,378.17
802.54,382.83,802.76,382.49
819.03,331.78,820.23,331.07
819.94,355.64,819.80,356.15
804.38,382.59,804.99,378.41
817.69,340.79,817.51,339.31
820.12,369.07,820.19,369.20
821.93,342.19,822.57,340.79
829.72,341.13,829.75,341.13
804.60,378.41,804.53,377.94
815.93,359.15,815.56,360.25
814.96,372.36,816.97,373.20
829.81,425.69,830.82,425.71
783.35,375.31,783.67,374.98
829.81,425.69,830.49,425.20
783.35,375.31,783.67,380.93
814.91,380.06,814.90,380.32
820.71,342.76,821.12,343.11
822.90,346.19,821.59,347.19
827.54,368.74,828.87,368.18
827.20,330.76,827.28,329.74
795.51,384.31,796.79,383.58
822.45,341.91,822.68,342.46
827.27,413.19,827.60,413.17
784.55,377.84,783.22,381.94
818.28,342.04,818.55,342.34
819.87,343.08,819.03,342.83
829.83,411.18,830.02,411.12
820.23,343.45,819.87,343.08
821.42,325.13,821.50,325.06
829.64,411.44,829.90,411.88
819.34,343.18,820.23,343.45
829.63,412.34,830.34,413.15
827.88,367.32,829.14,366.70
823.37,321.15,823.47,321.16
820.23,343.45,819.34,343.18
821.20,324.20,821.36,323.86
821.20,324.20,820.88,323.78
825.26,415.22,825.77,415.72
817.69,340.79,817.91,341.01
821.03,397.96,821.12,396.52
821.36,325.39,821.20,325.08
823.47,321.16,823.48,324.46
787.89,375.57,787.71,375.12
821.71,373.07,821.76,372.97
829.30,320.03,828.97,319.76
812.69,368.37,812.62,368.25
826.33,382.33,826.03,381.52
825.98,400.18,825.34,399.17
787.77,375.66,787.71,375.12
829.41,320.17,828.97,319.76
811.14,365.57,812.15,367.21
787.77,375.66,787.58,375.16
793.27,384.50,792.35,384.43
829.41,320.17,829.12,319.92
821.56,323.72,821.36,323.86
820.88,323.78,821.36,323.86
821.47,341.90,821.93,342.19
829.36,369.82,827.74,370.81
821.10,323.62,820.88,323.78
811.54,379.81,812.08,380.09
821.77,323.82,821.10,323.62
821.10,323.62,821.56,323.72
797.62,377.34,797.37,377.54
830.94,323.64,831.20,323.78
823.25,324.48,830.94,323.64
820.12,369.07,819.78,368.80
829.47,377.43,829.28,378.17
829.36,369.82,827.74,370.81
823.11,324.33,830.94,323.64
823.25,324.48,823.11,324.33
829.94,318.84,830.01,319.69
829.41,320.17,830.94,323.64
830.94,323.64,823.11,324.33
829.33,318.85,829.40,319.70
829.12,319.92,829.41,320.17
829.94,318.84,830.01,319.69
827.15,427.62,827.77,427.67
803.05,366.31,804.14,367.59
795.51,384.31,796.99,383.80
823.29,320.48,829.12,319.92
831.07,412.74,830.74,413.19
799.89,373.31,799.66,373.61
829.94,318.84,830.28,319.71
823.09,320.93,823.29,320.48
832.92,302.83,828.41,302.83
824.88,319.47,824.88,320.30
823.10,320.33,829.12,319.92
824.88,319.47,824.07,320.32
823.10,320.33,828.97,319.76
824.08,319.50,823.47,320.33
820.71,325.13,821.20,325.08
828.97,319.76,823.10,320.33
800.42,384.63,799.07,385.26
823.47,319.51,823.37,320.32
821.20,324.20,820.71,324.15
829.20,324.14,829.37,324.09
833.04,302.99,828.25,303.00
823.37,319.50,823.37,320.32
820.65,324.65,821.20,324.20
828.10,306.93,827.44,307.04
815.80,358.65,815.84,359.15
831.67,341.68,831.53,342.27
821.10,325.59,820.87,325.48
822.84,328.41,822.99,327.83
762.11,369.49,761.36,367.18
826.87,336.84,826.76,336.73
831.67,341.68,831.36,342.17
821.10,325.59,821.36,325.39
829.70,366.19,829.08,365.76
831.49,341.64,831.36,342.17
821.31,366.08,823.57,365.31
811.85,377.92,811.80,378.25
821.92,324.13,821.33,323.74
819.34,352.59,820.56,351.84
811.94,368.37,811.83,368.39
804.91,349.00,807.74,350.28
788.77,374.63,788.65,374.05
830.34,342.91,830.73,343.15
821.33,323.74,821.77,323.82
812.12,363.74,815.33,363.05
813.40,381.86,812.52,381.13
811.42,365.51,813.68,367.16
784.59,377.47,784.35,377.26
820.61,342.13,821.28,341.36
830.94,323.64,829.30,320.03
783.95,371.05,784.35,377.26
819.93,342.13,821.28,341.36
815.57,379.16,815.07,379.24
825.66,369.14,826.14,369.07
824.87,324.44,824.04,324.46
812.86,378.25,811.94,376.99
830.98,323.87,829.30,320.03
795.34,382.59,793.73,382.49
816.44,358.35,815.78,358.30
821.68,350.64,823.18,350.29
821.42,320.33,821.29,320.39
813.84,367.11,815.07,368.55
828.69,330.58,828.64,331.24
827.27,319.76,821.29,320.39
827.27,319.76,829.30,320.03
794.46,384.09,793.09,384.00
805.64,379.76,812.08,380.09
830.55,376.37,830.55,379.06
823.29,320.48,823.09,320.93
800.52,377.69,800.17,376.02
770.02,363.43,770.56,360.00
815.14,368.54,815.57,366.34
804.31,377.94,804.41,377.35
802.28,377.76,802.07,377.54
797.77,368.42,795.85,369.89
827.27,319.76,828.97,319.76
828.63,435.71,828.87,435.74
818.73,364.74,819.28,364.52
827.27,319.76,821.42,320.33
828.97,319.76,821.42,320.33
823.10,320.33,821.42,320.33
821.33,360.78,818.98,360.77
830.34,342.91,830.09,342.65
783.28,377.21,783.08,377.40
821.18,320.87,821.05,320.91
820.71,324.15,820.51,324.08
821.56,325.49,821.10,325.59
820.70,325.60,820.87,325.48
795.05,383.26,796.41,382.54
821.59,347.19,833.08,347.68
819.82,371.53,819.13,371.13
828.39,327.42,828.90,327.22
794.29,377.42,794.55,377.21
821.56,324.57,821.50,324.08
823.14,328.36,822.79,328.39
821.50,324.08,821.92,324.13
819.84,371.38,819.82,371.53
828.03,327.83,828.50,327.28
827.68,330.65,827.99,328.61
797.09,384.41,795.84,384.80
790.22,384.20,789.81,383.57
821.05,344.40,821.05,320.91
789.12,382.29,787.73,382.51
806.09,376.40,806.23,376.03
787.09,382.54,786.93,382.29
821.23,323.61,821.33,323.74
796.46,382.71,795.42,382.34
796.97,384.17,795.83,384.53
829.93,445.87,831.14,446.03
799.67,376.00,799.91,376.12
831.20,323.78,830.98,323.87
817.02,360.71,817.06,360.71
827.60,320.03,830.98,323.87
835.98,324.48,823.25,324.48
814.70,360.00,815.43,359.95
827.60,320.03,829.30,320.03
818.50,332.79,819.14,332.97
830.98,323.87,829.30,320.03
818.31,358.82,818.21,360.00
821.42,344.95,837.89,344.44
814.39,360.95,814.98,361.54
827.27,319.76,827.12,319.82
792.08,370.93,801.94,369.48
830.10,352.59,831.19,353.53
821.28,341.36,821.82,340.19
821.10,323.62,820.88,323.78
820.71,323.65,820.88,323.78
815.25,369.49,815.09,369.82
830.18,353.80,831.19,355.74
821.10,323.62,820.71,323.65
820.96,323.48,820.71,323.65
821.10,323.62,820.96,323.48
824.81,411.68,831.92,407.59
830.81,435.27,831.37,435.77
822.50,393.57,823.18,393.37
820.19,321.73,821.29,320.39
819.78,368.80,817.79,368.80
799.49,375.66,799.40,375.16
820.18,339.80,821.13,340.19
788.81,374.62,788.61,375.73
785.78,384.20,787.04,384.59
827.12,319.82,821.29,320.39
815.81,370.68,817.24,384.18
789.37,371.21,789.40,377.49
817.29,340.93,816.84,339.97
831.36,439.67,831.82,438.89
794.10,377.56,794.17,377.90
822.86,320.87,823.09,320.93
823.11,324.33,822.86,320.87
830.65,331.64,830.41,332.66
793.71,382.24,793.10,382.21
803.24,382.78,803.14,382.67
781.99,374.22,781.32,374.89
831.53,342.27,831.31,342.73
822.86,324.66,822.86,320.87
813.24,371.30,811.29,379.23
815.79,372.53,815.88,373.49
823.11,324.33,822.86,324.66
815.35,366.17,815.53,365.91
823.10,320.33,821.42,320.33
802.98,383.10,803.24,382.78
787.26,381.46,786.01,382.10
823.02,342.18,822.79,341.77
824.11,310.29,824.88,319.47
811.82,348.81,813.56,348.95
807.90,350.35,806.51,351.98
823.10,320.33,821.18,320.87
798.85,371.11,798.77,377.40
830.36,353.75,832.49,351.84
815.56,358.05,815.43,358.35
820.65,324.65,820.71,325.13
822.84,341.54,836.23,341.54
820.51,325.21,820.71,325.13
827.67,369.66,829.23,368.09
820.65,324.65,820.51,325.21
823.58,350.91,823.77,350.91
831.04,339.11,831.31,339.39
831.74,338.68,832.10,338.78
820.65,324.65,820.44,324.65
797.37,377.56,797.19,377.70
831.31,339.39,831.53,339.84
787.73,369.81,786.82,383.94
800.41,368.63,820.12,369.07
836.20,333.26,822.82,333.26
813.86,347.93,815.79,347.47
824.53,350.83,824.72,350.84
831.39,338.82,831.74,338.68
821.77,325.35,821.33,325.44
822.36,350.45,822.50,350.39
828.94,445.37,829.52,445.86
830.20,309.86,829.94,318.84
821.50,325.06,821.77,325.35
829.74,441.38,829.54,441.63
821.23,323.61,820.96,323.48
829.96,309.55,829.94,318.84
813.79,380.33,814.78,380.33
821.12,396.52,820.97,396.48
821.92,325.02,821.77,325.35
831.72,341.04,831.67,341.68
814.25,379.28,814.07,379.07
786.19,371.11,783.82,370.83
791.38,383.67,791.63,383.46
819.87,337.26,818.28,342.04
825.66,369.14,825.48,369.13
795.00,382.20,795.42,382.34
794.57,382.02,794.84,382.45
829.89,340.00,829.94,339.92
821.33,325.44,821.10,325.59
824.08,409.97,832.14,406.78
788.07,384.35,789.34,384.74
791.38,383.67,792.87,384.17
797.78,384.48,796.18,384.38
823.10,320.33,822.86,320.87
823.96,396.81,824.11,397.44
821.82,334.10,821.13,334.10
788.29,374.60,788.33,375.06
819.03,331.78,819.87,331.43
815.02,346.58,817.10,347.07
825.67,350.24,825.68,350.91
830.81,339.72,831.07,339.18
821.92,325.02,821.50,325.06
816.98,347.15,818.94,347.97
829.94,339.92,830.16,339.45
821.97,324.57,821.92,325.02
815.27,349.36,816.89,350.03
830.65,340.40,830.81,339.72
823.14,337.31,823.14,333.17
821.56,324.57,821.97,324.57
783.22,373.74,783.24,373.58
818.89,355.35,818.98,355.33
804.82,378.84,804.68,379.07
821.56,324.57,821.50,324.08
821.93,342.19,822.07,340.58
827.40,413.22,827.27,413.19
827.51,428.37,828.18,428.90
803.36,378.33,803.48,377.96
784.62,373.36,783.22,373.74
788.60,384.71,788.00,384.67
796.57,382.29,797.06,378.07
795.51,384.31,795.67,384.55
804.60,378.41,804.82,378.84
821.49,324.56,821.42,324.00
823.70,347.75,825.54,348.88
822.04,337.38,822.18,335.50
822.28,337.12,822.16,335.53
820.56,351.84,820.52,353.48
836.23,333.12,822.84,333.12
830.81,342.54,830.65,341.88
829.52,389.19,828.67,389.90
821.05,344.40,821.05,320.91
827.80,426.38,828.19,426.43
831.47,350.72,819.23,350.20
821.23,325.56,821.33,325.44
813.68,352.84,815.07,351.44
829.02,308.32,829.02,318.83
831.63,366.89,830.44,368.29
817.08,373.12,816.50,370.93
821.50,325.06,821.33,325.44
825.01,386.45,825.17,385.87
804.38,382.59,804.99,378.41
783.43,376.60,783.21,377.99
829.64,411.44,830.02,411.12
823.53,372.17,822.23,372.14
819.34,343.18,819.87,343.08
826.41,398.26,826.26,398.26
821.42,325.13,821.23,325.56
791.15,384.50,791.06,384.23
822.87,370.74,819.24,385.10
811.53,380.50,811.70,380.65
824.89,310.51,824.88,319.47
822.99,342.26,822.79,341.77
822.90,332.26,822.38,333.87
830.62,341.09,829.89,340.00
831.36,342.17,831.16,342.60
826.49,360.00,830.63,362.15
821.49,324.56,821.56,324.57
815.95,371.68,815.96,371.86
797.37,377.56,798.49,377.61
830.10,352.59,831.19,353.53
819.34,331.43,843.07,331.07
825.95,396.13,825.10,396.24
835.70,342.46,823.47,342.46
813.85,351.71,812.66,353.11
818.50,337.26,816.55,336.00
824.21,347.83,826.19,348.86
829.69,324.37,832.89,324.09
831.67,340.41,831.72,341.04
825.00,353.83,828.58,351.92
816.98,352.83,838.03,354.02
822.87,398.24,822.54,396.18
831.04,339.11,831.31,339.39
829.69,324.37,832.73,324.16
820.33,348.01,821.63,347.97
829.54,324.43,832.73,324.16
831.53,339.84,831.67,340.41
827.43,320.08,827.60,320.03
823.27,369.07,822.76,367.67
821.76,339.31,821.98,339.25
818.45,332.41,819.19,332.10
790.22,384.20,788.96,384.59
830.73,339.03,831.04,339.11
829.20,324.14,827.43,320.08
799.47,357.89,799.31,360.00
804.68,376.82,811.11,377.10
819.80,360.92,817.22,360.91
811.11,377.10,810.83,377.64
817.94,351.45,817.13,352.83
825.54,321.38,820.18,321.87
818.13,349.22,818.94,352.04
802.17,355.12,801.52,356.68
816.72,370.81,818.48,371.54
816.93,335.80,817.26,334.35
819.61,357.07,819.61,355.21
792.02,376.60,791.28,376.56
821.18,344.44,821.05,344.40
819.47,367.34,819.64,367.25
827.60,389.90,828.67,389.90
793.85,383.60,792.54,384.35
816.55,336.00,816.84,334.74
816.79,362.74,816.99,362.95
791.38,375.34,792.02,376.60
830.62,341.09,830.62,339.19
798.19,385.10,798.08,385.34
819.65,355.16,818.87,355.18
827.41,329.74,827.50,328.80
784.55,377.84,782.02,374.35
821.42,344.95,821.29,344.89
823.82,348.68,834.38,348.68
829.80,341.77,829.75,341.13
821.18,349.29,823.82,348.68
829.94,342.33,829.80,341.77
829.69,324.37,829.37,324.09
823.37,319.50,829.10,319.70
820.65,324.65,821.15,324.64
813.13,363.20,815.10,360.75
829.20,324.14,829.69,324.37
829.89,342.24,829.76,341.71
829.54,324.43,829.69,324.37
829.20,324.14,829.54,324.43
828.87,430.83,829.19,431.34
832.73,324.16,829.54,324.43
820.52,366.53,820.98,366.22
804.94,383.22,805.19,382.89
782.71,376.56,783.35,375.31
814.61,382.30,814.86,382.03
799.16,385.02,798.19,385.10
827.43,320.08,829.20,324.14
820.58,337.14,821.59,337.12
494.76,483.16,634.96,372.27
820.48,335.76,821.47,335.53
821.18,344.44,837.89,344.44
790.93,377.76,789.37,371.21
832.21,349.89,819.23,350.20
827.42,325.32,829.20,324.14
751.85,357.67,754.85,360.00
827.40,336.04,831.61,335.79
829.54,324.43,829.20,324.14
822.62,341.86,822.62,328.22
812.24,379.10,816.59,379.45
831.15,325.75,828.01,325.83
820.89,356.16,820.89,362.04
811.41,371.38,812.94,377.90
832.05,367.13,830.81,368.58
812.53,379.25,812.86,379.30
824.89,310.51,824.11,310.29
833.32,306.80,827.97,307.51
781.59,369.80,783.08,377.40
825.95,404.12,826.76,402.55
820.15,386.45,820.57,385.87
789.81,383.57,788.63,383.94
806.74,369.96,806.68,372.03
829.08,422.71,828.96,421.93
828.90,334.08,829.40,333.88
805.19,382.89,827.92,384.18
827.77,427.67,828.51,428.46
822.57,340.79,822.99,339.03
821.18,320.87,821.29,320.39
822.04,337.38,822.12,335.53
809.05,353.73,811.14,354.43
818.13,370.24,817.64,369.08
823.82,342.44,823.34,342.24
814.67,357.85,814.87,357.62
820.19,343.51,821.29,344.89
821.33,355.30,821.22,355.21
819.68,396.48,819.55,396.34
825.61,373.12,827.61,372.29
810.70,346.66,812.81,346.49
795.16,377.94,794.57,382.02
818.95,371.02,815.82,371.02
826.87,329.46,827.09,328.98
821.20,367.50,765.99,368.98
820.18,343.36,824.42,343.18
822.68,327.63,822.82,327.72
821.76,400.10,821.99,398.22
804.35,360.00,804.52,362.14
755.83,370.02,759.08,370.54
827.41,329.66,827.60,329.65
827.31,325.45,827.42,325.32
828.01,325.83,827.42,325.32
804.11,360.00,805.25,358.01
820.58,362.01,820.89,362.04
827.93,325.98,828.01,325.83
800.23,373.10,799.96,373.20
820.72,355.63,820.58,356.14
816.05,379.06,816.29,379.30
826.09,400.75,826.10,401.09
785.51,382.63,785.57,382.45
817.69,333.98,818.55,332.37
826.87,329.46,826.88,329.32
748.83,363.38,750.56,366.19
819.31,367.43,820.22,368.79
822.43,396.41,822.36,395.79
829.02,308.32,829.02,318.83
829.85,356.08,830.78,356.87
787.73,382.51,786.33,382.29
806.23,376.03,812.08,376.39
827.59,307.73,832.57,307.09
820.58,362.01,820.53,362.40
821.59,402.17,821.41,402.13
831.07,350.19,831.11,350.24
822.26,396.72,822.64,396.12
821.99,337.38,822.12,335.53
823.57,400.70,824.38,401.20
830.43,343.06,830.73,343.15
810.83,378.84,811.37,378.73
798.77,377.40,798.97,377.61
823.44,401.14,822.81,400.20
827.40,336.04,827.47,336.19
819.13,371.13,819.11,370.97
828.50,327.28,829.03,327.07
794.55,377.21,795.65,377.26
800.87,360.00,800.35,360.00
827.65,332.84,827.41,331.87
812.90,346.41,815.02,346.58
800.63,360.00,799.47,362.11
810.33,379.84,810.52,380.38
830.63,362.15,830.42,362.15
822.68,342.46,823.23,342.68
789.92,382.90,790.02,382.48
826.66,398.20,825.32,396.74
803.86,377.84,804.11,377.64
828.70,331.98,828.27,332.33
802.94,366.39,802.51,366.64
831.67,340.41,831.53,341.05
825.24,331.94,825.08,332.28
818.47,333.18,818.45,332.41
811.30,379.91,811.40,380.06
827.47,336.19,829.01,337.57
828.68,337.92,829.01,337.57
814.50,360.09,814.40,359.64
826.87,336.84,828.68,337.92
827.47,336.19,826.87,336.84
817.28,357.40,817.22,357.10
815.26,368.93,824.30,369.14
789.37,371.21,788.22,373.22
813.87,363.24,812.90,362.35
831.72,341.51,831.20,342.77
803.66,384.21,804.94,383.22
827.36,348.49,827.76,350.64
829.01,337.57,833.58,337.32
831.63,366.89,830.81,368.58
827.36,348.49,829.12,349.22
811.47,379.21,811.29,379.23
829.01,337.57,829.17,337.63
828.85,337.97,829.17,337.63
783.51,382.24,783.83,382.53
815.44,360.52,815.63,360.32
789.17,378.19,787.82,378.12
829.01,337.57,828.68,337.92
821.28,332.99,820.61,332.30
823.47,319.51,823.37,319.50
821.37,360.00,821.46,361.17
821.23,325.56,820.96,325.73
818.95,371.02,819.47,367.34
830.43,343.06,830.73,343.15
817.50,357.49,817.77,357.37
830.73,343.15,831.74,343.49
825.34,399.17,824.12,398.84
830.62,332.68,830.03,333.48
831.36,342.17,831.53,342.27
830.62,341.09,829.76,340.54
832.42,343.01,831.04,343.04
831.36,439.67,831.70,439.64
832.67,342.46,831.31,342.73
813.13,363.20,812.39,368.41
827.92,304.17,828.14,302.94
813.24,371.30,811.47,379.21
819.87,337.26,822.46,338.92
748.29,360.00,748.83,363.38
819.87,337.26,817.18,337.41
819.68,373.47,817.54,373.64
831.67,340.41,831.72,341.04
787.67,377.61,788.02,376.00
827.68,330.65,828.49,329.34
819.61,373.57,819.68,373.47
819.80,360.92,820.41,362.66
792.76,382.49,792.10,381.95
803.86,377.84,802.28,377.76
831.16,339.52,831.31,339.39
825.20,309.88,827.59,307.73
830.73,343.15,831.04,343.04
830.54,364.25,829.71,366.24
792.07,382.39,789.84,378.17
812.02,348.69,813.86,347.93
832.42,339.11,831.53,339.84
787.67,377.61,787.58,375.16
823.91,401.32,823.57,400.70
830.31,361.98,830.90,362.13
822.84,341.54,836.20,341.40
832.10,338.78,831.31,339.39
831.04,339.11,832.10,338.78
831.74,338.68,831.04,339.11
816.81,337.39,817.49,337.39
830.73,339.03,831.74,338.68
813.10,371.23,815.08,372.29
800.77,358.25,799.30,360.00
789.21,377.69,788.51,376.02
831.39,338.82,830.73,339.03
830.43,339.14,831.39,338.82
828.26,302.72,832.22,302.17
827.36,371.51,827.75,369.39
795.49,377.99,795.00,382.20
830.81,339.72,830.16,339.45
821.42,324.00,821.50,324.08
817.94,351.45,831.27,351.17
830.59,341.14,830.65,340.40
828.28,327.55,828.76,327.35
800.38,378.19,800.23,378.22
823.82,348.68,836.66,349.29
829.80,341.77,829.72,341.13
804.41,378.53,804.31,377.94
829.80,341.77,830.65,341.88
830.81,342.54,829.80,341.77
830.81,351.42,832.14,351.39
829.94,342.33,829.80,341.77
821.28,341.36,820.60,341.36
831.07,343.06,830.81,342.54
829.94,342.33,830.81,342.54
832.05,352.86,831.63,353.11
830.16,342.78,831.07,343.06
831.19,353.53,830.96,354.30
795.88,377.98,795.42,382.34
797.37,377.56,797.37,377.54
829.05,390.37,828.31,391.32
825.58,400.73,825.61,401.31
815.27,349.36,816.89,350.03
811.37,380.32,811.38,380.55
823.47,327.62,835.70,327.62
828.01,325.83,829.54,324.43
831.47,350.72,832.21,349.89
831.31,342.73,830.90,342.89
820.19,399.96,820.02,397.91
832.16,302.38,828.26,302.72
810.83,378.84,811.11,379.38
831.53,342.27,831.16,342.60
788.52,373.64,788.46,373.56
811.37,378.73,811.30,378.25
823.14,333.17,823.14,328.36
817.79,341.49,818.47,341.49
816.84,339.97,817.26,340.38
828.42,307.43,827.97,307.51
831.72,341.04,831.49,341.64
828.58,368.02,828.58,368.08
831.53,341.05,831.49,341.64
819.14,341.48,819.93,342.13
831.53,341.05,831.72,341.04
831.49,340.46,831.53,341.05
828.85,337.97,826.49,344.43
831.49,340.46,831.67,340.41
795.05,383.26,796.01,382.45
821.59,347.19,820.66,348.07
810.44,379.21,810.33,379.84
819.19,342.41,818.45,342.19
820.07,354.56,820.98,353.78
831.36,339.93,831.49,340.46
811.11,379.38,810.83,378.84
829.99,393.08,829.68,391.72
826.76,336.73,824.42,343.18
797.12,377.51,796.94,377.66
831.61,335.79,831.75,335.94
831.16,339.52,831.36,339.93
782.36,369.82,785.26,369.89
817.29,340.93,817.79,341.49
814.47,382.40,813.79,381.97
821.20,352.49,818.37,349.67
820.18,321.87,820.19,321.73
798.54,382.51,799.91,382.59
827.28,331.77,827.20,330.76
816.74,370.74,818.02,384.07
818.50,341.72,817.87,341.53
820.19,343.51,821.05,344.40
797.19,377.70,797.06,378.07
831.01,416.36,831.89,416.39
787.85,384.14,789.25,384.23
819.54,371.30,818.43,379.22
826.64,391.29,826.16,390.89
825.80,418.86,825.74,419.28
804.60,378.41,804.53,377.94
810.03,368.16,811.59,369.76
830.90,339.26,831.04,339.11
797.19,377.70,797.23,378.04
819.48,355.26,819.84,355.15
830.73,339.03,830.90,339.26
795.88,377.98,795.42,382.34
819.55,355.31,819.88,355.21
830.62,339.19,830.73,339.03
830.16,339.45,830.34,339.29
836.94,337.35,823.00,337.35
829.94,339.92,830.16,339.45
799.96,373.20,799.72,373.52
830.09,339.57,830.16,339.45
830.09,342.65,829.89,342.24
816.56,379.16,816.34,378.68
821.25,392.62,822.10,391.71
825.00,414.47,825.08,414.03
830.26,430.08,830.49,430.11
828.58,368.08,827.18,369.72
816.91,385.75,815.70,382.89
822.95,332.23,822.90,332.26
830.25,431.54,830.49,431.58
830.34,342.91,830.62,342.99
799.58,373.51,799.75,373.78
821.41,402.13,821.88,403.76
790.64,375.31,790.31,374.98
816.50,349.07,814.86,350.07
786.10,377.54,784.59,377.47
818.47,341.49,817.26,340.38
828.92,330.57,828.86,331.31
815.38,381.97,814.86,381.22
825.63,400.92,824.80,400.76
829.22,327.04,829.55,327.20
822.58,340.91,822.82,341.40
794.92,384.61,794.00,384.53
812.86,378.25,811.37,377.77
815.67,382.44,815.68,382.54
770.02,363.43,770.19,360.00
828.45,332.53,828.14,332.88
826.09,400.75,826.10,401.09
830.43,343.06,830.16,342.78
824.55,367.43,827.70,367.42
822.52,340.84,822.82,341.40
822.52,340.84,822.75,341.33
830.34,339.29,830.62,339.19
822.52,340.84,823.14,341.44
823.14,337.31,823.14,341.44
829.10,319.70,823.37,320.32
827.80,409.41,832.14,406.78
823.71,308.29,829.28,307.57
808.81,368.97,809.99,371.05
822.99,342.26,823.34,342.24
823.47,342.46,822.99,342.26
831.63,430.92,831.50,431.68
821.29,320.39,821.05,320.91
818.55,380.45,818.18,380.43
823.34,342.24,823.14,341.75
822.84,341.54,822.84,341.75
820.64,401.83,821.32,400.80
822.84,341.54,836.23,341.75
830.94,435.99,830.75,435.68
823.79,327.67,822.82,327.72
812.37,376.77,811.94,376.99
806.68,372.03,808.70,372.92
788.54,383.26,787.09,382.54
828.14,332.88,829.25,333.76
806.23,379.86,812.68,380.19
819.16,355.53,819.27,355.27
812.37,376.77,811.54,376.67
822.84,333.12,822.84,328.41
821.05,320.91,820.19,321.73
821.22,355.21,821.22,355.15
823.34,327.80,823.47,327.62
836.23,333.12,822.84,328.41
831.24,325.59,831.61,326.67
768.52,356.91,766.57,360.00
826.67,330.73,826.72,329.99
792.65,371.30,792.49,377.84
822.07,340.58,822.46,338.92
795.22,383.48,793.94,384.21
830.39,329.52,830.47,330.54
831.77,304.47,827.11,305.10
822.82,333.26,822.58,333.79
822.58,340.91,822.18,339.24
831.36,439.67,831.44,439.23
829.85,356.08,830.31,358.01
790.02,382.48,789.84,378.17
820.87,325.48,821.20,325.08
821.77,325.35,821.56,325.49
822.58,340.91,835.96,340.91
818.73,364.74,818.65,363.49
836.20,341.40,822.58,340.91
822.82,341.40,822.58,340.91
825.24,370.26,823.74,372.15
829.08,354.24,829.85,356.08
823.31,342.56,822.82,342.36
821.78,354.92,822.45,356.54
819.68,346.53,821.70,347.93
824.52,343.33,824.42,343.18
822.84,328.41,836.05,327.90
822.84,328.41,823.02,327.90
827.41,331.87,827.60,331.87
799.31,360.00,803.33,360.00
799.47,357.87,799.31,360.00
822.18,335.50,822.58,333.79
813.54,378.88,813.71,379.63
788.81,373.41,789.00,373.51
811.38,380.90,811.40,380.06
829.38,327.47,829.82,327.91
820.18,343.36,820.51,325.21
819.77,355.18,824.00,355.13
804.31,377.94,810.73,378.24
826.02,344.71,820.19,343.51
799.96,364.17,799.97,364.20
828.04,352.54,829.08,354.24
830.90,342.89,830.62,342.99
822.79,328.39,822.79,333.12
829.62,320.42,830.77,323.81
811.35,347.84,809.52,348.96
829.89,340.00,830.09,339.57
838.85,329.24,825.02,329.24
817.77,357.37,819.61,357.07
823.82,327.60,835.70,327.62
821.50,324.08,821.33,323.74
827.59,307.73,827.97,307.51
783.77,370.69,785.96,370.89
811.53,371.30,810.44,379.21
825.02,345.32,838.85,345.32
615.10,230.02,452.24,344.81
817.29,333.73,817.79,333.18
830.93,420.70,831.27,420.68
815.62,359.05,815.54,360.00
748.29,360.00,748.35,360.00
827.79,384.58,826.51,385.10
815.76,380.44,816.75,380.44
814.58,380.06,814.58,380.61
823.95,405.37,824.76,405.00
824.51,329.82,824.66,329.41
818.95,371.02,818.96,371.18
792.15,383.29,793.33,382.36
797.23,378.04,797.06,378.07
823.54,308.77,824.43,309.66
835.74,328.99,824.51,329.82
828.26,302.72,832.22,302.17
830.34,339.29,830.43,339.14
832.00,367.21,830.75,368.67
824.51,336.99,824.51,344.74
829.28,307.57,831.77,304.47
811.98,378.31,812.30,377.97
830.77,323.81,829.32,320.45
800.55,377.71,800.11,377.80
803.59,378.38,803.14,382.67
822.57,340.79,822.99,339.03
823.00,337.35,836.91,342.16
823.36,324.45,830.77,323.81
826.72,329.99,826.87,329.46
827.10,391.20,826.37,390.84
819.33,352.41,820.86,353.42
803.83,362.15,804.48,363.13
823.31,342.56,835.85,342.56
824.55,352.57,825.73,352.48
803.24,382.78,803.71,378.34
817.69,333.98,818.28,332.65
822.99,339.03,823.13,337.10
803.66,377.81,804.85,377.87
817.81,360.00,817.91,361.20
815.09,369.82,816.38,369.85
786.19,371.11,787.72,373.20
824.90,332.27,825.08,344.34
825.17,410.98,824.33,410.62
825.08,332.28,825.08,344.34
821.12,343.11,821.93,342.19
815.76,382.51,816.06,382.43
831.68,353.04,831.19,353.53
831.75,326.60,831.61,335.79
821.99,398.22,822.43,396.41
824.90,332.27,825.08,332.28
808.64,372.84,808.70,372.92
825.08,332.28,825.24,331.94
811.53,371.30,811.41,371.38
836.22,331.94,825.08,332.28
808.36,370.64,810.70,373.34
836.06,332.28,825.08,332.28
830.20,356.87,830.67,356.87
825.24,331.94,824.90,332.27
799.57,382.73,799.17,382.63
818.07,356.34,818.65,356.51
800.31,384.38,799.17,384.75
829.40,319.70,830.01,319.69
793.98,377.92,793.49,382.11
821.10,325.59,820.87,325.48
814.40,358.65,814.50,358.21
830.22,320.41,830.01,319.69
828.02,304.21,828.25,303.00
821.97,324.57,821.56,324.61
799.38,382.30,801.04,382.39
822.19,408.58,822.99,405.13
820.65,324.65,820.51,324.08
801.72,383.88,800.31,384.38
830.28,319.71,830.01,319.69
821.46,400.74,823.06,400.49
829.38,308.01,829.02,308.32
815.14,368.54,816.45,368.41
830.50,320.46,830.28,319.71
829.86,333.36,830.03,333.48
822.64,396.12,822.48,396.24
825.48,370.14,825.66,369.14
830.50,320.46,830.28,319.71
820.16,347.88,820.31,348.42
788.36,375.99,788.57,375.90
821.18,349.29,820.76,348.21
829.94,342.33,829.76,341.71
786.06,378.04,786.53,382.41
823.31,342.17,836.05,342.37
831.78,364.74,830.94,365.44
823.00,337.35,821.84,337.41
828.25,303.00,833.04,302.99
824.08,319.50,824.07,320.32
816.30,358.05,815.63,357.98
826.15,362.11,826.49,360.00
832.90,306.88,827.97,307.51
828.76,421.99,828.89,421.25
806.92,372.14,810.87,372.77
824.07,321.15,824.07,320.32
823.78,308.41,827.10,305.26
825.48,370.14,826.25,369.75
830.16,339.45,831.07,339.18
822.12,339.21,821.99,337.38
824.49,392.03,823.12,393.71
823.44,327.73,835.63,327.73
803.49,370.27,807.03,372.07
813.68,379.05,814.04,378.47
823.47,321.16,823.47,320.33
823.47,319.51,823.47,320.33
790.16,384.30,789.25,384.23
786.29,377.34,787.43,377.40
800.73,374.63,800.74,374.06
806.06,377.94,808.16,377.94
829.09,307.91,829.02,308.32
823.37,321.15,823.37,320.32
793.98,377.92,793.15,381.94
829.33,318.85,829.94,318.84
829.76,427.12,829.64,426.34
789.29,374.18,789.32,374.64
829.96,309.55,829.33,318.85
829.32,308.43,829.33,318.85
794.23,377.92,792.65,371.30
811.37,378.73,812.86,378.25
815.27,349.36,816.61,350.43
805.21,353.76,804.39,355.75
823.43,346.29,823.51,346.37
820.86,353.42,823.74,352.06
824.89,310.51,824.88,319.47
824.65,398.08,823.51,401.45
830.20,309.86,824.88,319.47
756.03,349.44,759.46,348.89
830.21,318.84,824.88,319.47
826.27,398.17,826.18,397.11
794.99,382.78,794.49,378.46
830.03,366.22,829.00,366.85
824.88,319.47,824.08,319.50
817.45,370.72,816.68,370.66
822.10,391.71,822.38,393.47
828.87,367.51,830.05,367.42
822.38,333.87,821.98,335.56
823.46,309.18,824.08,319.50
827.31,379.87,829.28,379.82
823.83,400.63,824.07,400.38
829.06,351.97,829.23,351.91
823.37,319.50,829.02,318.83
826.87,336.84,824.42,343.18
806.23,376.03,805.64,376.12
826.02,344.71,821.29,344.89
829.38,440.79,829.51,440.05
821.56,323.72,821.36,323.86
831.08,323.80,831.66,323.80
830.43,343.06,830.16,342.78
829.62,320.42,831.08,323.80
817.18,337.41,817.31,335.61
831.07,339.18,831.39,338.82
820.96,325.73,821.10,325.59
830.50,320.46,831.96,323.82
824.88,321.12,824.87,324.44
805.19,382.89,804.83,382.78
823.04,332.49,836.98,332.46
817.29,333.73,818.45,332.41
818.22,355.17,816.95,355.31
783.43,379.39,784.07,380.65
782.71,379.35,783.35,380.61
822.86,346.29,838.12,347.09
830.53,330.53,830.45,331.60
823.01,400.65,823.44,401.14
823.37,321.15,823.36,324.45
829.33,318.85,830.01,319.69
823.47,321.16,823.48,324.46
829.18,440.88,829.74,441.38
813.71,378.87,817.93,378.76
831.15,325.75,831.61,326.67
827.86,304.35,832.28,303.90
829.62,320.42,831.08,323.80
799.47,362.12,803.50,362.15
783.95,371.05,783.82,369.89
787.69,374.95,787.09,374.35
831.30,390.22,829.39,390.59
798.10,360.00,798.73,363.94
821.76,335.51,817.91,333.77
829.10,319.70,829.02,318.83
821.18,344.44,822.45,341.91
824.52,343.33,828.68,337.92
816.34,367.34,816.29,367.25
831.04,343.04,832.10,343.36
817.51,335.51,817.91,333.77
824.77,396.95,826.17,395.19
813.65,368.58,815.09,369.82
828.49,329.34,828.64,329.92
829.40,319.70,829.02,318.83
815.44,382.99,815.44,382.85
823.76,369.14,823.58,369.13
829.33,318.85,829.02,318.83
788.81,374.62,789.32,374.64
815.09,369.82,816.72,370.81
829.62,320.42,829.32,320.45
821.32,400.80,821.46,400.74
815.93,359.15,816.44,359.95
829.62,320.42,829.10,319.70
813.71,378.87,813.86,378.57
829.28,307.57,832.00,304.60
789.17,378.19,789.52,378.22
827.60,331.87,827.52,330.77
788.81,374.62,789.29,374.18
829.62,320.42,829.40,319.70
812.00,378.87,816.29,379.30
811.94,379.51,812.08,380.09
828.69,330.58,828.92,330.57
759.24,370.95,762.34,370.02
822.36,369.55,820.88,370.99
830.34,339.29,830.62,339.19
821.53,386.88,822.58,386.97
798.85,371.11,799.96,373.20
827.10,305.26,827.44,307.04
812.00,378.87,812.24,379.10
827.53,304.89,827.44,307.04
831.07,339.18,830.43,339.14
815.02,373.42,821.71,373.07
805.10,376.39,811.11,377.10
830.12,430.83,830.06,431.24
823.44,401.14,823.91,401.32
824.07,321.15,824.88,321.12
830.24,308.94,832.57,306.55
819.55,355.31,819.48,355.26
806.23,379.86,808.34,379.47
828.56,410.12,825.17,410.98
829.56,307.66,832.57,306.55
827.09,328.98,827.37,328.65
795.67,384.55,796.99,383.80
830.05,309.23,829.96,309.55
825.10,395.19,826.63,393.56
823.44,327.73,835.63,327.73
830.90,342.89,831.04,343.04
829.38,308.01,829.96,309.55
829.38,308.01,829.32,308.43
821.29,344.89,821.42,344.95
823.46,308.64,829.02,308.32
829.56,307.66,830.24,308.94
830.05,309.23,830.24,308.94
829.56,307.66,830.05,309.23
829.38,308.01,830.05,309.23
799.38,374.62,799.58,375.74
829.56,307.66,829.38,308.01
767.61,353.80,764.89,351.92
802.54,382.83,802.76,382.49
814.98,382.72,815.44,382.99
789.03,382.53,788.82,382.20
836.88,396.48,819.68,396.48
820.25,373.60,822.35,373.09
823.78,308.41,824.43,309.66
827.45,391.16,827.52,390.20
821.77,325.35,821.56,325.49
811.51,380.33,811.53,380.50
792.65,371.30,792.69,377.64
829.55,435.25,829.88,435.77
788.63,382.63,788.47,382.39
822.23,372.99,824.21,372.17
768.44,353.47,765.99,351.02
819.37,360.72,819.16,355.53
824.88,319.47,824.88,320.30
824.52,343.33,826.87,336.84
823.54,308.77,824.20,309.96
823.46,309.18,823.54,308.77
828.39,327.42,828.90,327.22
800.42,375.70,800.62,375.21
818.45,342.19,819.19,342.41
797.23,378.04,795.42,382.34
830.43,339.14,830.73,339.03
818.34,380.62,818.26,380.49
822.93,393.73,824.19,392.18
828.21,416.86,828.45,416.88
821.77,323.82,821.56,323.72
830.96,354.30,831.78,355.26
825.24,394.06,824.65,398.08
827.59,307.73,832.90,306.88
808.36,350.34,806.96,351.91
826.63,393.56,826.17,395.19
823.14,341.44,822.75,341.33
827.31,325.45,824.42,343.18
832.19,307.43,828.42,307.43
831.20,421.46,832.12,422.01
830.95,330.53,830.86,331.65
833.32,306.80,828.42,307.43
830.28,309.52,830.46,309.23
792.15,383.29,792.94,382.26
818.13,370.78,818.90,367.98
798.85,371.11,799.72,373.52
825.20,309.88,830.46,309.23
827.53,413.93,828.44,414.48
783.23,382.49,784.48,383.45
830.28,309.52,830.20,309.86
824.96,310.18,830.28,309.52
824.89,310.51,824.96,310.18
827.59,307.73,827.44,307.04
821.99,337.38,822.04,337.38
823.10,395.84,823.42,395.96
830.73,330.53,830.95,330.53
818.48,348.46,820.31,348.42
792.65,371.30,804.63,371.65
783.35,381.95,781.97,369.81
827.97,307.51,827.44,307.04
793.89,384.44,793.85,383.60
791.28,376.56,790.64,375.31
828.42,307.43,828.10,306.93
832.02,306.93,828.42,307.43
783.23,382.49,784.44,382.87
828.41,333.82,828.28,333.82
830.62,341.09,829.72,341.13
810.83,378.84,811.30,378.25
830.24,308.94,832.57,307.09
800.11,383.78,801.31,382.83
800.11,383.78,800.83,382.73
830.05,309.23,830.46,309.23
759.03,350.02,762.11,350.51
804.82,377.04,804.60,377.46
788.75,384.21,787.76,384.40
830.28,309.52,830.05,309.23
831.40,351.17,831.27,351.17
829.96,309.55,830.28,309.52
830.20,309.86,830.28,309.52
829.96,309.55,830.20,309.86
793.98,377.92,793.49,382.11
825.20,309.88,827.09,307.27
817.31,339.19,817.51,339.31
818.37,349.67,765.99,351.02
789.21,377.69,788.69,375.70
831.66,323.80,831.96,323.82
824.96,310.18,825.20,309.88
824.43,309.66,825.20,309.88
828.90,327.35,829.38,327.47
828.45,416.88,829.13,416.39
824.96,310.18,824.43,309.66
830.22,320.41,831.66,323.80
805.16,379.17,805.58,379.39
795.20,383.68,796.41,382.54
828.21,416.86,828.73,416.35
824.20,309.96,824.96,310.18
828.41,327.55,828.90,327.35
814.87,360.67,814.67,360.44
807.38,360.00,807.72,362.16
830.65,331.64,830.86,331.65
827.41,392.21,826.89,391.26
836.05,342.18,822.84,341.75
828.30,302.88,832.92,302.83
831.44,439.23,831.82,438.89
831.31,342.73,832.42,343.01
827.10,305.26,827.09,307.27
813.87,363.24,813.16,368.26
750.56,353.80,749.06,356.74
810.07,348.95,810.70,346.66
826.97,378.03,827.18,377.17
822.68,342.46,823.23,342.68
827.76,398.28,827.57,396.01
815.76,380.44,815.71,381.10
823.95,405.37,823.74,405.28
803.48,377.96,803.66,377.81
830.77,323.81,831.08,323.80
826.41,423.65,827.11,424.46
828.30,302.88,828.25,303.00
828.30,302.88,833.04,302.99
825.02,345.32,836.71,344.90
830.90,339.26,831.16,339.52
815.83,371.18,815.78,371.13
818.39,369.05,816.61,369.57
828.30,302.88,833.02,302.87
823.25,324.48,836.22,324.66
782.48,368.63,792.08,370.93
825.52,348.05,827.76,350.64
827.95,304.42,827.81,304.64
822.79,341.53,822.79,341.77
830.77,432.06,831.17,432.11
803.36,378.33,803.48,377.96
827.65,392.49,834.34,393.88
832.95,304.64,827.81,304.64
820.76,348.21,823.82,348.68
829.76,341.71,829.80,341.77
832.87,304.21,828.02,304.21
828.31,391.32,834.91,392.49
804.48,363.13,804.31,363.13
827.95,304.42,828.02,304.21
818.48,371.54,820.33,371.99
792.80,378.01,792.93,377.86
830.12,430.83,830.49,430.11
830.62,341.09,831.49,341.64
827.92,304.17,832.16,302.38
831.07,343.06,829.94,342.33
815.96,371.86,816.01,371.89
828.50,334.09,828.03,333.61
830.43,343.06,830.34,342.91
836.06,332.28,825.08,344.34
827.86,304.35,827.76,304.52
786.58,377.56,786.45,377.70
828.39,333.95,829.03,334.23
823.35,364.15,823.39,364.55
823.98,371.58,823.99,372.12
827.86,304.35,832.32,303.74
786.19,371.11,787.43,377.40
827.50,377.32,827.31,378.11
830.62,341.09,830.34,339.29
827.92,304.17,827.86,304.35
804.48,370.42,815.81,370.68
822.46,338.92,822.59,337.10
802.07,377.54,800.77,377.49
827.48,304.77,832.05,304.15
828.49,302.64,828.30,302.88
831.77,304.47,832.05,304.15
818.26,379.24,819.31,371.86
827.11,305.10,827.48,304.77
823.79,342.37,835.85,342.56
786.76,378.02,786.45,377.70
822.79,341.53,822.75,341.33
815.21,380.45,814.92,379.24
822.79,341.77,822.99,342.26
817.79,370.42,816.36,370.33
787.73,369.81,787.73,384.01
829.09,307.91,829.28,307.57
789.32,374.64,789.29,375.10
813.59,378.95,813.76,379.66
791.88,382.83,792.07,382.39
823.39,394.98,823.29,395.47
823.83,395.06,825.56,393.56
794.26,384.70,793.41,385.03
822.84,341.75,822.79,341.53
823.46,308.64,829.09,307.91
812.86,378.25,815.00,378.25
788.44,375.46,788.61,375.73
798.97,377.61,799.01,378.12
821.12,396.72,821.63,393.46
828.90,327.35,829.38,327.47
823.71,308.29,823.46,308.64
803.92,377.86,804.11,377.64
827.47,336.19,828.68,337.92
828.49,302.64,832.43,302.09
824.08,409.97,827.80,409.41
833.07,302.64,828.49,302.64
828.49,302.64,828.26,302.72
822.16,335.53,821.47,335.53
813.24,371.16,813.40,368.67
827.97,409.87,824.33,410.62
769.11,356.74,767.10,354.13
831.31,342.73,831.04,343.04
828.56,410.12,827.97,409.87
822.79,341.77,822.84,341.75
831.67,341.68,831.53,342.27
828.87,444.58,834.33,442.72
782.36,369.82,783.08,377.40
829.49,410.21,828.56,410.12
829.28,307.57,831.77,304.47
824.07,320.32,824.88,320.30
791.15,384.50,790.20,384.58
828.02,304.21,828.25,303.00
791.79,384.41,790.88,384.33
792.70,384.60,791.75,384.68
825.49,350.91,824.53,350.83
830.43,339.14,830.73,339.03
823.56,397.97,823.17,395.72
822.35,373.09,825.55,373.20
830.07,411.20,830.75,410.71
824.13,371.99,825.44,372.02
821.15,324.64,821.20,325.08
816.55,336.00,816.93,335.80
819.42,357.48,819.13,357.36
819.13,357.36,819.10,357.40
812.68,376.29,812.89,376.69
805.99,370.93,819.97,369.48
823.27,404.85,824.25,404.59
828.02,304.21,828.14,302.94
815.96,371.86,816.00,371.74
828.50,334.09,827.94,333.49
801.97,378.30,801.96,377.93
802.15,384.74,803.18,383.76
817.15,355.34,817.48,355.24
823.47,320.33,824.07,320.32
816.91,385.75,830.16,386.64
827.95,304.42,828.02,304.21
825.68,350.91,826.15,350.96
830.16,339.45,830.43,339.14
831.73,364.52,830.94,365.44
799.91,382.59,798.54,382.51
828.76,327.35,829.25,327.47
818.52,371.15,818.48,371.54
822.29,404.45,823.27,404.85
820.48,338.53,821.47,338.73
822.48,396.24,822.97,395.42
827.52,330.77,827.41,329.66
831.20,366.49,830.10,367.43
796.41,382.54,796.57,382.29
816.91,385.75,826.12,388.90
821.41,403.43,822.29,404.45
827.95,304.42,827.92,304.17
818.65,363.49,819.65,364.42
815.79,372.53,817.78,372.69
829.31,426.36,829.77,425.59
827.76,304.52,827.86,304.35
803.46,383.99,804.67,383.03
817.35,355.67,817.22,356.17
829.38,425.92,829.77,425.59
827.81,304.64,827.86,304.35
813.58,379.17,813.36,379.54
827.81,304.64,827.95,304.42
814.36,359.15,814.40,358.65
826.32,344.39,826.49,344.43
788.71,384.48,787.76,384.40
827.76,304.52,827.81,304.64
817.26,334.35,817.79,333.18
804.82,378.84,804.60,378.41
811.41,371.38,814.85,368.71
787.67,377.61,787.77,375.66
819.72,340.81,820.60,341.36
804.82,377.04,804.68,376.82
828.22,333.63,827.65,332.84
822.11,397.34,822.44,397.00
824.72,350.84,825.68,350.91
826.66,398.20,826.57,399.51
788.75,384.21,787.85,384.14
824.99,395.40,826.26,395.66
827.48,304.77,827.76,304.52
805.33,378.08,805.62,377.92
814.83,381.00,814.97,381.60
820.19,399.96,820.64,401.83
818.98,360.77,821.33,360.78
823.14,333.17,822.75,333.32
805.10,376.39,804.82,377.04
802.07,377.54,800.77,377.49
817.59,362.49,818.19,362.38
827.53,304.89,827.48,304.77
782.36,369.82,783.95,371.05
827.44,332.93,827.37,332.69
829.32,320.45,830.77,323.81
817.79,370.42,817.68,371.65
817.87,341.53,817.29,340.93
820.19,321.73,821.05,320.91
830.90,339.26,831.16,339.52
800.35,373.33,800.52,373.64
820.71,323.65,820.51,324.08
830.62,341.09,831.53,341.05
824.69,402.34,823.94,402.61
827.11,305.10,827.10,305.26
804.98,378.03,804.85,377.87
835.63,342.36,823.47,342.46
819.19,342.41,818.50,341.72
830.62,339.19,830.90,339.26
822.17,341.01,822.38,340.90
797.68,385.16,796.70,385.25
792.08,370.93,804.13,371.42
830.16,339.45,830.43,339.14
824.76,405.00,823.27,404.85
794.18,384.43,793.27,384.50
799.75,373.78,799.87,374.18
803.86,377.84,803.92,377.86
820.56,351.84,821.60,352.82
827.99,328.61,828.27,328.89
821.96,401.81,823.51,401.45
830.03,353.78,830.15,353.92
821.42,395.23,823.45,394.58
823.46,308.64,823.71,308.29
823.00,337.35,823.04,332.49
799.96,373.20,799.66,373.61
810.99,363.62,810.69,363.75
830.09,339.57,830.34,339.29
814.98,361.54,815.98,362.84
791.38,375.34,790.38,374.34
830.50,320.46,830.01,319.69
811.70,365.32,811.14,365.57
829.89,340.00,830.09,339.57
820.71,331.66,821.12,331.31
829.80,340.50,829.94,339.92
825.50,352.31,825.73,352.48
827.37,328.65,827.68,328.53
814.83,379.68,814.79,380.34
835.98,328.56,824.66,329.41
821.14,399.42,821.03,397.96
822.86,320.87,823.09,320.93
828.27,328.89,828.45,328.68
829.28,307.57,829.09,307.91
811.29,379.23,811.30,379.91
829.76,340.54,829.89,340.00
821.47,335.53,821.82,334.10
817.06,355.57,817.06,360.71
813.96,380.88,813.97,380.77
755.94,350.51,753.16,351.92
788.46,373.56,788.65,374.05
813.65,351.42,812.41,352.86
820.86,353.42,821.78,354.92
811.74,349.26,813.42,349.39
818.50,337.26,816.55,338.74
829.09,307.91,829.38,308.01
830.62,342.99,830.90,342.89
829.03,334.23,829.22,334.26
827.64,342.91,827.60,343.19
827.35,331.82,827.27,330.76
824.95,345.00,824.87,344.94
794.10,377.56,794.31,377.40
788.83,370.84,792.08,370.93
826.09,400.75,825.61,401.31
784.92,377.99,785.41,382.20
816.84,334.74,817.79,333.18
843.07,331.07,820.23,331.07
829.56,307.66,832.00,304.60
813.20,363.24,813.87,363.24
750.47,353.47,748.90,356.57
797.22,385.02,798.19,385.10
821.42,325.13,821.23,325.56
830.03,333.48,829.55,334.02
789.17,375.49,789.00,375.74
782.48,368.63,801.28,369.07
815.63,357.98,816.44,358.35
829.72,341.13,829.76,340.54
801.02,385.38,823.64,386.88
823.99,372.12,825.87,371.67
808.70,347.07,810.77,346.58
821.59,355.13,821.09,355.26
800.11,383.78,801.31,382.83
822.77,399.29,822.66,397.97
832.00,304.60,831.77,304.47
825.54,321.38,820.18,343.36
819.65,355.16,817.73,355.18
805.64,376.12,812.08,376.39
829.94,339.92,830.81,339.72
813.53,381.81,814.33,382.36
791.38,383.67,790.18,382.73
830.03,333.48,830.24,333.50
820.58,394.05,821.76,394.12
819.31,371.86,819.71,372.30
828.27,332.33,828.45,332.53
826.04,371.05,824.21,372.17
812.02,348.69,813.79,347.01
821.56,324.61,821.56,323.72
830.41,332.66,830.62,332.68
815.56,360.25,815.03,360.52
836.18,329.87,824.51,329.82
799.74,382.48,799.99,378.17
790.02,382.48,789.64,382.59
827.10,391.20,826.89,391.26
823.42,395.96,824.33,395.02
823.02,342.18,822.84,341.75
830.95,330.53,830.65,331.64
799.17,382.63,799.38,382.30
816.82,370.45,818.28,371.67
827.37,328.65,827.68,328.53
839.68,352.83,817.13,352.83
811.41,371.38,810.33,379.24
789.67,377.71,789.99,377.66
813.58,381.52,813.45,380.96
801.82,377.77,800.55,377.71
830.09,342.65,830.16,342.78
825.67,418.83,826.00,418.81
802.94,366.39,801.40,363.36
821.42,324.00,821.23,323.61
818.50,337.26,820.48,335.76
815.10,357.54,835.62,355.96
788.54,383.26,787.57,382.45
823.86,394.84,823.10,395.84
818.50,337.26,817.29,333.73
796.46,382.71,796.77,382.41
823.86,394.84,823.42,395.96
811.30,379.91,811.29,380.88
821.23,367.46,820.80,366.64
830.43,343.06,830.09,342.65
823.74,367.94,823.89,367.99
830.34,342.91,830.09,342.65
830.62,341.09,830.90,339.26
827.92,304.17,832.32,303.57
822.84,333.12,822.79,333.12
804.41,378.53,804.68,379.07
826.12,419.58,826.00,418.81
831.68,366.97,830.50,367.98
828.41,333.82,828.90,333.95
822.86,324.66,821.18,320.87
828.70,331.98,828.45,332.53
817.30,357.09,817.22,357.10
804.68,379.07,811.11,379.38
800.52,377.69,800.73,374.63
821.42,344.95,821.18,344.44
822.75,333.32,822.84,333.12
824.28,371.65,827.18,377.17
814.98,361.54,815.33,363.05
791.38,375.34,790.31,374.98
824.52,343.33,826.32,344.39
817.50,357.49,817.41,357.52
811.60,377.33,810.83,377.64
825.62,394.29,824.92,395.34
812.85,354.51,815.94,355.53
822.82,341.40,822.75,341.33
827.44,328.42,827.68,328.53
812.08,376.39,812.37,376.77
830.44,368.29,829.29,369.92
796.53,383.76,794.93,383.66
792.76,382.49,791.52,383.45
799.38,374.62,799.87,374.18
806.06,377.94,804.60,377.46
835.16,344.66,824.87,344.94
805.39,353.81,804.57,355.78
827.52,330.77,827.60,329.65
795.10,383.22,794.85,382.89
800.41,368.63,800.04,368.80
827.09,307.27,827.44,307.04
782.36,369.82,783.82,369.89
831.49,341.64,831.36,342.17
786.76,378.02,786.77,377.66
822.79,341.77,823.34,342.24
765.10,360.00,766.57,360.00
789.37,371.21,788.46,373.56
822.99,342.26,823.34,342.24
802.62,370.84,800.41,368.63
817.06,360.71,818.89,360.71
812.37,379.73,812.68,380.19
824.53,369.20,824.71,369.20
830.50,320.46,830.22,320.41
828.03,333.61,828.50,334.09
789.57,384.63,788.60,384.71
823.36,397.92,824.11,397.44
822.68,342.46,822.45,341.91
821.33,355.30,818.98,355.33
821.60,352.82,820.98,353.78
811.60,379.16,811.54,379.81
823.47,342.46,823.82,342.44
821.22,355.15,821.33,355.30
815.35,366.17,815.53,365.91
820.52,353.48,820.07,354.56
799.07,385.26,798.19,385.10
836.06,342.44,823.47,342.46
828.03,333.61,828.22,333.63
820.12,369.07,819.97,369.48
831.15,325.75,827.93,325.98
811.35,347.84,812.02,348.69
801.93,384.48,800.79,384.85
821.32,400.11,820.08,397.91
805.10,376.39,811.54,376.67
823.72,396.30,824.76,395.51
829.76,334.05,829.03,334.23
810.96,372.69,811.66,371.31
832.13,365.40,831.20,366.49
826.88,332.11,826.72,331.46
823.73,400.80,823.01,400.65
821.33,355.30,821.33,360.78
804.68,376.82,804.60,377.46
817.08,360.77,818.98,360.77
827.20,393.98,826.24,396.15
783.77,377.87,785.74,382.02
828.28,333.82,827.13,332.61
795.20,369.82,796.68,369.89
822.32,353.30,825.47,353.31
825.54,321.38,824.42,343.18
823.00,337.35,822.38,340.90
822.43,396.41,823.05,394.71
817.90,370.33,816.36,370.33
800.30,375.61,800.07,375.90
791.16,384.55,792.44,384.95
829.14,366.70,832.28,366.69
800.04,368.80,797.37,370.69
831.61,335.79,831.61,326.67
797.09,385.26,798.08,385.34
822.38,340.90,821.98,339.25
816.36,370.33,816.31,370.42
817.22,360.91,817.22,356.17
811.68,361.89,812.12,363.74
823.37,309.04,823.37,319.50
799.65,368.42,797.37,369.89
827.31,325.45,828.01,325.83
805.64,376.12,805.16,376.70
819.87,337.26,822.07,340.58
820.96,325.73,820.70,325.60
803.18,383.76,803.46,383.99
820.58,337.14,820.48,335.76
808.33,376.03,808.16,376.40
828.27,332.33,827.99,332.65
822.67,399.91,822.45,399.00
796.37,383.99,795.15,383.03
827.98,333.38,827.63,332.67
823.47,327.62,823.82,327.60
802.15,384.74,801.93,384.48
820.48,338.53,820.58,337.14
805.42,371.30,804.11,377.64
813.86,377.92,817.78,377.81
801.93,384.48,803.18,383.76
801.56,383.66,803.18,383.76
819.72,340.81,820.18,339.80
822.84,341.75,836.23,341.75
801.93,384.48,800.31,384.38
819.14,341.48,819.72,340.81
828.64,329.92,828.69,330.58
822.12,398.72,822.45,399.00
801.72,383.88,802.93,382.93
790.00,383.35,787.57,382.45
799.38,382.30,799.99,378.17
826.73,330.06,826.87,329.46
818.50,337.26,819.14,341.48
818.10,373.77,823.43,373.70
826.68,330.72,826.73,330.06
813.20,363.24,812.82,362.45
767.10,354.13,764.89,351.92
795.80,384.85,794.42,384.76
822.52,340.84,822.12,339.21
826.32,344.39,826.02,344.71
813.56,371.05,816.98,372.84
827.98,328.05,828.41,327.55
781.32,380.80,783.67,380.93
818.50,341.72,817.87,341.53
799.87,374.18,799.91,374.64
828.27,328.89,828.49,329.34
786.76,378.02,788.10,377.72
823.02,342.18,835.63,342.36
821.36,325.39,821.20,325.08
829.15,435.19,829.55,435.25
827.09,332.40,826.87,331.95
819.42,360.78,821.30,360.72
823.25,324.48,831.20,323.78
812.38,380.71,812.46,380.76
829.12,319.92,823.29,320.48
830.21,318.84,824.88,320.30
823.14,337.31,821.99,337.38
827.95,417.56,828.28,417.55
825.01,386.45,801.02,385.38
804.17,382.93,804.38,382.59
822.45,341.91,822.45,328.18
800.13,373.21,800.23,373.10
827.37,332.69,827.68,330.65
824.08,319.50,824.07,320.32
812.68,376.29,814.82,376.29
818.98,355.33,818.98,360.77
824.61,389.53,826.30,389.08
822.12,335.53,822.52,333.85
762.34,349.98,762.11,350.51
800.36,377.85,800.38,378.19
784.92,377.99,785.15,377.94
827.27,428.34,827.15,427.62
821.63,347.97,823.53,347.82
822.82,327.72,823.31,327.87
827.60,343.19,826.43,344.02
827.33,330.76,827.41,329.74
828.83,435.62,829.15,435.19
788.28,382.51,787.82,378.12
827.68,330.65,827.09,332.40
824.02,405.58,824.98,405.09
822.18,335.50,835.54,335.50
822.18,335.50,822.58,333.79
827.30,371.58,829.12,370.78
823.11,341.69,836.73,341.69
798.64,378.14,798.63,377.77
827.41,331.77,827.33,330.76
822.04,337.38,835.40,337.38
811.38,380.90,814.58,380.61
830.65,331.64,830.22,332.58
816.96,355.50,819.71,362.01
810.73,378.24,811.37,377.77
835.40,337.38,822.18,335.50
799.62,382.90,799.91,382.59
819.61,357.07,819.56,357.36
820.41,354.68,823.57,354.69
829.02,318.83,829.10,319.70
822.18,339.24,822.04,337.38
829.23,351.91,830.36,353.75
824.70,391.44,825.85,390.42
821.33,355.30,821.22,355.15
812.41,352.86,811.42,354.49
810.70,346.66,810.77,346.58
794.29,369.83,795.24,369.89
835.54,339.24,822.04,337.38
817.29,361.26,817.91,361.20
823.02,327.90,836.05,327.90
836.18,329.87,824.51,336.99
829.40,333.88,829.55,334.02
819.88,355.21,821.22,355.15
822.52,333.85,822.58,333.79
830.41,332.66,829.86,333.36
827.13,332.61,826.87,331.95
815.78,371.13,816.46,371.53
816.53,364.17,818.73,364.74
830.54,355.75,830.80,356.87
822.82,342.36,823.31,342.17
759.98,354.87,765.52,354.79
825.02,345.32,836.71,344.90
827.44,332.93,827.13,332.61
820.18,343.36,820.70,325.60
822.12,335.53,822.18,335.50
830.73,330.53,830.45,331.60
820.53,362.40,820.41,362.66
830.53,330.53,830.73,330.53
805.62,377.92,817.68,371.65
830.65,329.42,830.53,330.53
788.51,376.02,788.28,376.12
819.61,357.07,817.72,357.09
818.96,371.18,815.83,371.18
799.97,355.80,803.50,357.85
811.82,371.18,812.81,373.51
830.03,327.67,830.22,328.53
831.50,362.14,831.19,364.25
821.29,320.39,820.19,321.73
803.29,369.61,809.38,371.12
822.51,399.86,822.81,400.20
829.86,327.80,830.22,328.53
829.40,327.34,829.55,327.20
829.32,308.43,829.96,309.55
812.86,377.19,816.91,377.37
823.23,327.40,822.68,327.63
828.50,334.09,829.03,334.23
829.03,327.07,829.40,327.34
791.88,382.83,791.71,382.58
822.82,341.40,836.20,341.40
789.53,377.85,789.85,377.80
822.99,335.18,822.57,333.47
813.98,381.60,814.97,381.60
822.50,393.57,823.08,393.27
822.46,335.30,822.07,333.69
755.94,369.49,756.69,367.18
792.49,377.84,792.69,377.64
835.58,391.32,828.31,391.32
832.87,304.42,827.95,304.42
819.13,371.74,819.29,371.68
819.23,360.91,819.23,355.17
827.27,330.76,827.35,329.70
822.89,342.39,837.07,342.40
800.52,377.69,800.62,375.21
823.44,342.36,822.99,342.26
818.27,380.07,818.26,380.49
819.71,368.68,819.78,368.80
793.94,384.21,792.62,384.83
816.09,354.33,815.20,355.97
823.47,342.46,823.44,342.36
823.99,372.12,825.87,371.67
829.71,366.24,828.58,368.08
823.71,308.29,827.11,305.10
821.92,324.13,821.77,323.82
818.43,379.22,818.35,380.06
824.80,400.76,823.83,400.63
803.66,384.21,804.94,383.22
832.16,302.38,828.14,302.94
821.82,360.92,819.80,356.15
816.00,371.74,819.13,371.74
826.88,382.96,827.50,383.20
827.58,332.75,827.35,331.82
831.50,357.86,831.19,355.74
828.39,333.95,828.90,334.08
827.92,384.18,829.35,370.68
826.53,390.70,825.57,391.16
788.02,376.00,787.77,375.66
826.87,331.95,826.73,331.37
830.03,333.48,829.40,333.88
821.30,364.87,821.78,365.08
804.12,356.87,804.31,356.87
817.31,335.61,817.69,333.98
810.52,380.38,810.82,380.59
817.06,367.27,820.42,367.27
829.47,377.43,827.50,377.32
829.69,333.26,829.25,333.76
814.50,358.21,814.67,357.85
816.72,349.19,818.48,348.46
829.76,341.71,829.72,341.13
827.30,348.42,829.06,349.15
829.28,307.57,829.56,307.66
803.78,371.27,804.13,370.33
818.55,380.45,815.21,380.45
819.19,355.54,819.21,357.07
830.26,331.57,830.04,332.50
811.85,347.73,813.84,346.90
806.73,372.11,813.21,373.07
832.76,381.85,830.87,382.03
830.26,329.52,830.34,330.54
818.11,379.22,818.03,380.06
826.97,379.94,827.31,379.87
830.04,328.61,830.26,329.52
825.67,418.83,826.12,419.58
822.50,393.57,823.18,393.37
831.24,325.59,832.73,324.16
789.29,375.10,789.17,375.49
825.85,381.29,827.18,380.82
829.69,327.91,830.04,328.61
819.84,355.15,819.48,355.26
788.33,375.06,788.44,375.46
814.98,379.22,814.91,380.06
813.97,380.77,813.82,380.62
827.50,328.80,827.84,328.05
837.14,332.22,822.95,332.23
822.79,341.53,822.82,341.40
827.84,328.05,827.98,328.05
769.65,363.38,769.62,360.00
826.72,331.46,827.28,331.77
788.81,374.62,788.61,373.50
827.28,329.74,827.41,329.74
831.16,342.60,830.90,342.89
831.15,325.75,827.40,336.04
785.64,383.57,786.82,383.94
827.41,331.77,827.20,330.76
827.20,330.76,827.33,330.76
784.44,382.87,783.35,381.95
784.44,382.87,785.64,383.57
827.50,332.67,827.63,332.67
799.57,382.73,799.74,382.48
827.84,333.38,827.98,333.38
826.92,402.68,827.32,400.54
788.81,375.83,789.00,375.74
821.47,341.90,822.07,340.58
815.10,360.75,815.33,360.67
829.25,333.76,828.76,333.95
836.18,329.87,824.51,336.99
829.52,445.86,829.93,445.87
783.08,377.40,783.05,377.90
802.51,366.64,800.90,363.49
820.96,325.73,820.70,325.60
817.60,338.97,817.49,337.39
813.91,378.25,817.98,378.43
818.02,384.07,817.24,384.18
830.26,331.57,828.70,331.98
818.50,337.26,819.14,332.97
810.83,377.64,811.37,377.77
817.38,384.58,817.24,384.18
823.75,399.94,824.80,400.76
797.73,384.98,799.03,385.38
829.76,327.18,830.03,327.67
823.09,320.93,829.41,320.17
825.04,381.44,814.49,380.88
828.86,331.31,830.26,331.57
827.19,350.35,828.04,352.54
829.03,327.07,829.22,327.04
820.57,385.87,821.88,386.28
824.55,401.98,825.03,400.97
792.93,377.86,792.69,377.64
830.26,329.52,828.92,330.57
830.65,341.88,829.75,341.13
821.70,372.07,823.54,371.30
825.61,346.87,823.99,347.88
783.78,377.51,783.77,377.87
820.80,366.64,818.30,369.15
812.68,380.19,808.51,379.86
822.07,372.27,822.15,371.73
827.73,384.07,829.00,370.74
822.82,333.26,822.84,333.12
827.68,330.65,828.27,332.33
829.69,327.91,828.70,329.18
793.71,382.24,793.33,382.36
822.86,324.66,823.25,324.48
819.87,337.26,817.69,333.98
819.97,369.48,818.12,371.27
805.62,377.92,805.42,371.30
828.64,331.24,828.49,331.84
812.66,366.89,813.85,368.29
785.53,383.07,784.57,382.26
828.76,327.35,828.14,328.36
825.56,393.56,826.14,392.12
797.37,370.69,800.04,368.80
768.10,353.56,765.28,351.47
827.79,328.27,828.76,327.35
828.49,331.84,828.70,331.98
762.63,370.41,765.28,368.52
824.50,393.46,825.32,392.04
799.35,370.75,800.41,368.63
827.44,328.42,828.28,327.55
802.62,370.84,799.35,370.75
827.84,328.05,827.44,328.42
795.84,377.47,795.65,377.26
826.88,332.11,826.73,331.37
822.45,328.18,822.68,327.63
819.71,355.38,817.38,355.38
823.04,332.49,822.95,332.23
826.88,329.32,827.50,328.80
827.28,329.74,826.88,329.32
795.20,369.82,796.56,371.05
831.20,323.78,823.25,324.48
827.54,368.74,829.18,368.79
835.63,342.36,823.44,342.36
805.16,379.17,805.10,379.49
797.55,384.92,796.59,385.00
804.39,355.75,804.12,356.87
795.20,383.68,796.46,382.71
783.44,377.92,783.93,382.11
824.20,309.96,824.11,310.29
829.55,327.20,829.86,327.80
814.87,360.67,815.03,360.52
829.76,381.19,829.47,380.58
804.48,363.13,805.71,363.92
817.91,357.49,817.50,357.49
820.19,343.51,821.29,344.89
831.49,340.46,831.53,341.05
823.53,372.17,824.13,371.99
819.34,343.18,819.03,342.83
819.34,331.43,820.23,331.07
830.49,425.20,830.82,425.71
795.15,383.03,794.99,382.78
825.86,401.60,824.65,398.08
832.02,306.93,828.10,306.93
813.65,356.20,813.79,355.97
816.84,334.74,817.29,333.73
826.88,329.32,827.09,328.98
789.81,383.57,788.63,383.94
827.50,377.32,827.18,377.17
826.73,330.06,826.87,329.46
826.73,330.06,826.72,329.99
797.22,385.02,797.32,384.75
815.93,359.15,815.56,358.05
806.68,372.03,806.73,372.11
823.25,361.37,815.70,358.20
792.10,381.95,791.01,382.87
787.73,369.81,791.01,382.87
826.68,330.72,826.73,330.06
826.73,331.37,826.68,330.72
827.98,328.05,828.28,327.55
818.13,349.22,819.89,348.49
817.37,337.42,817.51,335.51
815.53,365.91,815.10,360.75
828.90,327.22,829.03,327.07
827.58,398.28,827.33,396.03
814.96,347.64,816.97,346.80
828.03,327.83,828.39,327.42
798.77,377.40,797.62,377.34
799.89,373.31,800.13,373.21
830.33,341.60,829.82,342.83
783.35,375.31,783.35,380.61
824.38,401.20,823.83,400.63
822.23,347.01,821.70,347.93
769.11,363.26,769.01,360.00
827.68,332.77,828.14,332.88
811.35,347.84,810.32,349.73
781.97,369.81,783.81,369.83
801.93,384.48,800.88,385.13
826.15,357.89,826.49,360.00
821.32,400.11,820.25,399.99
821.23,325.56,820.18,343.36
826.90,378.98,827.24,378.99
756.03,349.44,752.81,351.14
784.79,377.63,785.03,377.57
749.53,363.08,751.85,362.33
794.31,377.40,794.55,377.21
821.71,373.07,823.70,372.25
786.33,382.29,781.99,381.46
817.22,357.10,817.02,355.56
798.15,382.39,798.64,378.14
793.98,377.69,792.69,377.64
821.20,352.49,821.23,352.54
800.88,385.13,799.91,385.22
822.52,333.85,823.14,333.17
828.44,435.96,829.15,435.19
823.71,308.29,827.11,305.10
765.68,368.86,767.61,366.19
827.99,332.65,828.14,332.88
827.15,427.62,827.09,427.14
803.74,356.87,803.50,357.85
818.13,349.22,820.25,351.23
835.85,327.40,823.23,327.40
818.12,371.27,817.89,371.42
828.22,327.81,828.70,327.26
823.70,392.70,823.86,393.16
824.89,310.51,830.20,309.86
819.13,371.13,818.96,371.18
829.40,327.34,829.86,327.80
783.35,380.61,783.67,380.93
804.50,357.85,804.33,360.00
755.94,369.49,759.03,369.98
811.22,347.75,809.38,348.88
785.41,382.20,785.57,382.45
825.66,364.17,821.78,365.08
788.75,384.21,788.71,384.48
814.98,379.22,816.01,371.89
796.22,382.11,796.82,378.02
799.35,370.75,797.37,370.69
827.44,328.42,827.79,328.27
770.48,361.61,765.10,360.00
797.37,377.54,797.23,378.04
815.93,360.51,816.13,360.44
805.01,350.85,802.51,353.35
827.50,381.52,827.91,381.99
827.35,331.82,827.27,330.76
790.69,377.54,790.90,377.77
828.70,331.98,830.04,332.50
823.47,327.62,835.70,327.62
789.57,384.63,788.71,384.48
822.68,342.46,821.18,344.44
822.99,327.83,823.47,327.62
808.64,347.15,810.70,346.66
826.03,381.52,826.57,381.52
829.82,327.91,830.17,328.61
819.87,337.26,820.71,331.66
822.86,324.66,823.23,327.40
826.17,413.30,826.49,413.80
818.50,332.79,819.14,332.97
764.89,368.07,767.10,365.87
820.25,373.60,818.10,373.77
836.18,344.31,824.51,344.74
816.45,337.37,816.55,336.00
827.28,331.77,826.67,330.73
792.02,379.39,791.38,380.65
814.20,378.63,813.98,379.09
824.88,321.12,824.88,320.30
823.34,327.80,822.99,327.83
810.69,363.75,811.42,365.51
749.06,363.26,750.56,366.19
825.26,351.94,826.71,352.40
828.64,329.92,828.86,329.84
799.38,375.83,799.58,375.74
821.30,355.32,821.30,360.72
805.64,379.76,806.09,379.47
811.94,368.37,812.08,368.25
799.65,368.42,797.77,368.42
793.26,383.56,790.66,382.63
825.34,399.67,825.44,398.21
831.96,323.82,824.87,324.44
811.85,377.92,815.90,378.11
827.09,393.88,826.65,395.43
785.15,377.94,785.74,382.02
750.38,366.43,752.89,368.52
827.37,328.65,827.44,328.42
830.09,339.57,830.34,339.29
809.05,353.73,808.22,355.73
828.50,436.45,829.13,436.50
816.53,370.24,817.64,369.08
827.84,333.38,826.88,332.11
836.38,328.38,825.02,329.24
829.22,327.04,829.76,327.18
820.75,349.07,819.72,352.09
835.85,327.52,823.31,327.52
822.89,342.39,822.83,342.36
788.22,378.09,788.10,377.72
818.50,337.26,817.29,340.93
831.20,411.99,831.07,412.74
818.50,337.26,817.87,341.53
830.62,341.09,830.09,339.57
792.67,384.41,792.87,384.17
819.29,371.68,819.73,372.15
827.58,328.73,827.94,327.95
799.38,374.62,799.00,375.46
822.38,340.90,823.00,337.35
805.01,369.15,802.51,366.64
824.08,409.97,830.24,406.21
805.99,370.93,820.12,369.07
820.65,324.65,820.71,324.15
828.14,328.36,829.25,327.47
827.15,427.62,827.51,428.37
787.73,369.81,792.10,381.95
826.33,397.13,826.14,398.91
830.34,342.91,830.62,341.09
790.69,377.54,789.40,377.49
783.35,381.95,784.44,382.87
824.04,324.46,823.48,324.46
825.61,346.87,825.87,348.33
826.02,344.71,826.32,344.39
821.84,337.41,821.98,335.56
827.68,330.65,826.87,331.95
815.44,360.52,815.63,360.32
792.76,382.49,791.01,382.87
827.13,332.61,827.84,333.38
768.10,366.43,769.11,363.26
818.13,351.45,839.08,351.45
789.92,382.90,788.58,382.82
795.80,384.85,793.09,384.00
787.26,381.46,786.01,382.10
827.98,333.38,828.41,333.82
786.33,373.70,785.07,374.34
816.93,338.97,816.81,337.39
827.37,332.69,827.09,332.40
811.54,376.67,811.94,376.99
791.63,383.46,790.18,382.73
826.91,352.57,830.05,352.58
821.97,324.57,821.92,324.13
790.31,380.93,790.31,374.98
819.87,337.26,822.59,337.10
826.13,418.06,826.45,417.62
828.31,391.32,827.65,392.49
822.12,339.21,822.52,340.84
828.10,306.93,832.02,306.93
813.86,378.57,813.91,378.25
829.10,319.70,829.32,320.45
822.46,335.30,822.07,333.69
788.61,373.50,788.81,373.41
827.90,390.88,827.21,392.12
821.99,337.38,822.12,339.21
827.44,307.04,828.10,306.93
828.49,329.34,828.70,329.18
755.86,370.41,759.08,370.54
828.67,389.90,827.90,390.88
822.12,335.53,823.14,337.31
822.99,327.83,822.79,328.39
811.95,363.76,812.69,365.53
799.17,384.75,800.79,384.85
820.18,339.80,820.48,338.53
824.65,398.08,824.07,402.09
794.00,384.53,794.92,384.61
830.20,309.86,830.21,318.84
820.31,371.58,820.16,372.12
827.86,304.35,827.95,304.42
824.03,391.79,823.06,391.43
821.20,324.20,821.36,323.86
826.88,382.96,827.91,381.99
813.16,368.26,812.49,368.26
789.40,377.49,789.21,377.69
804.04,356.87,804.48,356.87
815.94,373.60,821.26,373.88
832.10,343.36,830.73,343.15
821.76,335.51,822.17,333.77
821.20,324.20,821.15,324.64
823.14,337.31,822.52,333.85
830.04,332.50,829.69,333.26
823.58,409.81,822.47,409.33
825.08,344.34,824.85,344.33
821.56,324.61,821.36,325.39
825.07,405.31,824.02,405.58
830.98,323.87,831.20,323.78
824.51,381.44,825.04,381.44
828.28,327.55,828.76,327.35
822.82,333.26,822.84,333.12
820.61,342.13,819.93,342.13
827.12,421.99,827.52,422.04
831.46,434.01,831.87,434.06
830.94,323.64,830.98,323.87
821.56,324.61,821.92,324.13
805.43,368.69,805.24,369.05
804.27,357.87,803.83,357.85
821.59,355.13,821.09,355.26
828.47,430.78,828.87,430.83
823.47,319.51,823.47,320.33
821.47,332.44,820.71,331.66
814.86,350.07,815.25,350.51
815.53,365.91,847.93,366.39
782.90,382.21,783.23,382.49
823.44,327.73,835.70,327.62
804.63,371.65,815.81,370.68
819.61,357.07,819.61,355.21
815.70,382.89,815.68,382.54
813.42,370.60,811.74,370.74
814.92,368.61,816.38,369.85
828.64,329.92,828.69,330.58
799.17,382.63,799.74,382.48
821.12,396.72,821.87,393.57
756.96,355.85,755.83,356.99
814.39,379.59,814.25,379.28
820.19,399.96,820.99,399.44
803.18,383.76,802.54,382.83
807.38,360.00,807.72,357.84
769.11,356.74,768.52,356.91
802.15,384.74,800.88,385.13
799.61,375.88,799.45,375.57
823.00,337.35,822.38,333.87
827.35,427.56,827.47,426.81
787.84,373.31,787.68,373.61
822.58,333.79,835.96,333.79
792.49,377.84,792.69,377.64
831.87,439.01,832.06,439.32
789.92,382.90,789.64,382.59
817.19,360.00,817.91,358.80
826.67,330.73,827.20,330.76
811.43,379.51,810.52,380.38
824.51,329.82,824.51,336.99
815.93,359.15,815.34,358.73
829.46,445.11,829.52,445.86
825.54,321.38,821.23,323.61
810.98,380.73,811.61,380.76
836.38,328.38,825.02,329.24
823.51,401.45,822.57,402.52
828.05,352.85,832.28,353.31
823.71,308.29,823.78,308.41
820.18,343.36,820.96,325.73
816.49,371.38,816.29,367.25
832.87,304.21,828.25,303.00
821.10,323.62,821.23,323.61
830.35,410.67,830.75,410.71
819.87,331.43,820.71,331.66
828.87,444.58,833.74,442.19
802.08,371.21,800.73,374.63
830.09,425.15,830.49,425.20
794.46,384.09,793.45,382.93
824.90,332.27,824.85,344.33
789.37,371.21,790.69,377.54
798.85,371.11,797.62,377.34
828.15,431.21,828.47,430.78
822.86,324.66,823.11,324.33
814.87,360.67,813.13,363.20
795.75,385.04,794.77,385.12
821.05,344.40,821.29,344.89
828.92,330.57,830.34,330.54
825.64,398.81,825.58,400.73
829.89,342.24,829.76,341.71
814.39,379.59,814.25,379.28
822.46,338.92,822.99,339.03
822.50,369.61,828.58,368.08
787.26,374.22,787.92,374.89
827.47,370.45,827.64,370.93
830.80,360.00,830.58,360.00
806.34,368.08,807.74,369.72
816.69,381.09,816.56,381.68
821.42,325.13,825.54,321.38
830.42,357.85,830.20,356.87
804.91,370.99,806.73,372.11
830.90,362.13,830.67,363.13
825.12,394.84,824.33,395.02
830.24,333.50,829.55,334.02
816.29,367.25,819.64,367.25
827.50,332.67,827.28,331.77
822.75,333.32,822.82,333.26
825.77,371.15,827.47,370.45
803.36,378.33,803.72,378.01
805.34,378.46,805.33,378.08
802.07,377.54,802.08,371.21
820.51,324.08,820.71,323.65
824.52,343.33,826.02,344.71
805.42,371.30,803.86,377.84
805.01,369.15,802.94,366.39
830.67,363.13,830.20,363.13
801.85,365.08,801.88,367.94
805.35,368.79,805.01,369.15
831.53,339.84,831.49,340.46
828.68,337.92,826.32,344.39
810.96,372.69,815.15,370.75
826.88,332.11,827.50,332.67
798.97,384.76,797.68,385.16
826.55,396.87,826.66,398.20
819.24,385.10,820.57,385.87
819.45,360.72,821.30,360.72
811.29,380.88,811.89,381.56
823.10,320.33,823.29,320.48
828.86,329.84,830.26,329.52
827.75,367.67,826.71,367.60
784.07,380.65,783.67,380.93
822.90,332.26,822.17,333.77
821.84,337.41,821.98,339.25
830.81,435.27,831.17,436.02
800.77,377.49,800.52,377.69
818.50,337.26,819.72,333.57
802.08,371.21,800.77,377.49
831.36,342.17,831.16,342.60
830.00,353.48,830.94,354.56
821.56,324.61,821.20,324.20
803.79,370.24,804.13,370.33
810.52,380.38,810.98,380.73
793.79,385.04,794.88,384.89
828.28,333.82,827.44,332.93
831.53,341.05,831.49,341.64
819.87,343.08,819.87,337.26
819.87,337.26,817.31,339.19
830.65,341.88,830.59,341.14
827.68,330.65,827.68,332.77
828.39,327.42,828.50,327.28
818.94,357.54,819.00,357.48
811.94,376.99,811.11,377.10
828.70,329.18,828.64,329.92
830.62,341.09,831.49,340.46
817.79,370.42,829.35,370.68
831.16,339.52,831.36,339.93
793.53,369.81,794.29,369.83
810.41,363.79,811.70,365.32
787.71,375.12,787.61,374.59
824.65,398.08,824.69,402.34
786.53,384.02,786.38,384.24
822.48,396.24,822.54,396.18
822.58,340.91,822.52,340.84
825.24,331.94,836.22,331.94
828.50,327.28,828.90,327.22
829.18,351.23,828.87,351.84
795.84,384.80,794.88,384.89
826.73,331.37,826.72,331.46
829.32,320.45,823.37,320.32
830.62,339.19,830.90,339.26
818.21,360.00,818.31,361.18
825.24,370.26,823.54,371.30
823.31,342.56,823.31,342.17
829.30,320.03,828.97,319.76
828.92,330.57,828.64,331.24
787.67,377.61,788.28,376.12
813.50,381.49,813.88,380.35
822.07,340.58,822.57,340.79
829.76,340.54,829.89,340.00
829.40,319.70,829.33,318.85
821.80,347.09,820.83,348.05
826.14,398.91,826.09,400.75
821.12,343.11,821.93,342.19
819.77,371.58,820.33,371.99
792.49,377.84,792.93,377.86
821.73,371.95,823.16,369.75
815.33,363.05,814.98,361.54
759.98,354.87,765.52,354.79
815.25,369.49,816.72,370.81
827.99,328.61,828.27,328.89
801.52,356.68,801.13,358.32
821.63,372.02,821.73,371.95
797.55,384.92,796.70,385.25
830.73,339.03,831.04,339.11
799.91,382.59,799.01,378.12
821.59,337.12,821.47,335.53
810.70,346.66,811.82,348.81
826.15,362.11,826.32,362.12
827.50,328.80,827.63,328.80
823.47,327.62,823.44,327.73
803.72,378.01,803.92,377.86
828.14,328.36,828.27,328.89
822.79,333.12,822.75,333.32
836.06,332.28,825.08,332.28
791.16,377.71,789.99,377.66
822.57,333.47,821.93,332.13
820.52,366.53,821.59,367.19
782.71,376.56,784.07,375.34
823.48,324.46,823.36,324.45
827.28,331.77,827.41,331.77
827.63,332.67,827.41,331.77
801.72,383.88,801.70,384.09
759.03,352.45,759.98,354.87
792.70,384.33,793.27,384.50
813.79,380.33,813.41,380.34
828.64,331.24,828.86,331.31
234.01,461.38,275.26,298.84
831.04,343.04,830.73,343.15
828.30,302.88,828.26,302.72
827.93,325.98,827.31,325.45
815.70,358.20,815.80,358.65
831.18,429.62,831.50,430.14
821.56,324.61,821.77,325.35
835.54,335.50,822.58,333.79
823.37,319.50,823.37,320.32
813.48,379.10,817.78,379.06
822.18,339.24,835.54,339.24
790.90,377.77,789.67,377.71
828.28,327.55,828.41,327.55
811.81,372.17,811.85,372.27
829.89,342.24,829.94,342.33
494.76,483.16,615.10,230.02
824.30,352.40,825.73,352.48
799.38,374.62,798.85,374.60
827.94,333.49,827.58,332.75
786.82,383.94,788.00,384.67
816.45,337.37,816.81,337.39
804.82,378.84,806.06,377.94
815.10,370.34,811.74,370.87
821.98,339.25,821.62,337.42
830.45,430.00,830.78,429.57
821.92,325.02,821.97,324.57
801.56,383.66,802.54,382.83
808.64,347.15,808.70,347.07
827.79,333.02,827.68,332.77
821.10,323.62,821.36,323.86
823.00,360.00,822.86,361.75
828.27,328.89,828.49,329.34
820.18,334.53,821.13,334.10
812.15,367.21,812.66,366.89
832.10,343.36,831.74,343.49
811.94,376.99,811.60,377.33
819.87,331.43,820.23,331.07
824.66,345.15,836.34,344.73
820.19,343.51,821.05,344.40
804.48,370.42,804.63,371.65
799.57,382.73,799.74,382.48
811.61,380.76,811.38,380.55
818.28,371.67,820.16,372.12
827.09,328.98,827.37,328.65
827.68,328.53,827.99,328.61
836.22,331.94,825.24,331.94
829.40,319.70,829.10,319.70
785.26,383.29,785.07,383.49
814.92,379.24,814.85,380.07
822.10,395.70,820.21,395.84
801.00,360.00,800.63,360.00
786.53,384.02,787.76,384.40
829.69,327.91,829.82,327.91
830.50,320.46,831.96,323.82
817.40,355.33,817.72,355.23
811.54,379.81,812.08,380.09
805.41,377.69,805.18,377.92
790.31,380.93,787.92,374.89
819.45,360.72,821.30,360.72
811.37,378.73,811.30,378.25
817.37,337.42,821.62,337.42
831.05,365.32,830.15,366.08
792.28,382.73,792.07,382.39
813.13,363.20,815.35,366.17
829.38,327.47,829.69,327.91
832.49,368.16,831.11,369.76
813.59,378.95,813.71,379.63
791.88,382.83,791.71,382.58
820.87,396.68,821.63,393.46
829.25,327.47,829.38,327.47
791.16,377.71,789.99,377.66
826.72,331.46,826.68,330.72
821.82,355.14,820.81,355.14
793.75,377.87,794.57,382.02
829.82,412.64,830.34,413.15
824.51,329.82,835.98,328.56
831.20,388.82,829.54,388.69
817.37,337.42,817.51,335.51
783.77,377.87,784.36,381.94
823.25,324.48,835.98,324.48
830.41,328.44,830.45,329.47
812.86,378.25,815.18,379.81
791.71,382.58,791.21,378.30
828.90,327.35,829.25,327.47
825.55,373.20,827.56,372.36
822.79,341.77,823.14,341.75
827.76,304.52,832.28,303.90
794.60,378.03,794.42,377.87
784.07,380.65,785.07,381.65
827.68,330.65,826.73,330.06
821.82,340.19,821.13,340.19
835.96,340.91,822.18,339.24
798.97,377.61,799.41,374.58
791.55,382.70,791.08,378.28
828.76,327.35,828.90,327.35
